region,draw,spec,P50,k,P50_1,k1,P50_2,k2,s
China,0,one,53.444,1.19,,,,,
China,1,one,45.068,1.2302,,,,,
China,2,one,44.278,1.0897,,,,,
China,3,one,52.527,1.1671,,,,,
China,4,one,37.947,1.1888,,,,,
China,5,one,84.414,1.8136,,,,,
China,6,one,42.315,1.0087,,,,,
China,7,one,38.822,0.95702,,,,,
China,8,one,43.323,1.129,,,,,
China,9,one,39.635,1.1934,,,,,
China,10,one,37.833,1.2782,,,,,
China,11,one,47.527,1.4505,,,,,
China,12,one,53.046,1.0738,,,,,
China,13,one,73.902,1.9725,,,,,
China,14,one,37.175,0.94657,,,,,
China,15,one,41.834,1.0716,,,,,
China,16,one,48.555,1.025,,,,,
China,17,one,78.205,1.5389,,,,,
China,18,one,49.799,1.036,,,,,
China,19,one,44.43,1.0643,,,,,
China,20,one,44.295,1.0843,,,,,
China,21,one,79.255,1.6123,,,,,
China,22,one,83.918,1.6093,,,,,
China,23,one,80.897,1.6428,,,,,
China,24,one,61.605,1.3082,,,,,
China,25,one,58.113,1.0682,,,,,
China,26,one,38.765,1.087,,,,,
China,27,one,43.993,0.98135,,,,,
China,28,one,63.953,1.4461,,,,,
China,29,one,41.42,0.93193,,,,,
China,30,one,42.247,1.1379,,,,,
China,31,one,56.015,1.1727,,,,,
China,32,one,84.412,1.7882,,,,,
China,33,one,48.388,1.2176,,,,,
China,34,one,36.572,0.98626,,,,,
China,35,one,40.653,1.0044,,,,,
China,36,one,74.804,1.3724,,,,,
China,37,one,45.243,1.4383,,,,,
China,38,one,40.825,1.1634,,,,,
China,39,one,38.965,1.1873,,,,,
China,40,one,48.687,1.1976,,,,,
China,41,one,32.983,1.4685,,,,,
China,42,one,50.785,1.257,,,,,
China,43,one,48.85,1.1332,,,,,
China,44,one,45.89,1.0453,,,,,
China,45,one,46.845,1.0712,,,,,
China,46,one,43.965,0.96548,,,,,
China,47,one,45.466,1.1517,,,,,
China,48,one,44.951,1.0171,,,,,
China,49,one,79.789,1.5333,,,,,
China,50,one,49.451,1.117,,,,,
China,51,one,56.507,1.0618,,,,,
China,52,one,92.448,2.0401,,,,,
China,53,one,78.403,1.5012,,,,,
China,54,one,41.258,1.1802,,,,,
China,55,one,35.74,1.3375,,,,,
China,56,one,43.686,1.0036,,,,,
China,57,one,59.855,1.4604,,,,,
China,58,one,52.164,1.0679,,,,,
China,59,one,53.469,1.1251,,,,,
China,60,one,85.84,1.795,,,,,
China,61,one,83.393,1.7531,,,,,
China,62,one,70.218,1.4691,,,,,
China,63,one,73.313,1.452,,,,,
China,64,one,40.364,1.3425,,,,,
China,65,one,42.462,1.024,,,,,
China,66,one,56.717,1.3353,,,,,
China,67,one,73.477,1.6514,,,,,
China,68,one,37.965,1.035,,,,,
China,69,one,46.056,1.2049,,,,,
China,70,one,85.043,1.8006,,,,,
China,71,one,42.62,0.84969,,,,,
China,72,one,46.798,1.0914,,,,,
China,73,one,46.092,1.1904,,,,,
China,74,one,72.41,1.8431,,,,,
China,75,one,87.654,1.873,,,,,
China,76,one,50.138,1.0669,,,,,
China,77,one,41.185,1.1519,,,,,
China,78,one,43.771,1.2155,,,,,
China,79,one,40.383,1.0478,,,,,
China,80,one,85.519,1.7486,,,,,
China,81,one,44.171,1.205,,,,,
China,82,one,56.273,1.1872,,,,,
China,83,one,52.443,1.2081,,,,,
China,84,one,48.506,1.103,,,,,
China,85,one,58.105,1.3528,,,,,
China,86,one,86.101,1.9026,,,,,
China,87,one,41.785,1.0535,,,,,
China,88,one,69.177,1.7383,,,,,
China,89,one,83.117,1.6994,,,,,
China,90,one,65.909,1.5475,,,,,
China,91,one,55.935,1.6959,,,,,
China,92,one,48.942,1.2326,,,,,
China,93,one,86.497,1.8871,,,,,
China,94,one,47.18,1.1338,,,,,
China,95,one,64.54,1.3002,,,,,
China,96,one,62.188,2.0863,,,,,
China,97,one,82.295,1.6701,,,,,
China,98,one,37.785,1.0199,,,,,
China,99,one,41.595,1.2918,,,,,
China,100,one,49.113,1.2537,,,,,
China,101,one,58.048,1.3494,,,,,
China,102,one,65.456,1.6649,,,,,
China,103,one,65.47,1.6438,,,,,
China,104,one,38.06,1.0206,,,,,
China,105,one,38.613,1.0542,,,,,
China,106,one,57.468,1.3434,,,,,
China,107,one,87.207,1.9232,,,,,
China,108,one,40.806,1.1826,,,,,
China,109,one,76.441,1.4971,,,,,
China,110,one,72.347,1.5014,,,,,
China,111,one,84.796,1.7991,,,,,
China,112,one,82.465,1.6661,,,,,
China,113,one,88.863,2.0387,,,,,
China,114,one,71.211,1.7828,,,,,
China,115,one,67.107,1.7263,,,,,
China,116,one,47.712,0.93608,,,,,
China,117,one,37.474,1.0085,,,,,
China,118,one,49.243,1.2972,,,,,
China,119,one,65.699,1.2273,,,,,
China,120,one,84.18,1.8157,,,,,
China,121,one,48.484,1.0653,,,,,
China,122,one,76.756,1.9887,,,,,
China,123,one,55.708,1.0614,,,,,
China,124,one,51.45,1.1178,,,,,
China,125,one,36.446,1.0807,,,,,
China,126,one,46.887,1.2135,,,,,
China,127,one,52.059,1.0765,,,,,
China,128,one,45.217,1.0419,,,,,
China,129,one,41.394,1.2208,,,,,
China,130,one,49.2,1.252,,,,,
China,131,one,59.906,1.3485,,,,,
China,132,one,35.419,0.94129,,,,,
China,133,one,41.018,1.062,,,,,
China,134,one,85.046,1.8316,,,,,
China,135,one,55.272,1.0537,,,,,
China,136,one,43.63,0.95196,,,,,
China,137,one,87.474,1.9073,,,,,
China,138,one,74.268,1.4446,,,,,
China,139,one,85.936,1.8179,,,,,
China,140,one,59.844,1.2416,,,,,
China,141,one,47.812,1.076,,,,,
China,142,one,58.373,1.7832,,,,,
China,143,one,49.467,0.93952,,,,,
China,144,one,46.798,1.2273,,,,,
China,145,one,44.569,1.03,,,,,
China,146,one,67.092,1.27,,,,,
China,147,one,44.895,1.0589,,,,,
China,148,one,81.244,1.8566,,,,,
China,149,one,83.248,1.6939,,,,,
China,150,one,59.659,1.2025,,,,,
China,151,one,50.269,1.1763,,,,,
China,152,one,53.842,1.3778,,,,,
China,153,one,84.434,1.7339,,,,,
China,154,one,45.05,1.1968,,,,,
China,155,one,89.642,1.9818,,,,,
China,156,one,70.843,1.9501,,,,,
China,157,one,50.184,1.5452,,,,,
China,158,one,41.165,1.1993,,,,,
China,159,one,43.551,1.0088,,,,,
China,160,one,55.467,1.2141,,,,,
China,161,one,42.505,0.99516,,,,,
China,162,one,84.225,1.8361,,,,,
China,163,one,37.958,0.90676,,,,,
China,164,one,63.963,1.5009,,,,,
China,165,one,46.761,1.3093,,,,,
China,166,one,78.47,1.6096,,,,,
China,167,one,59.769,1.1377,,,,,
China,168,one,80.272,1.7113,,,,,
China,169,one,48.534,1.3882,,,,,
China,170,one,86.124,1.8674,,,,,
China,171,one,42.771,1.2434,,,,,
China,172,one,45.518,1.044,,,,,
China,173,one,46.446,1.1665,,,,,
China,174,one,62.767,1.4587,,,,,
China,175,one,57.681,1.3828,,,,,
China,176,one,67.172,1.5851,,,,,
China,177,one,44.934,1.2527,,,,,
China,178,one,50.002,1.1345,,,,,
China,179,one,52.95,1.0062,,,,,
China,180,one,83.257,1.7286,,,,,
China,181,one,86.987,1.9458,,,,,
China,182,one,46.766,1.2318,,,,,
China,183,one,77.966,1.5692,,,,,
China,184,one,36.704,0.93577,,,,,
China,185,one,50.417,1.1527,,,,,
China,186,one,62.214,1.3227,,,,,
China,187,one,37.751,0.90715,,,,,
China,188,one,84.531,1.7086,,,,,
China,189,one,38.47,1.249,,,,,
China,190,one,38.201,0.94621,,,,,
China,191,one,38.087,0.79574,,,,,
China,192,one,77.84,2.0114,,,,,
China,193,one,41.759,0.91594,,,,,
China,194,one,75.179,1.4845,,,,,
China,195,one,62.919,1.343,,,,,
China,196,one,37.994,1.2511,,,,,
China,197,one,40.626,1.1145,,,,,
China,198,one,52.431,1.1524,,,,,
China,199,one,40.652,1.0304,,,,,
China,200,one,39.858,1.1756,,,,,
China,201,one,43.265,1.115,,,,,
China,202,one,37.037,0.77626,,,,,
China,203,one,41.112,0.93361,,,,,
China,204,one,69.059,1.3738,,,,,
China,205,one,48.351,1.2109,,,,,
China,206,one,55.811,1.211,,,,,
China,207,one,57.41,1.3366,,,,,
China,208,one,49.133,1.2713,,,,,
China,209,one,52.259,1.189,,,,,
China,210,one,40.242,1.2187,,,,,
China,211,one,43.174,1.2182,,,,,
China,212,one,38.564,1.1694,,,,,
China,213,one,47.492,1.2403,,,,,
China,214,one,76.433,1.8852,,,,,
China,215,one,41.787,1.088,,,,,
China,216,one,60.585,1.2,,,,,
China,217,one,53.841,1.2762,,,,,
China,218,one,39.564,1.2185,,,,,
China,219,one,57.48,1.3087,,,,,
China,220,one,70.63,1.3284,,,,,
China,221,one,71.396,1.7821,,,,,
China,222,one,75.848,1.4814,,,,,
China,223,one,40.529,1.1603,,,,,
China,224,one,50.02,1.0768,,,,,
China,225,one,74.855,1.5944,,,,,
China,226,one,57.956,1.2356,,,,,
China,227,one,40.339,0.83108,,,,,
China,228,one,64.313,1.1954,,,,,
China,229,one,38.662,1.1762,,,,,
China,230,one,72.564,1.5936,,,,,
China,231,one,66.858,1.301,,,,,
China,232,one,54.182,1.039,,,,,
China,233,one,74.924,1.5827,,,,,
China,234,one,46.794,1.0476,,,,,
China,235,one,54.164,1.2587,,,,,
China,236,one,49.397,1.1512,,,,,
China,237,one,41.04,1.2014,,,,,
China,238,one,60.768,1.5551,,,,,
China,239,one,38.906,1.1906,,,,,
China,240,one,42.736,1.0487,,,,,
China,241,one,46.758,1.1208,,,,,
China,242,one,82.025,1.6695,,,,,
China,243,one,88.327,1.9574,,,,,
China,244,one,61.232,1.4073,,,,,
China,245,one,39.138,1.1726,,,,,
China,246,one,41.336,1.1304,,,,,
China,247,one,45.838,1.106,,,,,
China,248,one,41.359,0.98038,,,,,
China,249,one,44.042,1.1195,,,,,
China,250,one,45.357,1.2181,,,,,
China,251,one,62.473,1.4449,,,,,
China,252,one,87.912,1.9792,,,,,
China,253,one,84.914,1.7839,,,,,
China,254,one,71.131,1.3619,,,,,
China,255,one,44.631,1.2929,,,,,
China,256,one,49.305,1.0683,,,,,
China,257,one,63.84,1.6418,,,,,
China,258,one,51.866,1.1856,,,,,
China,259,one,49.524,1.1021,,,,,
China,260,one,82.689,1.7221,,,,,
China,261,one,79.898,1.6827,,,,,
China,262,one,68.509,1.4441,,,,,
China,263,one,43.048,0.99644,,,,,
China,264,one,47.196,1.1831,,,,,
China,265,one,66.06,1.518,,,,,
China,266,one,79.868,1.6418,,,,,
China,267,one,80.738,1.6299,,,,,
China,268,one,39.699,1.2159,,,,,
China,269,one,55.611,1.1895,,,,,
China,270,one,38.833,1.3722,,,,,
China,271,one,56.588,1.3292,,,,,
China,272,one,48.331,1.183,,,,,
China,273,one,44.705,1.0146,,,,,
China,274,one,40.906,1.0613,,,,,
China,275,one,51.534,1.2153,,,,,
China,276,one,82.091,1.7183,,,,,
China,277,one,74.124,1.4199,,,,,
China,278,one,83.413,1.8429,,,,,
China,279,one,71.628,1.9187,,,,,
China,280,one,72.642,1.4007,,,,,
China,281,one,83.073,1.7327,,,,,
China,282,one,83.048,1.7445,,,,,
China,283,one,49.715,1.1815,,,,,
China,284,one,67.393,1.286,,,,,
China,285,one,57.252,1.1131,,,,,
China,286,one,87.009,1.8387,,,,,
China,287,one,89.388,1.9319,,,,,
China,288,one,47.701,1.0372,,,,,
China,289,one,46.939,1.1661,,,,,
China,290,one,59.986,1.1151,,,,,
China,291,one,65.484,1.8939,,,,,
China,292,one,56.526,1.4719,,,,,
China,293,one,56.827,1.249,,,,,
China,294,one,57.899,1.4185,,,,,
China,295,one,48.085,1.1339,,,,,
China,296,one,47.303,1.2773,,,,,
China,297,one,80.776,1.6867,,,,,
China,298,one,39.49,1.1263,,,,,
China,299,one,50.812,0.95939,,,,,
China,300,one,71.922,1.5454,,,,,
China,301,one,36.107,1.2196,,,,,
China,302,one,58.145,1.1346,,,,,
China,303,one,45.371,0.89143,,,,,
China,304,one,44.7,1.0604,,,,,
China,305,one,46.951,1.1117,,,,,
China,306,one,53.667,1.3343,,,,,
China,307,one,41.725,1.0911,,,,,
China,308,one,63.516,1.3546,,,,,
China,309,one,59.925,1.1064,,,,,
China,310,one,76.061,1.5801,,,,,
China,311,one,41.881,1.2811,,,,,
China,312,one,91.952,1.8756,,,,,
China,313,one,38.663,1.1479,,,,,
China,314,one,66.533,1.472,,,,,
China,315,one,69.205,1.7175,,,,,
China,316,one,79.169,1.5949,,,,,
China,317,one,48.938,1.1179,,,,,
China,318,one,43.421,1.1081,,,,,
China,319,one,55.023,1.1635,,,,,
China,320,one,50.398,1.1381,,,,,
China,321,one,45.442,1.2722,,,,,
China,322,one,51.593,1.1548,,,,,
China,323,one,56.153,1.4185,,,,,
China,324,one,78.235,1.5532,,,,,
China,325,one,43.901,1.2078,,,,,
China,326,one,73.082,1.4186,,,,,
China,327,one,40.834,1.2782,,,,,
China,328,one,84.212,1.7722,,,,,
China,329,one,60.3,1.4898,,,,,
China,330,one,36.549,1.0004,,,,,
China,331,one,41.798,1.172,,,,,
China,332,one,43.997,1.1272,,,,,
China,333,one,76.403,1.5457,,,,,
China,334,one,79.884,1.6379,,,,,
China,335,one,73.104,1.4376,,,,,
China,336,one,40.633,1.1069,,,,,
China,337,one,86.575,1.936,,,,,
China,338,one,42.225,1.2196,,,,,
China,339,one,39.553,1.1242,,,,,
China,340,one,84.456,1.812,,,,,
China,341,one,42.9,1.2534,,,,,
China,342,one,87.752,1.9672,,,,,
China,343,one,47.104,1.0729,,,,,
China,344,one,41.146,1.0217,,,,,
China,345,one,38.929,1.1664,,,,,
China,346,one,59.868,1.2801,,,,,
China,347,one,38.876,0.93546,,,,,
China,348,one,39.385,1.2978,,,,,
China,349,one,82.622,1.6818,,,,,
China,350,one,43.138,1.0743,,,,,
China,351,one,77.187,1.7548,,,,,
China,352,one,76.772,1.8297,,,,,
China,353,one,54.322,1.2044,,,,,
China,354,one,35.02,1.3096,,,,,
China,355,one,65.993,1.3592,,,,,
China,356,one,68.116,1.462,,,,,
China,357,one,47.562,1.1221,,,,,
China,358,one,55.449,1.2473,,,,,
China,359,one,74.103,1.4233,,,,,
China,360,one,87.836,1.9665,,,,,
China,361,one,84.701,1.8674,,,,,
China,362,one,88.091,1.8954,,,,,
China,363,one,76.508,1.6532,,,,,
China,364,one,88.862,1.9442,,,,,
China,365,one,38.53,1.0545,,,,,
China,366,one,69.939,1.7492,,,,,
China,367,one,81.207,1.6412,,,,,
China,368,one,51.903,1.1201,,,,,
China,369,one,48.545,1.2882,,,,,
China,370,one,83.772,1.7795,,,,,
China,371,one,54.91,1.1388,,,,,
China,372,one,50.91,1.2103,,,,,
China,373,one,45.233,1.1524,,,,,
China,374,one,65.566,1.217,,,,,
China,375,one,76.27,1.4911,,,,,
China,376,one,43.037,1.218,,,,,
China,377,one,67.503,1.2885,,,,,
China,378,one,43.907,1.2315,,,,,
China,379,one,81.262,1.6433,,,,,
China,380,one,87.415,1.8248,,,,,
China,381,one,45.686,1.0495,,,,,
China,382,one,39.479,1.1471,,,,,
China,383,one,37.854,0.99186,,,,,
China,384,one,85.277,1.8326,,,,,
China,385,one,69.189,1.6531,,,,,
China,386,one,64.987,1.2448,,,,,
China,387,one,43.031,1.1415,,,,,
China,388,one,84.921,1.7437,,,,,
China,389,one,83.978,1.9959,,,,,
China,390,one,58.428,1.1789,,,,,
China,391,one,49.013,1.2865,,,,,
China,392,one,39.347,1.2459,,,,,
China,393,one,50.771,1.5519,,,,,
China,394,one,79.559,1.9023,,,,,
China,395,one,75.072,1.4732,,,,,
China,396,one,63.044,2.1357,,,,,
China,397,one,83.803,1.7155,,,,,
China,398,one,44.675,1.0476,,,,,
China,399,one,86.246,1.7974,,,,,
China,400,one,44.659,1.0547,,,,,
China,401,one,43.384,1.2774,,,,,
China,402,one,71.805,1.2926,,,,,
China,403,one,53.391,1.0019,,,,,
China,404,one,77.366,1.5514,,,,,
China,405,one,73.484,1.593,,,,,
China,406,one,43.537,1.2128,,,,,
China,407,one,38.867,1.1607,,,,,
China,408,one,86.723,1.861,,,,,
China,409,one,59.606,1.2976,,,,,
China,410,one,56.305,1.3488,,,,,
China,411,one,57.099,1.809,,,,,
China,412,one,80.584,1.6709,,,,,
China,413,one,69.864,1.3191,,,,,
China,414,one,71.995,1.6997,,,,,
China,415,one,41.658,1.3409,,,,,
China,416,one,58.044,1.0838,,,,,
China,417,one,45.491,1.1831,,,,,
China,418,one,50.559,1.2597,,,,,
China,419,one,42.496,1.2805,,,,,
China,420,one,64.183,1.5167,,,,,
China,421,one,84.429,1.9581,,,,,
China,422,one,79.801,1.6388,,,,,
China,423,one,67.819,1.4038,,,,,
China,424,one,59.822,1.1387,,,,,
China,425,one,47.572,1.2,,,,,
China,426,one,38.533,1.0768,,,,,
China,427,one,38.576,1.2444,,,,,
China,428,one,43.548,0.97317,,,,,
China,429,one,79.869,1.6216,,,,,
China,430,one,39.571,1.1642,,,,,
China,431,one,84.094,1.6999,,,,,
China,432,one,80.76,1.5702,,,,,
China,433,one,49.322,1.2117,,,,,
China,434,one,38.787,1.2945,,,,,
China,435,one,37.431,1.1843,,,,,
China,436,one,70.319,1.325,,,,,
China,437,one,63.925,1.2901,,,,,
China,438,one,48.974,1.0718,,,,,
China,439,one,37.439,1.154,,,,,
China,440,one,42.462,1.1461,,,,,
China,441,one,43.208,1.1479,,,,,
China,442,one,68.777,1.4979,,,,,
China,443,one,67.158,1.4364,,,,,
China,444,one,84.755,1.8274,,,,,
China,445,one,82.684,1.7776,,,,,
China,446,one,42.557,1.1678,,,,,
China,447,one,46.805,1.1513,,,,,
China,448,one,44.768,1.0566,,,,,
China,449,one,46.939,1.189,,,,,
China,450,one,64.236,1.2764,,,,,
China,451,one,42.134,1.0616,,,,,
China,452,one,83.381,1.9523,,,,,
China,453,one,49.632,0.96684,,,,,
China,454,one,52.555,1.1157,,,,,
China,455,one,36.839,1.2937,,,,,
China,456,one,50.284,1.2004,,,,,
China,457,one,77.552,1.5557,,,,,
China,458,one,73.173,1.544,,,,,
China,459,one,84.122,1.7465,,,,,
China,460,one,61.876,1.4336,,,,,
China,461,one,67.28,1.5311,,,,,
China,462,one,48.521,1.2758,,,,,
China,463,one,88.129,1.9029,,,,,
China,464,one,39.45,0.92434,,,,,
China,465,one,39.326,1.2367,,,,,
China,466,one,41.105,1.0483,,,,,
China,467,one,41.198,1.039,,,,,
China,468,one,41.62,0.85106,,,,,
China,469,one,66.266,1.2233,,,,,
China,470,one,45.281,1.1324,,,,,
China,471,one,47.851,1.2055,,,,,
China,472,one,52.189,1.1706,,,,,
China,473,one,45.532,1.0314,,,,,
China,474,one,86.304,2.2125,,,,,
China,475,one,82.501,1.6934,,,,,
China,476,one,86.094,1.8315,,,,,
China,477,one,37.665,1.2532,,,,,
China,478,one,55.007,1.2118,,,,,
China,479,one,52.726,1.2592,,,,,
China,480,one,42.754,1.0335,,,,,
China,481,one,75.654,1.4497,,,,,
China,482,one,45.921,1.0623,,,,,
China,483,one,64.569,1.5094,,,,,
China,484,one,59.485,1.3601,,,,,
China,485,one,82.379,1.6362,,,,,
China,486,one,67.8,1.5629,,,,,
China,487,one,39.051,1.1343,,,,,
China,488,one,37.248,0.97949,,,,,
China,489,one,81.016,1.6942,,,,,
China,490,one,41.045,1.1383,,,,,
China,491,one,74.361,1.4636,,,,,
China,492,one,88.116,1.9124,,,,,
China,493,one,79.379,1.5842,,,,,
China,494,one,60.707,1.2916,,,,,
China,495,one,56.902,1.7817,,,,,
China,496,one,88.414,1.9559,,,,,
China,497,one,88.443,1.8758,,,,,
China,498,one,82.704,1.8046,,,,,
China,499,one,88.374,1.9967,,,,,
China,500,one,50.956,1.2023,,,,,
China,501,one,37.289,1.1498,,,,,
China,502,one,86.714,1.9359,,,,,
China,503,one,50.218,1.2232,,,,,
China,504,one,49.279,1.0574,,,,,
China,505,one,40.616,1.3572,,,,,
China,506,one,50.838,1.2186,,,,,
China,507,one,69.787,1.353,,,,,
China,508,one,71.761,1.371,,,,,
China,509,one,50.886,0.95822,,,,,
China,510,one,60.199,1.4425,,,,,
China,511,one,83.242,1.7701,,,,,
China,512,one,53.707,1.0234,,,,,
China,513,one,60.193,1.2564,,,,,
China,514,one,54.598,1.1546,,,,,
China,515,one,45.149,1.1079,,,,,
China,516,one,41.613,1.1634,,,,,
China,517,one,41.2,1.2501,,,,,
China,518,one,43.533,1.1757,,,,,
China,519,one,67.508,1.8231,,,,,
China,520,one,87.139,1.8876,,,,,
China,521,one,69.28,1.7203,,,,,
China,522,one,61.196,1.3417,,,,,
China,523,one,53.88,1.2622,,,,,
China,524,one,51.913,1.2353,,,,,
China,525,one,46.383,1.138,,,,,
China,526,one,46.397,1.3183,,,,,
China,527,one,58.744,1.3855,,,,,
China,528,one,57.618,1.374,,,,,
China,529,one,76.204,1.3299,,,,,
China,530,one,52.048,1.1203,,,,,
China,531,one,35.752,1.3461,,,,,
China,532,one,56.068,1.1274,,,,,
China,533,one,42.241,0.95375,,,,,
China,534,one,35.151,1.3506,,,,,
China,535,one,82.518,1.7247,,,,,
China,536,one,67.572,1.8816,,,,,
China,537,one,44.623,1.2587,,,,,
China,538,one,83.083,1.7343,,,,,
China,539,one,54.485,1.2425,,,,,
China,540,one,38.602,0.79759,,,,,
China,541,one,43.185,1.2752,,,,,
China,542,one,60.282,1.4834,,,,,
China,543,one,85.966,1.7981,,,,,
China,544,one,36.109,1.2274,,,,,
China,545,one,44.068,1.0776,,,,,
China,546,one,51.212,1.0306,,,,,
China,547,one,86.093,1.8415,,,,,
China,548,one,39.48,0.97902,,,,,
China,549,one,44.883,1.1086,,,,,
China,550,one,47.156,1.1612,,,,,
China,551,one,37.156,1.2092,,,,,
China,552,one,47.977,1.0161,,,,,
China,553,one,52.639,1.2701,,,,,
China,554,one,69.82,1.6237,,,,,
China,555,one,47.917,1.4223,,,,,
China,556,one,87.229,1.9542,,,,,
China,557,one,66.578,1.2988,,,,,
China,558,one,64.552,1.4674,,,,,
China,559,one,94.864,1.9757,,,,,
China,560,one,70.453,1.3689,,,,,
China,561,one,80.754,1.5643,,,,,
China,562,one,44.3,1.0215,,,,,
China,563,one,41.579,1.1245,,,,,
China,564,one,54.385,1.0315,,,,,
China,565,one,52.658,1.2462,,,,,
China,566,one,47.188,1.0742,,,,,
China,567,one,75.463,1.5024,,,,,
China,568,one,73.67,1.749,,,,,
China,569,one,85.739,1.8404,,,,,
China,570,one,69.211,1.3149,,,,,
China,571,one,38.676,1.091,,,,,
China,572,one,40.122,1.1493,,,,,
China,573,one,53.199,1.1293,,,,,
China,574,one,38.54,1.1501,,,,,
China,575,one,60.819,1.6796,,,,,
China,576,one,78.214,1.4909,,,,,
China,577,one,53.608,1.2147,,,,,
China,578,one,41.226,1.0372,,,,,
China,579,one,52.091,1.1422,,,,,
China,580,one,56.979,1.223,,,,,
China,581,one,58.131,1.6482,,,,,
China,582,one,41.016,1.0964,,,,,
China,583,one,63.686,1.381,,,,,
China,584,one,73.345,1.3858,,,,,
China,585,one,67.464,1.6736,,,,,
China,586,one,43.308,1.2891,,,,,
China,587,one,39.99,1.033,,,,,
China,588,one,75.811,1.5369,,,,,
China,589,one,69.309,1.3684,,,,,
China,590,one,69.549,1.6564,,,,,
China,591,one,43.552,0.87011,,,,,
China,592,one,67.415,1.3682,,,,,
China,593,one,58.901,1.6808,,,,,
China,594,one,62.558,1.3403,,,,,
China,595,one,83.861,1.7904,,,,,
China,596,one,47.311,1.0906,,,,,
China,597,one,79.107,1.7158,,,,,
China,598,one,81.178,1.6269,,,,,
China,599,one,46.752,1.2433,,,,,
China,600,one,46.441,0.96409,,,,,
China,601,one,38.519,0.94754,,,,,
China,602,one,88.23,1.9475,,,,,
China,603,one,77.676,1.5903,,,,,
China,604,one,47.04,1.0879,,,,,
China,605,one,45.869,1.274,,,,,
China,606,one,76.673,2.275,,,,,
China,607,one,58.122,1.0701,,,,,
China,608,one,51.568,1.1396,,,,,
China,609,one,43.504,1.0743,,,,,
China,610,one,50.07,1.1523,,,,,
China,611,one,74.313,1.4843,,,,,
China,612,one,76.699,1.4812,,,,,
China,613,one,86.431,1.8423,,,,,
China,614,one,50.291,1.1474,,,,,
China,615,one,83.684,1.6975,,,,,
China,616,one,63.148,1.2067,,,,,
China,617,one,51.095,1.0372,,,,,
China,618,one,65.65,1.2677,,,,,
China,619,one,39.314,1.1452,,,,,
China,620,one,64.779,1.1543,,,,,
China,621,one,88.545,1.9632,,,,,
China,622,one,79.126,1.6829,,,,,
China,623,one,45.648,0.89883,,,,,
China,624,one,84.646,1.7881,,,,,
China,625,one,66.182,1.2584,,,,,
China,626,one,84.254,1.6964,,,,,
China,627,one,39.557,1.1776,,,,,
China,628,one,38.6,1.1182,,,,,
China,629,one,45.564,1.2245,,,,,
China,630,one,61.721,1.161,,,,,
China,631,one,66.319,1.2534,,,,,
China,632,one,46.599,1.014,,,,,
China,633,one,60.987,1.2391,,,,,
China,634,one,76.097,1.8369,,,,,
China,635,one,84.346,1.7992,,,,,
China,636,one,71.352,1.6496,,,,,
China,637,one,41.495,1.381,,,,,
China,638,one,56.064,1.2223,,,,,
China,639,one,42.246,1.0748,,,,,
China,640,one,47.274,1.3593,,,,,
China,641,one,37.331,1.2279,,,,,
China,642,one,42.727,1.0029,,,,,
China,643,one,53.918,1.2447,,,,,
China,644,one,74.985,1.4173,,,,,
China,645,one,74.952,2.122,,,,,
China,646,one,43.439,1.2024,,,,,
China,647,one,57.492,1.0497,,,,,
China,648,one,89.482,2.0135,,,,,
China,649,one,82.2,1.6708,,,,,
China,650,one,62.401,1.3654,,,,,
China,651,one,64.435,1.3443,,,,,
China,652,one,81.329,1.6568,,,,,
China,653,one,89.25,1.9915,,,,,
China,654,one,84.269,1.7371,,,,,
China,655,one,81.221,1.63,,,,,
China,656,one,87.585,1.9382,,,,,
China,657,one,49.5,1.1961,,,,,
China,658,one,57.973,1.2902,,,,,
China,659,one,69.573,1.6675,,,,,
China,660,one,39.36,1.1678,,,,,
China,661,one,43.051,1.1128,,,,,
China,662,one,47.876,1.0877,,,,,
China,663,one,40.535,1.0994,,,,,
China,664,one,87.481,1.8966,,,,,
China,665,one,74.472,1.6771,,,,,
China,666,one,79.156,1.5543,,,,,
China,667,one,41.933,0.9813,,,,,
China,668,one,80.416,1.7051,,,,,
China,669,one,44.499,1.2191,,,,,
China,670,one,69.477,1.5493,,,,,
China,671,one,61.241,1.2715,,,,,
China,672,one,72.732,1.6133,,,,,
China,673,one,35.679,0.77354,,,,,
China,674,one,82.979,1.7606,,,,,
China,675,one,65.703,1.9619,,,,,
China,676,one,38.204,1.0986,,,,,
China,677,one,46.546,1.1166,,,,,
China,678,one,82.421,1.6995,,,,,
China,679,one,55.924,1.3952,,,,,
China,680,one,39.209,1.2507,,,,,
China,681,one,40.969,0.83492,,,,,
China,682,one,42.019,1.1462,,,,,
China,683,one,87.88,1.8342,,,,,
China,684,one,82.873,1.6937,,,,,
China,685,one,43.346,1.1299,,,,,
China,686,one,67.998,2.0182,,,,,
China,687,one,54.618,1.1332,,,,,
China,688,one,41.128,1.1408,,,,,
China,689,one,53.873,1.2046,,,,,
China,690,one,83.022,1.756,,,,,
China,691,one,46.691,1.067,,,,,
China,692,one,38.259,1.0113,,,,,
China,693,one,87.447,1.8895,,,,,
China,694,one,69.295,1.5384,,,,,
China,695,one,86.46,1.8758,,,,,
China,696,one,78.539,1.4113,,,,,
China,697,one,54.705,1.2427,,,,,
China,698,one,44.107,0.99483,,,,,
China,699,one,44.884,1.1405,,,,,
China,700,one,65.068,1.3553,,,,,
China,701,one,38.627,1.2231,,,,,
China,702,one,67.462,1.4674,,,,,
China,703,one,87.265,1.8671,,,,,
China,704,one,54.328,1.2452,,,,,
China,705,one,71.921,1.7266,,,,,
China,706,one,43.148,0.8531,,,,,
China,707,one,52.159,1.146,,,,,
China,708,one,39.015,1.4307,,,,,
China,709,one,88.302,1.8475,,,,,
China,710,one,56.386,1.0824,,,,,
China,711,one,40.859,1.2528,,,,,
China,712,one,37.949,1.2757,,,,,
China,713,one,68.164,1.2331,,,,,
China,714,one,38.382,1.2718,,,,,
China,715,one,65.966,1.6803,,,,,
China,716,one,49.932,1.3057,,,,,
China,717,one,51.26,1.0997,,,,,
China,718,one,50.632,1.2405,,,,,
China,719,one,68.674,1.6563,,,,,
China,720,one,41.793,1.1074,,,,,
China,721,one,55.609,1.2009,,,,,
China,722,one,42.63,1.1882,,,,,
China,723,one,45.386,1.1461,,,,,
China,724,one,39.796,1.0467,,,,,
China,725,one,86.959,1.8744,,,,,
China,726,one,41.017,1.0008,,,,,
China,727,one,48.713,0.94939,,,,,
China,728,one,75.402,1.5161,,,,,
China,729,one,75.975,1.5375,,,,,
China,730,one,77.8,1.7075,,,,,
China,731,one,88.988,1.9828,,,,,
China,732,one,54.79,1.172,,,,,
China,733,one,39.48,1.1179,,,,,
China,734,one,44.058,1.2295,,,,,
China,735,one,47.087,1.1708,,,,,
China,736,one,81.238,1.7103,,,,,
China,737,one,39.735,1.2652,,,,,
China,738,one,62.582,1.1766,,,,,
China,739,one,60.748,1.2043,,,,,
China,740,one,39.164,1.0434,,,,,
China,741,one,44.67,1.1734,,,,,
China,742,one,40.917,1.0945,,,,,
China,743,one,70.581,1.2918,,,,,
China,744,one,44.259,1.0402,,,,,
China,745,one,49.957,1.1757,,,,,
China,746,one,56.356,1.1666,,,,,
China,747,one,44.903,0.92944,,,,,
China,748,one,43.151,1.2176,,,,,
China,749,one,46.131,1.1868,,,,,
China,750,one,44.856,1.2159,,,,,
China,751,one,46.514,1.131,,,,,
China,752,one,53.332,1.319,,,,,
China,753,one,44.246,1.072,,,,,
China,754,one,48.356,1.0661,,,,,
China,755,one,75.059,1.4525,,,,,
China,756,one,39.832,0.81278,,,,,
China,757,one,69.108,1.3534,,,,,
China,758,one,48.716,1.1709,,,,,
China,759,one,64.931,1.3713,,,,,
China,760,one,86.014,1.7787,,,,,
China,761,one,89.308,1.9405,,,,,
China,762,one,63.707,1.9109,,,,,
China,763,one,71.848,1.4081,,,,,
China,764,one,74.316,1.8823,,,,,
China,765,one,85.102,1.8396,,,,,
China,766,one,88.01,1.9484,,,,,
China,767,one,58.757,1.7968,,,,,
China,768,one,45.584,1.1691,,,,,
China,769,one,39.035,1.077,,,,,
China,770,one,84.345,1.8077,,,,,
China,771,one,56.06,1.1823,,,,,
China,772,one,58.964,1.2742,,,,,
China,773,one,51.164,1.26,,,,,
China,774,one,46.456,1.2041,,,,,
China,775,one,43.495,1.1991,,,,,
China,776,one,69.969,1.7548,,,,,
China,777,one,42.957,1.2229,,,,,
China,778,one,38.641,1.0657,,,,,
China,779,one,35.019,1.2041,,,,,
China,780,one,39.811,1.2963,,,,,
China,781,one,44.501,1.2403,,,,,
China,782,one,62.797,1.3244,,,,,
China,783,one,42.289,1.2065,,,,,
China,784,one,44.395,1.1053,,,,,
China,785,one,49.627,1.4772,,,,,
China,786,one,42.338,1.0204,,,,,
China,787,one,77.001,1.4751,,,,,
China,788,one,40.749,0.94547,,,,,
China,789,one,62.291,1.3605,,,,,
China,790,one,80.413,1.5489,,,,,
China,791,one,38.804,0.90595,,,,,
China,792,one,78.495,1.6221,,,,,
China,793,one,87.359,1.9572,,,,,
China,794,one,74.478,1.4098,,,,,
China,795,one,48.875,1.1935,,,,,
China,796,one,58.842,1.3073,,,,,
China,797,one,80.44,1.6319,,,,,
China,798,one,80.563,1.6366,,,,,
China,799,one,67.751,1.3548,,,,,
China,800,one,47.153,1.1661,,,,,
China,801,one,61.782,1.6281,,,,,
China,802,one,44.441,0.99391,,,,,
China,803,one,86.773,1.8287,,,,,
China,804,one,89.298,1.9895,,,,,
China,805,one,86.129,1.831,,,,,
China,806,one,47.221,1.1746,,,,,
China,807,one,45.678,0.99182,,,,,
China,808,one,39.658,1.113,,,,,
China,809,one,46.973,1.101,,,,,
China,810,one,47.407,1.3,,,,,
China,811,one,41.322,1.1821,,,,,
China,812,one,80.593,1.5762,,,,,
China,813,one,82.292,1.6871,,,,,
China,814,one,46.233,1.1748,,,,,
China,815,one,39.509,0.93745,,,,,
China,816,one,79.38,2.0272,,,,,
China,817,one,45.246,1.1249,,,,,
China,818,one,78.184,1.5384,,,,,
China,819,one,49.679,1.3867,,,,,
China,820,one,72.669,1.3564,,,,,
China,821,one,82.579,1.7131,,,,,
China,822,one,47.08,1.1113,,,,,
China,823,one,68.713,1.248,,,,,
China,824,one,72.193,1.3683,,,,,
China,825,one,68.712,1.2792,,,,,
China,826,one,50.644,1.1531,,,,,
China,827,one,53.819,1.3027,,,,,
China,828,one,78.744,1.5277,,,,,
China,829,one,88.128,1.6931,,,,,
China,830,one,42.753,1.1782,,,,,
China,831,one,60.683,1.2821,,,,,
China,832,one,46.303,1.0957,,,,,
China,833,one,44.23,1.1632,,,,,
China,834,one,40.415,1.188,,,,,
China,835,one,44.268,1.2252,,,,,
China,836,one,42.862,1.2391,,,,,
China,837,one,53.249,1.1931,,,,,
China,838,one,50.068,1.1513,,,,,
China,839,one,83.604,1.7989,,,,,
China,840,one,62.485,1.4678,,,,,
China,841,one,73.763,2.223,,,,,
China,842,one,44.613,1.0606,,,,,
China,843,one,81.044,1.624,,,,,
China,844,one,63.982,1.5948,,,,,
China,845,one,65.985,1.351,,,,,
China,846,one,93.409,1.7368,,,,,
China,847,one,55.806,1.1977,,,,,
China,848,one,53.593,1.2105,,,,,
China,849,one,40.602,1.3014,,,,,
China,850,one,54.611,1.1915,,,,,
China,851,one,72.725,1.4028,,,,,
China,852,one,48.341,1.1953,,,,,
China,853,one,55.516,1.4474,,,,,
China,854,one,40.993,1.2373,,,,,
China,855,one,84.927,1.7605,,,,,
China,856,one,47.659,1.386,,,,,
China,857,one,77.75,1.6986,,,,,
China,858,one,77.177,1.9116,,,,,
China,859,one,62.019,1.245,,,,,
China,860,one,86.451,1.8432,,,,,
China,861,one,47.847,1.1653,,,,,
China,862,one,40.402,1.1274,,,,,
China,863,one,43.589,1.1992,,,,,
China,864,one,36.874,0.77356,,,,,
China,865,one,49.538,1.362,,,,,
China,866,one,37.503,1.0634,,,,,
China,867,one,89.218,1.8759,,,,,
China,868,one,57.461,1.1623,,,,,
China,869,one,40.457,1.1007,,,,,
China,870,one,84.292,1.788,,,,,
China,871,one,77.345,1.5509,,,,,
China,872,one,38.034,1.2849,,,,,
China,873,one,41.517,1.1563,,,,,
China,874,one,74.208,1.7061,,,,,
China,875,one,34.89,1.3188,,,,,
China,876,one,48.548,1.2676,,,,,
China,877,one,74.428,1.4214,,,,,
China,878,one,44.212,1.1951,,,,,
China,879,one,58.097,1.1586,,,,,
China,880,one,78.962,1.5903,,,,,
China,881,one,86.291,1.971,,,,,
China,882,one,68.177,1.853,,,,,
China,883,one,73.203,2.0296,,,,,
China,884,one,76.41,1.4652,,,,,
China,885,one,46.517,1.1678,,,,,
China,886,one,36.339,1.0513,,,,,
China,887,one,80.495,1.6336,,,,,
China,888,one,38.118,0.98925,,,,,
China,889,one,73.58,1.5678,,,,,
China,890,one,45.015,1.1364,,,,,
China,891,one,79.954,1.7367,,,,,
China,892,one,45.167,1.1744,,,,,
China,893,one,48.036,0.99052,,,,,
China,894,one,39.738,1.2792,,,,,
China,895,one,38.572,0.90839,,,,,
China,896,one,43.567,1.2571,,,,,
China,897,one,57.085,1.4929,,,,,
China,898,one,82.921,1.7415,,,,,
China,899,one,85.84,1.8908,,,,,
China,900,one,49.67,1.2823,,,,,
China,901,one,88.536,1.9599,,,,,
China,902,one,63.164,1.2293,,,,,
China,903,one,32.423,0.96365,,,,,
China,904,one,44.421,1.2975,,,,,
China,905,one,53.429,1.138,,,,,
China,906,one,47.393,1.2866,,,,,
China,907,one,44.083,1.1334,,,,,
China,908,one,81.306,1.6563,,,,,
China,909,one,83.75,2.0521,,,,,
China,910,one,70.421,1.3276,,,,,
China,911,one,46.699,1.0255,,,,,
China,912,one,47.107,1.0805,,,,,
China,913,one,46.751,1.2034,,,,,
China,914,one,35.638,0.84063,,,,,
China,915,one,81.736,1.641,,,,,
China,916,one,70.158,1.3634,,,,,
China,917,one,87.186,1.9142,,,,,
China,918,one,65.391,1.3031,,,,,
China,919,one,81.24,1.6728,,,,,
China,920,one,56.993,1.4543,,,,,
China,921,one,41.744,1.0643,,,,,
China,922,one,48.829,1.1395,,,,,
China,923,one,85.917,1.8621,,,,,
China,924,one,44.453,1.1925,,,,,
China,925,one,66.877,1.2317,,,,,
China,926,one,38.89,1.214,,,,,
China,927,one,39.873,1.2426,,,,,
China,928,one,90.694,2.0558,,,,,
China,929,one,85.109,1.5614,,,,,
China,930,one,56.71,1.5372,,,,,
China,931,one,35.259,0.88549,,,,,
China,932,one,53.169,1.1128,,,,,
China,933,one,41.775,1.1921,,,,,
China,934,one,45.736,1.1694,,,,,
China,935,one,80.181,1.7102,,,,,
China,936,one,42.054,1.3205,,,,,
China,937,one,85.767,1.7764,,,,,
China,938,one,44.728,1.1783,,,,,
China,939,one,47.443,1.2224,,,,,
China,940,one,83.566,1.7236,,,,,
China,941,one,43.583,1.0375,,,,,
China,942,one,58.402,1.3298,,,,,
China,943,one,44.686,1.1172,,,,,
China,944,one,72.558,1.7294,,,,,
China,945,one,83.365,1.6981,,,,,
China,946,one,66.155,2.0662,,,,,
China,947,one,75.768,2.0728,,,,,
China,948,one,40.495,1.2835,,,,,
China,949,one,72.909,1.5989,,,,,
China,950,one,50.704,1.1915,,,,,
China,951,one,69.744,1.707,,,,,
China,952,one,54.053,1.0073,,,,,
China,953,one,73.576,1.4305,,,,,
China,954,one,66.373,1.3694,,,,,
China,955,one,47.601,1.2033,,,,,
China,956,one,82.69,1.6749,,,,,
China,957,one,52.709,1.1436,,,,,
China,958,one,81.134,1.5109,,,,,
China,959,one,77.446,1.5633,,,,,
China,960,one,39.25,1.0432,,,,,
China,961,one,47.572,1.1511,,,,,
China,962,one,68.299,1.9958,,,,,
China,963,one,87.557,1.8802,,,,,
China,964,one,78.313,1.5777,,,,,
China,965,one,33.6,0.85878,,,,,
China,966,one,78.636,1.5889,,,,,
China,967,one,39.927,1.1861,,,,,
China,968,one,36.442,1.2694,,,,,
China,969,one,46.94,1.1551,,,,,
China,970,one,50.809,1.2375,,,,,
China,971,one,42.965,0.95882,,,,,
China,972,one,82.909,1.9093,,,,,
China,973,one,83.336,1.7501,,,,,
China,974,one,86.089,1.8535,,,,,
China,975,one,59.106,1.3436,,,,,
China,976,one,49.161,1.1175,,,,,
China,977,one,52.15,1.0984,,,,,
China,978,one,87.239,1.752,,,,,
China,979,one,39.196,0.98632,,,,,
China,980,one,73.842,1.4491,,,,,
China,981,one,46.613,1.3214,,,,,
China,982,one,70.382,1.3136,,,,,
China,983,one,56.868,1.0536,,,,,
China,984,one,72.82,1.5735,,,,,
China,985,one,49.265,1.2346,,,,,
China,986,one,82.006,1.6676,,,,,
China,987,one,75.008,1.6697,,,,,
China,988,one,75.888,1.5597,,,,,
China,989,one,48.462,1.2199,,,,,
China,990,one,50.169,1.0669,,,,,
China,991,one,39.183,1.2105,,,,,
China,992,one,70.814,1.327,,,,,
China,993,one,81.544,1.6234,,,,,
China,994,one,55.285,1.2732,,,,,
China,995,one,74.621,1.8677,,,,,
China,996,one,45.941,0.95276,,,,,
China,997,one,67.858,1.5273,,,,,
China,998,one,48.345,1.0895,,,,,
China,999,one,37.834,1.0764,,,,,
China,1000,one,87.688,1.9503,,,,,
EU,0,two,,,63.614,1.1839,137.52,7.6107,0.28137
EU,1,two,,,86.253,1.1013,112.98,6.8117,0.55447
EU,2,two,,,70.313,1.3465,138.42,8,0.26325
EU,3,two,,,87.918,1.638,145.51,5.1874,0.29563
EU,4,two,,,32.418,10,205.96,3.41,0.39765
EU,5,two,,,59.072,1.1511,141.51,8,0.27844
EU,6,two,,,59.872,1.3258,149.24,8,0.31384
EU,7,two,,,68.677,1.2021,138.27,6.5132,0.28614
EU,8,two,,,19.542,8.862,174.84,2.5872,0.53017
EU,9,two,,,59.474,1.1935,137.28,8,0.28684
EU,10,two,,,60.725,1.0404,127.05,7.2139,0.37067
EU,11,two,,,70.724,1.2649,140.73,4.8208,0.3078
EU,12,two,,,70.408,1.2991,119.58,8,0.44189
EU,13,two,,,22.126,10,228.1,2.6737,0.45232
EU,14,two,,,56.644,1.2308,170.94,6.3165,0.2268
EU,15,two,,,94.723,1.2724,109.78,8,0.51008
EU,16,two,,,35.285,10,165.79,1.8006,0.3935
EU,17,two,,,70.575,1.2557,116.32,8,0.4389
EU,18,two,,,57.909,1.3261,155.36,8,0.22687
EU,19,two,,,75.507,1.1498,128.52,3.7624,0.55242
EU,20,two,,,82.734,1.4583,139,4.5964,0.3764
EU,21,two,,,22.003,4.5133,187.86,2.8622,0.44066
EU,22,two,,,79.08,1.3915,125.98,8,0.19343
EU,23,two,,,103.1,1.2216,108.24,8,0.46353
EU,24,two,,,52.142,1.2562,156.63,8,0.28927
EU,25,two,,,32.269,10,230.51,2.6337,0.41916
EU,26,two,,,22.894,9.7161,178.78,8,0.38364
EU,27,two,,,102.9,1.446,111.74,8,0.38129
EU,28,two,,,73.259,1.0481,116.52,5.9075,0.59428
EU,29,two,,,34.651,10,220.17,2.1253,0.38211
EU,30,two,,,17.008,0.5,125.29,3.7417,0.73046
EU,31,two,,,63.689,1.2769,136.39,8,0.33236
EU,32,two,,,21.709,10,212.9,3.0408,0.41853
EU,33,two,,,64.577,0.77768,116.48,5.4147,0.62488
EU,34,two,,,68.056,1.1704,134.96,3.7323,0.52335
EU,35,two,,,52.227,1.2994,141.66,5.8578,0.43002
EU,36,two,,,56.326,1.0523,134.94,7.2473,0.37148
EU,37,two,,,30.483,10,220.06,2.9082,0.42119
EU,38,two,,,82.598,1.3057,125.03,5.4705,0.4862
EU,39,two,,,19.787,0.5,122.76,4.1496,0.7186
EU,40,two,,,33.471,10,226.68,2.3536,0.40337
EU,41,two,,,57.201,1.0914,139.07,6.8594,0.31333
EU,42,two,,,92.164,1.4587,126.44,4.4912,0.40956
EU,43,two,,,50.135,1.2181,174,8,0.18226
EU,44,two,,,76.877,1.1213,119.84,5.3807,0.57464
EU,45,two,,,93.985,1.0934,110.6,8,0.49268
EU,46,two,,,50.611,1.206,173.25,8,0.19119
EU,47,two,,,57.224,1.228,135.09,8,0.38568
EU,48,two,,,51.9,1.1007,139.21,7.7594,0.3838
EU,49,two,,,55.545,1.0007,126.31,8,0.32798
EU,50,two,,,32.909,10,219.88,2.7094,0.39915
EU,51,two,,,63.007,1.2917,146.54,8,0.25771
EU,52,two,,,15.029,0.5,125.94,3.647,0.72858
EU,53,two,,,101.65,1.4096,111.4,8,0.41816
EU,54,two,,,34.758,10,232.02,2.0566,0.38251
EU,55,two,,,52.406,1.4001,155.65,8,0.31663
EU,56,two,,,18.918,0.5,123.9,4.0568,0.72212
EU,57,two,,,35.212,10,211.69,1.9883,0.37455
EU,58,two,,,55.932,1.0869,145.62,6.0526,0.23233
EU,59,two,,,58.634,0.97186,119.35,8,0.38059
EU,60,two,,,64.91,1.2087,144.68,8,0.22604
EU,61,two,,,22.131,10,220.69,3.0297,0.44257
EU,62,two,,,60.799,1.2231,149.27,6.8727,0.21479
EU,63,two,,,25.444,8.4003,210.57,3.0688,0.40842
EU,64,two,,,52.193,1.1549,157.55,8,0.22472
EU,65,two,,,65.052,1.0221,125.95,4.7653,0.57999
EU,66,two,,,71.576,1.1456,123.49,7.2824,0.40757
EU,67,two,,,106.33,1.6177,111.62,8,0.31208
EU,68,two,,,70.116,1.4283,125.42,8,0.36049
EU,69,two,,,45.487,1.1611,174.3,8,0.22971
EU,70,two,,,49.997,1.0751,160.92,6.3228,0.2671
EU,71,two,,,25.639,3.5336,233.32,1.9178,0.33953
EU,72,two,,,54.826,0.89023,126.81,4.2376,0.59492
EU,73,two,,,21.094,4.5404,172.47,2.3185,0.49508
EU,74,two,,,34.12,0.73281,130.38,3.7122,0.66655
EU,75,two,,,61.643,1.1175,136.87,6.488,0.33538
EU,76,two,,,76.111,1.1094,119.97,5.4263,0.54808
EU,77,two,,,68.998,1.518,137.46,8,0.078138
EU,78,two,,,106.93,1.6715,112.25,8,0.27164
EU,79,two,,,72.773,1.1221,124.76,7.9973,0.32222
EU,80,two,,,34.964,10,219.07,2.0177,0.37641
EU,81,two,,,34.533,7.5157,135.42,1.334,0.41826
EU,82,two,,,35.184,5.9484,122.7,1.3109,0.41073
EU,83,two,,,34.734,10,202.55,1.8813,0.3922
EU,84,two,,,50.036,1.265,176.62,6.0735,0.17875
EU,85,two,,,97.563,1.0459,108.9,8,0.48574
EU,86,two,,,22.434,10,205.95,3.5618,0.42582
EU,87,two,,,32.082,10,225.5,2.5234,0.41251
EU,88,two,,,35.374,10,213.69,1.5912,0.38624
EU,89,two,,,34.819,10,203.32,1.9432,0.38045
EU,90,two,,,60.208,1.1941,134.69,7.907,0.30834
EU,91,two,,,43.365,1.0829,179.29,8,0.21373
EU,92,two,,,33.476,10,220.1,2.4425,0.39481
EU,93,two,,,95.814,1.0697,108.2,8,0.53535
EU,94,two,,,69.965,0.5,108.35,8,0.60407
EU,95,two,,,89.179,1.5296,118.41,6.7204,0.46505
EU,96,two,,,94.228,1.2481,109.85,8,0.5286
EU,97,two,,,73.656,1.1775,118.29,8,0.34289
EU,98,two,,,67.982,1.2514,123.17,8,0.38707
EU,99,two,,,67.098,1.0907,113.62,8,0.47262
EU,100,two,,,34.75,10,215.75,1.858,0.39104
EU,101,two,,,22.324,10,212.78,3.2305,0.42679
EU,102,two,,,60.961,1.3901,159.42,8,0.25496
EU,103,two,,,82.887,0.84067,108.47,8,0.60292
EU,104,two,,,46.82,0.68319,122.4,4.0376,0.68292
EU,105,two,,,56.946,1.1989,141.96,7.7784,0.35269
EU,106,two,,,22.676,10,179.71,7.0369,0.37938
EU,107,two,,,91.423,1.5024,123.86,5.885,0.38117
EU,108,two,,,72.185,1.1773,119.17,8,0.36787
EU,109,two,,,33.195,10,231.93,2.2157,0.41195
EU,110,two,,,33.351,10,210.14,2.5571,0.38782
EU,111,two,,,68.218,1.3172,141.73,5.6377,0.26927
EU,112,two,,,79.852,1.0847,117.31,5.9837,0.54366
EU,113,two,,,52.629,1.3078,154.09,8,0.3126
EU,114,two,,,51.447,1.3294,172.28,7.2213,0.26386
EU,115,two,,,56.561,1.2282,174.72,8,0.18417
EU,116,two,,,32.067,10,222.25,2.7321,0.41051
EU,117,two,,,72.457,1.2665,133.83,8,0.22943
EU,118,two,,,48.357,1.1792,164.69,5.1862,0.24937
EU,119,two,,,49.438,0.84618,126.58,4.5393,0.61555
EU,120,two,,,34.069,10,221.27,2.4858,0.38879
EU,121,two,,,34.201,7.4536,164.25,1.3228,0.40974
EU,122,two,,,45.078,0.5,111.44,6.7435,0.68098
EU,123,two,,,22.859,9.6925,218.29,3.0244,0.43766
EU,124,two,,,67.69,1.4445,142.85,8,0.25556
EU,125,two,,,58.927,1.1738,132.64,7.1016,0.394
EU,126,two,,,77.539,0.87803,116.41,5.399,0.59184
EU,127,two,,,102.71,1.4404,111.81,8,0.38187
EU,128,two,,,51.102,1.2441,188.17,8,0.13818
EU,129,two,,,71.16,0.94955,117.77,5.496,0.60262
EU,130,two,,,35.597,10,155.38,1.3686,0.41868
EU,131,two,,,69.706,1.172,122.4,8,0.31234
EU,132,two,,,60.551,1.0783,120.99,8,0.33144
EU,133,two,,,97.449,0.99368,108.23,8,0.49591
EU,134,two,,,34.305,5.4014,126.9,1.3181,0.39893
EU,135,two,,,64.378,0.77738,116.41,5.4324,0.62647
EU,136,two,,,69.004,1.221,127.14,8,0.2715
EU,137,two,,,70.437,1.2853,132.66,8,0.28009
EU,138,two,,,61.78,1.202,142.12,8,0.26208
EU,139,two,,,46.16,0.80026,123.61,4.6812,0.63814
EU,140,two,,,60.605,1.114,134.09,6.9208,0.33778
EU,141,two,,,75.844,1.3184,139.51,4.2936,0.42685
EU,142,two,,,23.282,9.9981,175.77,1.9151,0.39592
EU,143,two,,,33.917,10,211.82,2.7221,0.38211
EU,144,two,,,59.334,1.1199,125.23,8,0.28283
EU,145,two,,,85.505,1.1532,114.74,6.7441,0.5333
EU,146,two,,,35.014,7.8133,144.64,1.3296,0.40406
EU,147,two,,,67.092,1.4779,139.06,8,0.30742
EU,148,two,,,33.825,10,215.82,2.3386,0.39042
EU,149,two,,,54.796,1.0873,146.87,6.537,0.28847
EU,150,two,,,6.5675,10,132.45,2.9263,0.83266
EU,151,two,,,32.558,10,219.39,2.7136,0.40486
EU,152,two,,,22.382,10,212.69,3.0525,0.41814
EU,153,two,,,79.942,1.0831,116.16,5.5277,0.61326
EU,154,two,,,22.375,10,180.08,8,0.40809
EU,155,two,,,94.702,1.3523,112.37,8,0.45236
EU,156,two,,,34.864,10,225.97,1.9556,0.38458
EU,157,two,,,71.307,1.3206,134.9,6.343,0.31512
EU,158,two,,,73.527,1.0752,117.66,8,0.37458
EU,159,two,,,22.236,10,223.13,2.9014,0.44565
EU,160,two,,,88.197,1.3225,120.7,5.4139,0.48615
EU,161,two,,,69.345,1.0279,126.7,4.812,0.5592
EU,162,two,,,68.479,1.1103,117.89,8,0.43817
EU,163,two,,,57.443,1.0779,136.42,6.6022,0.35202
EU,164,two,,,32.18,10,233.45,2.3875,0.42493
EU,165,two,,,25.836,8.0673,209.02,3.2218,0.40874
EU,166,two,,,57.89,0.94636,122.13,8,0.33186
EU,167,two,,,55.743,1.1551,148.4,6.9992,0.28316
EU,168,two,,,30.015,10,212.98,2.9508,0.40916
EU,169,two,,,29.109,0.5,117.39,4.9701,0.71956
EU,170,two,,,74.298,1.2908,127.42,8,0.24083
EU,171,two,,,51.714,1.158,154.53,7.2712,0.27095
EU,172,two,,,107.15,1.5883,112.48,8,0.32751
EU,173,two,,,60.885,0.99673,123.19,5.2824,0.59455
EU,174,two,,,31.243,10,207.66,3.4095,0.40787
EU,175,two,,,53.319,1.0912,144.14,5.1436,0.35879
EU,176,two,,,66.08,0.97972,123.91,8,0.33548
EU,177,two,,,53.559,1.2946,179.93,6.1573,0.15124
EU,178,two,,,55.912,0.90259,120.3,8,0.31597
EU,179,two,,,76.37,1.1282,120.71,8,0.28405
EU,180,two,,,47.105,1.0686,145.25,3.8162,0.54948
EU,181,two,,,20.097,5.7444,169.02,2.2003,0.52094
EU,182,two,,,34.687,10,205.46,1.9505,0.3858
EU,183,two,,,70.393,1.2379,120.86,8,0.39361
EU,184,two,,,65.507,1.3862,169.66,5.4134,0.22998
EU,185,two,,,31.958,10,183.48,7.6231,0.39942
EU,186,two,,,47.886,0.83014,128.37,3.6583,0.65242
EU,187,two,,,64.027,1.4268,159.46,8,0.23182
EU,188,two,,,62.309,1.3027,143.35,8,0.31471
EU,189,two,,,54.241,0.97876,133.37,3.8053,0.58842
EU,190,two,,,33.483,10,218.83,2.4293,0.39706
EU,191,two,,,37.808,0.5,116.65,4.7687,0.71735
EU,192,two,,,41.029,0.71116,122.7,4.7251,0.6697
EU,193,two,,,23.219,3.8604,233.22,2.2622,0.33362
EU,194,two,,,23.895,3.6197,167.97,1.9105,0.45439
EU,195,two,,,21.43,4.5997,177.52,2.353,0.44271
EU,196,two,,,50.283,0.83426,128.71,3.798,0.62643
EU,197,two,,,32.785,10,209.77,2.453,0.39002
EU,198,two,,,72.652,1.2977,136.72,8,0.23325
EU,199,two,,,70.65,0.77785,111.7,6.9785,0.62488
EU,200,two,,,67.497,0.95778,118.43,8,0.36164
EU,201,two,,,20.925,5.6142,193.15,5.9799,0.41537
EU,202,two,,,78.898,1.4296,138.35,5.3882,0.3852
EU,203,two,,,22.425,10,182.19,7.2648,0.39853
EU,204,two,,,105.77,1.5236,111.04,8,0.32164
EU,205,two,,,56.624,1.2273,144.11,8,0.32717
EU,206,two,,,50.356,0.82051,127.75,4.1596,0.63515
EU,207,two,,,30.122,10,225.34,2.6544,0.42836
EU,208,two,,,33.599,10,218.23,2.4239,0.39652
EU,209,two,,,73.429,1.3506,140.03,7.0831,0.25168
EU,210,two,,,47.911,0.87464,127.48,4.7628,0.61236
EU,211,two,,,77.688,0.97128,117.42,4.9484,0.61884
EU,212,two,,,34.591,10,206.07,1.9685,0.38536
EU,213,two,,,62.141,1.4578,129.43,8,0.35914
EU,214,two,,,60.561,1.1135,141.11,8,0.28405
EU,215,two,,,77.451,1.1854,121.77,8,0.34305
EU,216,two,,,69.655,1.3136,139.79,7.6995,0.1944
EU,217,two,,,62.558,1.3557,150.94,8,0.28214
EU,218,two,,,61.931,1.2817,155.34,8,0.12175
EU,219,two,,,106.06,1.5665,111.34,8,0.34159
EU,220,two,,,32.768,10,221.31,2.7404,0.40107
EU,221,two,,,42.959,0.69824,123.57,4.2558,0.68099
EU,222,two,,,60.823,1.0331,124.75,8,0.35076
EU,223,two,,,22.473,10,206.59,3.5446,0.4311
EU,224,two,,,75.352,1.2662,122.61,8,0.2558
EU,225,two,,,31.934,10,214.96,2.6858,0.40133
EU,226,two,,,34.932,10,221.48,2.1396,0.37531
EU,227,two,,,33.213,10,209.81,2.6773,0.39265
EU,228,two,,,33.144,10,220,2.7515,0.39795
EU,229,two,,,31.01,10,230.95,2.4454,0.43328
EU,230,two,,,55.564,0.77887,120.06,4.7449,0.64905
EU,231,two,,,57.723,1.1829,155.92,8,0.227
EU,232,two,,,33.185,10,219.16,2.3949,0.39681
EU,233,two,,,58.934,1.0705,130.89,4.8938,0.5457
EU,234,two,,,60.501,1.3652,145.43,7.5479,0.31934
EU,235,two,,,58.077,1.2542,156.6,6.1443,0.31256
EU,236,two,,,59.162,1.1847,150.69,8,0.26394
EU,237,two,,,67.178,1.2175,133.66,8,0.28332
EU,238,two,,,70.299,1.1872,130.97,4.4642,0.5049
EU,239,two,,,22.534,0.5,122.56,4.0442,0.72132
EU,240,two,,,48.831,1.0074,126.42,5.2195,0.60982
EU,241,two,,,34.13,10,218.7,2.3864,0.38325
EU,242,two,,,58.856,1.1891,144.39,8,0.24933
EU,243,two,,,22.174,10,174.17,8,0.41198
EU,244,two,,,33.514,10,214.09,2.7193,0.38496
EU,245,two,,,63.703,1.0551,125.78,8,0.40859
EU,246,two,,,35.119,10,214.99,1.9619,0.37484
EU,247,two,,,65.981,1.3128,136.04,8,0.22727
EU,248,two,,,67.023,1.0811,119.38,5.5498,0.61283
EU,249,two,,,16.135,0.5,124.98,4.1412,0.70095
EU,250,two,,,45.983,0.92238,137.19,7.5602,0.39385
EU,251,two,,,62.015,1.2549,131.74,8,0.30797
EU,252,two,,,34.895,10,215.32,1.9849,0.37862
EU,253,two,,,95.55,1.0594,109.5,8,0.47701
EU,254,two,,,69.642,1.3973,135.39,8,0.3117
EU,255,two,,,10.423,0.5,132.2,3.2958,0.72046
EU,256,two,,,57.742,1.1652,142.33,8,0.28434
EU,257,two,,,66.877,0.78398,116.6,5.3833,0.61041
EU,258,two,,,66.38,1.0184,119.37,8,0.34784
EU,259,two,,,59.525,1.2846,150.76,7.6701,0.23426
EU,260,two,,,31.511,10,229.21,2.5702,0.42409
EU,261,two,,,66.894,1.1053,116.54,8,0.30003
EU,262,two,,,73.082,1.2329,122.85,8,0.26138
EU,263,two,,,47.101,1.3846,171.8,8,0.27631
EU,264,two,,,57.074,1.1033,126.33,5.3402,0.57976
EU,265,two,,,55.252,0.95297,127.23,8,0.26683
EU,266,two,,,35.336,10,143.27,1.4211,0.42219
EU,267,two,,,63.886,1.0794,132.21,8,0.30097
EU,268,two,,,65.115,1.1921,125.56,8,0.38368
EU,269,two,,,67.479,0.86136,115.18,5.6727,0.64886
EU,270,two,,,32.875,10,217.41,2.378,0.40445
EU,271,two,,,32.401,10,228.2,2.4441,0.41468
EU,272,two,,,104.14,1.4767,110.29,8,0.36552
EU,273,two,,,33.753,10,223.44,2.5214,0.39403
EU,274,two,,,34.915,10,191.95,1.9248,0.38154
EU,275,two,,,60.207,1.2169,134.82,8,0.30535
EU,276,two,,,48.973,0.85946,127.9,4.3706,0.60931
EU,277,two,,,56.334,0.8513,117.88,8,0.48579
EU,278,two,,,78.142,1.1127,112.29,8,0.35682
EU,279,two,,,60.63,0.5,110.8,7.1953,0.62141
EU,280,two,,,33.414,10,212.48,2.8143,0.39065
EU,281,two,,,58.598,1.3787,147.26,8,0.30347
EU,282,two,,,72.317,1.2078,121.92,8,0.38404
EU,283,two,,,67.392,1.2516,128.28,7.5675,0.41843
EU,284,two,,,49.247,1.3207,152.75,8,0.35044
EU,285,two,,,56.11,0.83648,118.86,5.5162,0.64003
EU,286,two,,,84.092,1.3413,128.84,4.4459,0.44143
EU,287,two,,,32.037,10,225.57,2.5295,0.4147
EU,288,two,,,56.364,1.3972,181.47,8,0.19084
EU,289,two,,,63.17,0.98301,120.54,8,0.38405
EU,290,two,,,57.604,0.98272,124.19,5.1284,0.59854
EU,291,two,,,94.428,1.161,110.3,8,0.48454
EU,292,two,,,33.965,10,221.13,2.475,0.38894
EU,293,two,,,62.745,0.79666,118.61,4.7207,0.64117
EU,294,two,,,33.191,10,231.91,2.2155,0.41201
EU,295,two,,,57.138,1.1167,156.95,6.0493,0.23762
EU,296,two,,,67.881,1.0179,126.73,7.6474,0.31297
EU,297,two,,,24.593,8.8872,211.64,2.9106,0.40999
EU,298,two,,,37.463,0.6677,125.65,3.9844,0.66965
EU,299,two,,,52.986,1.3202,183.74,5.9357,0.18731
EU,300,two,,,41.734,0.91373,134.74,3.6101,0.62078
EU,301,two,,,84.99,1.1611,121.92,4.4771,0.5322
EU,302,two,,,62.38,0.88179,121.88,4.8404,0.59259
EU,303,two,,,70.743,1.189,121.58,8,0.41674
EU,304,two,,,18.199,0.5,124.86,3.9838,0.71057
EU,305,two,,,63.935,1.2626,146.68,8,0.21613
EU,306,two,,,35.204,10,195.35,1.8305,0.38136
EU,307,two,,,33.377,10,226.59,2.359,0.40431
EU,308,two,,,61.801,0.99896,127.68,3.861,0.60129
EU,309,two,,,56.049,1.2069,146.55,8,0.2902
EU,310,two,,,52.8,1.1835,177.43,7.9816,0.17094
EU,311,two,,,61.584,1.4085,148.86,8,0.29625
EU,312,two,,,77.299,1.1511,117.8,8,0.30684
EU,313,two,,,22.37,10,172.56,8,0.40321
EU,314,two,,,28.607,0.5,118.59,5.0194,0.69638
EU,315,two,,,35.936,9.9183,166.74,1.3941,0.39683
EU,316,two,,,49.043,1.0954,164.72,6.3335,0.24937
EU,317,two,,,33.243,10,211.57,2.6883,0.39056
EU,318,two,,,71.567,1.1605,127.89,8,0.21147
EU,319,two,,,73.365,0.99276,116.13,8,0.43179
EU,320,two,,,65.507,1.1851,125.11,7.2689,0.38458
EU,321,two,,,42.128,1.0363,180.53,8,0.18298
EU,322,two,,,20.994,5.094,202.78,2.6016,0.42443
EU,323,two,,,46.042,0.96973,135.01,5.809,0.416
EU,324,two,,,33.595,10,177.59,1.9667,0.37787
EU,325,two,,,56.277,1.2529,149.78,8,0.26555
EU,326,two,,,44.348,1.1378,168.07,8,0.26413
EU,327,two,,,102.18,1.4139,111.11,8,0.4178
EU,328,two,,,35.413,10,225.18,1.9211,0.37037
EU,329,two,,,67.52,1.4342,146.29,8,0.28335
EU,330,two,,,52.635,0.81064,124.42,3.9547,0.65875
EU,331,two,,,35.413,0.78726,134.75,3.3687,0.65236
EU,332,two,,,32.679,10,229.75,2.3957,0.41445
EU,333,two,,,90.766,0.98453,110.67,8,0.48837
EU,334,two,,,33.527,10,212.21,2.6728,0.38483
EU,335,two,,,66.17,1.0847,125.21,8,0.30256
EU,336,two,,,68.16,0.99261,121.25,8,0.3213
EU,337,two,,,57.822,1.1651,137.11,6.5795,0.30956
EU,338,two,,,22.205,10,195.25,4.2821,0.39612
EU,339,two,,,60.161,1.0552,140.36,6.1168,0.27629
EU,340,two,,,33.463,10,217.43,2.3697,0.39496
EU,341,two,,,35.189,10,191.79,1.9225,0.37671
EU,342,two,,,23.543,3.5356,224.37,2.1031,0.3787
EU,343,two,,,32.513,10,209.23,3.1713,0.39491
EU,344,two,,,62.72,1.0518,120.18,5.712,0.6046
EU,345,two,,,30.542,0.71949,133.69,3.5884,0.6512
EU,346,two,,,69.074,1.0677,120.13,8,0.32743
EU,347,two,,,81.635,1.26,117.68,6.3033,0.52616
EU,348,two,,,95.79,1.0771,109.93,8,0.45149
EU,349,two,,,90.572,1.0623,109.53,7.4234,0.59984
EU,350,two,,,79.861,1.3684,127.48,5.4493,0.4511
EU,351,two,,,34.408,10,205.43,1.9603,0.39043
EU,352,two,,,54.336,1.2065,154.78,5.0073,0.25351
EU,353,two,,,93.035,1.3201,118.45,5.5655,0.48186
EU,354,two,,,19.804,7.4009,182.96,2.4887,0.51306
EU,355,two,,,25.9,8.6648,169.35,1.8576,0.39601
EU,356,two,,,57.849,1.2948,165.59,5.8437,0.24206
EU,357,two,,,61.972,1.1272,133.77,4.4085,0.52589
EU,358,two,,,60.574,1.0702,125.41,8,0.35303
EU,359,two,,,51.507,1.2511,169.59,4.0523,0.23629
EU,360,two,,,93.39,1.1254,111.77,8,0.46766
EU,361,two,,,70.214,1.2422,133.22,6.4289,0.30401
EU,362,two,,,22.438,10,210.82,3.2734,0.42191
EU,363,two,,,34.703,10,210.25,1.8859,0.39051
EU,364,two,,,74.422,1.3983,133.22,7.3288,0.3254
EU,365,two,,,71.579,1.399,132.76,7.3191,0.33366
EU,366,two,,,50.664,1.1713,171.22,8,0.21559
EU,367,two,,,54.258,1.1917,142.29,7.6051,0.3498
EU,368,two,,,50.807,1.0324,143.8,3.9563,0.52548
EU,369,two,,,57.297,1.336,158.87,8,0.20234
EU,370,two,,,65.949,1.0461,122.57,8,0.36564
EU,371,two,,,35.265,10,223.78,1.9072,0.37557
EU,372,two,,,56.892,1.0064,127.27,4.8824,0.57534
EU,373,two,,,51.426,1.2309,176.88,7.8204,0.20292
EU,374,two,,,67.881,1.1069,120.74,8,0.32504
EU,375,two,,,72.275,0.82304,113.39,6.6494,0.60532
EU,376,two,,,61.373,1.2181,140.38,5.9033,0.34705
EU,377,two,,,65.286,1.0954,133.62,6.3379,0.32851
EU,378,two,,,65.436,0.94631,123.62,4.1063,0.60372
EU,379,two,,,61.95,0.91323,117.45,8,0.4361
EU,380,two,,,46.042,0.79005,125.93,4.5321,0.61779
EU,381,two,,,47.023,1.0733,156.06,4.5892,0.34242
EU,382,two,,,23.361,10,176.11,1.9561,0.39986
EU,383,two,,,36.012,10,171.09,1.4878,0.38451
EU,384,two,,,34.512,10,180.75,1.7769,0.40073
EU,385,two,,,66.227,1.142,123.86,8,0.38757
EU,386,two,,,63.61,1.3267,143.82,8,0.21111
EU,387,two,,,37.847,0.82428,135.71,3.5246,0.6306
EU,388,two,,,35.506,10,212.81,1.8702,0.37129
EU,389,two,,,86.958,1.004,110.6,8,0.54367
EU,390,two,,,59.833,1.0756,125.85,8,0.39262
EU,391,two,,,66.985,1.0812,121.9,5.4784,0.58519
EU,392,two,,,33.045,10,211.78,3.245,0.40021
EU,393,two,,,40.414,0.73016,119.08,5.2776,0.69822
EU,394,two,,,64.775,1.0722,120.02,8,0.40656
EU,395,two,,,22.273,10,212.46,3.3214,0.43172
EU,396,two,,,53.842,1.3357,159.5,7.2636,0.28078
EU,397,two,,,51.492,1.1977,165.09,8,0.23466
EU,398,two,,,76.51,1.3493,146.34,4.6454,0.22985
EU,399,two,,,52.591,1.1872,147.54,8,0.20592
EU,400,two,,,87.745,1.5058,126.51,6.3567,0.40389
EU,401,two,,,83.771,1.2557,120.46,5.5774,0.51492
EU,402,two,,,81.605,1.1791,114.77,6.3595,0.57512
EU,403,two,,,56.93,0.89773,128.98,7.0087,0.36281
EU,404,two,,,23.396,9.5888,211.68,3.0522,0.4195
EU,405,two,,,52.473,1.1794,171.35,4.6587,0.25994
EU,406,two,,,62.82,1.1918,142.56,7.7251,0.21615
EU,407,two,,,53.802,1.0417,141.58,6.0008,0.32781
EU,408,two,,,63.641,0.98966,119.92,8,0.39537
EU,409,two,,,50.242,1.1573,161.46,7.2459,0.26334
EU,410,two,,,55.837,1.2542,141.21,8,0.33295
EU,411,two,,,55.511,1.2857,177.27,6.7868,0.22699
EU,412,two,,,73.073,1.1254,121.4,8,0.36619
EU,413,two,,,37.452,0.7693,132.56,3.5003,0.65013
EU,414,two,,,73.255,1.424,132.47,8,0.31119
EU,415,two,,,88.085,1.295,117.24,5.855,0.54655
EU,416,two,,,49.625,1.2204,211.05,8,0.09052
EU,417,two,,,60.81,1.5388,145.99,8,0.32597
EU,418,two,,,35.855,10,245.24,1.7527,0.35774
EU,419,two,,,57.693,1.094,135.27,7.622,0.335
EU,420,two,,,70.728,1.0848,121.01,8,0.35209
EU,421,two,,,50.129,0.98106,137.23,3.7015,0.57851
EU,422,two,,,75.152,1.1023,123.72,6.306,0.3843
EU,423,two,,,23.163,3.4038,189.7,2.3487,0.39527
EU,424,two,,,33.215,10,220.17,2.4335,0.40188
EU,425,two,,,95.244,1.0766,108.98,8,0.4906
EU,426,two,,,65.586,1.2072,136.68,4.5668,0.4784
EU,427,two,,,71.178,1.0629,110.87,8,0.48922
EU,428,two,,,21.997,0.5,123.45,3.8199,0.7275
EU,429,two,,,66.834,1.349,124.95,8,0.27859
EU,430,two,,,67.505,0.97677,122.3,8,0.34435
EU,431,two,,,24.764,10,214.96,2.9375,0.42265
EU,432,two,,,60.134,1.15,135.74,8,0.35161
EU,433,two,,,68.282,1.2098,129.54,8,0.37648
EU,434,two,,,63.718,0.86402,115.1,6.4621,0.60455
EU,435,two,,,38.052,10,149.07,6.8659,0.58382
EU,436,two,,,47.513,0.82807,128.44,3.6511,0.65305
EU,437,two,,,22.414,10,192.48,4.765,0.39134
EU,438,two,,,59.025,1.102,147.13,8,0.17838
EU,439,two,,,56.86,1.0061,127.27,4.882,0.57542
EU,440,two,,,51.148,1.0615,140.99,4.4305,0.52089
EU,441,two,,,31.78,10,212.56,3.0059,0.39708
EU,442,two,,,98.833,1.1348,109.42,8,0.49956
EU,443,two,,,59.959,1.249,152.48,6.6291,0.27715
EU,444,two,,,72.221,1.1777,119.51,8,0.35199
EU,445,two,,,69.101,1.3897,137.55,8,0.16262
EU,446,two,,,68.256,0.96839,121.98,8,0.25663
EU,447,two,,,22.484,10,206.4,3.5839,0.42637
EU,448,two,,,56.658,1.277,175.29,8,0.15698
EU,449,two,,,104.16,1.4884,109.35,8,0.39412
EU,450,two,,,59.389,1.2416,137.57,7.1051,0.38038
EU,451,two,,,69.454,1.479,130.22,8,0.36583
EU,452,two,,,65.346,1.2905,143.33,8,0.26704
EU,453,two,,,59.551,1.2733,162.07,8,0.16388
EU,454,two,,,62.061,1.1145,140.12,6.6295,0.34069
EU,455,two,,,31.408,10,222.96,2.739,0.41727
EU,456,two,,,64.287,1.2843,132.1,8,0.22147
EU,457,two,,,31.42,10,229.68,2.5611,0.42743
EU,458,two,,,46.993,1.2311,191.61,8,0.17615
EU,459,two,,,20.532,6.1047,196.71,3.9295,0.43673
EU,460,two,,,32.583,10,227.1,2.3517,0.4155
EU,461,two,,,51.099,1.1639,156.28,8,0.28015
EU,462,two,,,60.978,1.3499,155.09,7.7524,0.24627
EU,463,two,,,83.197,0.95595,110.91,8,0.51548
EU,464,two,,,33.902,10,215.69,2.3323,0.3876
EU,465,two,,,76.363,1.0095,115.74,8,0.38315
EU,466,two,,,34.996,10,212.68,1.9241,0.3804
EU,467,two,,,61.906,1.1721,142.68,6.3872,0.26192
EU,468,two,,,57.083,1.285,143.54,7.6045,0.32856
EU,469,two,,,38.766,10,204.51,2.8903,0.40364
EU,470,two,,,63.642,1.202,134.95,4.853,0.48737
EU,471,two,,,56.283,1.2473,186.47,8,0.096671
EU,472,two,,,65.051,1.1375,126.66,8,0.22152
EU,473,two,,,63.846,1.0815,117.99,8,0.41887
EU,474,two,,,65.304,1.179,118.51,8,0.28454
EU,475,two,,,66.033,0.96913,121.13,5.1745,0.58042
EU,476,two,,,58.414,1.1898,161.78,6.8002,0.23171
EU,477,two,,,55.994,1.166,155.84,5.7236,0.23606
EU,478,two,,,71.184,1.1414,116.36,8,0.43614
EU,479,two,,,73.421,1.3891,130.37,8,0.33097
EU,480,two,,,42.281,0.70144,125.39,3.8237,0.68747
EU,481,two,,,30.75,0.76223,135.08,3.7353,0.63493
EU,482,two,,,31.354,10,214.4,2.7164,0.40761
EU,483,two,,,52.103,1.2658,165.17,8,0.26262
EU,484,two,,,67.121,0.91864,110.05,8,0.56637
EU,485,two,,,68.532,1.0147,123.2,4.781,0.57562
EU,486,two,,,59.012,1.2746,145.21,8,0.31495
EU,487,two,,,70.363,1.098,115.91,8,0.31331
EU,488,two,,,34.714,10,202.37,1.8811,0.39228
EU,489,two,,,63.737,1.181,135.23,6.5168,0.33135
EU,490,two,,,47.343,1.0511,158.68,3.6767,0.37802
EU,491,two,,,103,1.2432,108.13,8,0.45714
EU,492,two,,,74.854,0.98575,119.93,4.7159,0.57014
EU,493,two,,,52.664,1.2674,170.2,8,0.22572
EU,494,two,,,32.333,10,232.08,2.3758,0.42105
EU,495,two,,,28.488,10,226.85,2.6457,0.4392
EU,496,two,,,23.326,9.3437,211.56,3.0745,0.41975
EU,497,two,,,95.202,1.3515,111.12,7.8005,0.50206
EU,498,two,,,35.119,10,229.28,2.0652,0.37423
EU,499,two,,,35.137,10,201.84,1.8663,0.38339
EU,500,two,,,65.137,1.0992,123.63,5.3515,0.55459
EU,501,two,,,68.856,1.2554,134.21,5.3304,0.46953
EU,502,two,,,55.477,1.0899,137.22,8,0.28926
EU,503,two,,,67.147,1.2257,126.09,8,0.34112
EU,504,two,,,42.295,0.99443,144.62,3.8839,0.5521
EU,505,two,,,48.558,1.0612,159.84,5.6026,0.28056
EU,506,two,,,34.055,10,215.95,2.3463,0.38666
EU,507,two,,,53.94,0.92878,129.97,3.9174,0.60423
EU,508,two,,,31.988,10,220.21,2.6937,0.40861
EU,509,two,,,35.366,10,211.56,1.9929,0.36999
EU,510,two,,,66.816,0.95924,118.26,8,0.39694
EU,511,two,,,81.396,1.446,124.33,8,0.23377
EU,512,two,,,34.443,10,208.44,1.9584,0.39352
EU,513,two,,,63.469,1.1463,135.8,7.3035,0.35173
EU,514,two,,,60.777,1.1003,119.63,8,0.425
EU,515,two,,,66.972,1.0912,121.27,5.4666,0.57963
EU,516,two,,,56.364,1.2605,162.9,8,0.25878
EU,517,two,,,60.581,1.1343,140.73,6.9768,0.27182
EU,518,two,,,65.742,1.1417,117.73,8,0.45898
EU,519,two,,,69.011,0.86363,114.27,8,0.47614
EU,520,two,,,61.227,0.89717,116.51,8,0.48017
EU,521,two,,,31.86,10,221.51,2.6995,0.40857
EU,522,two,,,70.303,1.0562,118.78,8,0.40266
EU,523,two,,,33.34,10,210.22,2.5587,0.38801
EU,524,two,,,67.309,1.0999,122.3,5.5151,0.60693
EU,525,two,,,65.899,1.2318,137.06,8,0.26169
EU,526,two,,,69.057,1.1174,124.9,5.1628,0.54076
EU,527,two,,,33.445,10,220.1,2.4457,0.39515
EU,528,two,,,51.889,1.1037,148.22,7.4503,0.29982
EU,529,two,,,61.138,1.1267,129.52,8,0.32621
EU,530,two,,,64.428,1.3796,143.57,8,0.3002
EU,531,two,,,50.058,1.0602,165.33,7.4456,0.20889
EU,532,two,,,67.002,1.2132,121.64,8,0.37634
EU,533,two,,,50.17,0.80667,124.91,4.1537,0.62509
EU,534,two,,,71.978,1.153,118.38,8,0.39871
EU,535,two,,,61.492,1.1714,127.87,8,0.37193
EU,536,two,,,19.85,6.4825,202.44,2.621,0.48406
EU,537,two,,,63.092,1.2631,156.77,7.5592,0.19734
EU,538,two,,,20.489,6.0956,194.2,2.1643,0.46052
EU,539,two,,,17.375,0.5,124.07,4.1291,0.72371
EU,540,two,,,32.329,10,230.31,2.4636,0.41706
EU,541,two,,,52.185,1.3626,132.27,6.1157,0.52466
EU,542,two,,,65.246,1.0989,122.88,8,0.31561
EU,543,two,,,34.69,10,226.1,2.3609,0.37894
EU,544,two,,,58.849,1.0452,135.46,3.9607,0.54188
EU,545,two,,,35.051,10,189.01,1.8809,0.38734
EU,546,two,,,33.625,10,212.61,2.8897,0.38866
EU,547,two,,,69.956,1.3599,162.94,8,0.15812
EU,548,two,,,31.668,10,220.13,2.6658,0.41185
EU,549,two,,,50.156,0.90247,133.73,6.2133,0.39826
EU,550,two,,,65.253,1.0487,117.64,8,0.37244
EU,551,two,,,47.627,0.81778,125.67,4.2591,0.63196
EU,552,two,,,23.768,0.5,122.95,2.8981,0.80818
EU,553,two,,,62.437,0.9933,125.07,4.8094,0.59853
EU,554,two,,,69.768,1.273,132.48,7.797,0.2589
EU,555,two,,,32.722,10,219.7,2.6848,0.39984
EU,556,two,,,44.966,0.8805,131.37,3.9485,0.61143
EU,557,two,,,33.183,0.86374,145.45,3.6792,0.58138
EU,558,two,,,22.504,10,189.73,5.6232,0.38624
EU,559,two,,,97.506,1.3399,109.6,8,0.48602
EU,560,two,,,66.491,1.1163,133.86,7.2754,0.31166
EU,561,two,,,19.55,7.9197,188.19,3.1673,0.52364
EU,562,two,,,103.65,1.2552,108.81,8,0.42702
EU,563,two,,,25.14,8.0806,192.02,2.6397,0.37747
EU,564,two,,,70.489,1.2937,127.09,8,0.22898
EU,565,two,,,34.23,10,238.58,2.0765,0.39573
EU,566,two,,,21.896,4.762,205.27,2.0454,0.38415
EU,567,two,,,53.221,0.99069,132.11,4.4229,0.56505
EU,568,two,,,34.421,10,228.87,2.0606,0.38888
EU,569,two,,,32.583,10,219.58,2.4236,0.40742
EU,570,two,,,40.567,0.87871,136.07,4.0589,0.59054
EU,571,two,,,50.752,1.1089,162.29,6.5622,0.24616
EU,572,two,,,67.882,1.2837,141.1,7.8652,0.24343
EU,573,two,,,57.044,1.3245,154.61,8,0.25966
EU,574,two,,,55.826,0.91306,119.28,8,0.37978
EU,575,two,,,47.591,1.215,164.56,8,0.28284
EU,576,two,,,70.305,1.4587,168.87,8,0.19134
EU,577,two,,,23.09,9.4179,203.36,3.7962,0.42353
EU,578,two,,,70.106,0.94357,116.63,8,0.4186
EU,579,two,,,71.771,1.1613,134.58,6.6343,0.27609
EU,580,two,,,56.976,0.68007,120.22,4.1893,0.64913
EU,581,two,,,36.508,0.90851,139.4,3.6814,0.604
EU,582,two,,,34.425,10,193.9,1.955,0.38582
EU,583,two,,,35.008,10,204.84,1.9283,0.3817
EU,584,two,,,34.977,10,208.02,1.9445,0.38316
EU,585,two,,,34.598,10,193.23,1.9453,0.38573
EU,586,two,,,24.268,0.5,118.86,4.762,0.75172
EU,587,two,,,33.516,10,212.46,2.8555,0.38965
EU,588,two,,,52.313,1.1769,181.25,6.7412,0.20452
EU,589,two,,,33.842,10,216.05,2.3499,0.3922
EU,590,two,,,71.728,1.097,123.25,5.1472,0.52862
EU,591,two,,,70.814,1.2642,118.99,8,0.39454
EU,592,two,,,34.946,10,169.46,1.851,0.38636
EU,593,two,,,69.529,1.2522,116.63,8,0.46867
EU,594,two,,,90.689,1.3229,112.83,7.4872,0.50367
EU,595,two,,,53.501,0.89995,125.01,4.8271,0.60907
EU,596,two,,,55.119,1.0333,140.94,8,0.30532
EU,597,two,,,74.279,1.039,114.94,8,0.39848
EU,598,two,,,60.746,1.0704,133.08,8,0.27585
EU,599,two,,,104.99,1.4609,110.21,8,0.32759
EU,600,two,,,35.296,10,212.9,2.0291,0.36926
EU,601,two,,,71.69,1.2849,127.07,8,0.21616
EU,602,two,,,61.62,0.86842,120.92,4.985,0.60514
EU,603,two,,,79.734,1.1582,124.08,4.3146,0.51879
EU,604,two,,,40.147,0.64619,121.76,4.5472,0.66266
EU,605,two,,,35.009,10,208.33,1.9486,0.38265
EU,606,two,,,44.94,0.76075,125.9,4.5883,0.61237
EU,607,two,,,78.091,1.5691,180.97,4.356,0.22266
EU,608,two,,,23.731,8.9595,224.21,2.6892,0.44275
EU,609,two,,,22.148,4.3727,178.2,4.2174,0.45075
EU,610,two,,,53.146,1.1528,138.82,6.9468,0.39337
EU,611,two,,,34.777,10,198.77,1.8594,0.39043
EU,612,two,,,100.58,1.0843,108.91,8,0.446
EU,613,two,,,31.647,10,220.22,2.6398,0.41016
EU,614,two,,,74.866,1.1686,120.35,8,0.26185
EU,615,two,,,67.897,1.3171,164.43,8,0.11
EU,616,two,,,76.977,1.0069,120.81,4.8449,0.57882
EU,617,two,,,53.088,1.1495,162.85,6.045,0.24939
EU,618,two,,,31.18,10,221.66,2.6837,0.41748
EU,619,two,,,64.618,1.0021,125.87,8,0.347
EU,620,two,,,52.517,1.2717,150.28,6.976,0.34943
EU,621,two,,,32.568,10,177.5,8,0.40001
EU,622,two,,,22.284,10,194.89,4.1628,0.39307
EU,623,two,,,103,1.1813,108.13,8,0.50419
EU,624,two,,,65.327,1.2688,139.5,8,0.31149
EU,625,two,,,23.07,9.66,208.45,3.3548,0.4271
EU,626,two,,,33.927,10,218.64,2.4354,0.39182
EU,627,two,,,66.542,1.3871,143.08,8,0.25999
EU,628,two,,,52.178,0.9273,130.01,4.0117,0.59584
EU,629,two,,,55.852,1.1048,136.98,8,0.33775
EU,630,two,,,70.132,1.338,137.32,6.8202,0.30772
EU,631,two,,,59.815,1.1094,146.7,5.7369,0.24655
EU,632,two,,,74.066,1.3738,122.61,5.8693,0.54901
EU,633,two,,,64.645,1.2216,130.6,8,0.31221
EU,634,two,,,64.894,1.0616,113.36,8,0.56655
EU,635,two,,,103.87,1.3385,109.05,8,0.43267
EU,636,two,,,65.785,1.1095,126.67,8,0.31919
EU,637,two,,,11.226,0.5,128.77,3.8342,0.71246
EU,638,two,,,24.339,8.8401,211.1,3.0993,0.41628
EU,639,two,,,31.751,10,219.03,2.6594,0.41184
EU,640,two,,,62.209,0.99043,121.65,8,0.35432
EU,641,two,,,59.251,1.3105,150.86,7.8663,0.29096
EU,642,two,,,56.022,1.1671,161.87,7.8485,0.17854
EU,643,two,,,20.972,10,177.43,7.772,0.40947
EU,644,two,,,19.038,5.5272,176.8,2.5202,0.56843
EU,645,two,,,34.824,10,225.83,1.9597,0.38526
EU,646,two,,,31.879,10,214.66,2.6538,0.40128
EU,647,two,,,33.353,10,219.24,2.3986,0.39304
EU,648,two,,,66.544,1.531,169.32,8,0.12152
EU,649,two,,,77.819,1.244,114.99,8,0.41152
EU,650,two,,,54.846,0.99634,133.91,7.5158,0.32762
EU,651,two,,,53.252,0.87484,122.23,5.1681,0.61292
EU,652,two,,,20.837,5.2227,171.71,4.2943,0.52062
EU,653,two,,,6.5265,10,136.05,2.4548,0.82791
EU,654,two,,,62.133,0.70008,115.74,5.4556,0.63759
EU,655,two,,,78.84,1.2781,125.25,5.3162,0.48283
EU,656,two,,,66.809,1.3469,128.46,8,0.36432
EU,657,two,,,61.625,0.83419,119,5.2298,0.64742
EU,658,two,,,34.884,7.8417,152.54,1.3337,0.40316
EU,659,two,,,56.801,1.142,142.12,8,0.32262
EU,660,two,,,59.426,1.0584,133.7,3.9596,0.55368
EU,661,two,,,35.177,7.7937,135.09,1.335,0.40565
EU,662,two,,,88.286,1.4416,131.97,4.046,0.41618
EU,663,two,,,67.429,1.1704,123,8,0.29427
EU,664,two,,,60.969,1.2672,150.3,6.0762,0.27121
EU,665,two,,,30.538,10,210.99,3.043,0.40844
EU,666,two,,,26.21,8.2669,174.66,1.9424,0.38835
EU,667,two,,,56.777,1.0046,130,8,0.21363
EU,668,two,,,56.658,1.2718,153.36,5.761,0.20447
EU,669,two,,,68.091,1.4336,146.71,6.7155,0.30039
EU,670,two,,,69.133,1.0052,115.41,6.359,0.61439
EU,671,two,,,48.4,1.0731,138.24,7.2011,0.42211
EU,672,two,,,69.57,1.2542,127.78,8,0.27838
EU,673,two,,,71.751,1.1414,116.53,8,0.32646
EU,674,two,,,67.198,1.2213,137.35,7.0608,0.28762
EU,675,two,,,67.24,0.90475,118.03,5.0733,0.65993
EU,676,two,,,35.862,10,181.87,1.5191,0.38281
EU,677,two,,,22.586,10,182.61,8,0.38489
EU,678,two,,,69.159,1.0888,118.49,8,0.41913
EU,679,two,,,34.792,10,221.44,2.0148,0.3834
EU,680,two,,,49.547,1.193,176.68,5.5161,0.24357
EU,681,two,,,60.485,1.2734,134.35,7.6859,0.34967
EU,682,two,,,58.681,1.121,126.46,8,0.2943
EU,683,two,,,34.992,10,218.92,2.0098,0.37599
EU,684,two,,,91.815,1.2797,113.88,8,0.22709
EU,685,two,,,63.289,1.1482,137.21,8,0.28426
EU,686,two,,,35.048,10,203.63,2.1252,0.37717
EU,687,two,,,62.533,1.2487,158.28,5.5103,0.24118
EU,688,two,,,35.144,10,209.99,1.8543,0.38249
EU,689,two,,,30.363,1.0204,184.67,8,0.21099
EU,690,two,,,59.647,1.1312,137.25,7.9606,0.32923
EU,691,two,,,94.874,0.9922,109.39,8,0.51656
EU,692,two,,,60.93,1.2306,146.78,7.8961,0.20303
EU,693,two,,,72.155,1.3778,119.76,8,0.29419
EU,694,two,,,67.386,1.3401,144.4,7.099,0.3124
EU,695,two,,,31.882,10,206.49,3.5579,0.40432
EU,696,two,,,32.769,10,211.53,2.6418,0.39543
EU,697,two,,,34.91,10,187.66,1.8689,0.38598
EU,698,two,,,57.973,1.4267,181.36,8,0.096295
EU,699,two,,,49.717,0.93617,135,3.426,0.61568
EU,700,two,,,17.44,0.5,126.01,3.9629,0.70354
EU,701,two,,,105.42,1.7016,114.07,8,0.3083
EU,702,two,,,28.137,3.6115,188.51,2.2077,0.39148
EU,703,two,,,59.169,1.2476,149.6,8,0.2604
EU,704,two,,,70.585,1.1751,131.91,7.1097,0.3118
EU,705,two,,,68.842,1.1284,122.63,8,0.35672
EU,706,two,,,22.257,10,211.61,3.2996,0.42868
EU,707,two,,,51.199,1.1189,148.48,6.2426,0.31021
EU,708,two,,,48.2,0.87309,128.91,4.385,0.615
EU,709,two,,,12.242,0.5,129.46,3.5594,0.71797
EU,710,two,,,54.529,1.2051,189.43,8,0.1239
EU,711,two,,,32.011,10,214.28,2.7672,0.4027
EU,712,two,,,35.941,10,139.87,1.4049,0.41283
EU,713,two,,,35.924,10,156.26,1.4258,0.40063
EU,714,two,,,55.913,1.0604,136.11,6.8269,0.37313
EU,715,two,,,81.437,1.4243,123.29,8,0.14326
EU,716,two,,,104.52,1.4089,109.72,8,0.3752
EU,717,two,,,54.652,1.1833,146.52,8,0.30957
EU,718,two,,,8.4428,0.5,131.9,3.1321,0.7348
EU,719,two,,,40.381,1.0314,148.73,3.1683,0.59967
EU,720,two,,,65.429,1.0269,119.2,5.6104,0.61246
EU,721,two,,,51.652,1.4027,158.58,8,0.20092
EU,722,two,,,48.263,1.1719,163.3,8,0.25681
EU,723,two,,,33.134,10,222.23,2.4916,0.40319
EU,724,two,,,19.386,6.441,178.4,2.4211,0.54161
EU,725,two,,,38.26,10,194,3.3765,0.46916
EU,726,two,,,33.265,10,217.01,2.3569,0.39596
EU,727,two,,,60.894,1.1746,139.45,6.5569,0.30884
EU,728,two,,,100.41,1.2527,109.41,8,0.49078
EU,729,two,,,23.757,10,171.04,1.8756,0.39897
EU,730,two,,,64.872,0.95153,119.8,7.8758,0.38929
EU,731,two,,,55.439,1.1176,143.42,5.7486,0.34725
EU,732,two,,,62.731,1.1081,133.42,8,0.28849
EU,733,two,,,65.198,1.0655,119.52,8,0.29332
EU,734,two,,,22.601,10,182.84,6.5986,0.3798
EU,735,two,,,68.827,1.3313,124.77,8,0.32882
EU,736,two,,,50.77,1.0744,167.36,8,0.15785
EU,737,two,,,69.851,1.2587,137.23,8,0.185
EU,738,two,,,34.604,10,231,1.9281,0.39118
EU,739,two,,,46.638,1.1022,163.14,8,0.21092
EU,740,two,,,54.554,1.1472,140.59,8,0.31554
EU,741,two,,,11.213,0.5,131.01,3.5657,0.71505
EU,742,two,,,52.313,1.1297,159.67,7.0918,0.22421
EU,743,two,,,56.493,1.1853,158.33,8,0.21642
EU,744,two,,,22.815,9.6673,182.76,6.6648,0.42097
EU,745,two,,,94.214,1.1718,109.58,8,0.49872
EU,746,two,,,62.183,1.0339,124.76,8,0.33483
EU,747,two,,,22.326,10,210.62,3.3583,0.42833
EU,748,two,,,34.071,10,210.85,2.9079,0.38209
EU,749,two,,,67.064,1.1957,128.99,7.0445,0.35444
EU,750,two,,,51.983,1.3048,154.52,8,0.31498
EU,751,two,,,73.516,1.2813,123.22,8,0.36635
EU,752,two,,,54.132,0.95527,130.16,3.7218,0.60497
EU,753,two,,,65.542,1.1567,121.75,8,0.38419
EU,754,two,,,65.705,1.0358,123.48,7.3084,0.41998
EU,755,two,,,32.628,10,177.57,8,0.39621
EU,756,two,,,67.812,1.2394,142.01,7.9816,0.25028
EU,757,two,,,63.197,1.079,123.07,8,0.39042
EU,758,two,,,61.946,1.1901,123.93,5.6187,0.59103
EU,759,two,,,58.711,1.1552,149.81,8,0.22456
EU,760,two,,,52.125,0.90045,125.89,8,0.42711
EU,761,two,,,61.917,1.2333,135.56,7.4269,0.31139
EU,762,two,,,33.999,6.8643,142.04,1.3047,0.41784
EU,763,two,,,58.171,1.2098,178.93,8,0.12902
EU,764,two,,,96.755,1.3274,111.98,8,0.4006
EU,765,two,,,58.628,1.1289,133.15,8,0.36634
EU,766,two,,,55.295,1.3317,146.9,8,0.29581
EU,767,two,,,52.545,1.1088,149.95,5.5252,0.32368
EU,768,two,,,64.132,1.1662,138.01,6.7954,0.29612
EU,769,two,,,46.475,1.2194,166.4,5.6093,0.30918
EU,770,two,,,62.321,1.2565,143.76,6.2208,0.3158
EU,771,two,,,34.464,10,224.4,2.3086,0.38524
EU,772,two,,,20.299,4.4682,182.42,4.278,0.49716
EU,773,two,,,60.64,0.5,109.34,8,0.6228
EU,774,two,,,82.592,1.0035,113.73,8,0.42405
EU,775,two,,,34.425,10,202.58,2.4198,0.47207
EU,776,two,,,103.83,1.3333,108.99,8,0.4342
EU,777,two,,,34.894,10,195.92,1.9826,0.3849
EU,778,two,,,74.699,1.079,118.94,5.5333,0.57108
EU,779,two,,,22.381,10,177.95,8,0.40789
EU,780,two,,,55.291,0.95686,137.41,4.5745,0.36111
EU,781,two,,,32.347,10,177.33,1.9907,0.38817
EU,782,two,,,34.102,10,219.1,2.3954,0.38255
EU,783,two,,,70.224,0.93802,117.06,8,0.3759
EU,784,two,,,56.609,1.2732,178.77,7.072,0.21755
EU,785,two,,,89.773,1.4161,127.45,4.1933,0.4318
EU,786,two,,,30.426,10,183.04,2.44,0.54483
EU,787,two,,,33.871,6.1743,129.06,1.2782,0.42642
EU,788,two,,,33.633,10,220.49,2.4435,0.39419
EU,789,two,,,67.586,1.2463,147.39,8,0.22538
EU,790,two,,,54.169,1.074,151.36,4.5883,0.29694
EU,791,two,,,58.695,1.3575,149.17,8,0.3168
EU,792,two,,,78.368,0.98354,117.97,5.0779,0.61045
EU,793,two,,,33.683,10,218.39,2.4255,0.39572
EU,794,two,,,26.76,7.9423,171.26,1.8782,0.39253
EU,795,two,,,44.818,0.67518,121.12,4.5613,0.68852
EU,796,two,,,57.826,1.3115,185.9,8,0.14583
EU,797,two,,,58.861,1.0524,135.37,3.6689,0.56434
EU,798,two,,,58.764,1.1389,149.92,8,0.20629
EU,799,two,,,51.553,1.1938,149.6,8,0.30948
EU,800,two,,,38.138,10,188.46,2.934,0.52233
EU,801,two,,,22.344,10,176.27,8,0.41547
EU,802,two,,,66.781,1.495,135.92,8,0.3597
EU,803,two,,,71.321,1.2114,132.43,4.2575,0.49299
EU,804,two,,,56.173,1.0264,131.48,6.4666,0.4174
EU,805,two,,,59.123,1.3185,173.82,7.9994,0.20489
EU,806,two,,,34.537,10,177.27,2.0058,0.37676
EU,807,two,,,56.176,1.167,152.17,6.8617,0.25578
EU,808,two,,,58.429,1.4137,153.16,8,0.28983
EU,809,two,,,63.224,1.343,137.33,8,0.25242
EU,810,two,,,60.117,0.93628,126.35,7.4035,0.37902
EU,811,two,,,71.8,1.3695,138.03,3.9705,0.47725
EU,812,two,,,75.136,1.095,116.49,8,0.41696
EU,813,two,,,61.741,0.96504,122.12,8,0.35618
EU,814,two,,,60.431,1.214,147.28,8,0.25098
EU,815,two,,,66.433,1.231,132.03,8,0.31958
EU,816,two,,,65.175,1.2928,133.33,8,0.31862
EU,817,two,,,25.292,8.29,189.76,2.3218,0.37604
EU,818,two,,,22.48,10,174.46,8,0.40604
EU,819,two,,,32.221,10,227.45,2.4309,0.41521
EU,820,two,,,30.835,10,227.07,2.6898,0.42678
EU,821,two,,,102.65,1.4373,111.79,8,0.38384
EU,822,two,,,35.353,8.1803,138.97,1.3359,0.40519
EU,823,two,,,54.061,1.2146,146.77,6.9577,0.31434
EU,824,two,,,43.486,1.0606,177.38,6.2351,0.21282
EU,825,two,,,95.203,1.4904,126.89,3.7371,0.43047
EU,826,two,,,103.02,1.2392,108.15,8,0.44909
EU,827,two,,,50.451,1.2414,148.27,8,0.34263
EU,828,two,,,35.002,10,215.33,1.9059,0.38333
EU,829,two,,,104.06,1.293,109.24,8,0.38357
EU,830,two,,,46.563,0.98488,141,3.518,0.5803
EU,831,two,,,90.151,1.0971,111.11,8,0.50802
EU,832,two,,,62.515,1.2136,133.75,7.8747,0.35873
EU,833,two,,,54.902,1.0505,132.97,4.2722,0.55432
EU,834,two,,,35.175,10,213.06,2.039,0.37025
EU,835,two,,,60.302,1.1441,141.59,6.1245,0.26497
EU,836,two,,,40.277,0.73729,125.78,4.2232,0.64322
EU,837,two,,,72.796,1.1963,125.85,8,0.28907
EU,838,two,,,35.381,10,215.45,1.9423,0.36977
EU,839,two,,,61.909,1.1773,129.98,8,0.37565
EU,840,two,,,59.139,1.1325,130.25,6.7541,0.40198
EU,841,two,,,103.51,1.3109,108.67,8,0.46747
EU,842,two,,,102.46,1.2224,107.56,8,0.52167
EU,843,two,,,59.911,0.98863,142.31,6.9068,0.23827
EU,844,two,,,95.885,1.2777,111.09,8,0.44358
EU,845,two,,,64.026,1.0948,122.46,8,0.32687
EU,846,two,,,56.728,1.2247,162.77,8,0.20769
EU,847,two,,,53.649,1.1926,171.03,5.8871,0.2288
EU,848,two,,,55.504,1.0828,142.01,3.9373,0.42988
EU,849,two,,,53.865,1.0282,135.76,7.7621,0.32449
EU,850,two,,,39.565,0.729,128.18,3.631,0.66432
EU,851,two,,,32.987,10,213.38,2.6333,0.39097
EU,852,two,,,67.126,0.9869,122.31,4.9067,0.59171
EU,853,two,,,53.777,0.90196,124.95,4.8352,0.60855
EU,854,two,,,29.591,10,218.77,2.8362,0.42215
EU,855,two,,,71.108,1.158,123.84,5.4825,0.56297
EU,856,two,,,34.863,10,210.11,1.9947,0.3821
EU,857,two,,,65.637,1.2035,132.56,7.0806,0.36555
EU,858,two,,,86.662,1.4574,130.02,4.865,0.39939
EU,859,two,,,63.058,1.0297,131.09,8,0.2941
EU,860,two,,,73.124,1.2571,125.73,8,0.27464
EU,861,two,,,21.908,10,212.39,3.083,0.42012
EU,862,two,,,63.157,1.1463,129.25,8,0.29637
EU,863,two,,,24.085,9.6234,170.83,1.8729,0.39895
EU,864,two,,,71.248,1.1777,127.21,8,0.34697
EU,865,two,,,67.382,1.2129,122.84,8,0.32931
EU,866,two,,,62.661,1.2805,137.69,8,0.30722
EU,867,two,,,57.003,1.2858,170.1,8,0.16988
EU,868,two,,,58.59,1.3108,158.87,5.5237,0.2531
EU,869,two,,,65.816,0.86298,114.11,8,0.39902
EU,870,two,,,33.378,10,212.1,2.7111,0.38971
EU,871,two,,,33.575,10,218.28,2.4177,0.39377
EU,872,two,,,86.544,0.85853,109.07,8,0.54444
EU,873,two,,,54.261,1.1761,165.33,7.826,0.2129
EU,874,two,,,101.35,1.2811,109.83,8,0.45533
EU,875,two,,,55.238,1.3888,155.57,8,0.28737
EU,876,two,,,35.107,10,204.34,1.915,0.38061
EU,877,two,,,56.504,1.3111,158.67,8,0.25953
EU,878,two,,,56.127,1.3093,149.89,8,0.30861
EU,879,two,,,44.312,1.0483,143.22,3.8164,0.55953
EU,880,two,,,64.489,1.4096,148.29,8,0.27119
EU,881,two,,,59.31,0.98591,120.3,8,0.49795
EU,882,two,,,56.277,1.1451,156.17,7.63,0.23574
EU,883,two,,,52.958,1.2736,170.59,8,0.23375
EU,884,two,,,102.66,1.1198,107.77,8,0.47756
EU,885,two,,,60.222,1.1662,149.65,6.8452,0.23363
EU,886,two,,,43.31,1.0936,162.14,7.4259,0.30502
EU,887,two,,,33.54,10,229.88,2.4003,0.40137
EU,888,two,,,84.917,1.1455,120.34,5.0162,0.50109
EU,889,two,,,56.018,1.2221,174.95,8,0.18958
EU,890,two,,,18.347,0.5,124.83,4.024,0.72148
EU,891,two,,,30.358,10,231.38,2.4413,0.43875
EU,892,two,,,57.545,0.9093,128.71,7.2549,0.37645
EU,893,two,,,71.143,1.1772,122.51,8,0.34047
EU,894,two,,,34.899,8.1153,147.91,1.3258,0.41283
EU,895,two,,,58.816,1.3696,167.05,8,0.20095
EU,896,two,,,72.66,1.1277,117.95,8,0.42308
EU,897,two,,,31.829,10,207.73,3.307,0.40266
EU,898,two,,,57.134,1.2801,147.73,8,0.29024
EU,899,two,,,61.736,1.3274,145.73,8,0.22418
EU,900,two,,,64.595,1.0051,117.49,8,0.35023
EU,901,two,,,23.208,9.438,176.95,8,0.3825
EU,902,two,,,72.285,1.1177,115.28,8,0.40749
EU,903,two,,,63.593,1.0157,125.4,8,0.33238
EU,904,two,,,53.164,1.1313,145.23,6.9358,0.34624
EU,905,two,,,35.082,10,210.24,1.9954,0.37695
EU,906,two,,,27.723,0.5,116.67,5.0307,0.74109
EU,907,two,,,59.76,1.4159,179.07,7.9999,0.20188
EU,908,two,,,20.081,3.1433,164.47,3.9508,0.5698
EU,909,two,,,34.759,10,213.15,1.956,0.38383
EU,910,two,,,35.723,10,202.81,2.1684,0.36231
EU,911,two,,,97.819,1.1848,108.08,8,0.54671
EU,912,two,,,47.75,0.6823,120.44,4.542,0.67551
EU,913,two,,,67.676,1.414,140.22,8,0.29548
EU,914,two,,,33.876,10,208.07,2.5467,0.38332
EU,915,two,,,48.206,0.99668,138.33,6.7055,0.3568
EU,916,two,,,71.6,1.1047,122.75,5.1464,0.56545
EU,917,two,,,67.101,1.1926,132.09,8,0.31788
EU,918,two,,,71.847,1.1721,117.72,8,0.27446
EU,919,two,,,75.237,1.1108,121.6,5.3252,0.54828
EU,920,two,,,64.052,0.86447,116.25,5.6432,0.63943
EU,921,two,,,53.76,0.77611,124.05,3.6519,0.67128
EU,922,two,,,54.312,1.1421,139.83,7.5961,0.3733
EU,923,two,,,99.615,1.3731,111.4,7.6894,0.46704
EU,924,two,,,80.038,1.3749,127.09,8,0.22871
EU,925,two,,,68.116,1.2428,134.91,7.5199,0.26625
EU,926,two,,,75.96,1.368,142.6,8,0.17826
EU,927,two,,,23.38,9.6312,212.8,2.9576,0.41799
EU,928,two,,,71.968,1.0258,114.7,8,0.48117
EU,929,two,,,65.341,1.2494,134.41,6.5632,0.34001
EU,930,two,,,44.157,0.7183,123.57,4.2971,0.65622
EU,931,two,,,59.902,1.1578,154.83,8,0.17035
EU,932,two,,,71.224,1.2236,123.89,8,0.26477
EU,933,two,,,48.979,0.86037,128.48,4.2054,0.60404
EU,934,two,,,67.051,1.3899,127.18,8,0.21171
EU,935,two,,,46.767,0.8307,125.07,4.6431,0.63256
EU,936,two,,,34.545,10,192.13,1.9327,0.3816
EU,937,two,,,27.75,7.2012,187.96,2.389,0.37179
EU,938,two,,,56.029,1.0879,140.52,8,0.3202
EU,939,two,,,56.186,1.2156,163.59,6.9113,0.19903
EU,940,two,,,56.538,1.0678,132.43,4.5255,0.54963
EU,941,two,,,56.178,1.1397,143.24,8,0.30312
EU,942,two,,,64.903,1.0652,119.1,8,0.37881
EU,943,two,,,39.321,0.67015,124.17,4.2867,0.65771
EU,944,two,,,53.914,0.9544,130.25,3.7,0.60661
EU,945,two,,,58.939,1.4646,166.15,8,0.18152
EU,946,two,,,51.186,1.0098,161.56,7.9988,0.19832
EU,947,two,,,68.787,1.1069,130.01,8,0.26907
EU,948,two,,,91.792,1.346,120.7,5.8135,0.47526
EU,949,two,,,63.948,0.95588,118.55,8,0.41299
EU,950,two,,,20.97,0.5,124.04,3.7355,0.72273
EU,951,two,,,34.194,10,221.78,2.5209,0.38696
EU,952,two,,,20.677,5.499,181.51,2.8586,0.47713
EU,953,two,,,77.419,1.377,122.97,6.0782,0.48245
EU,954,two,,,33.055,10,231.79,2.4739,0.40983
EU,955,two,,,22.375,10,211.25,3.2495,0.42362
EU,956,two,,,30.571,10,226.11,2.526,0.42864
EU,957,two,,,63.273,1.1711,134.08,6.6904,0.36958
EU,958,two,,,72.334,1.2807,121.29,8,0.26823
EU,959,two,,,24.333,8.8154,208.82,3.2603,0.41824
EU,960,two,,,102.11,0.97296,107.2,8,0.53066
EU,961,two,,,67.183,1.1841,128.03,7.8968,0.27592
EU,962,two,,,35.855,10,195.28,2.8419,0.48437
EU,963,two,,,55.134,0.87003,119.46,5.2837,0.65073
EU,964,two,,,79.835,1.2835,124.19,5.565,0.51001
EU,965,two,,,35.673,10,197.25,2.8247,0.4745
EU,966,two,,,60.129,1.2824,165.75,7.8084,0.17985
EU,967,two,,,77.448,1.1157,114.56,8,0.32664
EU,968,two,,,60.275,1.1503,145,8,0.21903
EU,969,two,,,58.362,1.1886,154.82,7.4805,0.22275
EU,970,two,,,32.814,10,233.85,2.3495,0.41351
EU,971,two,,,34.619,10,218.86,1.8852,0.39333
EU,972,two,,,60.487,1.036,134.22,6.4517,0.31371
EU,973,two,,,36.054,10,163.76,1.4356,0.39129
EU,974,two,,,30.974,10,209.54,3.0692,0.40506
EU,975,two,,,78.631,1.0469,115.61,5.6573,0.6223
EU,976,two,,,94.19,0.9242,108.61,8,0.50909
EU,977,two,,,34.141,10,210.54,2.713,0.37958
EU,978,two,,,31.912,10,226.11,2.5199,0.4176
EU,979,two,,,42.173,1.1959,187.62,8,0.22365
EU,980,two,,,104.15,1.4258,109.34,8,0.44558
EU,981,two,,,78.815,1.1568,120.55,5.3481,0.54934
EU,982,two,,,65.147,1.2454,148.44,7.3598,0.23232
EU,983,two,,,77.896,1.2821,122.55,5.7295,0.55466
EU,984,two,,,52.81,0.9118,125.85,4.9787,0.61474
EU,985,two,,,68.235,1.4381,169.22,8,0.19664
EU,986,two,,,34.934,10,203.02,1.7864,0.39189
EU,987,two,,,104.96,1.503,110.18,8,0.35282
EU,988,two,,,33.447,10,217.12,2.3504,0.39237
EU,989,two,,,53.65,0.95786,131.28,4.3958,0.57969
EU,990,two,,,62.639,1.4032,157.87,8,0.25849
EU,991,two,,,32.242,10,210.81,3.1426,0.39799
EU,992,two,,,36.057,10,208.85,1.5547,0.36606
EU,993,two,,,72.036,1.4363,148.8,7.4436,0.26117
EU,994,two,,,77.89,1.2295,125.56,7.9615,0.25378
EU,995,two,,,95.478,1.6222,119.29,6.7546,0.38913
EU,996,two,,,62.638,1.2279,127.27,8,0.34994
EU,997,two,,,36.065,10,192.92,1.5174,0.37246
EU,998,two,,,34.819,10,193.71,1.951,0.38033
EU,999,two,,,33.61,10,194.36,2.6523,0.51574
EU,1000,two,,,35.137,10,200.37,1.7361,0.3909
India,0,one,40.532,1.2488,,,,,
India,1,one,27.319,1.1243,,,,,
India,2,one,29.4,1.1926,,,,,
India,3,one,44.443,1.2909,,,,,
India,4,one,27.39,1.1232,,,,,
India,5,one,36.128,1.1661,,,,,
India,6,one,35.291,1.1351,,,,,
India,7,one,48.537,1.3904,,,,,
India,8,one,38.468,1.2419,,,,,
India,9,one,38.418,1.1227,,,,,
India,10,one,53.982,1.2464,,,,,
India,11,one,53.356,1.683,,,,,
India,12,one,46.822,1.3512,,,,,
India,13,one,59.806,1.3452,,,,,
India,14,one,31.044,1.0232,,,,,
India,15,one,28.699,1.1772,,,,,
India,16,one,39.783,1.1545,,,,,
India,17,one,34.015,1.1719,,,,,
India,18,one,38.142,1.2531,,,,,
India,19,one,31.887,1.1448,,,,,
India,20,one,42.461,1.4445,,,,,
India,21,one,47.438,1.4221,,,,,
India,22,one,37.165,1.119,,,,,
India,23,one,39.542,1.2712,,,,,
India,24,one,34.535,1.2401,,,,,
India,25,one,29.005,1.1759,,,,,
India,26,one,53.607,1.2356,,,,,
India,27,one,35.418,1.4704,,,,,
India,28,one,29.754,1.2497,,,,,
India,29,one,43.202,1.2654,,,,,
India,30,one,53.119,1.6643,,,,,
India,31,one,38.219,1.1907,,,,,
India,32,one,32.702,1.0146,,,,,
India,33,one,39.99,1.613,,,,,
India,34,one,27.62,1.0448,,,,,
India,35,one,58.852,1.3331,,,,,
India,36,one,38.811,1.3296,,,,,
India,37,one,53.024,1.2298,,,,,
India,38,one,34.355,1.0032,,,,,
India,39,one,27.383,1.1342,,,,,
India,40,one,57.005,2.2553,,,,,
India,41,one,32.142,1.1701,,,,,
India,42,one,49.453,1.2197,,,,,
India,43,one,50.546,1.6104,,,,,
India,44,one,47.091,1.4299,,,,,
India,45,one,50.249,1.6517,,,,,
India,46,one,46.369,1.2564,,,,,
India,47,one,51.58,1.2143,,,,,
India,48,one,57.503,2.2024,,,,,
India,49,one,53.957,1.2455,,,,,
India,50,one,54.223,1.2491,,,,,
India,51,one,38.841,1.5276,,,,,
India,52,one,34.993,1.3427,,,,,
India,53,one,52.522,1.2245,,,,,
India,54,one,34.155,1.3811,,,,,
India,55,one,48.169,1.6295,,,,,
India,56,one,30.958,0.99615,,,,,
India,57,one,49.861,1.2197,,,,,
India,58,one,39.521,1.206,,,,,
India,59,one,33.416,1.0512,,,,,
India,60,one,39.916,1.1666,,,,,
India,61,one,32.417,1.2392,,,,,
India,62,one,38.162,1.7257,,,,,
India,63,one,35.072,1.0268,,,,,
India,64,one,29.181,0.96757,,,,,
India,65,one,32.8,1.0991,,,,,
India,66,one,27.768,1.1295,,,,,
India,67,one,41.947,1.2412,,,,,
India,68,one,40.183,1.2496,,,,,
India,69,one,42.194,1.2727,,,,,
India,70,one,38.568,1.1752,,,,,
India,71,one,46.986,1.3939,,,,,
India,72,one,41.398,1.6219,,,,,
India,73,one,51.752,1.2193,,,,,
India,74,one,34.048,1.1373,,,,,
India,75,one,54.84,1.2509,,,,,
India,76,one,31.407,1.0721,,,,,
India,77,one,51.765,1.213,,,,,
India,78,one,45.891,1.4669,,,,,
India,79,one,51.463,1.2192,,,,,
India,80,one,51.902,1.2185,,,,,
India,81,one,51.177,1.5871,,,,,
India,82,one,29.912,1.2341,,,,,
India,83,one,53.975,1.2528,,,,,
India,84,one,45.002,1.3373,,,,,
India,85,one,43.975,1.2451,,,,,
India,86,one,51.895,1.2203,,,,,
India,87,one,40.929,1.3473,,,,,
India,88,one,30.519,1.0022,,,,,
India,89,one,49.184,1.5939,,,,,
India,90,one,42.91,1.2974,,,,,
India,91,one,51.89,1.2232,,,,,
India,92,one,49.974,1.6619,,,,,
India,93,one,28.852,1.1492,,,,,
India,94,one,58.775,1.4107,,,,,
India,95,one,52.78,1.2352,,,,,
India,96,one,31.648,1.2988,,,,,
India,97,one,59.603,1.4976,,,,,
India,98,one,51.865,1.5005,,,,,
India,99,one,39.453,1.6276,,,,,
India,100,one,52.906,1.2354,,,,,
India,101,one,29.975,0.99304,,,,,
India,102,one,30.094,1.216,,,,,
India,103,one,43.654,1.2273,,,,,
India,104,one,46.505,1.5496,,,,,
India,105,one,39.865,1.2021,,,,,
India,106,one,52.083,1.2173,,,,,
India,107,one,43.061,1.4712,,,,,
India,108,one,49.289,1.225,,,,,
India,109,one,65.802,1.7983,,,,,
India,110,one,59.309,1.3412,,,,,
India,111,one,54.328,1.2515,,,,,
India,112,one,33.886,1.065,,,,,
India,113,one,46.689,1.7331,,,,,
India,114,one,44.425,1.1324,,,,,
India,115,one,50.872,1.2172,,,,,
India,116,one,51.183,1.215,,,,,
India,117,one,31.373,1.0036,,,,,
India,118,one,30.49,1.2048,,,,,
India,119,one,31.293,1.2637,,,,,
India,120,one,27.854,1.1926,,,,,
India,121,one,46.041,1.5436,,,,,
India,122,one,32.637,1.0217,,,,,
India,123,one,36.525,1.2493,,,,,
India,124,one,37.314,1.2922,,,,,
India,125,one,27.693,1.1307,,,,,
India,126,one,34.188,1.1714,,,,,
India,127,one,44.397,1.4484,,,,,
India,128,one,39.541,1.6432,,,,,
India,129,one,44.224,1.3784,,,,,
India,130,one,27.064,1.1482,,,,,
India,131,one,53.104,1.2385,,,,,
India,132,one,53.763,1.2471,,,,,
India,133,one,31.312,1.3328,,,,,
India,134,one,34.55,1.0333,,,,,
India,135,one,44.747,1.5427,,,,,
India,136,one,49.45,1.6362,,,,,
India,137,one,34.69,1.3699,,,,,
India,138,one,43.539,1.3711,,,,,
India,139,one,38.858,1.1715,,,,,
India,140,one,34.729,1.1254,,,,,
India,141,one,40.459,1.0756,,,,,
India,142,one,50.912,1.2239,,,,,
India,143,one,53.789,1.9703,,,,,
India,144,one,29.472,1.2269,,,,,
India,145,one,46.889,2.0673,,,,,
India,146,one,29.312,1.1825,,,,,
India,147,one,35.457,1.1153,,,,,
India,148,one,29.584,1.2722,,,,,
India,149,one,32.781,1.3572,,,,,
India,150,one,47.802,1.1909,,,,,
India,151,one,41.601,1.141,,,,,
India,152,one,43.956,1.5416,,,,,
India,153,one,38.612,1.3138,,,,,
India,154,one,42.388,1.1997,,,,,
India,155,one,47.43,1.7707,,,,,
India,156,one,51.348,1.2152,,,,,
India,157,one,49.486,1.2254,,,,,
India,158,one,60.016,1.3462,,,,,
India,159,one,36.041,1.2336,,,,,
India,160,one,54.806,1.2586,,,,,
India,161,one,58.464,1.3274,,,,,
India,162,one,53.578,1.2482,,,,,
India,163,one,52.105,1.2214,,,,,
India,164,one,38.951,1.0908,,,,,
India,165,one,46.993,1.5626,,,,,
India,166,one,35.889,1.0766,,,,,
India,167,one,44.167,1.4961,,,,,
India,168,one,40.578,1.0976,,,,,
India,169,one,60.019,1.3557,,,,,
India,170,one,35.551,1.0751,,,,,
India,171,one,42.214,1.6931,,,,,
India,172,one,28.93,1.2058,,,,,
India,173,one,29.767,1.2026,,,,,
India,174,one,44.612,1.3794,,,,,
India,175,one,30.751,1.2402,,,,,
India,176,one,48.013,1.4082,,,,,
India,177,one,33.543,1.3318,,,,,
India,178,one,50.939,1.2149,,,,,
India,179,one,30.638,1.0264,,,,,
India,180,one,37.141,1.0773,,,,,
India,181,one,36.853,1.0524,,,,,
India,182,one,46.602,1.3579,,,,,
India,183,one,31.993,1.1669,,,,,
India,184,one,30.086,1.1913,,,,,
India,185,one,43.214,1.4226,,,,,
India,186,one,33.792,1.0212,,,,,
India,187,one,28.665,1.2358,,,,,
India,188,one,46.056,1.6274,,,,,
India,189,one,40.952,1.1353,,,,,
India,190,one,35.415,1.3142,,,,,
India,191,one,43.074,1.4876,,,,,
India,192,one,49.753,1.2246,,,,,
India,193,one,41.897,1.2849,,,,,
India,194,one,43.746,1.5172,,,,,
India,195,one,35.521,1.2617,,,,,
India,196,one,44.655,1.3799,,,,,
India,197,one,45.181,1.3923,,,,,
India,198,one,41.364,1.5981,,,,,
India,199,one,50.513,1.2207,,,,,
India,200,one,50.962,1.2167,,,,,
India,201,one,33.401,1.3181,,,,,
India,202,one,52.353,1.4678,,,,,
India,203,one,35.763,1.1892,,,,,
India,204,one,32.847,1.0227,,,,,
India,205,one,40.227,1.0828,,,,,
India,206,one,30.348,1.1305,,,,,
India,207,one,49.355,1.2261,,,,,
India,208,one,30.26,1.2362,,,,,
India,209,one,55.339,1.2653,,,,,
India,210,one,51.095,1.2181,,,,,
India,211,one,38.061,1.212,,,,,
India,212,one,35.923,1.1626,,,,,
India,213,one,49.944,1.2158,,,,,
India,214,one,32.075,1.0078,,,,,
India,215,one,44.864,1.4576,,,,,
India,216,one,31.257,1.1456,,,,,
India,217,one,42.696,1.874,,,,,
India,218,one,54.748,1.26,,,,,
India,219,one,40.572,1.2764,,,,,
India,220,one,47.315,1.448,,,,,
India,221,one,52.489,1.6496,,,,,
India,222,one,45.71,1.5753,,,,,
India,223,one,32.756,0.95783,,,,,
India,224,one,39.968,1.2473,,,,,
India,225,one,40.554,1.2506,,,,,
India,226,one,40.354,1.1062,,,,,
India,227,one,51.405,1.2196,,,,,
India,228,one,38.943,1.2586,,,,,
India,229,one,42.666,1.2641,,,,,
India,230,one,41.406,1.5346,,,,,
India,231,one,52.877,1.2325,,,,,
India,232,one,50.878,1.216,,,,,
India,233,one,35.621,1.1611,,,,,
India,234,one,29.752,1.15,,,,,
India,235,one,58.623,1.7572,,,,,
India,236,one,48.291,1.6294,,,,,
India,237,one,29.637,1.2369,,,,,
India,238,one,27.869,1.1594,,,,,
India,239,one,28.227,1.1962,,,,,
India,240,one,44.159,1.4528,,,,,
India,241,one,53.839,1.244,,,,,
India,242,one,42.099,1.3714,,,,,
India,243,one,54.207,1.2492,,,,,
India,244,one,33.04,0.9967,,,,,
India,245,one,44.448,1.3227,,,,,
India,246,one,33.649,1.1041,,,,,
India,247,one,50.529,1.2212,,,,,
India,248,one,38.749,1.1699,,,,,
India,249,one,28.539,1.1519,,,,,
India,250,one,28.744,1.1187,,,,,
India,251,one,34.861,1.1629,,,,,
India,252,one,51.348,1.222,,,,,
India,253,one,40.714,1.1201,,,,,
India,254,one,39.819,1.2096,,,,,
India,255,one,55.024,1.2592,,,,,
India,256,one,46.9,1.3391,,,,,
India,257,one,48.146,1.5582,,,,,
India,258,one,49.573,1.2244,,,,,
India,259,one,41.606,1.1485,,,,,
India,260,one,52.921,1.2363,,,,,
India,261,one,28.001,1.1193,,,,,
India,262,one,52.464,1.223,,,,,
India,263,one,39.842,1.3087,,,,,
India,264,one,49.019,1.5442,,,,,
India,265,one,46.482,1.3137,,,,,
India,266,one,30.833,1.2899,,,,,
India,267,one,32.951,1.2435,,,,,
India,268,one,59.994,1.3494,,,,,
India,269,one,26.336,1.091,,,,,
India,270,one,44.165,1.5018,,,,,
India,271,one,28.577,1.1738,,,,,
India,272,one,42.21,1.3456,,,,,
India,273,one,49.685,1.2191,,,,,
India,274,one,37.445,1.0423,,,,,
India,275,one,48.73,1.7086,,,,,
India,276,one,44.207,1.2969,,,,,
India,277,one,53.431,1.2464,,,,,
India,278,one,31.003,1.0588,,,,,
India,279,one,49.397,1.2187,,,,,
India,280,one,54.506,1.5146,,,,,
India,281,one,52.148,1.2292,,,,,
India,282,one,31.22,1.1448,,,,,
India,283,one,39.698,1.1809,,,,,
India,284,one,50.386,1.2143,,,,,
India,285,one,51.726,1.2117,,,,,
India,286,one,44.345,1.5403,,,,,
India,287,one,40.812,1.2912,,,,,
India,288,one,51.811,1.2235,,,,,
India,289,one,37.722,1.1054,,,,,
India,290,one,37.689,1.139,,,,,
India,291,one,41.677,1.2865,,,,,
India,292,one,48.131,1.6031,,,,,
India,293,one,51.919,1.2205,,,,,
India,294,one,42.751,1.5456,,,,,
India,295,one,35.038,1.0531,,,,,
India,296,one,44.318,1.2507,,,,,
India,297,one,54.338,1.2431,,,,,
India,298,one,57.486,1.9532,,,,,
India,299,one,33.56,1.129,,,,,
India,300,one,52.397,1.2271,,,,,
India,301,one,34.882,1.4219,,,,,
India,302,one,39.353,1.1594,,,,,
India,303,one,53.742,1.2353,,,,,
India,304,one,47.655,1.6486,,,,,
India,305,one,32.927,1.0012,,,,,
India,306,one,41.424,1.2975,,,,,
India,307,one,50.684,1.2139,,,,,
India,308,one,38.409,1.711,,,,,
India,309,one,34.878,1.26,,,,,
India,310,one,35.736,1.1838,,,,,
India,311,one,42.209,1.7478,,,,,
India,312,one,46.96,1.8626,,,,,
India,313,one,54.318,1.2496,,,,,
India,314,one,30.95,1.2871,,,,,
India,315,one,48.901,1.5522,,,,,
India,316,one,34.827,1.0215,,,,,
India,317,one,42.881,1.5052,,,,,
India,318,one,49.116,1.2323,,,,,
India,319,one,44.515,1.2558,,,,,
India,320,one,32.103,1.1167,,,,,
India,321,one,33.934,1.0866,,,,,
India,322,one,45.073,1.4269,,,,,
India,323,one,32.221,0.97253,,,,,
India,324,one,59.501,1.3346,,,,,
India,325,one,37.204,1.2498,,,,,
India,326,one,37.024,1.4804,,,,,
India,327,one,37.528,1.165,,,,,
India,328,one,50.864,1.2148,,,,,
India,329,one,45.266,1.6353,,,,,
India,330,one,34.342,1.1385,,,,,
India,331,one,50.827,1.2066,,,,,
India,332,one,51.114,1.2163,,,,,
India,333,one,50.904,2.0883,,,,,
India,334,one,36.068,1.1243,,,,,
India,335,one,50.702,1.2151,,,,,
India,336,one,33.099,1.2581,,,,,
India,337,one,31.57,1.2742,,,,,
India,338,one,39.899,1.2612,,,,,
India,339,one,53.422,1.2399,,,,,
India,340,one,55.047,1.2645,,,,,
India,341,one,47.633,1.4268,,,,,
India,342,one,53.137,1.2442,,,,,
India,343,one,51.991,1.2221,,,,,
India,344,one,44.843,1.6596,,,,,
India,345,one,34.58,1.0861,,,,,
India,346,one,48.242,1.5361,,,,,
India,347,one,33.929,1.2596,,,,,
India,348,one,50.157,1.5844,,,,,
India,349,one,44.024,1.332,,,,,
India,350,one,26.814,1.1115,,,,,
India,351,one,54.133,1.2495,,,,,
India,352,one,32.017,1.2237,,,,,
India,353,one,33.452,1.3194,,,,,
India,354,one,38.546,1.2269,,,,,
India,355,one,39.821,1.6965,,,,,
India,356,one,48.896,1.6173,,,,,
India,357,one,31.921,1.0659,,,,,
India,358,one,26.457,1.0551,,,,,
India,359,one,45.444,1.6814,,,,,
India,360,one,36.054,1.5297,,,,,
India,361,one,51.879,1.2188,,,,,
India,362,one,46.508,1.5122,,,,,
India,363,one,32.526,1.0232,,,,,
India,364,one,49.878,1.2127,,,,,
India,365,one,30.334,1.2841,,,,,
India,366,one,46.903,1.2896,,,,,
India,367,one,31.264,1.0996,,,,,
India,368,one,46.932,1.3966,,,,,
India,369,one,51.612,1.2191,,,,,
India,370,one,45.274,1.6537,,,,,
India,371,one,40.944,1.2339,,,,,
India,372,one,26.526,1.1147,,,,,
India,373,one,38.142,1.1385,,,,,
India,374,one,44.475,1.5587,,,,,
India,375,one,46.41,1.6759,,,,,
India,376,one,50.928,1.2185,,,,,
India,377,one,41.345,1.2153,,,,,
India,378,one,28.676,1.1341,,,,,
India,379,one,32.041,1.3419,,,,,
India,380,one,31.468,1.2931,,,,,
India,381,one,34.42,1.4595,,,,,
India,382,one,50.268,1.2153,,,,,
India,383,one,44.542,1.904,,,,,
India,384,one,51.364,1.2228,,,,,
India,385,one,39.303,1.4337,,,,,
India,386,one,30.493,1.2804,,,,,
India,387,one,52.614,1.2336,,,,,
India,388,one,37.856,1.1713,,,,,
India,389,one,46.009,1.6039,,,,,
India,390,one,56.902,1.4637,,,,,
India,391,one,37.579,1.1053,,,,,
India,392,one,37.541,1.2186,,,,,
India,393,one,41.713,1.3313,,,,,
India,394,one,28.738,1.175,,,,,
India,395,one,46.702,1.1687,,,,,
India,396,one,43.423,1.6247,,,,,
India,397,one,46.1,1.2475,,,,,
India,398,one,41.512,1.5003,,,,,
India,399,one,46.303,1.533,,,,,
India,400,one,38.807,1.2431,,,,,
India,401,one,28.698,1.2285,,,,,
India,402,one,33.768,1.0601,,,,,
India,403,one,42.145,1.272,,,,,
India,404,one,51.111,1.216,,,,,
India,405,one,29.067,1.1097,,,,,
India,406,one,32.037,1.2422,,,,,
India,407,one,42.802,1.767,,,,,
India,408,one,41.708,1.302,,,,,
India,409,one,54.501,1.2581,,,,,
India,410,one,47.087,1.6236,,,,,
India,411,one,44.544,1.555,,,,,
India,412,one,36.481,1.2824,,,,,
India,413,one,45.736,1.5697,,,,,
India,414,one,27.356,1.1033,,,,,
India,415,one,41.202,1.2003,,,,,
India,416,one,36.024,1.2136,,,,,
India,417,one,49.655,1.214,,,,,
India,418,one,43.962,1.2603,,,,,
India,419,one,27.937,1.2047,,,,,
India,420,one,27.846,1.1308,,,,,
India,421,one,28.1,1.0905,,,,,
India,422,one,31.708,1.3589,,,,,
India,423,one,49.68,1.2169,,,,,
India,424,one,54.823,1.2545,,,,,
India,425,one,54.292,1.247,,,,,
India,426,one,25.89,1.1346,,,,,
India,427,one,46.289,1.5207,,,,,
India,428,one,50.174,1.2127,,,,,
India,429,one,51.705,1.2158,,,,,
India,430,one,26.531,1.0916,,,,,
India,431,one,42.248,1.1982,,,,,
India,432,one,34.633,1.1152,,,,,
India,433,one,51.933,1.2253,,,,,
India,434,one,52.13,1.2215,,,,,
India,435,one,50.798,1.5223,,,,,
India,436,one,36.693,1.2234,,,,,
India,437,one,39.32,1.2626,,,,,
India,438,one,53.543,1.2441,,,,,
India,439,one,49.578,1.4461,,,,,
India,440,one,29.452,1.0031,,,,,
India,441,one,41.989,1.699,,,,,
India,442,one,27.823,1.1524,,,,,
India,443,one,36.602,1.1942,,,,,
India,444,one,52.554,1.2329,,,,,
India,445,one,41.245,1.3963,,,,,
India,446,one,53.867,1.2475,,,,,
India,447,one,43.474,1.2953,,,,,
India,448,one,41.447,1.1113,,,,,
India,449,one,59.664,1.3425,,,,,
India,450,one,42.719,1.3724,,,,,
India,451,one,42.199,1.2621,,,,,
India,452,one,34.618,1.0276,,,,,
India,453,one,28.227,1.111,,,,,
India,454,one,52.316,1.2258,,,,,
India,455,one,50.246,1.2098,,,,,
India,456,one,59.761,1.3455,,,,,
India,457,one,53.434,1.242,,,,,
India,458,one,41.124,1.6938,,,,,
India,459,one,54.525,1.2518,,,,,
India,460,one,43.784,1.3135,,,,,
India,461,one,54.739,1.2584,,,,,
India,462,one,36.432,1.1046,,,,,
India,463,one,42.923,1.2963,,,,,
India,464,one,37.097,1.082,,,,,
India,465,one,33.594,1.1262,,,,,
India,466,one,38.32,1.4445,,,,,
India,467,one,38.19,1.2157,,,,,
India,468,one,27.582,1.1564,,,,,
India,469,one,47.115,1.7471,,,,,
India,470,one,59.319,1.3392,,,,,
India,471,one,31.997,1.4085,,,,,
India,472,one,33.881,1.0656,,,,,
India,473,one,45.183,1.61,,,,,
India,474,one,51.366,1.214,,,,,
India,475,one,45,1.2932,,,,,
India,476,one,47.968,1.399,,,,,
India,477,one,43.225,1.4068,,,,,
India,478,one,43.656,1.3965,,,,,
India,479,one,41.469,1.054,,,,,
India,480,one,32.122,1.4355,,,,,
India,481,one,50.637,1.2153,,,,,
India,482,one,40.072,1.2557,,,,,
India,483,one,31.664,1.1338,,,,,
India,484,one,34.329,1.3505,,,,,
India,485,one,46.362,1.4853,,,,,
India,486,one,35.906,1.0749,,,,,
India,487,one,39.018,1.0423,,,,,
India,488,one,55.598,1.7271,,,,,
India,489,one,37.186,1.3691,,,,,
India,490,one,32.931,1.1107,,,,,
India,491,one,32.815,1.0458,,,,,
India,492,one,38.73,1.4036,,,,,
India,493,one,54.827,1.255,,,,,
India,494,one,52.463,1.2251,,,,,
India,495,one,53.933,1.2516,,,,,
India,496,one,30.226,1.1815,,,,,
India,497,one,26.608,1.1474,,,,,
India,498,one,43.564,1.3362,,,,,
India,499,one,33.83,1.5198,,,,,
India,500,one,30.278,1.2614,,,,,
India,501,one,36.1,1.3583,,,,,
India,502,one,35.437,1.12,,,,,
India,503,one,39.599,1.2591,,,,,
India,504,one,37.32,1.0651,,,,,
India,505,one,45.334,1.2504,,,,,
India,506,one,33.074,1.0551,,,,,
India,507,one,46.422,1.2245,,,,,
India,508,one,33.717,1.3155,,,,,
India,509,one,47.138,1.5276,,,,,
India,510,one,47.368,1.35,,,,,
India,511,one,33.868,1.0587,,,,,
India,512,one,51,1.2131,,,,,
India,513,one,35.4,1.0813,,,,,
India,514,one,58.515,1.497,,,,,
India,515,one,40.527,1.2721,,,,,
India,516,one,29.595,1.138,,,,,
India,517,one,50.421,1.2135,,,,,
India,518,one,50.259,1.2201,,,,,
India,519,one,31.23,1.1243,,,,,
India,520,one,44.103,1.7373,,,,,
India,521,one,52.591,1.2236,,,,,
India,522,one,37.016,1.4722,,,,,
India,523,one,27.898,1.1881,,,,,
India,524,one,50.475,1.2124,,,,,
India,525,one,43.502,1.795,,,,,
India,526,one,53.037,1.2418,,,,,
India,527,one,45.471,1.262,,,,,
India,528,one,27.009,1.1415,,,,,
India,529,one,27.306,1.2111,,,,,
India,530,one,42.883,1.4802,,,,,
India,531,one,27.927,1.1872,,,,,
India,532,one,41.241,1.3155,,,,,
India,533,one,28.295,1.184,,,,,
India,534,one,32.302,1.3441,,,,,
India,535,one,50.316,1.2151,,,,,
India,536,one,50.302,1.2101,,,,,
India,537,one,46.619,1.9411,,,,,
India,538,one,52.482,1.4205,,,,,
India,539,one,33.033,1.0191,,,,,
India,540,one,38.801,1.3139,,,,,
India,541,one,37.739,1.1333,,,,,
India,542,one,32.51,1.2579,,,,,
India,543,one,27.455,1.0632,,,,,
India,544,one,36.308,1.1725,,,,,
India,545,one,51.166,1.223,,,,,
India,546,one,38.02,1.1701,,,,,
India,547,one,49.695,1.5575,,,,,
India,548,one,32.359,1.4005,,,,,
India,549,one,51.966,1.2249,,,,,
India,550,one,59.003,1.3383,,,,,
India,551,one,39.956,1.2594,,,,,
India,552,one,48.918,1.9282,,,,,
India,553,one,32.565,1.0892,,,,,
India,554,one,27.776,1.1539,,,,,
India,555,one,46.627,1.936,,,,,
India,556,one,43.245,1.1784,,,,,
India,557,one,48.861,1.6448,,,,,
India,558,one,32.41,1.3799,,,,,
India,559,one,49.91,1.2223,,,,,
India,560,one,30.797,0.99861,,,,,
India,561,one,43.661,1.4709,,,,,
India,562,one,30.833,1.2237,,,,,
India,563,one,28.094,1.1618,,,,,
India,564,one,29.631,1.232,,,,,
India,565,one,28.991,1.0727,,,,,
India,566,one,27.379,1.1223,,,,,
India,567,one,47.352,1.3358,,,,,
India,568,one,37.223,1.1904,,,,,
India,569,one,36.703,1.1654,,,,,
India,570,one,35.278,1.3229,,,,,
India,571,one,37.537,1.0942,,,,,
India,572,one,30.835,1.3508,,,,,
India,573,one,40.799,1.3875,,,,,
India,574,one,52.574,2.0544,,,,,
India,575,one,39.314,1.3021,,,,,
India,576,one,38.829,1.0891,,,,,
India,577,one,44.604,1.2727,,,,,
India,578,one,54.038,1.2498,,,,,
India,579,one,36.316,1.4324,,,,,
India,580,one,50.334,1.2158,,,,,
India,581,one,32.006,1.0557,,,,,
India,582,one,31.39,1.0466,,,,,
India,583,one,43.739,1.684,,,,,
India,584,one,45.604,1.6896,,,,,
India,585,one,51.556,2.0068,,,,,
India,586,one,30.359,1.2014,,,,,
India,587,one,49.457,1.5229,,,,,
India,588,one,38.827,1.1656,,,,,
India,589,one,34.531,1.4037,,,,,
India,590,one,50.636,1.2154,,,,,
India,591,one,48.156,1.5622,,,,,
India,592,one,28.913,1.256,,,,,
India,593,one,45.609,1.1735,,,,,
India,594,one,42.326,1.1374,,,,,
India,595,one,58.848,1.6547,,,,,
India,596,one,37.285,1.0152,,,,,
India,597,one,49.856,1.2179,,,,,
India,598,one,33.837,1.2855,,,,,
India,599,one,39.04,1.577,,,,,
India,600,one,45.021,1.4902,,,,,
India,601,one,53.013,1.239,,,,,
India,602,one,51.253,1.2153,,,,,
India,603,one,53.373,1.5928,,,,,
India,604,one,49.564,1.2225,,,,,
India,605,one,51.34,1.2196,,,,,
India,606,one,53.95,1.2386,,,,,
India,607,one,55.02,1.2591,,,,,
India,608,one,42.093,1.2481,,,,,
India,609,one,58.675,1.327,,,,,
India,610,one,59.476,1.3433,,,,,
India,611,one,46.848,1.3469,,,,,
India,612,one,37.44,1.1512,,,,,
India,613,one,52.719,1.2337,,,,,
India,614,one,43.23,1.3762,,,,,
India,615,one,50.732,1.208,,,,,
India,616,one,50.845,2.1473,,,,,
India,617,one,46.391,1.4627,,,,,
India,618,one,44.642,1.1526,,,,,
India,619,one,30.823,1.2595,,,,,
India,620,one,35.066,1.3428,,,,,
India,621,one,42.099,1.3258,,,,,
India,622,one,44.408,1.5542,,,,,
India,623,one,41.197,1.2868,,,,,
India,624,one,49.596,1.2271,,,,,
India,625,one,50.657,1.2198,,,,,
India,626,one,49.89,1.218,,,,,
India,627,one,43.664,1.2508,,,,,
India,628,one,53.616,1.2344,,,,,
India,629,one,28.955,1.206,,,,,
India,630,one,50.91,1.2161,,,,,
India,631,one,28.107,1.1765,,,,,
India,632,one,34.463,1.0849,,,,,
India,633,one,45.39,1.3891,,,,,
India,634,one,32.848,1.0252,,,,,
India,635,one,39.395,1.4181,,,,,
India,636,one,38.304,1.3129,,,,,
India,637,one,28.421,1.1434,,,,,
India,638,one,44.629,1.2786,,,,,
India,639,one,34.971,1.4581,,,,,
India,640,one,50.924,1.2193,,,,,
India,641,one,51.396,1.2221,,,,,
India,642,one,44.106,1.6606,,,,,
India,643,one,48.693,1.4154,,,,,
India,644,one,37.222,1.4555,,,,,
India,645,one,34.681,1.004,,,,,
India,646,one,53.81,1.2407,,,,,
India,647,one,29.841,1.1314,,,,,
India,648,one,50.414,1.2146,,,,,
India,649,one,39.05,1.2921,,,,,
India,650,one,52.342,1.2285,,,,,
India,651,one,37.062,1.2065,,,,,
India,652,one,36.972,1.1999,,,,,
India,653,one,52.436,1.2259,,,,,
India,654,one,54.099,1.6361,,,,,
India,655,one,42.067,1.4795,,,,,
India,656,one,51.104,1.2134,,,,,
India,657,one,31.465,1.054,,,,,
India,658,one,42.677,1.1046,,,,,
India,659,one,41.844,1.4657,,,,,
India,660,one,31.745,1.3143,,,,,
India,661,one,30.918,1.3258,,,,,
India,662,one,60.201,1.351,,,,,
India,663,one,54.321,1.2486,,,,,
India,664,one,27.299,1.1399,,,,,
India,665,one,29.242,1.2143,,,,,
India,666,one,29.746,1.2702,,,,,
India,667,one,32.719,1.2955,,,,,
India,668,one,28.786,1.1912,,,,,
India,669,one,36.983,1.1178,,,,,
India,670,one,59.228,2.3525,,,,,
India,671,one,50.631,1.2072,,,,,
India,672,one,54.89,1.261,,,,,
India,673,one,31.204,1.0153,,,,,
India,674,one,48.584,1.2481,,,,,
India,675,one,54.687,1.2559,,,,,
India,676,one,33.159,1.363,,,,,
India,677,one,39.457,1.103,,,,,
India,678,one,39.22,1.05,,,,,
India,679,one,33.229,1.1067,,,,,
India,680,one,54.187,1.2496,,,,,
India,681,one,50.054,1.2159,,,,,
India,682,one,32.984,1.3403,,,,,
India,683,one,30.984,1.2308,,,,,
India,684,one,50.268,1.2126,,,,,
India,685,one,34.667,1.1824,,,,,
India,686,one,27.101,1.1231,,,,,
India,687,one,51.881,1.2298,,,,,
India,688,one,29.635,1.2451,,,,,
India,689,one,42.295,1.3509,,,,,
India,690,one,33.986,1.0865,,,,,
India,691,one,37.97,1.2947,,,,,
India,692,one,46.319,1.6241,,,,,
India,693,one,51.606,1.2139,,,,,
India,694,one,59.146,1.3387,,,,,
India,695,one,36.469,1.131,,,,,
India,696,one,37.965,1.2356,,,,,
India,697,one,32.277,0.98646,,,,,
India,698,one,52.049,1.2238,,,,,
India,699,one,55.465,1.2618,,,,,
India,700,one,44.902,1.5165,,,,,
India,701,one,42.087,1.2851,,,,,
India,702,one,60.572,1.3612,,,,,
India,703,one,36.431,1.1937,,,,,
India,704,one,39.95,1.6826,,,,,
India,705,one,33.974,1.1074,,,,,
India,706,one,41.912,1.8345,,,,,
India,707,one,39.527,1.2491,,,,,
India,708,one,44.232,1.4809,,,,,
India,709,one,32.368,1.0441,,,,,
India,710,one,51.117,1.216,,,,,
India,711,one,35.542,1.1897,,,,,
India,712,one,27.368,1.1653,,,,,
India,713,one,54.965,1.2604,,,,,
India,714,one,42.818,1.4792,,,,,
India,715,one,43.416,1.4549,,,,,
India,716,one,34.611,0.98074,,,,,
India,717,one,34.651,1.3177,,,,,
India,718,one,46.101,1.4286,,,,,
India,719,one,52.976,1.2337,,,,,
India,720,one,31.17,1.2946,,,,,
India,721,one,52.2,1.217,,,,,
India,722,one,47.322,1.4229,,,,,
India,723,one,38.993,1.2356,,,,,
India,724,one,40.096,1.3339,,,,,
India,725,one,28.888,1.156,,,,,
India,726,one,40.059,1.3378,,,,,
India,727,one,31.533,1.3205,,,,,
India,728,one,53.723,1.243,,,,,
India,729,one,48.753,1.3642,,,,,
India,730,one,34.138,1.3774,,,,,
India,731,one,30.119,1.265,,,,,
India,732,one,34.534,1.1264,,,,,
India,733,one,55.641,1.5104,,,,,
India,734,one,32.251,1.4011,,,,,
India,735,one,41.495,1.3129,,,,,
India,736,one,48.243,1.2753,,,,,
India,737,one,36.659,1.0913,,,,,
India,738,one,50.853,1.2189,,,,,
India,739,one,59.669,1.3468,,,,,
India,740,one,59.134,1.3395,,,,,
India,741,one,38.819,1.0551,,,,,
India,742,one,32.252,1.2907,,,,,
India,743,one,51.346,1.3416,,,,,
India,744,one,36.287,1.2332,,,,,
India,745,one,27.184,1.1413,,,,,
India,746,one,45.879,1.3753,,,,,
India,747,one,50.006,1.217,,,,,
India,748,one,51.215,1.2178,,,,,
India,749,one,51.117,1.2212,,,,,
India,750,one,42.285,1.5096,,,,,
India,751,one,58.882,1.3267,,,,,
India,752,one,60.35,1.3603,,,,,
India,753,one,53.675,1.2455,,,,,
India,754,one,27.962,1.2299,,,,,
India,755,one,46.111,1.2807,,,,,
India,756,one,43.636,1.4291,,,,,
India,757,one,44.665,1.3868,,,,,
India,758,one,46.888,1.6064,,,,,
India,759,one,31.438,1.2834,,,,,
India,760,one,29.487,1.2048,,,,,
India,761,one,42.499,1.5514,,,,,
India,762,one,43.451,1.2803,,,,,
India,763,one,48.903,1.6787,,,,,
India,764,one,43.271,1.2969,,,,,
India,765,one,55.091,1.2631,,,,,
India,766,one,45.995,1.4572,,,,,
India,767,one,44.714,1.3397,,,,,
India,768,one,34.304,1.364,,,,,
India,769,one,29.617,1.0896,,,,,
India,770,one,50.166,1.2117,,,,,
India,771,one,58.794,1.3273,,,,,
India,772,one,44.306,1.5151,,,,,
India,773,one,31.896,1.0202,,,,,
India,774,one,44.355,1.2325,,,,,
India,775,one,53.48,1.2398,,,,,
India,776,one,32.21,1.2983,,,,,
India,777,one,38.148,1.2105,,,,,
India,778,one,50.335,2.113,,,,,
India,779,one,50.588,1.2122,,,,,
India,780,one,48.881,1.7303,,,,,
India,781,one,48.881,1.32,,,,,
India,782,one,29.536,1.1676,,,,,
India,783,one,36.002,1.1194,,,,,
India,784,one,38.226,1.379,,,,,
India,785,one,44.726,1.0913,,,,,
India,786,one,43.316,1.3564,,,,,
India,787,one,52.311,1.2225,,,,,
India,788,one,33.826,1.3794,,,,,
India,789,one,38.842,1.3183,,,,,
India,790,one,46.205,1.3915,,,,,
India,791,one,47.523,1.3282,,,,,
India,792,one,48.834,1.7358,,,,,
India,793,one,50.377,1.2164,,,,,
India,794,one,49.602,1.2235,,,,,
India,795,one,34.181,1.0905,,,,,
India,796,one,27.987,1.1503,,,,,
India,797,one,30.85,1.2205,,,,,
India,798,one,51.518,1.2157,,,,,
India,799,one,29.375,1.2228,,,,,
India,800,one,36.145,1.0671,,,,,
India,801,one,50.602,1.2148,,,,,
India,802,one,50.447,1.2114,,,,,
India,803,one,54.002,2.1821,,,,,
India,804,one,41.686,1.5577,,,,,
India,805,one,54.324,1.5895,,,,,
India,806,one,50.28,1.22,,,,,
India,807,one,33.049,1.0549,,,,,
India,808,one,59.103,1.3336,,,,,
India,809,one,31.598,1.0754,,,,,
India,810,one,36.619,1.0019,,,,,
India,811,one,27.419,1.1676,,,,,
India,812,one,30.865,1.2781,,,,,
India,813,one,49.892,1.2171,,,,,
India,814,one,49.197,1.2351,,,,,
India,815,one,52.483,1.2269,,,,,
India,816,one,44.316,1.2732,,,,,
India,817,one,39.103,1.189,,,,,
India,818,one,36.545,1.0596,,,,,
India,819,one,36.273,1.1059,,,,,
India,820,one,41.843,1.2133,,,,,
India,821,one,32.392,1.2979,,,,,
India,822,one,36.401,1.4058,,,,,
India,823,one,50.887,1.212,,,,,
India,824,one,40.076,1.4441,,,,,
India,825,one,54.272,1.2488,,,,,
India,826,one,30.082,1.1534,,,,,
India,827,one,29.308,1.1924,,,,,
India,828,one,54.445,1.2534,,,,,
India,829,one,44.081,1.4121,,,,,
India,830,one,54.422,1.2484,,,,,
India,831,one,38.973,1.1006,,,,,
India,832,one,49.795,1.2229,,,,,
India,833,one,53.495,1.2364,,,,,
India,834,one,40.798,1.1404,,,,,
India,835,one,30.436,1.0733,,,,,
India,836,one,38.193,1.7757,,,,,
India,837,one,52.219,1.2288,,,,,
India,838,one,55.256,2.1917,,,,,
India,839,one,35.854,1.3424,,,,,
India,840,one,54.781,1.2562,,,,,
India,841,one,59.994,1.3534,,,,,
India,842,one,32.787,1.0828,,,,,
India,843,one,51.934,1.2228,,,,,
India,844,one,36.143,1.54,,,,,
India,845,one,35.989,1.0506,,,,,
India,846,one,40.894,1.1487,,,,,
India,847,one,59.009,1.3367,,,,,
India,848,one,36.959,1.1263,,,,,
India,849,one,42.571,1.4362,,,,,
India,850,one,46.993,1.6354,,,,,
India,851,one,51.881,1.2195,,,,,
India,852,one,52.159,1.223,,,,,
India,853,one,54.594,1.256,,,,,
India,854,one,44.415,1.5971,,,,,
India,855,one,59.746,1.3485,,,,,
India,856,one,50.691,1.2156,,,,,
India,857,one,50.331,1.5045,,,,,
India,858,one,34.024,1.0722,,,,,
India,859,one,42.415,1.5709,,,,,
India,860,one,44.825,1.4164,,,,,
India,861,one,53.298,1.2418,,,,,
India,862,one,47.196,2.1311,,,,,
India,863,one,54.504,1.2596,,,,,
India,864,one,60.38,1.3513,,,,,
India,865,one,51.236,1.2153,,,,,
India,866,one,33.19,1.2994,,,,,
India,867,one,50.273,1.2174,,,,,
India,868,one,37.869,1.1454,,,,,
India,869,one,33.216,1.0968,,,,,
India,870,one,43.891,1.3747,,,,,
India,871,one,45.589,1.7643,,,,,
India,872,one,35.701,1.2973,,,,,
India,873,one,52.326,1.6818,,,,,
India,874,one,39.761,1.2905,,,,,
India,875,one,35.765,1.483,,,,,
India,876,one,45.082,1.7609,,,,,
India,877,one,28.65,1.1701,,,,,
India,878,one,51.595,1.22,,,,,
India,879,one,40.002,1.1118,,,,,
India,880,one,41.336,1.1918,,,,,
India,881,one,39.622,1.2422,,,,,
India,882,one,41.629,1.1965,,,,,
India,883,one,43.528,1.5941,,,,,
India,884,one,54.177,1.2506,,,,,
India,885,one,51.08,1.2117,,,,,
India,886,one,29.873,1.2715,,,,,
India,887,one,36.626,1.5178,,,,,
India,888,one,30.232,1.201,,,,,
India,889,one,54.809,1.2597,,,,,
India,890,one,40.14,1.1455,,,,,
India,891,one,46.183,1.4828,,,,,
India,892,one,31.9,1.062,,,,,
India,893,one,38.075,1.2455,,,,,
India,894,one,29.134,1.1814,,,,,
India,895,one,34.549,1.0949,,,,,
India,896,one,42.252,1.2404,,,,,
India,897,one,33.328,1.1249,,,,,
India,898,one,53.869,1.2401,,,,,
India,899,one,34.533,1.4044,,,,,
India,900,one,50.949,1.2154,,,,,
India,901,one,42.603,1.2426,,,,,
India,902,one,40.34,1.3949,,,,,
India,903,one,53.668,1.2374,,,,,
India,904,one,36.93,1.0953,,,,,
India,905,one,30.455,1.3381,,,,,
India,906,one,38.709,1.1275,,,,,
India,907,one,51.178,1.2163,,,,,
India,908,one,54.996,1.2543,,,,,
India,909,one,41.643,1.3448,,,,,
India,910,one,26.718,1.1327,,,,,
India,911,one,41.793,1.1433,,,,,
India,912,one,44.457,1.3939,,,,,
India,913,one,59.694,1.3476,,,,,
India,914,one,38.937,1.2611,,,,,
India,915,one,54.462,1.2525,,,,,
India,916,one,37.2,1.1756,,,,,
India,917,one,52.332,1.2225,,,,,
India,918,one,30.905,1.3309,,,,,
India,919,one,53.952,1.2457,,,,,
India,920,one,54.433,1.2521,,,,,
India,921,one,50.417,1.2199,,,,,
India,922,one,45.331,1.8994,,,,,
India,923,one,47.606,1.4668,,,,,
India,924,one,41.874,1.1791,,,,,
India,925,one,42.459,1.7151,,,,,
India,926,one,44.675,1.2997,,,,,
India,927,one,34.773,1.0895,,,,,
India,928,one,31.266,1.018,,,,,
India,929,one,43.946,1.6559,,,,,
India,930,one,36.247,1.4116,,,,,
India,931,one,42.622,1.1205,,,,,
India,932,one,27.333,1.1038,,,,,
India,933,one,40.553,1.071,,,,,
India,934,one,50.573,1.2192,,,,,
India,935,one,28.102,1.1454,,,,,
India,936,one,50.459,1.2218,,,,,
India,937,one,50.725,2.0194,,,,,
India,938,one,52.785,1.2295,,,,,
India,939,one,27.148,1.1419,,,,,
India,940,one,44.759,1.4413,,,,,
India,941,one,46.236,1.6348,,,,,
India,942,one,31.854,1.0592,,,,,
India,943,one,50.51,1.2114,,,,,
India,944,one,42.06,1.2664,,,,,
India,945,one,45.063,1.304,,,,,
India,946,one,33.173,1.1014,,,,,
India,947,one,39.964,1.3895,,,,,
India,948,one,59.787,1.3458,,,,,
India,949,one,54.448,1.2556,,,,,
India,950,one,51.166,1.2224,,,,,
India,951,one,37.184,1.0133,,,,,
India,952,one,26.636,1.0591,,,,,
India,953,one,31.579,1.0031,,,,,
India,954,one,37.837,1.2398,,,,,
India,955,one,27.497,1.1072,,,,,
India,956,one,50.587,1.2781,,,,,
India,957,one,35.88,1.0619,,,,,
India,958,one,34.579,1.1072,,,,,
India,959,one,48.68,1.7025,,,,,
India,960,one,35.756,1.0105,,,,,
India,961,one,42.375,1.7109,,,,,
India,962,one,36.882,1.5335,,,,,
India,963,one,28.757,1.1751,,,,,
India,964,one,49.811,1.2161,,,,,
India,965,one,27.241,1.0504,,,,,
India,966,one,55.611,1.6786,,,,,
India,967,one,46.052,1.2833,,,,,
India,968,one,45.265,1.783,,,,,
India,969,one,54.972,1.5616,,,,,
India,970,one,33.511,1.1632,,,,,
India,971,one,42.617,1.2742,,,,,
India,972,one,54.079,1.2541,,,,,
India,973,one,59.422,1.3376,,,,,
India,974,one,35.996,1.1427,,,,,
India,975,one,33.369,1.3905,,,,,
India,976,one,46.3,1.5253,,,,,
India,977,one,51.605,1.2179,,,,,
India,978,one,48.904,1.6825,,,,,
India,979,one,46.404,1.4851,,,,,
India,980,one,41.827,1.5143,,,,,
India,981,one,30.991,1.2471,,,,,
India,982,one,36.554,1.0998,,,,,
India,983,one,40.99,1.4044,,,,,
India,984,one,30.635,1.24,,,,,
India,985,one,32.612,1.0441,,,,,
India,986,one,48.096,1.5008,,,,,
India,987,one,34.198,1.2897,,,,,
India,988,one,49.359,1.3553,,,,,
India,989,one,26.231,1.0788,,,,,
India,990,one,38.371,1.1304,,,,,
India,991,one,43.613,1.4528,,,,,
India,992,one,44.099,1.8653,,,,,
India,993,one,33.43,1.0492,,,,,
India,994,one,43.884,1.4201,,,,,
India,995,one,51.163,1.2129,,,,,
India,996,one,40.255,1.3243,,,,,
India,997,one,40.38,1.2149,,,,,
India,998,one,49.099,1.5076,,,,,
India,999,one,26.866,1.1284,,,,,
India,1000,one,41.241,1.4679,,,,,
USA,0,one,94.662,1.8006,,,,,
USA,1,one,98.606,1.9399,,,,,
USA,2,one,94.568,1.6499,,,,,
USA,3,one,109.35,2.4682,,,,,
USA,4,one,51.006,1.043,,,,,
USA,5,one,103.59,3.0664,,,,,
USA,6,one,56.142,1.122,,,,,
USA,7,one,57.701,1.1184,,,,,
USA,8,one,56.449,1.0613,,,,,
USA,9,one,98.764,1.9571,,,,,
USA,10,one,99.616,2.0937,,,,,
USA,11,one,106.19,2.8125,,,,,
USA,12,one,96.319,1.6948,,,,,
USA,13,one,105.05,2.8691,,,,,
USA,14,one,104.92,2.2922,,,,,
USA,15,one,103.28,2.9218,,,,,
USA,16,one,61.507,1.126,,,,,
USA,17,one,91.03,1.5962,,,,,
USA,18,one,67.941,1.1538,,,,,
USA,19,one,95.072,1.8272,,,,,
USA,20,one,104.11,2.8118,,,,,
USA,21,one,99.564,2.3032,,,,,
USA,22,one,51.805,1.0291,,,,,
USA,23,one,98.579,2.03,,,,,
USA,24,one,62.102,1.1393,,,,,
USA,25,one,84.939,1.5855,,,,,
USA,26,one,96.475,1.9011,,,,,
USA,27,one,79.602,1.4434,,,,,
USA,28,one,91.78,1.7814,,,,,
USA,29,one,98.744,1.9769,,,,,
USA,30,one,109.23,2.7766,,,,,
USA,31,one,107.63,2.7903,,,,,
USA,32,one,105.34,2.8982,,,,,
USA,33,one,91.316,1.7148,,,,,
USA,34,one,88.036,1.6493,,,,,
USA,35,one,93.04,1.8119,,,,,
USA,36,one,51.871,1.0301,,,,,
USA,37,one,72.72,1.3086,,,,,
USA,38,one,101.16,2.2759,,,,,
USA,39,one,60.969,1.1308,,,,,
USA,40,one,62.401,1.1207,,,,,
USA,41,one,63.715,1.1122,,,,,
USA,42,one,93.061,1.7607,,,,,
USA,43,one,60.795,1.1201,,,,,
USA,44,one,94.591,1.8412,,,,,
USA,45,one,80.828,1.4132,,,,,
USA,46,one,105.52,2.7497,,,,,
USA,47,one,100.98,2.1051,,,,,
USA,48,one,99.795,2.0322,,,,,
USA,49,one,98.881,2.0527,,,,,
USA,50,one,59.341,1.0866,,,,,
USA,51,one,107.98,3.0025,,,,,
USA,52,one,99.063,1.934,,,,,
USA,53,one,89.4,1.6409,,,,,
USA,54,one,60.912,1.1244,,,,,
USA,55,one,99.857,1.9693,,,,,
USA,56,one,64.824,1.106,,,,,
USA,57,one,104.69,2.7174,,,,,
USA,58,one,92.071,1.8099,,,,,
USA,59,one,63.367,1.0886,,,,,
USA,60,one,72.656,1.3493,,,,,
USA,61,one,105.99,2.9501,,,,,
USA,62,one,106.27,2.8595,,,,,
USA,63,one,58.158,1.0883,,,,,
USA,64,one,60.974,1.1065,,,,,
USA,65,one,102.89,2.728,,,,,
USA,66,one,58.977,1.0612,,,,,
USA,67,one,54.189,1.0895,,,,,
USA,68,one,82.673,1.5576,,,,,
USA,69,one,108.95,2.7644,,,,,
USA,70,one,94.715,1.758,,,,,
USA,71,one,104.39,2.7729,,,,,
USA,72,one,59.187,1.1076,,,,,
USA,73,one,59.535,1.0928,,,,,
USA,74,one,95.854,1.9616,,,,,
USA,75,one,108.38,2.4622,,,,,
USA,76,one,56.817,1.0711,,,,,
USA,77,one,96.694,1.8687,,,,,
USA,78,one,98.118,1.8752,,,,,
USA,79,one,94.229,1.8751,,,,,
USA,80,one,104.58,2.786,,,,,
USA,81,one,96.042,1.915,,,,,
USA,82,one,92.19,1.8878,,,,,
USA,83,one,99.934,2.1171,,,,,
USA,84,one,94.742,1.7559,,,,,
USA,85,one,102.16,2.7688,,,,,
USA,86,one,93.707,1.9703,,,,,
USA,87,one,106.45,2.5561,,,,,
USA,88,one,106.03,2.8652,,,,,
USA,89,one,106.62,2.6059,,,,,
USA,90,one,59.421,1.0865,,,,,
USA,91,one,107.31,2.7,,,,,
USA,92,one,106.84,2.8086,,,,,
USA,93,one,91.196,1.7922,,,,,
USA,94,one,64.586,1.1458,,,,,
USA,95,one,82.344,1.4513,,,,,
USA,96,one,61.903,1.097,,,,,
USA,97,one,98.56,1.7679,,,,,
USA,98,one,59.285,1.1161,,,,,
USA,99,one,97.377,1.8635,,,,,
USA,100,one,94.434,1.8464,,,,,
USA,101,one,98.439,1.9844,,,,,
USA,102,one,87.689,1.528,,,,,
USA,103,one,59.816,1.0982,,,,,
USA,104,one,110.22,3.0252,,,,,
USA,105,one,104.56,2.904,,,,,
USA,106,one,86.275,1.586,,,,,
USA,107,one,107.55,2.5072,,,,,
USA,108,one,104.09,2.1076,,,,,
USA,109,one,100.96,2.1219,,,,,
USA,110,one,104.59,2.707,,,,,
USA,111,one,99.034,1.9856,,,,,
USA,112,one,97.915,1.9469,,,,,
USA,113,one,80.513,1.4138,,,,,
USA,114,one,56.895,1.0526,,,,,
USA,115,one,58.775,1.1012,,,,,
USA,116,one,61.688,1.1138,,,,,
USA,117,one,60.597,1.1207,,,,,
USA,118,one,98.311,3.6251,,,,,
USA,119,one,64.695,1.1323,,,,,
USA,120,one,98.14,2.0278,,,,,
USA,121,one,82.348,1.5262,,,,,
USA,122,one,96.206,1.6544,,,,,
USA,123,one,97.716,2.1357,,,,,
USA,124,one,103.93,2.9252,,,,,
USA,125,one,101.11,2.066,,,,,
USA,126,one,91.898,1.7429,,,,,
USA,127,one,98.765,1.9728,,,,,
USA,128,one,97.618,1.9125,,,,,
USA,129,one,105.53,2.4804,,,,,
USA,130,one,92.644,1.685,,,,,
USA,131,one,54.634,1.0909,,,,,
USA,132,one,91.448,1.7802,,,,,
USA,133,one,63.882,1.1425,,,,,
USA,134,one,109.5,2.7086,,,,,
USA,135,one,53.017,1.0352,,,,,
USA,136,one,99.5,2.263,,,,,
USA,137,one,93.412,1.8712,,,,,
USA,138,one,104.36,3.0395,,,,,
USA,139,one,58.461,1.0611,,,,,
USA,140,one,112.06,2.3927,,,,,
USA,141,one,62.163,1.1222,,,,,
USA,142,one,109.77,2.4461,,,,,
USA,143,one,96.151,1.9901,,,,,
USA,144,one,89.659,1.588,,,,,
USA,145,one,96.631,1.9177,,,,,
USA,146,one,105.54,2.7381,,,,,
USA,147,one,94.857,1.8335,,,,,
USA,148,one,108.06,3.0185,,,,,
USA,149,one,107.73,2.6418,,,,,
USA,150,one,63.334,1.1083,,,,,
USA,151,one,64.977,1.1076,,,,,
USA,152,one,101.81,2.2968,,,,,
USA,153,one,95.447,1.8066,,,,,
USA,154,one,90.246,1.6249,,,,,
USA,155,one,104.98,2.6123,,,,,
USA,156,one,99.131,1.7535,,,,,
USA,157,one,57.359,1.1161,,,,,
USA,158,one,95.783,1.8304,,,,,
USA,159,one,63.213,1.141,,,,,
USA,160,one,96.723,1.7126,,,,,
USA,161,one,101.51,2.0422,,,,,
USA,162,one,65.039,1.1078,,,,,
USA,163,one,92.003,1.7466,,,,,
USA,164,one,67.078,1.1445,,,,,
USA,165,one,62.005,1.136,,,,,
USA,166,one,105.78,2.6714,,,,,
USA,167,one,91.578,1.7904,,,,,
USA,168,one,65.704,1.1448,,,,,
USA,169,one,84.91,1.5222,,,,,
USA,170,one,106.34,2.8643,,,,,
USA,171,one,87.212,1.6127,,,,,
USA,172,one,100.4,1.707,,,,,
USA,173,one,52.942,1.0582,,,,,
USA,174,one,91.924,1.7131,,,,,
USA,175,one,78.917,1.4665,,,,,
USA,176,one,95.629,1.8617,,,,,
USA,177,one,103.47,2.5338,,,,,
USA,178,one,106.66,2.8763,,,,,
USA,179,one,95.23,1.8555,,,,,
USA,180,one,93.621,1.7041,,,,,
USA,181,one,84.029,1.5754,,,,,
USA,182,one,55.944,1.0704,,,,,
USA,183,one,102.48,2.589,,,,,
USA,184,one,60.771,1.1261,,,,,
USA,185,one,82.437,1.5052,,,,,
USA,186,one,60.963,1.1,,,,,
USA,187,one,61.782,1.1312,,,,,
USA,188,one,63.039,1.1196,,,,,
USA,189,one,58.211,1.0609,,,,,
USA,190,one,108.46,2.4957,,,,,
USA,191,one,56.141,1.0697,,,,,
USA,192,one,97.895,2.1191,,,,,
USA,193,one,104.88,2.533,,,,,
USA,194,one,60.326,1.1205,,,,,
USA,195,one,105.88,2.9396,,,,,
USA,196,one,91.268,1.6817,,,,,
USA,197,one,94.21,1.7514,,,,,
USA,198,one,108.8,2.6762,,,,,
USA,199,one,105.58,2.7455,,,,,
USA,200,one,88.312,1.5385,,,,,
USA,201,one,95.883,1.8913,,,,,
USA,202,one,104.32,2.7029,,,,,
USA,203,one,101.19,1.9427,,,,,
USA,204,one,103.79,2.0608,,,,,
USA,205,one,92.491,1.6498,,,,,
USA,206,one,111.26,2.8607,,,,,
USA,207,one,92.253,1.753,,,,,
USA,208,one,97.068,2.0128,,,,,
USA,209,one,94.314,1.7511,,,,,
USA,210,one,53.506,1.0667,,,,,
USA,211,one,97.176,2.0082,,,,,
USA,212,one,60.326,1.0948,,,,,
USA,213,one,92.743,1.9222,,,,,
USA,214,one,90.968,1.7261,,,,,
USA,215,one,89.756,1.5789,,,,,
USA,216,one,60.505,1.0966,,,,,
USA,217,one,103.41,3.0404,,,,,
USA,218,one,98.787,2.2718,,,,,
USA,219,one,101.33,2.1578,,,,,
USA,220,one,108.63,2.5353,,,,,
USA,221,one,98.548,2.1798,,,,,
USA,222,one,88.631,1.7216,,,,,
USA,223,one,104.1,2.7335,,,,,
USA,224,one,97.725,1.9067,,,,,
USA,225,one,58.152,1.0777,,,,,
USA,226,one,104.73,2.7602,,,,,
USA,227,one,86.64,1.5504,,,,,
USA,228,one,56.28,1.0757,,,,,
USA,229,one,62.59,1.1519,,,,,
USA,230,one,55.957,1.0671,,,,,
USA,231,one,103.07,2.8326,,,,,
USA,232,one,103.81,2.9799,,,,,
USA,233,one,111.92,2.7552,,,,,
USA,234,one,59.184,1.1027,,,,,
USA,235,one,59.749,1.129,,,,,
USA,236,one,104.98,2.9078,,,,,
USA,237,one,63.22,1.1016,,,,,
USA,238,one,60.326,1.0803,,,,,
USA,239,one,99.699,2.0418,,,,,
USA,240,one,85.517,1.5199,,,,,
USA,241,one,96.976,1.976,,,,,
USA,242,one,54.845,1.0718,,,,,
USA,243,one,87.411,1.5758,,,,,
USA,244,one,90.269,1.6234,,,,,
USA,245,one,110.33,2.7002,,,,,
USA,246,one,94.48,1.6952,,,,,
USA,247,one,53.325,1.0362,,,,,
USA,248,one,112.54,2.3207,,,,,
USA,249,one,85.357,1.5483,,,,,
USA,250,one,100.52,2.0662,,,,,
USA,251,one,65.105,1.1524,,,,,
USA,252,one,91.064,1.7144,,,,,
USA,253,one,98.21,2.0388,,,,,
USA,254,one,78.614,1.4824,,,,,
USA,255,one,108.22,2.6883,,,,,
USA,256,one,87.106,1.5091,,,,,
USA,257,one,105.07,3.0442,,,,,
USA,258,one,93.137,1.8464,,,,,
USA,259,one,66.777,1.1261,,,,,
USA,260,one,96.991,1.8638,,,,,
USA,261,one,58.592,1.1037,,,,,
USA,262,one,86.47,1.705,,,,,
USA,263,one,105.08,2.7625,,,,,
USA,264,one,87.703,1.609,,,,,
USA,265,one,102.48,3.0034,,,,,
USA,266,one,105.99,2.8206,,,,,
USA,267,one,73.286,1.3077,,,,,
USA,268,one,60.381,1.0697,,,,,
USA,269,one,100.82,2.0941,,,,,
USA,270,one,60.574,1.0687,,,,,
USA,271,one,93.673,1.7707,,,,,
USA,272,one,90.399,1.6956,,,,,
USA,273,one,78.692,1.4644,,,,,
USA,274,one,98.064,2.0464,,,,,
USA,275,one,97.142,1.8707,,,,,
USA,276,one,109.71,2.5963,,,,,
USA,277,one,97.391,1.8851,,,,,
USA,278,one,58.61,1.0992,,,,,
USA,279,one,98.851,2.1975,,,,,
USA,280,one,108.84,2.8494,,,,,
USA,281,one,60.676,1.0966,,,,,
USA,282,one,101.13,2.343,,,,,
USA,283,one,76.226,1.4565,,,,,
USA,284,one,64.52,1.0844,,,,,
USA,285,one,85.145,1.4758,,,,,
USA,286,one,89.416,1.6379,,,,,
USA,287,one,99.277,2.0472,,,,,
USA,288,one,96.701,2.0866,,,,,
USA,289,one,56.854,1.0834,,,,,
USA,290,one,96.927,2.1452,,,,,
USA,291,one,106.15,3.0085,,,,,
USA,292,one,93.674,1.7021,,,,,
USA,293,one,95.797,1.7318,,,,,
USA,294,one,101.19,2.2953,,,,,
USA,295,one,95.844,1.9077,,,,,
USA,296,one,86.397,1.6293,,,,,
USA,297,one,55.672,1.0417,,,,,
USA,298,one,57.702,1.0893,,,,,
USA,299,one,107.74,2.0887,,,,,
USA,300,one,98.98,2.0123,,,,,
USA,301,one,99.702,2.0685,,,,,
USA,302,one,108.52,2.3449,,,,,
USA,303,one,98.866,1.9205,,,,,
USA,304,one,58.819,1.11,,,,,
USA,305,one,58.522,1.0934,,,,,
USA,306,one,102.04,2.0784,,,,,
USA,307,one,88.079,1.5189,,,,,
USA,308,one,104.27,2.4793,,,,,
USA,309,one,105.05,2.7619,,,,,
USA,310,one,81.629,1.5279,,,,,
USA,311,one,91.106,1.6843,,,,,
USA,312,one,60.009,1.0722,,,,,
USA,313,one,90.868,1.7985,,,,,
USA,314,one,107.05,2.5147,,,,,
USA,315,one,57.628,1.0626,,,,,
USA,316,one,87.985,1.6214,,,,,
USA,317,one,97.555,2.034,,,,,
USA,318,one,86.27,1.5073,,,,,
USA,319,one,58.566,1.1102,,,,,
USA,320,one,104.84,2.6205,,,,,
USA,321,one,104.13,2.1137,,,,,
USA,322,one,57.344,1.0668,,,,,
USA,323,one,64.73,1.0949,,,,,
USA,324,one,99.377,1.9149,,,,,
USA,325,one,106.39,2.7251,,,,,
USA,326,one,107.9,2.7552,,,,,
USA,327,one,100.88,3.1729,,,,,
USA,328,one,91.453,1.625,,,,,
USA,329,one,63.343,1.1085,,,,,
USA,330,one,107.85,2.5918,,,,,
USA,331,one,90.495,1.6327,,,,,
USA,332,one,89.412,1.6714,,,,,
USA,333,one,107.77,2.5224,,,,,
USA,334,one,100.49,2.3435,,,,,
USA,335,one,103.6,2.8255,,,,,
USA,336,one,96.804,1.8186,,,,,
USA,337,one,94.454,1.8781,,,,,
USA,338,one,60.816,1.1032,,,,,
USA,339,one,105.96,2.6382,,,,,
USA,340,one,104.89,2.8691,,,,,
USA,341,one,90.943,1.6956,,,,,
USA,342,one,97.333,1.8098,,,,,
USA,343,one,102.52,2.9443,,,,,
USA,344,one,104,3.0766,,,,,
USA,345,one,105.06,2.8632,,,,,
USA,346,one,113.78,2.4807,,,,,
USA,347,one,56.148,1.0677,,,,,
USA,348,one,104.09,2.8588,,,,,
USA,349,one,57.923,1.0819,,,,,
USA,350,one,97.094,1.8489,,,,,
USA,351,one,94.934,1.9566,,,,,
USA,352,one,103.21,2.0364,,,,,
USA,353,one,61.093,1.1123,,,,,
USA,354,one,109.97,2.4392,,,,,
USA,355,one,56.348,1.0727,,,,,
USA,356,one,99.405,2.123,,,,,
USA,357,one,59.112,1.0666,,,,,
USA,358,one,62.794,1.1286,,,,,
USA,359,one,88.743,1.6381,,,,,
USA,360,one,103.49,3.0773,,,,,
USA,361,one,62.562,1.0917,,,,,
USA,362,one,60.628,1.1255,,,,,
USA,363,one,88.499,1.6765,,,,,
USA,364,one,67.669,1.1381,,,,,
USA,365,one,115.31,2.6106,,,,,
USA,366,one,62.041,1.1036,,,,,
USA,367,one,101.09,2.302,,,,,
USA,368,one,104.32,2.9708,,,,,
USA,369,one,103.15,2.9223,,,,,
USA,370,one,92.542,1.7103,,,,,
USA,371,one,96.527,1.8952,,,,,
USA,372,one,99.725,2.0236,,,,,
USA,373,one,110.21,2.9039,,,,,
USA,374,one,93.433,1.7624,,,,,
USA,375,one,106.01,2.5667,,,,,
USA,376,one,106.19,2.9107,,,,,
USA,377,one,106.84,2.6071,,,,,
USA,378,one,107.35,2.5722,,,,,
USA,379,one,97.18,2.1309,,,,,
USA,380,one,85.074,1.4996,,,,,
USA,381,one,92.621,1.6933,,,,,
USA,382,one,97.458,1.9399,,,,,
USA,383,one,98.177,2.1722,,,,,
USA,384,one,104.62,3.0257,,,,,
USA,385,one,106.84,2.3066,,,,,
USA,386,one,63.903,1.121,,,,,
USA,387,one,99.404,1.9351,,,,,
USA,388,one,106.93,2.8053,,,,,
USA,389,one,88.274,1.7334,,,,,
USA,390,one,66.691,1.133,,,,,
USA,391,one,61.086,1.0729,,,,,
USA,392,one,87.238,1.6779,,,,,
USA,393,one,62.273,1.0868,,,,,
USA,394,one,95.847,1.751,,,,,
USA,395,one,96.431,1.9231,,,,,
USA,396,one,96.783,1.9606,,,,,
USA,397,one,92.367,1.7787,,,,,
USA,398,one,97.705,1.8291,,,,,
USA,399,one,64.33,1.1077,,,,,
USA,400,one,110.14,2.3639,,,,,
USA,401,one,90.454,1.6689,,,,,
USA,402,one,106.26,2.6641,,,,,
USA,403,one,95.077,1.8238,,,,,
USA,404,one,57.009,1.0796,,,,,
USA,405,one,105.01,3.055,,,,,
USA,406,one,91.335,1.6961,,,,,
USA,407,one,97.128,1.992,,,,,
USA,408,one,96.145,1.8139,,,,,
USA,409,one,97.385,1.8452,,,,,
USA,410,one,90.688,1.7442,,,,,
USA,411,one,51.309,1.0504,,,,,
USA,412,one,106.56,2.8729,,,,,
USA,413,one,106.75,2.8075,,,,,
USA,414,one,95.274,1.6574,,,,,
USA,415,one,89.574,1.6912,,,,,
USA,416,one,106.14,2.4932,,,,,
USA,417,one,88.219,1.631,,,,,
USA,418,one,88.815,1.6353,,,,,
USA,419,one,115.47,2.1385,,,,,
USA,420,one,95.749,1.9411,,,,,
USA,421,one,108.21,2.5187,,,,,
USA,422,one,93.978,1.8102,,,,,
USA,423,one,59.821,1.1225,,,,,
USA,424,one,105.49,2.8721,,,,,
USA,425,one,84.273,1.504,,,,,
USA,426,one,104.32,2.1717,,,,,
USA,427,one,60.599,1.1393,,,,,
USA,428,one,95.714,1.8879,,,,,
USA,429,one,58.954,1.0859,,,,,
USA,430,one,94.239,1.7326,,,,,
USA,431,one,78.937,1.4056,,,,,
USA,432,one,60.803,1.1029,,,,,
USA,433,one,61.389,1.1079,,,,,
USA,434,one,85.131,1.5309,,,,,
USA,435,one,97.363,2.0072,,,,,
USA,436,one,106,2.943,,,,,
USA,437,one,85.271,1.5721,,,,,
USA,438,one,97.322,1.8893,,,,,
USA,439,one,85.185,1.541,,,,,
USA,440,one,99.646,1.8042,,,,,
USA,441,one,109.33,2.4878,,,,,
USA,442,one,57.018,1.1052,,,,,
USA,443,one,98.736,2.1442,,,,,
USA,444,one,55.17,1.0907,,,,,
USA,445,one,111.25,2.8985,,,,,
USA,446,one,93.28,1.7325,,,,,
USA,447,one,87.836,1.5466,,,,,
USA,448,one,63.628,1.1392,,,,,
USA,449,one,108.55,2.5665,,,,,
USA,450,one,90.419,1.626,,,,,
USA,451,one,99.349,2.202,,,,,
USA,452,one,94.708,1.7935,,,,,
USA,453,one,111.63,2.7834,,,,,
USA,454,one,60.447,1.1148,,,,,
USA,455,one,91.133,1.6559,,,,,
USA,456,one,99.122,2.2982,,,,,
USA,457,one,113.92,2.8259,,,,,
USA,458,one,63.394,1.1068,,,,,
USA,459,one,98.08,1.7339,,,,,
USA,460,one,99.365,2.0748,,,,,
USA,461,one,57.016,1.0239,,,,,
USA,462,one,111.2,2.094,,,,,
USA,463,one,63.16,1.1198,,,,,
USA,464,one,63.623,1.1118,,,,,
USA,465,one,101.81,2.0576,,,,,
USA,466,one,91.216,1.5996,,,,,
USA,467,one,95.658,1.7962,,,,,
USA,468,one,106.65,2.7732,,,,,
USA,469,one,108.75,2.7838,,,,,
USA,470,one,90.473,1.6997,,,,,
USA,471,one,97.87,2.0506,,,,,
USA,472,one,97.122,2.0153,,,,,
USA,473,one,101.77,2.9788,,,,,
USA,474,one,97.456,1.9359,,,,,
USA,475,one,83.079,1.4996,,,,,
USA,476,one,54.483,1.0474,,,,,
USA,477,one,107.58,2.7571,,,,,
USA,478,one,97.856,1.7332,,,,,
USA,479,one,107.05,2.9425,,,,,
USA,480,one,97.944,1.9537,,,,,
USA,481,one,108.68,2.3243,,,,,
USA,482,one,78.122,1.4861,,,,,
USA,483,one,108.71,2.6145,,,,,
USA,484,one,87.748,1.5087,,,,,
USA,485,one,93.486,1.8819,,,,,
USA,486,one,98.767,1.9479,,,,,
USA,487,one,57.294,1.0672,,,,,
USA,488,one,109.69,2.6795,,,,,
USA,489,one,56.701,1.0907,,,,,
USA,490,one,97.467,2.0762,,,,,
USA,491,one,63.457,1.1324,,,,,
USA,492,one,63.88,1.119,,,,,
USA,493,one,55.365,1.0387,,,,,
USA,494,one,58.486,1.0681,,,,,
USA,495,one,105.19,2.8262,,,,,
USA,496,one,87.037,1.5262,,,,,
USA,497,one,87.634,1.6047,,,,,
USA,498,one,112.9,2.5617,,,,,
USA,499,one,90.533,1.6598,,,,,
USA,500,one,102.09,2.0568,,,,,
USA,501,one,81.344,1.4712,,,,,
USA,502,one,106.38,2.663,,,,,
USA,503,one,104.45,3.1086,,,,,
USA,504,one,59.216,1.0827,,,,,
USA,505,one,108.16,2.4737,,,,,
USA,506,one,66.478,1.1522,,,,,
USA,507,one,59.181,1.1394,,,,,
USA,508,one,55.712,1.0862,,,,,
USA,509,one,85.82,1.5523,,,,,
USA,510,one,55.88,1.0699,,,,,
USA,511,one,58.38,1.068,,,,,
USA,512,one,99.766,2.0054,,,,,
USA,513,one,91.652,1.7446,,,,,
USA,514,one,54.336,1.0765,,,,,
USA,515,one,59.993,1.1146,,,,,
USA,516,one,99.577,2.1079,,,,,
USA,517,one,59.389,1.0862,,,,,
USA,518,one,62.591,1.1182,,,,,
USA,519,one,95.7,1.9504,,,,,
USA,520,one,89.12,1.6176,,,,,
USA,521,one,54.009,1.0418,,,,,
USA,522,one,56.3,1.0803,,,,,
USA,523,one,112.28,2.355,,,,,
USA,524,one,63.253,1.0692,,,,,
USA,525,one,91.185,1.5895,,,,,
USA,526,one,98.71,2.1618,,,,,
USA,527,one,98.369,2.048,,,,,
USA,528,one,106.54,2.9073,,,,,
USA,529,one,84.2,1.5219,,,,,
USA,530,one,68.72,1.1252,,,,,
USA,531,one,92.67,1.7876,,,,,
USA,532,one,80.5,1.4337,,,,,
USA,533,one,106.7,2.824,,,,,
USA,534,one,90.167,1.6845,,,,,
USA,535,one,62.316,1.1381,,,,,
USA,536,one,92.055,1.805,,,,,
USA,537,one,90.085,1.6816,,,,,
USA,538,one,81.668,1.4293,,,,,
USA,539,one,109.67,2.7031,,,,,
USA,540,one,94.881,1.7027,,,,,
USA,541,one,75.418,1.3269,,,,,
USA,542,one,92.028,1.5923,,,,,
USA,543,one,94.488,1.7599,,,,,
USA,544,one,58.391,1.0496,,,,,
USA,545,one,60.388,1.1212,,,,,
USA,546,one,90.252,1.7383,,,,,
USA,547,one,98.871,2.1574,,,,,
USA,548,one,104.65,2.9396,,,,,
USA,549,one,93.881,1.9117,,,,,
USA,550,one,103.8,2.743,,,,,
USA,551,one,102.71,2.716,,,,,
USA,552,one,105.13,3.0334,,,,,
USA,553,one,110.25,2.7354,,,,,
USA,554,one,99.442,1.8934,,,,,
USA,555,one,110.1,2.3608,,,,,
USA,556,one,98.15,2.1044,,,,,
USA,557,one,107.23,2.7886,,,,,
USA,558,one,92.737,1.7239,,,,,
USA,559,one,93.645,1.7495,,,,,
USA,560,one,99.173,2.1291,,,,,
USA,561,one,62.378,1.1035,,,,,
USA,562,one,96.229,2.0106,,,,,
USA,563,one,98.901,2.0285,,,,,
USA,564,one,55.294,1.0463,,,,,
USA,565,one,86.376,1.5119,,,,,
USA,566,one,91.291,1.6946,,,,,
USA,567,one,57.357,1.0572,,,,,
USA,568,one,95.804,1.7865,,,,,
USA,569,one,108.96,2.6097,,,,,
USA,570,one,107.07,2.7328,,,,,
USA,571,one,61.214,1.1347,,,,,
USA,572,one,93.777,1.8795,,,,,
USA,573,one,84.481,1.4927,,,,,
USA,574,one,91.377,1.7016,,,,,
USA,575,one,106.42,2.7773,,,,,
USA,576,one,63.941,1.1234,,,,,
USA,577,one,59.964,1.1225,,,,,
USA,578,one,96.45,1.868,,,,,
USA,579,one,92.689,1.7345,,,,,
USA,580,one,97.648,1.846,,,,,
USA,581,one,83.977,1.6011,,,,,
USA,582,one,62.038,1.1162,,,,,
USA,583,one,105.41,2.6815,,,,,
USA,584,one,106.88,2.806,,,,,
USA,585,one,65.753,1.1374,,,,,
USA,586,one,108.27,3.0457,,,,,
USA,587,one,60.152,1.1317,,,,,
USA,588,one,99.365,2.105,,,,,
USA,589,one,98.9,2.3407,,,,,
USA,590,one,85.645,1.5634,,,,,
USA,591,one,53.271,1.057,,,,,
USA,592,one,103.57,3.0641,,,,,
USA,593,one,100.5,2.2379,,,,,
USA,594,one,94.882,1.8123,,,,,
USA,595,one,62.831,1.108,,,,,
USA,596,one,84.473,1.5179,,,,,
USA,597,one,91.478,1.6493,,,,,
USA,598,one,59.268,1.0901,,,,,
USA,599,one,89.003,1.7069,,,,,
USA,600,one,55.207,1.0526,,,,,
USA,601,one,60.691,1.1044,,,,,
USA,602,one,84.056,1.4667,,,,,
USA,603,one,61.806,1.1216,,,,,
USA,604,one,89.78,1.5948,,,,,
USA,605,one,59.802,1.0999,,,,,
USA,606,one,106.7,2.8389,,,,,
USA,607,one,98.755,2.0847,,,,,
USA,608,one,58.825,1.0931,,,,,
USA,609,one,106.99,2.8337,,,,,
USA,610,one,105.2,2.9426,,,,,
USA,611,one,100.19,1.8614,,,,,
USA,612,one,80.126,1.4812,,,,,
USA,613,one,59.19,1.0857,,,,,
USA,614,one,99.068,2.3008,,,,,
USA,615,one,98.535,2.1086,,,,,
USA,616,one,57.121,1.0669,,,,,
USA,617,one,103.4,2.1359,,,,,
USA,618,one,60.043,1.1157,,,,,
USA,619,one,99.839,1.9187,,,,,
USA,620,one,95.906,1.8932,,,,,
USA,621,one,57.058,1.1012,,,,,
USA,622,one,98.897,2.0186,,,,,
USA,623,one,92.197,1.7153,,,,,
USA,624,one,99.117,2.1038,,,,,
USA,625,one,57.87,1.0915,,,,,
USA,626,one,105.9,2.6975,,,,,
USA,627,one,98.302,1.907,,,,,
USA,628,one,105.62,2.1417,,,,,
USA,629,one,57.592,1.0815,,,,,
USA,630,one,96.92,1.8118,,,,,
USA,631,one,89.951,1.6737,,,,,
USA,632,one,107.03,2.7089,,,,,
USA,633,one,90.603,1.6294,,,,,
USA,634,one,58.462,1.0647,,,,,
USA,635,one,92.551,1.6924,,,,,
USA,636,one,95.135,1.7576,,,,,
USA,637,one,94.014,1.7121,,,,,
USA,638,one,54.097,1.0648,,,,,
USA,639,one,79.695,1.4196,,,,,
USA,640,one,100.73,1.8364,,,,,
USA,641,one,55.948,1.0676,,,,,
USA,642,one,98.711,1.8298,,,,,
USA,643,one,90.816,1.7275,,,,,
USA,644,one,103.64,2.8225,,,,,
USA,645,one,56.402,1.0726,,,,,
USA,646,one,60.201,1.0887,,,,,
USA,647,one,105.53,2.9462,,,,,
USA,648,one,60.398,1.0849,,,,,
USA,649,one,90.153,1.6032,,,,,
USA,650,one,98.468,2.0764,,,,,
USA,651,one,57.95,1.098,,,,,
USA,652,one,96.027,1.8647,,,,,
USA,653,one,101.79,3.0903,,,,,
USA,654,one,97.533,1.9608,,,,,
USA,655,one,91.802,1.6288,,,,,
USA,656,one,93.412,1.8205,,,,,
USA,657,one,108.11,2.937,,,,,
USA,658,one,60.655,1.1042,,,,,
USA,659,one,96.113,1.8789,,,,,
USA,660,one,94.802,1.7357,,,,,
USA,661,one,92.866,1.6934,,,,,
USA,662,one,96.663,1.9588,,,,,
USA,663,one,94.487,1.9206,,,,,
USA,664,one,92.011,1.6933,,,,,
USA,665,one,65.655,1.1179,,,,,
USA,666,one,99.289,2.1655,,,,,
USA,667,one,62.885,1.0557,,,,,
USA,668,one,102.35,2.5242,,,,,
USA,669,one,85.115,1.5092,,,,,
USA,670,one,103.67,2.3962,,,,,
USA,671,one,109.18,2.7618,,,,,
USA,672,one,107.06,2.6518,,,,,
USA,673,one,63.801,1.1297,,,,,
USA,674,one,59.023,1.105,,,,,
USA,675,one,114.22,2.2579,,,,,
USA,676,one,64.07,1.101,,,,,
USA,677,one,102.44,2.0995,,,,,
USA,678,one,96.276,1.9509,,,,,
USA,679,one,72.799,1.317,,,,,
USA,680,one,108.55,2.788,,,,,
USA,681,one,101.25,2.2626,,,,,
USA,682,one,94.236,1.9376,,,,,
USA,683,one,104.15,2.747,,,,,
USA,684,one,107.12,2.6206,,,,,
USA,685,one,93.349,1.8902,,,,,
USA,686,one,96.427,1.7981,,,,,
USA,687,one,58.963,1.1348,,,,,
USA,688,one,95.696,1.9275,,,,,
USA,689,one,100.92,2.1652,,,,,
USA,690,one,100.42,1.9715,,,,,
USA,691,one,95.642,1.9626,,,,,
USA,692,one,108.21,2.4746,,,,,
USA,693,one,101.32,2.1675,,,,,
USA,694,one,106.63,2.8241,,,,,
USA,695,one,54.827,1.0646,,,,,
USA,696,one,60.724,1.1208,,,,,
USA,697,one,102.91,2.8127,,,,,
USA,698,one,91.2,1.5989,,,,,
USA,699,one,96.972,2.0654,,,,,
USA,700,one,88.906,1.5032,,,,,
USA,701,one,84.497,1.5687,,,,,
USA,702,one,98.393,2.0277,,,,,
USA,703,one,92.135,1.7951,,,,,
USA,704,one,95.118,1.8925,,,,,
USA,705,one,108.73,2.8643,,,,,
USA,706,one,54.046,1.045,,,,,
USA,707,one,99.039,1.9645,,,,,
USA,708,one,89.821,1.7041,,,,,
USA,709,one,108.07,2.62,,,,,
USA,710,one,102.93,2.7639,,,,,
USA,711,one,62.425,1.1195,,,,,
USA,712,one,103.89,3.0327,,,,,
USA,713,one,57.585,1.0465,,,,,
USA,714,one,106.61,2.4731,,,,,
USA,715,one,95.51,1.8265,,,,,
USA,716,one,107.27,2.9695,,,,,
USA,717,one,105.91,2.6511,,,,,
USA,718,one,100.66,1.7876,,,,,
USA,719,one,56.954,1.0949,,,,,
USA,720,one,95.473,1.7868,,,,,
USA,721,one,94.736,1.889,,,,,
USA,722,one,96.597,1.7611,,,,,
USA,723,one,107.35,2.9279,,,,,
USA,724,one,87.582,1.6044,,,,,
USA,725,one,77.891,1.4044,,,,,
USA,726,one,57.077,1.0872,,,,,
USA,727,one,93.874,1.7786,,,,,
USA,728,one,96.796,1.8752,,,,,
USA,729,one,99.464,2.0774,,,,,
USA,730,one,97.25,1.8107,,,,,
USA,731,one,95.219,1.8871,,,,,
USA,732,one,61.989,1.1044,,,,,
USA,733,one,108.12,2.917,,,,,
USA,734,one,89.055,1.6298,,,,,
USA,735,one,111.42,2.7241,,,,,
USA,736,one,99.93,1.9346,,,,,
USA,737,one,108.91,2.4633,,,,,
USA,738,one,63.344,1.114,,,,,
USA,739,one,97.112,1.8703,,,,,
USA,740,one,92.397,1.6998,,,,,
USA,741,one,62.323,1.0813,,,,,
USA,742,one,99.33,2.0824,,,,,
USA,743,one,95.482,1.6601,,,,,
USA,744,one,95.118,1.8925,,,,,
USA,745,one,95.762,1.8035,,,,,
USA,746,one,57.974,1.1031,,,,,
USA,747,one,95.734,1.8686,,,,,
USA,748,one,58.556,1.0987,,,,,
USA,749,one,91.338,1.5803,,,,,
USA,750,one,59.931,1.0991,,,,,
USA,751,one,60.357,1.1203,,,,,
USA,752,one,92.461,1.7053,,,,,
USA,753,one,56.37,1.0895,,,,,
USA,754,one,63.991,1.125,,,,,
USA,755,one,94.449,1.6849,,,,,
USA,756,one,106.13,2.8517,,,,,
USA,757,one,91.524,1.6044,,,,,
USA,758,one,96.351,1.9145,,,,,
USA,759,one,107.8,2.8895,,,,,
USA,760,one,87.342,1.572,,,,,
USA,761,one,60.316,1.0973,,,,,
USA,762,one,94.359,1.8517,,,,,
USA,763,one,100.53,2.3118,,,,,
USA,764,one,110.89,2.791,,,,,
USA,765,one,58.107,1.091,,,,,
USA,766,one,93.931,1.6917,,,,,
USA,767,one,98.104,2.1624,,,,,
USA,768,one,86.593,1.5753,,,,,
USA,769,one,105.78,2.9998,,,,,
USA,770,one,61.493,1.1061,,,,,
USA,771,one,83.455,1.4948,,,,,
USA,772,one,112.22,2.718,,,,,
USA,773,one,97.417,1.8275,,,,,
USA,774,one,99.118,2.0049,,,,,
USA,775,one,104.12,2.9147,,,,,
USA,776,one,107.36,2.3854,,,,,
USA,777,one,106.11,2.6875,,,,,
USA,778,one,62.419,1.1196,,,,,
USA,779,one,74.146,1.3521,,,,,
USA,780,one,54.342,1.0757,,,,,
USA,781,one,100.03,1.9586,,,,,
USA,782,one,83.41,1.467,,,,,
USA,783,one,107.3,2.4915,,,,,
USA,784,one,102.55,3.0883,,,,,
USA,785,one,57.229,1.058,,,,,
USA,786,one,105.16,3.0347,,,,,
USA,787,one,57.835,1.0829,,,,,
USA,788,one,96.89,3.8258,,,,,
USA,789,one,94.571,1.7534,,,,,
USA,790,one,90.392,1.5619,,,,,
USA,791,one,86.004,1.4958,,,,,
USA,792,one,96.881,2.0672,,,,,
USA,793,one,80.403,1.4128,,,,,
USA,794,one,109.31,2.8301,,,,,
USA,795,one,105.46,3.0073,,,,,
USA,796,one,62.321,1.1066,,,,,
USA,797,one,110.57,2.4842,,,,,
USA,798,one,88.036,1.5053,,,,,
USA,799,one,96.795,1.8258,,,,,
USA,800,one,101.98,2.0087,,,,,
USA,801,one,97.967,1.8825,,,,,
USA,802,one,99.619,2.1004,,,,,
USA,803,one,105.54,2.935,,,,,
USA,804,one,94.795,1.8425,,,,,
USA,805,one,93.254,1.6429,,,,,
USA,806,one,91.576,1.554,,,,,
USA,807,one,95.228,1.8898,,,,,
USA,808,one,101.12,2.1736,,,,,
USA,809,one,65.495,1.1545,,,,,
USA,810,one,99.501,2.1289,,,,,
USA,811,one,64.608,1.1377,,,,,
USA,812,one,89.695,1.6416,,,,,
USA,813,one,55.248,1.0676,,,,,
USA,814,one,87.563,1.6077,,,,,
USA,815,one,94.716,1.8652,,,,,
USA,816,one,67.85,1.1383,,,,,
USA,817,one,96.258,1.9601,,,,,
USA,818,one,62.655,1.0914,,,,,
USA,819,one,91.311,1.7196,,,,,
USA,820,one,92.903,1.7437,,,,,
USA,821,one,92.105,1.7287,,,,,
USA,822,one,95.69,1.9147,,,,,
USA,823,one,99.483,1.9962,,,,,
USA,824,one,90.766,1.675,,,,,
USA,825,one,103.41,2.0375,,,,,
USA,826,one,64.469,1.1038,,,,,
USA,827,one,59.434,1.0788,,,,,
USA,828,one,100.12,2.2491,,,,,
USA,829,one,109.36,2.5563,,,,,
USA,830,one,107.52,2.8459,,,,,
USA,831,one,96.223,1.812,,,,,
USA,832,one,97.666,2.1554,,,,,
USA,833,one,107.34,2.802,,,,,
USA,834,one,97.276,1.7296,,,,,
USA,835,one,90.733,1.6256,,,,,
USA,836,one,87.11,1.6291,,,,,
USA,837,one,57.627,1.0794,,,,,
USA,838,one,106.52,2.7867,,,,,
USA,839,one,61.038,1.1368,,,,,
USA,840,one,102.19,2.2463,,,,,
USA,841,one,59.797,1.0801,,,,,
USA,842,one,80.153,1.4291,,,,,
USA,843,one,95.478,1.7418,,,,,
USA,844,one,98.247,1.8512,,,,,
USA,845,one,99.31,2.1692,,,,,
USA,846,one,62.934,1.137,,,,,
USA,847,one,88.014,1.6587,,,,,
USA,848,one,97.423,1.8324,,,,,
USA,849,one,59.743,1.1161,,,,,
USA,850,one,110.86,2.4211,,,,,
USA,851,one,106.13,2.4619,,,,,
USA,852,one,102.34,3.0093,,,,,
USA,853,one,101.36,1.8807,,,,,
USA,854,one,88.546,1.5912,,,,,
USA,855,one,108.17,2.5683,,,,,
USA,856,one,93.771,1.7537,,,,,
USA,857,one,88.955,1.5555,,,,,
USA,858,one,100.35,2.1892,,,,,
USA,859,one,87.776,1.609,,,,,
USA,860,one,107.3,2.782,,,,,
USA,861,one,94.327,1.6881,,,,,
USA,862,one,96.989,2.0564,,,,,
USA,863,one,63.582,1.1033,,,,,
USA,864,one,107.76,2.7593,,,,,
USA,865,one,96.277,1.8402,,,,,
USA,866,one,97.973,1.791,,,,,
USA,867,one,92.783,1.7841,,,,,
USA,868,one,56.973,1.0913,,,,,
USA,869,one,94.783,1.8091,,,,,
USA,870,one,114.26,2.6879,,,,,
USA,871,one,95.959,1.9094,,,,,
USA,872,one,60.695,1.0847,,,,,
USA,873,one,61.325,1.1188,,,,,
USA,874,one,107.99,2.7268,,,,,
USA,875,one,53.587,1.0466,,,,,
USA,876,one,99.549,1.8992,,,,,
USA,877,one,94.324,1.8365,,,,,
USA,878,one,81.59,1.4607,,,,,
USA,879,one,94.646,1.7322,,,,,
USA,880,one,104.91,2.9632,,,,,
USA,881,one,98.114,1.9962,,,,,
USA,882,one,91.548,1.6715,,,,,
USA,883,one,92.837,1.6904,,,,,
USA,884,one,95.505,1.6885,,,,,
USA,885,one,86.427,1.6223,,,,,
USA,886,one,105.1,2.853,,,,,
USA,887,one,94.132,1.9499,,,,,
USA,888,one,62.832,1.0852,,,,,
USA,889,one,103.87,3.075,,,,,
USA,890,one,85.252,1.5659,,,,,
USA,891,one,57.792,1.1066,,,,,
USA,892,one,54.882,1.0355,,,,,
USA,893,one,93.442,1.5408,,,,,
USA,894,one,105.69,3.1174,,,,,
USA,895,one,96.759,1.8421,,,,,
USA,896,one,60.748,1.1022,,,,,
USA,897,one,109.36,2.4688,,,,,
USA,898,one,104.2,2.4697,,,,,
USA,899,one,100.95,1.8911,,,,,
USA,900,one,87.799,1.4991,,,,,
USA,901,one,104.35,2.9373,,,,,
USA,902,one,64.887,1.1413,,,,,
USA,903,one,101.8,2.0425,,,,,
USA,904,one,79.671,1.5324,,,,,
USA,905,one,104.6,2.6474,,,,,
USA,906,one,87.368,1.6542,,,,,
USA,907,one,107.13,2.8991,,,,,
USA,908,one,81.34,1.5333,,,,,
USA,909,one,90.812,1.5913,,,,,
USA,910,one,99.665,1.9846,,,,,
USA,911,one,96.108,1.7821,,,,,
USA,912,one,94.257,1.8706,,,,,
USA,913,one,61.403,1.1273,,,,,
USA,914,one,94.023,1.7475,,,,,
USA,915,one,94.654,1.8007,,,,,
USA,916,one,86.791,1.545,,,,,
USA,917,one,104.87,2.8227,,,,,
USA,918,one,99.46,2.094,,,,,
USA,919,one,66.667,1.1408,,,,,
USA,920,one,62.007,1.1319,,,,,
USA,921,one,63.523,1.1153,,,,,
USA,922,one,56.437,1.0984,,,,,
USA,923,one,110.66,2.7695,,,,,
USA,924,one,97.069,1.9125,,,,,
USA,925,one,98.238,1.9568,,,,,
USA,926,one,92.069,1.7248,,,,,
USA,927,one,97.664,1.9102,,,,,
USA,928,one,107.66,2.5498,,,,,
USA,929,one,94.519,1.6598,,,,,
USA,930,one,92.06,1.6057,,,,,
USA,931,one,106.36,2.8972,,,,,
USA,932,one,96.161,1.7616,,,,,
USA,933,one,107.43,2.8738,,,,,
USA,934,one,101.3,3.0998,,,,,
USA,935,one,91.931,1.7651,,,,,
USA,936,one,107.7,2.532,,,,,
USA,937,one,79.689,1.4028,,,,,
USA,938,one,93.384,1.6661,,,,,
USA,939,one,61.192,1.089,,,,,
USA,940,one,105.58,2.928,,,,,
USA,941,one,94.501,1.8244,,,,,
USA,942,one,101.47,2.0451,,,,,
USA,943,one,71.768,1.4075,,,,,
USA,944,one,56.219,1.0683,,,,,
USA,945,one,92.552,1.7619,,,,,
USA,946,one,61.779,1.109,,,,,
USA,947,one,57.172,1.0816,,,,,
USA,948,one,94.796,1.8775,,,,,
USA,949,one,57.197,1.0931,,,,,
USA,950,one,83.88,1.4561,,,,,
USA,951,one,62.871,1.1079,,,,,
USA,952,one,59.958,1.0848,,,,,
USA,953,one,58.5,1.1012,,,,,
USA,954,one,107.19,2.549,,,,,
USA,955,one,100.07,2.2234,,,,,
USA,956,one,97.924,1.8906,,,,,
USA,957,one,99.558,2.1356,,,,,
USA,958,one,101.44,1.9935,,,,,
USA,959,one,60.651,1.0801,,,,,
USA,960,one,87.977,1.6059,,,,,
USA,961,one,87.758,1.52,,,,,
USA,962,one,81.392,1.5004,,,,,
USA,963,one,94.776,1.8566,,,,,
USA,964,one,84.887,1.5575,,,,,
USA,965,one,108.84,2.8946,,,,,
USA,966,one,57.841,1.0553,,,,,
USA,967,one,58.711,1.1292,,,,,
USA,968,one,99.592,2.0397,,,,,
USA,969,one,94.443,1.7851,,,,,
USA,970,one,97.426,1.7669,,,,,
USA,971,one,90.531,1.6652,,,,,
USA,972,one,56.793,1.0722,,,,,
USA,973,one,65.454,1.1346,,,,,
USA,974,one,100.07,2.1848,,,,,
USA,975,one,100.05,1.8905,,,,,
USA,976,one,61.999,1.1385,,,,,
USA,977,one,95.722,1.8384,,,,,
USA,978,one,58.845,1.0818,,,,,
USA,979,one,110.89,2.7808,,,,,
USA,980,one,103.71,2.6812,,,,,
USA,981,one,104.22,2.8559,,,,,
USA,982,one,104.49,2.9984,,,,,
USA,983,one,54.446,1.0559,,,,,
USA,984,one,96.254,1.8681,,,,,
USA,985,one,60.774,1.1049,,,,,
USA,986,one,113.2,2.3233,,,,,
USA,987,one,90.108,1.6552,,,,,
USA,988,one,57.917,1.0711,,,,,
USA,989,one,100.5,2.0652,,,,,
USA,990,one,105.97,2.5832,,,,,
USA,991,one,92.994,1.8416,,,,,
USA,992,one,95.116,1.729,,,,,
USA,993,one,103.35,2.8896,,,,,
USA,994,one,52.689,1.0537,,,,,
USA,995,one,53.084,1.0386,,,,,
USA,996,one,97.165,1.7428,,,,,
USA,997,one,97.842,1.9499,,,,,
USA,998,one,104.32,2.7777,,,,,
USA,999,one,97.326,2.0061,,,,,
USA,1000,one,107.17,2.4859,,,,,
