region,draw,spec,P50,k,P50_1,k1,P50_2,k2,s
China,0,one,40.655,1.2002,,,,,
China,1,one,21.315,2.7086,,,,,
China,2,one,16.244,2.2251,,,,,
China,3,one,11.728,2.6375,,,,,
China,4,one,29.643,1.2505,,,,,
China,5,one,26.267,1.3,,,,,
China,6,one,30.264,1.4166,,,,,
China,7,one,13.279,2.5101,,,,,
China,8,one,55.662,1.2694,,,,,
China,9,one,19.711,2.4035,,,,,
China,10,one,48.973,1.0746,,,,,
China,11,one,61.519,1.1455,,,,,
China,12,one,38.485,1.1781,,,,,
China,13,one,35.841,1.3332,,,,,
China,14,one,68.157,1.2844,,,,,
China,15,one,87.213,1.8313,,,,,
China,16,one,24.453,1.278,,,,,
China,17,one,67.595,1.2836,,,,,
China,18,one,43.903,1.2262,,,,,
China,19,one,58.301,1.4128,,,,,
China,20,one,31.894,1.2974,,,,,
China,21,one,74.199,1.5971,,,,,
China,22,one,37.924,0.95622,,,,,
China,23,one,21.37,1.5486,,,,,
China,24,one,14.856,2.7493,,,,,
China,25,one,34.699,1.6066,,,,,
China,26,one,17.193,2.1904,,,,,
China,27,one,41.007,1.1811,,,,,
China,28,one,13.415,2.589,,,,,
China,29,one,44.29,1.1694,,,,,
China,30,one,31.125,1.3339,,,,,
China,31,one,15.143,2.6917,,,,,
China,32,one,37.269,1.1905,,,,,
China,33,one,45.995,1.1763,,,,,
China,34,one,15.784,2.0646,,,,,
China,35,one,63.413,1.3319,,,,,
China,36,one,40.228,1.2467,,,,,
China,37,one,13.255,2.7522,,,,,
China,38,one,86.058,1.8191,,,,,
China,39,one,33.317,1.06,,,,,
China,40,one,84.151,1.8764,,,,,
China,41,one,55.11,1.3085,,,,,
China,42,one,36.151,1.2418,,,,,
China,43,one,38.523,1.3241,,,,,
China,44,one,55.573,1.4002,,,,,
China,45,one,38.211,1.207,,,,,
China,46,one,13.625,2.9082,,,,,
China,47,one,72.91,1.3703,,,,,
China,48,one,38.842,1.2726,,,,,
China,49,one,42.282,1.3686,,,,,
China,50,one,87.822,1.897,,,,,
China,51,one,17.596,2.8196,,,,,
China,52,one,40.853,1.3848,,,,,
China,53,one,51.386,1.1803,,,,,
China,54,one,13.752,2.0394,,,,,
China,55,one,40.037,1.1565,,,,,
China,56,one,64.036,1.4571,,,,,
China,57,one,24.86,1.3409,,,,,
China,58,one,28.358,1.0389,,,,,
China,59,one,34.805,1.1371,,,,,
China,60,one,36.339,1.0797,,,,,
China,61,one,15.395,1.379,,,,,
China,62,one,59.619,1.6789,,,,,
China,63,one,59.162,1.2142,,,,,
China,64,one,64.183,1.3723,,,,,
China,65,one,51.642,1.177,,,,,
China,66,one,79.081,1.6012,,,,,
China,67,one,43.642,1.3489,,,,,
China,68,one,91.744,2.1944,,,,,
China,69,one,49.263,1.3017,,,,,
China,70,one,12.134,3.3372,,,,,
China,71,one,60.567,1.4133,,,,,
China,72,one,13.057,2.8256,,,,,
China,73,one,48.499,1.1259,,,,,
China,74,one,57.786,1.4992,,,,,
China,75,one,83.329,1.7485,,,,,
China,76,one,69.688,1.5997,,,,,
China,77,one,46.427,1.176,,,,,
China,78,one,38.692,0.86934,,,,,
China,79,one,35.923,1.2193,,,,,
China,80,one,19.765,1.775,,,,,
China,81,one,34.707,1.1667,,,,,
China,82,one,56.841,1.2066,,,,,
China,83,one,13.066,2.5471,,,,,
China,84,one,45.573,1.1725,,,,,
China,85,one,28.772,1.244,,,,,
China,86,one,14.023,2.6508,,,,,
China,87,one,46.211,1.4105,,,,,
China,88,one,29.78,1.0785,,,,,
China,89,one,12.236,2.5275,,,,,
China,90,one,42.776,1.0109,,,,,
China,91,one,44.547,0.98559,,,,,
China,92,one,69.228,1.4229,,,,,
China,93,one,89.466,2.0334,,,,,
China,94,one,34.843,1.1002,,,,,
China,95,one,53.545,1.7002,,,,,
China,96,one,38.796,1.2549,,,,,
China,97,one,30.974,1.081,,,,,
China,98,one,64.423,1.2467,,,,,
China,99,one,53.313,1.2979,,,,,
China,100,one,33.509,1.061,,,,,
China,101,one,42.045,1.2263,,,,,
China,102,one,46.39,1.1703,,,,,
China,103,one,23.762,1.3148,,,,,
China,104,one,73.398,1.7098,,,,,
China,105,one,27.347,1.4111,,,,,
China,106,one,69.548,1.5861,,,,,
China,107,one,23.807,1.1357,,,,,
China,108,one,35.261,1.1584,,,,,
China,109,one,44.993,0.95436,,,,,
China,110,one,52.691,1.3453,,,,,
China,111,one,59.519,1.256,,,,,
China,112,one,69.438,1.3742,,,,,
China,113,one,31.644,1.5385,,,,,
China,114,one,38.35,1.1968,,,,,
China,115,one,59.992,1.2319,,,,,
China,116,one,54.941,1.3018,,,,,
China,117,one,47.846,1.3538,,,,,
China,118,one,57.747,1.3183,,,,,
China,119,one,47.665,1.2725,,,,,
China,120,one,31.338,1.0248,,,,,
China,121,one,62.719,1.2512,,,,,
China,122,one,43.53,1.2677,,,,,
China,123,one,47.539,1.0275,,,,,
China,124,one,42.757,1.199,,,,,
China,125,one,34.992,1.2394,,,,,
China,126,one,12.211,2.3912,,,,,
China,127,one,38.617,1.0015,,,,,
China,128,one,14.269,1.1541,,,,,
China,129,one,34.081,0.97131,,,,,
China,130,one,86.743,1.8752,,,,,
China,131,one,29.844,1.6885,,,,,
China,132,one,36.676,1.3194,,,,,
China,133,one,38.591,1.1218,,,,,
China,134,one,22.69,0.92058,,,,,
China,135,one,37.613,1.1719,,,,,
China,136,one,22.078,1.0467,,,,,
China,137,one,38.615,1.3116,,,,,
China,138,one,59.021,1.3069,,,,,
China,139,one,33.481,1.2343,,,,,
China,140,one,35.392,1.1971,,,,,
China,141,one,12.74,2.5045,,,,,
China,142,one,25.125,0.98023,,,,,
China,143,one,53.031,1.1831,,,,,
China,144,one,69.909,1.3382,,,,,
China,145,one,20.391,1.0768,,,,,
China,146,one,28.924,1.1903,,,,,
China,147,one,35.383,1.1558,,,,,
China,148,one,72.266,1.3984,,,,,
China,149,one,10.446,7.615,,,,,
China,150,one,27.178,1.0881,,,,,
China,151,one,65.543,1.4799,,,,,
China,152,one,13.677,2.8768,,,,,
China,153,one,10.56,2.1431,,,,,
China,154,one,53.977,1.2734,,,,,
China,155,one,43.124,1.0535,,,,,
China,156,one,38.365,1.1681,,,,,
China,157,one,39.209,1.2706,,,,,
China,158,one,26.314,1.4011,,,,,
China,159,one,42.449,1.3053,,,,,
China,160,one,35.751,1.0855,,,,,
China,161,one,36.377,1.2429,,,,,
China,162,one,40.26,1.1753,,,,,
China,163,one,45.605,1.1477,,,,,
China,164,one,37.912,1.2161,,,,,
China,165,one,32.073,1.3108,,,,,
China,166,one,25.404,1.2938,,,,,
China,167,one,31.692,1.471,,,,,
China,168,one,65.6,1.3736,,,,,
China,169,one,63.824,1.4433,,,,,
China,170,one,39.101,1.3478,,,,,
China,171,one,30.32,1.1439,,,,,
China,172,one,59.861,1.416,,,,,
China,173,one,42.901,1.023,,,,,
China,174,one,10.142,6.4357,,,,,
China,175,one,36.027,1.1896,,,,,
China,176,one,34.009,1.1772,,,,,
China,177,one,51.202,1.3943,,,,,
China,178,one,46.171,1.2459,,,,,
China,179,one,25.987,1.4103,,,,,
China,180,one,29.837,1.2676,,,,,
China,181,one,42.419,1.1493,,,,,
China,182,one,42.639,1.05,,,,,
China,183,one,37.785,1.1433,,,,,
China,184,one,63.367,1.4056,,,,,
China,185,one,53.437,1.2839,,,,,
China,186,one,61.541,1.6394,,,,,
China,187,one,36.296,1.2231,,,,,
China,188,one,69.426,1.5866,,,,,
China,189,one,16.27,2.31,,,,,
China,190,one,21.76,1.4008,,,,,
China,191,one,64.275,1.445,,,,,
China,192,one,60.471,1.5284,,,,,
China,193,one,36.596,1.1349,,,,,
China,194,one,76.728,1.4878,,,,,
China,195,one,46.418,1.2034,,,,,
China,196,one,47.753,1.3207,,,,,
China,197,one,36.881,1.238,,,,,
China,198,one,39.718,1.125,,,,,
China,199,one,14.194,1.3698,,,,,
China,200,one,50.189,1.3369,,,,,
China,201,one,44.648,1.1278,,,,,
China,202,one,40.338,1.0702,,,,,
China,203,one,26.662,1.0902,,,,,
China,204,one,64.812,1.3292,,,,,
China,205,one,27.394,1.4579,,,,,
China,206,one,36.478,1.2823,,,,,
China,207,one,62.161,1.2719,,,,,
China,208,one,32.925,0.94019,,,,,
China,209,one,31.01,1.4036,,,,,
China,210,one,56.047,1.3464,,,,,
China,211,one,52.509,1.1602,,,,,
China,212,one,33.889,1.3034,,,,,
China,213,one,44.563,1.1619,,,,,
China,214,one,57.126,1.2924,,,,,
China,215,one,47.423,1.106,,,,,
China,216,one,57.85,1.3879,,,,,
China,217,one,19.097,2.9017,,,,,
China,218,one,55.244,1.1263,,,,,
China,219,one,72.027,1.4919,,,,,
China,220,one,60.298,1.2963,,,,,
China,221,one,13.441,2.5704,,,,,
China,222,one,34.599,1.2014,,,,,
China,223,one,43.245,1.0412,,,,,
China,224,one,29.877,1.0631,,,,,
China,225,one,62.822,1.3069,,,,,
China,226,one,11.798,2.528,,,,,
China,227,one,78.698,1.6573,,,,,
China,228,one,63.652,1.471,,,,,
China,229,one,31.167,1.0679,,,,,
China,230,one,15.067,2.5527,,,,,
China,231,one,38.008,1.254,,,,,
China,232,one,27.019,1.2633,,,,,
China,233,one,56.773,1.3805,,,,,
China,234,one,38.993,1.2621,,,,,
China,235,one,36.083,1.2671,,,,,
China,236,one,19.66,1.1453,,,,,
China,237,one,45.751,1.0806,,,,,
China,238,one,40.977,1.3074,,,,,
China,239,one,32.778,1.3677,,,,,
China,240,one,67.17,1.5166,,,,,
China,241,one,86.776,1.9164,,,,,
China,242,one,49.721,1.2162,,,,,
China,243,one,37.143,1.1523,,,,,
China,244,one,74.304,1.6003,,,,,
China,245,one,43.353,1.0994,,,,,
China,246,one,20.316,1.4336,,,,,
China,247,one,65.068,1.3424,,,,,
China,248,one,50.245,1.2635,,,,,
China,249,one,30.698,1.4614,,,,,
China,250,one,57.612,1.3291,,,,,
China,251,one,38.146,1.3217,,,,,
China,252,one,36.765,1.1977,,,,,
China,253,one,78.646,1.6936,,,,,
China,254,one,31.723,1.1362,,,,,
China,255,one,10.353,7.0277,,,,,
China,256,one,36.191,1.2881,,,,,
China,257,one,43.942,1.3123,,,,,
China,258,one,12.469,2.8264,,,,,
China,259,one,88.359,1.8657,,,,,
China,260,one,85.645,1.8296,,,,,
China,261,one,45.654,1.299,,,,,
China,262,one,38.812,1.2504,,,,,
China,263,one,55.95,1.4043,,,,,
China,264,one,61.255,1.5227,,,,,
China,265,one,72.695,1.6627,,,,,
China,266,one,32.094,1.2118,,,,,
China,267,one,42.911,1.0968,,,,,
China,268,one,38.648,1.2854,,,,,
China,269,one,40.057,1.0957,,,,,
China,270,one,54.983,1.38,,,,,
China,271,one,25.459,1.2334,,,,,
China,272,one,41.286,1.426,,,,,
China,273,one,62.061,1.3272,,,,,
China,274,one,65.469,1.8414,,,,,
China,275,one,80.529,1.6693,,,,,
China,276,one,47.509,1.4618,,,,,
China,277,one,35.987,1.4697,,,,,
China,278,one,50.92,1.1807,,,,,
China,279,one,39.706,1.1933,,,,,
China,280,one,36.297,1.3814,,,,,
China,281,one,87.695,2.0488,,,,,
China,282,one,38.663,1.2581,,,,,
China,283,one,52.833,1.0989,,,,,
China,284,one,22.844,1.4168,,,,,
China,285,one,24.628,2.239,,,,,
China,286,one,44.692,1.1935,,,,,
China,287,one,14.541,1.1789,,,,,
China,288,one,52.896,1.286,,,,,
China,289,one,46.198,1.1982,,,,,
China,290,one,34.449,1.1831,,,,,
China,291,one,49.772,1.1508,,,,,
China,292,one,26.584,1.3776,,,,,
China,293,one,13.288,2.6707,,,,,
China,294,one,13.034,2.5178,,,,,
China,295,one,31.353,1.2583,,,,,
China,296,one,17.85,2.2794,,,,,
China,297,one,58.247,1.1672,,,,,
China,298,one,47.504,1.1471,,,,,
China,299,one,36.943,1.0855,,,,,
China,300,one,14.177,2.4257,,,,,
China,301,one,41.887,1.2635,,,,,
China,302,one,44.901,1.0099,,,,,
China,303,one,33.099,1.2266,,,,,
China,304,one,30.525,1.3068,,,,,
China,305,one,69.3,1.4067,,,,,
China,306,one,79.65,1.8381,,,,,
China,307,one,71.489,1.4414,,,,,
China,308,one,64.688,1.4523,,,,,
China,309,one,81.826,1.9726,,,,,
China,310,one,17.183,2.8067,,,,,
China,311,one,38.477,1.0082,,,,,
China,312,one,35.381,1.1839,,,,,
China,313,one,58.681,1.1037,,,,,
China,314,one,57.572,1.1146,,,,,
China,315,one,51.494,1.1042,,,,,
China,316,one,72.034,1.6423,,,,,
China,317,one,62.658,1.4817,,,,,
China,318,one,74.481,1.4461,,,,,
China,319,one,34.989,1.2422,,,,,
China,320,one,24.516,1.316,,,,,
China,321,one,10.972,2.4982,,,,,
China,322,one,24.795,1.3646,,,,,
China,323,one,47.646,1.3723,,,,,
China,324,one,81.127,1.6426,,,,,
China,325,one,14.655,2.6135,,,,,
China,326,one,32.5,1.3115,,,,,
China,327,one,12.12,2.7024,,,,,
China,328,one,83.492,1.7294,,,,,
China,329,one,45.983,1.1932,,,,,
China,330,one,38.331,1.7335,,,,,
China,331,one,72.12,1.6651,,,,,
China,332,one,32.808,1.2894,,,,,
China,333,one,64.166,1.2494,,,,,
China,334,one,12.115,2.679,,,,,
China,335,one,80.758,1.6184,,,,,
China,336,one,41.669,1.1678,,,,,
China,337,one,39.457,1.3673,,,,,
China,338,one,36.569,1.1283,,,,,
China,339,one,66.805,1.2326,,,,,
China,340,one,7.6273,1.4672,,,,,
China,341,one,47.652,1.1808,,,,,
China,342,one,33.738,1.0267,,,,,
China,343,one,14.246,2.9408,,,,,
China,344,one,39.729,1.115,,,,,
China,345,one,34.505,1.5076,,,,,
China,346,one,50.309,1.3811,,,,,
China,347,one,54.874,1.202,,,,,
China,348,one,82.464,1.6231,,,,,
China,349,one,45.129,1.1347,,,,,
China,350,one,64.349,1.5988,,,,,
China,351,one,30.56,1.5281,,,,,
China,352,one,76.096,1.6245,,,,,
China,353,one,47.468,1.1285,,,,,
China,354,one,28.536,1.7023,,,,,
China,355,one,33.377,1.0386,,,,,
China,356,one,16.644,3.1607,,,,,
China,357,one,64.852,1.6555,,,,,
China,358,one,18.672,1.4176,,,,,
China,359,one,76.434,1.608,,,,,
China,360,one,12.116,2.2862,,,,,
China,361,one,31.769,1.3267,,,,,
China,362,one,45.525,1.4008,,,,,
China,363,one,30.089,1.3271,,,,,
China,364,one,34.485,1.1527,,,,,
China,365,one,28.962,1.4671,,,,,
China,366,one,18.613,2.3379,,,,,
China,367,one,47.297,1.0638,,,,,
China,368,one,25.255,1.122,,,,,
China,369,one,15.853,1.1361,,,,,
China,370,one,56.267,1.0496,,,,,
China,371,one,72.241,1.4894,,,,,
China,372,one,60.155,1.362,,,,,
China,373,one,67.884,1.7178,,,,,
China,374,one,36.869,1.1469,,,,,
China,375,one,12.908,2.6356,,,,,
China,376,one,32.18,1.4848,,,,,
China,377,one,13.483,2.22,,,,,
China,378,one,51.814,1.2446,,,,,
China,379,one,69.878,1.4111,,,,,
China,380,one,42.935,1.2077,,,,,
China,381,one,15.704,1.1115,,,,,
China,382,one,15.7,3.1113,,,,,
China,383,one,17.526,1.19,,,,,
China,384,one,76.976,1.7344,,,,,
China,385,one,71.821,1.5349,,,,,
China,386,one,62.742,1.1796,,,,,
China,387,one,54.994,1.4485,,,,,
China,388,one,45.873,1.0736,,,,,
China,389,one,38.715,1.1707,,,,,
China,390,one,33.391,1.6208,,,,,
China,391,one,13.99,3.0311,,,,,
China,392,one,13.574,2.6688,,,,,
China,393,one,41.431,1.1426,,,,,
China,394,one,33.018,1.2275,,,,,
China,395,one,57.945,1.4721,,,,,
China,396,one,64.323,1.4195,,,,,
China,397,one,77.196,1.6873,,,,,
China,398,one,38.591,1.4555,,,,,
China,399,one,47.058,1.0998,,,,,
China,400,one,47.298,1.1083,,,,,
China,401,one,43.329,1.2139,,,,,
China,402,one,35.132,1.2651,,,,,
China,403,one,36.515,1.1634,,,,,
China,404,one,53.784,1.762,,,,,
China,405,one,45.289,1.329,,,,,
China,406,one,77.68,1.7004,,,,,
China,407,one,63.223,1.3122,,,,,
China,408,one,23.66,1.3494,,,,,
China,409,one,83.82,1.8508,,,,,
China,410,one,62.589,1.499,,,,,
China,411,one,36.037,1.1631,,,,,
China,412,one,50.416,1.1561,,,,,
China,413,one,15.448,1.2516,,,,,
China,414,one,34.741,1.223,,,,,
China,415,one,50.979,1.1837,,,,,
China,416,one,9.9729,6.2341,,,,,
China,417,one,46.584,1.0964,,,,,
China,418,one,38.348,1.1957,,,,,
China,419,one,25.355,1.2694,,,,,
China,420,one,32.295,1.8229,,,,,
China,421,one,72.473,1.3717,,,,,
China,422,one,30.507,1.3393,,,,,
China,423,one,82.563,1.7701,,,,,
China,424,one,46.406,1.2758,,,,,
China,425,one,16.137,1.3805,,,,,
China,426,one,38.567,1.0636,,,,,
China,427,one,29.115,1.4999,,,,,
China,428,one,30.42,1.2517,,,,,
China,429,one,56.775,1.2241,,,,,
China,430,one,30.888,1.2914,,,,,
China,431,one,32.741,1.2163,,,,,
China,432,one,3.806,1.3128,,,,,
China,433,one,56.16,1.166,,,,,
China,434,one,38.272,1.1433,,,,,
China,435,one,72.758,1.872,,,,,
China,436,one,44.565,1.1327,,,,,
China,437,one,63.827,1.2864,,,,,
China,438,one,23.237,1.5375,,,,,
China,439,one,43.115,1.167,,,,,
China,440,one,49.979,1.0974,,,,,
China,441,one,20.507,1.2206,,,,,
China,442,one,33.515,1.3125,,,,,
China,443,one,84.265,2.1356,,,,,
China,444,one,59.113,1.3521,,,,,
China,445,one,29.529,1.1344,,,,,
China,446,one,34.693,1.3367,,,,,
China,447,one,55.827,1.4537,,,,,
China,448,one,41.046,1.2864,,,,,
China,449,one,22.934,1.2197,,,,,
China,450,one,51.882,1.2216,,,,,
China,451,one,28.627,1.1431,,,,,
China,452,one,43.532,1.3213,,,,,
China,453,one,38.717,1.2279,,,,,
China,454,one,29.573,1.3991,,,,,
China,455,one,27.303,1.3963,,,,,
China,456,one,40.092,1.4245,,,,,
China,457,one,23.598,1.1742,,,,,
China,458,one,52.366,1.145,,,,,
China,459,one,9.8083,2.1718,,,,,
China,460,one,20.378,1.2802,,,,,
China,461,one,39.094,0.98714,,,,,
China,462,one,28.53,1.2636,,,,,
China,463,one,73.006,1.6381,,,,,
China,464,one,87.056,1.6849,,,,,
China,465,one,38.233,1.2446,,,,,
China,466,one,38.485,1.2399,,,,,
China,467,one,54.597,1.2356,,,,,
China,468,one,42.605,1.1436,,,,,
China,469,one,72.775,1.3513,,,,,
China,470,one,62.793,1.3488,,,,,
China,471,one,51.557,1.1456,,,,,
China,472,one,50.383,1.2092,,,,,
China,473,one,80.854,1.6015,,,,,
China,474,one,38.218,1.3498,,,,,
China,475,one,10.737,6.6561,,,,,
China,476,one,35.044,1.3698,,,,,
China,477,one,38.841,1.5344,,,,,
China,478,one,5.2334,0.88255,,,,,
China,479,one,33.802,1.2715,,,,,
China,480,one,44.318,1.2738,,,,,
China,481,one,34.075,0.97717,,,,,
China,482,one,52.143,1.289,,,,,
China,483,one,46.507,1.0589,,,,,
China,484,one,40.065,1.1701,,,,,
China,485,one,49.344,1.2552,,,,,
China,486,one,34.071,1.2145,,,,,
China,487,one,73.017,1.582,,,,,
China,488,one,69.633,1.3753,,,,,
China,489,one,33.348,1.2257,,,,,
China,490,one,89.694,2.0216,,,,,
China,491,one,74.928,1.4554,,,,,
China,492,one,40.908,1.1796,,,,,
China,493,one,46.089,1.303,,,,,
China,494,one,19.021,2.8335,,,,,
China,495,one,41.381,1.3224,,,,,
China,496,one,28.518,1.1731,,,,,
China,497,one,37.403,1.3094,,,,,
China,498,one,38.736,1.4732,,,,,
China,499,one,28.146,1.2784,,,,,
China,500,one,30.624,1.2749,,,,,
China,501,one,43.174,1.0596,,,,,
China,502,one,46.116,1.2548,,,,,
China,503,one,54.453,1.2376,,,,,
China,504,one,29.154,1.6987,,,,,
China,505,one,50.878,1.1251,,,,,
China,506,one,37.02,1.2907,,,,,
China,507,one,71.847,1.5422,,,,,
China,508,one,13.703,2.117,,,,,
China,509,one,43.697,1.0346,,,,,
China,510,one,41.392,1.3083,,,,,
China,511,one,75.179,1.9303,,,,,
China,512,one,33.059,0.94106,,,,,
China,513,one,34.984,1.193,,,,,
China,514,one,42.404,1.1163,,,,,
China,515,one,58.74,1.304,,,,,
China,516,one,42.598,1.2736,,,,,
China,517,one,27.428,1.7767,,,,,
China,518,one,83.236,1.7171,,,,,
China,519,one,37.006,1.1317,,,,,
China,520,one,45.077,1.2235,,,,,
China,521,one,29.636,1.2433,,,,,
China,522,one,72.119,1.5504,,,,,
China,523,one,33.049,1.5097,,,,,
China,524,one,42.431,1.1179,,,,,
China,525,one,45.353,1.0988,,,,,
China,526,one,13.37,2.1926,,,,,
China,527,one,73.744,1.5931,,,,,
China,528,one,36.177,1.2465,,,,,
China,529,one,68.426,1.4124,,,,,
China,530,one,33.934,1.2897,,,,,
China,531,one,62.334,1.2593,,,,,
China,532,one,50.967,1.163,,,,,
China,533,one,74.962,1.4699,,,,,
China,534,one,31.699,1.3858,,,,,
China,535,one,45.021,1.1497,,,,,
China,536,one,59.323,1.4259,,,,,
China,537,one,53.072,1.1219,,,,,
China,538,one,45.126,1.1791,,,,,
China,539,one,31.795,1.219,,,,,
China,540,one,30.738,1.337,,,,,
China,541,one,15.327,2.7288,,,,,
China,542,one,51.543,1.1689,,,,,
China,543,one,21.274,1.2814,,,,,
China,544,one,26.568,1.1461,,,,,
China,545,one,51.176,1.1223,,,,,
China,546,one,33.94,1.5539,,,,,
China,547,one,21.093,1.1054,,,,,
China,548,one,41.043,1.1397,,,,,
China,549,one,28.587,1.1721,,,,,
China,550,one,14.2,2.9216,,,,,
China,551,one,41.554,1.352,,,,,
China,552,one,52.697,1.285,,,,,
China,553,one,86.254,1.6758,,,,,
China,554,one,46.273,1.6902,,,,,
China,555,one,28.015,1.0746,,,,,
China,556,one,33.089,1.0433,,,,,
China,557,one,47.778,1.2655,,,,,
China,558,one,62.752,1.3427,,,,,
China,559,one,29.093,1.4789,,,,,
China,560,one,43.981,1.1915,,,,,
China,561,one,67.615,1.9007,,,,,
China,562,one,39.659,1.3089,,,,,
China,563,one,35.055,1.3872,,,,,
China,564,one,86.971,1.9114,,,,,
China,565,one,46.07,1.2828,,,,,
China,566,one,51.483,1.1382,,,,,
China,567,one,40.944,1.198,,,,,
China,568,one,40.917,1.1923,,,,,
China,569,one,39.44,1.363,,,,,
China,570,one,33.65,1.2232,,,,,
China,571,one,35.799,1.4556,,,,,
China,572,one,55.469,1.6947,,,,,
China,573,one,53.988,1.2028,,,,,
China,574,one,46.55,1.2272,,,,,
China,575,one,38.41,1.173,,,,,
China,576,one,35.176,1.3256,,,,,
China,577,one,42.279,1.2043,,,,,
China,578,one,66.718,1.5094,,,,,
China,579,one,15.636,3.5106,,,,,
China,580,one,2.4236,0.78426,,,,,
China,581,one,40.491,1.0872,,,,,
China,582,one,15.922,2.1759,,,,,
China,583,one,13.8,2.2478,,,,,
China,584,one,27.413,1.5299,,,,,
China,585,one,50.948,1.1912,,,,,
China,586,one,37.1,1.1737,,,,,
China,587,one,66.808,1.4887,,,,,
China,588,one,38.843,1.2845,,,,,
China,589,one,30.522,1.395,,,,,
China,590,one,48.915,1.2054,,,,,
China,591,one,10.627,8,,,,,
China,592,one,33.698,1.4632,,,,,
China,593,one,49.418,1.2464,,,,,
China,594,one,56.929,1.2571,,,,,
China,595,one,23.581,1.1431,,,,,
China,596,one,39.864,1.3017,,,,,
China,597,one,10.531,2.3763,,,,,
China,598,one,26.248,1.0959,,,,,
China,599,one,61.079,1.4175,,,,,
China,600,one,75.791,1.6345,,,,,
China,601,one,63.206,1.3656,,,,,
China,602,one,8.418,1.869,,,,,
China,603,one,38.224,1.2848,,,,,
China,604,one,34.413,1.2443,,,,,
China,605,one,2,0.88808,,,,,
China,606,one,9.3703,1.6047,,,,,
China,607,one,33.474,1.6207,,,,,
China,608,one,52.628,1.1515,,,,,
China,609,one,39.905,1.0908,,,,,
China,610,one,66.305,1.4378,,,,,
China,611,one,78.028,1.7134,,,,,
China,612,one,67.253,1.4723,,,,,
China,613,one,47.616,1.2245,,,,,
China,614,one,19.13,1.2669,,,,,
China,615,one,34.152,1.3212,,,,,
China,616,one,39.115,1.1952,,,,,
China,617,one,70.96,1.3574,,,,,
China,618,one,40.419,1.248,,,,,
China,619,one,68.516,1.5041,,,,,
China,620,one,38.837,1.1811,,,,,
China,621,one,29.292,1.2783,,,,,
China,622,one,51.596,1.1498,,,,,
China,623,one,38.268,1.1722,,,,,
China,624,one,50.847,1.3619,,,,,
China,625,one,63.066,1.258,,,,,
China,626,one,53.253,1.2392,,,,,
China,627,one,55.221,1.341,,,,,
China,628,one,61.763,1.1197,,,,,
China,629,one,38.647,1.0896,,,,,
China,630,one,81.896,1.6934,,,,,
China,631,one,55.542,1.8016,,,,,
China,632,one,53.746,1.1279,,,,,
China,633,one,43.167,1.2656,,,,,
China,634,one,68.869,1.6731,,,,,
China,635,one,40.134,1.217,,,,,
China,636,one,68.017,1.5161,,,,,
China,637,one,33.945,1.3588,,,,,
China,638,one,31.749,1.114,,,,,
China,639,one,11.518,2.2406,,,,,
China,640,one,37.34,1.0349,,,,,
China,641,one,38.888,1.3428,,,,,
China,642,one,40.282,1.1492,,,,,
China,643,one,40.518,1.3028,,,,,
China,644,one,43.237,0.98792,,,,,
China,645,one,31.066,1.3967,,,,,
China,646,one,23.84,1.8739,,,,,
China,647,one,32.39,1.2101,,,,,
China,648,one,51.851,1.3313,,,,,
China,649,one,50.684,1.1395,,,,,
China,650,one,27.951,1.2709,,,,,
China,651,one,41.662,1.1895,,,,,
China,652,one,12.19,1.9672,,,,,
China,653,one,41.094,1.1379,,,,,
China,654,one,80.844,1.6361,,,,,
China,655,one,39.802,0.86273,,,,,
China,656,one,35.902,1.5567,,,,,
China,657,one,24.36,1.3757,,,,,
China,658,one,74.378,1.6028,,,,,
China,659,one,58.253,1.2954,,,,,
China,660,one,62.599,1.2044,,,,,
China,661,one,33.182,1.4251,,,,,
China,662,one,9.8411,6.5045,,,,,
China,663,one,56.911,1.1562,,,,,
China,664,one,44.693,1.103,,,,,
China,665,one,33.245,1.1674,,,,,
China,666,one,43.53,1.095,,,,,
China,667,one,76.531,1.7484,,,,,
China,668,one,13.519,2.9076,,,,,
China,669,one,39.614,1.0444,,,,,
China,670,one,15.621,2.6908,,,,,
China,671,one,56.25,1.1461,,,,,
China,672,one,4.2636,0.94236,,,,,
China,673,one,36.276,1.2573,,,,,
China,674,one,25.845,1.0606,,,,,
China,675,one,50.415,1.303,,,,,
China,676,one,11.13,2.309,,,,,
China,677,one,26.718,1.2868,,,,,
China,678,one,29.623,0.98912,,,,,
China,679,one,75.386,1.6667,,,,,
China,680,one,65.325,1.3258,,,,,
China,681,one,38.922,1.0331,,,,,
China,682,one,57.018,1.1823,,,,,
China,683,one,56.672,1.2398,,,,,
China,684,one,18.793,1.0045,,,,,
China,685,one,34.603,1.1093,,,,,
China,686,one,9.868,6.5058,,,,,
China,687,one,74.886,1.6233,,,,,
China,688,one,36.608,1.5916,,,,,
China,689,one,35.957,1.2447,,,,,
China,690,one,17.002,3.0214,,,,,
China,691,one,53.577,1.2616,,,,,
China,692,one,69.405,1.6462,,,,,
China,693,one,2,0.85677,,,,,
China,694,one,32.975,1.3185,,,,,
China,695,one,33.061,1.2457,,,,,
China,696,one,66.028,1.3218,,,,,
China,697,one,11.769,2.5066,,,,,
China,698,one,46.565,1.2449,,,,,
China,699,one,58.264,1.4875,,,,,
China,700,one,41.051,1.2522,,,,,
China,701,one,50.837,1.116,,,,,
China,702,one,48.603,1.3125,,,,,
China,703,one,52.172,1.1177,,,,,
China,704,one,44.614,1.1248,,,,,
China,705,one,86.592,1.8847,,,,,
China,706,one,36.753,1.3303,,,,,
China,707,one,16.747,2.4292,,,,,
China,708,one,36.596,1.2429,,,,,
China,709,one,80.342,1.6082,,,,,
China,710,one,55.033,1.3526,,,,,
China,711,one,46.158,1.2072,,,,,
China,712,one,30.296,1.2159,,,,,
China,713,one,32.549,1.2041,,,,,
China,714,one,22.156,1.051,,,,,
China,715,one,14.133,3.1797,,,,,
China,716,one,54.028,1.2879,,,,,
China,717,one,42.403,1.2736,,,,,
China,718,one,48.608,1.1267,,,,,
China,719,one,43.38,1.2701,,,,,
China,720,one,39.602,1.3223,,,,,
China,721,one,80.558,1.8099,,,,,
China,722,one,9.8529,6.1622,,,,,
China,723,one,49.115,1.2122,,,,,
China,724,one,36.095,0.97257,,,,,
China,725,one,78.969,1.6059,,,,,
China,726,one,68.827,1.3674,,,,,
China,727,one,33.777,1.2372,,,,,
China,728,one,44.084,1.3161,,,,,
China,729,one,24.923,1.8978,,,,,
China,730,one,9.1936,5.8472,,,,,
China,731,one,44.353,1.3558,,,,,
China,732,one,35.307,1.2088,,,,,
China,733,one,47.381,1.204,,,,,
China,734,one,43.013,1.2685,,,,,
China,735,one,14.907,2.5713,,,,,
China,736,one,46.992,1.0175,,,,,
China,737,one,53.324,1.2706,,,,,
China,738,one,40.523,0.92802,,,,,
China,739,one,66.353,1.5231,,,,,
China,740,one,44.398,1.2253,,,,,
China,741,one,46.879,1.199,,,,,
China,742,one,8.4897,4.5163,,,,,
China,743,one,10.479,7.6673,,,,,
China,744,one,11.922,2.8878,,,,,
China,745,one,30.5,1.279,,,,,
China,746,one,63.992,1.4772,,,,,
China,747,one,71.995,1.4137,,,,,
China,748,one,41.039,1.0066,,,,,
China,749,one,56.351,1.0651,,,,,
China,750,one,68.616,1.2764,,,,,
China,751,one,20.414,1.5937,,,,,
China,752,one,64.361,1.4785,,,,,
China,753,one,19.397,1.3755,,,,,
China,754,one,69.318,1.8647,,,,,
China,755,one,30.393,1.2525,,,,,
China,756,one,33.173,1.085,,,,,
China,757,one,35.614,1.3079,,,,,
China,758,one,37.639,1.2536,,,,,
China,759,one,36.148,0.99222,,,,,
China,760,one,14.011,2.7254,,,,,
China,761,one,64.419,1.2465,,,,,
China,762,one,80.014,1.6301,,,,,
China,763,one,34.918,1.2258,,,,,
China,764,one,73.866,1.8001,,,,,
China,765,one,24.375,1.2603,,,,,
China,766,one,41.447,1.2365,,,,,
China,767,one,29.537,1.2262,,,,,
China,768,one,28.872,1.5725,,,,,
China,769,one,23.544,1.4345,,,,,
China,770,one,28.217,1.3089,,,,,
China,771,one,64.778,1.4734,,,,,
China,772,one,23.577,1.322,,,,,
China,773,one,48.621,1.0595,,,,,
China,774,one,29.462,1.1157,,,,,
China,775,one,49.356,1.3759,,,,,
China,776,one,13.195,2.6828,,,,,
China,777,one,38.975,1.106,,,,,
China,778,one,18.534,1.4328,,,,,
China,779,one,42.636,1.4319,,,,,
China,780,one,13.563,1.8318,,,,,
China,781,one,26.991,1.2652,,,,,
China,782,one,63.664,1.5647,,,,,
China,783,one,34.336,1.1998,,,,,
China,784,one,33.051,1.3067,,,,,
China,785,one,13.787,2.7527,,,,,
China,786,one,55.613,1.1805,,,,,
China,787,one,26.311,1.534,,,,,
China,788,one,37.414,1.0861,,,,,
China,789,one,74.564,1.504,,,,,
China,790,one,40.356,1.3124,,,,,
China,791,one,41.177,1.2989,,,,,
China,792,one,41.894,1.1359,,,,,
China,793,one,11.292,2.4431,,,,,
China,794,one,28.731,1.4106,,,,,
China,795,one,35.752,1.2295,,,,,
China,796,one,31.804,1.1539,,,,,
China,797,one,86.024,1.7013,,,,,
China,798,one,12.869,2.1945,,,,,
China,799,one,61.628,1.2987,,,,,
China,800,one,12.553,2.7237,,,,,
China,801,one,41.303,1.0219,,,,,
China,802,one,37.273,1.4642,,,,,
China,803,one,36.911,1.1177,,,,,
China,804,one,15.044,3.1468,,,,,
China,805,one,77.164,1.5405,,,,,
China,806,one,38.799,1.0864,,,,,
China,807,one,37.195,1.1935,,,,,
China,808,one,41.673,1.2746,,,,,
China,809,one,53.964,1.4203,,,,,
China,810,one,21.978,1.2789,,,,,
China,811,one,62.037,1.4201,,,,,
China,812,one,36.302,1.2796,,,,,
China,813,one,66.465,1.411,,,,,
China,814,one,14.956,2.217,,,,,
China,815,one,34.768,1.3802,,,,,
China,816,one,45.627,1.2563,,,,,
China,817,one,53.311,1.4354,,,,,
China,818,one,83.58,1.7437,,,,,
China,819,one,52.917,1.2655,,,,,
China,820,one,10.358,6.8348,,,,,
China,821,one,32.868,1.2873,,,,,
China,822,one,36.365,1.1708,,,,,
China,823,one,29.544,1.0761,,,,,
China,824,one,12.37,2.5332,,,,,
China,825,one,52.24,1.3495,,,,,
China,826,one,79.446,1.7672,,,,,
China,827,one,29.677,1.1018,,,,,
China,828,one,77.062,1.5039,,,,,
China,829,one,48.264,0.92139,,,,,
China,830,one,59.553,1.1882,,,,,
China,831,one,47.242,1.3152,,,,,
China,832,one,41.669,1.5227,,,,,
China,833,one,30.037,1.2463,,,,,
China,834,one,86.417,1.8615,,,,,
China,835,one,52.945,1.1148,,,,,
China,836,one,18.229,1.0961,,,,,
China,837,one,2,0.80896,,,,,
China,838,one,64.074,1.4054,,,,,
China,839,one,47.232,1.1834,,,,,
China,840,one,79.382,1.617,,,,,
China,841,one,34.122,1.3134,,,,,
China,842,one,63.055,1.2639,,,,,
China,843,one,54.041,1.2618,,,,,
China,844,one,41.608,1.4171,,,,,
China,845,one,49.698,1.2225,,,,,
China,846,one,43.248,1.2323,,,,,
China,847,one,80.854,1.7004,,,,,
China,848,one,47.795,1.0496,,,,,
China,849,one,54.461,1.2168,,,,,
China,850,one,62.352,1.4908,,,,,
China,851,one,19.485,1.7405,,,,,
China,852,one,41.137,1.1112,,,,,
China,853,one,16.254,2.467,,,,,
China,854,one,41.414,1.1361,,,,,
China,855,one,44.884,1.3131,,,,,
China,856,one,28.228,1.1898,,,,,
China,857,one,33.338,1.239,,,,,
China,858,one,59.955,1.1377,,,,,
China,859,one,22.585,1.0522,,,,,
China,860,one,74.344,1.632,,,,,
China,861,one,10.505,7.5355,,,,,
China,862,one,34.713,1.2409,,,,,
China,863,one,32.794,1.1539,,,,,
China,864,one,34.658,1.1958,,,,,
China,865,one,59.11,1.3133,,,,,
China,866,one,38.164,1.3447,,,,,
China,867,one,52.309,1.1227,,,,,
China,868,one,81.098,1.6455,,,,,
China,869,one,9.9118,1.4338,,,,,
China,870,one,38.516,1.0423,,,,,
China,871,one,72.155,1.3978,,,,,
China,872,one,81.684,1.6581,,,,,
China,873,one,45.256,1.1947,,,,,
China,874,one,40.563,1.1503,,,,,
China,875,one,53.424,1.1965,,,,,
China,876,one,28.518,1.4127,,,,,
China,877,one,83.6,1.7504,,,,,
China,878,one,54.35,1.3893,,,,,
China,879,one,39.584,1.0542,,,,,
China,880,one,46.028,1.2309,,,,,
China,881,one,27.628,1.4251,,,,,
China,882,one,41.488,1.2626,,,,,
China,883,one,74.542,1.4929,,,,,
China,884,one,39.818,1.185,,,,,
China,885,one,10.375,7.1657,,,,,
China,886,one,27.237,1.028,,,,,
China,887,one,27.238,1.2828,,,,,
China,888,one,40.719,1.1111,,,,,
China,889,one,13.337,2.9124,,,,,
China,890,one,50.797,1.1511,,,,,
China,891,one,28.298,1.6027,,,,,
China,892,one,63.58,1.4381,,,,,
China,893,one,58.728,1.2862,,,,,
China,894,one,61.604,1.3728,,,,,
China,895,one,67.576,1.3471,,,,,
China,896,one,27.983,1.5375,,,,,
China,897,one,13.191,2.6261,,,,,
China,898,one,55.451,1.1907,,,,,
China,899,one,11.933,2.8569,,,,,
China,900,one,77.422,1.4776,,,,,
China,901,one,88.699,1.9774,,,,,
China,902,one,74.332,1.8308,,,,,
China,903,one,91.542,2.0821,,,,,
China,904,one,47.068,1.3651,,,,,
China,905,one,9.7941,6.1465,,,,,
China,906,one,39.947,1.1525,,,,,
China,907,one,29.29,1.338,,,,,
China,908,one,25.385,1.7379,,,,,
China,909,one,64.544,1.3817,,,,,
China,910,one,35.179,1.2486,,,,,
China,911,one,43.091,1.1665,,,,,
China,912,one,65.277,1.4638,,,,,
China,913,one,49.428,1.1402,,,,,
China,914,one,46.811,1.1244,,,,,
China,915,one,33.594,1.1372,,,,,
China,916,one,37.296,1.1247,,,,,
China,917,one,39.477,1.2362,,,,,
China,918,one,21.383,2.1022,,,,,
China,919,one,22.685,1.7487,,,,,
China,920,one,57.999,1.2571,,,,,
China,921,one,41.149,1.3281,,,,,
China,922,one,35.848,1.2756,,,,,
China,923,one,78.567,1.7053,,,,,
China,924,one,10.925,8,,,,,
China,925,one,37.052,1.1063,,,,,
China,926,one,29.292,1.261,,,,,
China,927,one,46.146,1.4166,,,,,
China,928,one,37.335,1.0154,,,,,
China,929,one,30.731,1.5686,,,,,
China,930,one,43.17,0.88712,,,,,
China,931,one,35.048,1.0458,,,,,
China,932,one,10.545,8,,,,,
China,933,one,71.594,1.4114,,,,,
China,934,one,84.432,1.7561,,,,,
China,935,one,14.144,2.631,,,,,
China,936,one,40.544,1.2682,,,,,
China,937,one,32.074,1.2114,,,,,
China,938,one,11.996,2.511,,,,,
China,939,one,25.331,1.3302,,,,,
China,940,one,66.474,1.5223,,,,,
China,941,one,44.91,1.1485,,,,,
China,942,one,23.061,2.4521,,,,,
China,943,one,87.694,2.0143,,,,,
China,944,one,63.236,1.21,,,,,
China,945,one,2,1.6435,,,,,
China,946,one,48.553,1.1993,,,,,
China,947,one,26.116,1.4578,,,,,
China,948,one,29.708,1.7923,,,,,
China,949,one,53.969,1.2089,,,,,
China,950,one,34.769,1.1344,,,,,
China,951,one,2,1.1078,,,,,
China,952,one,51.932,1.1551,,,,,
China,953,one,40.144,1.1824,,,,,
China,954,one,41.917,1.271,,,,,
China,955,one,40.87,1.4252,,,,,
China,956,one,48.381,1.2711,,,,,
China,957,one,38.745,1.2561,,,,,
China,958,one,28.195,1.0781,,,,,
China,959,one,30.642,1.1492,,,,,
China,960,one,30.792,1.1183,,,,,
China,961,one,44.782,1.2229,,,,,
China,962,one,49.652,1.2671,,,,,
China,963,one,58.578,1.4611,,,,,
China,964,one,55.325,1.1993,,,,,
China,965,one,35.38,1.1893,,,,,
China,966,one,31.663,1.1324,,,,,
China,967,one,14.778,2.5188,,,,,
China,968,one,44.505,1.4112,,,,,
China,969,one,47.816,1.1313,,,,,
China,970,one,72.087,1.3926,,,,,
China,971,one,57.014,1.4755,,,,,
China,972,one,49.715,1.1179,,,,,
China,973,one,12.41,2.5922,,,,,
China,974,one,60.057,1.2,,,,,
China,975,one,41.84,1.1015,,,,,
China,976,one,34.856,1.4507,,,,,
China,977,one,35.936,1.2517,,,,,
China,978,one,40.323,1.1272,,,,,
China,979,one,72.557,1.5133,,,,,
China,980,one,61.782,1.5255,,,,,
China,981,one,22.057,1.5221,,,,,
China,982,one,40.04,1.4217,,,,,
China,983,one,44.232,1.1989,,,,,
China,984,one,50.058,1.1564,,,,,
China,985,one,22.245,1.0379,,,,,
China,986,one,89.823,1.8751,,,,,
China,987,one,49.708,1.2062,,,,,
China,988,one,38.561,1.1908,,,,,
China,989,one,33.036,1.1717,,,,,
China,990,one,41.711,1.3619,,,,,
China,991,one,32.872,1.5304,,,,,
China,992,one,49.676,1.2491,,,,,
China,993,one,37.983,1.1847,,,,,
China,994,one,39.12,1.1298,,,,,
China,995,one,41.595,1.1224,,,,,
China,996,one,41.703,1.1839,,,,,
China,997,one,40.427,1.1089,,,,,
China,998,one,42.527,1.084,,,,,
China,999,one,54.021,1.3085,,,,,
China,1000,one,30.375,1.1921,,,,,
EU,0,two,,,63.614,1.1839,137.52,7.6107,0.28137
EU,1,two,,,68.856,1.2554,134.21,5.3304,0.46953
EU,2,two,,,55.477,1.0899,137.22,8,0.28926
EU,3,two,,,67.147,1.2257,126.09,8,0.34112
EU,4,two,,,42.295,0.99443,144.62,3.8839,0.5521
EU,5,two,,,48.558,1.0612,159.84,5.6026,0.28056
EU,6,two,,,34.055,10,215.95,2.3463,0.38666
EU,7,two,,,53.94,0.92878,129.97,3.9174,0.60423
EU,8,two,,,31.988,10,220.21,2.6937,0.40861
EU,9,two,,,35.366,10,211.56,1.9929,0.36999
EU,10,two,,,66.816,0.95924,118.26,8,0.39694
EU,11,two,,,81.396,1.446,124.33,8,0.23377
EU,12,two,,,34.443,10,208.44,1.9584,0.39352
EU,13,two,,,63.469,1.1463,135.8,7.3035,0.35173
EU,14,two,,,60.777,1.1003,119.63,8,0.425
EU,15,two,,,66.972,1.0912,121.27,5.4666,0.57963
EU,16,two,,,56.364,1.2605,162.9,8,0.25878
EU,17,two,,,60.581,1.1343,140.73,6.9768,0.27182
EU,18,two,,,65.742,1.1417,117.73,8,0.45898
EU,19,two,,,69.011,0.86363,114.27,8,0.47614
EU,20,two,,,61.227,0.89717,116.51,8,0.48017
EU,21,two,,,31.86,10,221.51,2.6995,0.40857
EU,22,two,,,70.303,1.0562,118.78,8,0.40266
EU,23,two,,,33.34,10,210.22,2.5587,0.38801
EU,24,two,,,67.309,1.0999,122.3,5.5151,0.60693
EU,25,two,,,65.899,1.2318,137.06,8,0.26169
EU,26,two,,,69.057,1.1174,124.9,5.1628,0.54076
EU,27,two,,,33.445,10,220.1,2.4457,0.39515
EU,28,two,,,51.889,1.1037,148.22,7.4503,0.29982
EU,29,two,,,61.138,1.1267,129.52,8,0.32621
EU,30,two,,,64.428,1.3796,143.57,8,0.3002
EU,31,two,,,50.058,1.0602,165.33,7.4456,0.20889
EU,32,two,,,67.002,1.2132,121.64,8,0.37634
EU,33,two,,,50.17,0.80667,124.91,4.1537,0.62509
EU,34,two,,,71.978,1.153,118.38,8,0.39871
EU,35,two,,,61.492,1.1714,127.87,8,0.37193
EU,36,two,,,19.85,6.4825,202.44,2.621,0.48406
EU,37,two,,,63.092,1.2631,156.77,7.5592,0.19734
EU,38,two,,,20.489,6.0956,194.2,2.1643,0.46052
EU,39,two,,,17.375,0.5,124.07,4.1291,0.72371
EU,40,two,,,32.329,10,230.31,2.4636,0.41706
EU,41,two,,,52.185,1.3626,132.27,6.1157,0.52466
EU,42,two,,,65.246,1.0989,122.88,8,0.31561
EU,43,two,,,34.69,10,226.1,2.3609,0.37894
EU,44,two,,,58.849,1.0452,135.46,3.9607,0.54188
EU,45,two,,,35.051,10,189.01,1.8809,0.38734
EU,46,two,,,33.625,10,212.61,2.8897,0.38866
EU,47,two,,,69.956,1.3599,162.94,8,0.15812
EU,48,two,,,31.668,10,220.13,2.6658,0.41185
EU,49,two,,,50.156,0.90247,133.73,6.2133,0.39826
EU,50,two,,,65.253,1.0487,117.64,8,0.37244
EU,51,two,,,47.627,0.81778,125.67,4.2591,0.63196
EU,52,two,,,23.768,0.5,122.95,2.8981,0.80818
EU,53,two,,,62.437,0.9933,125.07,4.8094,0.59853
EU,54,two,,,69.768,1.273,132.48,7.797,0.2589
EU,55,two,,,32.722,10,219.7,2.6848,0.39984
EU,56,two,,,44.966,0.8805,131.37,3.9485,0.61143
EU,57,two,,,33.183,0.86374,145.45,3.6792,0.58138
EU,58,two,,,22.504,10,189.73,5.6232,0.38624
EU,59,two,,,97.506,1.3399,109.6,8,0.48602
EU,60,two,,,66.491,1.1163,133.86,7.2754,0.31166
EU,61,two,,,19.55,7.9197,188.19,3.1673,0.52364
EU,62,two,,,103.65,1.2552,108.81,8,0.42702
EU,63,two,,,25.14,8.0806,192.02,2.6397,0.37747
EU,64,two,,,70.489,1.2937,127.09,8,0.22898
EU,65,two,,,34.23,10,238.58,2.0765,0.39573
EU,66,two,,,21.896,4.762,205.27,2.0454,0.38415
EU,67,two,,,53.221,0.99069,132.11,4.4229,0.56505
EU,68,two,,,34.421,10,228.87,2.0606,0.38888
EU,69,two,,,32.583,10,219.58,2.4236,0.40742
EU,70,two,,,40.567,0.87871,136.07,4.0589,0.59054
EU,71,two,,,50.752,1.1089,162.29,6.5622,0.24616
EU,72,two,,,67.882,1.2837,141.1,7.8652,0.24343
EU,73,two,,,57.044,1.3245,154.61,8,0.25966
EU,74,two,,,55.826,0.91306,119.28,8,0.37978
EU,75,two,,,47.591,1.215,164.56,8,0.28284
EU,76,two,,,70.305,1.4587,168.87,8,0.19134
EU,77,two,,,23.09,9.4179,203.36,3.7962,0.42353
EU,78,two,,,70.106,0.94357,116.63,8,0.4186
EU,79,two,,,71.771,1.1613,134.58,6.6343,0.27609
EU,80,two,,,56.976,0.68007,120.22,4.1893,0.64913
EU,81,two,,,36.508,0.90851,139.4,3.6814,0.604
EU,82,two,,,34.425,10,193.9,1.955,0.38582
EU,83,two,,,35.008,10,204.84,1.9283,0.3817
EU,84,two,,,34.977,10,208.02,1.9445,0.38316
EU,85,two,,,34.598,10,193.23,1.9453,0.38573
EU,86,two,,,24.268,0.5,118.86,4.762,0.75172
EU,87,two,,,33.516,10,212.46,2.8555,0.38965
EU,88,two,,,52.313,1.1769,181.25,6.7412,0.20452
EU,89,two,,,33.842,10,216.05,2.3499,0.3922
EU,90,two,,,71.728,1.097,123.25,5.1472,0.52862
EU,91,two,,,70.814,1.2642,118.99,8,0.39454
EU,92,two,,,34.946,10,169.46,1.851,0.38636
EU,93,two,,,69.529,1.2522,116.63,8,0.46867
EU,94,two,,,90.689,1.3229,112.83,7.4872,0.50367
EU,95,two,,,53.501,0.89995,125.01,4.8271,0.60907
EU,96,two,,,55.119,1.0333,140.94,8,0.30532
EU,97,two,,,74.279,1.039,114.94,8,0.39848
EU,98,two,,,60.746,1.0704,133.08,8,0.27585
EU,99,two,,,104.99,1.4609,110.21,8,0.32759
EU,100,two,,,35.296,10,212.9,2.0291,0.36926
EU,101,two,,,71.69,1.2849,127.07,8,0.21616
EU,102,two,,,61.62,0.86842,120.92,4.985,0.60514
EU,103,two,,,79.734,1.1582,124.08,4.3146,0.51879
EU,104,two,,,40.147,0.64619,121.76,4.5472,0.66266
EU,105,two,,,35.009,10,208.33,1.9486,0.38265
EU,106,two,,,44.94,0.76075,125.9,4.5883,0.61237
EU,107,two,,,78.091,1.5691,180.97,4.356,0.22266
EU,108,two,,,23.731,8.9595,224.21,2.6892,0.44275
EU,109,two,,,22.148,4.3727,178.2,4.2174,0.45075
EU,110,two,,,53.146,1.1528,138.82,6.9468,0.39337
EU,111,two,,,34.777,10,198.77,1.8594,0.39043
EU,112,two,,,100.58,1.0843,108.91,8,0.446
EU,113,two,,,31.647,10,220.22,2.6398,0.41016
EU,114,two,,,74.866,1.1686,120.35,8,0.26185
EU,115,two,,,67.897,1.3171,164.43,8,0.11
EU,116,two,,,76.977,1.0069,120.81,4.8449,0.57882
EU,117,two,,,53.088,1.1495,162.85,6.045,0.24939
EU,118,two,,,31.18,10,221.66,2.6837,0.41748
EU,119,two,,,64.618,1.0021,125.87,8,0.347
EU,120,two,,,52.517,1.2717,150.28,6.976,0.34943
EU,121,two,,,32.568,10,177.5,8,0.40001
EU,122,two,,,22.284,10,194.89,4.1628,0.39307
EU,123,two,,,103,1.1813,108.13,8,0.50419
EU,124,two,,,65.327,1.2688,139.5,8,0.31149
EU,125,two,,,23.07,9.66,208.45,3.3548,0.4271
EU,126,two,,,33.927,10,218.64,2.4354,0.39182
EU,127,two,,,66.542,1.3871,143.08,8,0.25999
EU,128,two,,,52.178,0.9273,130.01,4.0117,0.59584
EU,129,two,,,55.852,1.1048,136.98,8,0.33775
EU,130,two,,,70.132,1.338,137.32,6.8202,0.30772
EU,131,two,,,59.815,1.1094,146.7,5.7369,0.24655
EU,132,two,,,74.066,1.3738,122.61,5.8693,0.54901
EU,133,two,,,64.645,1.2216,130.6,8,0.31221
EU,134,two,,,64.894,1.0616,113.36,8,0.56655
EU,135,two,,,103.87,1.3385,109.05,8,0.43267
EU,136,two,,,65.785,1.1095,126.67,8,0.31919
EU,137,two,,,11.226,0.5,128.77,3.8342,0.71246
EU,138,two,,,24.339,8.8401,211.1,3.0993,0.41628
EU,139,two,,,31.751,10,219.03,2.6594,0.41184
EU,140,two,,,62.209,0.99043,121.65,8,0.35432
EU,141,two,,,59.251,1.3105,150.86,7.8663,0.29096
EU,142,two,,,56.022,1.1671,161.87,7.8485,0.17854
EU,143,two,,,20.972,10,177.43,7.772,0.40947
EU,144,two,,,19.038,5.5272,176.8,2.5202,0.56843
EU,145,two,,,34.824,10,225.83,1.9597,0.38526
EU,146,two,,,31.879,10,214.66,2.6538,0.40128
EU,147,two,,,33.353,10,219.24,2.3986,0.39304
EU,148,two,,,66.544,1.531,169.32,8,0.12152
EU,149,two,,,77.819,1.244,114.99,8,0.41152
EU,150,two,,,54.846,0.99634,133.91,7.5158,0.32762
EU,151,two,,,53.252,0.87484,122.23,5.1681,0.61292
EU,152,two,,,20.837,5.2227,171.71,4.2943,0.52062
EU,153,two,,,6.5265,10,136.05,2.4548,0.82791
EU,154,two,,,62.133,0.70008,115.74,5.4556,0.63759
EU,155,two,,,78.84,1.2781,125.25,5.3162,0.48283
EU,156,two,,,66.809,1.3469,128.46,8,0.36432
EU,157,two,,,61.625,0.83419,119,5.2298,0.64742
EU,158,two,,,34.884,7.8417,152.54,1.3337,0.40316
EU,159,two,,,56.801,1.142,142.12,8,0.32262
EU,160,two,,,59.426,1.0584,133.7,3.9596,0.55368
EU,161,two,,,35.177,7.7937,135.09,1.335,0.40565
EU,162,two,,,88.286,1.4416,131.97,4.046,0.41618
EU,163,two,,,67.429,1.1704,123,8,0.29427
EU,164,two,,,60.969,1.2672,150.3,6.0762,0.27121
EU,165,two,,,30.538,10,210.99,3.043,0.40844
EU,166,two,,,26.21,8.2669,174.66,1.9424,0.38835
EU,167,two,,,56.777,1.0046,130,8,0.21363
EU,168,two,,,56.658,1.2718,153.36,5.761,0.20447
EU,169,two,,,68.091,1.4336,146.71,6.7155,0.30039
EU,170,two,,,69.133,1.0052,115.41,6.359,0.61439
EU,171,two,,,48.4,1.0731,138.24,7.2011,0.42211
EU,172,two,,,69.57,1.2542,127.78,8,0.27838
EU,173,two,,,71.751,1.1414,116.53,8,0.32646
EU,174,two,,,67.198,1.2213,137.35,7.0608,0.28762
EU,175,two,,,67.24,0.90475,118.03,5.0733,0.65993
EU,176,two,,,35.862,10,181.87,1.5191,0.38281
EU,177,two,,,22.586,10,182.61,8,0.38489
EU,178,two,,,69.159,1.0888,118.49,8,0.41913
EU,179,two,,,34.792,10,221.44,2.0148,0.3834
EU,180,two,,,49.547,1.193,176.68,5.5161,0.24357
EU,181,two,,,60.485,1.2734,134.35,7.6859,0.34967
EU,182,two,,,58.681,1.121,126.46,8,0.2943
EU,183,two,,,34.992,10,218.92,2.0098,0.37599
EU,184,two,,,91.815,1.2797,113.88,8,0.22709
EU,185,two,,,63.289,1.1482,137.21,8,0.28426
EU,186,two,,,35.048,10,203.63,2.1252,0.37717
EU,187,two,,,62.533,1.2487,158.28,5.5103,0.24118
EU,188,two,,,35.144,10,209.99,1.8543,0.38249
EU,189,two,,,30.363,1.0204,184.67,8,0.21099
EU,190,two,,,59.647,1.1312,137.25,7.9606,0.32923
EU,191,two,,,94.874,0.9922,109.39,8,0.51656
EU,192,two,,,60.93,1.2306,146.78,7.8961,0.20303
EU,193,two,,,72.155,1.3778,119.76,8,0.29419
EU,194,two,,,67.386,1.3401,144.4,7.099,0.3124
EU,195,two,,,31.882,10,206.49,3.5579,0.40432
EU,196,two,,,32.769,10,211.53,2.6418,0.39543
EU,197,two,,,34.91,10,187.66,1.8689,0.38598
EU,198,two,,,57.973,1.4267,181.36,8,0.096295
EU,199,two,,,49.717,0.93617,135,3.426,0.61568
EU,200,two,,,17.44,0.5,126.01,3.9629,0.70354
EU,201,two,,,105.42,1.7016,114.07,8,0.3083
EU,202,two,,,28.137,3.6115,188.51,2.2077,0.39148
EU,203,two,,,59.169,1.2476,149.6,8,0.2604
EU,204,two,,,70.585,1.1751,131.91,7.1097,0.3118
EU,205,two,,,68.842,1.1284,122.63,8,0.35672
EU,206,two,,,22.257,10,211.61,3.2996,0.42868
EU,207,two,,,51.199,1.1189,148.48,6.2426,0.31021
EU,208,two,,,48.2,0.87309,128.91,4.385,0.615
EU,209,two,,,12.242,0.5,129.46,3.5594,0.71797
EU,210,two,,,54.529,1.2051,189.43,8,0.1239
EU,211,two,,,32.011,10,214.28,2.7672,0.4027
EU,212,two,,,35.941,10,139.87,1.4049,0.41283
EU,213,two,,,35.924,10,156.26,1.4258,0.40063
EU,214,two,,,55.913,1.0604,136.11,6.8269,0.37313
EU,215,two,,,81.437,1.4243,123.29,8,0.14326
EU,216,two,,,104.52,1.4089,109.72,8,0.3752
EU,217,two,,,54.652,1.1833,146.52,8,0.30957
EU,218,two,,,8.4428,0.5,131.9,3.1321,0.7348
EU,219,two,,,40.381,1.0314,148.73,3.1683,0.59967
EU,220,two,,,65.429,1.0269,119.2,5.6104,0.61246
EU,221,two,,,51.652,1.4027,158.58,8,0.20092
EU,222,two,,,48.263,1.1719,163.3,8,0.25681
EU,223,two,,,33.134,10,222.23,2.4916,0.40319
EU,224,two,,,19.386,6.441,178.4,2.4211,0.54161
EU,225,two,,,38.26,10,194,3.3765,0.46916
EU,226,two,,,33.265,10,217.01,2.3569,0.39596
EU,227,two,,,60.894,1.1746,139.45,6.5569,0.30884
EU,228,two,,,100.41,1.2527,109.41,8,0.49078
EU,229,two,,,23.757,10,171.04,1.8756,0.39897
EU,230,two,,,64.872,0.95153,119.8,7.8758,0.38929
EU,231,two,,,55.439,1.1176,143.42,5.7486,0.34725
EU,232,two,,,62.731,1.1081,133.42,8,0.28849
EU,233,two,,,65.198,1.0655,119.52,8,0.29332
EU,234,two,,,22.601,10,182.84,6.5986,0.3798
EU,235,two,,,68.827,1.3313,124.77,8,0.32882
EU,236,two,,,50.77,1.0744,167.36,8,0.15785
EU,237,two,,,69.851,1.2587,137.23,8,0.185
EU,238,two,,,34.604,10,231,1.9281,0.39118
EU,239,two,,,46.638,1.1022,163.14,8,0.21092
EU,240,two,,,54.554,1.1472,140.59,8,0.31554
EU,241,two,,,11.213,0.5,131.01,3.5657,0.71505
EU,242,two,,,52.313,1.1297,159.67,7.0918,0.22421
EU,243,two,,,56.493,1.1853,158.33,8,0.21642
EU,244,two,,,22.815,9.6673,182.76,6.6648,0.42097
EU,245,two,,,94.214,1.1718,109.58,8,0.49872
EU,246,two,,,62.183,1.0339,124.76,8,0.33483
EU,247,two,,,22.326,10,210.62,3.3583,0.42833
EU,248,two,,,34.071,10,210.85,2.9079,0.38209
EU,249,two,,,67.064,1.1957,128.99,7.0445,0.35444
EU,250,two,,,51.983,1.3048,154.52,8,0.31498
EU,251,two,,,73.516,1.2813,123.22,8,0.36635
EU,252,two,,,54.132,0.95527,130.16,3.7218,0.60497
EU,253,two,,,65.542,1.1567,121.75,8,0.38419
EU,254,two,,,65.705,1.0358,123.48,7.3084,0.41998
EU,255,two,,,32.628,10,177.57,8,0.39621
EU,256,two,,,67.812,1.2394,142.01,7.9816,0.25028
EU,257,two,,,63.197,1.079,123.07,8,0.39042
EU,258,two,,,61.946,1.1901,123.93,5.6187,0.59103
EU,259,two,,,58.711,1.1552,149.81,8,0.22456
EU,260,two,,,52.125,0.90045,125.89,8,0.42711
EU,261,two,,,61.917,1.2333,135.56,7.4269,0.31139
EU,262,two,,,33.999,6.8643,142.04,1.3047,0.41784
EU,263,two,,,58.171,1.2098,178.93,8,0.12902
EU,264,two,,,96.755,1.3274,111.98,8,0.4006
EU,265,two,,,58.628,1.1289,133.15,8,0.36634
EU,266,two,,,55.295,1.3317,146.9,8,0.29581
EU,267,two,,,52.545,1.1088,149.95,5.5252,0.32368
EU,268,two,,,64.132,1.1662,138.01,6.7954,0.29612
EU,269,two,,,46.475,1.2194,166.4,5.6093,0.30918
EU,270,two,,,62.321,1.2565,143.76,6.2208,0.3158
EU,271,two,,,34.464,10,224.4,2.3086,0.38524
EU,272,two,,,20.299,4.4682,182.42,4.278,0.49716
EU,273,two,,,60.64,0.5,109.34,8,0.6228
EU,274,two,,,82.592,1.0035,113.73,8,0.42405
EU,275,two,,,34.425,10,202.58,2.4198,0.47207
EU,276,two,,,103.83,1.3333,108.99,8,0.4342
EU,277,two,,,34.894,10,195.92,1.9826,0.3849
EU,278,two,,,74.699,1.079,118.94,5.5333,0.57108
EU,279,two,,,22.381,10,177.95,8,0.40789
EU,280,two,,,55.291,0.95686,137.41,4.5745,0.36111
EU,281,two,,,32.347,10,177.33,1.9907,0.38817
EU,282,two,,,34.102,10,219.1,2.3954,0.38255
EU,283,two,,,70.224,0.93802,117.06,8,0.3759
EU,284,two,,,56.609,1.2732,178.77,7.072,0.21755
EU,285,two,,,89.773,1.4161,127.45,4.1933,0.4318
EU,286,two,,,30.426,10,183.04,2.44,0.54483
EU,287,two,,,33.871,6.1743,129.06,1.2782,0.42642
EU,288,two,,,33.633,10,220.49,2.4435,0.39419
EU,289,two,,,67.586,1.2463,147.39,8,0.22538
EU,290,two,,,54.169,1.074,151.36,4.5883,0.29694
EU,291,two,,,58.695,1.3575,149.17,8,0.3168
EU,292,two,,,78.368,0.98354,117.97,5.0779,0.61045
EU,293,two,,,33.683,10,218.39,2.4255,0.39572
EU,294,two,,,26.76,7.9423,171.26,1.8782,0.39253
EU,295,two,,,44.818,0.67518,121.12,4.5613,0.68852
EU,296,two,,,57.826,1.3115,185.9,8,0.14583
EU,297,two,,,58.861,1.0524,135.37,3.6689,0.56434
EU,298,two,,,58.764,1.1389,149.92,8,0.20629
EU,299,two,,,51.553,1.1938,149.6,8,0.30948
EU,300,two,,,38.138,10,188.46,2.934,0.52233
EU,301,two,,,22.344,10,176.27,8,0.41547
EU,302,two,,,66.781,1.495,135.92,8,0.3597
EU,303,two,,,71.321,1.2114,132.43,4.2575,0.49299
EU,304,two,,,56.173,1.0264,131.48,6.4666,0.4174
EU,305,two,,,59.123,1.3185,173.82,7.9994,0.20489
EU,306,two,,,34.537,10,177.27,2.0058,0.37676
EU,307,two,,,56.176,1.167,152.17,6.8617,0.25578
EU,308,two,,,58.429,1.4137,153.16,8,0.28983
EU,309,two,,,63.224,1.343,137.33,8,0.25242
EU,310,two,,,60.117,0.93628,126.35,7.4035,0.37902
EU,311,two,,,71.8,1.3695,138.03,3.9705,0.47725
EU,312,two,,,75.136,1.095,116.49,8,0.41696
EU,313,two,,,61.741,0.96504,122.12,8,0.35618
EU,314,two,,,60.431,1.214,147.28,8,0.25098
EU,315,two,,,66.433,1.231,132.03,8,0.31958
EU,316,two,,,65.175,1.2928,133.33,8,0.31862
EU,317,two,,,25.292,8.29,189.76,2.3218,0.37604
EU,318,two,,,22.48,10,174.46,8,0.40604
EU,319,two,,,32.221,10,227.45,2.4309,0.41521
EU,320,two,,,30.835,10,227.07,2.6898,0.42678
EU,321,two,,,102.65,1.4373,111.79,8,0.38384
EU,322,two,,,35.353,8.1803,138.97,1.3359,0.40519
EU,323,two,,,54.061,1.2146,146.77,6.9577,0.31434
EU,324,two,,,43.486,1.0606,177.38,6.2351,0.21282
EU,325,two,,,95.203,1.4904,126.89,3.7371,0.43047
EU,326,two,,,103.02,1.2392,108.15,8,0.44909
EU,327,two,,,50.451,1.2414,148.27,8,0.34263
EU,328,two,,,35.002,10,215.33,1.9059,0.38333
EU,329,two,,,104.06,1.293,109.24,8,0.38357
EU,330,two,,,46.563,0.98488,141,3.518,0.5803
EU,331,two,,,90.151,1.0971,111.11,8,0.50802
EU,332,two,,,62.515,1.2136,133.75,7.8747,0.35873
EU,333,two,,,54.902,1.0505,132.97,4.2722,0.55432
EU,334,two,,,35.175,10,213.06,2.039,0.37025
EU,335,two,,,60.302,1.1441,141.59,6.1245,0.26497
EU,336,two,,,40.277,0.73729,125.78,4.2232,0.64322
EU,337,two,,,72.796,1.1963,125.85,8,0.28907
EU,338,two,,,35.381,10,215.45,1.9423,0.36977
EU,339,two,,,61.909,1.1773,129.98,8,0.37565
EU,340,two,,,59.139,1.1325,130.25,6.7541,0.40198
EU,341,two,,,103.51,1.3109,108.67,8,0.46747
EU,342,two,,,102.46,1.2224,107.56,8,0.52167
EU,343,two,,,59.911,0.98863,142.31,6.9068,0.23827
EU,344,two,,,95.885,1.2777,111.09,8,0.44358
EU,345,two,,,64.026,1.0948,122.46,8,0.32687
EU,346,two,,,56.728,1.2247,162.77,8,0.20769
EU,347,two,,,53.649,1.1926,171.03,5.8871,0.2288
EU,348,two,,,55.504,1.0828,142.01,3.9373,0.42988
EU,349,two,,,53.865,1.0282,135.76,7.7621,0.32449
EU,350,two,,,39.565,0.729,128.18,3.631,0.66432
EU,351,two,,,32.987,10,213.38,2.6333,0.39097
EU,352,two,,,67.126,0.9869,122.31,4.9067,0.59171
EU,353,two,,,53.777,0.90196,124.95,4.8352,0.60855
EU,354,two,,,29.591,10,218.77,2.8362,0.42215
EU,355,two,,,71.108,1.158,123.84,5.4825,0.56297
EU,356,two,,,34.863,10,210.11,1.9947,0.3821
EU,357,two,,,65.637,1.2035,132.56,7.0806,0.36555
EU,358,two,,,86.662,1.4574,130.02,4.865,0.39939
EU,359,two,,,63.058,1.0297,131.09,8,0.2941
EU,360,two,,,73.124,1.2571,125.73,8,0.27464
EU,361,two,,,21.908,10,212.39,3.083,0.42012
EU,362,two,,,63.157,1.1463,129.25,8,0.29637
EU,363,two,,,24.085,9.6234,170.83,1.8729,0.39895
EU,364,two,,,71.248,1.1777,127.21,8,0.34697
EU,365,two,,,67.382,1.2129,122.84,8,0.32931
EU,366,two,,,62.661,1.2805,137.69,8,0.30722
EU,367,two,,,57.003,1.2858,170.1,8,0.16988
EU,368,two,,,58.59,1.3108,158.87,5.5237,0.2531
EU,369,two,,,65.816,0.86298,114.11,8,0.39902
EU,370,two,,,33.378,10,212.1,2.7111,0.38971
EU,371,two,,,33.575,10,218.28,2.4177,0.39377
EU,372,two,,,86.544,0.85853,109.07,8,0.54444
EU,373,two,,,54.261,1.1761,165.33,7.826,0.2129
EU,374,two,,,101.35,1.2811,109.83,8,0.45533
EU,375,two,,,55.238,1.3888,155.57,8,0.28737
EU,376,two,,,35.107,10,204.34,1.915,0.38061
EU,377,two,,,56.504,1.3111,158.67,8,0.25953
EU,378,two,,,56.127,1.3093,149.89,8,0.30861
EU,379,two,,,44.312,1.0483,143.22,3.8164,0.55953
EU,380,two,,,64.489,1.4096,148.29,8,0.27119
EU,381,two,,,59.31,0.98591,120.3,8,0.49795
EU,382,two,,,56.277,1.1451,156.17,7.63,0.23574
EU,383,two,,,52.958,1.2736,170.59,8,0.23375
EU,384,two,,,102.66,1.1198,107.77,8,0.47756
EU,385,two,,,60.222,1.1662,149.65,6.8452,0.23363
EU,386,two,,,43.31,1.0936,162.14,7.4259,0.30502
EU,387,two,,,33.54,10,229.88,2.4003,0.40137
EU,388,two,,,84.917,1.1455,120.34,5.0162,0.50109
EU,389,two,,,56.018,1.2221,174.95,8,0.18958
EU,390,two,,,18.347,0.5,124.83,4.024,0.72148
EU,391,two,,,30.358,10,231.38,2.4413,0.43875
EU,392,two,,,57.545,0.9093,128.71,7.2549,0.37645
EU,393,two,,,71.143,1.1772,122.51,8,0.34047
EU,394,two,,,34.899,8.1153,147.91,1.3258,0.41283
EU,395,two,,,58.816,1.3696,167.05,8,0.20095
EU,396,two,,,72.66,1.1277,117.95,8,0.42308
EU,397,two,,,31.829,10,207.73,3.307,0.40266
EU,398,two,,,57.134,1.2801,147.73,8,0.29024
EU,399,two,,,61.736,1.3274,145.73,8,0.22418
EU,400,two,,,64.595,1.0051,117.49,8,0.35023
EU,401,two,,,23.208,9.438,176.95,8,0.3825
EU,402,two,,,72.285,1.1177,115.28,8,0.40749
EU,403,two,,,63.593,1.0157,125.4,8,0.33238
EU,404,two,,,53.164,1.1313,145.23,6.9358,0.34624
EU,405,two,,,35.082,10,210.24,1.9954,0.37695
EU,406,two,,,27.723,0.5,116.67,5.0307,0.74109
EU,407,two,,,59.76,1.4159,179.07,7.9999,0.20188
EU,408,two,,,20.081,3.1433,164.47,3.9508,0.5698
EU,409,two,,,34.759,10,213.15,1.956,0.38383
EU,410,two,,,35.723,10,202.81,2.1684,0.36231
EU,411,two,,,97.819,1.1848,108.08,8,0.54671
EU,412,two,,,47.75,0.6823,120.44,4.542,0.67551
EU,413,two,,,67.676,1.414,140.22,8,0.29548
EU,414,two,,,33.876,10,208.07,2.5467,0.38332
EU,415,two,,,48.206,0.99668,138.33,6.7055,0.3568
EU,416,two,,,71.6,1.1047,122.75,5.1464,0.56545
EU,417,two,,,67.101,1.1926,132.09,8,0.31788
EU,418,two,,,71.847,1.1721,117.72,8,0.27446
EU,419,two,,,75.237,1.1108,121.6,5.3252,0.54828
EU,420,two,,,64.052,0.86447,116.25,5.6432,0.63943
EU,421,two,,,53.76,0.77611,124.05,3.6519,0.67128
EU,422,two,,,54.312,1.1421,139.83,7.5961,0.3733
EU,423,two,,,99.615,1.3731,111.4,7.6894,0.46704
EU,424,two,,,80.038,1.3749,127.09,8,0.22871
EU,425,two,,,68.116,1.2428,134.91,7.5199,0.26625
EU,426,two,,,75.96,1.368,142.6,8,0.17826
EU,427,two,,,23.38,9.6312,212.8,2.9576,0.41799
EU,428,two,,,71.968,1.0258,114.7,8,0.48117
EU,429,two,,,65.341,1.2494,134.41,6.5632,0.34001
EU,430,two,,,44.157,0.7183,123.57,4.2971,0.65622
EU,431,two,,,59.902,1.1578,154.83,8,0.17035
EU,432,two,,,71.224,1.2236,123.89,8,0.26477
EU,433,two,,,48.979,0.86037,128.48,4.2054,0.60404
EU,434,two,,,67.051,1.3899,127.18,8,0.21171
EU,435,two,,,46.767,0.8307,125.07,4.6431,0.63256
EU,436,two,,,34.545,10,192.13,1.9327,0.3816
EU,437,two,,,27.75,7.2012,187.96,2.389,0.37179
EU,438,two,,,56.029,1.0879,140.52,8,0.3202
EU,439,two,,,56.186,1.2156,163.59,6.9113,0.19903
EU,440,two,,,56.538,1.0678,132.43,4.5255,0.54963
EU,441,two,,,56.178,1.1397,143.24,8,0.30312
EU,442,two,,,64.903,1.0652,119.1,8,0.37881
EU,443,two,,,39.321,0.67015,124.17,4.2867,0.65771
EU,444,two,,,53.914,0.9544,130.25,3.7,0.60661
EU,445,two,,,58.939,1.4646,166.15,8,0.18152
EU,446,two,,,51.186,1.0098,161.56,7.9988,0.19832
EU,447,two,,,68.787,1.1069,130.01,8,0.26907
EU,448,two,,,91.792,1.346,120.7,5.8135,0.47526
EU,449,two,,,63.948,0.95588,118.55,8,0.41299
EU,450,two,,,20.97,0.5,124.04,3.7355,0.72273
EU,451,two,,,34.194,10,221.78,2.5209,0.38696
EU,452,two,,,20.677,5.499,181.51,2.8586,0.47713
EU,453,two,,,77.419,1.377,122.97,6.0782,0.48245
EU,454,two,,,33.055,10,231.79,2.4739,0.40983
EU,455,two,,,22.375,10,211.25,3.2495,0.42362
EU,456,two,,,30.571,10,226.11,2.526,0.42864
EU,457,two,,,63.273,1.1711,134.08,6.6904,0.36958
EU,458,two,,,72.334,1.2807,121.29,8,0.26823
EU,459,two,,,24.333,8.8154,208.82,3.2603,0.41824
EU,460,two,,,102.11,0.97296,107.2,8,0.53066
EU,461,two,,,67.183,1.1841,128.03,7.8968,0.27592
EU,462,two,,,35.855,10,195.28,2.8419,0.48437
EU,463,two,,,55.134,0.87003,119.46,5.2837,0.65073
EU,464,two,,,79.835,1.2835,124.19,5.565,0.51001
EU,465,two,,,35.673,10,197.25,2.8247,0.4745
EU,466,two,,,60.129,1.2824,165.75,7.8084,0.17985
EU,467,two,,,77.448,1.1157,114.56,8,0.32664
EU,468,two,,,60.275,1.1503,145,8,0.21903
EU,469,two,,,58.362,1.1886,154.82,7.4805,0.22275
EU,470,two,,,32.814,10,233.85,2.3495,0.41351
EU,471,two,,,34.619,10,218.86,1.8852,0.39333
EU,472,two,,,60.487,1.036,134.22,6.4517,0.31371
EU,473,two,,,36.054,10,163.76,1.4356,0.39129
EU,474,two,,,30.974,10,209.54,3.0692,0.40506
EU,475,two,,,78.631,1.0469,115.61,5.6573,0.6223
EU,476,two,,,94.19,0.9242,108.61,8,0.50909
EU,477,two,,,34.141,10,210.54,2.713,0.37958
EU,478,two,,,31.912,10,226.11,2.5199,0.4176
EU,479,two,,,42.173,1.1959,187.62,8,0.22365
EU,480,two,,,104.15,1.4258,109.34,8,0.44558
EU,481,two,,,78.815,1.1568,120.55,5.3481,0.54934
EU,482,two,,,65.147,1.2454,148.44,7.3598,0.23232
EU,483,two,,,77.896,1.2821,122.55,5.7295,0.55466
EU,484,two,,,52.81,0.9118,125.85,4.9787,0.61474
EU,485,two,,,68.235,1.4381,169.22,8,0.19664
EU,486,two,,,34.934,10,203.02,1.7864,0.39189
EU,487,two,,,104.96,1.503,110.18,8,0.35282
EU,488,two,,,33.447,10,217.12,2.3504,0.39237
EU,489,two,,,53.65,0.95786,131.28,4.3958,0.57969
EU,490,two,,,62.639,1.4032,157.87,8,0.25849
EU,491,two,,,32.242,10,210.81,3.1426,0.39799
EU,492,two,,,36.057,10,208.85,1.5547,0.36606
EU,493,two,,,72.036,1.4363,148.8,7.4436,0.26117
EU,494,two,,,77.89,1.2295,125.56,7.9615,0.25378
EU,495,two,,,95.478,1.6222,119.29,6.7546,0.38913
EU,496,two,,,62.638,1.2279,127.27,8,0.34994
EU,497,two,,,36.065,10,192.92,1.5174,0.37246
EU,498,two,,,34.819,10,193.71,1.951,0.38033
EU,499,two,,,33.61,10,194.36,2.6523,0.51574
EU,500,two,,,35.137,10,200.37,1.7361,0.3909
EU,501,two,,,102.42,1.1685,107.52,8,0.53758
EU,502,two,,,66.483,1.136,130.93,3.988,0.54346
EU,503,two,,,66.397,1.3387,164.25,6.8609,0.23709
EU,504,two,,,103.25,1.2283,108.39,8,0.45388
EU,505,two,,,65.925,1.0398,122.18,8,0.35782
EU,506,two,,,75.295,1.0435,119.15,8,0.31293
EU,507,two,,,47.738,1.1183,179.29,7.1188,0.20622
EU,508,two,,,61.163,1.0776,142.68,7.2927,0.25188
EU,509,two,,,67.734,1.0841,123.52,8,0.28372
EU,510,two,,,34.448,10,190.74,1.9149,0.38569
EU,511,two,,,60.593,1.1895,139.77,8,0.30666
EU,512,two,,,61.115,1.3694,155.55,7.5877,0.16512
EU,513,two,,,35.738,10,158.3,1.3876,0.4103
EU,514,two,,,71.007,1.1786,118.96,8,0.31022
EU,515,two,,,78.32,1.1335,114.46,6.244,0.61095
EU,516,two,,,60.582,1.3358,159.22,8,0.2291
EU,517,two,,,62.782,1.054,124.66,8,0.36392
EU,518,two,,,57.244,1.3512,157.14,8,0.30314
EU,519,two,,,100.39,1.5497,120.08,6.168,0.37968
EU,520,two,,,55.265,1.1768,153.85,4.9973,0.3184
EU,521,two,,,57.972,1.183,152.79,6.5465,0.22991
EU,522,two,,,70.401,1.2633,134.19,5.7052,0.33262
EU,523,two,,,60.77,0.98885,117.28,8,0.40093
EU,524,two,,,71.081,0.9812,115.61,8,0.42741
EU,525,two,,,70.964,1.1164,127.31,4.3635,0.52998
EU,526,two,,,33.411,10,230.95,2.1798,0.41008
EU,527,two,,,36.838,0.6821,126.97,3.831,0.66694
EU,528,two,,,6.2871,10,134.59,2.7066,0.84147
EU,529,two,,,46.816,1.3614,190.02,8,0.18578
EU,530,two,,,66.002,1.1949,132.9,8,0.28464
EU,531,two,,,62.853,1.116,122.39,8,0.35172
EU,532,two,,,75.302,1.0704,113.31,8,0.36681
EU,533,two,,,23.629,0.5,118.98,4.7701,0.73622
EU,534,two,,,106.73,1.6222,112.05,8,0.28814
EU,535,two,,,35.625,8.8954,139.77,1.3771,0.40595
EU,536,two,,,53.344,0.88855,136.76,6.0255,0.33057
EU,537,two,,,33.201,10,231.25,2.27,0.41155
EU,538,two,,,68.783,1.2936,134.06,8,0.19672
EU,539,two,,,67.471,0.96238,125.45,3.9408,0.58387
EU,540,two,,,15.663,0.5,125.61,3.5387,0.74146
EU,541,two,,,83.098,1.3076,128.68,4.0273,0.49373
EU,542,two,,,22.386,10,184.81,6.8826,0.4012
EU,543,two,,,58.02,1.1388,125.77,8,0.35684
EU,544,two,,,56.67,1.1543,140.58,8,0.29623
EU,545,two,,,56.554,1.1497,150.93,8,0.27355
EU,546,two,,,53.208,1.3085,176.82,8,0.096889
EU,547,two,,,22.664,10,181.76,7.0679,0.37715
EU,548,two,,,59.249,1.3752,132.16,8,0.41548
EU,549,two,,,35.023,10,186.26,1.8587,0.38336
EU,550,two,,,34.643,10,209.17,1.9842,0.38729
EU,551,two,,,61.469,0.96319,121.86,5.1969,0.6127
EU,552,two,,,53.98,0.92654,129.86,3.9244,0.60468
EU,553,two,,,34.397,10,216.71,2.4021,0.38392
EU,554,two,,,56.991,1.0245,118.62,5.5083,0.67684
EU,555,two,,,52.525,1.2541,165.97,8,0.20384
EU,556,two,,,72.592,1.2097,117.43,8,0.33125
EU,557,two,,,22.297,10,226.64,2.6846,0.44907
EU,558,two,,,59.855,1.3689,148.81,8,0.31126
EU,559,two,,,71.074,1.2546,135.74,5.5184,0.33602
EU,560,two,,,52.385,1.1173,155.88,6.9197,0.26534
EU,561,two,,,59.768,1.0092,127.66,4.6528,0.57098
EU,562,two,,,43.751,0.58029,120.74,4.8507,0.63563
EU,563,two,,,81.585,1.2118,118.68,8,0.28192
EU,564,two,,,80.046,1.1722,111.48,8,0.42214
EU,565,two,,,67.55,0.96013,114.72,8,0.39284
EU,566,two,,,102.05,1.1963,109.41,8,0.44534
EU,567,two,,,78.893,1.2756,126.58,7.2763,0.29133
EU,568,two,,,63.335,1.0645,128.69,7.587,0.35615
EU,569,two,,,61.299,1.1977,151.22,8,0.13232
EU,570,two,,,73.937,1.1736,123.96,8,0.30174
EU,571,two,,,60.32,1.0952,126.71,8,0.23384
EU,572,two,,,34.144,0.7958,132.95,3.3518,0.67241
EU,573,two,,,32.455,10,211.56,2.5571,0.3945
EU,574,two,,,58.917,1.0303,131.56,5.1145,0.40061
EU,575,two,,,34.609,10,200.87,1.8407,0.39857
EU,576,two,,,75.846,1.2248,114.41,8,0.44009
EU,577,two,,,22.589,10,182.4,6.6479,0.38121
EU,578,two,,,20.097,5.6976,179.86,3.1843,0.51588
EU,579,two,,,32.653,10,213.33,2.5755,0.39263
EU,580,two,,,32.776,10,211.51,2.5904,0.39327
EU,581,two,,,58.118,1.2627,142.75,8,0.32029
EU,582,two,,,22.414,0.5,123.17,3.7386,0.72585
EU,583,two,,,35.054,10,229.46,2.1029,0.37382
EU,584,two,,,54.694,1.1628,172.82,5.1365,0.17588
EU,585,two,,,48.08,1.3877,171.21,8,0.25867
EU,586,two,,,33.659,10,210.29,2.5759,0.38402
EU,587,two,,,59.388,1.3833,151.89,8,0.30684
EU,588,two,,,73.845,1.1233,113.67,8,0.41358
EU,589,two,,,52.54,1.0398,141.01,8,0.23161
EU,590,two,,,59.886,1.2025,155.02,6.3395,0.19533
EU,591,two,,,33.806,10,223.41,2.5427,0.39326
EU,592,two,,,60.055,1.2024,146.28,8,0.25652
EU,593,two,,,14.301,0.5,127.96,3.029,0.76269
EU,594,two,,,33.733,10,191.46,2.224,0.50664
EU,595,two,,,33.17,10,237.23,2.2779,0.41377
EU,596,two,,,67.426,0.86158,115.17,5.6857,0.64841
EU,597,two,,,35.417,10,192.98,2.4441,0.47864
EU,598,two,,,71.511,1.2283,130.96,8,0.27638
EU,599,two,,,47.711,0.88159,129.73,4.1686,0.60715
EU,600,two,,,33.171,10,237.5,2.2621,0.41383
EU,601,two,,,66.376,1.1327,115.63,8,0.38296
EU,602,two,,,96.799,1.2441,111.15,8,0.45162
EU,603,two,,,67.988,1.2227,132.96,8,0.25155
EU,604,two,,,58.499,1.1705,150.24,8,0.23516
EU,605,two,,,49.928,1.0962,157.32,6.5497,0.23471
EU,606,two,,,32.738,10,211.38,2.6506,0.3954
EU,607,two,,,53.47,1.2545,151.5,7.8415,0.29962
EU,608,two,,,22.226,10,210.39,3.4036,0.42638
EU,609,two,,,50.668,1.1364,169.27,4.2366,0.3073
EU,610,two,,,36.093,9.8871,166.22,1.4061,0.38933
EU,611,two,,,35.178,10,198.17,1.8466,0.38219
EU,612,two,,,68.68,1.2266,127.46,8,0.33106
EU,613,two,,,58.536,1.119,134.76,8,0.29669
EU,614,two,,,54.827,1.1555,183.34,8,0.1073
EU,615,two,,,31.809,10,219.91,2.6322,0.40705
EU,616,two,,,32.889,10,220.85,2.8349,0.40558
EU,617,two,,,66.624,1.1266,117.1,8,0.37643
EU,618,two,,,69.844,0.99264,123.83,4.2111,0.58368
EU,619,two,,,67.802,1.0615,120.04,5.5716,0.58699
EU,620,two,,,93.198,1.0111,108.89,8,0.55204
EU,621,two,,,60.491,1.2508,144.17,8,0.31141
EU,622,two,,,62.933,1.3478,138.26,8,0.18457
EU,623,two,,,69.325,1.1598,125.36,5.8358,0.43214
EU,624,two,,,51.611,0.78912,118.44,8,0.47033
EU,625,two,,,103.5,1.2446,108.65,8,0.43619
EU,626,two,,,60.233,1.1249,130.24,6.4995,0.33092
EU,627,two,,,60.153,1.0015,127.18,6.9119,0.40661
EU,628,two,,,19.169,0.5,122.75,4.3378,0.71359
EU,629,two,,,69.441,1.2096,127.59,7.5437,0.37046
EU,630,two,,,94.404,1.1595,110.29,8,0.48435
EU,631,two,,,34.776,10,173.2,1.8982,0.37993
EU,632,two,,,34.943,10,215.46,2.0548,0.37807
EU,633,two,,,31.066,0.5,118.69,4.6037,0.69848
EU,634,two,,,66.946,1.1918,130.2,8,0.3171
EU,635,two,,,49.014,1.2915,174.99,8,0.22905
EU,636,two,,,47.481,1.1555,152.5,8,0.29642
EU,637,two,,,63.278,0.74956,116.48,5.0028,0.67959
EU,638,two,,,51.635,1.3253,185.36,8,0.18437
EU,639,two,,,70.848,1.0146,122.21,8,0.30833
EU,640,two,,,56.702,1.1946,152.48,5.7851,0.2863
EU,641,two,,,20.274,8.5986,205.55,3.1824,0.43109
EU,642,two,,,33.429,10,216.35,2.7952,0.38723
EU,643,two,,,68.348,1.266,126.44,8,0.42361
EU,644,two,,,82.1,1.054,112.22,6.6379,0.6053
EU,645,two,,,35.21,0.74265,129.19,4.3801,0.64712
EU,646,two,,,102.36,1.4418,110.26,8,0.43385
EU,647,two,,,68.436,1.1227,124.7,8,0.3472
EU,648,two,,,38.651,0.5,112.31,6.1774,0.70999
EU,649,two,,,58.869,0.86557,120.71,5.2341,0.60624
EU,650,two,,,36.353,10,200.95,2.3653,0.44059
EU,651,two,,,73.121,1.3102,128.49,8,0.25085
EU,652,two,,,43.16,1.1811,182.2,8,0.23038
EU,653,two,,,45.73,0.78522,125.26,6.2484,0.50123
EU,654,two,,,53.588,1.0852,141.6,8,0.28396
EU,655,two,,,56.209,1.1267,139.25,8,0.32755
EU,656,two,,,22.486,10,200.25,2.9807,0.38684
EU,657,two,,,22.488,10,210.29,3.3647,0.42474
EU,658,two,,,34.606,7.6144,149.24,1.3347,0.40875
EU,659,two,,,68.122,1.0147,116.78,8,0.44439
EU,660,two,,,35.214,10,206.37,1.8369,0.38067
EU,661,two,,,35.271,7.8913,132.08,1.3465,0.40614
EU,662,two,,,35.297,10,212.9,2.0286,0.36926
EU,663,two,,,32.595,10,220.81,2.4349,0.40557
EU,664,two,,,74.431,1.3801,146.07,7.8038,0.19044
EU,665,two,,,50.501,1.2721,160.46,8,0.27496
EU,666,two,,,89.908,1.1992,115.54,8,0.29416
EU,667,two,,,51.92,1.1977,154.2,8,0.26345
EU,668,two,,,55.042,1.2858,176.97,8,0.15681
EU,669,two,,,36.257,10,238.01,1.7122,0.34513
EU,670,two,,,64.35,1.4027,177.35,5.9431,0.15532
EU,671,two,,,61.145,0.90041,118.14,5.3321,0.67991
EU,672,two,,,52.482,0.91059,129.69,4.0006,0.59324
EU,673,two,,,62.527,0.79261,118.57,4.7187,0.64249
EU,674,two,,,67.617,1.1574,127.94,8,0.36952
EU,675,two,,,69.618,0.81685,118.59,4.4349,0.63139
EU,676,two,,,66.523,1.3258,144.08,8,0.23052
EU,677,two,,,46.711,0.68471,122.52,4.0279,0.68239
EU,678,two,,,31.281,10,221.25,2.6792,0.41504
EU,679,two,,,68.268,1.109,116.12,8,0.35222
EU,680,two,,,56.464,1.088,150.31,6.6748,0.23723
EU,681,two,,,53.817,1.1458,162.64,5.3954,0.30558
EU,682,two,,,52.996,1.2365,161.6,7.7246,0.22297
EU,683,two,,,72.501,1.1968,131.79,4.0791,0.50947
EU,684,two,,,55.077,1.0872,136.95,4.5403,0.51971
EU,685,two,,,58.885,1.1329,149.98,7.7636,0.23768
EU,686,two,,,81.157,1.2987,119.59,8,0.25703
EU,687,two,,,85.711,0.87027,109.71,8,0.53725
EU,688,two,,,48.15,1.1105,153.6,5.6124,0.30732
EU,689,two,,,69.71,1.3737,163.73,5.1581,0.20601
EU,690,two,,,55.274,1.0009,121.45,8,0.45036
EU,691,two,,,55.026,1.2213,168.04,7.4119,0.24742
EU,692,two,,,22.47,10,215.98,3.0943,0.43288
EU,693,two,,,66.815,1.2961,135.51,8,0.30181
EU,694,two,,,62.151,1.1057,133.51,8,0.28766
EU,695,two,,,65.008,1.1031,119.74,8,0.43803
EU,696,two,,,62.998,0.99457,127.73,7.0925,0.33695
EU,697,two,,,51.293,1.1878,177.15,7.2634,0.19347
EU,698,two,,,67.374,1.07,120.38,5.4551,0.61414
EU,699,two,,,29.557,10,229,2.5334,0.43925
EU,700,two,,,32.381,10,220.83,2.7075,0.40513
EU,701,two,,,72.124,0.98018,119.34,5.4339,0.5951
EU,702,two,,,59.454,1.2667,146.13,8,0.21062
EU,703,two,,,84.197,1.2536,118.75,8,0.31982
EU,704,two,,,67.769,1.1744,123.37,8,0.30613
EU,705,two,,,20.334,8.4462,200.07,2.273,0.43463
EU,706,two,,,63.447,1.1906,143.19,4.4519,0.4644
EU,707,two,,,22.154,10,221.12,2.8799,0.4378
EU,708,two,,,79.657,1.0813,117.36,5.9621,0.54458
EU,709,two,,,34.309,10,234.31,1.9876,0.39749
EU,710,two,,,31.799,10,230.12,2.5966,0.42351
EU,711,two,,,51.827,1.3838,189.29,6.7456,0.14803
EU,712,two,,,45.884,1.0513,150.95,4.3524,0.35618
EU,713,two,,,22.592,10,209.64,3.2698,0.41777
EU,714,two,,,63.548,1.0056,119.25,8,0.29621
EU,715,two,,,51.947,1.1757,158.84,8,0.23346
EU,716,two,,,85.658,1.4407,130.81,5.36,0.39962
EU,717,two,,,34.761,0.64749,122.54,4.7826,0.68469
EU,718,two,,,34.863,10,231.92,2.027,0.38195
EU,719,two,,,50.46,0.92452,137.98,6.6941,0.29639
EU,720,two,,,58.793,1.0496,135.52,8,0.31614
EU,721,two,,,60.791,1.2091,139.13,8,0.26049
EU,722,two,,,48.943,1.2095,182.84,7.5662,0.2169
EU,723,two,,,70.824,1.2167,123.17,8,0.23471
EU,724,two,,,60.293,1.2616,153.48,7.3835,0.23618
EU,725,two,,,60.804,1.2761,153.88,4.7301,0.29176
EU,726,two,,,57.863,1.2081,153.38,8,0.2312
EU,727,two,,,33.638,10,227.94,2.645,0.3986
EU,728,two,,,57.917,1.1548,154.97,7.1687,0.24494
EU,729,two,,,69.388,1.2472,127.07,8,0.22779
EU,730,two,,,54.781,1.1021,146.06,5.9851,0.25302
EU,731,two,,,33.687,10,229.76,2.2805,0.40029
EU,732,two,,,32.021,10,221.98,2.7428,0.41055
EU,733,two,,,70.79,1.2092,122.25,8,0.37101
EU,734,two,,,89.37,1.2277,120.38,4.7133,0.4981
EU,735,two,,,78.779,1.1733,119.71,8,0.32261
EU,736,two,,,52.776,0.95849,138.88,8,0.27745
EU,737,two,,,75.581,0.92358,113.63,6.46,0.60653
EU,738,two,,,90.973,1.0402,111.29,8,0.47357
EU,739,two,,,99.585,1.2101,108.61,8,0.49025
EU,740,two,,,55.431,0.90147,119.26,8,0.48357
EU,741,two,,,35.111,10,188.12,1.8677,0.38733
EU,742,two,,,52.627,1.1798,142.72,7.245,0.36166
EU,743,two,,,34.845,10,209.88,1.9762,0.38273
EU,744,two,,,66.213,1.0461,118.85,8,0.32432
EU,745,two,,,53.427,1.4007,164.85,8,0.25744
EU,746,two,,,50.141,1.1205,154.7,7.486,0.32369
EU,747,two,,,32.211,10,223.6,2.8309,0.4123
EU,748,two,,,55.748,1.2072,155.33,7.6452,0.17748
EU,749,two,,,103.56,1.4628,110.21,8,0.39574
EU,750,two,,,92.135,1.4849,119.15,6.1748,0.4567
EU,751,two,,,67.38,1.1535,128.15,7.0011,0.36208
EU,752,two,,,33.405,10,212.3,2.5353,0.38333
EU,753,two,,,49.544,1.1247,177.04,5.1828,0.24255
EU,754,two,,,63.83,1.2802,146.36,5.8445,0.2582
EU,755,two,,,35.099,10,203.23,1.7855,0.38768
EU,756,two,,,19.911,7.1659,165.08,1.9586,0.52047
EU,757,two,,,71.019,1.1538,129.37,8,0.32482
EU,758,two,,,22.891,9.5408,217.99,3.0176,0.43671
EU,759,two,,,56.578,1.2147,179.85,5.4312,0.21202
EU,760,two,,,33.318,10,234.85,2.2654,0.40993
EU,761,two,,,104.99,1.5048,110.22,8,0.35235
EU,762,two,,,33.453,10,218.19,2.4173,0.3971
EU,763,two,,,61.247,1.0548,123.64,8,0.45089
EU,764,two,,,57.092,1.1683,159.12,8,0.22255
EU,765,two,,,72.601,1.2794,122.96,8,0.33292
EU,766,two,,,74.16,0.90385,117.15,6.221,0.54
EU,767,two,,,73.06,1.1263,126.4,5.0254,0.52914
EU,768,two,,,34.855,8.0807,162,1.3392,0.40339
EU,769,two,,,102.48,1.2833,107.59,8,0.53131
EU,770,two,,,53.554,1.0795,144.36,7.3432,0.32425
EU,771,two,,,103.09,1.2238,108.22,8,0.47073
EU,772,two,,,52.008,1.2495,155.76,8,0.28919
EU,773,two,,,36.337,1.061,190.44,8,0.19713
EU,774,two,,,60.379,1.0494,119.99,8,0.24831
EU,775,two,,,58.907,1.2426,134.03,8,0.33589
EU,776,two,,,59.323,1.2665,139.54,8,0.33663
EU,777,two,,,35.082,10,217.68,2.0987,0.37179
EU,778,two,,,85.623,1.0054,111.31,8,0.42237
EU,779,two,,,22.226,10,187.68,6.4094,0.4079
EU,780,two,,,64.063,1.2112,149.68,8,0.19657
EU,781,two,,,33.966,10,228.14,2.383,0.39093
EU,782,two,,,86.151,1.4498,130.67,5.4,0.396
EU,783,two,,,58.51,1.177,154.98,8,0.19407
EU,784,two,,,29.337,10,212.39,3.1891,0.41921
EU,785,two,,,27.629,0.9093,180.25,8,0.19568
EU,786,two,,,47.307,0.97636,142.73,7.8719,0.33075
EU,787,two,,,60.872,1.259,140.45,8,0.29391
EU,788,two,,,33.352,10,222.15,2.4707,0.39623
EU,789,two,,,39.281,10,163.49,6.5501,0.50231
EU,790,two,,,71.499,1.0958,117.94,8,0.42874
EU,791,two,,,58.287,1.1758,148.95,8,0.26231
EU,792,two,,,64.678,0.95781,118.9,8,0.50563
EU,793,two,,,33.671,10,210.24,2.5717,0.38391
EU,794,two,,,52.097,1.4006,145.9,8,0.3926
EU,795,two,,,68.615,1.2084,121.58,8,0.40874
EU,796,two,,,53.087,1.2539,166.52,8,0.18711
EU,797,two,,,34.278,10,196.18,1.9739,0.39473
EU,798,two,,,70.432,1.2952,126.87,8,0.39161
EU,799,two,,,64.913,0.93956,117.38,8,0.46158
EU,800,two,,,33.873,10,228.51,2.4091,0.39799
EU,801,two,,,47.784,0.73625,118.98,5.1292,0.67828
EU,802,two,,,62.797,1.3302,160.76,3.8288,0.26525
EU,803,two,,,22.964,10,184.98,2.1385,0.39457
EU,804,two,,,54.9,1.2226,161.04,7.5583,0.2399
EU,805,two,,,77.759,1.4656,129.13,8,0.22208
EU,806,two,,,70.286,1.0671,120.06,8,0.38654
EU,807,two,,,31.805,10,207.92,3.4075,0.40431
EU,808,two,,,40.838,0.61311,121.14,4.8827,0.64714
EU,809,two,,,57.581,0.89072,119.43,8,0.41763
EU,810,two,,,80.158,1.004,115.72,8,0.40811
EU,811,two,,,40.626,0.75486,126.13,4.3386,0.64858
EU,812,two,,,60.731,0.92365,120.75,5.0734,0.63497
EU,813,two,,,34.987,10,204.05,1.9175,0.38228
EU,814,two,,,52.963,0.79125,121.7,4.6182,0.6279
EU,815,two,,,50.174,1.068,158.9,6.319,0.27048
EU,816,two,,,68.437,1.1487,120.41,8,0.34717
EU,817,two,,,62.754,1.0462,117.27,8,0.49056
EU,818,two,,,22.362,10,201.09,3.9832,0.42919
EU,819,two,,,52.863,1.4014,171.74,8,0.23853
EU,820,two,,,80.972,1.0824,115.09,8,0.3929
EU,821,two,,,61.879,1.5699,143.64,8,0.35903
EU,822,two,,,59.774,1.1127,143.47,7.1123,0.29402
EU,823,two,,,62.766,1.4706,152.89,8,0.20718
EU,824,two,,,27.395,9.9885,113.95,1.3597,0.47189
EU,825,two,,,60.494,1.2875,132.28,6.7046,0.45816
EU,826,two,,,55.195,0.76679,122.85,5.655,0.47563
EU,827,two,,,62.092,1.2639,142.29,8,0.2537
EU,828,two,,,31.249,10,223.22,2.7473,0.4202
EU,829,two,,,57.011,1.1282,147.94,8,0.25211
EU,830,two,,,69.007,1.1052,117.94,8,0.37248
EU,831,two,,,22.38,10,180.22,7.5501,0.39356
EU,832,two,,,23.385,9.3491,177.37,7.9031,0.3756
EU,833,two,,,73.833,1.1644,124.6,5.3882,0.53362
EU,834,two,,,66.237,1.2186,125.53,8,0.31537
EU,835,two,,,32.411,10,210.11,3.207,0.39653
EU,836,two,,,105.49,1.457,110.74,8,0.38369
EU,837,two,,,59.162,0.88868,125.38,4.1474,0.60478
EU,838,two,,,72.043,1.2282,127.53,8,0.30753
EU,839,two,,,33.367,10,236.15,2.2115,0.4101
EU,840,two,,,33.667,10,237.25,2.0434,0.40999
EU,841,two,,,50.541,1.1838,168.23,7.6097,0.25254
EU,842,two,,,35.437,10,194.84,1.9612,0.36844
EU,843,two,,,33.222,10,222.24,2.4815,0.39998
EU,844,two,,,43.164,1.2602,166.72,8,0.29915
EU,845,two,,,25.83,3.2328,175.62,2.5028,0.39552
EU,846,two,,,58.568,1.1289,133.55,8,0.30692
EU,847,two,,,52.497,1.0691,144.42,4.3272,0.50256
EU,848,two,,,62.745,1.2631,135.71,8,0.26844
EU,849,two,,,73.391,1.2436,127.66,8,0.29715
EU,850,two,,,91.903,1.3071,111.76,8,0.48752
EU,851,two,,,34.527,10,210.03,2.0106,0.38692
EU,852,two,,,45.45,0.80453,128.69,3.2876,0.68333
EU,853,two,,,84.345,1.1284,116.17,5.7606,0.56308
EU,854,two,,,65.892,1.2462,148.89,7.3962,0.24148
EU,855,two,,,46.471,0.6319,117.32,5.2771,0.68652
EU,856,two,,,52.639,1.2358,149.29,7.431,0.21432
EU,857,two,,,67.157,1.0413,115.4,8,0.30884
EU,858,two,,,103.75,1.3669,108.91,8,0.41153
EU,859,two,,,56.961,1.0092,118.73,8,0.51325
EU,860,two,,,62.034,0.71908,115.64,5.81,0.65163
EU,861,two,,,33.908,10,211.04,2.8024,0.38434
EU,862,two,,,57.331,1.0607,128.3,8,0.40004
EU,863,two,,,67.351,1.3788,145.46,8,0.26745
EU,864,two,,,17.696,10,214.68,3.1217,0.43052
EU,865,two,,,71.251,0.85075,112.85,6.357,0.63743
EU,866,two,,,68.772,1.3753,150.98,8,0.18323
EU,867,two,,,68.062,1.053,114.16,8,0.45457
EU,868,two,,,47.074,1.217,157.06,8,0.28207
EU,869,two,,,33.626,10,212.46,2.9001,0.38855
EU,870,two,,,50.296,1.2479,161.11,8,0.2549
EU,871,two,,,70.578,1.2226,134.86,7.9994,0.24483
EU,872,two,,,102.88,1.3166,109.25,8,0.4733
EU,873,two,,,62.343,1.0571,120,8,0.32206
EU,874,two,,,49.665,1.2094,187.73,8,0.13697
EU,875,two,,,50.605,1.2014,169.63,6.7874,0.25346
EU,876,two,,,33.256,10,221.61,2.8309,0.39884
EU,877,two,,,70.109,1.1687,135.15,7.9907,0.22776
EU,878,two,,,73.952,1.2261,129.91,4.6558,0.48812
EU,879,two,,,58.321,0.77723,118.33,5.2125,0.62455
EU,880,two,,,70.904,0.94616,118.39,5.3025,0.58038
EU,881,two,,,57.392,0.80462,120.31,5.3619,0.60068
EU,882,two,,,30.309,10,220.4,2.8846,0.42147
EU,883,two,,,18.176,0.5,123.66,4.3562,0.72027
EU,884,two,,,32.831,10,232.81,2.535,0.41399
EU,885,two,,,51.29,1.1068,140.61,6.2172,0.37747
EU,886,two,,,61.371,0.99827,122.83,5.4026,0.56714
EU,887,two,,,34.1,10,231.72,2.3099,0.39086
EU,888,two,,,63.595,1.0559,117.73,8,0.4363
EU,889,two,,,46.089,1.1044,171.11,4.6464,0.24738
EU,890,two,,,49.554,1.138,181.73,4.8277,0.15345
EU,891,two,,,67.371,1.3358,135.08,7.301,0.27448
EU,892,two,,,66.552,1.1322,138.02,5.2472,0.33339
EU,893,two,,,57.75,1.2475,149.45,7.9062,0.28466
EU,894,two,,,94.637,1.3508,112.36,8,0.45309
EU,895,two,,,30.561,10,191.51,2.455,0.5167
EU,896,two,,,51.701,1.1088,147.37,5.4268,0.34814
EU,897,two,,,56.31,1.3004,166.77,8,0.21511
EU,898,two,,,61.746,1.1573,143.32,7.5188,0.28242
EU,899,two,,,52.497,1.2072,173.19,7.8636,0.21829
EU,900,two,,,58.531,1.2381,151.88,6.6543,0.26497
EU,901,two,,,77.551,1.0542,114.81,7.3203,0.52508
EU,902,two,,,69.436,0.95715,115.13,8,0.42528
EU,903,two,,,62.141,1.378,142.32,8,0.33862
EU,904,two,,,32.534,10,219.48,2.6446,0.40118
EU,905,two,,,76.25,1.1655,128.34,3.7153,0.54669
EU,906,two,,,105.99,1.5422,111.27,8,0.33247
EU,907,two,,,64.45,0.85191,119.23,5.2001,0.62807
EU,908,two,,,21.166,5.6337,175.38,1.6848,0.44168
EU,909,two,,,35.296,10,210.85,1.9134,0.37293
EU,910,two,,,64.213,1.2002,141.29,7.582,0.27865
EU,911,two,,,54.191,0.98876,133.51,7.4245,0.37628
EU,912,two,,,66.256,1.1417,121.52,7.075,0.47525
EU,913,two,,,56.8,1.3281,155.06,8,0.24449
EU,914,two,,,106.59,1.6892,111.9,8,0.26195
EU,915,two,,,57.034,1.1178,155.31,5.416,0.23978
EU,916,two,,,63.026,1.1308,121.21,8,0.335
EU,917,two,,,22.099,10,184.16,6.443,0.40672
EU,918,two,,,56.167,1.3364,172.01,8,0.17873
EU,919,two,,,94.17,0.89536,108.37,8,0.54627
EU,920,two,,,100.91,1.4235,111.44,8,0.42419
EU,921,two,,,104.75,1.4139,109.97,8,0.4267
EU,922,two,,,28.248,0.74426,135.92,3.4445,0.65798
EU,923,two,,,22.435,10,177.61,8,0.40084
EU,924,two,,,34.917,10,193.21,1.7987,0.39116
EU,925,two,,,34.326,10,189.69,1.8988,0.38992
EU,926,two,,,100.95,0.94903,105.97,8,0.59999
EU,927,two,,,55.351,1.2668,161.16,7.3765,0.21437
EU,928,two,,,31.633,10,181.3,8,0.40531
EU,929,two,,,24.423,8.5447,181.91,7.3966,0.37137
EU,930,two,,,105.27,1.6537,111.72,8,0.30369
EU,931,two,,,24.366,3.2591,198.9,2.0276,0.40916
EU,932,two,,,54.709,1.1833,153.37,5.2108,0.29319
EU,933,two,,,33.694,10,218.21,2.3877,0.38857
EU,934,two,,,33.193,10,222.35,2.5046,0.40269
EU,935,two,,,68.195,1.2112,136.74,8,0.2496
EU,936,two,,,92.501,1.4097,125.84,3.8671,0.46117
EU,937,two,,,51.468,1.0704,151.58,7.2297,0.28183
EU,938,two,,,35.439,10,186.86,1.869,0.37436
EU,939,two,,,63.144,1.3267,146.99,8,0.24265
EU,940,two,,,71.155,1.1805,115.08,8,0.42773
EU,941,two,,,49.058,1.1083,149.13,7.201,0.33249
EU,942,two,,,98.574,1.1593,109.34,8,0.48904
EU,943,two,,,59.945,1.1225,123.67,8,0.31664
EU,944,two,,,34.048,10,231.59,2.3198,0.39163
EU,945,two,,,62.71,0.8147,117.35,8,0.49682
EU,946,two,,,34.947,10,211.33,2.0198,0.37734
EU,947,two,,,64.888,1.457,153.63,8,0.26475
EU,948,two,,,51.919,1.39,174.47,8,0.18933
EU,949,two,,,35.04,8.2942,146.59,1.3446,0.41132
EU,950,two,,,51.871,0.83952,130.76,7.2275,0.30982
EU,951,two,,,62.332,1.1505,130.89,8,0.25046
EU,952,two,,,68.075,1.1023,125.27,8,0.27437
EU,953,two,,,106.84,1.6841,112.16,8,0.25388
EU,954,two,,,34.146,10,216.89,2.3773,0.38547
EU,955,two,,,22.258,10,175.12,8,0.41168
EU,956,two,,,35.919,10,157.14,1.3876,0.40493
EU,957,two,,,35.213,10,195.87,1.9831,0.3754
EU,958,two,,,40.396,0.74177,125.06,4.4909,0.65652
EU,959,two,,,34.964,10,198.55,1.8564,0.38646
EU,960,two,,,60,1.4215,182.42,6.4314,0.20502
EU,961,two,,,34.947,10,210.85,1.8867,0.38519
EU,962,two,,,69.961,1.0426,124.72,8,0.3078
EU,963,two,,,57.949,1.2072,157.94,4.6629,0.26521
EU,964,two,,,78.156,1.1295,120.21,8,0.28665
EU,965,two,,,61.623,1.1892,129.43,8,0.33916
EU,966,two,,,49.076,1.1375,142.08,7.0281,0.39226
EU,967,two,,,68.213,1.193,129.97,8,0.30716
EU,968,two,,,97.191,1.2881,110,8,0.47093
EU,969,two,,,58.342,1.1391,145.18,7.1036,0.28225
EU,970,two,,,34.911,7.9257,138.1,1.3457,0.41267
EU,971,two,,,25.037,0.5,117.62,5.3362,0.69918
EU,972,two,,,21.44,3.9348,167.72,2.6062,0.48579
EU,973,two,,,47.182,1.2367,158.63,8,0.29209
EU,974,two,,,32.498,10,219.39,2.6996,0.40517
EU,975,two,,,70.971,1.4603,152.94,6.3567,0.21559
EU,976,two,,,61.215,1.3061,166.57,7.0216,0.20138
EU,977,two,,,55.261,1.1923,147.97,6.6847,0.29627
EU,978,two,,,62.626,1.0437,126.56,7.9363,0.35895
EU,979,two,,,38.618,10,180.79,6.5199,0.43731
EU,980,two,,,22.846,0.5,119.82,4.9515,0.68975
EU,981,two,,,31.92,10,211.52,3.0833,0.39819
EU,982,two,,,60.088,1.2562,151.06,8,0.24568
EU,983,two,,,70.423,1.2284,136.34,3.4289,0.52929
EU,984,two,,,51.194,0.93428,129.27,4.5289,0.58805
EU,985,two,,,52.362,1.23,164.21,5.8592,0.26823
EU,986,two,,,61.479,1.2809,140.62,8,0.27261
EU,987,two,,,58.592,1.2523,175.13,8,0.17807
EU,988,two,,,59.926,1.3576,146.16,8,0.2545
EU,989,two,,,47.651,0.96153,141.05,4.3255,0.5386
EU,990,two,,,69.42,1.2754,119.48,8,0.41217
EU,991,two,,,70.544,1.0221,116.12,8,0.37501
EU,992,two,,,71.514,0.92982,118.84,4.7927,0.64817
EU,993,two,,,34.635,10,196.14,1.8452,0.39266
EU,994,two,,,34.258,10,216.48,2.3762,0.38485
EU,995,two,,,35.172,10,204.44,1.9447,0.37362
EU,996,two,,,85.118,1.0383,117.67,4.9679,0.56122
EU,997,two,,,99.24,0.98585,106.88,8,0.57288
EU,998,two,,,20.648,6.6539,203.49,3.0653,0.41811
EU,999,two,,,34.745,0.60551,127.82,3.8703,0.64504
EU,1000,two,,,91.072,0.92776,109.88,8,0.5418
India,0,one,36.764,1.3665,,,,,
India,1,one,37.571,1.5076,,,,,
India,2,one,16.392,1.0693,,,,,
India,3,one,8.3263,0.80978,,,,,
India,4,one,46.952,2.2755,,,,,
India,5,one,46.648,1.7637,,,,,
India,6,one,43.034,1.6884,,,,,
India,7,one,32.776,1.156,,,,,
India,8,one,45.669,2.1524,,,,,
India,9,one,47.866,2.3361,,,,,
India,10,one,38.926,1.538,,,,,
India,11,one,43.903,1.8441,,,,,
India,12,one,35.848,1.4775,,,,,
India,13,one,57.26,6.6449,,,,,
India,14,one,50.741,1.3658,,,,,
India,15,one,31.459,1.2483,,,,,
India,16,one,38.292,1.5228,,,,,
India,17,one,37.726,1.4261,,,,,
India,18,one,28.341,1.2852,,,,,
India,19,one,58.646,7.6349,,,,,
India,20,one,51.876,1.2216,,,,,
India,21,one,28.035,1.838,,,,,
India,22,one,51.867,1.2217,,,,,
India,23,one,38.875,2.5415,,,,,
India,24,one,50.356,1.2117,,,,,
India,25,one,27.875,1.3991,,,,,
India,26,one,28.318,1.0988,,,,,
India,27,one,29.452,1.1521,,,,,
India,28,one,25.992,1.3524,,,,,
India,29,one,26.822,1.127,,,,,
India,30,one,51.77,1.2223,,,,,
India,31,one,18.543,0.86689,,,,,
India,32,one,51.706,1.2198,,,,,
India,33,one,37.624,1.5671,,,,,
India,34,one,34.379,1.1699,,,,,
India,35,one,34.437,1.3576,,,,,
India,36,one,27.685,1.3288,,,,,
India,37,one,46.847,1.657,,,,,
India,38,one,41.031,1.4056,,,,,
India,39,one,39.453,2.5688,,,,,
India,40,one,43.682,3.4443,,,,,
India,41,one,47.097,2.3868,,,,,
India,42,one,27.599,1.05,,,,,
India,43,one,26.19,1.1708,,,,,
India,44,one,41.407,1.22,,,,,
India,45,one,35.759,1.2143,,,,,
India,46,one,42.483,1.2259,,,,,
India,47,one,39.716,1.3913,,,,,
India,48,one,29.43,1.5886,,,,,
India,49,one,42.561,1.5504,,,,,
India,50,one,37.055,1.9548,,,,,
India,51,one,33.455,1.0821,,,,,
India,52,one,55.811,1.2732,,,,,
India,53,one,45.414,2.2033,,,,,
India,54,one,49.513,1.2242,,,,,
India,55,one,36.382,1.2096,,,,,
India,56,one,41.38,1.4766,,,,,
India,57,one,49.434,2.7401,,,,,
India,58,one,41.067,1.3831,,,,,
India,59,one,49.432,1.594,,,,,
India,60,one,36.254,1.402,,,,,
India,61,one,45.474,2.0846,,,,,
India,62,one,21.981,1.1007,,,,,
India,63,one,40.613,1.2331,,,,,
India,64,one,22.404,1.0382,,,,,
India,65,one,45.27,1.8036,,,,,
India,66,one,27.902,1.0131,,,,,
India,67,one,42.041,1.3692,,,,,
India,68,one,47.342,1.4083,,,,,
India,69,one,27.978,1.2972,,,,,
India,70,one,32.538,1.4584,,,,,
India,71,one,48.003,1.5102,,,,,
India,72,one,38.67,1.6853,,,,,
India,73,one,23.208,1.0416,,,,,
India,74,one,41.155,2.1416,,,,,
India,75,one,28.574,1.1961,,,,,
India,76,one,33.438,1.1225,,,,,
India,77,one,46.458,1.7128,,,,,
India,78,one,42.49,1.4629,,,,,
India,79,one,44.62,3.1193,,,,,
India,80,one,39.135,1.2915,,,,,
India,81,one,52.894,1.4398,,,,,
India,82,one,43.333,2.6619,,,,,
India,83,one,30.775,1.1546,,,,,
India,84,one,45.461,3.469,,,,,
India,85,one,36.452,1.2386,,,,,
India,86,one,42.117,1.8289,,,,,
India,87,one,43.155,1.2153,,,,,
India,88,one,41.665,1.2265,,,,,
India,89,one,43.796,2.5888,,,,,
India,90,one,34.94,1.7231,,,,,
India,91,one,41.726,2.0663,,,,,
India,92,one,31.9,1.0331,,,,,
India,93,one,2,0.70851,,,,,
India,94,one,26.227,1.207,,,,,
India,95,one,33.504,1.3614,,,,,
India,96,one,38.894,1.5858,,,,,
India,97,one,26.788,0.97527,,,,,
India,98,one,41.29,1.3429,,,,,
India,99,one,50.756,1.213,,,,,
India,100,one,38.004,1.2343,,,,,
India,101,one,47.202,1.4372,,,,,
India,102,one,36.868,1.1169,,,,,
India,103,one,46.189,1.8584,,,,,
India,104,one,37.428,1.4762,,,,,
India,105,one,28.112,1.2517,,,,,
India,106,one,34.613,1.1966,,,,,
India,107,one,24.896,1.1807,,,,,
India,108,one,26.186,1.1785,,,,,
India,109,one,31.512,1.1557,,,,,
India,110,one,31.944,1.3703,,,,,
India,111,one,43.296,2.7232,,,,,
India,112,one,3.4209,0.73376,,,,,
India,113,one,36.845,1.7831,,,,,
India,114,one,34.112,1.1493,,,,,
India,115,one,40.596,1.1976,,,,,
India,116,one,2,2.6002,,,,,
India,117,one,34.506,1.2057,,,,,
India,118,one,34.727,1.5231,,,,,
India,119,one,30.349,1.0667,,,,,
India,120,one,2,2.5517,,,,,
India,121,one,50.252,1.2142,,,,,
India,122,one,33.005,1.7865,,,,,
India,123,one,38.529,1.0497,,,,,
India,124,one,2,0.76344,,,,,
India,125,one,30.689,1.1078,,,,,
India,126,one,45.116,1.2238,,,,,
India,127,one,43.212,2.8673,,,,,
India,128,one,2,0.67683,,,,,
India,129,one,48.514,1.4674,,,,,
India,130,one,37.438,1.1737,,,,,
India,131,one,31.306,1.2884,,,,,
India,132,one,38.362,1.9648,,,,,
India,133,one,47.192,1.3597,,,,,
India,134,one,35.52,1.358,,,,,
India,135,one,34.004,1.5121,,,,,
India,136,one,53.555,1.5611,,,,,
India,137,one,40.041,1.3023,,,,,
India,138,one,33.367,1.1614,,,,,
India,139,one,45.278,1.5211,,,,,
India,140,one,26.888,1.1035,,,,,
India,141,one,40.926,1.5053,,,,,
India,142,one,46.725,1.2204,,,,,
India,143,one,39.769,1.6407,,,,,
India,144,one,38.396,1.4818,,,,,
India,145,one,43.976,3.3562,,,,,
India,146,one,45.536,1.3004,,,,,
India,147,one,24.371,1.2891,,,,,
India,148,one,45.624,1.7507,,,,,
India,149,one,27.555,1.1741,,,,,
India,150,one,29.702,1.3541,,,,,
India,151,one,39.4,1.814,,,,,
India,152,one,39.857,1.4569,,,,,
India,153,one,29.332,1.2049,,,,,
India,154,one,28.824,1.1562,,,,,
India,155,one,34.153,1.0992,,,,,
India,156,one,35.308,1.1944,,,,,
India,157,one,38.848,1.6208,,,,,
India,158,one,23.677,1.1951,,,,,
India,159,one,42.979,1.2168,,,,,
India,160,one,39.792,1.4189,,,,,
India,161,one,44.97,1.2097,,,,,
India,162,one,34.524,1.6695,,,,,
India,163,one,41.491,2.8676,,,,,
India,164,one,41.14,1.3822,,,,,
India,165,one,30.551,1.0864,,,,,
India,166,one,31.265,1.3264,,,,,
India,167,one,45.729,1.9202,,,,,
India,168,one,19.526,1.0443,,,,,
India,169,one,41.304,1.1961,,,,,
India,170,one,41.065,1.7409,,,,,
India,171,one,41.132,1.6677,,,,,
India,172,one,33.138,1.0333,,,,,
India,173,one,40.636,2.0916,,,,,
India,174,one,27.262,1.2377,,,,,
India,175,one,46.694,1.5829,,,,,
India,176,one,39.435,2.7354,,,,,
India,177,one,49.913,1.4243,,,,,
India,178,one,24.886,1.1614,,,,,
India,179,one,27.51,1.1128,,,,,
India,180,one,29.244,1.1379,,,,,
India,181,one,54.446,1.2527,,,,,
India,182,one,33.513,1.1555,,,,,
India,183,one,51.806,1.2816,,,,,
India,184,one,44.742,1.2486,,,,,
India,185,one,43.018,1.3929,,,,,
India,186,one,36.031,1.2411,,,,,
India,187,one,40.094,1.4451,,,,,
India,188,one,45.433,3.0019,,,,,
India,189,one,32.027,1.0184,,,,,
India,190,one,20.689,1.0342,,,,,
India,191,one,41.44,2.2473,,,,,
India,192,one,33.927,1.4878,,,,,
India,193,one,15.044,0.95656,,,,,
India,194,one,49.186,3.6273,,,,,
India,195,one,33.576,1.214,,,,,
India,196,one,42.693,1.2047,,,,,
India,197,one,23.79,1.157,,,,,
India,198,one,42.17,1.6353,,,,,
India,199,one,39.605,1.1946,,,,,
India,200,one,29.967,1.2094,,,,,
India,201,one,25.795,1.1059,,,,,
India,202,one,24.836,1.0336,,,,,
India,203,one,41.149,2.0105,,,,,
India,204,one,47.471,1.8407,,,,,
India,205,one,37.574,1.2328,,,,,
India,206,one,23.716,1.1593,,,,,
India,207,one,44.985,2.0342,,,,,
India,208,one,42.233,2.82,,,,,
India,209,one,28.062,1.1473,,,,,
India,210,one,2,0.69007,,,,,
India,211,one,42.524,2.9093,,,,,
India,212,one,8.2833,0.83858,,,,,
India,213,one,31.698,1.3026,,,,,
India,214,one,29.497,1.1908,,,,,
India,215,one,42.331,1.4845,,,,,
India,216,one,44.597,1.2261,,,,,
India,217,one,51.383,1.2127,,,,,
India,218,one,39.467,1.908,,,,,
India,219,one,41.307,1.3612,,,,,
India,220,one,41.576,1.4613,,,,,
India,221,one,43.503,1.1832,,,,,
India,222,one,42.13,2.2071,,,,,
India,223,one,32.976,1.1436,,,,,
India,224,one,30.931,1.5658,,,,,
India,225,one,52.234,1.2265,,,,,
India,226,one,41.134,1.1232,,,,,
India,227,one,48.026,1.292,,,,,
India,228,one,18.6,1.0844,,,,,
India,229,one,51.791,1.2206,,,,,
India,230,one,43.99,1.4445,,,,,
India,231,one,45.976,1.2969,,,,,
India,232,one,37.741,1.3834,,,,,
India,233,one,25.031,1.3129,,,,,
India,234,one,33.029,1.2905,,,,,
India,235,one,42.967,1.247,,,,,
India,236,one,50.854,1.2136,,,,,
India,237,one,50.267,1.2788,,,,,
India,238,one,43.441,1.64,,,,,
India,239,one,42.578,2.3957,,,,,
India,240,one,21.937,1.1428,,,,,
India,241,one,26.816,1.2022,,,,,
India,242,one,33.537,1.3365,,,,,
India,243,one,49.404,1.7951,,,,,
India,244,one,5.4096,0.71645,,,,,
India,245,one,29.689,1.3725,,,,,
India,246,one,31.982,1.1788,,,,,
India,247,one,25.792,1.2078,,,,,
India,248,one,28.968,1.4002,,,,,
India,249,one,42.724,1.6007,,,,,
India,250,one,41.588,1.6132,,,,,
India,251,one,33.528,1.5583,,,,,
India,252,one,23.64,1.1756,,,,,
India,253,one,30.809,1.1592,,,,,
India,254,one,39.497,1.4569,,,,,
India,255,one,36.075,1.547,,,,,
India,256,one,46.218,1.5236,,,,,
India,257,one,26.618,1.2308,,,,,
India,258,one,39.578,2.5741,,,,,
India,259,one,45.174,2.3167,,,,,
India,260,one,39.978,1.5455,,,,,
India,261,one,45.695,1.4067,,,,,
India,262,one,32.73,1.9027,,,,,
India,263,one,38.134,1.6499,,,,,
India,264,one,19.733,1.0141,,,,,
India,265,one,46.561,3.1237,,,,,
India,266,one,43.274,1.295,,,,,
India,267,one,41.753,1.4,,,,,
India,268,one,42.614,1.8751,,,,,
India,269,one,52.66,1.2264,,,,,
India,270,one,45.111,3.5326,,,,,
India,271,one,44.363,2.8294,,,,,
India,272,one,38.603,1.4403,,,,,
India,273,one,33.169,1.7463,,,,,
India,274,one,40.884,1.614,,,,,
India,275,one,39.954,1.4164,,,,,
India,276,one,28.326,1.1279,,,,,
India,277,one,39.71,1.1566,,,,,
India,278,one,25.41,1.0744,,,,,
India,279,one,37.794,2.2636,,,,,
India,280,one,45.943,1.4067,,,,,
India,281,one,29.825,1.2575,,,,,
India,282,one,44.264,1.4785,,,,,
India,283,one,48.465,3.2516,,,,,
India,284,one,47.514,1.5438,,,,,
India,285,one,34.882,1.179,,,,,
India,286,one,45.615,1.2891,,,,,
India,287,one,49.86,2.1287,,,,,
India,288,one,30.983,1.17,,,,,
India,289,one,21.148,1.0684,,,,,
India,290,one,26.043,1.1752,,,,,
India,291,one,51.565,1.2226,,,,,
India,292,one,43.965,1.5655,,,,,
India,293,one,11.302,0.87786,,,,,
India,294,one,27.793,1.2622,,,,,
India,295,one,31.159,1.3271,,,,,
India,296,one,29.305,1.0633,,,,,
India,297,one,43.399,1.6124,,,,,
India,298,one,28.913,1.4204,,,,,
India,299,one,40.743,1.4361,,,,,
India,300,one,45.603,1.471,,,,,
India,301,one,33.598,0.95614,,,,,
India,302,one,35.137,1.4265,,,,,
India,303,one,26.94,1.1196,,,,,
India,304,one,44.948,1.6715,,,,,
India,305,one,48.352,1.4171,,,,,
India,306,one,31.977,1.672,,,,,
India,307,one,38.594,0.99639,,,,,
India,308,one,42.377,2.0616,,,,,
India,309,one,27.876,1.1547,,,,,
India,310,one,9.111,0.82405,,,,,
India,311,one,55.275,1.511,,,,,
India,312,one,44.549,1.4311,,,,,
India,313,one,51.561,1.3363,,,,,
India,314,one,25.475,1.2776,,,,,
India,315,one,40.043,1.3737,,,,,
India,316,one,10.675,0.81938,,,,,
India,317,one,33.005,1.3439,,,,,
India,318,one,36.121,1.239,,,,,
India,319,one,37.676,1.3722,,,,,
India,320,one,20.434,1.1346,,,,,
India,321,one,40.636,2.0385,,,,,
India,322,one,44.326,1.612,,,,,
India,323,one,27.537,1.2246,,,,,
India,324,one,39.525,1.4911,,,,,
India,325,one,43.548,2.0413,,,,,
India,326,one,44.918,1.3287,,,,,
India,327,one,35.287,1.3734,,,,,
India,328,one,41.694,1.8922,,,,,
India,329,one,35.959,1.705,,,,,
India,330,one,43.993,1.518,,,,,
India,331,one,42.083,1.4646,,,,,
India,332,one,38.166,1.2356,,,,,
India,333,one,26.208,1.3131,,,,,
India,334,one,32.407,1.3651,,,,,
India,335,one,26.481,0.99999,,,,,
India,336,one,39.532,1.8091,,,,,
India,337,one,31.125,1.3545,,,,,
India,338,one,17.67,1.0138,,,,,
India,339,one,46.195,1.4551,,,,,
India,340,one,40.653,1.4489,,,,,
India,341,one,23.229,1.0481,,,,,
India,342,one,46.512,3.0482,,,,,
India,343,one,43.228,1.6983,,,,,
India,344,one,2,2.3138,,,,,
India,345,one,43.767,1.1092,,,,,
India,346,one,50.002,2.0792,,,,,
India,347,one,45.863,3.2405,,,,,
India,348,one,31.589,1.1775,,,,,
India,349,one,51.737,1.4695,,,,,
India,350,one,2,0.66381,,,,,
India,351,one,37.84,1.8135,,,,,
India,352,one,45.528,1.4062,,,,,
India,353,one,50.552,1.4263,,,,,
India,354,one,39.234,1.4434,,,,,
India,355,one,38.91,1.6276,,,,,
India,356,one,39.326,1.9067,,,,,
India,357,one,30.837,1.1824,,,,,
India,358,one,52.769,1.2811,,,,,
India,359,one,43.897,1.546,,,,,
India,360,one,36.958,1.2793,,,,,
India,361,one,44.556,1.513,,,,,
India,362,one,46.701,1.9489,,,,,
India,363,one,42.936,1.5818,,,,,
India,364,one,30.633,1.5103,,,,,
India,365,one,41.063,1.967,,,,,
India,366,one,34.656,1.4104,,,,,
India,367,one,45.465,1.5309,,,,,
India,368,one,47.406,1.4972,,,,,
India,369,one,46.043,1.6321,,,,,
India,370,one,41.046,1.5425,,,,,
India,371,one,25.337,1.2141,,,,,
India,372,one,33.082,1.2616,,,,,
India,373,one,52.055,1.228,,,,,
India,374,one,34.399,1.6477,,,,,
India,375,one,43.887,2.1112,,,,,
India,376,one,42.147,1.6133,,,,,
India,377,one,28.46,1.0316,,,,,
India,378,one,31.251,1.2658,,,,,
India,379,one,39.563,1.5935,,,,,
India,380,one,53.063,2.1821,,,,,
India,381,one,33.702,1.2047,,,,,
India,382,one,29.236,1.3865,,,,,
India,383,one,41.47,1.4919,,,,,
India,384,one,30.473,1.3052,,,,,
India,385,one,30.752,1.1935,,,,,
India,386,one,36.14,1.3883,,,,,
India,387,one,31.168,1.3396,,,,,
India,388,one,26.292,1.3415,,,,,
India,389,one,40.432,1.6444,,,,,
India,390,one,29.515,1.107,,,,,
India,391,one,39.427,1.2466,,,,,
India,392,one,36.063,1.1934,,,,,
India,393,one,41.519,2.4777,,,,,
India,394,one,16.279,1.0335,,,,,
India,395,one,44.408,1.9278,,,,,
India,396,one,24.668,1.1877,,,,,
India,397,one,30.084,1.0471,,,,,
India,398,one,23.885,1.115,,,,,
India,399,one,48.892,1.2697,,,,,
India,400,one,45.238,1.2889,,,,,
India,401,one,44.683,1.4052,,,,,
India,402,one,38.152,1.2643,,,,,
India,403,one,23.79,1.0698,,,,,
India,404,one,37.358,1.605,,,,,
India,405,one,25.751,1.07,,,,,
India,406,one,28.007,1.149,,,,,
India,407,one,25.685,1.2558,,,,,
India,408,one,38.929,1.9692,,,,,
India,409,one,32.262,1.2735,,,,,
India,410,one,47.392,1.8906,,,,,
India,411,one,47.948,1.3329,,,,,
India,412,one,39.163,1.275,,,,,
India,413,one,33.754,1.3476,,,,,
India,414,one,50.896,1.2136,,,,,
India,415,one,33.898,1.199,,,,,
India,416,one,38.926,1.5729,,,,,
India,417,one,40.209,2.2078,,,,,
India,418,one,33.016,1.1829,,,,,
India,419,one,47.434,1.5352,,,,,
India,420,one,46.411,1.3905,,,,,
India,421,one,58.955,1.5727,,,,,
India,422,one,22.367,1.1053,,,,,
India,423,one,34.859,1.3758,,,,,
India,424,one,31.225,1.0504,,,,,
India,425,one,36.725,1.5594,,,,,
India,426,one,42.758,1.6238,,,,,
India,427,one,23.059,0.95033,,,,,
India,428,one,50.424,2.2804,,,,,
India,429,one,43.726,1.7936,,,,,
India,430,one,4.7582,0.78936,,,,,
India,431,one,26.005,1.3884,,,,,
India,432,one,28.833,1.2158,,,,,
India,433,one,21.874,1.1301,,,,,
India,434,one,29.606,1.3482,,,,,
India,435,one,33.414,1.4704,,,,,
India,436,one,50.676,1.4792,,,,,
India,437,one,29.039,1.0874,,,,,
India,438,one,43.799,1.2097,,,,,
India,439,one,41.119,1.3528,,,,,
India,440,one,35.119,1.7155,,,,,
India,441,one,48.65,1.3909,,,,,
India,442,one,40.69,1.6495,,,,,
India,443,one,44.248,1.3316,,,,,
India,444,one,44.484,1.7487,,,,,
India,445,one,46.722,1.3883,,,,,
India,446,one,41.093,2.5271,,,,,
India,447,one,29.911,1.3493,,,,,
India,448,one,31.995,1.2733,,,,,
India,449,one,40.793,1.3465,,,,,
India,450,one,40.487,1.3461,,,,,
India,451,one,36.948,1.2272,,,,,
India,452,one,43.227,1.4929,,,,,
India,453,one,40.965,1.5604,,,,,
India,454,one,52.602,1.226,,,,,
India,455,one,41.209,1.1081,,,,,
India,456,one,2,2.3326,,,,,
India,457,one,34.005,1.1064,,,,,
India,458,one,40.872,1.2058,,,,,
India,459,one,51.474,1.2175,,,,,
India,460,one,25.179,1.1408,,,,,
India,461,one,43.505,1.4487,,,,,
India,462,one,50.295,1.2186,,,,,
India,463,one,33.794,1.2295,,,,,
India,464,one,46.317,1.2019,,,,,
India,465,one,21.383,0.88272,,,,,
India,466,one,38.824,2.0722,,,,,
India,467,one,37.341,2.2654,,,,,
India,468,one,29.929,1.1653,,,,,
India,469,one,33.944,1.2501,,,,,
India,470,one,46.433,1.5861,,,,,
India,471,one,38.385,1.4805,,,,,
India,472,one,41.739,1.0792,,,,,
India,473,one,38.119,1.4595,,,,,
India,474,one,41.662,1.3756,,,,,
India,475,one,46.531,2.8917,,,,,
India,476,one,27.24,1.5211,,,,,
India,477,one,25.919,1.1863,,,,,
India,478,one,7.6123,0.8457,,,,,
India,479,one,38.981,1.7996,,,,,
India,480,one,47.252,1.3093,,,,,
India,481,one,35.918,1.2817,,,,,
India,482,one,42.972,1.6164,,,,,
India,483,one,42.782,2.9026,,,,,
India,484,one,31.34,1.2419,,,,,
India,485,one,30.106,1.2117,,,,,
India,486,one,42.713,1.6347,,,,,
India,487,one,39.116,1.0957,,,,,
India,488,one,42.678,1.3849,,,,,
India,489,one,33.311,1.4964,,,,,
India,490,one,22.418,1.0772,,,,,
India,491,one,16.092,1.0553,,,,,
India,492,one,43.6,1.6099,,,,,
India,493,one,27.376,1.2093,,,,,
India,494,one,46.08,1.1889,,,,,
India,495,one,39.935,1.1194,,,,,
India,496,one,21.34,0.98344,,,,,
India,497,one,35.459,1.5793,,,,,
India,498,one,2,2.5483,,,,,
India,499,one,46.671,2.515,,,,,
India,500,one,46.555,1.3844,,,,,
India,501,one,42.244,1.2186,,,,,
India,502,one,26.774,1.1263,,,,,
India,503,one,30.827,1.1562,,,,,
India,504,one,42.49,3.0197,,,,,
India,505,one,36.357,1.775,,,,,
India,506,one,21.793,1.0931,,,,,
India,507,one,23.144,1.0076,,,,,
India,508,one,28.141,1.2871,,,,,
India,509,one,43.82,2.8807,,,,,
India,510,one,33.323,1.1241,,,,,
India,511,one,2,0.65899,,,,,
India,512,one,20.773,1.2787,,,,,
India,513,one,30.382,1.1983,,,,,
India,514,one,43.415,1.2208,,,,,
India,515,one,40.618,1.1249,,,,,
India,516,one,55.371,1.8803,,,,,
India,517,one,39.104,1.6585,,,,,
India,518,one,2,2.531,,,,,
India,519,one,41.467,1.4683,,,,,
India,520,one,37.908,1.0996,,,,,
India,521,one,34.374,1.1241,,,,,
India,522,one,43.31,1.4493,,,,,
India,523,one,35.13,1.1338,,,,,
India,524,one,39.751,1.5335,,,,,
India,525,one,30.051,1.2379,,,,,
India,526,one,42.259,1.6334,,,,,
India,527,one,40.57,1.2458,,,,,
India,528,one,43.437,1.4458,,,,,
India,529,one,39.352,1.6413,,,,,
India,530,one,43.086,1.4737,,,,,
India,531,one,37.565,1.5354,,,,,
India,532,one,33.724,1.5109,,,,,
India,533,one,20,1.0748,,,,,
India,534,one,35.651,1.47,,,,,
India,535,one,50.234,1.8996,,,,,
India,536,one,34.569,1.2808,,,,,
India,537,one,42.314,1.8243,,,,,
India,538,one,30.248,1.1134,,,,,
India,539,one,25.9,1.2071,,,,,
India,540,one,38.042,1.2722,,,,,
India,541,one,27.07,1.1155,,,,,
India,542,one,36.261,1.3974,,,,,
India,543,one,41.871,1.4386,,,,,
India,544,one,24.101,1.3545,,,,,
India,545,one,44.378,1.6667,,,,,
India,546,one,43.044,2.1861,,,,,
India,547,one,20.195,1.1354,,,,,
India,548,one,21.177,1.1257,,,,,
India,549,one,37.105,1.3335,,,,,
India,550,one,49.845,1.4536,,,,,
India,551,one,29.251,1.1794,,,,,
India,552,one,43.594,1.2287,,,,,
India,553,one,48.816,1.2831,,,,,
India,554,one,30.402,1.2918,,,,,
India,555,one,31.407,1.2192,,,,,
India,556,one,32.994,1.337,,,,,
India,557,one,22.256,1.2037,,,,,
India,558,one,42.033,2.0959,,,,,
India,559,one,52.013,1.2227,,,,,
India,560,one,25.162,1.1462,,,,,
India,561,one,47.58,1.3458,,,,,
India,562,one,43.271,1.5362,,,,,
India,563,one,36.43,1.4755,,,,,
India,564,one,53.183,1.2353,,,,,
India,565,one,32.353,1.136,,,,,
India,566,one,33.252,1.7942,,,,,
India,567,one,52.252,2.075,,,,,
India,568,one,48.043,1.6215,,,,,
India,569,one,34.352,1.3035,,,,,
India,570,one,50.432,1.6111,,,,,
India,571,one,45.003,1.6802,,,,,
India,572,one,28.506,1.1501,,,,,
India,573,one,42.815,1.1479,,,,,
India,574,one,38.336,1.81,,,,,
India,575,one,45.687,1.3618,,,,,
India,576,one,35.267,1.1688,,,,,
India,577,one,34.534,1.0964,,,,,
India,578,one,38.194,1.6925,,,,,
India,579,one,38.241,1.3459,,,,,
India,580,one,41.559,1.2394,,,,,
India,581,one,40.148,1.5134,,,,,
India,582,one,41.612,1.2472,,,,,
India,583,one,43.692,1.537,,,,,
India,584,one,26.059,1.2559,,,,,
India,585,one,28.895,1.3526,,,,,
India,586,one,30.701,1.2585,,,,,
India,587,one,38.314,1.2196,,,,,
India,588,one,38.659,1.6285,,,,,
India,589,one,40.478,1.9473,,,,,
India,590,one,35.507,1.1272,,,,,
India,591,one,47.891,1.4981,,,,,
India,592,one,33.922,1.3595,,,,,
India,593,one,44.402,1.4163,,,,,
India,594,one,50.604,1.2153,,,,,
India,595,one,40.991,1.5396,,,,,
India,596,one,40.453,1.8509,,,,,
India,597,one,25.109,1.334,,,,,
India,598,one,37.363,1.4762,,,,,
India,599,one,38.395,1.1183,,,,,
India,600,one,41.388,2.6621,,,,,
India,601,one,42.058,1.475,,,,,
India,602,one,42.98,2.0273,,,,,
India,603,one,51.984,1.2215,,,,,
India,604,one,44.489,1.8763,,,,,
India,605,one,36.63,1.2795,,,,,
India,606,one,2,0.67521,,,,,
India,607,one,21.334,1.0649,,,,,
India,608,one,44.09,1.105,,,,,
India,609,one,34.028,1.7401,,,,,
India,610,one,33.619,1.5509,,,,,
India,611,one,43.142,2.6117,,,,,
India,612,one,42.903,1.2587,,,,,
India,613,one,48.126,1.6376,,,,,
India,614,one,24.161,1.3373,,,,,
India,615,one,37.14,1.717,,,,,
India,616,one,39.324,1.3226,,,,,
India,617,one,49.131,1.2675,,,,,
India,618,one,47.535,1.5021,,,,,
India,619,one,33.822,1.242,,,,,
India,620,one,40.211,1.449,,,,,
India,621,one,37.992,1.1673,,,,,
India,622,one,32.864,1.3212,,,,,
India,623,one,47.194,1.2476,,,,,
India,624,one,45.02,1.3165,,,,,
India,625,one,39.29,1.3683,,,,,
India,626,one,29.692,1.1656,,,,,
India,627,one,57.496,1.5971,,,,,
India,628,one,35.804,1.7498,,,,,
India,629,one,38.479,1.4134,,,,,
India,630,one,49.895,1.771,,,,,
India,631,one,48.391,1.4372,,,,,
India,632,one,40.193,2.2418,,,,,
India,633,one,10.631,0.89514,,,,,
India,634,one,30.377,1.3038,,,,,
India,635,one,28.357,1.3447,,,,,
India,636,one,33.32,1.3565,,,,,
India,637,one,30.688,1.5924,,,,,
India,638,one,54.171,1.9647,,,,,
India,639,one,33.784,1.254,,,,,
India,640,one,28.75,1.1955,,,,,
India,641,one,34.682,1.1899,,,,,
India,642,one,51.389,1.3144,,,,,
India,643,one,41.977,1.2728,,,,,
India,644,one,29.258,1.4212,,,,,
India,645,one,44.85,2.5058,,,,,
India,646,one,40.474,1.3432,,,,,
India,647,one,40.662,1.3409,,,,,
India,648,one,2,2.3892,,,,,
India,649,one,22.392,1.2508,,,,,
India,650,one,47.377,2.0796,,,,,
India,651,one,45.289,1.3018,,,,,
India,652,one,38.423,1.6863,,,,,
India,653,one,22.752,1.0232,,,,,
India,654,one,38.541,2.3058,,,,,
India,655,one,39.825,1.4516,,,,,
India,656,one,26.98,1.0079,,,,,
India,657,one,30.054,1.309,,,,,
India,658,one,30.214,1.2943,,,,,
India,659,one,33.996,1.3348,,,,,
India,660,one,33.952,1.4408,,,,,
India,661,one,52.883,1.2324,,,,,
India,662,one,38.908,1.3062,,,,,
India,663,one,50.807,1.2159,,,,,
India,664,one,40.779,1.1998,,,,,
India,665,one,48.542,1.6119,,,,,
India,666,one,40.584,2.5536,,,,,
India,667,one,43.623,1.5803,,,,,
India,668,one,34.358,1.4359,,,,,
India,669,one,41.77,2.0003,,,,,
India,670,one,29.446,1.1943,,,,,
India,671,one,45.723,1.3701,,,,,
India,672,one,30.018,1.315,,,,,
India,673,one,13.657,0.83863,,,,,
India,674,one,45.349,1.3132,,,,,
India,675,one,31.822,1.4716,,,,,
India,676,one,30.764,1.1391,,,,,
India,677,one,44.68,1.2757,,,,,
India,678,one,38.62,1.1465,,,,,
India,679,one,37.692,1.4026,,,,,
India,680,one,42.275,1.5287,,,,,
India,681,one,56.684,1.2901,,,,,
India,682,one,47.056,2.3207,,,,,
India,683,one,32.751,1.1974,,,,,
India,684,one,35.21,1.1192,,,,,
India,685,one,45.45,1.6776,,,,,
India,686,one,28.12,1.0997,,,,,
India,687,one,48.796,1.2419,,,,,
India,688,one,25.881,1.0938,,,,,
India,689,one,21.234,1.2012,,,,,
India,690,one,50.441,1.6533,,,,,
India,691,one,28.742,1.2113,,,,,
India,692,one,33.932,1.2716,,,,,
India,693,one,34.112,1.3428,,,,,
India,694,one,29.798,1.242,,,,,
India,695,one,41.112,1.6548,,,,,
India,696,one,19.438,1.1286,,,,,
India,697,one,48.855,1.3078,,,,,
India,698,one,45.112,2.3423,,,,,
India,699,one,37.531,1.8895,,,,,
India,700,one,16.871,1.1034,,,,,
India,701,one,50.204,4.3309,,,,,
India,702,one,39.875,1.3229,,,,,
India,703,one,45.985,2.047,,,,,
India,704,one,23.631,1.2149,,,,,
India,705,one,29.065,1.0016,,,,,
India,706,one,21.033,1.137,,,,,
India,707,one,28.688,1.5992,,,,,
India,708,one,45.86,1.3452,,,,,
India,709,one,46.861,1.6175,,,,,
India,710,one,26.238,1.2837,,,,,
India,711,one,21.729,1.0684,,,,,
India,712,one,31.799,1.448,,,,,
India,713,one,43.924,1.8112,,,,,
India,714,one,36.907,2.1206,,,,,
India,715,one,42.047,1.7641,,,,,
India,716,one,2,2.5515,,,,,
India,717,one,22.827,1.2407,,,,,
India,718,one,48.247,1.6502,,,,,
India,719,one,32.671,1.1609,,,,,
India,720,one,50.105,1.3347,,,,,
India,721,one,38.875,1.3761,,,,,
India,722,one,36.542,1.4794,,,,,
India,723,one,28.893,1.4501,,,,,
India,724,one,28.092,1.7848,,,,,
India,725,one,53.438,1.2334,,,,,
India,726,one,51.424,1.2166,,,,,
India,727,one,50.074,1.3176,,,,,
India,728,one,51.217,1.215,,,,,
India,729,one,27.687,1.6448,,,,,
India,730,one,40.998,2.41,,,,,
India,731,one,44.088,1.2894,,,,,
India,732,one,39.299,1.8491,,,,,
India,733,one,34.717,1.442,,,,,
India,734,one,36.337,1.4269,,,,,
India,735,one,44.851,1.226,,,,,
India,736,one,52.048,1.4625,,,,,
India,737,one,39.236,1.2228,,,,,
India,738,one,51.705,1.363,,,,,
India,739,one,46.88,1.7008,,,,,
India,740,one,36.542,1.2044,,,,,
India,741,one,38.534,1.5695,,,,,
India,742,one,43.417,1.3046,,,,,
India,743,one,32.987,2.0126,,,,,
India,744,one,49.018,1.4118,,,,,
India,745,one,40.605,1.3361,,,,,
India,746,one,48.005,1.6599,,,,,
India,747,one,35.164,1.4497,,,,,
India,748,one,45.65,1.4227,,,,,
India,749,one,39.668,1.2112,,,,,
India,750,one,45.896,1.4016,,,,,
India,751,one,41.565,1.3869,,,,,
India,752,one,32.158,1.0503,,,,,
India,753,one,45.015,1.3292,,,,,
India,754,one,33.328,1.4942,,,,,
India,755,one,43.134,1.5355,,,,,
India,756,one,2,0.7314,,,,,
India,757,one,25.949,1.2498,,,,,
India,758,one,27.253,1.1417,,,,,
India,759,one,52.606,1.2199,,,,,
India,760,one,43.678,1.258,,,,,
India,761,one,42.918,1.1448,,,,,
India,762,one,49.597,1.884,,,,,
India,763,one,36.6,1.7886,,,,,
India,764,one,46.11,1.2726,,,,,
India,765,one,35.246,1.3975,,,,,
India,766,one,43.266,1.1214,,,,,
India,767,one,43.954,1.8962,,,,,
India,768,one,31.604,1.2425,,,,,
India,769,one,40.711,2.7766,,,,,
India,770,one,26.962,1.3623,,,,,
India,771,one,39.494,1.579,,,,,
India,772,one,45.541,1.3805,,,,,
India,773,one,44.085,2.4787,,,,,
India,774,one,36.474,1.2122,,,,,
India,775,one,34.242,1.2175,,,,,
India,776,one,35.194,1.2974,,,,,
India,777,one,22.567,1.1205,,,,,
India,778,one,18.972,1.1448,,,,,
India,779,one,40.984,1.357,,,,,
India,780,one,37.111,1.5338,,,,,
India,781,one,40.595,1.8441,,,,,
India,782,one,31.214,1.3667,,,,,
India,783,one,30.838,1.1482,,,,,
India,784,one,32.019,1.5305,,,,,
India,785,one,26.568,1.1823,,,,,
India,786,one,44.589,1.1895,,,,,
India,787,one,43.749,1.9181,,,,,
India,788,one,43.197,1.3343,,,,,
India,789,one,27.18,1.2004,,,,,
India,790,one,30.579,1.4921,,,,,
India,791,one,36.535,1.233,,,,,
India,792,one,39.755,1.8002,,,,,
India,793,one,49.075,1.4096,,,,,
India,794,one,28.739,1.4968,,,,,
India,795,one,2,0.74353,,,,,
India,796,one,40.744,2.3993,,,,,
India,797,one,41.082,1.1048,,,,,
India,798,one,52.697,1.3638,,,,,
India,799,one,37.398,1.2694,,,,,
India,800,one,45.199,1.7239,,,,,
India,801,one,32.938,1.1858,,,,,
India,802,one,19.681,1.2103,,,,,
India,803,one,31.805,1.3188,,,,,
India,804,one,33.161,1.37,,,,,
India,805,one,38.457,1.6978,,,,,
India,806,one,42.331,1.443,,,,,
India,807,one,22.607,1.24,,,,,
India,808,one,24.144,1.2235,,,,,
India,809,one,35.591,1.2676,,,,,
India,810,one,43.138,1.643,,,,,
India,811,one,40.857,1.9505,,,,,
India,812,one,51.984,2.4509,,,,,
India,813,one,34.338,1.2645,,,,,
India,814,one,48.482,3.2479,,,,,
India,815,one,42.236,1.096,,,,,
India,816,one,43.072,3.0722,,,,,
India,817,one,42.67,1.9214,,,,,
India,818,one,22.31,1.1005,,,,,
India,819,one,43.082,2.2346,,,,,
India,820,one,43.903,2.0336,,,,,
India,821,one,41.054,1.1832,,,,,
India,822,one,43.706,1.2651,,,,,
India,823,one,33.164,1.6033,,,,,
India,824,one,49.903,1.9941,,,,,
India,825,one,27.354,1.2195,,,,,
India,826,one,27.899,1.1448,,,,,
India,827,one,9.7326,0.86205,,,,,
India,828,one,28.913,2.2729,,,,,
India,829,one,25.926,1.1549,,,,,
India,830,one,47.654,1.5926,,,,,
India,831,one,51.096,1.3931,,,,,
India,832,one,36.946,1.4907,,,,,
India,833,one,30.709,1.4602,,,,,
India,834,one,25.449,1.1266,,,,,
India,835,one,25.402,1.4758,,,,,
India,836,one,22.979,1.0644,,,,,
India,837,one,44.531,2.6174,,,,,
India,838,one,46.425,1.4332,,,,,
India,839,one,49.06,2.5573,,,,,
India,840,one,45.094,1.184,,,,,
India,841,one,53.548,1.2415,,,,,
India,842,one,50.707,1.2156,,,,,
India,843,one,28.547,1.0504,,,,,
India,844,one,30.172,0.98496,,,,,
India,845,one,34.569,1.3233,,,,,
India,846,one,39.023,1.3367,,,,,
India,847,one,47.599,1.4638,,,,,
India,848,one,44.033,1.8896,,,,,
India,849,one,47.91,1.904,,,,,
India,850,one,34.531,1.6626,,,,,
India,851,one,28.842,1.2191,,,,,
India,852,one,40.607,1.9404,,,,,
India,853,one,32.795,1.2741,,,,,
India,854,one,41.073,1.8529,,,,,
India,855,one,30.604,1.6375,,,,,
India,856,one,30.055,1.3543,,,,,
India,857,one,42.73,1.3137,,,,,
India,858,one,22.434,0.99192,,,,,
India,859,one,32.403,1.394,,,,,
India,860,one,42.333,1.2573,,,,,
India,861,one,33.085,1.1418,,,,,
India,862,one,29.625,1.1936,,,,,
India,863,one,46.937,2.3513,,,,,
India,864,one,40.672,1.1418,,,,,
India,865,one,44.168,2.7666,,,,,
India,866,one,50.651,1.816,,,,,
India,867,one,45.497,1.5134,,,,,
India,868,one,17.841,1.0074,,,,,
India,869,one,24.495,1.2042,,,,,
India,870,one,39.683,1.5399,,,,,
India,871,one,36.829,1.0227,,,,,
India,872,one,42.889,1.2656,,,,,
India,873,one,40.5,1.2756,,,,,
India,874,one,27.507,1.1306,,,,,
India,875,one,42.949,1.8832,,,,,
India,876,one,47.047,1.2529,,,,,
India,877,one,37.888,1.5536,,,,,
India,878,one,42.232,2.9245,,,,,
India,879,one,45.404,1.3575,,,,,
India,880,one,32.008,1.3862,,,,,
India,881,one,44.63,1.468,,,,,
India,882,one,36.761,1.2886,,,,,
India,883,one,43.375,2.1659,,,,,
India,884,one,24.221,1.0536,,,,,
India,885,one,42.934,1.0622,,,,,
India,886,one,46.736,2.2842,,,,,
India,887,one,40.812,1.4787,,,,,
India,888,one,44.464,3.1303,,,,,
India,889,one,26.692,1.4343,,,,,
India,890,one,32.948,1.1529,,,,,
India,891,one,39.69,1.4803,,,,,
India,892,one,37.237,1.2391,,,,,
India,893,one,48.358,1.2916,,,,,
India,894,one,42.077,2.9335,,,,,
India,895,one,51.247,2.1757,,,,,
India,896,one,53.783,1.2421,,,,,
India,897,one,33.901,1.5346,,,,,
India,898,one,31.596,1.2769,,,,,
India,899,one,37.32,1.2851,,,,,
India,900,one,32.939,1.198,,,,,
India,901,one,37.496,2.8304,,,,,
India,902,one,44.163,2.2958,,,,,
India,903,one,45.075,1.306,,,,,
India,904,one,25.964,1.1667,,,,,
India,905,one,42.741,1.4173,,,,,
India,906,one,48.696,1.3774,,,,,
India,907,one,46.256,2.5048,,,,,
India,908,one,36.995,1.3902,,,,,
India,909,one,51.053,1.2181,,,,,
India,910,one,33.637,1.42,,,,,
India,911,one,25.752,1.2425,,,,,
India,912,one,35.819,1.3907,,,,,
India,913,one,27.695,1.1442,,,,,
India,914,one,24.461,1.1057,,,,,
India,915,one,36.008,1.3177,,,,,
India,916,one,50.546,3.3432,,,,,
India,917,one,40.698,1.4353,,,,,
India,918,one,28.111,1.3075,,,,,
India,919,one,40.949,1.3345,,,,,
India,920,one,42.954,1.1825,,,,,
India,921,one,28.664,1.1634,,,,,
India,922,one,2,2.5249,,,,,
India,923,one,32.363,1.1179,,,,,
India,924,one,39.628,1.4686,,,,,
India,925,one,28.995,1.4253,,,,,
India,926,one,16.39,1.1672,,,,,
India,927,one,40.296,1.5272,,,,,
India,928,one,35.438,1.4528,,,,,
India,929,one,26.324,1.1161,,,,,
India,930,one,32.784,1.2211,,,,,
India,931,one,29.914,1.0203,,,,,
India,932,one,28.557,1.128,,,,,
India,933,one,49.575,1.8134,,,,,
India,934,one,29.645,1.6832,,,,,
India,935,one,31.693,1.0461,,,,,
India,936,one,44.447,1.5173,,,,,
India,937,one,29.921,1.2436,,,,,
India,938,one,44.015,1.6241,,,,,
India,939,one,41.374,1.4933,,,,,
India,940,one,41.135,1.1725,,,,,
India,941,one,36.435,1.0852,,,,,
India,942,one,17.445,1.1498,,,,,
India,943,one,47.693,3.5155,,,,,
India,944,one,2,0.71537,,,,,
India,945,one,32.664,1.3,,,,,
India,946,one,24.447,1.1341,,,,,
India,947,one,31.902,1.2185,,,,,
India,948,one,28.783,1.3859,,,,,
India,949,one,46.24,1.5328,,,,,
India,950,one,30.045,1.3632,,,,,
India,951,one,4.651,0.82459,,,,,
India,952,one,44.546,2.1329,,,,,
India,953,one,48.788,1.9758,,,,,
India,954,one,33.198,1.1509,,,,,
India,955,one,54.392,2.1006,,,,,
India,956,one,25.186,1.2119,,,,,
India,957,one,42.589,2.8374,,,,,
India,958,one,45.495,1.8197,,,,,
India,959,one,36.391,1.4408,,,,,
India,960,one,46.852,1.3167,,,,,
India,961,one,42.895,1.2574,,,,,
India,962,one,30.197,1.1622,,,,,
India,963,one,50.74,1.3926,,,,,
India,964,one,51.063,1.597,,,,,
India,965,one,54.216,1.3374,,,,,
India,966,one,29.28,1.0931,,,,,
India,967,one,39.859,1.5158,,,,,
India,968,one,43.857,1.6946,,,,,
India,969,one,52.896,1.2318,,,,,
India,970,one,45.921,1.2896,,,,,
India,971,one,35.811,1.6442,,,,,
India,972,one,33.234,1.5094,,,,,
India,973,one,41.847,1.439,,,,,
India,974,one,45.524,1.4979,,,,,
India,975,one,42.557,1.3869,,,,,
India,976,one,26.661,1.0961,,,,,
India,977,one,16.217,0.94036,,,,,
India,978,one,30.771,1.2042,,,,,
India,979,one,45.645,2.9999,,,,,
India,980,one,31.365,1.0714,,,,,
India,981,one,44.229,1.9291,,,,,
India,982,one,27.652,1.1358,,,,,
India,983,one,24.551,1.0251,,,,,
India,984,one,17.372,0.87789,,,,,
India,985,one,40.325,1.3993,,,,,
India,986,one,48.847,1.3199,,,,,
India,987,one,42.678,2.5744,,,,,
India,988,one,37.673,1.4572,,,,,
India,989,one,52.226,1.2223,,,,,
India,990,one,29.917,1.2276,,,,,
India,991,one,2,0.70298,,,,,
India,992,one,49.051,1.3786,,,,,
India,993,one,40.428,1.9364,,,,,
India,994,one,2,2.5016,,,,,
India,995,one,33.746,1.4632,,,,,
India,996,one,30.402,1.0052,,,,,
India,997,one,54.453,1.5065,,,,,
India,998,one,2,0.76499,,,,,
India,999,one,34.244,1.3017,,,,,
India,1000,one,34.073,1.3339,,,,,
USA,0,one,94.485,1.7564,,,,,
USA,1,one,78.196,1.3977,,,,,
USA,2,one,66.969,1.2308,,,,,
USA,3,one,101.46,2.2845,,,,,
USA,4,one,103.96,2.6702,,,,,
USA,5,one,73.041,1.2596,,,,,
USA,6,one,85.7,1.5065,,,,,
USA,7,one,70.664,1.4851,,,,,
USA,8,one,66.029,1.3111,,,,,
USA,9,one,88.643,1.605,,,,,
USA,10,one,113.79,2.1714,,,,,
USA,11,one,59.539,1.0524,,,,,
USA,12,one,61.487,1.3411,,,,,
USA,13,one,64.101,1.1296,,,,,
USA,14,one,54.197,1.0422,,,,,
USA,15,one,108.9,2.0784,,,,,
USA,16,one,112.47,2.0774,,,,,
USA,17,one,104.6,2.7452,,,,,
USA,18,one,107.4,2.796,,,,,
USA,19,one,66.521,1.2142,,,,,
USA,20,one,86.551,1.7666,,,,,
USA,21,one,67.328,1.216,,,,,
USA,22,one,91.614,1.705,,,,,
USA,23,one,61.215,1.1171,,,,,
USA,24,one,85.269,1.5256,,,,,
USA,25,one,85.121,1.7077,,,,,
USA,26,one,90.194,1.7047,,,,,
USA,27,one,83.154,1.4801,,,,,
USA,28,one,80.004,1.4201,,,,,
USA,29,one,86.458,1.5291,,,,,
USA,30,one,106.36,2.141,,,,,
USA,31,one,68.914,1.5322,,,,,
USA,32,one,97.46,2.4772,,,,,
USA,33,one,59.045,1.1846,,,,,
USA,34,one,90.773,1.4375,,,,,
USA,35,one,67.448,1.2372,,,,,
USA,36,one,58.799,1.1093,,,,,
USA,37,one,109.93,2.1043,,,,,
USA,38,one,60.172,1.1201,,,,,
USA,39,one,85.9,1.5174,,,,,
USA,40,one,92.838,1.7437,,,,,
USA,41,one,63.378,1.111,,,,,
USA,42,one,78.54,1.7356,,,,,
USA,43,one,115.54,1.9014,,,,,
USA,44,one,61.47,1.063,,,,,
USA,45,one,60.769,1.1028,,,,,
USA,46,one,61.876,1.24,,,,,
USA,47,one,99.304,1.9563,,,,,
USA,48,one,64.315,1.2045,,,,,
USA,49,one,67.676,1.2517,,,,,
USA,50,one,65.376,1.1093,,,,,
USA,51,one,86.852,1.5372,,,,,
USA,52,one,56.743,1.0716,,,,,
USA,53,one,113.84,1.9452,,,,,
USA,54,one,75.153,1.266,,,,,
USA,55,one,97.411,1.909,,,,,
USA,56,one,106.31,2.3049,,,,,
USA,57,one,62.091,1.1279,,,,,
USA,58,one,69.463,1.2671,,,,,
USA,59,one,66.025,1.1357,,,,,
USA,60,one,84.599,1.628,,,,,
USA,61,one,65.99,1.4275,,,,,
USA,62,one,86.92,1.6786,,,,,
USA,63,one,100.48,2.1472,,,,,
USA,64,one,88.808,1.6334,,,,,
USA,65,one,96.972,2.2599,,,,,
USA,66,one,72.81,1.3033,,,,,
USA,67,one,106.14,2.8962,,,,,
USA,68,one,110.71,1.8682,,,,,
USA,69,one,97.685,1.6393,,,,,
USA,70,one,96.435,1.794,,,,,
USA,71,one,58.893,1.1598,,,,,
USA,72,one,95.316,1.7153,,,,,
USA,73,one,104.97,2.6636,,,,,
USA,74,one,108.36,1.8596,,,,,
USA,75,one,77.104,1.3717,,,,,
USA,76,one,62.118,1.1752,,,,,
USA,77,one,87.628,1.4339,,,,,
USA,78,one,65.115,1.2547,,,,,
USA,79,one,95.45,2.2628,,,,,
USA,80,one,113.69,2.1903,,,,,
USA,81,one,90.558,1.5226,,,,,
USA,82,one,83.29,1.4857,,,,,
USA,83,one,102.12,2.0413,,,,,
USA,84,one,84.718,1.5322,,,,,
USA,85,one,64.662,1.1017,,,,,
USA,86,one,101.63,3.1096,,,,,
USA,87,one,94.589,1.4866,,,,,
USA,88,one,101.39,1.9937,,,,,
USA,89,one,97.552,2.2736,,,,,
USA,90,one,84.096,1.7346,,,,,
USA,91,one,101.22,2.063,,,,,
USA,92,one,112.93,1.7368,,,,,
USA,93,one,82.639,1.4277,,,,,
USA,94,one,89.333,1.6094,,,,,
USA,95,one,90.255,2.018,,,,,
USA,96,one,104.68,3.0948,,,,,
USA,97,one,64.708,1.2857,,,,,
USA,98,one,101.29,2.8983,,,,,
USA,99,one,62.629,1.3433,,,,,
USA,100,one,76.032,1.6644,,,,,
USA,101,one,96.814,1.8828,,,,,
USA,102,one,71.965,1.3147,,,,,
USA,103,one,97.747,1.6954,,,,,
USA,104,one,64.937,1.1942,,,,,
USA,105,one,57.302,1.1883,,,,,
USA,106,one,102.14,2.8734,,,,,
USA,107,one,81.234,1.4602,,,,,
USA,108,one,124.32,2.01,,,,,
USA,109,one,98.216,1.8846,,,,,
USA,110,one,222.51,4.0279,,,,,
USA,111,one,98.945,2.2936,,,,,
USA,112,one,88.522,1.2658,,,,,
USA,113,one,74.808,1.4829,,,,,
USA,114,one,92.271,2.5122,,,,,
USA,115,one,104.38,2.9832,,,,,
USA,116,one,80.429,1.4467,,,,,
USA,117,one,107.72,2.5971,,,,,
USA,118,one,58.306,1.0815,,,,,
USA,119,one,137.11,1.4983,,,,,
USA,120,one,111.97,2.5028,,,,,
USA,121,one,86.77,1.5411,,,,,
USA,122,one,105.62,2.3862,,,,,
USA,123,one,69.417,1.2272,,,,,
USA,124,one,62.65,1.0321,,,,,
USA,125,one,59.553,1.2943,,,,,
USA,126,one,113.39,2.0279,,,,,
USA,127,one,52.508,1.0975,,,,,
USA,128,one,74.119,1.3122,,,,,
USA,129,one,95.389,1.7944,,,,,
USA,130,one,86.121,1.5034,,,,,
USA,131,one,100.88,1.7839,,,,,
USA,132,one,105.09,2.8605,,,,,
USA,133,one,87.401,1.4656,,,,,
USA,134,one,107.69,2.1616,,,,,
USA,135,one,65.06,1.0797,,,,,
USA,136,one,88.63,1.6044,,,,,
USA,137,one,108.12,2.9317,,,,,
USA,138,one,74.977,1.3086,,,,,
USA,139,one,62.122,1.1342,,,,,
USA,140,one,69.104,1.3004,,,,,
USA,141,one,108.64,2.2935,,,,,
USA,142,one,112.72,2.2087,,,,,
USA,143,one,86.37,1.5313,,,,,
USA,144,one,57.932,1.1249,,,,,
USA,145,one,137.69,1.7568,,,,,
USA,146,one,58.243,1.071,,,,,
USA,147,one,69.558,1.3208,,,,,
USA,148,one,100.47,2.9081,,,,,
USA,149,one,66.763,1.2956,,,,,
USA,150,one,102.82,2.2353,,,,,
USA,151,one,98.039,1.9581,,,,,
USA,152,one,112.15,2.2396,,,,,
USA,153,one,104.21,2.254,,,,,
USA,154,one,92.512,1.7174,,,,,
USA,155,one,82.985,1.197,,,,,
USA,156,one,59.781,1.0736,,,,,
USA,157,one,66.654,1.2797,,,,,
USA,158,one,115.69,1.9819,,,,,
USA,159,one,85.072,1.4916,,,,,
USA,160,one,114.58,2.4395,,,,,
USA,161,one,72.002,1.2703,,,,,
USA,162,one,69.883,1.45,,,,,
USA,163,one,113.19,1.8133,,,,,
USA,164,one,96.502,2.1676,,,,,
USA,165,one,112.34,2.026,,,,,
USA,166,one,64.708,1.2141,,,,,
USA,167,one,110.18,2.6402,,,,,
USA,168,one,91.732,1.652,,,,,
USA,169,one,55.427,1.2067,,,,,
USA,170,one,92.38,2.1874,,,,,
USA,171,one,62.278,1.1043,,,,,
USA,172,one,89.383,1.4327,,,,,
USA,173,one,61.36,1.0584,,,,,
USA,174,one,100.97,2.3035,,,,,
USA,175,one,112.2,2.2365,,,,,
USA,176,one,66.827,1.3749,,,,,
USA,177,one,61.709,1.1287,,,,,
USA,178,one,99.133,1.7825,,,,,
USA,179,one,77.134,1.3808,,,,,
USA,180,one,85.66,1.2517,,,,,
USA,181,one,74.528,1.3183,,,,,
USA,182,one,98.673,1.9198,,,,,
USA,183,one,85.508,1.5447,,,,,
USA,184,one,58.953,1.0775,,,,,
USA,185,one,107.13,2.12,,,,,
USA,186,one,61.479,1.5489,,,,,
USA,187,one,116.08,1.6716,,,,,
USA,188,one,107.08,2.7859,,,,,
USA,189,one,70.151,1.199,,,,,
USA,190,one,58.673,1.1838,,,,,
USA,191,one,59.229,1.099,,,,,
USA,192,one,85.043,1.5383,,,,,
USA,193,one,59.943,1.3869,,,,,
USA,194,one,61.713,1.0605,,,,,
USA,195,one,108.35,2.1366,,,,,
USA,196,one,61.698,1.1047,,,,,
USA,197,one,98.152,1.8885,,,,,
USA,198,one,103,2.7586,,,,,
USA,199,one,106.23,2.562,,,,,
USA,200,one,67.379,1.2576,,,,,
USA,201,one,94.038,1.6945,,,,,
USA,202,one,92.549,1.9382,,,,,
USA,203,one,66.081,1.1259,,,,,
USA,204,one,63.293,1.1275,,,,,
USA,205,one,98.825,2.0882,,,,,
USA,206,one,96.498,1.8691,,,,,
USA,207,one,80.921,1.5605,,,,,
USA,208,one,82.734,1.4816,,,,,
USA,209,one,74.073,1.5937,,,,,
USA,210,one,64.186,1.1419,,,,,
USA,211,one,89.779,1.6676,,,,,
USA,212,one,84.563,1.4912,,,,,
USA,213,one,106.88,2.624,,,,,
USA,214,one,65.522,1.1422,,,,,
USA,215,one,95.813,1.8955,,,,,
USA,216,one,102.81,2.219,,,,,
USA,217,one,94.874,1.9948,,,,,
USA,218,one,66.023,1.5095,,,,,
USA,219,one,54.275,1.0405,,,,,
USA,220,one,99.439,2.0626,,,,,
USA,221,one,95.99,1.796,,,,,
USA,222,one,70.498,1.3744,,,,,
USA,223,one,94.864,1.9132,,,,,
USA,224,one,101.43,3.4142,,,,,
USA,225,one,67.476,1.2199,,,,,
USA,226,one,95.512,1.9808,,,,,
USA,227,one,106.36,2.8685,,,,,
USA,228,one,80.988,1.5254,,,,,
USA,229,one,109.25,2.3021,,,,,
USA,230,one,105.86,2.4032,,,,,
USA,231,one,62.106,1.1977,,,,,
USA,232,one,104.43,2.1617,,,,,
USA,233,one,99.814,1.9085,,,,,
USA,234,one,100.84,1.9974,,,,,
USA,235,one,103.34,2.4865,,,,,
USA,236,one,65.954,1.3661,,,,,
USA,237,one,60.89,1.1617,,,,,
USA,238,one,69.223,1.3288,,,,,
USA,239,one,56.927,1.1075,,,,,
USA,240,one,92.237,1.4433,,,,,
USA,241,one,65.437,1.4578,,,,,
USA,242,one,95.139,2.408,,,,,
USA,243,one,89.6,1.6808,,,,,
USA,244,one,60.814,1.1081,,,,,
USA,245,one,105.54,2.7852,,,,,
USA,246,one,107.13,2.6154,,,,,
USA,247,one,111.04,2.31,,,,,
USA,248,one,64.248,1.1621,,,,,
USA,249,one,105.87,2.4999,,,,,
USA,250,one,106.86,2.7123,,,,,
USA,251,one,62.257,1.1448,,,,,
USA,252,one,95.449,1.4462,,,,,
USA,253,one,68.595,1.2379,,,,,
USA,254,one,98.634,1.7963,,,,,
USA,255,one,96.732,1.7213,,,,,
USA,256,one,217.55,3.6983,,,,,
USA,257,one,94.634,1.5694,,,,,
USA,258,one,99.843,1.6385,,,,,
USA,259,one,102.66,1.8293,,,,,
USA,260,one,104.16,3.1088,,,,,
USA,261,one,111.86,2.0045,,,,,
USA,262,one,62.685,1.1182,,,,,
USA,263,one,100.02,2.2112,,,,,
USA,264,one,101.83,2.1273,,,,,
USA,265,one,101.43,2.581,,,,,
USA,266,one,100.03,1.6558,,,,,
USA,267,one,84.158,1.5377,,,,,
USA,268,one,81.123,2.1883,,,,,
USA,269,one,59.715,1.1556,,,,,
USA,270,one,106.52,2.118,,,,,
USA,271,one,105.23,3.0279,,,,,
USA,272,one,112.67,2.4727,,,,,
USA,273,one,110.12,2.7918,,,,,
USA,274,one,62.766,1.1323,,,,,
USA,275,one,91.785,1.4839,,,,,
USA,276,one,96.117,2.4563,,,,,
USA,277,one,84.805,1.5524,,,,,
USA,278,one,55.583,1.0056,,,,,
USA,279,one,66.888,1.3668,,,,,
USA,280,one,97.882,1.9749,,,,,
USA,281,one,99.416,2.1308,,,,,
USA,282,one,102.57,2.2003,,,,,
USA,283,one,95.874,2.0317,,,,,
USA,284,one,95.109,1.493,,,,,
USA,285,one,91.764,1.6841,,,,,
USA,286,one,64.091,1.2648,,,,,
USA,287,one,102.91,1.5352,,,,,
USA,288,one,100.66,1.6287,,,,,
USA,289,one,104.16,2.1099,,,,,
USA,290,one,102.82,2.4314,,,,,
USA,291,one,115.34,1.674,,,,,
USA,292,one,104.99,2.3785,,,,,
USA,293,one,109.53,2.3742,,,,,
USA,294,one,97.847,1.5761,,,,,
USA,295,one,85.911,2.1858,,,,,
USA,296,one,108.92,2.5831,,,,,
USA,297,one,216.13,3.3942,,,,,
USA,298,one,68.463,1.1659,,,,,
USA,299,one,95.546,2.3605,,,,,
USA,300,one,94.184,1.8122,,,,,
USA,301,one,104.35,2.9552,,,,,
USA,302,one,106.01,2.7827,,,,,
USA,303,one,95.013,1.6054,,,,,
USA,304,one,61.583,1.2637,,,,,
USA,305,one,107.36,2.5146,,,,,
USA,306,one,103.96,2.609,,,,,
USA,307,one,92.101,1.7287,,,,,
USA,308,one,107.2,2.7561,,,,,
USA,309,one,96.161,1.969,,,,,
USA,310,one,60.389,1.1011,,,,,
USA,311,one,102.04,1.3346,,,,,
USA,312,one,109.28,2.6791,,,,,
USA,313,one,100.17,2,,,,,
USA,314,one,56.088,1.0091,,,,,
USA,315,one,97.062,1.6967,,,,,
USA,316,one,115.35,2.2229,,,,,
USA,317,one,89.985,1.6421,,,,,
USA,318,one,67.636,1.132,,,,,
USA,319,one,102.46,1.8914,,,,,
USA,320,one,100.78,2.2915,,,,,
USA,321,one,104.05,2.0577,,,,,
USA,322,one,85.875,1.7334,,,,,
USA,323,one,89.175,1.7697,,,,,
USA,324,one,79.483,1.4082,,,,,
USA,325,one,103.71,2.8982,,,,,
USA,326,one,87.857,1.3284,,,,,
USA,327,one,104.49,1.9073,,,,,
USA,328,one,102.86,2.3225,,,,,
USA,329,one,69.343,1.2515,,,,,
USA,330,one,62.456,1.0982,,,,,
USA,331,one,57.926,1.15,,,,,
USA,332,one,66.29,1.1851,,,,,
USA,333,one,95.896,2.948,,,,,
USA,334,one,52.147,1.1656,,,,,
USA,335,one,82.404,1.4593,,,,,
USA,336,one,78.227,1.4285,,,,,
USA,337,one,75.108,1.3755,,,,,
USA,338,one,65.677,1.1471,,,,,
USA,339,one,77.537,1.3691,,,,,
USA,340,one,66.616,1.1857,,,,,
USA,341,one,102.93,2.3679,,,,,
USA,342,one,77.699,1.4187,,,,,
USA,343,one,65.028,1.189,,,,,
USA,344,one,82.171,1.4095,,,,,
USA,345,one,66.137,1.2895,,,,,
USA,346,one,89.986,1.5351,,,,,
USA,347,one,101.64,2.1665,,,,,
USA,348,one,97.935,2.4462,,,,,
USA,349,one,64.247,1.2268,,,,,
USA,350,one,122.3,1.549,,,,,
USA,351,one,100.3,2.2399,,,,,
USA,352,one,65.958,1.2447,,,,,
USA,353,one,104.29,2.605,,,,,
USA,354,one,91.467,1.5885,,,,,
USA,355,one,70.14,1.4873,,,,,
USA,356,one,83.144,1.4041,,,,,
USA,357,one,64.429,1.4942,,,,,
USA,358,one,107.63,2.8558,,,,,
USA,359,one,100.95,2.0519,,,,,
USA,360,one,63.613,1.0451,,,,,
USA,361,one,67.377,1.1733,,,,,
USA,362,one,94.076,1.7653,,,,,
USA,363,one,106.46,2.7185,,,,,
USA,364,one,67.069,1.1485,,,,,
USA,365,one,96.071,2.3767,,,,,
USA,366,one,102.45,3.1106,,,,,
USA,367,one,94.658,2.1988,,,,,
USA,368,one,101.62,2.0521,,,,,
USA,369,one,53.08,1.1972,,,,,
USA,370,one,63.121,1.2029,,,,,
USA,371,one,89.604,1.6416,,,,,
USA,372,one,95.649,2.0082,,,,,
USA,373,one,88.574,1.5618,,,,,
USA,374,one,98.128,3.218,,,,,
USA,375,one,60.166,1.3312,,,,,
USA,376,one,108.36,2.9468,,,,,
USA,377,one,102.56,2.0276,,,,,
USA,378,one,108.41,3.0213,,,,,
USA,379,one,63.413,1.2906,,,,,
USA,380,one,58.955,1.1696,,,,,
USA,381,one,97.818,1.6778,,,,,
USA,382,one,64.109,1.4235,,,,,
USA,383,one,102.72,3.0251,,,,,
USA,384,one,99.878,1.8287,,,,,
USA,385,one,65.897,1.1219,,,,,
USA,386,one,104.25,2.7655,,,,,
USA,387,one,94.917,1.8548,,,,,
USA,388,one,90.384,1.3618,,,,,
USA,389,one,104.75,2.618,,,,,
USA,390,one,98.155,1.7869,,,,,
USA,391,one,62.793,1.2701,,,,,
USA,392,one,94.298,1.9641,,,,,
USA,393,one,71.638,1.3743,,,,,
USA,394,one,99.038,1.6532,,,,,
USA,395,one,98.968,1.9573,,,,,
USA,396,one,103.44,3.1494,,,,,
USA,397,one,107.24,2.879,,,,,
USA,398,one,104.62,2.9391,,,,,
USA,399,one,122.55,1.9017,,,,,
USA,400,one,107.93,2.2268,,,,,
USA,401,one,64.256,1.2606,,,,,
USA,402,one,68.193,1.5157,,,,,
USA,403,one,72.27,1.2329,,,,,
USA,404,one,97.63,1.8136,,,,,
USA,405,one,114.15,1.9991,,,,,
USA,406,one,91.861,1.951,,,,,
USA,407,one,96.518,2.2839,,,,,
USA,408,one,75.078,1.2887,,,,,
USA,409,one,113.27,1.8953,,,,,
USA,410,one,97.891,1.8239,,,,,
USA,411,one,65.103,1.1984,,,,,
USA,412,one,107.71,2.5354,,,,,
USA,413,one,88.388,2.3071,,,,,
USA,414,one,73.375,1.3327,,,,,
USA,415,one,105,2.7073,,,,,
USA,416,one,73.924,1.2377,,,,,
USA,417,one,106.38,2.3748,,,,,
USA,418,one,101.89,1.57,,,,,
USA,419,one,100.09,1.9165,,,,,
USA,420,one,72.336,1.2088,,,,,
USA,421,one,55.22,1.404,,,,,
USA,422,one,108.17,2.0351,,,,,
USA,423,one,125.04,2.0857,,,,,
USA,424,one,71.485,1.2082,,,,,
USA,425,one,101.73,2.2769,,,,,
USA,426,one,88.56,1.6479,,,,,
USA,427,one,94.221,1.8662,,,,,
USA,428,one,61.137,1.2265,,,,,
USA,429,one,106.3,2.659,,,,,
USA,430,one,85.578,1.6241,,,,,
USA,431,one,85.373,1.5137,,,,,
USA,432,one,86.788,1.4811,,,,,
USA,433,one,62.304,1.1083,,,,,
USA,434,one,74.425,1.3025,,,,,
USA,435,one,110.07,2.5286,,,,,
USA,436,one,110.06,2.487,,,,,
USA,437,one,100.55,1.9134,,,,,
USA,438,one,92.642,2.4046,,,,,
USA,439,one,102.01,2.5946,,,,,
USA,440,one,95.368,1.9519,,,,,
USA,441,one,151.97,2.4578,,,,,
USA,442,one,101.6,2.9907,,,,,
USA,443,one,69.739,1.2689,,,,,
USA,444,one,99.098,3.2768,,,,,
USA,445,one,105.8,2.5116,,,,,
USA,446,one,103.6,2.0075,,,,,
USA,447,one,109.26,2.638,,,,,
USA,448,one,74.311,1.4335,,,,,
USA,449,one,103.69,2.7096,,,,,
USA,450,one,103.11,2.1458,,,,,
USA,451,one,66.642,1.1645,,,,,
USA,452,one,101.07,1.674,,,,,
USA,453,one,54.5,1.2876,,,,,
USA,454,one,57.857,1.182,,,,,
USA,455,one,101.35,2.8139,,,,,
USA,456,one,99.226,2.4283,,,,,
USA,457,one,94.523,1.8875,,,,,
USA,458,one,118.4,2.1247,,,,,
USA,459,one,65.581,1.1519,,,,,
USA,460,one,67.701,1.4822,,,,,
USA,461,one,101.94,2.426,,,,,
USA,462,one,81.272,1.4056,,,,,
USA,463,one,104.22,2.2471,,,,,
USA,464,one,90.174,1.6374,,,,,
USA,465,one,94.214,1.6081,,,,,
USA,466,one,60.562,1.2666,,,,,
USA,467,one,104.22,2.7694,,,,,
USA,468,one,106.82,3.0666,,,,,
USA,469,one,61.35,1.0633,,,,,
USA,470,one,66.834,1.1926,,,,,
USA,471,one,80.842,2.0814,,,,,
USA,472,one,70.751,1.3037,,,,,
USA,473,one,79.943,1.5983,,,,,
USA,474,one,103.1,2.7875,,,,,
USA,475,one,102.45,2.222,,,,,
USA,476,one,90.311,1.4901,,,,,
USA,477,one,67.361,1.3301,,,,,
USA,478,one,108.2,2.5467,,,,,
USA,479,one,104.95,2.2305,,,,,
USA,480,one,113.86,2.1526,,,,,
USA,481,one,112.42,2.0223,,,,,
USA,482,one,103.28,3.1437,,,,,
USA,483,one,111.24,2.3789,,,,,
USA,484,one,59.186,1.0441,,,,,
USA,485,one,66.433,1.3646,,,,,
USA,486,one,100.47,2.6353,,,,,
USA,487,one,97.998,2.2474,,,,,
USA,488,one,55.565,1.0599,,,,,
USA,489,one,103.66,2.5366,,,,,
USA,490,one,57.565,1.0514,,,,,
USA,491,one,87.368,1.3889,,,,,
USA,492,one,85.415,1.5183,,,,,
USA,493,one,59.771,1.0959,,,,,
USA,494,one,60.624,1.1256,,,,,
USA,495,one,88.541,1.5992,,,,,
USA,496,one,109.83,2.3487,,,,,
USA,497,one,106.55,2.5033,,,,,
USA,498,one,106.84,2.9075,,,,,
USA,499,one,96.692,2.0049,,,,,
USA,500,one,63.12,1.1344,,,,,
USA,501,one,102.21,1.9196,,,,,
USA,502,one,105.29,2.5218,,,,,
USA,503,one,117.15,1.7367,,,,,
USA,504,one,95.021,1.9316,,,,,
USA,505,one,63.538,1.3088,,,,,
USA,506,one,83.554,1.1798,,,,,
USA,507,one,101.41,2.8189,,,,,
USA,508,one,102.53,2.1903,,,,,
USA,509,one,76.292,1.4299,,,,,
USA,510,one,110.35,2.0132,,,,,
USA,511,one,61.809,1.1038,,,,,
USA,512,one,55.747,1.0635,,,,,
USA,513,one,63.612,1.0865,,,,,
USA,514,one,80.197,1.384,,,,,
USA,515,one,98.076,2.4737,,,,,
USA,516,one,99.012,2.052,,,,,
USA,517,one,102.49,2.1511,,,,,
USA,518,one,103.79,2.9382,,,,,
USA,519,one,109.56,2.5283,,,,,
USA,520,one,110.31,2.2316,,,,,
USA,521,one,65.657,1.2981,,,,,
USA,522,one,104.22,2.2386,,,,,
USA,523,one,77.871,1.8422,,,,,
USA,524,one,65.58,1.2496,,,,,
USA,525,one,101.51,2.3383,,,,,
USA,526,one,96.682,1.8743,,,,,
USA,527,one,69.744,1.51,,,,,
USA,528,one,99.063,2.041,,,,,
USA,529,one,85.395,1.3429,,,,,
USA,530,one,81.634,1.9245,,,,,
USA,531,one,103.81,2.2954,,,,,
USA,532,one,79.186,1.3994,,,,,
USA,533,one,105.72,2.5748,,,,,
USA,534,one,100.89,2.2762,,,,,
USA,535,one,60.701,1.4173,,,,,
USA,536,one,115.27,1.8856,,,,,
USA,537,one,91.715,2.25,,,,,
USA,538,one,88.367,1.408,,,,,
USA,539,one,92.711,1.5773,,,,,
USA,540,one,81.565,1.4973,,,,,
USA,541,one,100.17,2.8296,,,,,
USA,542,one,110.81,1.8549,,,,,
USA,543,one,89.179,1.5652,,,,,
USA,544,one,75.661,1.3538,,,,,
USA,545,one,113.9,2.249,,,,,
USA,546,one,52.083,1.1991,,,,,
USA,547,one,100.78,2.1076,,,,,
USA,548,one,81.71,1.4484,,,,,
USA,549,one,73.788,1.4127,,,,,
USA,550,one,89.676,1.6293,,,,,
USA,551,one,85.623,1.548,,,,,
USA,552,one,70.721,1.2286,,,,,
USA,553,one,68.3,1.5844,,,,,
USA,554,one,67.213,1.3087,,,,,
USA,555,one,90.125,1.6783,,,,,
USA,556,one,64.3,1.124,,,,,
USA,557,one,100.84,1.9543,,,,,
USA,558,one,59.874,1.1092,,,,,
USA,559,one,61.286,1.1014,,,,,
USA,560,one,107.13,2.1038,,,,,
USA,561,one,111.21,2.0694,,,,,
USA,562,one,102.4,2.0109,,,,,
USA,563,one,73.917,1.217,,,,,
USA,564,one,90.476,1.4808,,,,,
USA,565,one,108.51,2.7012,,,,,
USA,566,one,63.336,1.3722,,,,,
USA,567,one,109.65,1.8329,,,,,
USA,568,one,85.929,1.6699,,,,,
USA,569,one,114.54,2.157,,,,,
USA,570,one,64.968,1.1223,,,,,
USA,571,one,80.584,1.4339,,,,,
USA,572,one,97.989,1.962,,,,,
USA,573,one,59.425,1.0856,,,,,
USA,574,one,96.787,3.1657,,,,,
USA,575,one,79.354,1.409,,,,,
USA,576,one,113.31,2.7292,,,,,
USA,577,one,102.86,2.7128,,,,,
USA,578,one,99.321,2.4281,,,,,
USA,579,one,98.333,1.8033,,,,,
USA,580,one,80.828,1.4347,,,,,
USA,581,one,63.837,1.132,,,,,
USA,582,one,91.117,1.6633,,,,,
USA,583,one,58.83,1.1868,,,,,
USA,584,one,66.182,1.14,,,,,
USA,585,one,98.974,2.0888,,,,,
USA,586,one,122.61,1.7052,,,,,
USA,587,one,59.922,1.2344,,,,,
USA,588,one,96.002,1.7268,,,,,
USA,589,one,96.132,1.7703,,,,,
USA,590,one,111.13,2.1018,,,,,
USA,591,one,58.627,1.0943,,,,,
USA,592,one,63.259,1.1503,,,,,
USA,593,one,92.284,1.5847,,,,,
USA,594,one,106.09,2.5939,,,,,
USA,595,one,96.868,1.8898,,,,,
USA,596,one,112.21,2.0319,,,,,
USA,597,one,90.204,1.6824,,,,,
USA,598,one,85.19,1.4639,,,,,
USA,599,one,91.916,1.7446,,,,,
USA,600,one,108.49,2.7733,,,,,
USA,601,one,103.1,2.0741,,,,,
USA,602,one,104.4,2.4224,,,,,
USA,603,one,77.501,1.3965,,,,,
USA,604,one,108.48,2.8609,,,,,
USA,605,one,76.919,1.4509,,,,,
USA,606,one,77.844,1.3677,,,,,
USA,607,one,59.254,1.1051,,,,,
USA,608,one,104.3,2.5594,,,,,
USA,609,one,120.59,1.3976,,,,,
USA,610,one,55.914,1.0828,,,,,
USA,611,one,97.292,1.9513,,,,,
USA,612,one,102.8,1.4899,,,,,
USA,613,one,101.71,2.1904,,,,,
USA,614,one,89.748,1.9021,,,,,
USA,615,one,104.79,2.2885,,,,,
USA,616,one,96.412,2.8907,,,,,
USA,617,one,85.113,1.5001,,,,,
USA,618,one,101.37,3.1825,,,,,
USA,619,one,100.48,1.7185,,,,,
USA,620,one,91.766,2.0231,,,,,
USA,621,one,119.77,1.6058,,,,,
USA,622,one,88.552,1.9578,,,,,
USA,623,one,57.784,1.0443,,,,,
USA,624,one,100.61,1.9803,,,,,
USA,625,one,104.13,2.9314,,,,,
USA,626,one,110.83,1.7445,,,,,
USA,627,one,113.59,2.0315,,,,,
USA,628,one,109.54,2.4916,,,,,
USA,629,one,64.172,1.2407,,,,,
USA,630,one,91.529,1.6637,,,,,
USA,631,one,107.49,2.5358,,,,,
USA,632,one,64.441,1.3614,,,,,
USA,633,one,100.94,2.1807,,,,,
USA,634,one,7.9931,0.82751,,,,,
USA,635,one,98.833,1.8064,,,,,
USA,636,one,111.23,2.0892,,,,,
USA,637,one,106.28,2.367,,,,,
USA,638,one,68.165,1.1968,,,,,
USA,639,one,94.915,2.0419,,,,,
USA,640,one,98.558,1.9883,,,,,
USA,641,one,88.807,1.3902,,,,,
USA,642,one,56.462,1.2024,,,,,
USA,643,one,61.259,1.0849,,,,,
USA,644,one,63.77,1.1476,,,,,
USA,645,one,106.28,1.8325,,,,,
USA,646,one,63.527,1.4697,,,,,
USA,647,one,95.734,1.796,,,,,
USA,648,one,81.213,1.4182,,,,,
USA,649,one,98.038,1.5531,,,,,
USA,650,one,86.262,1.7422,,,,,
USA,651,one,107.07,2.2235,,,,,
USA,652,one,107.3,2.9612,,,,,
USA,653,one,115.35,1.399,,,,,
USA,654,one,58.313,1.2601,,,,,
USA,655,one,83.718,1.4751,,,,,
USA,656,one,99.934,2.0363,,,,,
USA,657,one,103.42,2.142,,,,,
USA,658,one,109.58,2.4916,,,,,
USA,659,one,106.16,2.3325,,,,,
USA,660,one,83.643,1.4921,,,,,
USA,661,one,156.23,2.4431,,,,,
USA,662,one,85.569,1.552,,,,,
USA,663,one,70.373,1.0741,,,,,
USA,664,one,66.956,1.4034,,,,,
USA,665,one,107.78,1.703,,,,,
USA,666,one,100.09,1.8808,,,,,
USA,667,one,97.989,2.6632,,,,,
USA,668,one,93.749,2.0226,,,,,
USA,669,one,104.83,2.4596,,,,,
USA,670,one,110.73,1.9277,,,,,
USA,671,one,98.774,2.1149,,,,,
USA,672,one,105.11,2.7708,,,,,
USA,673,one,93.487,1.6285,,,,,
USA,674,one,71.812,1.3034,,,,,
USA,675,one,67.193,1.2228,,,,,
USA,676,one,79.106,1.9925,,,,,
USA,677,one,103.89,2.4622,,,,,
USA,678,one,93.315,1.7753,,,,,
USA,679,one,103.23,2.3919,,,,,
USA,680,one,109.74,2.0782,,,,,
USA,681,one,62.602,1.3147,,,,,
USA,682,one,106.8,2.021,,,,,
USA,683,one,101.28,1.9824,,,,,
USA,684,one,102.82,2.2796,,,,,
USA,685,one,58.789,1.0849,,,,,
USA,686,one,100.8,2.1177,,,,,
USA,687,one,102.99,1.8972,,,,,
USA,688,one,64.69,1.1151,,,,,
USA,689,one,100.34,2.6188,,,,,
USA,690,one,101.09,2.6412,,,,,
USA,691,one,65.393,1.2364,,,,,
USA,692,one,100.08,1.978,,,,,
USA,693,one,92.838,1.7115,,,,,
USA,694,one,67.455,1.313,,,,,
USA,695,one,92.257,1.4581,,,,,
USA,696,one,97.389,2.1505,,,,,
USA,697,one,91.164,1.8385,,,,,
USA,698,one,82.786,1.4603,,,,,
USA,699,one,114.41,1.6581,,,,,
USA,700,one,101.29,2.0527,,,,,
USA,701,one,78.423,1.3662,,,,,
USA,702,one,106.54,2.8569,,,,,
USA,703,one,94.312,1.846,,,,,
USA,704,one,101,2.4027,,,,,
USA,705,one,90.104,1.7145,,,,,
USA,706,one,56.61,1.0901,,,,,
USA,707,one,111.18,1.9991,,,,,
USA,708,one,84.904,1.5671,,,,,
USA,709,one,76.531,1.4,,,,,
USA,710,one,61.428,1.1073,,,,,
USA,711,one,58.831,1.0429,,,,,
USA,712,one,106.44,2.1755,,,,,
USA,713,one,106.86,2.5877,,,,,
USA,714,one,104.34,2.9766,,,,,
USA,715,one,68.849,1.2104,,,,,
USA,716,one,66.542,1.2435,,,,,
USA,717,one,99.277,2.2939,,,,,
USA,718,one,103.82,2.7835,,,,,
USA,719,one,96.642,2.044,,,,,
USA,720,one,100.62,2.0708,,,,,
USA,721,one,113.38,1.6505,,,,,
USA,722,one,100.95,2.0769,,,,,
USA,723,one,112,1.5901,,,,,
USA,724,one,101.95,1.6687,,,,,
USA,725,one,108.57,2.2048,,,,,
USA,726,one,89.513,1.7234,,,,,
USA,727,one,92.056,1.8618,,,,,
USA,728,one,98.874,2.2058,,,,,
USA,729,one,105.03,3.0336,,,,,
USA,730,one,101.82,2.3157,,,,,
USA,731,one,98.286,1.7787,,,,,
USA,732,one,99.684,1.9838,,,,,
USA,733,one,111.15,1.8485,,,,,
USA,734,one,60.631,1.4334,,,,,
USA,735,one,108.95,2.9756,,,,,
USA,736,one,94.879,1.8106,,,,,
USA,737,one,95.563,1.7964,,,,,
USA,738,one,64.025,1.2136,,,,,
USA,739,one,86.94,1.5027,,,,,
USA,740,one,104,2.7179,,,,,
USA,741,one,64.562,1.0655,,,,,
USA,742,one,70.069,1.3728,,,,,
USA,743,one,62.573,1.4958,,,,,
USA,744,one,89.048,1.7113,,,,,
USA,745,one,112.31,2.2239,,,,,
USA,746,one,57.659,1.2256,,,,,
USA,747,one,105.2,2.7363,,,,,
USA,748,one,75.746,1.1734,,,,,
USA,749,one,101.64,2.0728,,,,,
USA,750,one,81.847,1.3618,,,,,
USA,751,one,66.256,1.3172,,,,,
USA,752,one,96.762,1.7039,,,,,
USA,753,one,113.99,1.957,,,,,
USA,754,one,98.084,2.5557,,,,,
USA,755,one,109.52,1.9071,,,,,
USA,756,one,95.953,1.4771,,,,,
USA,757,one,102.82,2.2455,,,,,
USA,758,one,62.27,1.1444,,,,,
USA,759,one,104.07,1.8342,,,,,
USA,760,one,112.89,2.5433,,,,,
USA,761,one,100.54,2.4086,,,,,
USA,762,one,100.21,1.9982,,,,,
USA,763,one,84.051,1.542,,,,,
USA,764,one,112.28,2.5388,,,,,
USA,765,one,97.099,1.9586,,,,,
USA,766,one,63.913,1.1099,,,,,
USA,767,one,101.93,2.3075,,,,,
USA,768,one,63.043,1.1886,,,,,
USA,769,one,103.33,3.2365,,,,,
USA,770,one,113.74,1.5564,,,,,
USA,771,one,93.616,1.8142,,,,,
USA,772,one,67.924,1.5004,,,,,
USA,773,one,68.901,1.1332,,,,,
USA,774,one,87.285,1.5406,,,,,
USA,775,one,80.309,1.7594,,,,,
USA,776,one,81.066,1.4505,,,,,
USA,777,one,116.22,1.5615,,,,,
USA,778,one,105.44,1.8076,,,,,
USA,779,one,105.39,2.9752,,,,,
USA,780,one,90.162,1.646,,,,,
USA,781,one,93.071,1.5253,,,,,
USA,782,one,100.86,2.2797,,,,,
USA,783,one,72.293,1.527,,,,,
USA,784,one,59.969,1.1474,,,,,
USA,785,one,99.835,2.9423,,,,,
USA,786,one,61.068,0.98552,,,,,
USA,787,one,107.67,2.3394,,,,,
USA,788,one,68.407,1.191,,,,,
USA,789,one,103.48,2.4334,,,,,
USA,790,one,63.252,1.2985,,,,,
USA,791,one,83.774,1.5254,,,,,
USA,792,one,98.345,1.6264,,,,,
USA,793,one,96.956,1.9019,,,,,
USA,794,one,60.022,1.103,,,,,
USA,795,one,106.13,2.6285,,,,,
USA,796,one,84.889,1.5099,,,,,
USA,797,one,98.662,1.7598,,,,,
USA,798,one,102.06,1.7738,,,,,
USA,799,one,91.513,1.5818,,,,,
USA,800,one,112.07,2.3461,,,,,
USA,801,one,83.217,1.6265,,,,,
USA,802,one,109.98,2.2499,,,,,
USA,803,one,60.149,1.1018,,,,,
USA,804,one,59.581,1.0894,,,,,
USA,805,one,101.47,2.0801,,,,,
USA,806,one,96.965,1.9051,,,,,
USA,807,one,64.605,1.2518,,,,,
USA,808,one,60.941,1.3916,,,,,
USA,809,one,105.77,1.6194,,,,,
USA,810,one,92.593,1.9997,,,,,
USA,811,one,109.2,2.3209,,,,,
USA,812,one,99.348,1.8339,,,,,
USA,813,one,128.21,2.2235,,,,,
USA,814,one,110.68,2.215,,,,,
USA,815,one,106.34,2.9095,,,,,
USA,816,one,92.281,1.6932,,,,,
USA,817,one,77.49,1.3939,,,,,
USA,818,one,101.2,2.0356,,,,,
USA,819,one,54.198,1.0747,,,,,
USA,820,one,69.395,1.363,,,,,
USA,821,one,94.705,1.3688,,,,,
USA,822,one,78.245,1.4155,,,,,
USA,823,one,101.44,2.1714,,,,,
USA,824,one,62.104,1.1117,,,,,
USA,825,one,88.85,1.564,,,,,
USA,826,one,92.265,1.6695,,,,,
USA,827,one,108.3,2.3605,,,,,
USA,828,one,115.13,2.1225,,,,,
USA,829,one,106.89,2.4636,,,,,
USA,830,one,84.353,1.4678,,,,,
USA,831,one,72.326,1.773,,,,,
USA,832,one,95.515,1.8353,,,,,
USA,833,one,102.14,2.096,,,,,
USA,834,one,107.52,2.9445,,,,,
USA,835,one,76.214,1.7582,,,,,
USA,836,one,100.1,3.4381,,,,,
USA,837,one,58.146,1.1863,,,,,
USA,838,one,91.136,1.9539,,,,,
USA,839,one,94.956,1.391,,,,,
USA,840,one,106.27,2.1419,,,,,
USA,841,one,94.636,1.8782,,,,,
USA,842,one,105.4,2.8013,,,,,
USA,843,one,107.19,2.1812,,,,,
USA,844,one,66.875,1.4695,,,,,
USA,845,one,81.314,1.4127,,,,,
USA,846,one,100.25,1.6426,,,,,
USA,847,one,98.521,1.6648,,,,,
USA,848,one,99.262,1.9836,,,,,
USA,849,one,90.224,1.4678,,,,,
USA,850,one,102.85,2.5856,,,,,
USA,851,one,61.491,1.1082,,,,,
USA,852,one,93.666,1.7139,,,,,
USA,853,one,109.48,2.5126,,,,,
USA,854,one,67.327,1.1599,,,,,
USA,855,one,99.682,1.5493,,,,,
USA,856,one,70.971,1.3686,,,,,
USA,857,one,99.933,2.1763,,,,,
USA,858,one,107.27,2.775,,,,,
USA,859,one,90.371,1.505,,,,,
USA,860,one,77.181,1.3693,,,,,
USA,861,one,79.159,1.4327,,,,,
USA,862,one,67.282,1.1929,,,,,
USA,863,one,71.393,1.2938,,,,,
USA,864,one,100.34,2.0507,,,,,
USA,865,one,106.15,2.7785,,,,,
USA,866,one,101.4,2.1512,,,,,
USA,867,one,61.25,0.966,,,,,
USA,868,one,141.65,2.2474,,,,,
USA,869,one,70.374,1.1715,,,,,
USA,870,one,61.098,1.3346,,,,,
USA,871,one,93.214,2.6588,,,,,
USA,872,one,92.854,2.1767,,,,,
USA,873,one,102.12,2.8823,,,,,
USA,874,one,94.908,1.909,,,,,
USA,875,one,105.92,2.8122,,,,,
USA,876,one,73.759,1.3193,,,,,
USA,877,one,104.11,2.3279,,,,,
USA,878,one,94.586,1.4828,,,,,
USA,879,one,92.979,2.433,,,,,
USA,880,one,91.592,1.6146,,,,,
USA,881,one,60.72,1.2367,,,,,
USA,882,one,95.593,1.9007,,,,,
USA,883,one,97.124,1.7963,,,,,
USA,884,one,59.331,1.1315,,,,,
USA,885,one,102.35,2.2619,,,,,
USA,886,one,90.806,1.6217,,,,,
USA,887,one,71.28,1.2953,,,,,
USA,888,one,97.711,1.9657,,,,,
USA,889,one,103.5,2.8286,,,,,
USA,890,one,66.028,1.4511,,,,,
USA,891,one,104.05,2.9656,,,,,
USA,892,one,100.33,2.1821,,,,,
USA,893,one,64.431,1.3186,,,,,
USA,894,one,109.32,2.1815,,,,,
USA,895,one,99.16,2.4592,,,,,
USA,896,one,108.54,2.4183,,,,,
USA,897,one,109.01,2.4111,,,,,
USA,898,one,100.54,3.3036,,,,,
USA,899,one,56.591,1.1896,,,,,
USA,900,one,100.52,1.6133,,,,,
USA,901,one,57.264,1.0902,,,,,
USA,902,one,97.498,2.06,,,,,
USA,903,one,111.93,1.7908,,,,,
USA,904,one,63.3,1.1895,,,,,
USA,905,one,98.357,2.0126,,,,,
USA,906,one,98.618,1.6068,,,,,
USA,907,one,101.56,2.2215,,,,,
USA,908,one,87.49,1.4135,,,,,
USA,909,one,91.59,1.7702,,,,,
USA,910,one,94.526,2.0378,,,,,
USA,911,one,70.119,1.2895,,,,,
USA,912,one,92.512,2.0285,,,,,
USA,913,one,63.023,1.2883,,,,,
USA,914,one,62.913,1.1181,,,,,
USA,915,one,107.86,2.1108,,,,,
USA,916,one,87.129,1.6404,,,,,
USA,917,one,71.791,1.3349,,,,,
USA,918,one,106.44,2.1424,,,,,
USA,919,one,82.49,1.4708,,,,,
USA,920,one,68.88,1.2813,,,,,
USA,921,one,87.23,1.5842,,,,,
USA,922,one,88.909,1.6378,,,,,
USA,923,one,81.22,1.4602,,,,,
USA,924,one,92.608,1.707,,,,,
USA,925,one,101.81,2.3769,,,,,
USA,926,one,109.96,2.8246,,,,,
USA,927,one,61.917,1.3002,,,,,
USA,928,one,64.118,1.1582,,,,,
USA,929,one,68.01,1.3164,,,,,
USA,930,one,98.842,1.6563,,,,,
USA,931,one,55.969,1.1393,,,,,
USA,932,one,104.52,2.2872,,,,,
USA,933,one,83.309,1.4965,,,,,
USA,934,one,112.25,2.2908,,,,,
USA,935,one,96.493,1.9588,,,,,
USA,936,one,60.514,1.1713,,,,,
USA,937,one,109.94,2.5434,,,,,
USA,938,one,91.328,1.7279,,,,,
USA,939,one,101.82,2.0918,,,,,
USA,940,one,103.53,3.0849,,,,,
USA,941,one,110.4,2.0993,,,,,
USA,942,one,101.84,2.0587,,,,,
USA,943,one,90.749,1.5515,,,,,
USA,944,one,106.41,2.6162,,,,,
USA,945,one,63.387,1.1056,,,,,
USA,946,one,101.47,2.9144,,,,,
USA,947,one,103.74,2.0577,,,,,
USA,948,one,103.56,2.159,,,,,
USA,949,one,90.042,1.6286,,,,,
USA,950,one,97.829,1.6386,,,,,
USA,951,one,86.088,1.2934,,,,,
USA,952,one,72.205,1.5237,,,,,
USA,953,one,102.38,2.2386,,,,,
USA,954,one,61.749,1.2089,,,,,
USA,955,one,115.55,1.8222,,,,,
USA,956,one,95.587,1.7545,,,,,
USA,957,one,60.014,1.1005,,,,,
USA,958,one,101.9,2.9116,,,,,
USA,959,one,67.49,1.2489,,,,,
USA,960,one,58.492,1.3631,,,,,
USA,961,one,114.72,1.7273,,,,,
USA,962,one,115.35,1.9383,,,,,
USA,963,one,114.09,2.209,,,,,
USA,964,one,108.06,1.9565,,,,,
USA,965,one,93.265,2.4689,,,,,
USA,966,one,81.736,1.469,,,,,
USA,967,one,62.409,1.1194,,,,,
USA,968,one,89.217,1.6445,,,,,
USA,969,one,88.898,1.6386,,,,,
USA,970,one,70.203,1.2998,,,,,
USA,971,one,85.742,1.5315,,,,,
USA,972,one,104.62,2.5624,,,,,
USA,973,one,65.341,1.136,,,,,
USA,974,one,104.86,2.558,,,,,
USA,975,one,60.954,1.2797,,,,,
USA,976,one,93.922,1.7902,,,,,
USA,977,one,107.12,2.5793,,,,,
USA,978,one,87.685,1.5616,,,,,
USA,979,one,62.36,1.3377,,,,,
USA,980,one,93.909,1.604,,,,,
USA,981,one,60.398,1.1029,,,,,
USA,982,one,119.3,1.6175,,,,,
USA,983,one,88.051,1.9558,,,,,
USA,984,one,112.94,1.4889,,,,,
USA,985,one,89.386,1.4206,,,,,
USA,986,one,101.87,2.2582,,,,,
USA,987,one,63.237,1.2187,,,,,
USA,988,one,75.072,1.3143,,,,,
USA,989,one,68.23,1.1116,,,,,
USA,990,one,82.783,1.4551,,,,,
USA,991,one,58.192,1.0653,,,,,
USA,992,one,105.42,2.7125,,,,,
USA,993,one,89.259,1.5603,,,,,
USA,994,one,106.06,2.8155,,,,,
USA,995,one,102.24,2.6559,,,,,
USA,996,one,99.638,1.7819,,,,,
USA,997,one,68.201,1.2324,,,,,
USA,998,one,56.024,1.0888,,,,,
USA,999,one,115.3,2.1261,,,,,
USA,1000,one,213.74,3.509,,,,,
