src,study,akey,crop,yieldtype,dose,Nrate,pH,CEC,SOC,clay,feed,HTT,bcC,pH_bc,years,years_kind,field,lat,lon,ck,t,lnRR,v,treat,precip,temp
W16,(Aguilar-Chávez et al. 2012),aguilar-chavez_2012,wheat,Biomass,97.034,150.0,8.9,,29.1,,Wood,,,,1.0,year_index,0.0,19.42,-98.82,,,-0.1427163022015952,,,,
W16,(Aguilar-Chávez et al. 2012),aguilar-chavez_2012,wheat,Grain,48.517,150.0,8.9,,29.1,,Wood,,,,1.0,year_index,0.0,19.42,-98.82,,,-0.11541085151132773,,,,
W16,(Aguilar-Chávez et al. 2012),aguilar-chavez_2012,wheat,Grain,97.034,150.0,8.9,,29.1,,Wood,,,,1.0,year_index,0.0,19.42,-98.82,,,-0.07904320734045285,,,,
W16,(Aguilar-Chávez et al. 2012),aguilar-chavez_2012,wheat,Biomass,145.551,150.0,8.9,,29.1,,Wood,,,,1.0,year_index,0.0,19.42,-98.82,,,-0.06935007813479317,,,,
W16,(Aguilar-Chávez et al. 2012),aguilar-chavez_2012,wheat,Grain,145.551,150.0,8.9,,29.1,,Wood,,,,1.0,year_index,0.0,19.42,-98.82,,,-0.06720874969344999,,,,
W16,(Aguilar-Chávez et al. 2012),aguilar-chavez_2012,wheat,Biomass,48.517,150.0,8.9,,29.1,,Wood,,,,1.0,year_index,0.0,19.42,-98.82,,,-0.029428810690812168,,,,
W16,(Arif et al. 2012),arif_2012,maize,Biomass,30.0,0.0,,,,,,,,,1.0,year_index,1.0,34.0,71.5,,,0.03825871211709027,,,,
W16,(Arif et al. 2012),arif_2012,maize,Biomass,30.0,150.0,,,,,,,,,1.0,year_index,1.0,34.0,71.5,,,0.04783732941416006,,,,
W16,(Arif et al. 2012),arif_2012,maize,Grain,30.0,150.0,,,,,,,,,1.0,year_index,1.0,34.0,71.5,,,0.05354076692802976,,,,
W16,(Arif et al. 2012),arif_2012,maize,Biomass,30.0,,,,,,,,,,1.0,year_index,1.0,34.0,71.5,,,0.08709470685093373,,,,
W16,(Arif et al. 2012),arif_2012,maize,Grain,30.0,0.0,,,,,,,,,1.0,year_index,1.0,34.0,71.5,,,0.15529288440603525,,,,
W16,(Arif et al. 2012),arif_2012,maize,Grain,30.0,,,,,,,,,,1.0,year_index,1.0,34.0,71.5,,,0.28517894223366247,,,,
W16,(Artiola et al. 2012),artiola_2012,lettuce (romaine),Biomass,80.0,,8.15,,,,Wood,,,,1.0,year_index,0.0,32.2,-112.0,,,-0.3856624808119846,,,,
W16,(Artiola et al. 2012),artiola_2012,bermuda grass,Biomass,80.0,,8.15,,,,Wood,,,,1.0,year_index,0.0,32.2,-112.0,,,0.0,,,,
W16,(Artiola et al. 2012),artiola_2012,lettuce (romaine),Biomass,40.0,,8.15,,,,Wood,,,,1.0,year_index,0.0,32.2,-112.0,,,0.13714983814723367,,,,
W16,(Artiola et al. 2012),artiola_2012,bermuda grass,Biomass,40.0,,8.15,,,,Wood,,,,1.0,year_index,0.0,32.2,-112.0,,,0.16466662155523393,,,,
W16,(Artiola et al. 2012),artiola_2012,lettuce (romaine),Biomass,40.0,0.0,8.15,,,,Wood,,,,2.0,year_index,0.0,32.2,-112.0,,,0.4081282255276481,,,,
W16,(Artiola et al. 2012),artiola_2012,lettuce (romaine),Biomass,40.0,,8.15,,,,Wood,,,,3.0,year_index,0.0,32.2,-112.0,,,0.43178241642553783,,,,
W16,(Artiola et al. 2012),artiola_2012,lettuce (romaine),Biomass,80.0,0.0,8.15,,,,Wood,,,,2.0,year_index,0.0,32.2,-112.0,,,0.45234869400701483,,,,
W16,(Artiola et al. 2012),artiola_2012,lettuce (romaine),Biomass,80.0,,8.15,,,,Wood,,,,3.0,year_index,0.0,32.2,-112.0,,,0.8750519838575576,,,,
W16,(Asai et al. 2009),asai_2009,rice,Grain,4.0,50.0,5.4,23.0,10.0,38.0,Wood,,870.0,7.5,1.0,year_index,1.0,19.5,102.0,,,-0.33687231664255274,,,,
W16,(Asai et al. 2009),asai_2009,rice,Grain,16.0,50.0,5.4,23.0,10.0,38.0,Wood,,870.0,7.5,1.0,year_index,1.0,19.5,102.0,,,-0.3106095770954856,,,,
W16,(Asai et al. 2009),asai_2009,rice,Grain,4.0,50.0,5.4,23.0,10.0,38.0,Wood,,870.0,7.5,1.0,year_index,1.0,19.5,102.0,,,-0.26526847761488087,,,,
W16,(Asai et al. 2009),asai_2009,rice,Grain,8.0,0.0,7.7,24.0,28.0,40.0,Wood,,870.0,7.5,1.0,year_index,1.0,19.5,102.0,,,-0.20089294237939007,,,,
W16,(Asai et al. 2009),asai_2009,rice,Grain,4.0,50.0,5.2,14.0,15.0,28.000000000000004,Wood,,870.0,7.5,1.0,year_index,1.0,19.5,102.0,,,-0.11765804346823246,,,,
W16,(Asai et al. 2009),asai_2009,rice,Grain,4.0,50.0,5.2,14.0,15.0,28.000000000000004,Wood,,870.0,7.5,1.0,year_index,1.0,19.5,102.0,,,-0.11093156070728166,,,,
W16,(Asai et al. 2009),asai_2009,rice,Grain,8.0,0.0,6.8,15.0,22.0,30.0,Wood,,870.0,7.5,1.0,year_index,1.0,19.5,102.0,,,-0.11093156070728166,,,,
W16,(Asai et al. 2009),asai_2009,rice,Grain,8.0,0.0,7.1,16.0,14.0,45.0,Wood,,870.0,7.5,1.0,year_index,1.0,19.5,102.0,,,-0.10981486600720657,,,,
W16,(Asai et al. 2009),asai_2009,rice,Grain,8.0,50.0,5.4,23.0,10.0,38.0,Wood,,870.0,7.5,1.0,year_index,1.0,19.5,102.0,,,-0.10536051565782628,,,,
W16,(Asai et al. 2009),asai_2009,rice,Grain,4.0,50.0,5.2,14.0,15.0,28.000000000000004,Wood,,870.0,7.5,1.0,year_index,1.0,19.5,102.0,,,-0.054456185796058855,,,,
W16,(Asai et al. 2009),asai_2009,rice,Grain,16.0,50.0,5.4,23.0,10.0,38.0,Wood,,870.0,7.5,1.0,year_index,1.0,19.5,102.0,,,-0.03666398437159147,,,,
W16,(Asai et al. 2009),asai_2009,rice,Grain,16.0,50.0,5.2,14.0,15.0,28.000000000000004,Wood,,870.0,7.5,1.0,year_index,1.0,19.5,102.0,,,-0.026343975339601977,,,,
W16,(Asai et al. 2009),asai_2009,rice,Grain,16.0,50.0,5.2,14.0,15.0,28.000000000000004,Wood,,870.0,7.5,1.0,year_index,1.0,19.5,102.0,,,-0.019182819416773987,,,,
W16,(Asai et al. 2009),asai_2009,rice,Grain,8.0,50.0,5.2,14.0,15.0,28.000000000000004,Wood,,870.0,7.5,1.0,year_index,1.0,19.5,102.0,,,-0.01816397062767118,,,,
W16,(Asai et al. 2009),asai_2009,rice,Grain,16.0,50.0,5.4,23.0,10.0,38.0,Wood,,870.0,7.5,1.0,year_index,1.0,19.5,102.0,,,0.0,,,,
W16,(Asai et al. 2009),asai_2009,rice,Grain,16.0,50.0,5.2,14.0,15.0,28.000000000000004,Wood,,870.0,7.5,1.0,year_index,1.0,19.5,102.0,,,0.03440142671733232,,,,
W16,(Asai et al. 2009),asai_2009,rice,Grain,8.0,50.0,5.2,14.0,15.0,28.000000000000004,Wood,,870.0,7.5,1.0,year_index,1.0,19.5,102.0,,,0.036331929247390204,,,,
W16,(Asai et al. 2009),asai_2009,rice,Grain,8.0,50.0,5.2,14.0,15.0,28.000000000000004,Wood,,870.0,7.5,1.0,year_index,1.0,19.5,102.0,,,0.051643233151838386,,,,
W16,(Asai et al. 2009),asai_2009,rice,Grain,8.0,0.0,5.6,18.0,30.0,26.0,Wood,,870.0,7.5,1.0,year_index,1.0,19.5,102.0,,,0.05921185963184603,,,,
W16,(Asai et al. 2009),asai_2009,rice,Grain,8.0,0.0,5.4,11.0,13.0,28.000000000000004,Wood,,870.0,7.5,1.0,year_index,1.0,19.5,102.0,,,0.11243542932978817,,,,
W16,(Asai et al. 2009),asai_2009,rice,Grain,8.0,0.0,6.2,9.0,11.0,28.999999999999996,Wood,,870.0,7.5,1.0,year_index,1.0,19.5,102.0,,,0.11778303565638346,,,,
W16,(Asai et al. 2009),asai_2009,rice,Grain,4.0,50.0,5.2,14.0,15.0,28.000000000000004,Wood,,870.0,7.5,1.0,year_index,1.0,19.5,102.0,,,0.12486898204586927,,,,
W16,(Asai et al. 2009),asai_2009,rice,Grain,4.0,50.0,5.4,23.0,18.0,38.0,Wood,,870.0,7.5,1.0,year_index,1.0,19.5,102.0,,,0.1336563848126736,,,,
W16,(Asai et al. 2009),asai_2009,rice,Grain,8.0,50.0,5.4,23.0,10.0,38.0,Wood,,870.0,7.5,1.0,year_index,1.0,19.5,102.0,,,0.1336563848126736,,,,
W16,(Asai et al. 2009),asai_2009,rice,Grain,16.0,50.0,5.4,23.0,10.0,38.0,Wood,,870.0,7.5,1.0,year_index,1.0,19.5,102.0,,,0.1336563848126736,,,,
W16,(Asai et al. 2009),asai_2009,rice,Grain,8.0,50.0,5.4,23.0,10.0,38.0,Wood,,870.0,7.5,1.0,year_index,1.0,19.5,102.0,,,0.16466662155523393,,,,
W16,(Asai et al. 2009),asai_2009,rice,Grain,8.0,0.0,8.3,15.0,12.0,35.0,Wood,,870.0,7.5,1.0,year_index,1.0,19.5,102.0,,,0.20048886074940356,,,,
W16,(Asai et al. 2009),asai_2009,rice,Grain,8.0,50.0,5.2,14.0,15.0,28.000000000000004,Wood,,870.0,7.5,1.0,year_index,1.0,19.5,102.0,,,0.20945022418220732,,,,
W16,(Asai et al. 2009),asai_2009,rice,Grain,16.0,50.0,5.2,14.0,15.0,28.000000000000004,Wood,,870.0,7.5,1.0,year_index,1.0,19.5,102.0,,,0.23665190133900194,,,,
W16,(Asai et al. 2009),asai_2009,rice,Grain,8.0,0.0,8.3,15.0,12.0,37.0,Wood,,870.0,7.5,1.0,year_index,1.0,19.5,102.0,,,0.28743204119657156,,,,
W16,(Asai et al. 2009),asai_2009,rice,Grain,8.0,50.0,8.3,15.0,12.0,35.0,Wood,,870.0,7.5,1.0,year_index,1.0,19.5,102.0,,,0.3184537311185346,,,,
W16,(Asai et al. 2009),asai_2009,rice,Grain,8.0,50.0,5.4,23.0,10.0,38.0,Wood,,870.0,7.5,1.0,year_index,1.0,19.5,102.0,,,0.3569748989477304,,,,
W16,(Asai et al. 2009),asai_2009,rice,Grain,8.0,50.0,8.3,15.0,12.0,35.0,Wood,,870.0,7.5,1.0,year_index,1.0,19.5,102.0,,,0.36741704047063445,,,,
W16,(Asai et al. 2009),asai_2009,rice,Grain,8.0,50.0,8.3,15.0,12.0,35.0,Wood,,870.0,7.5,1.0,year_index,1.0,19.5,102.0,,,0.511025603768657,,,,
W16,(Asai et al. 2009),asai_2009,rice,Grain,4.0,50.0,5.4,23.0,10.0,38.0,Wood,,870.0,7.5,1.0,year_index,1.0,19.5,102.0,,,0.7622067164914399,,,,
W16,(Baronti et al. 2008),baronti_2008,ryegrass,Biomass,120.0,,6.7,,,15.0,Wood,500.0,,7.2,1.0,year_index,0.0,,,,,-0.4049652330665133,,,,
W16,(Baronti et al. 2008),baronti_2008,ryegrass,Biomass,120.0,,6.7,,,15.0,Wood,500.0,,7.2,1.0,year_index,0.0,,,,,-0.3133418192323586,,,,
W16,(Baronti et al. 2008),baronti_2008,ryegrass,Biomass,100.0,,6.7,,,15.0,Wood,500.0,,7.2,1.0,year_index,0.0,,,,,-0.2131932204610416,,,,
W16,(Baronti et al. 2008),baronti_2008,ryegrass,Biomass,100.0,,6.7,,,15.0,Wood,500.0,,7.2,1.0,year_index,0.0,,,,,-0.12897038129696006,,,,
W16,(Baronti et al. 2008),baronti_2008,ryegrass,Biomass,10.0,,6.7,,,15.0,Wood,500.0,,7.2,1.0,year_index,0.0,,,,,0.02955880224154443,,,,
W16,(Baronti et al. 2008),baronti_2008,ryegrass,Biomass,10.0,,6.7,,,15.0,Wood,500.0,,7.2,1.0,year_index,0.0,,,,,0.03729578474369693,,,,
W16,(Baronti et al. 2008),baronti_2008,maize,Grain,10.0,413.0,7.1,,,15.0,Wood,500.0,,7.2,1.0,year_index,1.0,,,,,0.051643233151838386,,,,
W16,(Baronti et al. 2008),baronti_2008,wheat,Grain,10.0,114.0,8.0,16.0,,28.999999999999996,Wood,500.0,,7.2,1.0,year_index,1.0,,,,,0.09531017980432493,,,,
W16,(Baronti et al. 2008),baronti_2008,ryegrass,Biomass,30.0,,6.7,,,15.0,Wood,500.0,,7.2,1.0,year_index,0.0,,,,,0.1922718876471227,,,,
W16,(Baronti et al. 2008),baronti_2008,wheat,Biomass,10.0,114.0,8.0,16.0,,28.999999999999996,Wood,500.0,,7.2,1.0,year_index,1.0,,,,,0.2151113796169455,,,,
W16,(Baronti et al. 2008),baronti_2008,maize,Biomass,10.0,413.0,7.1,,,15.0,Wood,500.0,,7.2,1.0,year_index,1.0,,,,,0.22314355131420976,,,,
W16,(Baronti et al. 2008),baronti_2008,ryegrass,Biomass,30.0,,6.7,,,15.0,Wood,500.0,,7.2,1.0,year_index,0.0,,,,,0.32570013963930183,,,,
W16,(Baronti et al. 2008),baronti_2008,ryegrass,Biomass,60.0,,6.7,,,15.0,Wood,500.0,,7.2,1.0,year_index,0.0,,,,,0.7518876755825454,,,,
W16,(Baronti et al. 2008),baronti_2008,ryegrass,Biomass,60.0,,6.7,,,15.0,Wood,500.0,,7.2,1.0,year_index,0.0,,,,,0.8850064418343887,,,,
W16,(Blackwell et al. 2007),blackwell_2007,wheat,Grain,3.0,30.0,,,,,Wood,,,,1.0,year_index,1.0,-28.5,115.97,,,-0.04709160753385057,,,,
W16,(Blackwell et al. 2007),blackwell_2007,wheat,Grain,1.5,55.0,,,,,Wood,,,,1.0,year_index,1.0,-28.5,115.97,,,-0.0030045090202987243,,,,
W16,(Blackwell et al. 2007),blackwell_2007,wheat,Grain,1.5,30.0,,,,,Wood,,,,1.0,year_index,1.0,-28.5,115.97,,,0.004987541511038968,,,,
W16,(Blackwell et al. 2007),blackwell_2007,wheat,Grain,6.0,55.0,,,,,Wood,,,,1.0,year_index,1.0,-28.5,115.97,,,0.008959741371471803,,,,
W16,(Blackwell et al. 2007),blackwell_2007,wheat,Grain,3.0,55.0,,,,,Wood,,,,1.0,year_index,1.0,-28.5,115.97,,,0.05259245011917063,,,,
W16,(Blackwell et al. 2007),blackwell_2007,wheat,Grain,3.0,110.0,,,,,Wood,,,,1.0,year_index,1.0,-30.36,117.12,,,0.05921185963184603,,,,
W16,(Blackwell et al. 2007),blackwell_2007,wheat,Grain,1.5,110.0,,,,,Wood,,,,1.0,year_index,1.0,-30.36,117.12,,,0.06297479916138839,,,,
W16,(Blackwell et al. 2007),blackwell_2007,wheat,Grain,6.0,110.0,,,,,Wood,,,,1.0,year_index,1.0,-30.36,117.12,,,0.0778865386570712,,,,
W16,(Blackwell et al. 2007),blackwell_2007,wheat,Grain,3.0,110.0,,,,,Wood,,,,1.0,year_index,1.0,-30.36,117.12,,,0.08157998699242285,,,,
W16,(Blackwell et al. 2007),blackwell_2007,wheat,Grain,6.0,30.0,,,,,Wood,,,,1.0,year_index,1.0,-28.5,115.97,,,0.20620083058389785,,,,
W16,(Blackwell et al. 2007),blackwell_2007,wheat,Grain,6.0,100.0,,,,,Wood,,,,1.0,year_index,1.0,-28.5,115.97,,,0.398104753701872,,,,
W16,(Blackwell et al. 2007),blackwell_2007,wheat,Grain,3.0,100.0,,,,,Wood,,,,1.0,year_index,1.0,-28.5,115.97,,,0.4021262068426498,,,,
W16,(Blackwell et al. 2007),blackwell_2007,wheat,Grain,1.5,100.0,,,,,Wood,,,,1.0,year_index,1.0,-28.5,115.97,,,0.40879289820083897,,,,
W16,(Blackwell et al. 2010),blackwell_2010,wheat,Grain,1.0,0.0,5.8,,5.6,,Wood,650.0,650.0,,2.0,year_index,1.0,-30.5,115.75,,,-0.13581972314253485,,,,
W16,(Blackwell et al. 2010),blackwell_2010,wheat,Grain,0.2,5.0,5.7,,6.0,,Wood,650.0,460.0,,1.0,year_index,1.0,-28.75,114.88,,,-0.10869941692334091,,,,
W16,(Blackwell et al. 2010),blackwell_2010,wheat,Grain,1.0,0.0,5.8,,5.6,,Wood,650.0,650.0,,2.0,year_index,1.0,-30.5,115.75,,,-0.0998203352822109,,,,
W16,(Blackwell et al. 2010),blackwell_2010,wheat,Grain,0.2,0.0,5.7,,6.0,,Wood,650.0,460.0,,1.0,year_index,1.0,-28.75,114.88,,,-0.09541018480465818,,,,
W16,(Blackwell et al. 2010),blackwell_2010,wheat,Grain,0.2,2.5,5.7,,6.0,,Wood,650.0,460.0,,1.0,year_index,1.0,-28.75,114.88,,,-0.07364654016829848,,,,
W16,(Blackwell et al. 2010),blackwell_2010,wheat,Grain,0.75,5.0,5.7,,6.0,,Wood,650.0,460.0,,1.0,year_index,1.0,-28.75,114.88,,,-0.07257069283483537,,,,
W16,(Blackwell et al. 2010),blackwell_2010,wheat,Grain,10.0,5.0,5.7,,6.0,,Wood,650.0,460.0,,1.0,year_index,1.0,-28.75,114.88,,,-0.057629112836636416,,,,
W16,(Blackwell et al. 2010),blackwell_2010,wheat,Grain,0.75,8.75,6.5,,21.5,,Wood,550.0,675.0,,2.0,year_index,1.0,-34.5,138.75,,,-0.05657035148839435,,,,
W16,(Blackwell et al. 2010),blackwell_2010,wheat,Grain,1.0,0.0,5.8,,5.6,,Wood,650.0,650.0,,2.0,year_index,1.0,-30.5,115.75,,,-0.011060947359424948,,,,
W16,(Blackwell et al. 2010),blackwell_2010,wheat,Grain,3.0,5.0,5.7,,6.0,,Wood,650.0,460.0,,1.0,year_index,1.0,-28.75,114.88,,,0.018821754240587667,,,,
W16,(Blackwell et al. 2010),blackwell_2010,wheat,Grain,1.0,,5.8,,5.6,,Wood,650.0,650.0,,2.0,year_index,1.0,-30.5,115.75,,,0.024692612590371414,,,,
W16,(Blackwell et al. 2010),blackwell_2010,wheat,Grain,1.5,5.0,5.7,,6.0,,Wood,650.0,460.0,,1.0,year_index,1.0,-28.75,114.88,,,0.02761516703297339,,,,
W16,(Blackwell et al. 2010),blackwell_2010,wheat,Grain,1.5,0.0,5.7,,6.0,,Wood,650.0,460.0,,1.0,year_index,1.0,-28.75,114.88,,,0.04401688541677426,,,,
W16,(Blackwell et al. 2010),blackwell_2010,wheat,Grain,0.75,8.75,8.4,,17.2,,Wood,550.0,675.0,,2.0,year_index,1.0,-34.5,138.75,,,0.045928931888399735,,,,
W16,(Blackwell et al. 2010),blackwell_2010,wheat,Grain,3.0,0.0,5.7,,6.0,,Wood,650.0,460.0,,1.0,year_index,1.0,-28.75,114.88,,,0.04974209189481401,,,,
W16,(Blackwell et al. 2010),blackwell_2010,wheat,Grain,6.0,5.0,5.7,,6.0,,Wood,650.0,460.0,,1.0,year_index,1.0,-28.75,114.88,,,0.04974209189481401,,,,
W16,(Blackwell et al. 2010),blackwell_2010,wheat,Grain,10.0,2.5,5.7,,6.0,,Wood,650.0,460.0,,1.0,year_index,1.0,-28.75,114.88,,,0.058268908123975824,,,,
W16,(Blackwell et al. 2010),blackwell_2010,wheat,Grain,0.75,0.0,5.7,,6.0,,Wood,650.0,460.0,,1.0,year_index,1.0,-28.75,114.88,,,0.060153922819747144,,,,
W16,(Blackwell et al. 2010),blackwell_2010,wheat,Grain,0.75,2.5,5.7,,6.0,,Wood,650.0,460.0,,1.0,year_index,1.0,-28.75,114.88,,,0.10345870836822997,,,,
W16,(Blackwell et al. 2010),blackwell_2010,wheat,Grain,1.5,2.5,5.7,,6.0,,Wood,650.0,460.0,,1.0,year_index,1.0,-28.75,114.88,,,0.1319050708799386,,,,
W16,(Blackwell et al. 2010),blackwell_2010,wheat,Grain,1.0,0.0,5.8,,5.6,,Wood,650.0,650.0,,2.0,year_index,1.0,-30.5,115.75,,,0.1380212978973746,,,,
W16,(Blackwell et al. 2010),blackwell_2010,wheat,Grain,10.0,0.0,5.7,,6.0,,Wood,650.0,460.0,,1.0,year_index,1.0,-28.75,114.88,,,0.1380212978973746,,,,
W16,(Blackwell et al. 2010),blackwell_2010,wheat,Grain,1.0,0.0,5.8,,5.6,,Wood,650.0,650.0,,2.0,year_index,1.0,-30.5,115.75,,,0.14583044821153954,,,,
W16,(Blackwell et al. 2010),blackwell_2010,wheat,Grain,3.0,2.5,5.7,,6.0,,Wood,650.0,460.0,,1.0,year_index,1.0,-28.75,114.88,,,0.16041672140590466,,,,
W16,(Blackwell et al. 2010),blackwell_2010,wheat,Grain,6.0,0.0,5.7,,6.0,,Wood,650.0,460.0,,1.0,year_index,1.0,-28.75,114.88,,,0.19556678354397525,,,,
W16,(Blackwell et al. 2010),blackwell_2010,wheat,Grain,6.0,2.5,5.7,,6.0,,Wood,650.0,460.0,,1.0,year_index,1.0,-28.75,114.88,,,0.21026092548319605,,,,
W16,(Blackwell et al. 2010),blackwell_2010,wheat,Grain,1.0,0.0,5.8,,5.6,,Wood,650.0,650.0,,2.0,year_index,1.0,-30.5,115.75,,,0.33504264381161847,,,,
W16,(Chen et al. 2010),chen_2010,sugar cane,Biomass,25.0,240.0,,,,59.0,Nonwood,600.0,,7.3,1.0,year_index,1.0,26.5,127.5,,,0.05732506661926935,,,,
W16,(Chen et al. 2010),chen_2010,sugar cane,Biomass,8.3,240.0,,,,59.0,Manure,600.0,,7.2,1.0,year_index,1.0,26.5,127.5,,,0.1823215567939546,,,,
W16,(Chhay et al. 2012),chhay_2012,water spinach,Biomass,10.0,100.0,5.8,,,,Nonwood,550.0,,9.3,1.0,year_index,,11.5,105.0,,,-0.024292692569044587,,,,
W16,(Chhay et al. 2012),chhay_2012,water spinach,Biomass,20.0,100.0,5.8,,,,Nonwood,550.0,,9.3,1.0,year_index,,11.5,105.0,,,0.1336563848126736,,,,
W16,(Chhay et al. 2012),chhay_2012,chinese cabbage,Biomass,10.0,100.0,5.8,,,,Nonwood,550.0,,9.3,1.0,year_index,,11.5,105.0,,,0.17227122094045313,,,,
W16,(Chhay et al. 2012),chhay_2012,water spinach,Biomass,30.0,100.0,5.8,,,,Nonwood,550.0,,9.3,1.0,year_index,,11.5,105.0,,,0.2515366258154277,,,,
W16,(Chhay et al. 2012),chhay_2012,water spinach,Biomass,40.0,100.0,5.8,,,,Nonwood,550.0,,9.3,1.0,year_index,,11.5,105.0,,,0.28743204119657156,,,,
W16,(Chhay et al. 2012),chhay_2012,chinese cabbage,Biomass,20.0,100.0,5.8,,,,Nonwood,550.0,,9.3,1.0,year_index,,11.5,105.0,,,0.3184537311185346,,,,
W16,(Chhay et al. 2012),chhay_2012,water spinach,Biomass,50.0,100.0,5.8,,,,Nonwood,550.0,,9.3,1.0,year_index,,11.5,105.0,,,0.3228078744271551,,,,
W16,(Chhay et al. 2012),chhay_2012,mustard green,Biomass,10.0,100.0,5.8,,,,Nonwood,550.0,,9.3,1.0,year_index,,11.5,105.0,,,0.371563556432483,,,,
W16,(Chhay et al. 2012),chhay_2012,celery cabbage,Biomass,10.0,100.0,5.8,,,,Nonwood,550.0,,9.3,1.0,year_index,,11.5,105.0,,,0.4054651081081644,,,,
W16,(Chhay et al. 2012),chhay_2012,chinese cabbage,Biomass,30.0,100.0,5.8,,,,Nonwood,550.0,,9.3,1.0,year_index,,11.5,105.0,,,0.44660705143933954,,,,
W16,(Chhay et al. 2012),chhay_2012,mustard green,Biomass,20.0,100.0,5.8,,,,Nonwood,550.0,,9.3,1.0,year_index,,11.5,105.0,,,0.5306282510621704,,,,
W16,(Chhay et al. 2012),chhay_2012,celery cabbage,Biomass,20.0,100.0,5.8,,,,Nonwood,550.0,,9.3,1.0,year_index,,11.5,105.0,,,0.5596157879354227,,,,
W16,(Chhay et al. 2012),chhay_2012,chinese cabbage,Biomass,40.0,100.0,5.8,,,,Nonwood,550.0,,9.3,1.0,year_index,,11.5,105.0,,,0.5596157879354227,,,,
W16,(Chhay et al. 2012),chhay_2012,chinese cabbage,Biomass,50.0,100.0,5.8,,,,Nonwood,550.0,,9.3,1.0,year_index,,11.5,105.0,,,0.6616565134685745,,,,
W16,(Chhay et al. 2012),chhay_2012,celery cabbage,Biomass,40.0,100.0,5.8,,,,Nonwood,550.0,,9.3,1.0,year_index,,11.5,105.0,,,0.6931471805599453,,,,
W16,(Chhay et al. 2012),chhay_2012,mustard green,Biomass,30.0,100.0,5.8,,,,Nonwood,550.0,,9.3,1.0,year_index,,11.5,105.0,,,0.7419373447293773,,,,
W16,(Chhay et al. 2012),chhay_2012,celery cabbage,Biomass,30.0,100.0,5.8,,,,Nonwood,550.0,,9.3,1.0,year_index,,11.5,105.0,,,0.7537718023763802,,,,
W16,(Chhay et al. 2012),chhay_2012,mustard green,Biomass,40.0,100.0,5.8,,,,Nonwood,550.0,,9.3,1.0,year_index,,11.5,105.0,,,0.9162907318741551,,,,
W16,(Chhay et al. 2012),chhay_2012,celery cabbage,Biomass,50.0,100.0,5.8,,,,Nonwood,550.0,,9.3,1.0,year_index,,11.5,105.0,,,1.252762968495368,,,,
W16,(Chhay et al. 2012),chhay_2012,mustard green,Biomass,50.0,100.0,5.8,,,,Nonwood,550.0,,9.3,1.0,year_index,,11.5,105.0,,,1.252762968495368,,,,
W16,(Cornelissen et al. 2013),cornelissen_2013,maize,Grain,4.0,77.0,6.5,3.1,4.0,,Nonwood,400.0,740.0,8.0,1.0,year_index,1.0,-13.5,29.5,,,-0.31608154697347896,,,,
W16,(Cornelissen et al. 2013),cornelissen_2013,maize,Grain,0.8,154.0,7.9,16.6,8.7,,Wood,400.0,640.0,8.4,1.0,year_index,1.0,-15.5,28.5,,,-0.29169009384931976,,,,
W16,(Cornelissen et al. 2013),cornelissen_2013,maize,Grain,4.0,154.0,7.9,16.6,8.7,,Wood,400.0,640.0,8.4,1.0,year_index,1.0,-15.5,28.5,,,-0.2770718933397654,,,,
W16,(Cornelissen et al. 2013),cornelissen_2013,maize,Grain,4.0,154.0,5.9,26.2,11.61,,Nonwood,400.0,740.0,8.0,1.0,year_index,1.0,-15.75,28.25,,,-0.24974423311138874,,,,
W16,(Cornelissen et al. 2013),cornelissen_2013,maize,Grain,4.0,77.0,6.5,3.1,4.0,,Nonwood,400.0,740.0,8.0,2.0,year_index,1.0,-13.5,29.5,,,-0.1960148839259572,,,,
W16,(Cornelissen et al. 2013),cornelissen_2013,maize,Grain,0.8,77.0,6.5,3.1,4.0,,Nonwood,400.0,740.0,8.0,1.0,year_index,1.0,-13.5,29.5,,,-0.13353139262452263,,,,
W16,(Cornelissen et al. 2013),cornelissen_2013,maize,Grain,4.0,154.0,7.9,16.6,8.7,,Nonwood,400.0,740.0,8.0,1.0,year_index,1.0,-15.5,28.5,,,-0.10425002137379911,,,,
W16,(Cornelissen et al. 2013),cornelissen_2013,maize,Grain,0.8,77.0,6.5,3.1,4.0,,Wood,400.0,640.0,8.4,1.0,year_index,1.0,-13.5,29.5,,,-0.06400532997591243,,,,
W16,(Cornelissen et al. 2013),cornelissen_2013,maize,Grain,0.8,154.0,5.9,26.2,11.61,,Wood,400.0,640.0,8.4,1.0,year_index,1.0,-15.75,28.25,,,-0.05975000440577405,,,,
W16,(Cornelissen et al. 2013),cornelissen_2013,maize,Grain,4.0,154.0,5.9,26.2,11.61,,Wood,400.0,640.0,8.4,1.0,year_index,1.0,-15.75,28.25,,,-0.05975000440577405,,,,
W16,(Cornelissen et al. 2013),cornelissen_2013,maize,Grain,0.8,154.0,7.9,16.6,8.7,,Nonwood,400.0,740.0,8.0,1.0,year_index,1.0,-15.5,28.5,,,-0.011060947359424948,,,,
W16,(Cornelissen et al. 2013),cornelissen_2013,maize,Grain,0.8,77.0,6.5,3.1,4.0,,Wood,400.0,640.0,8.4,2.0,year_index,1.0,-13.5,29.5,,,0.0,,,,
W16,(Cornelissen et al. 2013),cornelissen_2013,maize,Grain,0.8,154.0,4.8,9.1,8.0,,Wood,400.0,640.0,8.4,1.0,year_index,1.0,-15.5,28.75,,,0.07417939817425147,,,,
W16,(Cornelissen et al. 2013),cornelissen_2013,maize,Grain,0.8,77.0,6.5,3.1,4.0,,Nonwood,400.0,740.0,8.0,2.0,year_index,1.0,-13.5,29.5,,,0.07881118042428985,,,,
W16,(Cornelissen et al. 2013),cornelissen_2013,maize,Grain,4.0,77.0,6.5,3.1,4.0,,Wood,400.0,640.0,8.4,2.0,year_index,1.0,-13.5,29.5,,,0.09166718852582387,,,,
W16,(Cornelissen et al. 2013),cornelissen_2013,maize,Grain,4.0,77.0,6.5,3.1,4.0,,Wood,400.0,640.0,8.4,1.0,year_index,1.0,-13.5,29.5,,,0.15443635330441896,,,,
W16,(Cornelissen et al. 2013),cornelissen_2013,maize,Grain,0.8,77.0,5.6,4.3,3.34,,Wood,400.0,640.0,8.4,2.0,year_index,1.0,-14.75,24.88,,,0.16296882827813972,,,,
W16,(Cornelissen et al. 2013),cornelissen_2013,maize,Grain,0.8,77.0,5.6,4.3,3.34,,Nonwood,400.0,740.0,8.0,1.0,year_index,1.0,-14.75,24.88,,,0.22314355131420976,,,,
W16,(Cornelissen et al. 2013),cornelissen_2013,maize,Grain,0.8,154.0,5.9,26.2,11.61,,Nonwood,400.0,740.0,8.0,1.0,year_index,1.0,-15.75,28.25,,,0.24607852259670557,,,,
W16,(Cornelissen et al. 2013),cornelissen_2013,maize,Grain,4.0,154.0,4.8,9.1,8.0,,Wood,400.0,640.0,8.4,1.0,year_index,1.0,-15.5,28.75,,,0.268499253035007,,,,
W16,(Cornelissen et al. 2013),cornelissen_2013,maize,Grain,0.8,77.0,5.6,4.3,3.34,,Nonwood,400.0,740.0,8.0,2.0,year_index,1.0,-14.75,24.88,,,0.3184537311185346,,,,
W16,(Cornelissen et al. 2013),cornelissen_2013,maize,Grain,4.0,154.0,4.8,9.1,8.0,,Nonwood,400.0,740.0,8.0,1.0,year_index,1.0,-15.5,28.75,,,0.35276731910771536,,,,
W16,(Cornelissen et al. 2013),cornelissen_2013,maize,Grain,0.8,77.0,5.6,4.3,3.34,,Wood,400.0,640.0,8.4,1.0,year_index,1.0,-14.75,24.88,,,0.4054651081081644,,,,
W16,(Cornelissen et al. 2013),cornelissen_2013,maize,Grain,4.0,77.0,5.6,4.3,3.34,,Wood,400.0,640.0,8.4,2.0,year_index,1.0,-14.75,24.88,,,0.9286144815629871,,,,
W16,(Cornelissen et al. 2013),cornelissen_2013,maize,Grain,4.0,77.0,5.6,4.3,3.34,,Nonwood,400.0,740.0,8.0,2.0,year_index,1.0,-14.75,24.88,,,1.2906091109854827,,,,
W16,(Cornelissen et al. 2013),cornelissen_2013,maize,Grain,4.0,77.0,5.6,4.3,3.34,,Wood,400.0,640.0,8.4,1.0,year_index,1.0,-14.75,24.88,,,1.5040773967762742,,,,
W16,(Cornelissen et al. 2013),cornelissen_2013,maize,Grain,4.0,77.0,5.6,4.3,3.34,,Nonwood,400.0,740.0,8.0,1.0,year_index,1.0,-14.75,24.88,,,1.6582280766035324,,,,
W16,(Cui et al. 2011),cui_2011,rice,Grain,20.0,300.0,6.07,18.05,20.71,39.0,Nonwood,450.0,467.0,10.35,2.0,year_index,1.0,31.5,119.75,,,-0.10203272556515161,,,,
W16,(Cui et al. 2011),cui_2011,rice,Grain,40.0,300.0,6.07,18.05,20.71,39.0,Nonwood,450.0,467.0,10.35,2.0,year_index,1.0,31.5,119.75,,,-0.08664780672567216,,,,
W16,(Cui et al. 2011),cui_2011,rice,Grain,10.0,300.0,6.07,18.05,20.71,39.0,Nonwood,450.0,467.0,10.35,2.0,year_index,1.0,31.5,119.75,,,-0.04290750101127655,,,,
W16,(Cui et al. 2011),cui_2011,rice,Grain,40.0,300.0,6.07,18.05,20.71,39.0,Nonwood,450.0,467.0,10.35,1.0,year_index,1.0,31.5,119.75,,,0.014888612493750559,,,,
W16,(Cui et al. 2011),cui_2011,rice,Grain,20.0,300.0,6.07,18.05,20.71,39.0,Nonwood,450.0,467.0,10.35,1.0,year_index,1.0,31.5,119.75,,,0.03052920503482279,,,,
W16,(Cui et al. 2011),cui_2011,rice,Grain,10.0,300.0,6.07,18.05,20.71,39.0,Nonwood,450.0,467.0,10.35,1.0,year_index,1.0,31.5,119.75,,,0.060153922819747144,,,,
W16,(Cui et al. 2012),cui_2012,wheat,Grain,10.0,120.0,6.07,18.05,20.71,39.0,Nonwood,450.0,467.0,10.35,1.0,year_index,1.0,31.5,119.75,,,-0.2231435513142097,,,,
W16,(Cui et al. 2012),cui_2012,wheat,Biomass,10.0,120.0,6.07,18.05,20.71,39.0,Nonwood,450.0,467.0,10.35,1.0,year_index,1.0,31.5,119.75,,,0.0,,,,
W16,(Cui et al. 2012),cui_2012,wheat,Grain,20.0,120.0,6.07,18.05,20.71,39.0,Nonwood,450.0,467.0,10.35,1.0,year_index,1.0,31.5,119.75,,,0.0,,,,
W16,(Cui et al. 2012),cui_2012,wheat,Grain,40.0,120.0,6.07,18.05,20.71,39.0,Nonwood,450.0,467.0,10.35,1.0,year_index,1.0,31.5,119.75,,,0.0,,,,
W16,(Cui et al. 2012),cui_2012,wheat,Biomass,20.0,120.0,6.07,18.05,20.71,39.0,Nonwood,450.0,467.0,10.35,1.0,year_index,1.0,31.5,119.75,,,0.015873349156290163,,,,
W16,(Cui et al. 2012),cui_2012,wheat,Biomass,40.0,120.0,6.07,18.05,20.71,39.0,Nonwood,450.0,467.0,10.35,1.0,year_index,1.0,31.5,119.75,,,0.03052920503482279,,,,
W16,(Cui et al. 2012),cui_2012,wheat,Biomass,10.0,120.0,6.07,18.05,20.71,39.0,Nonwood,450.0,467.0,10.35,2.0,year_index,1.0,31.5,119.75,,,0.05354076692802976,,,,
W16,(Cui et al. 2012),cui_2012,wheat,Grain,10.0,120.0,6.07,18.05,20.71,39.0,Nonwood,450.0,467.0,10.35,2.0,year_index,1.0,31.5,119.75,,,0.055434706888100524,,,,
W16,(Cui et al. 2012),cui_2012,wheat,Biomass,20.0,120.0,6.07,18.05,20.71,39.0,Nonwood,450.0,467.0,10.35,2.0,year_index,1.0,31.5,119.75,,,0.06297479916138839,,,,
W16,(Cui et al. 2012),cui_2012,wheat,Grain,20.0,120.0,6.07,18.05,20.71,39.0,Nonwood,450.0,467.0,10.35,2.0,year_index,1.0,31.5,119.75,,,0.07232066157962608,,,,
W16,(Cui et al. 2012),cui_2012,wheat,Biomass,40.0,120.0,6.07,18.05,20.71,39.0,Nonwood,450.0,467.0,10.35,2.0,year_index,1.0,31.5,119.75,,,0.10255658832509215,,,,
W16,(Cui et al. 2012),cui_2012,wheat,Grain,40.0,120.0,6.07,18.05,20.71,39.0,Nonwood,450.0,467.0,10.35,2.0,year_index,1.0,31.5,119.75,,,0.10705907229340778,,,,
W16,(Gathorne-Hardy 2012),gathorne-hardy_2012,barley,Biomass,50.0,0.0,,,,,,,,,1.0,year_index,1.0,51.75,-0.25,,,-0.24334625863172918,,,,
W16,(Gathorne-Hardy 2012),gathorne-hardy_2012,barley,Biomass,5.0,80.0,,,,,,,,,1.0,year_index,1.0,51.75,-0.25,,,-0.1947990783050673,,,,
W16,(Gathorne-Hardy 2012),gathorne-hardy_2012,barley,Biomass,5.0,0.0,,,,,,,,,1.0,year_index,1.0,51.75,-0.25,,,-0.18512548412668892,,,,
W16,(Gathorne-Hardy 2012),gathorne-hardy_2012,barley,Biomass,10.0,80.0,,,,,,,,,1.0,year_index,1.0,51.75,-0.25,,,-0.16369609267078977,,,,
W16,(Gathorne-Hardy 2012),gathorne-hardy_2012,barley,Biomass,5.0,10.0,,,,,,,,,1.0,year_index,1.0,51.75,-0.25,,,-0.10092591858996053,,,,
W16,(Gathorne-Hardy 2012),gathorne-hardy_2012,barley,Biomass,10.0,0.0,,,,,,,,,1.0,year_index,1.0,51.75,-0.25,,,-0.09761282886700041,,,,
W16,(Gathorne-Hardy 2012),gathorne-hardy_2012,barley,Biomass,20.0,0.0,,,,,,,,,1.0,year_index,1.0,51.75,-0.25,,,-0.08121005542554317,,,,
W16,(Gathorne-Hardy 2012),gathorne-hardy_2012,barley,Biomass,50.0,20.0,,,,,,,,,1.0,year_index,1.0,51.75,-0.25,,,-0.04709160753385057,,,,
W16,(Gathorne-Hardy 2012),gathorne-hardy_2012,barley,Biomass,10.0,20.0,,,,,,,,,1.0,year_index,1.0,51.75,-0.25,,,-0.02326862693935433,,,,
W16,(Gathorne-Hardy 2012),gathorne-hardy_2012,barley,Biomass,20.0,20.0,,,,,,,,,1.0,year_index,1.0,51.75,-0.25,,,0.010939940038334263,,,,
W16,(Gathorne-Hardy 2012),gathorne-hardy_2012,barley,Biomass,5.0,20.0,,,,,,,,,1.0,year_index,1.0,51.75,-0.25,,,0.055434706888100524,,,,
W16,(Gathorne-Hardy 2012),gathorne-hardy_2012,barley,Biomass,10.0,10.0,,,,,,,,,1.0,year_index,1.0,51.75,-0.25,,,0.09257918129309317,,,,
W16,(Gathorne-Hardy 2012),gathorne-hardy_2012,barley,Biomass,20.0,80.0,,,,,,,,,1.0,year_index,1.0,51.75,-0.25,,,0.13976194237515863,,,,
W16,(Gathorne-Hardy 2012),gathorne-hardy_2012,barley,Biomass,50.0,80.0,,,,,,,,,1.0,year_index,1.0,51.75,-0.25,,,0.13976194237515863,,,,
W16,(Gathorne-Hardy 2012),gathorne-hardy_2012,barley,Biomass,5.0,100.0,,,,,,,,,1.0,year_index,1.0,51.75,-0.25,,,0.16211884947643512,,,,
W16,(Gathorne-Hardy 2012),gathorne-hardy_2012,barley,Biomass,50.0,10.0,,,,,,,,,1.0,year_index,1.0,51.75,-0.25,,,0.16381808522939492,,,,
W16,(Gathorne-Hardy 2012),gathorne-hardy_2012,barley,Biomass,10.0,100.0,,,,,,,,,1.0,year_index,1.0,51.75,-0.25,,,0.25231392861398955,,,,
W16,(Gathorne-Hardy 2012),gathorne-hardy_2012,barley,Biomass,20.0,10.0,,,,,,,,,1.0,year_index,1.0,51.75,-0.25,,,0.3038014543316642,,,,
W16,(Gathorne-Hardy 2012),gathorne-hardy_2012,barley,Biomass,20.0,100.0,,,,,,,,,1.0,year_index,1.0,51.75,-0.25,,,0.34145977813225203,,,,
W16,(Gathorne-Hardy 2012),gathorne-hardy_2012,barley,Biomass,50.0,100.0,,,,,,,,,1.0,year_index,1.0,51.75,-0.25,,,0.347835995271528,,,,
W16,(Guerena 2012),guerena_2012,maize,Grain,12.0,66.155,7.36,9.76,16.2,27.0,Nonwood,600.0,290.0,10.02,1.0,year_index,1.0,42.72,-76.65,,,-0.5175146119167874,,,,
W16,(Guerena 2012),guerena_2012,maize,Grain,12.0,87.677,7.36,9.76,16.2,27.0,Nonwood,600.0,290.0,10.02,1.0,year_index,1.0,42.72,-76.65,,,-0.3243460568233724,,,,
W16,(Guerena 2012),guerena_2012,maize,Grain,30.0,109.199,7.36,9.76,16.2,27.0,Nonwood,600.0,290.0,10.02,3.0,year_index,1.0,42.72,-76.65,,,-0.25360275879891825,,,,
W16,(Guerena 2012),guerena_2012,maize,Grain,30.0,109.199,7.4444444,9.76,16.2,27.0,Nonwood,600.0,290.0,10.02,2.0,year_index,1.0,42.72,-76.65,,,-0.18874212459687742,,,,
W16,(Guerena 2012),guerena_2012,maize,Grain,3.0,109.199,7.4444444,9.76,16.2,27.0,Nonwood,600.0,290.0,10.02,2.0,year_index,1.0,42.72,-76.65,,,-0.1755445725149309,,,,
W16,(Guerena 2012),guerena_2012,maize,Grain,30.0,109.199,7.36,9.76,16.2,27.0,Nonwood,600.0,290.0,10.02,1.0,year_index,1.0,42.72,-76.65,,,-0.16134315040876293,,,,
W16,(Guerena 2012),guerena_2012,maize,Grain,1.0,109.199,7.36,9.76,16.2,27.0,Nonwood,600.0,290.0,10.02,1.0,year_index,1.0,42.72,-76.65,,,-0.13696585507315742,,,,
W16,(Guerena 2012),guerena_2012,maize,Grain,3.0,109.199,7.36,9.76,16.2,27.0,Nonwood,600.0,290.0,10.02,1.0,year_index,1.0,42.72,-76.65,,,-0.13696585507315742,,,,
W16,(Guerena 2012),guerena_2012,maize,Grain,12.0,109.199,7.4444444,9.76,16.2,27.0,Nonwood,600.0,290.0,10.02,2.0,year_index,1.0,42.72,-76.65,,,-0.13353139262452263,,,,
W16,(Guerena 2012),guerena_2012,maize,Grain,12.0,109.199,7.36,9.76,16.2,27.0,Nonwood,600.0,290.0,10.02,1.0,year_index,1.0,42.72,-76.65,,,-0.11204950380862289,,,,
W16,(Guerena 2012),guerena_2012,maize,Grain,30.0,109.199,7.4444444,9.76,16.2,27.0,Nonwood,600.0,290.0,10.02,4.0,year_index,1.0,42.72,-76.65,,,-0.10869941692334091,,,,
W16,(Guerena 2012),guerena_2012,maize,Grain,12.0,109.199,7.22,9.76,16.2,27.0,Nonwood,600.0,290.0,10.02,3.0,year_index,1.0,42.72,-76.65,,,-0.07364654016829848,,,,
W16,(Guerena 2012),guerena_2012,maize,Grain,12.0,66.155,7.4444444,9.76,16.2,27.0,Nonwood,600.0,290.0,10.02,2.0,year_index,1.0,42.72,-76.65,,,-0.029428810690812168,,,,
W16,(Guerena 2012),guerena_2012,maize,Grain,12.0,87.677,7.3,9.76,16.2,27.0,Nonwood,600.0,290.0,10.02,3.0,year_index,1.0,42.72,-76.65,,,-0.025317807984289897,,,,
W16,(Guerena 2012),guerena_2012,maize,Grain,12.0,87.677,7.4444444,9.76,16.2,27.0,Nonwood,600.0,290.0,10.02,4.0,year_index,1.0,42.72,-76.65,,,-0.024292692569044587,,,,
W16,(Guerena 2012),guerena_2012,maize,Grain,3.0,109.199,7.4444444,9.76,16.2,27.0,Nonwood,600.0,290.0,10.02,4.0,year_index,1.0,42.72,-76.65,,,-0.011060947359424948,,,,
W16,(Guerena 2012),guerena_2012,maize,Grain,12.0,109.199,7.4444444,9.76,16.2,27.0,Nonwood,600.0,290.0,10.02,4.0,year_index,1.0,42.72,-76.65,,,-0.011060947359424948,,,,
W16,(Guerena 2012),guerena_2012,maize,Grain,3.0,109.199,7.48,9.76,16.2,27.0,Nonwood,600.0,290.0,10.02,3.0,year_index,1.0,42.72,-76.65,,,0.0,,,,
W16,(Guerena 2012),guerena_2012,maize,Grain,12.0,119.96,7.4444444,9.76,16.2,27.0,Nonwood,600.0,290.0,10.02,4.0,year_index,1.0,42.72,-76.65,,,0.0,,,,
W16,(Guerena 2012),guerena_2012,maize,Grain,12.0,66.155,7.4444444,9.76,16.2,27.0,Nonwood,600.0,290.0,10.02,4.0,year_index,1.0,42.72,-76.65,,,0.013902905168991434,,,,
W16,(Guerena 2012),guerena_2012,maize,Grain,12.0,66.155,7.32,9.76,16.2,27.0,Nonwood,600.0,290.0,10.02,3.0,year_index,1.0,42.72,-76.65,,,0.014888612493750559,,,,
W16,(Guerena 2012),guerena_2012,maize,Grain,12.0,119.96,7.36,9.76,16.2,27.0,Nonwood,600.0,290.0,10.02,1.0,year_index,1.0,42.72,-76.65,,,0.04305948946044701,,,,
W16,(Guerena 2012),guerena_2012,maize,Grain,12.0,119.96,7.4444444,9.76,16.2,27.0,Nonwood,600.0,290.0,10.02,2.0,year_index,1.0,42.72,-76.65,,,0.09166718852582387,,,,
W16,(Guerena 2012),guerena_2012,maize,Grain,12.0,87.677,7.4444444,9.76,16.2,27.0,Nonwood,600.0,290.0,10.02,2.0,year_index,1.0,42.72,-76.65,,,0.10255658832509215,,,,
W16,(Guerena 2012),guerena_2012,maize,Grain,12.0,119.96,7.5,9.76,16.2,27.0,Nonwood,600.0,290.0,10.02,3.0,year_index,1.0,42.72,-76.65,,,0.23665190133900194,,,,
W16,(Hossain et al. 2010),hossain_2010,tomato,Grain,10.0,120.0,4.6,,,,Manure,550.0,,8.2,1.0,year_index,0.0,-34.12,150.5,,,0.1275133202989595,,,,
W16,(Hossain et al. 2010),hossain_2010,tomato,Biomass,10.0,120.0,4.6,,,,Manure,550.0,,8.2,1.0,year_index,0.0,-34.12,150.5,,,0.13976194237515863,,,,
W16,(Hossain et al. 2010),hossain_2010,tomato,Biomass,10.0,0.0,4.6,,,,Manure,550.0,,8.2,1.0,year_index,0.0,-34.12,150.5,,,0.1823215567939546,,,,
W16,(Hossain et al. 2010),hossain_2010,tomato,Grain,10.0,0.0,4.6,,,,Manure,550.0,,8.2,1.0,year_index,0.0,-34.12,150.5,,,0.5176026080450143,,,,
W16,(Ishii & Kadoya 1994),ishii_1994,satsuma trees,Biomass,65.0,0.0,,,,,Wood,,,,1.0,year_index,0.0,33.5,133.0,,,0.4252677354043441,,,,
W16,(Ishii & Kadoya 1994),ishii_1994,satsuma trees,Biomass,65.0,0.0,,,,,Nonwood,,,,1.0,year_index,0.0,33.5,133.0,,,0.4542552722775964,,,,
W16,(Ishii & Kadoya 1994),ishii_1994,satsuma trees,Biomass,65.0,0.0,,,,,Nonwood,,,,1.0,year_index,0.0,33.5,133.0,,,0.4780957991430718,,,,
W16,(Jia et al. 2012),jia_2012,choi sum,Biomass,40.0,400.0,5.8,,17.4,27.1,Nonwood,400.0,511.29999999999995,,1.0,year_index,0.0,32.0,118.75,,,-0.038740828316430595,,,,
W16,(Jia et al. 2012),jia_2012,choi sum,Biomass,20.0,400.0,5.8,,17.4,27.1,Nonwood,400.0,511.29999999999995,,1.0,year_index,0.0,32.0,118.75,,,0.1672079189839064,,,,
W16,(Jia et al. 2012),jia_2012,choi sum,Biomass,30.0,400.0,5.8,,17.4,27.1,Nonwood,400.0,511.29999999999995,,1.0,year_index,0.0,32.0,118.75,,,0.6744739152943241,,,,
W16,(Jia et al. 2012),jia_2012,choi sum,Biomass,30.0,400.0,5.8,,17.4,27.1,Nonwood,400.0,511.29999999999995,,1.0,year_index,0.0,32.0,118.75,,,0.7075430608436777,,,,
W16,(Jones et al. 2011),jones_2011,maize,Biomass,25.0,100.0,6.86,,35.0,,Wood,450.0,761.0,8.81,1.0,year_index,1.0,53.25,-4.0,,,-0.038740828316430595,,,,
W16,(Jones et al. 2011),jones_2011,maize,Biomass,50.0,100.0,6.86,,35.0,,Wood,450.0,761.0,8.81,1.0,year_index,1.0,53.25,-4.0,,,0.0,,,,
W16,(Jones et al. 2011),jones_2011,forage grass,Biomass,25.0,100.0,6.86,,35.0,,Wood,450.0,761.0,8.81,2.0,year_index,1.0,53.25,-4.0,,,0.045928931888399735,,,,
W16,(Jones et al. 2011),jones_2011,forage grass,Biomass,50.0,100.0,6.86,,35.0,,Wood,450.0,761.0,8.81,2.0,year_index,1.0,53.25,-4.0,,,0.2993635772256188,,,,
W16,(Jones et al. 2011),jones_2011,forage grass,Biomass,25.0,100.0,6.86,,35.0,,Wood,450.0,761.0,8.81,3.0,year_index,1.0,53.25,-4.0,,,0.5370779949100565,,,,
W16,(Jones et al. 2011),jones_2011,forage grass,Biomass,50.0,100.0,6.86,,35.0,,Wood,450.0,761.0,8.81,3.0,year_index,1.0,53.25,-4.0,,,0.5816568045265821,,,,
W16,(Kammann et al. 2011),kammann_2011,quinoa,Grain,200.0,100.0,,,,,Nonwood,498.0,716.0,8.1,1.0,year_index,0.0,50.5,8.6,,,-0.26266430947649305,,,,
W16,(Kammann et al. 2011),kammann_2011,quinoa,Grain,100.0,100.0,,,,,Nonwood,498.0,716.0,8.1,1.0,year_index,0.0,50.5,8.6,,,0.07417939817425147,,,,
W16,(Kammann et al. 2011),kammann_2011,quinoa,Biomass,200.0,100.0,,,,,Nonwood,498.0,716.0,8.1,1.0,year_index,0.0,50.5,8.6,,,0.09984533496971612,,,,
W16,(Kammann et al. 2011),kammann_2011,quinoa,Biomass,100.0,100.0,,,,,Nonwood,498.0,716.0,8.1,1.0,year_index,0.0,50.5,8.6,,,0.18979357163265567,,,,
W16,(Kammann et al. 2011),kammann_2011,quinoa,Biomass,100.0,100.0,,,,,Nonwood,498.0,716.0,8.1,1.0,year_index,0.0,50.5,8.6,,,0.3660310388627573,,,,
W16,(Kammann et al. 2011),kammann_2011,quinoa,Biomass,200.0,100.0,,,,,Nonwood,498.0,716.0,8.1,1.0,year_index,0.0,50.5,8.6,,,0.462475362824944,,,,
W16,(Kammann et al. 2011),kammann_2011,quinoa,Grain,200.0,100.0,,,,,Nonwood,498.0,716.0,8.1,1.0,year_index,0.0,50.5,8.6,,,0.6931471805599453,,,,
W16,(Kammann et al. 2011),kammann_2011,quinoa,Grain,100.0,100.0,,,,,Nonwood,498.0,716.0,8.1,1.0,year_index,0.0,50.5,8.6,,,0.9162907318741551,,,,
W16,(Kimetu et al. 2008),kimetu_2008,maize,Grain,14.0,120.0,6.3,,,,Wood,450.0,851.0,9.4,1.0,year_index,1.0,0.25,35.0,,,-0.6143360001356555,,,,
W16,(Kimetu et al. 2008),kimetu_2008,maize,Grain,14.0,120.0,6.3,,,,Wood,450.0,851.0,9.4,1.0,year_index,1.0,0.25,35.0,,,-0.20825493882045903,,,,
W16,(Kimetu et al. 2008),kimetu_2008,maize,Grain,14.0,120.0,5.2,,,,Wood,450.0,851.0,9.4,1.0,year_index,1.0,0.25,35.0,,,-0.13696585507315742,,,,
W16,(Kimetu et al. 2008),kimetu_2008,maize,Grain,14.0,120.0,5.5,,,,Wood,450.0,851.0,9.4,1.0,year_index,1.0,0.25,35.0,,,0.14323416808590775,,,,
W16,(Kimetu et al. 2008),kimetu_2008,maize,Grain,14.0,120.0,5.2,,,,Wood,450.0,851.0,9.4,1.0,year_index,1.0,0.25,35.0,,,0.2608246182818983,,,,
W16,(Kimetu et al. 2008),kimetu_2008,maize,Grain,14.0,120.0,5.5,,,,Wood,450.0,851.0,9.4,1.0,year_index,1.0,0.25,35.0,,,0.35276731910771536,,,,
W16,(Kimetu et al. 2008),kimetu_2008,maize,Grain,14.0,120.0,5.9,,,,Wood,450.0,851.0,9.4,1.0,year_index,1.0,0.25,35.0,,,0.7168637071772613,,,,
W16,(Kimetu et al. 2008),kimetu_2008,maize,Grain,14.0,120.0,5.9,,,,Wood,450.0,851.0,9.4,1.0,year_index,1.0,0.25,35.0,,,0.847154993039293,,,,
W16,(Lehmann et al. 2003),lehmann_2003,cowpea,Biomass,67.6,49.8,5.93,,39.0,65.0,Wood,,708.0,,1.0,year_index,0.0,-3.0,-60.0,,,0.2761154360803155,,,,
W16,(Lehmann et al. 2003),lehmann_2003,cowpea,Biomass,135.2,91.478,5.8,,39.0,65.0,Wood,,708.0,,1.0,year_index,0.0,-3.0,-60.0,,,0.35276731910771536,,,,
W16,(Lehmann et al. 2003),lehmann_2003,cowpea,Biomass,67.6,0.0,5.14,,,65.0,Wood,,708.0,,1.0,year_index,0.0,-3.0,-60.0,,,0.3611648492115845,,,,
W16,(Lehmann et al. 2003),lehmann_2003,cowpea,Biomass,135.2,41.678,5.16,,,65.0,Wood,,708.0,,1.0,year_index,0.0,-3.0,-60.0,,,0.6108519378331152,,,,
W16,(Liu et al. 2012),liu_2012,rice,Grain,40.0,0.0,5.99,,20.11,,Nonwood,450.0,467.0,10.4,1.0,year_index,1.0,31.0,104.25,,,-0.012072581234269249,,,,
W16,(Liu et al. 2012),liu_2012,rice,Grain,40.0,300.0,5.99,,20.11,,Nonwood,450.0,467.0,10.4,1.0,year_index,1.0,31.0,104.25,,,0.010939940038334263,,,,
W16,(Luyen et al. 2012),luyen_2012,maize,Biomass,38.0,0.0,6.5,,,43.4,Nonwood,,,,1.0,year_index,0.0,10.75,106.75,,,-0.20579491297959682,,,,
W16,(Luyen et al. 2012),luyen_2012,maize,Biomass,38.0,50.0,6.5,,,43.4,Nonwood,,,,1.0,year_index,0.0,10.75,106.75,,,-0.10536051565782628,,,,
W16,(Luyen et al. 2012),luyen_2012,maize,Grain,38.0,0.0,6.5,,,43.4,Nonwood,,,,1.0,year_index,0.0,10.75,106.75,,,-0.0998203352822109,,,,
W16,(Luyen et al. 2012),luyen_2012,maize,Biomass,38.0,50.0,4.5,,,27.800000000000004,Nonwood,,,,1.0,year_index,0.0,10.75,106.75,,,0.1747932903731631,,,,
W16,(Luyen et al. 2012),luyen_2012,maize,Grain,38.0,50.0,6.5,,,43.4,Nonwood,,,,1.0,year_index,0.0,10.75,106.75,,,0.27079020478156274,,,,
W16,(Luyen et al. 2012),luyen_2012,maize,Grain,114.0,0.0,6.5,,,43.4,Nonwood,,,,1.0,year_index,0.0,10.75,106.75,,,0.39136618372866283,,,,
W16,(Luyen et al. 2012),luyen_2012,maize,Biomass,76.0,50.0,6.5,,,43.4,Nonwood,,,,1.0,year_index,0.0,10.75,106.75,,,0.39136618372866283,,,,
W16,(Luyen et al. 2012),luyen_2012,maize,Biomass,114.0,50.0,6.5,,,43.4,Nonwood,,,,1.0,year_index,0.0,10.75,106.75,,,0.42330502623649535,,,,
W16,(Luyen et al. 2012),luyen_2012,maize,Biomass,76.0,50.0,4.5,,,27.800000000000004,Nonwood,,,,1.0,year_index,0.0,10.75,106.75,,,0.44596705141749426,,,,
W16,(Luyen et al. 2012),luyen_2012,maize,Biomass,114.0,0.0,6.5,,,43.4,Nonwood,,,,1.0,year_index,0.0,10.75,106.75,,,0.4555243079809013,,,,
W16,(Luyen et al. 2012),luyen_2012,maize,Biomass,114.0,50.0,4.5,,,27.800000000000004,Nonwood,,,,1.0,year_index,0.0,10.75,106.75,,,0.5405785819153385,,,,
W16,(Luyen et al. 2012),luyen_2012,maize,Grain,38.0,50.0,4.5,,,27.800000000000004,Nonwood,,,,1.0,year_index,0.0,10.75,106.75,,,0.5698489642154517,,,,
W16,(Luyen et al. 2012),luyen_2012,maize,Grain,76.0,0.0,6.5,,,43.4,Nonwood,,,,1.0,year_index,0.0,10.75,106.75,,,0.669878553620591,,,,
W16,(Luyen et al. 2012),luyen_2012,maize,Biomass,76.0,0.0,6.5,,,43.4,Nonwood,,,,1.0,year_index,0.0,10.75,106.75,,,0.6981347220709843,,,,
W16,(Luyen et al. 2012),luyen_2012,maize,Grain,76.0,50.0,4.5,,,27.800000000000004,Nonwood,,,,1.0,year_index,0.0,10.75,106.75,,,0.7168637071772613,,,,
W16,(Luyen et al. 2012),luyen_2012,maize,Grain,114.0,50.0,4.5,,,27.800000000000004,Nonwood,,,,1.0,year_index,0.0,10.75,106.75,,,0.7907275088988094,,,,
W16,(Luyen et al. 2012),luyen_2012,maize,Grain,76.0,50.0,6.5,,,43.4,Nonwood,,,,1.0,year_index,0.0,10.75,106.75,,,0.8051356825079926,,,,
W16,(Luyen et al. 2012),luyen_2012,maize,Grain,114.0,50.0,6.5,,,43.4,Nonwood,,,,1.0,year_index,0.0,10.75,106.75,,,0.8514321595256585,,,,
W16,(Luyen et al. 2012),luyen_2012,maize,Grain,38.0,0.0,4.5,,,27.800000000000004,Nonwood,,,,1.0,year_index,0.0,10.75,106.75,,,0.9783261227936078,,,,
W16,(Luyen et al. 2012),luyen_2012,maize,Grain,76.0,0.0,4.5,,,27.800000000000004,Nonwood,,,,1.0,year_index,0.0,10.75,106.75,,,1.7309473298312976,,,,
W16,(Luyen et al. 2012),luyen_2012,maize,Grain,114.0,0.0,4.5,,,27.800000000000004,Nonwood,,,,1.0,year_index,0.0,10.75,106.75,,,1.8467210273020294,,,,
W16,(Masulili et al. 2010),masulili_2010,rice,Biomass,10.0,135.0,3.75,6.84,7.8,,Nonwood,600.0,187.20000000000002,8.75,1.0,year_index,0.0,0.0,109.5,,,0.9442949282837525,,,,
W16,(Nehls 2002),nehls_2002,rice,Grain,5.5,87.5,4.1,,,,Wood,,,,1.0,year_index,1.0,-34.12,150.5,,,-0.08992470752798701,,,,
W16,(Nehls 2002),nehls_2002,rice,Grain,5.5,87.5,3.8,,,,Wood,,,,1.0,year_index,1.0,-34.12,150.5,,,0.25773819607870885,,,,
W16,(Nehls 2002),nehls_2002,rice,Grain,11.0,0.0,4.2,,,,Wood,,,,1.0,year_index,1.0,-34.12,150.5,,,0.26773443464208485,,,,
W16,(Nehls 2002),nehls_2002,rice,Grain,11.0,0.0,3.8,,,,Wood,,,,1.0,year_index,1.0,-34.12,150.5,,,1.9173636913629237,,,,
W16,(Nguyen et al. 2012),nguyen_2012,maize,Biomass,10.0,0.0,,,,,Nonwood,,332.0,9.85,1.0,year_index,0.0,-30.0,151.5,,,-0.34531118528841737,,,,
W16,(Nguyen et al. 2012),nguyen_2012,maize,Biomass,10.0,110.0,,,,,Nonwood,,332.0,9.85,1.0,year_index,0.0,-30.0,151.5,,,0.0,,,,
W16,(Nguyen et al. 2012),nguyen_2012,maize,Biomass,10.0,110.0,,,,,Nonwood,,332.0,9.85,1.0,year_index,0.0,-30.0,151.5,,,0.02955880224154443,,,,
W16,(Nguyen et al. 2012),nguyen_2012,maize,Biomass,10.0,110.0,,,,,Nonwood,,332.0,9.85,1.0,year_index,0.0,-30.0,151.5,,,0.03246719013750141,,,,
W16,(Nguyen et al. 2012),nguyen_2012,maize,Biomass,10.0,110.0,,,,,Nonwood,,332.0,9.85,1.0,year_index,0.0,-30.0,151.5,,,0.07510747248680548,,,,
W16,(Nguyen et al. 2012),nguyen_2012,maize,Biomass,10.0,110.0,,,,,Nonwood,,332.0,9.85,1.0,year_index,0.0,-30.0,151.5,,,0.0852598439508234,,,,
W16,(Nguyen et al. 2012),nguyen_2012,maize,Biomass,10.0,110.0,,,,,Nonwood,,332.0,9.85,1.0,year_index,0.0,-30.0,151.5,,,0.14323416808590775,,,,
W16,(Nguyen et al. 2012),nguyen_2012,maize,Biomass,10.0,110.0,,,,,Nonwood,,332.0,9.85,1.0,year_index,0.0,-30.0,151.5,,,0.14842000511827322,,,,
W16,(Nguyen et al. 2012),nguyen_2012,maize,Biomass,10.0,0.0,,,,,Nonwood,,332.0,9.85,1.0,year_index,0.0,-30.0,151.5,,,0.15443635330441896,,,,
W16,(Noguera et al. 2010),noguera_2010,rice,Grain,58.0,120.0,4.3,3.0,52.2,34.39,Wood,,729.0,,1.0,year_index,0.0,4.25,-72.5,,,-0.18032355413128162,,,,
W16,(Noguera et al. 2010),noguera_2010,rice,Grain,58.0,0.0,4.3,3.0,52.2,34.39,Wood,,729.0,,1.0,year_index,0.0,4.25,-72.5,,,-0.13353139262452263,,,,
W16,(Noguera et al. 2010),noguera_2010,rice,Biomass (total),58.0,120.0,4.3,3.0,52.2,34.39,Wood,,729.0,,1.0,year_index,0.0,4.25,-72.5,,,-0.05024121643674679,,,,
W16,(Noguera et al. 2010),noguera_2010,rice,Biomass,58.0,120.0,4.3,3.0,52.2,34.39,Wood,,729.0,,1.0,year_index,0.0,4.25,-72.5,,,0.023716526617316065,,,,
W16,(Noguera et al. 2010),noguera_2010,rice,Biomass,58.0,120.0,4.3,3.0,52.2,34.39,Wood,,729.0,,1.0,year_index,0.0,4.25,-72.5,,,0.024692612590371414,,,,
W16,(Noguera et al. 2010),noguera_2010,rice,Biomass (total),58.0,120.0,4.3,3.0,52.2,34.39,Wood,,729.0,,1.0,year_index,0.0,4.25,-72.5,,,0.050693114315518165,,,,
W16,(Noguera et al. 2010),noguera_2010,rice,Grain,58.0,120.0,4.3,3.0,52.2,34.39,Wood,,729.0,,1.0,year_index,0.0,4.25,-72.5,,,0.06485097231961627,,,,
W16,(Noguera et al. 2010),noguera_2010,rice,Biomass,58.0,0.0,4.3,3.0,52.2,34.39,Wood,,729.0,,1.0,year_index,0.0,4.25,-72.5,,,0.1773090149704103,,,,
W16,(Noguera et al. 2010),noguera_2010,rice,Biomass,58.0,0.0,4.3,3.0,52.2,34.39,Wood,,729.0,,1.0,year_index,0.0,4.25,-72.5,,,0.20620083058389785,,,,
W16,(Noguera et al. 2010),noguera_2010,rice,Biomass (total),58.0,0.0,4.3,3.0,52.2,34.39,Wood,,729.0,,1.0,year_index,0.0,4.25,-72.5,,,0.3148107398400336,,,,
W16,(Noguera et al. 2010),noguera_2010,rice,Biomass (total),58.0,0.0,4.3,3.0,52.2,34.39,Wood,,729.0,,1.0,year_index,0.0,4.25,-72.5,,,0.37637952721306783,,,,
W16,(Noguera et al. 2010),noguera_2010,rice,Biomass (total),32.5,0.0,5.1,6.0,,48.38,Wood,350.0,824.0,,1.0,year_index,0.0,2.75,-76.5,,,0.6688544879909007,,,,
W16,(Noguera et al. 2010),noguera_2010,rice,Biomass,32.5,0.0,5.1,6.0,,48.38,Wood,350.0,824.0,,1.0,year_index,0.0,2.75,-76.5,,,0.6931471805599453,,,,
W16,(Noguera et al. 2010),noguera_2010,rice,Grain,58.0,0.0,4.3,3.0,52.2,34.39,Wood,,729.0,,1.0,year_index,0.0,4.25,-72.5,,,0.8874796500200354,,,,
W16,(Noguera et al. 2010),noguera_2010,rice,Biomass (total),32.5,0.0,5.1,6.0,,48.38,Wood,350.0,824.0,,1.0,year_index,0.0,2.75,-76.5,,,0.9050275395954444,,,,
W16,(Noguera et al. 2010),noguera_2010,rice,Biomass,32.5,0.0,5.1,6.0,,48.38,Wood,350.0,824.0,,1.0,year_index,0.0,2.75,-76.5,,,0.9481769207364767,,,,
W16,(Noguera et al. 2010),noguera_2010,rice,Grain,32.5,0.0,5.1,6.0,,48.38,Wood,350.0,824.0,,1.0,year_index,0.0,2.75,-76.5,,,1.053614922737374,,,,
W16,(Noguera et al. 2010),noguera_2010,rice,Grain,32.5,0.0,5.1,6.0,,48.38,Wood,350.0,824.0,,1.0,year_index,0.0,2.75,-76.5,,,1.3265443567141166,,,,
W16,(Nzanza et al. 2012),nzanza_2012,tomato,Biomass,5.0,200.0,4.9,,,,Wood,450.0,338.0,7.2,1.0,year_index,1.0,-23.65,30.13,,,-0.1232982163444936,,,,
W16,(Nzanza et al. 2012),nzanza_2012,tomato,Grain,5.0,200.0,4.9,,,,Wood,450.0,338.0,7.2,1.0,year_index,1.0,-23.65,30.13,,,-0.017146158834970514,,,,
W16,(Nzanza et al. 2012),nzanza_2012,tomato,Grain,5.0,200.0,4.9,,,,Wood,450.0,338.0,7.2,1.0,year_index,1.0,-23.65,30.13,,,0.028587456851912472,,,,
W16,(Nzanza et al. 2012),nzanza_2012,tomato,Biomass,5.0,200.0,4.9,,,,Wood,450.0,338.0,7.2,1.0,year_index,1.0,-23.65,30.13,,,0.03922071315328133,,,,
W16,(Nzanza et al. 2012),nzanza_2012,tomato,Biomass,5.0,200.0,4.9,,,,Wood,450.0,338.0,7.2,1.0,year_index,1.0,-23.65,30.13,,,0.06859279146561167,,,,
W16,(Peng et al. 2011),peng_2011,maize,Biomass (total),2.4,36.0,4.1,7.28,0.7,32.4,Nonwood,400.0,697.0,9.98,1.0,year_index,0.0,28.0,116.0,,,0.5056120567131032,,,,
W16,(Peng et al. 2011),peng_2011,maize,Biomass (total),2.4,36.0,4.1,7.28,0.7,32.4,Nonwood,250.0,635.0,,1.0,year_index,0.0,28.0,116.0,,,0.6770177986300616,,,,
W16,(Peng et al. 2011),peng_2011,maize,Biomass (total),2.4,36.0,4.1,7.28,0.7,32.4,Nonwood,300.0,676.0,,1.0,year_index,0.0,28.0,116.0,,,0.7371640659767196,,,,
W16,(Peng et al. 2011),peng_2011,maize,Biomass (total),2.4,36.0,4.1,7.28,0.7,32.4,Nonwood,450.0,729.0,,1.0,year_index,0.0,28.0,116.0,,,0.745739630679116,,,,
W16,(Peng et al. 2011),peng_2011,maize,Biomass (total),2.4,36.0,4.1,7.28,0.7,32.4,Nonwood,400.0,697.0,9.98,1.0,year_index,0.0,28.0,116.0,,,0.9042181506398859,,,,
W16,(Peng et al. 2011),peng_2011,maize,Biomass (total),2.4,36.0,4.1,7.28,0.7,32.4,Nonwood,350.0,662.0,,1.0,year_index,0.0,28.0,116.0,,,0.9493385859203555,,,,
W16,(Pichler 2010),pichler_2010,white clover,Biomass (total),10.0,0.0,7.3,15.5,20.39,14.000000000000002,Wood,550.0,870.0,8.35,1.0,year_index,0.0,46.25,7.5,,,-0.5447271754416722,,,,
W16,(Pichler 2010),pichler_2010,white clover,Biomass,10.0,0.0,7.3,15.5,20.39,14.000000000000002,Wood,550.0,870.0,8.35,1.0,year_index,0.0,46.25,7.5,,,-0.4049652330665133,,,,
W16,(Pichler 2010),pichler_2010,white clover,Biomass,10.0,0.597,7.23,,27.12,14.000000000000002,Wood,550.0,870.0,8.35,1.0,year_index,0.0,46.25,7.5,,,0.6296747576043717,,,,
W16,(Pichler 2010),pichler_2010,white clover,Biomass (total),10.0,0.597,7.23,,27.12,14.000000000000002,Wood,550.0,870.0,8.35,1.0,year_index,0.0,46.25,7.5,,,0.7884573603642703,,,,
W16,(Quilliam et al. 2012),quilliam_2012,beans,Biomass,50.0,0.0,6.8,,35.0,,Wood,450.0,761.0,8.81,3.0,year_index,1.0,53.25,-4.0,,,-0.09541018480465818,,,,
W16,(Quilliam et al. 2012),quilliam_2012,beans,Biomass,25.0,0.0,6.8,,35.0,,Wood,450.0,761.0,8.81,3.0,year_index,1.0,53.25,-4.0,,,0.08709470685093373,,,,
W16,(Rajkovich et al. 2012),rajkovich_2012,maize,Biomass,91.0,146.0,6.85,9.76,,27.0,Nonwood,300.0,653.0,7.52,1.0,year_index,0.0,,,,,-2.430418464503931,,,,
W16,(Rajkovich et al. 2012),rajkovich_2012,maize,Biomass,91.0,146.0,6.85,9.76,,27.0,Nonwood,400.0,524.0,8.27,1.0,year_index,0.0,,,,,-2.2633643798407643,,,,
W16,(Rajkovich et al. 2012),rajkovich_2012,maize,Biomass,91.0,146.0,6.85,9.76,,27.0,Nonwood,500.0,367.0,9.67,1.0,year_index,0.0,,,,,-1.6660082639224947,,,,
W16,(Rajkovich et al. 2012),rajkovich_2012,maize,Biomass,91.0,146.0,6.85,9.76,,27.0,Nonwood,400.0,200.0,8.18,1.0,year_index,0.0,,,,,-0.9996723408132061,,,,
W16,(Rajkovich et al. 2012),rajkovich_2012,maize,Biomass,91.0,146.0,6.85,9.76,,27.0,Nonwood,600.0,232.0,10.53,1.0,year_index,0.0,,,,,-0.8627499649461253,,,,
W16,(Rajkovich et al. 2012),rajkovich_2012,maize,Biomass,26.0,146.0,6.85,9.76,,27.0,Nonwood,300.0,653.0,7.52,1.0,year_index,0.0,,,,,-0.7402387880937958,,,,
W16,(Rajkovich et al. 2012),rajkovich_2012,maize,Biomass,91.0,146.0,6.85,9.76,,27.0,Nonwood,300.0,595.0,7.33,1.0,year_index,0.0,,,,,-0.43850496218636453,,,,
W16,(Rajkovich et al. 2012),rajkovich_2012,maize,Biomass,91.0,146.0,6.85,9.76,,27.0,Manure,300.0,561.0,8.92,1.0,year_index,0.0,,,,,-0.43850496218636453,,,,
W16,(Rajkovich et al. 2012),rajkovich_2012,maize,Biomass,91.0,146.0,6.85,9.76,,27.0,Nonwood,300.0,212.0,7.44,1.0,year_index,0.0,,,,,-0.3340751120214915,,,,
W16,(Rajkovich et al. 2012),rajkovich_2012,maize,Biomass,91.0,146.0,6.85,9.76,,27.0,Wood,600.0,870.0,5.97,1.0,year_index,0.0,,,,,-0.33267943838251673,,,,
W16,(Rajkovich et al. 2012),rajkovich_2012,maize,Biomass,26.0,146.0,6.85,9.76,,27.0,Nonwood,400.0,524.0,8.27,1.0,year_index,0.0,,,,,-0.3024573580339353,,,,
W16,(Rajkovich et al. 2012),rajkovich_2012,maize,Biomass,91.0,146.0,6.85,9.76,,27.0,Manure,600.0,628.0,9.94,1.0,year_index,0.0,,,,,-0.3024573580339353,,,,
W16,(Rajkovich et al. 2012),rajkovich_2012,maize,Biomass,91.0,146.0,6.85,9.76,,27.0,Manure,400.0,577.0,9.22,1.0,year_index,0.0,,,,,-0.282362910974181,,,,
W16,(Rajkovich et al. 2012),rajkovich_2012,maize,Biomass,91.0,146.0,6.85,9.76,,27.0,Wood,500.0,839.0,5.78,1.0,year_index,0.0,,,,,-0.18874212459687742,,,,
W16,(Rajkovich et al. 2012),rajkovich_2012,maize,Biomass,91.0,146.0,6.85,9.76,,27.0,Wood,600.0,876.0,6.38,1.0,year_index,0.0,,,,,-0.1743533871447778,,,,
W16,(Rajkovich et al. 2012),rajkovich_2012,maize,Biomass,6.5,146.0,6.85,9.76,,27.0,Wood,300.0,621.0,6.74,1.0,year_index,0.0,,,,,-0.09431067947124129,,,,
W16,(Rajkovich et al. 2012),rajkovich_2012,maize,Biomass,26.0,146.0,6.85,9.76,,27.0,Nonwood,500.0,367.0,9.67,1.0,year_index,0.0,,,,,-0.08446915662644996,,,,
W16,(Rajkovich et al. 2012),rajkovich_2012,maize,Biomass,2.6,146.0,6.85,9.76,,27.0,Wood,400.0,744.0,4.57,1.0,year_index,0.0,,,,,-0.07472354619593642,,,,
W16,(Rajkovich et al. 2012),rajkovich_2012,maize,Biomass,6.5,146.0,6.85,9.76,,27.0,Wood,600.0,870.0,5.97,1.0,year_index,0.0,,,,,-0.03252319170556007,,,,
W16,(Rajkovich et al. 2012),rajkovich_2012,maize,Biomass,26.0,146.0,6.85,9.76,,27.0,Wood,600.0,870.0,5.97,1.0,year_index,0.0,,,,,-0.027371196796132015,,,,
W16,(Rajkovich et al. 2012),rajkovich_2012,maize,Biomass,91.0,146.0,6.85,9.76,,27.0,Nonwood,300.0,699.0,6.35,1.0,year_index,0.0,,,,,-0.027371196796132015,,,,
W16,(Rajkovich et al. 2012),rajkovich_2012,maize,Biomass,26.0,146.0,6.85,9.76,,27.0,Wood,500.0,839.0,5.78,1.0,year_index,0.0,,,,,-0.02326862693935433,,,,
W16,(Rajkovich et al. 2012),rajkovich_2012,maize,Biomass,2.6,146.0,6.85,9.76,,27.0,Nonwood,500.0,801.0,8.6,1.0,year_index,0.0,,,,,-0.020202707317519466,,,,
W16,(Rajkovich et al. 2012),rajkovich_2012,maize,Biomass,26.0,146.0,6.85,9.76,,27.0,Nonwood,600.0,232.0,10.53,1.0,year_index,0.0,,,,,-0.020202707317519466,,,,
W16,(Rajkovich et al. 2012),rajkovich_2012,maize,Biomass,2.6,146.0,6.85,9.76,,27.0,Nonwood,600.0,232.0,10.53,1.0,year_index,0.0,,,,,-0.017146158834970514,,,,
W16,(Rajkovich et al. 2012),rajkovich_2012,maize,Biomass,26.0,146.0,6.85,9.76,,27.0,Nonwood,400.0,200.0,8.18,1.0,year_index,0.0,,,,,-0.017146158834970514,,,,
W16,(Rajkovich et al. 2012),rajkovich_2012,maize,Biomass,6.5,146.0,6.85,9.76,,27.0,Wood,300.0,639.0,4.25,1.0,year_index,0.0,,,,,-0.012072581234269249,,,,
W16,(Rajkovich et al. 2012),rajkovich_2012,maize,Biomass,26.0,146.0,6.85,9.76,,27.0,Wood,400.0,788.0,4.58,1.0,year_index,0.0,,,,,-0.01005033585350145,,,,
W16,(Rajkovich et al. 2012),rajkovich_2012,maize,Biomass,6.5,146.0,6.85,9.76,,27.0,Wood,400.0,744.0,4.57,1.0,year_index,0.0,,,,,-0.008032171697264267,,,,
W16,(Rajkovich et al. 2012),rajkovich_2012,maize,Biomass,26.0,146.0,6.85,9.76,,27.0,Nonwood,600.0,841.0,8.85,1.0,year_index,0.0,,,,,-0.005012541823544286,,,,
W16,(Rajkovich et al. 2012),rajkovich_2012,maize,Biomass,91.0,146.0,6.85,9.76,,27.0,Wood,400.0,744.0,4.57,1.0,year_index,0.0,,,,,-0.0020020026706730793,,,,
W16,(Rajkovich et al. 2012),rajkovich_2012,maize,Biomass,2.6,146.0,6.85,9.76,,27.0,Nonwood,400.0,200.0,8.18,1.0,year_index,0.0,,,,,0.003992021269537457,,,,
W16,(Rajkovich et al. 2012),rajkovich_2012,maize,Biomass,2.6,146.0,6.85,9.76,,27.0,Wood,600.0,876.0,6.38,1.0,year_index,0.0,,,,,0.003992021269537457,,,,
W16,(Rajkovich et al. 2012),rajkovich_2012,maize,Biomass,2.6,146.0,6.85,9.76,,27.0,Nonwood,300.0,699.0,6.35,1.0,year_index,0.0,,,,,0.010939940038334263,,,,
W16,(Rajkovich et al. 2012),rajkovich_2012,maize,Biomass,2.6,146.0,6.85,9.76,,27.0,Wood,600.0,870.0,5.97,1.0,year_index,0.0,,,,,0.013902905168991434,,,,
W16,(Rajkovich et al. 2012),rajkovich_2012,maize,Biomass,26.0,146.0,6.85,9.76,,27.0,Nonwood,300.0,595.0,7.33,1.0,year_index,0.0,,,,,0.01291622526654623,,,,
W16,(Rajkovich et al. 2012),rajkovich_2012,maize,Biomass,91.0,146.0,6.85,9.76,,27.0,Wood,500.0,834.0,5.62,1.0,year_index,0.0,,,,,0.02078253918252841,,,,
W16,(Rajkovich et al. 2012),rajkovich_2012,maize,Biomass,6.5,146.0,6.85,9.76,,27.0,Nonwood,300.0,653.0,7.52,1.0,year_index,0.0,,,,,0.025667746748577813,,,,
W16,(Rajkovich et al. 2012),rajkovich_2012,maize,Biomass,2.6,146.0,6.85,9.76,,27.0,Wood,400.0,788.0,4.58,1.0,year_index,0.0,,,,,0.03343477608623742,,,,
W16,(Rajkovich et al. 2012),rajkovich_2012,maize,Biomass,6.5,146.0,6.85,9.76,,27.0,Nonwood,400.0,524.0,8.27,1.0,year_index,0.0,,,,,0.03246719013750141,,,,
W16,(Rajkovich et al. 2012),rajkovich_2012,maize,Biomass,26.0,146.0,6.85,9.76,,27.0,Nonwood,500.0,192.0,9.28,1.0,year_index,0.0,,,,,0.03440142671733232,,,,
W16,(Rajkovich et al. 2012),rajkovich_2012,maize,Biomass,6.5,146.0,6.85,9.76,,27.0,Wood,400.0,788.0,4.58,1.0,year_index,0.0,,,,,0.03729578474369693,,,,
W16,(Rajkovich et al. 2012),rajkovich_2012,maize,Biomass,6.5,146.0,6.85,9.76,,27.0,Wood,500.0,839.0,5.78,1.0,year_index,0.0,,,,,0.03729578474369693,,,,
W16,(Rajkovich et al. 2012),rajkovich_2012,maize,Biomass,26.0,146.0,6.85,9.76,,27.0,Wood,300.0,621.0,6.74,1.0,year_index,0.0,,,,,0.03729578474369693,,,,
W16,(Rajkovich et al. 2012),rajkovich_2012,maize,Biomass,6.5,146.0,6.85,9.76,,27.0,Nonwood,300.0,699.0,6.35,1.0,year_index,0.0,,,,,0.04305948946044701,,,,
W16,(Rajkovich et al. 2012),rajkovich_2012,maize,Biomass,91.0,146.0,6.85,9.76,,27.0,Nonwood,600.0,698.0,9.95,1.0,year_index,0.0,,,,,0.04305948946044701,,,,
W16,(Rajkovich et al. 2012),rajkovich_2012,maize,Biomass,2.6,146.0,6.85,9.76,,27.0,Nonwood,400.0,524.0,8.27,1.0,year_index,0.0,,,,,0.04401688541677426,,,,
W16,(Rajkovich et al. 2012),rajkovich_2012,maize,Biomass,6.5,146.0,6.85,9.76,,27.0,Manure,400.0,268.0,9.85,1.0,year_index,0.0,,,,,0.04305948946044701,,,,
W16,(Rajkovich et al. 2012),rajkovich_2012,maize,Biomass,26.0,146.0,6.85,9.76,,27.0,Nonwood,300.0,699.0,6.35,1.0,year_index,0.0,,,,,0.04688358589885046,,,,
W16,(Rajkovich et al. 2012),rajkovich_2012,maize,Biomass,91.0,146.0,6.85,9.76,,27.0,Wood,300.0,621.0,6.74,1.0,year_index,0.0,,,,,0.04783732941416006,,,,
W16,(Rajkovich et al. 2012),rajkovich_2012,maize,Biomass,6.5,146.0,6.85,9.76,,27.0,Nonwood,600.0,232.0,10.53,1.0,year_index,0.0,,,,,0.04879016416943204,,,,
W16,(Rajkovich et al. 2012),rajkovich_2012,maize,Biomass,26.0,146.0,6.85,9.76,,27.0,Wood,400.0,744.0,4.57,1.0,year_index,0.0,,,,,0.05638033343610769,,,,
W16,(Rajkovich et al. 2012),rajkovich_2012,maize,Biomass,91.0,146.0,6.85,9.76,,27.0,Wood,300.0,639.0,4.25,1.0,year_index,0.0,,,,,0.06109509935981083,,,,
W16,(Rajkovich et al. 2012),rajkovich_2012,maize,Biomass,26.0,146.0,6.85,9.76,,27.0,Nonwood,300.0,212.0,7.44,1.0,year_index,0.0,,,,,0.0620353909194527,,,,
W16,(Rajkovich et al. 2012),rajkovich_2012,maize,Biomass,91.0,146.0,6.85,9.76,,27.0,Nonwood,600.0,841.0,8.85,1.0,year_index,0.0,,,,,0.0620353909194527,,,,
W16,(Rajkovich et al. 2012),rajkovich_2012,maize,Biomass,2.6,146.0,6.85,9.76,,27.0,Manure,300.0,561.0,8.92,1.0,year_index,0.0,,,,,0.06391332574365285,,,,
W16,(Rajkovich et al. 2012),rajkovich_2012,maize,Biomass,6.5,146.0,6.85,9.76,,27.0,Nonwood,500.0,192.0,9.28,1.0,year_index,0.0,,,,,0.06391332574365285,,,,
W16,(Rajkovich et al. 2012),rajkovich_2012,maize,Biomass,26.0,146.0,6.85,9.76,,27.0,Wood,300.0,639.0,4.25,1.0,year_index,0.0,,,,,0.06485097231961627,,,,
W16,(Rajkovich et al. 2012),rajkovich_2012,maize,Biomass,6.5,146.0,6.85,9.76,,27.0,Nonwood,400.0,200.0,8.18,1.0,year_index,0.0,,,,,0.06859279146561167,,,,
W16,(Rajkovich et al. 2012),rajkovich_2012,maize,Biomass,6.5,146.0,6.85,9.76,,27.0,Nonwood,400.0,758.0,7.66,1.0,year_index,0.0,,,,,0.0695260626486103,,,,
W16,(Rajkovich et al. 2012),rajkovich_2012,maize,Biomass,6.5,146.0,6.85,9.76,,27.0,Nonwood,600.0,192.0,11.14,1.0,year_index,0.0,,,,,0.0769610411361284,,,,
W16,(Rajkovich et al. 2012),rajkovich_2012,maize,Biomass,91.0,146.0,6.85,9.76,,27.0,Nonwood,500.0,801.0,8.6,1.0,year_index,0.0,,,,,0.08250122151174377,,,,
W16,(Rajkovich et al. 2012),rajkovich_2012,maize,Biomass,91.0,146.0,6.85,9.76,,27.0,Manure,500.0,594.0,9.36,1.0,year_index,0.0,,,,,0.08342160813907236,,,,
W16,(Rajkovich et al. 2012),rajkovich_2012,maize,Biomass,6.5,146.0,6.85,9.76,,27.0,Nonwood,600.0,841.0,8.85,1.0,year_index,0.0,,,,,0.08617769624105241,,,,
W16,(Rajkovich et al. 2012),rajkovich_2012,maize,Biomass,6.5,146.0,6.85,9.76,,27.0,Manure,600.0,628.0,9.94,1.0,year_index,0.0,,,,,0.08617769624105241,,,,
W16,(Rajkovich et al. 2012),rajkovich_2012,maize,Biomass,2.6,146.0,6.85,9.76,,27.0,Wood,500.0,839.0,5.78,1.0,year_index,0.0,,,,,0.08984070399978954,,,,
W16,(Rajkovich et al. 2012),rajkovich_2012,maize,Biomass,2.6,146.0,6.85,9.76,,27.0,Nonwood,600.0,192.0,11.14,1.0,year_index,0.0,,,,,0.08984070399978954,,,,
W16,(Rajkovich et al. 2012),rajkovich_2012,maize,Biomass,91.0,146.0,6.85,9.76,,27.0,Nonwood,400.0,758.0,7.66,1.0,year_index,0.0,,,,,0.09166718852582387,,,,
W16,(Rajkovich et al. 2012),rajkovich_2012,maize,Biomass,26.0,146.0,6.85,9.76,,27.0,Wood,500.0,834.0,5.62,1.0,year_index,0.0,,,,,0.09349034308733897,,,,
W16,(Rajkovich et al. 2012),rajkovich_2012,maize,Biomass,2.6,146.0,6.85,9.76,,27.0,Manure,600.0,628.0,9.94,1.0,year_index,0.0,,,,,0.0962188577405429,,,,
W16,(Rajkovich et al. 2012),rajkovich_2012,maize,Biomass,2.6,146.0,6.85,9.76,,27.0,Manure,400.0,268.0,9.85,1.0,year_index,0.0,,,,,0.0980337402713654,,,,
W16,(Rajkovich et al. 2012),rajkovich_2012,maize,Biomass,6.5,146.0,6.85,9.76,,27.0,Nonwood,500.0,801.0,8.6,1.0,year_index,0.0,,,,,0.09893994785490365,,,,
W16,(Rajkovich et al. 2012),rajkovich_2012,maize,Biomass,2.6,146.0,6.85,9.76,,27.0,Manure,300.0,259.0,8.12,1.0,year_index,0.0,,,,,0.09984533496971612,,,,
W16,(Rajkovich et al. 2012),rajkovich_2012,maize,Biomass,2.6,146.0,6.85,9.76,,27.0,Nonwood,500.0,367.0,9.67,1.0,year_index,0.0,,,,,0.10165365372649982,,,,
W16,(Rajkovich et al. 2012),rajkovich_2012,maize,Biomass,2.6,146.0,6.85,9.76,,27.0,Nonwood,300.0,653.0,7.52,1.0,year_index,0.0,,,,,0.10345870836822997,,,,
W16,(Rajkovich et al. 2012),rajkovich_2012,maize,Biomass,91.0,146.0,6.85,9.76,,27.0,Nonwood,600.0,192.0,11.14,1.0,year_index,0.0,,,,,0.10975086395911929,,,,
W16,(Rajkovich et al. 2012),rajkovich_2012,maize,Biomass,91.0,146.0,6.85,9.76,,27.0,Nonwood,400.0,626.0,9.17,1.0,year_index,0.0,,,,,0.11778303565638346,,,,
W16,(Rajkovich et al. 2012),rajkovich_2012,maize,Biomass,6.5,146.0,6.85,9.76,,27.0,Manure,300.0,561.0,8.92,1.0,year_index,0.0,,,,,0.11955923505763925,,,,
W16,(Rajkovich et al. 2012),rajkovich_2012,maize,Biomass,6.5,146.0,6.85,9.76,,27.0,Nonwood,400.0,626.0,9.17,1.0,year_index,0.0,,,,,0.11955923505763925,,,,
W16,(Rajkovich et al. 2012),rajkovich_2012,maize,Biomass,91.0,146.0,6.85,9.76,,27.0,Nonwood,500.0,192.0,9.28,1.0,year_index,0.0,,,,,0.11955923505763925,,,,
W16,(Rajkovich et al. 2012),rajkovich_2012,maize,Biomass,2.6,146.0,6.85,9.76,,27.0,Wood,500.0,834.0,5.62,1.0,year_index,0.0,,,,,0.1231021971339834,,,,
W16,(Rajkovich et al. 2012),rajkovich_2012,maize,Biomass,2.6,146.0,6.85,9.76,,27.0,Manure,500.0,254.0,10.57,1.0,year_index,0.0,,,,,0.12486898204586927,,,,
W16,(Rajkovich et al. 2012),rajkovich_2012,maize,Biomass,26.0,146.0,6.85,9.76,,27.0,Wood,600.0,876.0,6.38,1.0,year_index,0.0,,,,,0.12486898204586927,,,,
W16,(Rajkovich et al. 2012),rajkovich_2012,maize,Biomass,91.0,146.0,6.85,9.76,,27.0,Wood,400.0,788.0,4.58,1.0,year_index,0.0,,,,,0.12486898204586927,,,,
W16,(Rajkovich et al. 2012),rajkovich_2012,maize,Biomass,2.6,146.0,6.85,9.76,,27.0,Wood,300.0,621.0,6.74,1.0,year_index,0.0,,,,,0.13714983814723367,,,,
W16,(Rajkovich et al. 2012),rajkovich_2012,maize,Biomass,2.6,146.0,6.85,9.76,,27.0,Manure,400.0,577.0,9.22,1.0,year_index,0.0,,,,,0.13889199886661865,,,,
W16,(Rajkovich et al. 2012),rajkovich_2012,maize,Biomass,6.5,146.0,6.85,9.76,,27.0,Nonwood,300.0,212.0,7.44,1.0,year_index,0.0,,,,,0.14583044821153954,,,,
W16,(Rajkovich et al. 2012),rajkovich_2012,maize,Biomass,2.6,146.0,6.85,9.76,,27.0,Nonwood,500.0,687.0,9.92,1.0,year_index,0.0,,,,,0.14842000511827322,,,,
W16,(Rajkovich et al. 2012),rajkovich_2012,maize,Biomass,26.0,146.0,6.85,9.76,,27.0,Manure,600.0,628.0,9.94,1.0,year_index,0.0,,,,,0.15100287353652742,,,,
W16,(Rajkovich et al. 2012),rajkovich_2012,maize,Biomass,2.6,146.0,6.85,9.76,,27.0,Nonwood,600.0,841.0,8.85,1.0,year_index,0.0,,,,,0.15443635330441896,,,,
W16,(Rajkovich et al. 2012),rajkovich_2012,maize,Biomass,2.6,146.0,6.85,9.76,,27.0,Manure,500.0,594.0,9.36,1.0,year_index,0.0,,,,,0.15443635330441896,,,,
W16,(Rajkovich et al. 2012),rajkovich_2012,maize,Biomass,6.5,146.0,6.85,9.76,,27.0,Nonwood,500.0,367.0,9.67,1.0,year_index,0.0,,,,,0.15614868248993138,,,,
W16,(Rajkovich et al. 2012),rajkovich_2012,maize,Biomass,26.0,146.0,6.85,9.76,,27.0,Nonwood,500.0,801.0,8.6,1.0,year_index,0.0,,,,,0.15614868248993138,,,,
W16,(Rajkovich et al. 2012),rajkovich_2012,maize,Biomass,2.6,146.0,6.85,9.76,,27.0,Nonwood,600.0,698.0,9.95,1.0,year_index,0.0,,,,,0.1587116911548208,,,,
W16,(Rajkovich et al. 2012),rajkovich_2012,maize,Biomass,6.5,146.0,6.85,9.76,,27.0,Wood,500.0,834.0,5.62,1.0,year_index,0.0,,,,,0.16126814759612232,,,,
W16,(Rajkovich et al. 2012),rajkovich_2012,maize,Biomass,26.0,146.0,6.85,9.76,,27.0,Nonwood,400.0,758.0,7.66,1.0,year_index,0.0,,,,,0.16211884947643512,,,,
W16,(Rajkovich et al. 2012),rajkovich_2012,maize,Biomass,2.6,146.0,6.85,9.76,,27.0,Nonwood,400.0,758.0,7.66,1.0,year_index,0.0,,,,,0.1672079189839064,,,,
W16,(Rajkovich et al. 2012),rajkovich_2012,maize,Biomass,6.5,146.0,6.85,9.76,,27.0,Wood,600.0,876.0,6.38,1.0,year_index,0.0,,,,,0.16805358499624976,,,,
W16,(Rajkovich et al. 2012),rajkovich_2012,maize,Biomass,2.6,146.0,6.85,9.76,,27.0,Nonwood,400.0,626.0,9.17,1.0,year_index,0.0,,,,,0.16889853646181388,,,,
W16,(Rajkovich et al. 2012),rajkovich_2012,maize,Biomass,6.5,146.0,6.85,9.76,,27.0,Manure,500.0,594.0,9.36,1.0,year_index,0.0,,,,,0.16889853646181388,,,,
W16,(Rajkovich et al. 2012),rajkovich_2012,maize,Biomass,2.6,146.0,6.85,9.76,,27.0,Nonwood,300.0,212.0,7.44,1.0,year_index,0.0,,,,,0.17227122094045313,,,,
W16,(Rajkovich et al. 2012),rajkovich_2012,maize,Biomass,26.0,146.0,6.85,9.76,,27.0,Manure,500.0,594.0,9.36,1.0,year_index,0.0,,,,,0.1764711431157791,,,,
W16,(Rajkovich et al. 2012),rajkovich_2012,maize,Biomass,91.0,146.0,6.85,9.76,,27.0,Nonwood,500.0,687.0,9.92,1.0,year_index,0.0,,,,,0.17898265552843995,,,,
W16,(Rajkovich et al. 2012),rajkovich_2012,maize,Biomass,6.5,146.0,6.85,9.76,,27.0,Nonwood,300.0,595.0,7.33,1.0,year_index,0.0,,,,,0.1881379421153945,,,,
W16,(Rajkovich et al. 2012),rajkovich_2012,maize,Biomass,2.6,146.0,6.85,9.76,,27.0,Nonwood,500.0,192.0,9.28,1.0,year_index,0.0,,,,,0.18979357163265567,,,,
W16,(Rajkovich et al. 2012),rajkovich_2012,maize,Biomass,6.5,146.0,6.85,9.76,,27.0,Manure,600.0,236.0,10.65,1.0,year_index,0.0,,,,,0.19309662996191315,,,,
W16,(Rajkovich et al. 2012),rajkovich_2012,maize,Biomass,26.0,146.0,6.85,9.76,,27.0,Manure,300.0,561.0,8.92,1.0,year_index,0.0,,,,,0.19556678354397525,,,,
W16,(Rajkovich et al. 2012),rajkovich_2012,maize,Biomass,6.5,146.0,6.85,9.76,,27.0,Manure,500.0,254.0,10.57,1.0,year_index,0.0,,,,,0.19803085049913455,,,,
W16,(Rajkovich et al. 2012),rajkovich_2012,maize,Biomass,91.0,146.0,6.85,9.76,,27.0,Manure,600.0,236.0,10.65,1.0,year_index,0.0,,,,,0.20048886074940356,,,,
W16,(Rajkovich et al. 2012),rajkovich_2012,maize,Biomass,2.6,146.0,6.85,9.76,,27.0,Wood,300.0,639.0,4.25,1.0,year_index,0.0,,,,,0.20294084399669038,,,,
W16,(Rajkovich et al. 2012),rajkovich_2012,maize,Biomass,26.0,146.0,6.85,9.76,,27.0,Manure,400.0,577.0,9.22,1.0,year_index,0.0,,,,,0.20294084399669038,,,,
W16,(Rajkovich et al. 2012),rajkovich_2012,maize,Biomass,6.5,146.0,6.85,9.76,,27.0,Nonwood,500.0,687.0,9.92,1.0,year_index,0.0,,,,,0.20782684720231653,,,,
W16,(Rajkovich et al. 2012),rajkovich_2012,maize,Biomass,26.0,146.0,6.85,9.76,,27.0,Manure,500.0,254.0,10.57,1.0,year_index,0.0,,,,,0.21026092548319605,,,,
W16,(Rajkovich et al. 2012),rajkovich_2012,maize,Biomass,26.0,146.0,6.85,9.76,,27.0,Nonwood,600.0,192.0,11.14,1.0,year_index,0.0,,,,,0.2143046026470055,,,,
W16,(Rajkovich et al. 2012),rajkovich_2012,maize,Biomass,26.0,146.0,6.85,9.76,,27.0,Nonwood,500.0,687.0,9.92,1.0,year_index,0.0,,,,,0.23507212217948348,,,,
W16,(Rajkovich et al. 2012),rajkovich_2012,maize,Biomass,2.6,146.0,6.85,9.76,,27.0,Manure,600.0,236.0,10.65,1.0,year_index,0.0,,,,,0.2374408560150342,,,,
W16,(Rajkovich et al. 2012),rajkovich_2012,maize,Biomass,26.0,146.0,6.85,9.76,,27.0,Manure,600.0,236.0,10.65,1.0,year_index,0.0,,,,,0.2429461786103894,,,,
W16,(Rajkovich et al. 2012),rajkovich_2012,maize,Biomass,6.5,146.0,6.85,9.76,,27.0,Manure,400.0,577.0,9.22,1.0,year_index,0.0,,,,,0.24529635595534308,,,,
W16,(Rajkovich et al. 2012),rajkovich_2012,maize,Biomass,26.0,146.0,6.85,9.76,,27.0,Nonwood,400.0,626.0,9.17,1.0,year_index,0.0,,,,,0.24842135849847832,,,,
W16,(Rajkovich et al. 2012),rajkovich_2012,maize,Biomass,91.0,146.0,6.85,9.76,,27.0,Manure,500.0,254.0,10.57,1.0,year_index,0.0,,,,,0.25464221837358075,,,,
W16,(Rajkovich et al. 2012),rajkovich_2012,maize,Biomass,26.0,146.0,6.85,9.76,,27.0,Nonwood,600.0,698.0,9.95,1.0,year_index,0.0,,,,,0.25464221837358075,,,,
W16,(Rajkovich et al. 2012),rajkovich_2012,maize,Biomass,6.5,146.0,6.85,9.76,,27.0,Manure,300.0,259.0,8.12,1.0,year_index,0.0,,,,,0.27763173659827955,,,,
W16,(Rajkovich et al. 2012),rajkovich_2012,maize,Biomass,2.6,146.0,6.85,9.76,,27.0,Nonwood,300.0,595.0,7.33,1.0,year_index,0.0,,,,,0.2806574575148165,,,,
W16,(Rajkovich et al. 2012),rajkovich_2012,maize,Biomass,26.0,146.0,6.85,9.76,,27.0,Manure,400.0,268.0,9.85,1.0,year_index,0.0,,,,,0.2814124594381855,,,,
W16,(Rajkovich et al. 2012),rajkovich_2012,maize,Biomass,6.5,146.0,6.85,9.76,,27.0,Nonwood,600.0,698.0,9.95,1.0,year_index,0.0,,,,,0.28517894223366247,,,,
W16,(Rajkovich et al. 2012),rajkovich_2012,maize,Biomass,91.0,146.0,6.85,9.76,,27.0,Manure,400.0,268.0,9.85,1.0,year_index,0.0,,,,,0.3343270802748248,,,,
W16,(Rajkovich et al. 2012),rajkovich_2012,maize,Biomass,91.0,146.0,6.85,9.76,,27.0,Manure,300.0,259.0,8.12,1.0,year_index,0.0,,,,,0.3576744442718159,,,,
W16,(Rajkovich et al. 2012),rajkovich_2012,maize,Biomass,26.0,146.0,6.85,9.76,,27.0,Manure,300.0,259.0,8.12,1.0,year_index,0.0,,,,,0.37775126954064864,,,,
W16,(Rodríguez et al. 2011),rodriguez_2011,maize,Biomass,50.0,100.0,4.5,,,,Nonwood,,650.0,9.0,1.0,year_index,0.0,6.25,-73.5,,,1.1108701860636117,,,,
W16,(Rodríguez et al. 2011),rodriguez_2011,maize,Biomass,50.0,0.0,4.5,,,,Nonwood,,650.0,9.0,1.0,year_index,0.0,6.25,-73.5,,,1.6567031049012146,,,,
W16,(Rondon et al. 2007),rondon_2007,beans,Biomass,145.8,20.0,5.13,10.25,,,Wood,350.0,823.0,7.0,1.0,year_index,0.0,4.19,-72.39,,,-0.31608154697347896,,,,
W16,(Rondon et al. 2007),rondon_2007,beans,Biomass,145.8,20.0,5.04,10.82,,,Wood,350.0,823.0,7.0,1.0,year_index,0.0,4.19,-72.39,,,-0.26657310924154576,,,,
W16,(Rondon et al. 2007),rondon_2007,beans,Biomass (total),145.8,20.0,5.13,10.25,,,Wood,350.0,823.0,7.0,1.0,year_index,0.0,4.19,-72.39,,,-0.18753512384684212,,,,
W16,(Rondon et al. 2007),rondon_2007,beans,Biomass,48.6,20.0,5.13,10.25,,,Wood,350.0,823.0,7.0,1.0,year_index,0.0,4.19,-72.39,,,0.0,,,,
W16,(Rondon et al. 2007),rondon_2007,beans,Grain,48.6,20.0,5.04,10.82,,,Wood,350.0,823.0,7.0,1.0,year_index,0.0,4.19,-72.39,,,0.0,,,,
W16,(Rondon et al. 2007),rondon_2007,beans,Biomass,97.2,20.0,5.13,10.25,,,Wood,350.0,823.0,7.0,1.0,year_index,0.0,4.19,-72.39,,,0.0,,,,
W16,(Rondon et al. 2007),rondon_2007,beans,Biomass (total),145.8,20.0,5.04,10.82,,,Wood,350.0,823.0,7.0,1.0,year_index,0.0,4.19,-72.39,,,0.06578774053800315,,,,
W16,(Rondon et al. 2007),rondon_2007,beans,Biomass (total),48.6,20.0,5.13,10.25,,,Wood,350.0,823.0,7.0,1.0,year_index,0.0,4.19,-72.39,,,0.10795714150509236,,,,
W16,(Rondon et al. 2007),rondon_2007,beans,Biomass (total),97.2,20.0,5.13,10.25,,,Wood,350.0,823.0,7.0,1.0,year_index,0.0,4.19,-72.39,,,0.10795714150509236,,,,
W16,(Rondon et al. 2007),rondon_2007,beans,Biomass (total),48.6,20.0,5.04,10.82,,,Wood,350.0,823.0,7.0,1.0,year_index,0.0,4.19,-72.39,,,0.2413763195752694,,,,
W16,(Rondon et al. 2007),rondon_2007,beans,Grain,145.8,20.0,5.13,10.25,,,Wood,350.0,823.0,7.0,1.0,year_index,0.0,4.19,-72.39,,,0.268499253035007,,,,
W16,(Rondon et al. 2007),rondon_2007,beans,Grain,97.2,20.0,5.04,10.82,,,Wood,350.0,823.0,7.0,1.0,year_index,0.0,4.19,-72.39,,,0.2723145953206591,,,,
W16,(Rondon et al. 2007),rondon_2007,beans,Biomass (total),97.2,20.0,5.04,10.82,,,Wood,350.0,823.0,7.0,1.0,year_index,0.0,4.19,-72.39,,,0.32642190076771144,,,,
W16,(Rondon et al. 2007),rondon_2007,beans,Biomass,48.6,20.0,5.04,10.82,,,Wood,350.0,823.0,7.0,1.0,year_index,0.0,4.19,-72.39,,,0.44018854416654996,,,,
W16,(Rondon et al. 2007),rondon_2007,beans,Biomass,97.2,20.0,5.04,10.82,,,Wood,350.0,823.0,7.0,1.0,year_index,0.0,4.19,-72.39,,,0.44018854416654996,,,,
W16,(Rondon et al. 2007),rondon_2007,beans,Grain,145.8,20.0,5.04,10.82,,,Wood,350.0,823.0,7.0,1.0,year_index,0.0,4.19,-72.39,,,0.44596705141749426,,,,
W16,(Rondon et al. 2007),rondon_2007,beans,Grain,48.6,20.0,5.13,10.25,,,Wood,350.0,823.0,7.0,1.0,year_index,0.0,4.19,-72.39,,,0.6130211360806604,,,,
W16,(Rondon et al. 2007),rondon_2007,beans,Grain,97.2,20.0,5.13,10.25,,,Wood,350.0,823.0,7.0,1.0,year_index,0.0,4.19,-72.39,,,0.6130211360806604,,,,
W16,(Schnell et al. 2012),schnell_2012,sorghum,Biomass,3.0,30.0,6.23,,2.5,,Nonwood,530.0,,,1.0,year_index,0.0,,,,,-0.11765804346823246,,,,
W16,(Schnell et al. 2012),schnell_2012,sorghum,Biomass,3.0,30.0,6.43,,2.5,,Nonwood,530.0,,,1.0,year_index,0.0,,,,,-0.10536051565782628,,,,
W16,(Schnell et al. 2012),schnell_2012,sorghum,Biomass,1.5,30.0,6.43,,2.5,,Nonwood,530.0,,,1.0,year_index,0.0,,,,,0.0,,,,
W16,(Schnell et al. 2012),schnell_2012,sorghum,Biomass,1.5,30.0,6.43,,2.5,,Nonwood,530.0,,,1.0,year_index,0.0,,,,,0.09531017980432493,,,,
W16,(Schnell et al. 2012),schnell_2012,sorghum,Biomass,3.0,30.0,6.43,,2.5,,Nonwood,530.0,,,1.0,year_index,0.0,,,,,0.09531017980432493,,,,
W16,(Schnell et al. 2012),schnell_2012,sorghum,Biomass,3.0,30.0,6.23,,2.5,,Nonwood,530.0,,,1.0,year_index,0.0,,,,,0.15443635330441896,,,,
W16,(Shackley et al. 2012),shackley_2012,rice,Biomass,41.5,,5.5,,,,Nonwood,1000.0,350.0,9.63,1.0,year_index,1.0,13.5,103.75,,,0.003992021269537457,,,,
W16,(Shackley et al. 2012),shackley_2012,rice,Grain,41.5,,5.5,,,,Nonwood,1000.0,350.0,9.63,1.0,year_index,1.0,13.5,103.75,,,0.0944006754214843,,,,
W16,(Shackley et al. 2012),shackley_2012,rice,Biomass,41.5,,5.5,,,,Nonwood,1000.0,350.0,9.63,1.0,year_index,1.0,13.5,103.75,,,0.18647956694261839,,,,
W16,(Shackley et al. 2012),shackley_2012,rice,Grain,41.5,,5.5,,,,Nonwood,1000.0,350.0,9.63,1.0,year_index,1.0,13.5,103.75,,,0.28367405105424215,,,,
W16,(Shackley et al. 2012),shackley_2012,rice,Grain,41.5,0.0,5.5,,,,Nonwood,1000.0,350.0,9.63,1.0,year_index,1.0,13.5,103.75,,,0.35276731910771536,,,,
W16,(Shackley et al. 2012),shackley_2012,rice,Biomass,41.5,0.0,5.5,,,,Nonwood,1000.0,350.0,9.63,1.0,year_index,1.0,13.5,103.75,,,0.4885800148186709,,,,
W16,(Sokchea et al. 2013),sokchea_2013,rice,Grain,30.0,100.0,5.5,,,8.6,Nonwood,500.0,59.9,10.7,1.0,year_index,1.0,11.5,105.0,,,0.11154137473290751,,,,
W16,(Sokchea et al. 2013),sokchea_2013,rice,Grain,30.0,100.0,5.5,,,8.6,Nonwood,600.0,312.0,9.8,1.0,year_index,1.0,11.5,105.0,,,0.16381808522939492,,,,
W16,(Sokchea et al. 2013),sokchea_2013,rice,Grain,30.0,100.0,5.5,,,8.6,Nonwood,500.0,59.9,10.7,1.0,year_index,1.0,11.5,105.0,,,0.5241366378256631,,,,
W16,(Sokchea et al. 2013),sokchea_2013,rice,Grain,30.0,100.0,5.5,,,8.6,Nonwood,600.0,312.0,9.8,1.0,year_index,1.0,11.5,105.0,,,0.5704144151776481,,,,
W16,(Solaiman et al. 2010),solaiman_2010,wheat,Grain,3.0,12.8,5.3,1.8,15.5,,Wood,,304.0,8.4,1.0,year_index,1.0,-28.5,115.75,,,-0.07042246429654582,,,,
W16,(Solaiman et al. 2010),solaiman_2010,wheat,Grain,6.0,14.8,5.3,1.8,15.5,,Wood,,304.0,8.4,1.0,year_index,1.0,-28.5,115.75,,,-0.03459144476961909,,,,
W16,(Solaiman et al. 2010),solaiman_2010,wheat,Grain,3.0,14.8,5.3,1.8,15.5,,Wood,,304.0,8.4,1.0,year_index,1.0,-28.5,115.75,,,0.03052920503482279,,,,
W16,(Solaiman et al. 2010),solaiman_2010,wheat,Grain,6.0,12.8,5.3,1.8,15.5,,Wood,,304.0,8.4,1.0,year_index,1.0,-28.5,115.75,,,0.16126814759612232,,,,
W16,(Solaiman et al. 2010),solaiman_2010,wheat,Grain,6.0,15.9,5.3,1.8,15.5,,Wood,,304.0,8.4,1.0,year_index,1.0,-28.5,115.75,,,0.3562748639173926,,,,
W16,(Solaiman et al. 2010),solaiman_2010,wheat,Grain,3.0,15.9,5.3,1.8,15.5,,Wood,,304.0,8.4,1.0,year_index,1.0,-28.5,115.75,,,0.3804891220379873,,,,
W16,(Steiner et al. 2007),steiner_2007,sorghum,Biomass,11.0,30.0,4.7,1.6,24.0,,Wood,500.0,750.0,,1.0,year_index,1.0,-3.0,-60.0,,,0.371563556432483,,,,
W16,(Steiner et al. 2007),steiner_2007,sorghum,Grain,11.0,30.0,4.7,1.6,24.0,,Wood,500.0,750.0,,1.0,year_index,1.0,-3.0,-60.0,,,0.5446471722415014,,,,
W16,(Steiner et al. 2007),steiner_2007,sorghum,Biomass,11.0,55.0,4.7,1.6,24.0,,Wood,500.0,750.0,,2.0,year_index,1.0,-3.0,-60.0,,,0.9809542451998772,,,,
W16,(Steiner et al. 2007),steiner_2007,sorghum,Grain,11.0,55.0,4.7,1.6,24.0,,Wood,500.0,750.0,,2.0,year_index,1.0,-3.0,-60.0,,,2.022341949639263,,,,
W16,(Suddick & Six 2013),suddick_2013,mixed vegetables,Biomass,10.0,271.0,7.8,33.4,11.6,22.0,Nonwood,900.0,553.0,9.7,3.0,year_index,1.0,38.55,121.74,,,-0.5395680926316447,,,,
W16,(Suddick & Six 2013),suddick_2013,mixed vegetables,Biomass,10.0,271.0,7.8,33.4,11.6,22.0,Nonwood,900.0,553.0,9.7,4.0,year_index,1.0,38.55,121.74,,,-0.4049652330665133,,,,
W16,(Suddick & Six 2013),suddick_2013,mixed vegetables,Biomass,10.0,271.0,7.8,33.4,11.6,22.0,Nonwood,900.0,553.0,9.7,2.0,year_index,1.0,38.55,121.74,,,-0.08229524272683016,,,,
W16,(Suddick & Six 2013),suddick_2013,mixed vegetables,Biomass,10.0,271.0,7.8,33.4,11.6,22.0,Nonwood,900.0,553.0,9.7,1.0,year_index,1.0,38.55,121.74,,,-0.011060947359424948,,,,
W16,(Sukartono et al. 2011),sukartono_2011,maize,Grain,15.0,135.0,5.97,11.74,8.9,9.0,Nonwood,254.0,806.0,9.9,1.0,year_index,1.0,-8.5,116.5,,,0.07232066157962608,,,,
W16,(Sukartono et al. 2011),sukartono_2011,maize,Grain,15.0,135.0,5.97,16.79,8.9,9.0,Manure,254.0,235.0,8.9,1.0,year_index,1.0,-8.5,116.5,,,0.08984070399978954,,,,
W16,(Sukartono et al. 2011),sukartono_2011,maize,Grain,15.0,135.0,5.97,11.74,8.9,9.0,Nonwood,254.0,806.0,9.9,2.0,year_index,1.0,-8.5,116.5,,,0.19309662996191315,,,,
W16,(Sukartono et al. 2011),sukartono_2011,maize,Grain,15.0,135.0,5.97,16.79,8.9,9.0,Manure,254.0,235.0,8.9,2.0,year_index,1.0,-8.5,116.5,,,0.21026092548319605,,,,
W16,(Tagoe et al. 2008),tagoe_2008,soybeans,Grain,4.95,0.0,5.62,,8.8,,Manure,500.0,501.0,7.76,1.0,year_index,0.0,35.5,136.75,,,0.18647956694261839,,,,
W16,(Tagoe et al. 2008),tagoe_2008,soybeans,Grain,2.28,0.0,5.62,,8.8,,Manure,450.0,498.0,9.93,1.0,year_index,0.0,35.5,136.75,,,0.3428802329165432,,,,
W16,(Tagoe et al. 2008),tagoe_2008,soybeans,Grain,4.95,0.0,5.62,,8.8,,Manure,500.0,501.0,7.76,1.0,year_index,0.0,35.5,136.75,,,0.35346981298978397,,,,
W16,(Tagoe et al. 2008),tagoe_2008,cowpea,Grain,4.95,0.0,5.62,,8.8,,Manure,500.0,501.0,7.76,1.0,year_index,0.0,35.5,136.75,,,0.4649910874221913,,,,
W16,(Tagoe et al. 2008),tagoe_2008,soybeans,Grain,2.28,0.0,5.62,,8.8,,Manure,450.0,498.0,9.93,1.0,year_index,0.0,35.5,136.75,,,0.4898062565419152,,,,
W16,(Tagoe et al. 2008),tagoe_2008,cowpea,Grain,4.95,0.0,5.62,,8.8,,Manure,500.0,501.0,7.76,1.0,year_index,0.0,35.5,136.75,,,0.5152159720672835,,,,
W16,(Tagoe et al. 2008),tagoe_2008,cowpea,Grain,2.28,0.0,5.62,,8.8,,Manure,450.0,498.0,9.93,1.0,year_index,0.0,35.5,136.75,,,0.6876319998718352,,,,
W16,(Tagoe et al. 2008),tagoe_2008,cowpea,Grain,2.28,0.0,5.62,,8.8,,Manure,450.0,498.0,9.93,1.0,year_index,0.0,35.5,136.75,,,0.8993480111438431,,,,
W16,(Tatarková et al. 2013),tatarkova_2013,sunflower,Biomass,30.0,,7.91,19.3,14.7,10.8,Nonwood,300.0,517.0,10.6,1.0,year_index,0.0,,,,,0.17142911562753102,,,,
W16,(Tatarková et al. 2013),tatarkova_2013,sunflower,Biomass,30.0,,7.91,19.3,14.7,10.8,Nonwood,300.0,517.0,10.6,1.0,year_index,0.0,,,,,0.3569748989477304,,,,
W16,(Uddin et al. 1994),uddin_1994,sugar cane,Biomass (total),8.0,,,,,,Wood,,,,1.0,year_index,1.0,26.5,127.5,,,0.058268908123975824,,,,
W16,(Uddin et al. 1994),uddin_1994,sugar cane,Biomass (total),2.0,,,,,,Wood,,,,1.0,year_index,1.0,26.5,127.5,,,0.07510747248680548,,,,
W16,(Uddin et al. 1994),uddin_1994,sugar cane,Biomass (total),4.0,,,,,,Wood,,,,1.0,year_index,1.0,26.5,127.5,,,0.10074990310014315,,,,
W16,(Van Zwieten et al. 2010),van_2010,radish,Biomass,10.0,16.25,7.67,31.0,,,Wood,550.0,520.0,8.2,1.0,year_index,0.0,-34.25,142.25,,,-0.9808292530117262,,,,
W16,(Van Zwieten et al. 2010),van_2010,wheat,Biomass,10.0,0.0,7.67,31.0,,,Wood,550.0,500.0,9.4,1.0,year_index,0.0,-34.25,142.25,,,-0.6931471805599453,,,,
W16,(Van Zwieten et al. 2010),van_2010,wheat,Biomass,10.0,16.25,7.67,31.0,,,Wood,550.0,500.0,9.4,1.0,year_index,0.0,-34.25,142.25,,,-0.6367668471238376,,,,
W16,(Van Zwieten et al. 2010),van_2010,wheat,Biomass,10.0,16.25,7.67,31.0,,,Wood,550.0,520.0,8.2,1.0,year_index,0.0,-34.25,142.25,,,-0.34814004148889505,,,,
W16,(Van Zwieten et al. 2010),van_2010,soybeans,Biomass,10.0,0.0,7.67,31.0,,,Wood,550.0,500.0,9.4,1.0,year_index,0.0,-34.25,142.25,,,-0.14618251017808145,,,,
W16,(Van Zwieten et al. 2010),van_2010,wheat,Biomass,10.0,0.0,7.67,31.0,,,Wood,550.0,520.0,8.2,1.0,year_index,0.0,-34.25,142.25,,,-0.13353139262452263,,,,
W16,(Van Zwieten et al. 2010),van_2010,soybeans,Biomass,10.0,0.0,7.67,31.0,,,Wood,550.0,520.0,8.2,1.0,year_index,0.0,-34.25,142.25,,,0.0,,,,
W16,(Van Zwieten et al. 2010),van_2010,soybeans,Biomass,10.0,0.0,4.2,4.03,,,Wood,550.0,500.0,9.4,1.0,year_index,0.0,-28.5,153.5,,,0.15443635330441896,,,,
W16,(Van Zwieten et al. 2010),van_2010,soybeans,Biomass,10.0,0.0,4.2,4.03,,,Wood,550.0,520.0,8.2,1.0,year_index,0.0,-28.5,153.5,,,0.15443635330441896,,,,
W16,(Van Zwieten et al. 2010),van_2010,soybeans,Biomass,10.0,16.25,7.67,31.0,,,Wood,550.0,520.0,8.2,1.0,year_index,0.0,-34.25,142.25,,,0.18647956694261839,,,,
W16,(Van Zwieten et al. 2010),van_2010,wheat,Biomass,10.0,0.0,4.2,4.03,,,Wood,550.0,500.0,9.4,1.0,year_index,0.0,-28.5,153.5,,,0.28743204119657156,,,,
W16,(Van Zwieten et al. 2010),van_2010,soybeans,Biomass,10.0,16.25,7.67,31.0,,,Wood,550.0,500.0,9.4,1.0,year_index,0.0,-34.25,142.25,,,0.30674913516900665,,,,
W16,(Van Zwieten et al. 2010),van_2010,soybeans,Biomass,10.0,16.25,4.2,4.03,,,Wood,550.0,500.0,9.4,1.0,year_index,0.0,-28.5,153.5,,,0.3133498192003588,,,,
W16,(Van Zwieten et al. 2010),van_2010,radish,Biomass,10.0,16.25,4.2,4.03,,,Wood,550.0,520.0,8.2,1.0,year_index,0.0,-28.5,153.5,,,0.3364722366212129,,,,
W16,(Van Zwieten et al. 2010),van_2010,wheat,Biomass,10.0,0.0,4.2,4.03,,,Wood,550.0,520.0,8.2,1.0,year_index,0.0,-28.5,153.5,,,0.511025603768657,,,,
W16,(Van Zwieten et al. 2010),van_2010,soybeans,Biomass,10.0,16.25,4.2,4.03,,,Wood,550.0,520.0,8.2,1.0,year_index,0.0,-28.5,153.5,,,0.521171915820135,,,,
W16,(Van Zwieten et al. 2010),van_2010,radish,Biomass,10.0,16.25,4.2,4.03,,,Wood,550.0,500.0,9.4,1.0,year_index,0.0,-28.5,153.5,,,0.5306282510621704,,,,
W16,(Van Zwieten et al. 2010),van_2010,radish,Biomass,10.0,0.0,4.2,4.03,,,Wood,550.0,500.0,9.4,1.0,year_index,0.0,-28.5,153.5,,,0.6931471805599453,,,,
W16,(Van Zwieten et al. 2010),van_2010,wheat,Biomass,10.0,16.25,4.2,4.03,,,Wood,550.0,500.0,9.4,1.0,year_index,0.0,-28.5,153.5,,,0.8754687373538999,,,,
W16,(Van Zwieten et al. 2010),van_2010,wheat,Biomass,10.0,16.25,4.2,4.03,,,Wood,550.0,520.0,8.2,1.0,year_index,0.0,-28.5,153.5,,,1.0296194171811581,,,,
W16,(Van Zwieten et al. 2010),van_2010,radish,Biomass,10.0,0.0,7.67,31.0,,,Wood,550.0,520.0,8.2,1.0,year_index,0.0,-34.25,142.25,,,1.252762968495368,,,,
W16,(Wang et al. 2012),wang_2012,rice,Biomass,10.0,0.0,6.6,,14.7,,Nonwood,450.0,465.4,9.1,1.0,year_index,0.0,32.0,119.0,,,-0.08121005542554317,,,,
W16,(Wang et al. 2012),wang_2012,rice,Grain,10.0,0.0,6.6,,14.7,,Nonwood,450.0,465.4,9.1,1.0,year_index,0.0,32.0,119.0,,,-0.03459144476961909,,,,
W16,(Wang et al. 2012),wang_2012,wheat,Biomass,10.0,0.0,6.6,,14.7,,Nonwood,450.0,465.4,9.1,1.0,year_index,0.0,32.0,119.0,,,0.04401688541677426,,,,
W16,(Wang et al. 2012),wang_2012,wheat,Grain,10.0,200.0,6.6,,14.7,,Nonwood,450.0,465.4,9.1,1.0,year_index,0.0,32.0,119.0,,,0.08342160813907236,,,,
W16,(Wang et al. 2012),wang_2012,rice,Grain,10.0,200.0,6.6,,14.7,,Nonwood,450.0,465.4,9.1,1.0,year_index,0.0,32.0,119.0,,,0.10255658832509215,,,,
W16,(Wang et al. 2012),wang_2012,wheat,Biomass,10.0,200.0,6.6,,14.7,,Nonwood,450.0,465.4,9.1,1.0,year_index,0.0,32.0,119.0,,,0.14669437915080344,,,,
W16,(Wang et al. 2012),wang_2012,rice,Biomass,10.0,200.0,6.6,,14.7,,Nonwood,450.0,465.4,9.1,1.0,year_index,0.0,32.0,119.0,,,0.20130685670503537,,,,
W16,(Wisnubroto et al. 2011),wisnubroto_2011,ryegrass,Biomass,1.5,0.0,5.8,2.04,5.0,,Manure,,261.0,,1.0,year_index,0.0,-40.35,175.61,,,-0.916290731874155,,,,
W16,(Wisnubroto et al. 2011),wisnubroto_2011,ryegrass,Biomass,1.5,0.0,5.8,2.04,5.0,,Nonwood,,452.0,,1.0,year_index,0.0,-40.35,175.61,,,-0.6931471805599453,,,,
W16,(Wisnubroto et al. 2011),wisnubroto_2011,ryegrass,Biomass,5.0,0.0,5.8,2.04,5.0,,Manure,,261.0,,1.0,year_index,0.0,-40.35,175.61,,,-0.6931471805599453,,,,
W16,(Wisnubroto et al. 2011),wisnubroto_2011,ryegrass,Biomass,5.0,0.0,5.8,2.04,5.0,,Nonwood,,452.0,,1.0,year_index,0.0,-40.35,175.61,,,-0.6329932577401982,,,,
W16,(Wisnubroto et al. 2011),wisnubroto_2011,ryegrass,Biomass,10.0,0.0,5.8,2.04,5.0,,Nonwood,,452.0,,1.0,year_index,0.0,-40.35,175.61,,,-0.6329932577401982,,,,
W16,(Wisnubroto et al. 2011),wisnubroto_2011,ryegrass,Biomass,10.0,0.0,5.8,2.04,5.0,,Manure,,261.0,,1.0,year_index,0.0,-40.35,175.61,,,-0.6292338548162925,,,,
W16,(Wisnubroto et al. 2011),wisnubroto_2011,ryegrass,Biomass,1.5,113.0,5.8,2.04,5.0,,Nonwood,,452.0,,1.0,year_index,0.0,-40.35,175.61,,,0.14496577025018564,,,,
W16,(Wisnubroto et al. 2011),wisnubroto_2011,ryegrass,Biomass,1.5,113.0,5.8,2.04,5.0,,Manure,,261.0,,1.0,year_index,0.0,-40.35,175.61,,,0.3597701488460348,,,,
W16,(Wisnubroto et al. 2011),wisnubroto_2011,ryegrass,Biomass,5.0,113.0,5.8,2.04,5.0,,Manure,,261.0,,1.0,year_index,0.0,-40.35,175.61,,,0.5306282510621704,,,,
W16,(Wisnubroto et al. 2011),wisnubroto_2011,ryegrass,Biomass,5.0,113.0,5.8,2.04,5.0,,Nonwood,,452.0,,1.0,year_index,0.0,-40.35,175.61,,,0.5417427264007123,,,,
W16,(Wisnubroto et al. 2011),wisnubroto_2011,ryegrass,Biomass,10.0,113.0,5.8,2.04,5.0,,Manure,,261.0,,1.0,year_index,0.0,-40.35,175.61,,,0.6931471805599453,,,,
W16,(Wisnubroto et al. 2011),wisnubroto_2011,ryegrass,Biomass,10.0,113.0,5.8,2.04,5.0,,Nonwood,,452.0,,1.0,year_index,0.0,-40.35,175.61,,,0.8381129508101309,,,,
W16,(Xie et al. 2013),xie_2013,rice,Grain,12.0,0.0,4.4,,6.35,28.9,Nonwood,400.0,632.0,10.2,1.0,year_index,0.0,28.25,117.0,,,-0.1301086853470204,,,,
W16,(Xie et al. 2013),xie_2013,rice,Biomass,12.0,0.0,4.4,,6.35,28.9,Nonwood,400.0,632.0,10.2,1.0,year_index,0.0,28.25,117.0,,,-0.08012604447928486,,,,
W16,(Xie et al. 2013),xie_2013,rice,Biomass,12.0,250.0,4.4,,6.35,28.9,Nonwood,400.0,667.0,,1.0,year_index,0.0,28.25,117.0,,,0.04114194333117521,,,,
W16,(Xie et al. 2013),xie_2013,rice,Grain,12.0,250.0,4.4,,6.35,28.9,Nonwood,400.0,667.0,,1.0,year_index,0.0,28.25,117.0,,,0.15443635330441896,,,,
W16,(Yamato et al. 2006),yamato_2006,maize,Biomass,40.0,75.0,,,,,Wood,310.0,,,1.0,year_index,1.0,-2.75,104.25,,,-0.04919024419077178,,,,
W16,(Yamato et al. 2006),yamato_2006,cowpea,Biomass,40.0,75.0,,,,,Wood,310.0,,,1.0,year_index,1.0,-2.75,104.25,,,0.09166718852582387,,,,
W16,(Yamato et al. 2006),yamato_2006,peanut,Biomass,40.0,75.0,,,,,Wood,310.0,,,1.0,year_index,1.0,-2.75,104.25,,,0.11243542932978817,,,,
W16,(Yamato et al. 2006),yamato_2006,cowpea,Biomass,40.0,75.0,,,,,Wood,310.0,,,1.0,year_index,1.0,-2.75,104.25,,,0.1231021971339834,,,,
W16,(Yamato et al. 2006),yamato_2006,maize,Biomass,37.0,0.0,,,,,Wood,310.0,,,1.0,year_index,1.0,-2.75,104.25,,,0.2223432311434407,,,,
W16,(Yamato et al. 2006),yamato_2006,peanut,Biomass,40.0,75.0,,,,,Wood,310.0,,,1.0,year_index,1.0,-2.75,104.25,,,0.3104215594212704,,,,
W16,(Yamato et al. 2006),yamato_2006,maize,Biomass,37.0,500.0,,,,,Wood,310.0,,,1.0,year_index,1.0,-2.75,104.25,,,0.3845818971917403,,,,
W16,(Yamato et al. 2006),yamato_2006,maize,Biomass,40.0,75.0,,,,,Wood,310.0,,,1.0,year_index,1.0,-2.75,104.25,,,0.6790482561804436,,,,
W16,(Yeboah et al. 2009),yeboah_2009,maize,Biomass,3.0,120.0,4.22,,9.7,16.07,Wood,,388.0,,1.0,year_index,0.0,6.75,-1.5,,,-0.06187540371808753,,,,
W16,(Yeboah et al. 2009),yeboah_2009,maize,Biomass,3.0,0.0,4.22,,9.7,16.07,Wood,,388.0,,1.0,year_index,0.0,6.75,-1.5,,,-0.04186420409869887,,,,
W16,(Yeboah et al. 2009),yeboah_2009,maize,Biomass,3.0,0.0,5.64,,15.6,3.38,Wood,,388.0,,1.0,year_index,0.0,6.75,-1.5,,,0.02176149178151271,,,,
W16,(Yeboah et al. 2009),yeboah_2009,maize,Biomass,3.0,,4.22,,9.7,16.07,Wood,,388.0,,1.0,year_index,0.0,6.75,-1.5,,,0.04974209189481401,,,,
W16,(Yeboah et al. 2009),yeboah_2009,maize,Biomass,3.0,120.0,5.64,,15.6,3.38,Wood,,388.0,,1.0,year_index,0.0,6.75,-1.5,,,0.08617769624105241,,,,
W16,Biochar Fund (2010),biochar_2010,maize,Biomass,10.0,,,,,,Wood,550.0,,,1.0,year_index,1.0,4.6,9.5,,,0.07232066157962608,,,,
W16,Biochar Fund (2010),biochar_2010,maize,Biomass,20.0,,,,,,Wood,550.0,,,1.0,year_index,1.0,4.6,9.5,,,0.11778303565638346,,,,
W16,Biochar Fund (2010),biochar_2010,maize,Grain,10.0,,,,,,Wood,550.0,,,1.0,year_index,1.0,4.6,9.5,,,0.1275133202989595,,,,
W16,Biochar Fund (2010),biochar_2010,maize,Biomass,10.0,,,,,,Wood,550.0,,,1.0,year_index,1.0,4.6,9.5,,,0.14149956227369942,,,,
W16,Biochar Fund (2010),biochar_2010,maize,Grain,20.0,,,,,,Wood,550.0,,,1.0,year_index,1.0,4.6,9.5,,,0.1570037488096647,,,,
W16,Biochar Fund (2010),biochar_2010,maize,Biomass,20.0,,,,,,Wood,550.0,,,1.0,year_index,1.0,4.6,9.5,,,0.17142911562753102,,,,
W16,Biochar Fund (2010),biochar_2010,maize,Grain,10.0,,,,,,Wood,550.0,,,1.0,year_index,1.0,4.6,9.5,,,0.1823215567939546,,,,
W16,Biochar Fund (2010),biochar_2010,maize,Grain,10.0,,,,,,Wood,550.0,,,1.0,year_index,1.0,4.6,9.5,,,0.21026092548319605,,,,
W16,Biochar Fund (2010),biochar_2010,maize,Biomass,20.0,,,,,,Wood,550.0,,,1.0,year_index,1.0,4.6,9.5,,,0.2413763195752694,,,,
W16,Biochar Fund (2010),biochar_2010,maize,Grain,20.0,,,,,,Wood,550.0,,,1.0,year_index,1.0,4.6,9.5,,,0.26236426446749106,,,,
W16,Biochar Fund (2010),biochar_2010,maize,Grain,20.0,,,,,,Wood,550.0,,,1.0,year_index,1.0,4.6,9.5,,,0.2761154360803155,,,,
W16,Biochar Fund (2010),biochar_2010,maize,Biomass,10.0,0.0,,,,,Wood,550.0,,,1.0,year_index,1.0,4.6,9.5,,,0.27763173659827955,,,,
W16,Biochar Fund (2010),biochar_2010,maize,Biomass,20.0,0.0,,,,,Wood,550.0,,,1.0,year_index,1.0,4.6,9.5,,,0.27763173659827955,,,,
W16,Biochar Fund (2010),biochar_2010,maize,Grain,10.0,0.0,,,,,Wood,550.0,,,1.0,year_index,1.0,4.6,9.5,,,0.3859424416193005,,,,
W16,Biochar Fund (2010),biochar_2010,maize,Grain,20.0,0.0,,,,,Wood,550.0,,,1.0,year_index,1.0,4.6,9.5,,,0.3859424416193005,,,,
W16,"Sønderberg , (2013)",snderberg_2013,maize,Grain,50.0,,,,,,Wood,,,,1.0,year_index,0.0,,,,,-0.15899573149045795,,,,
W16,"Sønderberg , (2013)",snderberg_2013,maize,Grain,50.0,,,,,,Wood,,,,1.0,year_index,0.0,,,,,0.07973496801885352,,,,
W16,"Sønderberg , (2013)",snderberg_2013,maize,Grain,50.0,,,,,,Wood,,,,1.0,year_index,0.0,,,,,0.462475362824944,,,,
W16,"Sønderberg , (2013)",snderberg_2013,maize,Grain,50.0,,,,,,Wood,,,,1.0,year_index,0.0,,,,,0.5827741230785747,,,,
W16,Suppadit et al. (2012),suppadit_2012,jatropha,Grain,9.545628102,0.0,6.9,0.98,1.31,,Manure,500.0,328.0,9.1,1.0,year_index,0.0,16.5,98.5,,,0.28743204119657156,,,,
W16,Suppadit et al. (2012),suppadit_2012,jatropha,Grain,9.545628102,0.0,6.9,0.98,1.31,,Manure,500.0,328.0,9.1,1.0,year_index,0.0,16.5,98.5,,,0.302324349188651,,,,
W16,Suppadit et al. (2012),suppadit_2012,jatropha,Grain,9.545628102,0.0,6.9,0.98,1.31,,Manure,500.0,328.0,9.1,1.0,year_index,0.0,16.5,98.5,,,0.30968815271439554,,,,
W16,Suppadit et al. (2012),suppadit_2012,jatropha,Grain,9.545628102,0.0,6.9,0.98,1.31,,Manure,500.0,328.0,9.1,1.0,year_index,0.0,16.5,98.5,,,0.3228078744271551,,,,
W16,Suppadit et al. (2012),suppadit_2012,jatropha,Grain,19.091256204,0.0,6.9,0.98,1.31,,Manure,500.0,328.0,9.1,1.0,year_index,0.0,16.5,98.5,,,0.33289441527332897,,,,
W16,Suppadit et al. (2012),suppadit_2012,jatropha,Grain,19.091256204,0.0,6.9,0.98,1.31,,Manure,500.0,328.0,9.1,1.0,year_index,0.0,16.5,98.5,,,0.3457151037023904,,,,
W16,Suppadit et al. (2012),suppadit_2012,jatropha,Grain,28.636884306,0.0,6.9,0.98,1.31,,Manure,500.0,328.0,9.1,1.0,year_index,0.0,16.5,98.5,,,0.35346981298978397,,,,
W16,Suppadit et al. (2012),suppadit_2012,jatropha,Grain,19.091256204,0.0,6.9,0.98,1.31,,Manure,500.0,328.0,9.1,1.0,year_index,0.0,16.5,98.5,,,0.3576744442718159,,,,
W16,Suppadit et al. (2012),suppadit_2012,jatropha,Grain,28.636884306,0.0,6.9,0.98,1.31,,Manure,500.0,328.0,9.1,1.0,year_index,0.0,16.5,98.5,,,0.3576744442718159,,,,
W16,Suppadit et al. (2012),suppadit_2012,jatropha,Grain,19.091256204,0.0,6.9,0.98,1.31,,Manure,500.0,328.0,9.1,1.0,year_index,0.0,16.5,98.5,,,0.3632532592988549,,,,
W16,Suppadit et al. (2012),suppadit_2012,jatropha,Grain,28.636884306,0.0,6.9,0.98,1.31,,Manure,500.0,328.0,9.1,1.0,year_index,0.0,16.5,98.5,,,0.3688011237365729,,,,
W16,Suppadit et al. (2012),suppadit_2012,jatropha,Grain,28.636884306,0.0,6.9,0.98,1.31,,Manure,500.0,328.0,9.1,1.0,year_index,0.0,16.5,98.5,,,0.37980536132758674,,,,
W16,"Taghizadeh-Toosi et al, (2011)(b)",taghizadeh-toosi_2011,ryegrass,Biomass,30.0,,5.5,14.0,,,Wood,,772.0,7.8,1.0,year_index,1.0,-43.63,172.5,,,-0.20825493882045903,,,,
W16,"Taghizadeh-Toosi et al, (2011)(b)",taghizadeh-toosi_2011,ryegrass,Biomass,15.0,,5.5,14.0,,,Wood,,772.0,7.8,1.0,year_index,1.0,-43.63,172.5,,,-0.19116050546115904,,,,
W16,"Taghizadeh-Toosi et al, (2011)(b)",taghizadeh-toosi_2011,ryegrass,Biomass,30.0,,5.5,14.0,,,Wood,,772.0,7.8,1.0,year_index,1.0,-43.63,172.5,,,-0.10425002137379911,,,,
W16,"Taghizadeh-Toosi et al, (2011)(b)",taghizadeh-toosi_2011,ryegrass,Biomass,15.0,,5.5,14.0,,,Wood,,772.0,7.8,1.0,year_index,1.0,-43.63,172.5,,,0.0,,,,
W16,"Taghizadeh-Toosi et al, (2011)(b)",taghizadeh-toosi_2011,ryegrass,Biomass,15.0,,5.5,14.0,,,Wood,,772.0,7.8,1.0,year_index,1.0,-43.63,172.5,,,0.1336563848126736,,,,
W16,"Taghizadeh-Toosi et al, (2011)(b)",taghizadeh-toosi_2011,ryegrass,Biomass,30.0,,5.5,14.0,,,Wood,,772.0,7.8,1.0,year_index,1.0,-43.63,172.5,,,0.19556678354397525,,,,
W16,Uzoma et al. (2011),uzoma_2011,maize,Biomass (total),10.0,60.0,6.36,0.71,,3.6999999999999997,Manure,500.0,36.1,9.2,1.0,year_index,0.0,35.5,134.25,,,0.02273948696948934,,,,
W16,Uzoma et al. (2011),uzoma_2011,maize,Biomass (total),20.0,60.0,6.36,0.71,,3.6999999999999997,Manure,500.0,36.1,9.2,1.0,year_index,0.0,35.5,134.25,,,0.5618988939499913,,,,
W16,Uzoma et al. (2011),uzoma_2011,maize,Grain,20.0,60.0,6.36,0.71,,3.6999999999999997,Manure,500.0,36.1,9.2,1.0,year_index,0.0,35.5,134.25,,,0.6846108495376589,,,,
W16,Uzoma et al. (2011),uzoma_2011,maize,Biomass (total),15.0,60.0,6.36,0.71,,3.6999999999999997,Manure,500.0,36.1,9.2,1.0,year_index,0.0,35.5,134.25,,,0.7542422799197561,,,,
W16,Uzoma et al. (2011),uzoma_2011,maize,Grain,15.0,60.0,6.36,0.71,,3.6999999999999997,Manure,500.0,36.1,9.2,1.0,year_index,0.0,35.5,134.25,,,0.9170904120447193,,,,
XU21,Mark Farrell 2014,farrell_2014,wheat,Grain,4.0,,,,,,green waste,,722.0,7.17,0.5150684931506849,duration,1.0,-32.8097,134.4738,2.48735125806159,2.32878780997366,-0.06587051353988647,0.00025365135494400954,B,365.0,17.5
XU21,Mark Farrell 2014,farrell_2014,wheat,Grain,18.0,,,,,,green waste,,722.0,7.17,0.5150684931506849,duration,1.0,-32.8097,134.4738,2.48735125806159,2.36431555999637,-0.05072981625713733,0.00020514260072101054,B,365.0,17.5
XU21,Mark Farrell 2014,farrell_2014,wheat,Grain,50.0,,,,,,green waste,,722.0,7.17,0.5150684931506849,duration,1.0,-32.8097,134.4738,2.48735125806159,2.37900354255609,-0.044536672094311607,0.00029420328730476455,B,365.0,17.5
XU21,Mark Farrell 2014,farrell_2014,wheat,Grain,4.0,,,,,,green waste,,722.0,7.17,0.5150684931506849,duration,1.0,-32.8097,134.4738,2.06813970387864,1.69474066672722,-0.19911977928559832,0.005423065442371377,B,365.0,17.5
XU21,Mark Farrell 2014,farrell_2014,wheat,Grain,50.0,,,,,,green waste,,722.0,7.17,0.5150684931506849,duration,1.0,-32.8097,134.4738,2.06813970387864,1.85589517667363,-0.10828235474774962,0.003192593163010934,B,365.0,17.5
XU21,Da Dong 2015,dong_2015,rice,Grain,22.5,,5.9,14.6,17.1,,bamboo biochar,,513.0,10.2,1.0,duration,1.0,30.3,120.2,6.66,6.8,0.020803127629763107,0.0020051553909422376,B,1454.0,17.8
XU21,Da Dong 2015,dong_2015,rice,Grain,22.5,,5.9,14.6,17.1,,rice straw,,832.0,9.81,1.0,duration,1.0,30.3,120.2,6.66,7.98,0.18081892690941961,0.0014361304281517331,B,1454.0,17.8
XU21,Da Dong 2015,dong_2015,rice,Grain,22.5,,5.9,14.6,17.1,,bamboo biochar,,513.0,10.2,2.0,duration,1.0,30.3,120.2,6.98,7.45,0.06516511561718702,0.005117521295365296,B,1454.0,17.8
XU21,Da Dong 2015,dong_2015,rice,Grain,22.5,,5.9,14.6,17.1,,rice straw,,832.0,9.81,2.0,duration,1.0,30.3,120.2,6.98,8.49,0.19584008354897475,0.0019150472475992983,B,1454.0,17.8
XU21,Zubin Xie 2013,xie_2013,rice,Grain,12.0,,7.6,,18.3,13.6,wheat straw,,632.7,10.12,0.32054794520547947,duration,0.0,32.5833,119.7,9.6,6.0,-0.4700036292457356,0.06309172453703706,B,978.0,14.9
XU21,Zubin Xie 2013,xie_2013,rice,Grain,12.0,,7.6,,18.3,13.6,wheat straw,,632.7,10.12,0.32054794520547947,duration,0.0,32.5833,119.7,9.6,10.5,0.08961215868968714,0.04374176232993198,B,978.0,14.9
XU21,Zubin Xie 2013,xie_2013,rice,Grain,12.0,,4.4,,6.35,28.9,wheat straw,,632.7,10.12,0.32054794520547947,duration,0.0,32.5833,119.7,4.1,3.5999999999999996,-0.13005312824819779,0.032858772580499074,B,978.0,14.9
XU21,Zubin Xie 2013,xie_2013,rice,Grain,12.0,,4.4,,6.35,28.9,wheat straw,,632.7,10.12,0.32054794520547947,duration,0.0,32.5833,119.7,4.1,2.9,-0.3462762367178337,0.0325052350027575,B,978.0,14.9
XU21,Zuxiang Liu 2014,liu_2014,rapeseed,Grain,2.5,,4.54,14.83,14.14,,wheat straw,,467.2,10.35,0.6602739726027397,duration,1.0,28.6167,116.4,13.95,16.67,0.17813118849532814,3.230164187824992e-05,B,1549.0,17.2
XU21,Zuxiang Liu 2014,liu_2014,rapeseed,Grain,5.0,,4.54,14.83,14.14,,wheat straw,,467.2,10.35,0.6602739726027397,duration,1.0,28.6167,116.4,13.95,16.86,0.18946444430633486,3.193816008922747e-05,B,1549.0,17.2
XU21,Zuxiang Liu 2014,liu_2014,rapeseed,Grain,10.0,,4.54,14.83,14.14,,wheat straw,,467.2,10.35,0.6602739726027397,duration,1.0,28.6167,116.4,13.95,19.38,0.3287620981952455,2.441634344878427e-05,B,1549.0,17.2
XU21,Zuxiang Liu 2014,liu_2014,rapeseed,Grain,20.0,,4.54,14.83,14.14,,wheat straw,,467.2,10.35,0.6602739726027397,duration,1.0,28.6167,116.4,13.95,18.41,0.277414486977612,2.9380774091148413e-05,B,1549.0,17.2
XU21,Zuxiang Liu 2014,liu_2014,rapeseed,Grain,30.0,,4.54,14.83,14.14,,wheat straw,,467.2,10.35,0.6602739726027397,duration,1.0,28.6167,116.4,13.95,20.93,0.4057040281905337,5.0663244308439526e-05,B,1549.0,17.2
XU21,Zuxiang Liu 2014,liu_2014,rapeseed,Grain,40.0,,4.54,14.83,14.14,,wheat straw,,467.2,10.35,0.6602739726027397,duration,1.0,28.6167,116.4,13.95,21.71,0.44229347562282595,3.308278128039334e-05,B,1549.0,17.2
XU21,Zuxiang Liu 2014,liu_2014,sweet potato,Grain,2.5,,4.54,14.83,14.14,,wheat straw,,467.2,10.35,0.989041095890411,duration,1.0,28.6167,116.4,20.7,20.7,0.0,1.55585116727734e-05,B,1549.0,17.2
XU21,Zuxiang Liu 2014,liu_2014,sweet potato,Grain,5.0,,4.54,14.83,14.14,,wheat straw,,467.2,10.35,0.989041095890411,duration,1.0,28.6167,116.4,20.7,23.4,0.12260232209233228,8.753273904421858e-06,B,1549.0,17.2
XU21,Zuxiang Liu 2014,liu_2014,sweet potato,Grain,10.0,,4.54,14.83,14.14,,wheat straw,,467.2,10.35,0.989041095890411,duration,1.0,28.6167,116.4,20.7,35.9,0.5506035952229098,1.036562103632566e-05,B,1549.0,17.2
XU21,Zuxiang Liu 2014,liu_2014,sweet potato,Grain,20.0,,4.54,14.83,14.14,,wheat straw,,467.2,10.35,0.989041095890411,duration,1.0,28.6167,116.4,20.7,38.6,0.6231185761994619,1.04862636307794e-05,B,1549.0,17.2
XU21,Zuxiang Liu 2014,liu_2014,sweet potato,Grain,30.0,,4.54,14.83,14.14,,wheat straw,,467.2,10.35,0.989041095890411,duration,1.0,28.6167,116.4,20.7,42.1,0.7099140404170124,9.659934309952805e-06,B,1549.0,17.2
XU21,Zuxiang Liu 2014,liu_2014,sweet potato,Grain,40.0,,4.54,14.83,14.14,,wheat straw,,467.2,10.35,0.989041095890411,duration,1.0,28.6167,116.4,20.7,45.2,0.7809633865668623,8.578718075664117e-06,B,1549.0,17.2
XU21,Jianlin Shen 2014,shen_2014,rice,Grain,7.5,,5.31,,18.4,26.1,rice straw,,500.0,9.8,0.2493150684931507,duration,1.0,28.6167,113.3311,6.7,7.07,0.05375295351156097,0.0027778376386814433,B,1330.0,17.5
XU21,Jianlin Shen 2014,shen_2014,rice,Grain,22.5,,5.31,,18.4,26.1,rice straw,,500.0,9.8,0.2493150684931507,duration,1.0,28.6167,113.3311,6.7,6.55,-0.02264247674975989,0.003893316740513137,B,1330.0,17.5
XU21,Jianlin Shen 2014,shen_2014,rice,Grain,24.0,,5.08,,18.9,27.2,rice straw,,500.0,9.8,0.9753424657534246,duration,1.0,28.6167,113.3311,5.12,5.64,0.09672962645855111,0.007011951787881546,B,1330.0,17.5
XU21,Jianlin Shen 2014,shen_2014,rice,Grain,48.0,,5.08,,18.9,27.2,rice straw,,500.0,9.8,0.9753424657534246,duration,1.0,28.6167,113.3311,5.12,4.99,-0.02571852928798912,0.01053653364032289,B,1330.0,17.5
XU21,Jieyun Liu 2014,liu_2014,rice,Grain,24.0,,5.1,,18.9,27.2,wheat straw,,418.3,9.3,1.0,duration,1.0,28.5511,113.5,12.8,13.9,0.08244366921107459,0.0003560312429501514,B,1330.0,17.5
XU21,Jieyun Liu 2014,liu_2014,rice,Grain,48.0,,5.1,,18.9,27.2,wheat straw,,418.3,9.3,1.0,duration,1.0,28.5511,113.5,12.8,13.2,0.030771658666753472,0.0003825296508116499,B,1330.0,17.5
XU21,LIANG Feng 2014,feng_2014,wheat,Grain,30.0,,8.02,10.0,9.75,20.0,a mixture of rice husk and shell of cotton seed,,623.0,10.64,1.0,duration,1.0,40.1,116.2,5.017699115044248,5.176991150442478,0.031252543504104315,4.6092478598243805e-05,B,400.0,11.6
XU21,LIANG Feng 2014,feng_2014,wheat,Grain,60.0,,8.02,10.0,9.75,20.0,a mixture of rice husk and shell of cotton seed,,623.0,10.64,1.0,duration,1.0,40.1,116.2,5.017699115044248,5.123893805309734,0.020943173845242954,4.627510208309386e-05,B,400.0,11.6
XU21,LIANG Feng 2014,feng_2014,wheat,Grain,90.0,,8.02,10.0,9.75,20.0,a mixture of rice husk and shell of cotton seed,,623.0,10.64,1.0,duration,1.0,40.1,116.2,5.017699115044248,5.123893805309734,0.020943173845242954,4.627510208309386e-05,B,400.0,11.6
XU21,LIANG Feng 2014,feng_2014,wheat,Grain,30.0,,8.02,10.0,9.75,20.0,a mixture of rice husk and shell of cotton seed,,623.0,10.64,1.0,duration,1.0,40.1,116.2,5.628318584070796,6.743362831858407,0.1807479923465242,0.002741999076023783,B,400.0,11.6
XU21,LIANG Feng 2014,feng_2014,wheat,Grain,60.0,,8.02,10.0,9.75,20.0,a mixture of rice husk and shell of cotton seed,,623.0,10.64,1.0,duration,1.0,40.1,116.2,5.628318584070796,7.300884955752212,0.2601848229945589,0.0010724034415157137,B,400.0,11.6
XU21,LIANG Feng 2014,feng_2014,wheat,Grain,90.0,,8.02,10.0,9.75,20.0,a mixture of rice husk and shell of cotton seed,,623.0,10.64,1.0,duration,1.0,40.1,116.2,5.628318584070796,6.265486725663717,0.10724553035359759,0.0012176174842174169,B,400.0,11.6
XU21,LIANG Feng 2014,feng_2014,wheat,Grain,30.0,,8.02,10.0,9.75,20.0,a mixture of rice husk and shell of cotton seed,,623.0,10.64,2.0,duration,1.0,40.1,116.2,4.9115044247787605,5.097345132743363,0.037139546949456786,0.0019254093620647734,B,400.0,11.6
XU21,LIANG Feng 2014,feng_2014,wheat,Grain,60.0,,8.02,10.0,9.75,20.0,a mixture of rice husk and shell of cotton seed,,623.0,10.64,2.0,duration,1.0,40.1,116.2,4.9115044247787605,4.938053097345133,0.005390848634876594,0.0014037630734764943,B,400.0,11.6
XU21,LIANG Feng 2014,feng_2014,wheat,Grain,90.0,,8.02,10.0,9.75,20.0,a mixture of rice husk and shell of cotton seed,,623.0,10.64,2.0,duration,1.0,40.1,116.2,4.9115044247787605,4.938053097345133,0.005390848634876594,0.0017891640832271372,B,400.0,11.6
XU21,LIANG Feng 2014,feng_2014,wheat,Grain,30.0,,8.02,10.0,9.75,20.0,a mixture of rice husk and shell of cotton seed,,623.0,10.64,2.0,duration,1.0,40.1,116.2,4.2477876106194685,4.592920353982301,0.07811777926395207,0.001540155886292007,B,400.0,11.6
XU21,LIANG Feng 2014,feng_2014,wheat,Grain,60.0,,8.02,10.0,9.75,20.0,a mixture of rice husk and shell of cotton seed,,623.0,10.64,2.0,duration,1.0,40.1,116.2,4.2477876106194685,4.407079646017699,0.0368139731227164,0.0016178437394154907,B,400.0,11.6
XU21,LIANG Feng 2014,feng_2014,wheat,Grain,90.0,,8.02,10.0,9.75,20.0,a mixture of rice husk and shell of cotton seed,,623.0,10.64,2.0,duration,1.0,40.1,116.2,4.2477876106194685,4.566371681415929,0.07232066157962629,0.0009197046263746205,B,400.0,11.6
XU21,LIANG Feng 2014,feng_2014,wheat,Grain,30.0,,8.02,10.0,9.75,20.0,a mixture of rice husk and shell of cotton seed,,623.0,10.64,3.0,duration,1.0,40.1,116.2,4.938053097345133,5.389380530973451,0.087459305328586,0.0037866247758429833,B,400.0,11.6
XU21,LIANG Feng 2014,feng_2014,wheat,Grain,60.0,,8.02,10.0,9.75,20.0,a mixture of rice husk and shell of cotton seed,,623.0,10.64,3.0,duration,1.0,40.1,116.2,4.938053097345133,5.442477876106195,0.09726330542520704,0.005734547156220866,B,400.0,11.6
XU21,LIANG Feng 2014,feng_2014,wheat,Grain,90.0,,8.02,10.0,9.75,20.0,a mixture of rice husk and shell of cotton seed,,623.0,10.64,3.0,duration,1.0,40.1,116.2,4.938053097345133,5.230088495575221,0.057457055024787214,0.0028492963588409147,B,400.0,11.6
XU21,LIANG Feng 2014,feng_2014,maize,Grain,30.0,,8.02,10.0,9.75,20.0,a mixture of rice husk and shell of cotton seed,,623.0,10.64,3.0,duration,1.0,40.1,116.2,7.98,7.81,-0.021533447610122883,0.0011585179451436144,B,400.0,11.6
XU21,LIANG Feng 2014,feng_2014,maize,Grain,60.0,,8.02,10.0,9.75,20.0,a mixture of rice husk and shell of cotton seed,,623.0,10.64,3.0,duration,1.0,40.1,116.2,7.98,7.87,-0.013880349032405566,0.002098121870175283,B,400.0,11.6
XU21,LIANG Feng 2014,feng_2014,maize,Grain,90.0,,8.02,10.0,9.75,20.0,a mixture of rice husk and shell of cotton seed,,623.0,10.64,3.0,duration,1.0,40.1,116.2,7.98,7.98,0.0,0.0007375372432752707,B,400.0,11.6
XU21,LIANG Feng 2014,feng_2014,maize,Grain,30.0,,8.02,10.0,9.75,20.0,a mixture of rice husk and shell of cotton seed,,623.0,10.64,4.0,duration,1.0,40.1,116.2,8.96,8.76,-0.022574322038539176,0.0012112044405219841,B,400.0,11.6
XU21,LIANG Feng 2014,feng_2014,maize,Grain,60.0,,8.02,10.0,9.75,20.0,a mixture of rice husk and shell of cotton seed,,623.0,10.64,4.0,duration,1.0,40.1,116.2,8.96,9.1,0.015504186535965036,0.0007914393799309651,B,400.0,11.6
XU21,LIANG Feng 2014,feng_2014,maize,Grain,90.0,,8.02,10.0,9.75,20.0,a mixture of rice husk and shell of cotton seed,,623.0,10.64,4.0,duration,1.0,40.1,116.2,8.96,8.9,-0.006718950248744981,0.0004113048811440024,B,400.0,11.6
XU21,LIANG Feng 2014,feng_2014,maize,Grain,30.0,,8.02,10.0,9.75,20.0,a mixture of rice husk and shell of cotton seed,,623.0,10.64,4.0,duration,1.0,40.1,116.2,9.85,10.4,0.054334350963329524,0.0008189890732253055,B,400.0,11.6
XU21,LIANG Feng 2014,feng_2014,maize,Grain,60.0,,8.02,10.0,9.75,20.0,a mixture of rice husk and shell of cotton seed,,623.0,10.64,4.0,duration,1.0,40.1,116.2,9.85,10.1,0.02506396866321622,0.00187207017077791,B,400.0,11.6
XU21,LIANG Feng 2014,feng_2014,maize,Grain,90.0,,8.02,10.0,9.75,20.0,a mixture of rice husk and shell of cotton seed,,623.0,10.64,4.0,duration,1.0,40.1,116.2,9.85,10.1,0.02506396866321622,0.0027870131502243747,B,400.0,11.6
XU21,LIANG Feng 2014,feng_2014,maize,Grain,30.0,,8.02,10.0,9.75,20.0,a mixture of rice husk and shell of cotton seed,,623.0,10.64,4.0,duration,1.0,40.1,116.2,8.99,9.77,0.0832036175711625,0.003564264191411869,B,400.0,11.6
XU21,LIANG Feng 2014,feng_2014,maize,Grain,60.0,,8.02,10.0,9.75,20.0,a mixture of rice husk and shell of cotton seed,,623.0,10.64,4.0,duration,1.0,40.1,116.2,8.99,10.4,0.14569295766379817,0.0011585402124482723,B,400.0,11.6
XU21,LIANG Feng 2014,feng_2014,maize,Grain,90.0,,8.02,10.0,9.75,20.0,a mixture of rice husk and shell of cotton seed,,623.0,10.64,4.0,duration,1.0,40.1,116.2,8.99,9.8,0.08626953719299739,0.0012473920489072554,B,400.0,11.6
XU21,LIANG Feng 2014,feng_2014,maize,Grain,30.0,,8.02,10.0,9.75,20.0,a mixture of rice husk and shell of cotton seed,,623.0,10.64,4.0,duration,1.0,40.1,116.2,8.96,9.18,0.024256977645559962,0.0017785278006647674,B,400.0,11.6
XU21,LIANG Feng 2014,feng_2014,maize,Grain,60.0,,8.02,10.0,9.75,20.0,a mixture of rice husk and shell of cotton seed,,623.0,10.64,4.0,duration,1.0,40.1,116.2,8.96,9.38,0.0458095360312942,0.001684142361695173,B,400.0,11.6
XU21,LIANG Feng 2014,feng_2014,maize,Grain,90.0,,8.02,10.0,9.75,20.0,a mixture of rice husk and shell of cotton seed,,623.0,10.64,4.0,duration,1.0,40.1,116.2,8.96,9.21,0.027519623280376465,0.0014061767732962247,B,400.0,11.6
XU21,Afeng Zhang 2012,zhang_2012,maize,Grain,20.0,,8.38,,9.87,,wheat straw,,467.0,10.4,0.6301369863013698,duration,1.0,34.5333,115.5,6.28,7.27,0.1463863110653206,0.0011389682898035206,B,1177.0,15.7
XU21,Afeng Zhang 2012,zhang_2012,maize,Grain,40.0,,8.38,,9.87,,wheat straw,,467.0,10.4,0.6301369863013698,duration,1.0,34.5333,115.5,6.28,6.74,0.07068994444410845,0.0008090960926015753,B,1177.0,15.7
XU21,李秋霞 2015,_2015,rapeseed,Grain,10.0,,4.54,15.2,9.45,29.28,wheat straw,,467.2,10.35,4.0,duration,1.0,28.2583,116.34,3.0603448275862064,3.405172413793103,0.10676797542570614,0.0037157361655998696,B,1587.0,17.5
XU21,李秋霞 2015,_2015,rapeseed,Grain,20.0,,4.54,15.2,9.45,29.28,wheat straw,,467.2,10.35,4.0,duration,1.0,28.2583,116.34,3.0603448275862064,3.275862068965517,0.06805346324501578,0.005208273230607841,B,1587.0,17.5
XU21,李秋霞 2015,_2015,rapeseed,Grain,30.0,,4.54,15.2,9.45,29.28,wheat straw,,467.2,10.35,4.0,duration,1.0,28.2583,116.34,3.0603448275862064,3.663793103448276,0.17997137944900118,0.006994090213421818,B,1587.0,17.5
XU21,李秋霞 2015,_2015,rapeseed,Grain,40.0,,4.54,15.2,9.45,29.28,wheat straw,,467.2,10.35,4.0,duration,1.0,28.2583,116.34,3.0603448275862064,4.137931034482759,0.301668314426521,0.0029591837671831796,B,1587.0,17.5
XU21,李秋霞 2015,_2015,rapeseed,Grain,10.0,,4.54,15.2,9.45,29.28,wheat straw,,467.2,10.35,4.0,duration,1.0,28.2583,116.34,1.9396551724137931,1.9827586206896552,0.021978906718775167,0.020616894987825467,B,1587.0,17.5
XU21,李秋霞 2015,_2015,rapeseed,Grain,20.0,,4.54,15.2,9.45,29.28,wheat straw,,467.2,10.35,4.0,duration,1.0,28.2583,116.34,1.9396551724137931,2.3706896551724137,0.20067069546215105,0.02386831275720168,B,1587.0,17.5
XU21,李秋霞 2015,_2015,rapeseed,Grain,30.0,,4.54,15.2,9.45,29.28,wheat straw,,467.2,10.35,4.0,duration,1.0,28.2583,116.34,1.9396551724137931,2.456896551724138,0.23638877806423034,0.010637575094331034,B,1587.0,17.5
XU21,李秋霞 2015,_2015,rapeseed,Grain,40.0,,4.54,15.2,9.45,29.28,wheat straw,,467.2,10.35,4.0,duration,1.0,28.2583,116.34,1.9396551724137931,2.543103448275862,0.2708749541353997,0.016663486557833656,B,1587.0,17.5
XU21,李秋霞 2015,_2015,rapeseed,Grain,10.0,,4.54,15.2,9.45,29.28,wheat straw,,467.2,10.35,4.0,duration,1.0,28.2583,116.34,1.8103448275862069,1.896551724137931,0.04652001563489291,0.036139455782312896,B,1587.0,17.5
XU21,李秋霞 2015,_2015,rapeseed,Grain,20.0,,4.54,15.2,9.45,29.28,wheat straw,,467.2,10.35,4.0,duration,1.0,28.2583,116.34,1.8103448275862069,2.1982758620689653,0.1941560144409574,0.03376056304874893,B,1587.0,17.5
XU21,李秋霞 2015,_2015,rapeseed,Grain,30.0,,4.54,15.2,9.45,29.28,wheat straw,,467.2,10.35,4.0,duration,1.0,28.2583,116.34,1.8103448275862069,2.413793103448276,0.28768207245178085,0.023915816326530594,B,1587.0,17.5
XU21,李秋霞 2015,_2015,rapeseed,Grain,40.0,,4.54,15.2,9.45,29.28,wheat straw,,467.2,10.35,4.0,duration,1.0,28.2583,116.34,1.8103448275862069,3.0172413793103448,0.5108256237659907,0.017006802721088423,B,1587.0,17.5
XU21,李秋霞 2015,_2015,sweet potato,Grain,10.0,,4.54,15.2,9.45,29.28,wheat straw,,467.2,10.35,4.0,duration,1.0,28.2583,116.34,28.01724137931034,35.3448275862069,0.23233197736861613,0.001156222169812979,B,1587.0,17.5
XU21,李秋霞 2015,_2015,sweet potato,Grain,20.0,,4.54,15.2,9.45,29.28,wheat straw,,467.2,10.35,4.0,duration,1.0,28.2583,116.34,28.01724137931034,39.224137931034484,0.336472236621213,0.0007503119591031668,B,1587.0,17.5
XU21,李秋霞 2015,_2015,sweet potato,Grain,30.0,,4.54,15.2,9.45,29.28,wheat straw,,467.2,10.35,4.0,duration,1.0,28.2583,116.34,28.01724137931034,41.810344827586206,0.40032370860774585,0.0008517674650755072,B,1587.0,17.5
XU21,李秋霞 2015,_2015,sweet potato,Grain,40.0,,4.54,15.2,9.45,29.28,wheat straw,,467.2,10.35,4.0,duration,1.0,28.2583,116.34,28.01724137931034,43.96551724137931,0.4505855433886341,0.0007420981309722327,B,1587.0,17.5
XU21,李秋霞 2015,_2015,sweet potato,Grain,10.0,,4.54,15.2,9.45,29.28,wheat straw,,467.2,10.35,4.0,duration,1.0,28.2583,116.34,18.53448275862069,26.29310344827586,0.34967374847974875,0.004596522342337862,B,1587.0,17.5
XU21,李秋霞 2015,_2015,sweet potato,Grain,20.0,,4.54,15.2,9.45,29.28,wheat straw,,467.2,10.35,4.0,duration,1.0,28.2583,116.34,18.53448275862069,26.72413793103448,0.36593426935152906,0.0052873777334055926,B,1587.0,17.5
XU21,李秋霞 2015,_2015,sweet potato,Grain,30.0,,4.54,15.2,9.45,29.28,wheat straw,,467.2,10.35,4.0,duration,1.0,28.2583,116.34,18.53448275862069,31.03448275862069,0.5154660033224928,0.005085644392364242,B,1587.0,17.5
XU21,李秋霞 2015,_2015,sweet potato,Grain,40.0,,4.54,15.2,9.45,29.28,wheat straw,,467.2,10.35,4.0,duration,1.0,28.2583,116.34,18.53448275862069,32.327586206896555,0.5562879978427482,0.004743977725697571,B,1587.0,17.5
XU21,李秋霞 2015,_2015,sweet potato,Grain,10.0,,4.54,15.2,9.45,29.28,wheat straw,,467.2,10.35,4.0,duration,1.0,28.2583,116.34,19.396551724137932,27.155172413793103,0.3364722366212129,0.024459561602418713,B,1587.0,17.5
XU21,李秋霞 2015,_2015,sweet potato,Grain,20.0,,4.54,15.2,9.45,29.28,wheat straw,,467.2,10.35,4.0,duration,1.0,28.2583,116.34,19.396551724137932,27.586206896551722,0.352220593589352,0.02443612557870367,B,1587.0,17.5
XU21,李秋霞 2015,_2015,sweet potato,Grain,30.0,,4.54,15.2,9.45,29.28,wheat straw,,467.2,10.35,4.0,duration,1.0,28.2583,116.34,19.396551724137932,33.189655172413794,0.537142932083364,0.0242096912226782,B,1587.0,17.5
XU21,李秋霞 2015,_2015,sweet potato,Grain,40.0,,4.54,15.2,9.45,29.28,wheat straw,,467.2,10.35,4.0,duration,1.0,28.2583,116.34,19.396551724137932,34.05172413793103,0.5627853626967017,0.024558267609060717,B,1587.0,17.5
XU21,李九玉 2015,_2015,rapeseed,Grain,3.375,,4.02,12.05,10.58,,rape straw油菜秸秆,,537.5,10.15,3.0,duration,1.0,31.14,119.17,1.05,1.27,0.19022673630106784,0.011216603173947074,B,1350.0,15.6
XU21,李九玉 2015,_2015,rapeseed,Grain,7.7,,4.02,12.05,10.58,,rape straw油菜秸秆,,537.5,10.15,3.0,duration,1.0,31.14,119.17,1.05,1.27,0.19022673630106784,0.011216603173947074,B,1350.0,15.6
XU21,李九玉 2015,_2015,rapeseed,Grain,3.375,,4.02,12.05,10.58,,peanut straw花生秸秆,,397.1,10.43,3.0,duration,1.0,31.14,119.17,1.05,1.59,0.4149438520627081,0.0072444391703914545,B,1350.0,15.6
XU21,李九玉 2015,_2015,rapeseed,Grain,7.7,,4.02,12.05,10.58,,peanut straw花生秸秆,,397.1,10.43,3.0,duration,1.0,31.14,119.17,1.05,1.59,0.4149438520627081,0.0072444391703914545,B,1350.0,15.6
XU21,李九玉 2015,_2015,rapeseed,Grain,7.5,,4.02,12.05,10.58,,peanut straw花生秸秆,,397.1,10.43,3.0,duration,1.0,31.14,119.17,1.05,1.77,0.5221893824163057,0.007213338014831826,B,1350.0,15.6
XU21,李九玉 2015,_2015,rapeseed,Grain,15.0,,4.02,12.05,10.58,,peanut straw花生秸秆,,397.1,10.43,3.0,duration,1.0,31.14,119.17,1.05,1.77,0.5221893824163057,0.007213338014831826,B,1350.0,15.6
XU21,李九玉 2015,_2015,rapeseed,Grain,7.5,,4.02,12.05,10.58,,rape straw油菜秸秆,,537.5,10.15,3.0,duration,1.0,31.14,119.17,1.05,2.01,0.6493445579015522,0.006132191447406411,B,1350.0,15.6
XU21,李九玉 2015,_2015,rapeseed,Grain,15.0,,4.02,12.05,10.58,,rape straw油菜秸秆,,537.5,10.15,3.0,duration,1.0,31.14,119.17,1.05,2.01,0.6493445579015522,0.006132191447406411,B,1350.0,15.6
XU21,李中阳 2015,_2015,wheat,Grain,20.0,,8.61,,12.7,,wheat straw,,625.84,9.8,0.6191780821917808,duration,1.0,35.18,113.52,6.6112,6.6776,0.009993461051262129,1.8712949687165881e-06,B,656.0,13.8
XU21,李中阳 2015,_2015,wheat,Grain,30.0,,8.61,,12.7,,wheat straw,,625.84,9.8,0.6191780821917808,duration,1.0,35.18,113.52,6.6112,6.9079,0.04390050370663658,9.333369880891263e-06,B,656.0,13.8
XU21,李中阳 2015,_2015,wheat,Grain,40.0,,8.61,,12.7,,wheat straw,,625.84,9.8,0.6191780821917808,duration,1.0,35.18,113.52,6.6112,7.0016,0.0573735138622879,2.9082185134939584e-06,B,656.0,13.8
XU21,李中阳 2015,_2015,wheat,Grain,50.0,,8.61,,12.7,,wheat straw,,625.84,9.8,0.6191780821917808,duration,1.0,35.18,113.52,6.6112,6.7162,0.015757337899494826,3.271699010620591e-06,B,656.0,13.8
XU21,李中阳 2015,_2015,wheat,Grain,60.0,,8.61,,12.7,,wheat straw,,625.84,9.8,0.6191780821917808,duration,1.0,35.18,113.52,6.6112,6.6949,0.012580862008666352,4.490425726860635e-06,B,656.0,13.8
XU21,葛春辉 2013,_2013,soybean,Grain,1.5,,8.28,,7.81,,straw,,670.0,9.85,1.1945205479452055,duration,1.0,37.1,80.0,1.4817073170731707,1.7378048780487805,0.15942773692810217,0.003348795640823951,B,45.0,11.5
XU21,葛春辉 2013,_2013,soybean,Grain,4.5,,8.28,,7.81,,straw,,670.0,9.85,1.1945205479452055,duration,1.0,37.1,80.0,1.4817073170731707,2.067073170731707,0.3329386640399018,0.005457249698424072,B,45.0,11.5
XU21,葛春辉 2013,_2013,soybean,Grain,15.0,,8.28,,7.81,,straw,,670.0,9.85,1.1945205479452055,duration,1.0,37.1,80.0,1.4817073170731707,1.6865853658536585,0.1295109758901093,0.003392885521281719,B,45.0,11.5
XU21,葛春辉 2013,_2013,wheat,Grain,1.5,,8.28,,7.81,,straw,,670.0,9.85,1.1945205479452055,duration,1.0,37.1,80.0,5.66,6.05,0.06663437982765857,0.01272952735933106,B,45.0,11.5
XU21,葛春辉 2013,_2013,wheat,Grain,4.5,,8.28,,7.81,,straw,,670.0,9.85,1.1945205479452055,duration,1.0,37.1,80.0,5.66,6.05,0.06663437982765857,0.014121964123668646,B,45.0,11.5
XU21,葛春辉 2013,_2013,wheat,Grain,15.0,,8.28,,7.81,,straw,,670.0,9.85,1.1945205479452055,duration,1.0,37.1,80.0,5.66,5.96,0.05164658886216676,0.011161427980287741,B,45.0,11.5
XU21,曲晶晶 2012,_2012,rice,Grain,20.0,,6.21,,18.76,,wheat straw,,466.1,9.85,0.6575342465753424,duration,1.0,28.1383,113.2,5.08,5.29,0.04050698427981742,0.0023693632171421534,B,1500.0,17.1
XU21,曲晶晶 2012,_2012,rice,Grain,40.0,,6.21,,18.76,,wheat straw,,466.1,9.85,0.6575342465753424,duration,1.0,28.1383,113.2,5.08,5.0,-0.01587334915629012,0.00036329179325025315,B,1500.0,17.1
XU21,曲晶晶 2012,_2012,rice,Grain,20.0,,4.89,,17.7,,wheat straw,,466.1,9.85,0.6575342465753424,duration,1.0,28.2583,116.3,5.6,5.83,0.04025040262129753,0.0038026732336765485,B,1400.0,17.7
XU21,曲晶晶 2012,_2012,rice,Grain,40.0,,4.89,,17.7,,wheat straw,,466.1,9.85,0.6575342465753424,duration,1.0,28.3,116.3,5.6,5.86,0.04538300584781775,0.0028968724789127055,B,1400.0,17.7
XU21,曲晶晶 2012,_2012,rice,Grain,20.0,,6.21,,18.76,,wheat straw,,466.1,9.85,0.6575342465753424,duration,1.0,28.1383,113.2,6.38,6.36,-0.003139720004667641,0.0016398879718246464,B,1500.0,17.1
XU21,曲晶晶 2012,_2012,rice,Grain,40.0,,6.21,,18.76,,wheat straw,,466.1,9.85,0.6575342465753424,duration,1.0,28.1383,113.2,6.38,6.36,-0.003139720004667641,0.005464400451552505,B,1500.0,17.1
XU21,曲晶晶 2012,_2012,rice,Grain,20.0,,4.89,,17.7,,wheat straw,,466.1,9.85,0.6575342465753424,duration,1.0,28.2583,116.3,6.67,6.63,-0.006015055729761257,0.00027500894767494403,B,1400.0,17.7
XU21,曲晶晶 2012,_2012,rice,Grain,40.0,,4.89,,17.7,,wheat straw,,466.1,9.85,0.6575342465753424,duration,1.0,28.3,116.3,6.67,6.8,0.019302752254528675,0.0003804171240173764,B,1400.0,17.7
XU21,张 斌 2012,_2012,rice,Grain,20.0,,5.99,,20.11,,wheat straw,,467.0,10.4,2.0,duration,1.0,31.05,104.1667,8.38,8.18,-0.024155763879336153,5.638207036910092e-05,B,890.0,16.3
XU21,张 斌 2012,_2012,rice,Grain,40.0,,5.99,,20.11,,wheat straw,,467.0,10.4,2.0,duration,1.0,31.05,104.1667,8.38,8.29,-0.010797945346788235,4.038829954583852e-05,B,890.0,16.3
XU21,张 斌 2012,_2012,rice,Grain,20.0,,5.99,,20.11,,wheat straw,,467.0,10.4,2.0,duration,1.0,31.05,104.1667,6.12,5.81,-0.0519815256604149,0.014090817116150619,B,890.0,16.3
XU21,张 斌 2012,_2012,rice,Grain,40.0,,5.99,,20.11,,wheat straw,,467.0,10.4,2.0,duration,1.0,31.05,104.1667,6.12,5.33,-0.13821085834648153,0.004123795452518025,B,890.0,16.3
XU21,Julie Major 2010,major_2010,maize,Grain,8.0,,3.9,11.0,20.0,,wood,,72.9,9.2,4.0,duration,1.0,14.17,-72.6036,4.96,4.92,-0.008097210232619362,0.00028324022379670397,B,2870.0,26.0
XU21,Julie Major 2010,major_2010,maize,Grain,20.0,,3.9,11.0,20.0,,wood,,72.9,9.2,4.0,duration,1.0,14.17,-72.6036,4.96,4.79,-0.03487532931401227,0.00044063352813651863,B,2870.0,26.0
XU21,Julie Major 2010,major_2010,maize,Grain,8.0,,3.9,11.0,20.0,,wood,,72.9,9.2,4.0,duration,1.0,14.17,-72.6036,5.04,5.97,0.16934084532123347,0.0005372993137940044,B,2870.0,26.0
XU21,Julie Major 2010,major_2010,maize,Grain,20.0,,3.9,11.0,20.0,,wood,,72.9,9.2,4.0,duration,1.0,14.17,-72.6036,5.04,6.44,0.2451224580329851,0.0017970105788353745,B,2870.0,26.0
XU21,Julie Major 2010,major_2010,maize,Grain,8.0,,3.9,11.0,20.0,,wood,,72.9,9.2,4.0,duration,1.0,14.17,-72.6036,5.81,6.65,0.1350362838039431,0.0031032174061037567,B,2870.0,26.0
XU21,Julie Major 2010,major_2010,maize,Grain,20.0,,3.9,11.0,20.0,,wood,,72.9,9.2,4.0,duration,1.0,14.17,-72.6036,5.81,7.5,0.255322449678445,0.0015571329468352867,B,2870.0,26.0
XU21,Julie Major 2010,major_2010,maize,Grain,8.0,,3.9,11.0,20.0,,wood,,72.9,9.2,4.0,duration,1.0,14.17,-72.6036,1.86,3.14,0.5236463121950522,0.0065101941225124815,B,2870.0,26.0
XU21,Julie Major 2010,major_2010,maize,Grain,20.0,,3.9,11.0,20.0,,wood,,72.9,9.2,4.0,duration,1.0,14.17,-72.6036,1.86,4.45,0.872327608453039,0.0060065543375258474,B,2870.0,26.0
XU21,张登晓 2014,_2014,pakchoi,Grain,20.0,,4.26,,14.95,37.2,green waste,,623.96,9.93,0.1095890410958904,duration,1.0,31.4,119.6833,82.2375,122.85,0.4013526965550718,0.010117826708221778,B,1270.0,15.4
XU21,张登晓 2014,_2014,pakchoi,Grain,40.0,,4.26,,14.95,37.2,green waste,,623.96,9.93,0.1095890410958904,duration,1.0,31.4,119.6833,82.2375,133.7625,0.4864544369410033,0.01081906860196753,B,1270.0,15.4
XU21,张登晓 2014,_2014,pakchoi,Grain,60.0,,4.26,,14.95,37.2,green waste,,623.96,9.93,0.1095890410958904,duration,1.0,31.4,119.6833,82.2375,146.1375,0.574936556920821,0.00984400449467347,B,1270.0,15.4
XU21,张登晓 2014,_2014,pakchoi,Grain,80.0,,4.26,,14.95,37.2,green waste,,623.96,9.93,0.1095890410958904,duration,1.0,31.4,119.6833,82.2375,143.325,0.5555033763823302,0.010916765828602622,B,1270.0,15.4
XU21,Wolde Mekuria 2016,mekuria_2016,maize,Grain,10.0,,4.2,,8.6,27.0,rice husk稻壳,,623.0,10.64,2.0,duration,1.0,18.15,102.7333,2.5,2.8,0.11332868530700307,0.16019659863945582,B,1245.0,
XU21,Wolde Mekuria 2016,mekuria_2016,maize,Grain,10.0,,4.2,,8.6,27.0,rice husk稻壳,,623.0,10.64,2.0,duration,1.0,18.15,102.7333,0.68,1.11,0.49002249613622745,0.06770729042893074,B,1245.0,
XU21,Wolde Mekuria 2016,mekuria_2016,maize,Grain,10.0,,4.2,,8.6,27.0,rice husk稻壳,,623.0,10.64,2.0,duration,1.0,18.15,102.7333,1.5,2.5,0.5108256237659907,0.021333333333333333,B,1245.0,
XU21,Wolde Mekuria 2016,mekuria_2016,maize,Grain,10.0,,5.4,,6.2,7.3,rice husk稻壳,,623.0,10.64,2.0,duration,1.0,18.1833,102.6167,1.3,1.47,0.12289813632315387,0.02665346083152767,B,1368.0,
XU21,Yang Yang 2015,yang_2015,wheat,Grain,2.0,,,,,,maize straw,,717.0,10.31,0.2465753424657534,duration,1.0,39.5131,118.2606,7.16,8.6,0.18325222228690782,0.02348001811182217,B,650.0,13.5
XU21,Yang Yang 2015,yang_2015,wheat,Grain,4.0,,,,,,maize straw,,717.0,10.31,0.2465753424657534,duration,1.0,39.5131,118.2606,7.16,6.9,-0.036988569369340536,0.04472399763991736,B,650.0,13.5
XU21,Yang Yang 2015,yang_2015,wheat,Grain,2.0,,,,,,rice straw,,635.0,9.79,0.2465753424657534,duration,1.0,39.5131,118.2606,7.16,7.7,0.07271034788708391,0.01648346216249779,B,650.0,13.5
XU21,Yang Yang 2015,yang_2015,wheat,Grain,4.0,,,,,,rice straw,,635.0,9.79,0.2465753424657534,duration,1.0,39.5131,118.2606,7.16,9.0,0.22871459636366517,0.01768277925286827,B,650.0,13.5
XU21,Manuel Olmo 2014,olmo_2014,wheat,Grain,40.0,,8.2,51.7,8.26,51.0,olive-tree prunings橄榄树剪枝,,642.2,9.45,0.5945205479452055,duration,1.0,37.7817,4.5925,4.42,5.61,0.23841102344499832,0.0008947030990731236,B,769.0,13.0
XU21,D.L. Jones 2012,jones_2012,maize,Grain,25.0,,,,,,chipped trunks and large branches树干和树枝,,760.0,9.73,3.0,duration,1.0,31.2333,-4.0167,26.0,25.0,-0.03922071315328127,0.0007698224852071006,B,860.0,11.0
XU21,D.L. Jones 2012,jones_2012,maize,Grain,50.0,,,,,,chipped trunks and large branches树干和树枝,,760.0,9.73,3.0,duration,1.0,31.2333,-4.0167,26.0,27.0,0.03774032798284711,0.0007127580133278139,B,860.0,11.0
XU21,L. Van Zwieten 2008,zwieten_2008,maize,Grain,5.0,,,,,,poultry litter家禽粪便,,270.0,13.0,0.4931506849315068,duration,1.0,-35.17,149.08,16.6,19.8,0.17627924233799197,0.03069615246141724,B,,
XU21,L. Van Zwieten 2008,zwieten_2008,maize,Grain,10.0,,,,,,poultry litter家禽粪便,,270.0,13.0,0.4931506849315068,duration,1.0,-35.17,149.08,16.6,25.1,0.4134651507752406,0.025531400678285663,B,,
XU21,L. Van Zwieten 2008,zwieten_2008,maize,Grain,20.0,,,,,,poultry litter家禽粪便,,270.0,13.0,0.4931506849315068,duration,1.0,-35.17,149.08,16.6,25.9,0.4448402733429944,0.03532370078850927,B,,
XU21,L. Van Zwieten 2008,zwieten_2008,maize,Grain,50.0,,,,,,poultry litter家禽粪便,,270.0,13.0,0.4931506849315068,duration,1.0,-35.17,149.08,16.6,34.7,0.7373369915903158,0.025047948571463072,B,,
XU21,Rogovska 2014,rogovska_2014,maize,Grain,19.2,,6.8,12.4,13.4,,"mixed hardwood(primarily oak,elm and hickory)woodchips混合木片",,781.4,9.2,0.273972602739726,duration,1.0,43.5,-96.5167,6.83,7.59,0.10550691782483977,0.016769352011021064,B,,
XU21,Rogovska 2014,rogovska_2014,maize,Grain,38.3,,6.8,12.4,13.4,,"mixed hardwood(primarily oak,elm and hickory)woodchips混合木片",,781.4,9.2,0.273972602739726,duration,1.0,43.5,-96.5167,6.83,8.02,0.1606137482957243,0.055815021300911566,B,,
XU21,Rogovska 2014,rogovska_2014,maize,Grain,57.5,,6.8,12.4,13.4,,"mixed hardwood(primarily oak,elm and hickory)woodchips混合木片",,781.4,9.2,0.273972602739726,duration,1.0,43.5,-96.5167,6.83,10.15,0.3961490319050977,0.01072178717253178,B,,
XU21,Rogovska 2014,rogovska_2014,maize,Grain,76.6,,6.8,12.4,13.4,,"mixed hardwood(primarily oak,elm and hickory)woodchips混合木片",,781.4,9.2,0.273972602739726,duration,1.0,43.5,-96.5167,6.83,10.04,0.3852524406808844,0.009003462179232551,B,,
XU21,Rogovska 2014,rogovska_2014,maize,Grain,95.8,,6.8,12.4,13.4,,"mixed hardwood(primarily oak,elm and hickory)woodchips混合木片",,781.4,9.2,0.273972602739726,duration,1.0,43.5,-96.5167,6.83,10.54,0.43385286953051744,0.009161832509022461,B,,
XU21,张娜 2014,_2014,maize,Grain,1.0,,7.58,,8.173,36.5,wheat straw,,467.05,10.4,0.3013698630136986,duration,1.0,34.3333,108.4,0.98,1.07,0.08786135579133425,0.01341204395005929,B,650.0,12.5
XU21,张娜 2014,_2014,maize,Grain,5.0,,7.58,,8.173,36.5,wheat straw,,467.05,10.4,0.3013698630136986,duration,1.0,34.3333,108.4,0.98,1.06,0.07847161544149531,0.016864536734550552,B,650.0,12.5
XU21,张娜 2014,_2014,maize,Grain,10.0,,7.58,,8.173,36.5,wheat straw,,467.05,10.4,0.3013698630136986,duration,1.0,34.3333,108.4,0.98,1.05,0.06899287148695142,0.015912505591805882,B,650.0,12.5
XU21,"Curaqueo, G 2014",g_2014,wheat,Grain,5.0,,5.85,12.86,,,oat hull燕麦壳,,70.13,7.4,0.1643835616438356,duration,1.0,-38.3667,-72.6167,2.17,2.38,0.09237332013101507,0.001804578108405632,B,,
XU21,"Curaqueo, G 2014",g_2014,wheat,Grain,10.0,,5.85,12.86,,,oat hull燕麦壳,,70.13,7.4,0.1643835616438356,duration,1.0,-38.3667,-72.6167,2.17,2.53,0.15349213518706065,0.0022228483854923368,B,,
XU21,"Curaqueo, G 2014",g_2014,wheat,Grain,20.0,,5.85,12.86,,,oat hull燕麦壳,,70.13,7.4,0.1643835616438356,duration,1.0,-38.3667,-72.6167,2.17,2.85,0.27259182672819093,0.0016953243332077212,B,,
XU21,"Curaqueo, G 2014",g_2014,wheat,Grain,5.0,,5.68,8.21,,,oat hull燕麦壳,,70.13,7.4,0.1643835616438356,duration,1.0,-38.6333,-72.4833,2.35,2.59,0.09724254755537871,0.0017240821135034172,B,,
XU21,"Curaqueo, G 2014",g_2014,wheat,Grain,10.0,,5.68,8.21,,,oat hull燕麦壳,,70.13,7.4,0.1643835616438356,duration,1.0,-38.6333,-72.4833,2.35,2.75,0.15718558352241235,0.0021799046475288295,B,,
XU21,"Curaqueo, G 2014",g_2014,wheat,Grain,20.0,,5.68,8.21,,,oat hull燕麦壳,,70.13,7.4,0.1643835616438356,duration,1.0,-38.6333,-72.4833,2.35,2.87,0.19989670161546222,0.0016908797806954533,B,,
XU21,Abukari 2014,abukari_2014,maize,Grain,2.0,,6.22,2.89,6.2,3.33,rice husk稻壳,,623.0,9.7,0.2191780821917808,duration,1.0,9.4167,0.9667,1.03,1.67,0.4832648241871193,0.0006939521160759922,B,,
XU21,Abukari 2014,abukari_2014,maize,Grain,4.0,,6.22,2.89,6.2,3.33,rice husk稻壳,,623.0,9.7,0.2191780821917808,duration,1.0,9.4167,0.9667,1.03,2.79,0.9964827935917299,0.0005712335532714504,B,,
XU21,Nelissen 2015,nelissen_2015,wheat,Grain,20.0,,,,,5.4,wood,,681.0,8.6,2.0,duration,1.0,50.9667,3.7667,3.61,3.78,0.046016237286706764,0.0023131924477255376,B,879.0,17.0
XU21,Nelissen 2015,nelissen_2015,wheat,Grain,20.0,,,,,5.4,wood,,681.0,8.6,2.0,duration,1.0,50.9667,3.7667,2.73,2.94,0.07410797215372183,0.0008561247628303024,B,879.0,17.0
XU21,Thomas Nehls 2002,nehls_2002,rice,Grain,8.3,,4.8,4.9,28.0,,wood,,750.0,9.7,0.5753424657534246,duration,1.0,-3.8,-59.52,0.15,0.17,0.12516314295400618,0.00039785543003460213,B,2530.0,25.8
XU21,Gaskin 2010,gaskin_2010,maize,Grain,11.0,,6.41,,4.3,,peanut hull花生壳,,728.47,10.12,2.0,duration,1.0,33.95,-83.38,4.703,3.049,-0.43338693495679337,0.008968387500000001,B,,
XU21,Gaskin 2010,gaskin_2010,maize,Grain,22.0,,6.41,,4.3,,peanut hull花生壳,,728.47,10.12,2.0,duration,1.0,33.95,-83.38,4.703,6.073,0.25565211395252735,0.008968387500000001,B,,
XU21,Gaskin 2010,gaskin_2010,maize,Grain,11.0,,6.41,,4.3,,peanut hull花生壳,,728.47,10.12,2.0,duration,1.0,33.95,-83.38,13.004,13.422,0.03163814929438866,0.0089683875,B,,
XU21,Gaskin 2010,gaskin_2010,maize,Grain,22.0,,6.41,,4.3,,peanut hull花生壳,,728.47,10.12,2.0,duration,1.0,33.95,-83.38,13.004,11.679,-0.10746464514523044,0.0089683875,B,,
XU21,Gaskin 2010,gaskin_2010,maize,Grain,11.0,,6.41,,4.3,,peanut hull花生壳,,728.47,10.12,2.0,duration,1.0,33.95,-83.38,0.917,0.925,0.008686265255960453,0.0089683875,B,,
XU21,Gaskin 2010,gaskin_2010,maize,Grain,22.0,,6.41,,4.3,,peanut hull花生壳,,728.47,10.12,2.0,duration,1.0,33.95,-83.38,0.917,1.359,0.3933969418946789,0.0089683875,B,,
XU21,Gaskin 2010,gaskin_2010,maize,Grain,11.0,,6.41,,4.3,,peanut hull花生壳,,728.47,10.12,2.0,duration,1.0,33.95,-83.38,8.608,8.553,-0.006409904820783965,0.008968387500000003,B,,
XU21,Gaskin 2010,gaskin_2010,maize,Grain,22.0,,6.41,,4.3,,peanut hull花生壳,,728.47,10.12,2.0,duration,1.0,33.95,-83.38,8.608,8.092,-0.061816084113929526,0.008968387500000003,B,,
XU21,Gaskin 2010,gaskin_2010,maize,Grain,11.0,,6.41,,4.3,,pine chip松木片,,769.93,7.54,2.0,duration,1.0,33.95,-83.38,4.449,3.414,-0.26479472745165583,0.008968387500000001,B,,
XU21,Gaskin 2010,gaskin_2010,maize,Grain,22.0,,6.41,,4.3,,pine chip松木片,,769.93,7.54,2.0,duration,1.0,33.95,-83.38,4.449,3.126,-0.3529251198246198,0.008968387500000001,B,,
XU21,Gaskin 2010,gaskin_2010,maize,Grain,11.0,,6.41,,4.3,,pine chip松木片,,769.93,7.54,2.0,duration,1.0,33.95,-83.38,15.127,14.523,-0.040747626954395315,0.008968387500000001,B,,
XU21,Gaskin 2010,gaskin_2010,maize,Grain,22.0,,6.41,,4.3,,pine chip松木片,,769.93,7.54,2.0,duration,1.0,33.95,-83.38,15.127,13.645,-0.10310807241976055,0.008968387500000001,B,,
XU21,Gaskin 2010,gaskin_2010,maize,Grain,11.0,,6.41,,4.3,,pine chip松木片,,769.93,7.54,2.0,duration,1.0,33.95,-83.38,0.521,0.74,0.35090014444484846,0.008968387500000001,B,,
XU21,Gaskin 2010,gaskin_2010,maize,Grain,22.0,,6.41,,4.3,,pine chip松木片,,769.93,7.54,2.0,duration,1.0,33.95,-83.38,0.521,0.807,0.437573626516582,0.008968387500000001,B,,
XU21,Gaskin 2010,gaskin_2010,maize,Grain,11.0,,6.41,,4.3,,pine chip松木片,,769.93,7.54,2.0,duration,1.0,33.95,-83.38,8.697,10.691,0.20642412742373487,0.008968387500000001,B,,
XU21,Gaskin 2010,gaskin_2010,maize,Grain,22.0,,6.41,,4.3,,pine chip松木片,,769.93,7.54,2.0,duration,1.0,33.95,-83.38,8.697,8.868,0.019471153146436937,0.0089683875,B,,
XU21,Silvia Baronti 2010,baronti_2010,wheat,Grain,10.0,,6.7,,,29.0,wood,,840.0,7.2,0.5205479452054794,duration,1.0,41.5,12.0,2.45,2.73,0.10821358464023258,0.035019925129815235,B,750.0,14.0
XU21,Silvia Baronti 2010,baronti_2010,maize,Grain,10.0,,6.7,,,15.0,wood,,840.0,7.2,0.5205479452054794,duration,1.0,41.5,12.0,9.69,10.4,0.07071138024465215,0.002502761630461811,B,750.0,14.0
XU21,Silvia Baronti 2010,baronti_2010,maize,Grain,10.0,,6.7,,,15.0,wood,,840.0,7.2,0.5205479452054794,duration,1.0,41.5,12.0,9.69,12.1,0.22211102670002064,0.003482320129435299,B,750.0,14.0
XU21,Silvia Baronti 2010,baronti_2010,ryegrass,Grain,10.0,,6.7,,,15.0,wood,,840.0,7.2,0.5205479452054794,duration,1.0,41.5,12.0,0.32592592592592595,0.33960113960113963,0.04110167568555178,0.010340419631295276,B,750.0,14.0
XU21,Silvia Baronti 2010,baronti_2010,ryegrass,Grain,30.0,,6.7,,,15.0,wood,,840.0,7.2,0.5205479452054794,duration,1.0,41.5,12.0,0.32592592592592595,0.40569800569800574,0.2189389200321779,0.02789867322227657,B,750.0,14.0
XU21,Silvia Baronti 2010,baronti_2010,ryegrass,Grain,60.0,,6.7,,,15.0,wood,,840.0,7.2,0.5205479452054794,duration,1.0,41.5,12.0,0.32592592592592595,0.6951566951566952,0.7574671463475043,0.012726817750452667,B,750.0,14.0
XU21,Silvia Baronti 2010,baronti_2010,ryegrass,Grain,100.0,,6.7,,,15.0,wood,,840.0,7.2,0.5205479452054794,duration,1.0,41.5,12.0,0.32592592592592595,0.2871794871794872,-0.12656272330842924,0.032667992474464946,B,750.0,14.0
XU21,Silvia Baronti 2010,baronti_2010,ryegrass,Grain,120.0,,6.7,,,15.0,wood,,840.0,7.2,0.5205479452054794,duration,1.0,41.5,12.0,0.32592592592592595,0.22108262108262108,-0.3881336517565246,0.08236922418045786,B,750.0,14.0
XU21,Paul Blackwell 2010,blackwell_2010,wheat,Grain,50.0,,5.7,,,,wood,,456.7,9.1,1.0,duration,1.0,-28.82,114.88,0.375,0.332,-0.12179105705392218,0.00866185056048,B,,
XU21,Paul Blackwell 2010,blackwell_2010,wheat,Grain,2.0,,5.7,,,,wood,,456.7,9.1,1.0,duration,1.0,-28.82,114.88,1.76,1.6,-0.09531017980432477,0.0089683875,B,,
XU21,Paul Blackwell 2010,blackwell_2010,wheat,Grain,7.5,,5.7,,,,wood,,456.7,9.1,1.0,duration,1.0,-28.82,114.88,1.76,1.87,0.06062462181643484,0.0089683875,B,,
XU21,Paul Blackwell 2010,blackwell_2010,wheat,Grain,15.0,,5.7,,,,wood,,456.7,9.1,1.0,duration,1.0,-28.82,114.88,1.76,1.84,0.044451762570833796,0.008968387500000001,B,,
XU21,Paul Blackwell 2010,blackwell_2010,wheat,Grain,30.0,,5.7,,,,wood,,456.7,9.1,1.0,duration,1.0,-28.82,114.88,1.76,1.85,0.049871830040173155,0.0089683875,B,,
XU21,Paul Blackwell 2010,blackwell_2010,wheat,Grain,60.0,,5.7,,,,wood,,456.7,9.1,1.0,duration,1.0,-28.82,114.88,1.76,2.14,0.1954920199836998,0.0089683875,B,,
XU21,Paul Blackwell 2010,blackwell_2010,wheat,Grain,100.0,,5.7,,,,wood,,456.7,9.1,1.0,duration,1.0,-28.82,114.88,1.76,2.02,0.13778370236305296,0.0089683875,B,,
XU21,K. Y. Chan 2007,chan_2007,radish,Grain,10.0,,5.61,7.2,,,green waste,,360.0,8.6,0.30684931506849317,duration,0.0,-34.0,151.0,1.8,1.9,0.05406722127027579,0.0019353231773364267,B,,
XU21,K. Y. Chan 2007,chan_2007,radish,Grain,10.0,,5.61,7.2,,,green waste,,360.0,8.6,0.30684931506849317,duration,0.0,-34.0,151.0,1.8,2.196,0.19885085874516517,0.0022690125524375167,B,,
XU21,K. Y. Chan 2007,chan_2007,radish,Grain,50.0,,5.61,7.2,,,green waste,,360.0,8.6,0.30684931506849317,duration,0.0,-34.0,151.0,1.8,1.8,0.0,0.00227348623125,B,,
XU21,K. Y. Chan 2008,chan_2008,radish,Grain,10.0,,5.52,,19.7,,poultry litter家禽粪便,,380.0,9.9,0.4931506849315068,duration,0.0,-34.0,151.0,3.24,4.79,0.3909570816185858,0.006726290625000001,B,,
XU21,K. Y. Chan 2008,chan_2008,radish,Grain,25.0,,5.52,,19.7,,poultry litter家禽粪便,,330.0,13.0,0.4931506849315068,duration,0.0,-34.0,151.0,3.24,5.11,0.455626074411375,0.006726290625,B,,
XU21,K. Y. Chan 2008,chan_2008,radish,Grain,50.0,,5.52,,19.7,,poultry litter家禽粪便,,380.0,9.9,0.4931506849315068,duration,0.0,-34.0,151.0,3.24,6.27,0.6602030248405911,0.006726290625000001,B,,
XU21,K. Y. Chan 2008,chan_2008,radish,Grain,25.0,,5.52,,19.7,,poultry litter家禽粪便,,380.0,9.9,0.4931506849315068,duration,0.0,-34.0,151.0,3.24,5.42,0.5145224856473167,0.006726290625000001,B,,
XU21,K. Y. Chan 2008,chan_2008,radish,Grain,10.0,,5.52,,19.7,,poultry litter家禽粪便,,330.0,13.0,0.4931506849315068,duration,0.0,-34.0,151.0,3.24,4.48,0.32404971662265586,0.006726290625000001,B,,
XU21,K. Y. Chan 2008,chan_2008,radish,Grain,50.0,,5.52,,19.7,,poultry litter家禽粪便,,330.0,13.0,0.4931506849315068,duration,0.0,-34.0,151.0,3.24,6.53,0.7008336134841016,0.006726290625000001,B,,
XU21,Cui Liqiang 2011,liqiang_2011,rice,Grain,10.0,,6.07,18.05,20.71,,wheat straw,,467.2,10.35,2.0,duration,1.0,31.41,119.69,6.530612244897958,6.997084548104956,0.06899287148695163,0.004492305602796682,B,1100.0,22.0
XU21,Cui Liqiang 2011,liqiang_2011,rice,Grain,20.0,,6.07,18.05,20.71,,wheat straw,,467.2,10.35,2.0,duration,1.0,31.41,119.69,6.530612244897958,6.705539358600583,0.026433257068155646,0.004421668744293565,B,1100.0,22.0
XU21,Cui Liqiang 2011,liqiang_2011,rice,Grain,40.0,,6.07,18.05,20.71,,wheat straw,,467.2,10.35,2.0,duration,1.0,31.41,119.69,6.530612244897958,6.647230320699709,0.017699577099401075,0.005367430641270055,B,1100.0,22.0
XU21,Cui Liqiang 2011,liqiang_2011,rice,Grain,10.0,,6.07,18.05,20.71,,wheat straw,,467.2,10.35,2.0,duration,1.0,31.41,119.69,7.201166180758017,6.909620991253645,-0.04132819549284594,0.005894514631459777,B,1100.0,22.0
XU21,Cui Liqiang 2011,liqiang_2011,rice,Grain,20.0,,6.07,18.05,20.71,,wheat straw,,467.2,10.35,2.0,duration,1.0,31.41,119.69,7.201166180758017,6.588921282798834,-0.08885333735569123,0.003464609486191459,B,1100.0,22.0
XU21,Cui Liqiang 2011,liqiang_2011,rice,Grain,40.0,,6.07,18.05,20.71,,wheat straw,,467.2,10.35,2.0,duration,1.0,31.41,119.69,7.201166180758017,6.647230320699709,-0.08004270767353625,0.002961349661221809,B,1100.0,22.0
XU21,Cui Liqiang 2012,liqiang_2012,wheat,Grain,10.0,,5.6,18.05,20.71,,wheat straw,,467.2,10.35,2.0,duration,1.0,31.41,119.69,2.45,2.0,-0.20294084399669043,0.013675444259336384,B,1100.0,22.0
XU21,Cui Liqiang 2012,liqiang_2012,wheat,Grain,20.0,,5.6,18.05,20.71,,wheat straw,,467.2,10.35,2.0,duration,1.0,31.41,119.69,2.45,2.49,0.016194685919980602,0.03936882433922756,B,1100.0,22.0
XU21,Cui Liqiang 2012,liqiang_2012,wheat,Grain,40.0,,5.6,18.05,20.71,,wheat straw,,467.2,10.35,2.0,duration,1.0,31.41,119.69,2.45,2.53,0.032131278182793196,0.020187872068967324,B,1100.0,22.0
XU21,Cui Liqiang 2012,liqiang_2012,wheat,Grain,10.0,,5.6,18.05,20.71,,wheat straw,,467.2,10.35,2.0,duration,1.0,31.41,119.69,5.31,5.62,0.056739828651752394,0.0016241379769996252,B,1100.0,22.0
XU21,Cui Liqiang 2012,liqiang_2012,wheat,Grain,20.0,,5.6,18.05,20.71,,wheat straw,,467.2,10.35,2.0,duration,1.0,31.41,119.69,5.31,5.66,0.06383205696124412,0.0032819516839927678,B,1100.0,22.0
XU21,Cui Liqiang 2012,liqiang_2012,wheat,Grain,40.0,,5.6,18.05,20.71,,wheat straw,,467.2,10.35,2.0,duration,1.0,31.41,119.69,5.31,5.91,0.10705399616415942,0.001325408580083249,B,1100.0,22.0
XU21,Jonathan L. Deenik 2010,deenik_2010,lettuce,Grain,5.0,,,,,,nut shell坚果壳,,852.0,5.7,0.4931506849315068,duration,1.0,20.0,-155.69,7.44623,6.931957999999999,-0.07156555106389166,0.021339344042315318,B,,
XU21,Jonathan L. Deenik 2010,deenik_2010,maize,Grain,20.0,,,,,,nut shell坚果壳,,852.0,5.7,0.4931506849315068,duration,1.0,20.0,-155.69,9.53538,6.664107999999999,-0.3582729802149772,0.0041937590592965625,B,,
XU21,Jonathan L. Deenik 2010,deenik_2010,lettuce,Grain,10.0,,,,,,nut shell坚果壳,,852.0,5.7,0.4931506849315068,duration,1.0,20.0,-155.69,7.44623,6.735668,-0.10029087572698869,0.0025588231294462497,B,,
XU21,Jonathan L. Deenik 2010,deenik_2010,lettuce,Grain,20.0,,,,,,nut shell坚果壳,,852.0,5.7,0.4931506849315068,duration,1.0,20.0,-155.69,7.971216,8.817622,0.10091516584397796,0.006422693169664826,B,,
XU21,Jonathan L. Deenik 2010,deenik_2010,maize,Grain,5.0,,,,,,nut shell坚果壳,,852.0,5.7,0.4931506849315068,duration,1.0,20.0,-155.69,6.289117999999999,6.974813999999999,0.10348482238047287,0.01583248594714996,B,,
XU21,Jonathan L. Deenik 2010,deenik_2010,maize,Grain,10.0,,,,,,nut shell坚果壳,,852.0,5.7,0.4931506849315068,duration,1.0,20.0,-155.69,6.289117999999999,3.8570399999999996,-0.48892078837794073,0.0014622744492257676,B,,
XU21,Alfred Gathorne-Hardy 2009,gathorne-hardy_2009,wheat,Grain,5.0,,,,,,wood,,760.0,9.73,0.3287671232876712,duration,1.0,51.0,0.0,35.8,39.0,0.08561375272299192,0.004931117463195267,B,,
XU21,Alfred Gathorne-Hardy 2009,gathorne-hardy_2009,wheat,Grain,50.0,,,,,,wood,,760.0,9.73,0.3287671232876712,duration,1.0,51.0,0.0,35.8,40.0,0.11093156070728181,0.004876931335078126,B,,
XU21,Alfred Gathorne-Hardy 2009,gathorne-hardy_2009,wheat,Grain,10.0,,,,,,wood,,760.0,9.73,0.3287671232876712,duration,1.0,51.0,0.0,35.8,33.0,-0.08144033194017429,0.0053810325000000015,B,,
XU21,Alfred Gathorne-Hardy 2009,gathorne-hardy_2009,wheat,Grain,20.0,,,,,,wood,,760.0,9.73,0.3287671232876712,duration,1.0,51.0,0.0,35.8,31.9,-0.11534188361585569,0.0053810325000000015,B,,
XU21,David Güereña 2013,guerena_2013,maize,Grain,3.0,,7.36,9.76,16.2,27.0,maize biochar,,290.0,10.02,4.0,duration,1.0,42.73,-76.65,4.74,4.11,-0.14261410719884182,0.008968387500000001,B,940.0,9.0
XU21,David Güereña 2013,guerena_2013,maize,Grain,12.0,,7.36,9.76,16.2,27.0,maize biochar,,290.0,10.02,4.0,duration,1.0,42.73,-76.65,4.74,4.19,-0.12333640177293867,0.008968387500000001,B,940.0,9.0
XU21,David Güereña 2013,guerena_2013,maize,Grain,30.0,,7.36,9.76,16.2,27.0,maize biochar,,290.0,10.02,4.0,duration,1.0,42.73,-76.65,4.74,4.02,-0.1647552330760556,0.008968387500000001,B,940.0,9.0
XU21,David Güereña 2013,guerena_2013,maize,Grain,3.0,,7.36,9.76,16.2,27.0,maize biochar,,290.0,10.02,4.0,duration,1.0,42.73,-76.65,9.26,7.8,-0.171580314962542,0.008968387500000001,B,940.0,9.0
XU21,David Güereña 2013,guerena_2013,maize,Grain,12.0,,7.36,9.76,16.2,27.0,maize biochar,,290.0,10.02,4.0,duration,1.0,42.73,-76.65,9.26,8.14,-0.12891386864363902,0.008968387500000001,B,940.0,9.0
XU21,David Güereña 2013,guerena_2013,maize,Grain,30.0,,7.36,9.76,16.2,27.0,maize biochar,,290.0,10.02,4.0,duration,1.0,42.73,-76.65,9.26,7.66,-0.1896920649055881,0.008968387500000001,B,940.0,9.0
XU21,David Güereña 2013,guerena_2013,maize,Grain,3.0,,7.36,9.76,16.2,27.0,maize biochar,,290.0,10.02,4.0,duration,1.0,42.73,-76.65,8.5,8.51,0.0011757790890120365,0.008968387500000003,B,940.0,9.0
XU21,David Güereña 2013,guerena_2013,maize,Grain,12.0,,7.36,9.76,16.2,27.0,maize biochar,,290.0,10.02,4.0,duration,1.0,42.73,-76.65,8.5,7.93,-0.06941312784951423,0.008968387500000003,B,940.0,9.0
XU21,David Güereña 2013,guerena_2013,maize,Grain,30.0,,7.36,9.76,16.2,27.0,maize biochar,,290.0,10.02,4.0,duration,1.0,42.73,-76.65,8.5,6.59,-0.25451281498185496,0.008968387500000003,B,940.0,9.0
XU21,David Güereña 2013,guerena_2013,maize,Grain,3.0,,7.36,9.76,16.2,27.0,maize biochar,,290.0,10.02,4.0,duration,1.0,42.73,-76.65,8.69,8.6,-0.010410736017838575,0.0089683875,B,940.0,9.0
XU21,David Güereña 2013,guerena_2013,maize,Grain,12.0,,7.36,9.76,16.2,27.0,maize biochar,,290.0,10.02,4.0,duration,1.0,42.73,-76.65,8.69,8.62,-0.008087854601699005,0.0089683875,B,940.0,9.0
XU21,David Güereña 2013,guerena_2013,maize,Grain,30.0,,7.36,9.76,16.2,27.0,maize biochar,,290.0,10.02,4.0,duration,1.0,42.73,-76.65,8.69,7.81,-0.10676797542570605,0.0089683875,B,940.0,9.0
XU21,S.M. Haefele 2011,haefele_2011,rice,Grain,41.3,,6.5,34.1,15.3,42.0,rice straw,,398.0,8.6,4.0,duration,1.0,14.18,121.25,3.84,3.81,-0.007843177461025893,0.00988089930931862,B,2027.0,
XU21,S.M. Haefele 2011,haefele_2011,rice,Grain,49.5,,6.5,34.1,15.3,42.0,rice straw,,398.0,8.6,4.0,duration,1.0,14.18,121.25,3.84,4.14,0.07522342123758753,0.009546300088610587,B,2027.0,
XU21,S.M. Haefele 2011,haefele_2011,rice,Grain,41.3,,6.5,34.1,15.3,42.0,rice straw,,398.0,8.6,4.0,duration,1.0,14.18,121.25,3.01,3.52,0.15652091084922146,0.02021468253665116,B,2027.0,
XU21,S.M. Haefele 2011,haefele_2011,rice,Grain,49.5,,6.5,34.1,15.3,42.0,rice straw,,398.0,8.6,4.0,duration,1.0,14.18,121.25,3.01,3.42,0.12770047231372952,0.021017025606976762,B,2027.0,
XU21,S.M. Haefele 2011,haefele_2011,rice,Grain,41.3,,6.5,34.1,15.3,42.0,rice straw,,398.0,8.6,4.0,duration,1.0,14.18,121.25,2.63,2.73,0.03731776300719528,0.007623467459661063,B,2027.0,
XU21,S.M. Haefele 2011,haefele_2011,rice,Grain,49.5,,6.5,34.1,15.3,42.0,rice straw,,398.0,8.6,4.0,duration,1.0,14.18,121.25,2.63,2.61,-0.007633624855071095,0.008179370018386098,B,2027.0,
XU21,S.M. Haefele 2011,haefele_2011,rice,Grain,41.3,,4.1,23.5,36.4,53.0,rice straw,,398.0,8.6,4.0,duration,1.0,14.47,121.48,3.02,2.86,-0.0544352065550171,0.007490085551242953,B,2027.0,
XU21,S.M. Haefele 2011,haefele_2011,rice,Grain,49.5,,4.1,23.5,36.4,53.0,rice straw,,398.0,8.6,4.0,duration,1.0,14.47,121.48,3.02,2.5,-0.1889660995126232,0.007893055996972419,B,2027.0,
XU21,S.M. Haefele 2011,haefele_2011,rice,Grain,41.3,,4.8,1.7,3.4,5.0,rice straw,,398.0,8.6,4.0,duration,1.0,15.23,104.85,3.01,3.3,0.09198238971165026,0.007700926254707577,B,1550.0,
XU21,S.M. Haefele 2011,haefele_2011,rice,Grain,49.5,,4.8,1.7,3.4,5.0,rice straw,,398.0,8.6,4.0,duration,1.0,15.23,104.85,3.01,3.02,0.003316752625994042,0.00761886872290721,B,1550.0,
XU21,S.M. Haefele 2011,haefele_2011,rice,Grain,41.3,,4.8,1.7,3.4,5.0,rice straw,,398.0,8.6,4.0,duration,1.0,15.23,104.85,2.18,2.76,0.2359058029280608,0.006806126047023659,B,1550.0,
XU21,S.M. Haefele 2011,haefele_2011,rice,Grain,49.5,,4.1,23.5,36.4,53.0,rice straw,,398.0,8.6,4.0,duration,1.0,14.47,121.48,2.18,2.27,0.040454954692313534,0.008764491602363577,B,2027.0,
XU21,S.M. Haefele 2011,haefele_2011,rice,Grain,41.3,,4.1,23.5,36.4,53.0,rice straw,,398.0,8.6,4.0,duration,1.0,14.47,121.48,3.2,3.16,-0.012578782206860073,0.008890823939094045,B,2027.0,
XU21,S.M. Haefele 2011,haefele_2011,rice,Grain,49.5,,4.8,1.7,3.4,5.0,rice straw,,398.0,8.6,4.0,duration,1.0,15.23,104.85,3.2,3.09,-0.034979718896026815,0.008548610455739673,B,1550.0,
XU21,S.M. Haefele 2011,haefele_2011,rice,Grain,41.3,,4.8,1.7,3.4,5.0,rice straw,,398.0,8.6,4.0,duration,1.0,15.23,104.85,3.09,3.13,0.012861913642407822,0.0055460076284816855,B,1550.0,
XU21,S.M. Haefele 2011,haefele_2011,rice,Grain,49.5,,4.8,1.7,3.4,5.0,rice straw,,398.0,8.6,4.0,duration,1.0,15.23,104.85,3.09,3.49,0.12173064530468171,0.00459095510511363,B,1550.0,
XU21,S.M. Haefele 2011,haefele_2011,rice,Grain,41.3,,4.1,23.5,36.4,53.0,rice straw,,398.0,8.6,4.0,duration,1.0,14.47,121.48,1.97,1.75,-0.11841775481447446,0.013591152948290035,B,2027.0,
XU21,S.M. Haefele 2011,haefele_2011,rice,Grain,49.5,,4.1,23.5,36.4,53.0,rice straw,,398.0,8.6,4.0,duration,1.0,14.47,121.48,1.97,1.93,-0.020513539833103018,0.013300845686396615,B,2027.0,
XU21,William Hartley 2009,hartley_2009,miscanthus,Grain,45.0,,7.06,,,11.75,wood,,883.8,9.94,0.3287671232876712,duration,1.0,53.46,-2.71,24.075,25.034,0.03906094322164244,0.017844592406489057,B,,
XU21,William Hartley 2009,hartley_2009,miscanthus,Grain,45.0,,6.98,,,7.46,wood,,883.8,9.94,0.3287671232876712,duration,1.0,53.09,-2.42,60.525,64.134,0.057918141695741436,0.007892965004850903,B,,
XU21,William Hartley 2009,hartley_2009,miscanthus,Grain,45.0,,8.49,,,29.25,wood,,883.8,9.94,0.3287671232876712,duration,1.0,53.41,-2.48,13.365,12.308,-0.08238989213108693,0.019714290404754514,B,,
XU21,花莉 2010,_2010,ryegrass,Grain,22.5,,7.66,,21.7,,maize biochar,,680.0,7.8,0.3561643835616438,duration,1.0,35.0,110.0,0.736,0.887,0.18661486358070334,0.0021746614902998854,B,760.0,13.2
XU21,花莉 2010,_2010,ryegrass,Grain,45.0,,7.66,,21.7,,maize biochar,,680.0,7.8,0.3561643835616438,duration,1.0,35.0,110.0,0.736,1.12,0.41985384556026406,0.004199910706248472,B,760.0,13.2
XU21,花莉 2010,_2010,ryegrass,Grain,90.0,,7.66,,21.7,,maize biochar,,680.0,7.8,0.3561643835616438,duration,1.0,35.0,110.0,0.736,1.24,0.5216365398702063,0.0020468235999179076,B,760.0,13.2
XU21,Titiek Islami 2011,islami_2011,maize,Grain,15.0,,6.49,,6.5,,cassava stem木薯秸秆,,225.5,7.9,1.726027397260274,duration,1.0,-8.05,112.5,3.06,4.06,0.2827680576493518,0.008968387500000003,B,1800.0,28.0
XU21,Titiek Islami 2011,islami_2011,maize,Grain,15.0,,6.49,,6.5,,cassava stem木薯秸秆,,404.2,8.1,1.726027397260274,duration,1.0,-8.05,112.5,3.06,3.49,0.13148682025004635,0.008968387500000001,B,1800.0,28.0
XU21,Titiek Islami 2011,islami_2011,maize,Grain,15.0,,6.49,,6.5,,cassava stem木薯秸秆,,225.5,7.9,1.726027397260274,duration,1.0,-8.05,112.5,2.73,4.13,0.413975797776073,0.008968387500000001,B,1800.0,28.0
XU21,Titiek Islami 2011,islami_2011,maize,Grain,15.0,,6.49,,6.5,,cassava stem木薯秸秆,,404.2,8.1,1.726027397260274,duration,1.0,-8.05,112.5,2.73,3.6,0.27663223626519595,0.008968387500000001,B,1800.0,28.0
XU21,Titiek Islami 2011,islami_2011,peanut,Grain,15.0,,6.49,,6.5,,cassava stem木薯秸秆,,225.5,7.9,1.726027397260274,duration,1.0,-8.05,112.5,1.01,1.08,0.0670107102829603,0.008968387500000003,B,1800.0,28.0
XU21,Titiek Islami 2011,islami_2011,peanut,Grain,15.0,,6.49,,6.5,,cassava stem木薯秸秆,,404.2,8.1,1.726027397260274,duration,1.0,-8.05,112.5,1.01,1.06,0.04831857727080773,0.008968387500000001,B,1800.0,28.0
XU21,Titiek Islami 2011,islami_2011,peanut,Grain,15.0,,6.49,,6.5,,cassava stem木薯秸秆,,225.5,7.9,1.726027397260274,duration,1.0,-8.05,112.5,0.71,1.09,0.4286680051878284,0.0089683875,B,1800.0,28.0
XU21,Titiek Islami 2011,islami_2011,peanut,Grain,15.0,,6.49,,6.5,,cassava stem木薯秸秆,,404.2,8.1,1.726027397260274,duration,1.0,-8.05,112.5,0.71,0.98,0.32228760162925646,0.0089683875,B,1800.0,28.0
XU21,Titiek Islami 2011,islami_2011,cassava,Grain,15.0,,6.49,,6.5,,cassava stem木薯秸秆,,225.5,7.9,1.726027397260274,duration,1.0,-8.05,112.5,16.5,18.4,0.10899028370840488,0.0089683875,B,1800.0,28.0
XU21,Titiek Islami 2011,islami_2011,cassava,Grain,15.0,,6.49,,6.5,,cassava stem木薯秸秆,,404.2,8.1,1.726027397260274,duration,1.0,-8.05,112.5,16.5,18.6,0.11980119981262077,0.0089683875,B,1800.0,28.0
XU21,Titiek Islami 2011,islami_2011,cassava,Grain,15.0,,6.49,,6.5,,cassava stem木薯秸秆,,225.5,7.9,1.726027397260274,duration,1.0,-8.05,112.5,14.3,23.2,0.4838927414064026,0.008968387500000001,B,1800.0,28.0
XU21,Titiek Islami 2011,islami_2011,cassava,Grain,15.0,,6.49,,6.5,,cassava stem木薯秸秆,,404.2,8.1,1.726027397260274,duration,1.0,-8.05,112.5,14.3,21.1,0.3890135032161593,0.008968387500000001,B,1800.0,28.0
XU21,Titiek Islami 2011,islami_2011,cassava,Grain,20.0,,6.49,,6.5,,cassava stem木薯秸秆,,225.5,7.9,1.726027397260274,duration,1.0,-8.05,112.5,19.0,21.6,0.12825433552367885,0.008968387500000001,B,1800.0,28.0
XU21,Titiek Islami 2011,islami_2011,cassava,Grain,15.0,,6.49,,6.5,,cassava stem木薯秸秆,,404.2,8.1,1.726027397260274,duration,1.0,-8.05,112.5,19.0,20.4,0.07109592168373026,0.008968387500000001,B,1800.0,28.0
XU21,Titiek Islami 2011,islami_2011,cassava,Grain,20.0,,6.49,,6.5,,cassava stem木薯秸秆,,225.5,7.9,1.726027397260274,duration,1.0,-8.05,112.5,19.2,20.3,0.055710607014005854,0.0089683875,B,1800.0,28.0
XU21,Titiek Islami 2011,islami_2011,cassava,Grain,15.0,,6.49,,6.5,,cassava stem木薯秸秆,,404.2,8.1,1.726027397260274,duration,1.0,-8.05,112.5,19.2,21.2,0.09909090264423097,0.0089683875,B,1800.0,28.0
XU21,Joseph M. Kimetu 2008,kimetu_2008,maize,Grain,6.0,,,,,,wood,,851.0,9.4,0.3287671232876712,duration,1.0,0.23,35.57,6.08,6.19,0.017930390718429164,0.003262920445837641,B,1837.0,19.0
XU21,Joseph M. Kimetu 2008,kimetu_2008,maize,Grain,6.0,,,,,,wood,,851.0,9.4,0.3287671232876712,duration,1.0,0.23,35.57,8.51,6.61,-0.2526582887216878,0.00019587505416165786,B,1837.0,19.0
XU21,R. D. Lentz 2012,lentz_2012,maize,Grain,22.4,,7.6,19.0,12.0,20.0,wood,,662.0,6.8,2.0,duration,1.0,42.5,-114.37,18.1,19.45,0.0719351317926751,0.008822495191282111,B,,
XU21,R. D. Lentz 2012,lentz_2012,maize,Grain,22.4,,7.6,19.0,12.0,20.0,wood,,662.0,6.8,2.0,duration,1.0,42.5,-114.37,19.1,23.0,0.18580588087656535,0.008766966269943291,B,,
XU21,彭华 2011,_2011,rice,Grain,1.35,,6.1,,15.37,,rice straw,,206.0,8.6,0.33424657534246577,duration,1.0,28.6167,113.3311,5.892,5.933,0.006934488676122345,0.008968387500000001,B,1360.0,17.0
XU21,Zakaria M. Solaiman 2010,solaiman_2010,wheat,Grain,55.0,,5.3,1.8,8.99,,wood,,304.0,8.8,0.3287671232876712,duration,1.0,-28.53,115.72,1.792,1.787,-0.0027940783754477716,0.008968387500000001,B,,
XU21,Zakaria M. Solaiman 2010,solaiman_2010,wheat,Grain,55.0,,5.3,1.8,8.99,,wood,,304.0,8.8,0.3287671232876712,duration,1.0,-28.53,115.72,1.792,1.889,0.05271527396663368,0.008968387500000001,B,,
XU21,Zakaria M. Solaiman 2010,solaiman_2010,wheat,Grain,55.0,,5.3,1.8,8.99,,wood,,304.0,8.8,0.3287671232876712,duration,1.0,-28.53,115.72,1.875,1.809,-0.03583445300921607,0.0089451679465152,B,,
XU21,Zakaria M. Solaiman 2010,solaiman_2010,wheat,Grain,30.0,,5.3,1.8,8.99,,wood,,304.0,8.8,0.3287671232876712,duration,1.0,-28.53,115.72,1.875,1.885,0.005319161477600027,0.0089683875,B,,
XU21,Zakaria M. Solaiman 2010,solaiman_2010,wheat,Grain,30.0,,5.3,1.8,8.99,,wood,,304.0,8.8,0.3287671232876712,duration,1.0,-28.53,115.72,1.875,1.788,-0.047510982671051735,0.0089683875,B,,
XU21,Zakaria M. Solaiman 2010,solaiman_2010,wheat,Grain,30.0,,5.3,1.8,8.99,,wood,,304.0,8.8,0.3287671232876712,duration,1.0,-28.53,115.72,1.961,2.35,0.18096078094185838,0.008968387500000001,B,,
XU21,Zakaria M. Solaiman 2010,solaiman_2010,wheat,Grain,100.0,,5.3,1.8,8.99,,wood,,304.0,8.8,0.3287671232876712,duration,1.0,-28.53,115.72,1.35,2.032,0.40891593726589737,0.0089683875,B,,
XU21,Zakaria M. Solaiman 2010,solaiman_2010,wheat,Grain,100.0,,5.3,1.8,8.99,,wood,,304.0,8.8,0.3287671232876712,duration,1.0,-28.53,115.72,1.35,2.018,0.402002329481079,0.0089683875,B,,
XU21,Zakaria M. Solaiman 2010,solaiman_2010,wheat,Grain,100.0,,5.3,1.8,8.99,,wood,,304.0,8.8,0.3287671232876712,duration,1.0,-28.53,115.72,1.35,2.01,0.39803012962064616,0.009605778869481479,B,,
XU21,唐光木 2011,_2011,maize,Grain,20.0,,,,,,wheat straw,,467.2,10.35,0.3287671232876712,duration,1.0,43.0,90.0,9.932,10.131,0.019838162425620188,1.2986980671361517e-05,B,150.0,10.0
XU21,唐光木 2011,_2011,maize,Grain,40.0,,,,,,wheat straw,,467.2,10.35,0.3287671232876712,duration,1.0,43.0,90.0,9.932,10.249,0.031418272203505807,2.8798883205136985e-06,B,150.0,10.0
XU21,F.P. Vaccari 2011,vaccari_2011,wheat,Grain,30.0,,5.2,,21.0,0.7,wood,,840.0,7.2,0.9863013698630136,duration,1.0,43.9,10.9,2.28,2.92,0.24740817331384096,0.006346237347584834,B,1223.0,14.6
XU21,F.P. Vaccari 2011,vaccari_2011,wheat,Grain,60.0,,5.2,,21.0,0.7,wood,,840.0,7.2,0.9863013698630136,duration,1.0,43.9,10.9,2.28,2.93,0.2508269800626266,0.00548851826243268,B,1223.0,14.6
XU21,F.P. Vaccari 2011,vaccari_2011,wheat,Grain,30.0,,5.2,,21.0,0.7,wood,,840.0,7.2,0.9863013698630136,duration,1.0,43.9,10.9,2.4,3.19,0.2845521794428532,0.012740624933463375,B,1223.0,14.6
XU21,F.P. Vaccari 2011,vaccari_2011,wheat,Grain,60.0,,5.2,,21.0,0.7,wood,,840.0,7.2,2.0,duration,1.0,43.9,10.9,2.4,3.34,0.3305020696347091,0.010420433104599185,B,1223.0,14.6
XU21,F.P. Vaccari 2011,vaccari_2011,wheat,Grain,30.0,,5.2,,21.0,0.7,wood,,840.0,7.2,2.0,duration,1.0,43.9,10.9,2.18,2.9,0.28538586019143053,0.009920884962961575,B,1223.0,14.6
XU21,F.P. Vaccari 2011,vaccari_2011,wheat,Grain,60.0,,5.2,,21.0,0.7,wood,,840.0,7.2,2.0,duration,1.0,43.9,10.9,2.18,2.71,0.21762375809061188,0.0069395607572066515,B,1223.0,14.6
XU21,Daniel D. Warnock 2010,warnock_2010,plantain,Grain,7.5,,8.1,,4.06,,wood,,678.0,7.7,0.7397260273972602,duration,1.0,48.46,-113.83,0.579,0.55,-0.05138419934647852,0.04276860801928087,B,,
XU21,Daniel D. Warnock 2010,warnock_2010,plantain,Grain,1.5,,8.1,,4.06,,wood,,678.0,7.7,0.7397260273972602,duration,1.0,48.46,-113.83,0.579,0.657,0.1263815409116153,0.019536540660778288,B,,
XU21,Daniel D. Warnock 2010,warnock_2010,plantain,Grain,3.0,,8.1,,4.06,,wood,,678.0,7.7,0.7397260273972602,duration,1.0,48.46,-113.83,0.579,0.571,-0.013913267916985002,0.016669174524440132,B,,
XU21,Daniel D. Warnock 2010,warnock_2010,plantain,Grain,6.0,,8.1,,4.06,,wood,,678.0,7.7,0.7397260273972602,duration,1.0,48.46,-113.83,0.579,0.5,-0.14669437915080338,0.013492668356197484,B,,
XU21,Daniel D. Warnock 2010,warnock_2010,plantain,Grain,15.0,,8.1,,4.06,,peanut hull花生壳,,600.0,8.35,0.7397260273972602,duration,1.0,48.46,-113.83,0.818,0.871,0.06277964024975584,0.037124610854126786,B,,
XU21,Daniel D. Warnock 2010,warnock_2010,plantain,Grain,15.0,,8.1,,4.06,,peanut hull花生壳,,657.0,8.34,0.7397260273972602,duration,1.0,48.46,-113.83,0.818,0.814,-0.0049019706002067795,0.023671202952437128,B,,
XU21,Daniel D. Warnock 2010,warnock_2010,plantain,Grain,15.0,,8.1,,4.06,,peanut hull花生壳,,647.0,8.23,0.7397260273972602,duration,1.0,48.46,-113.83,0.818,1.196,0.37987559790783,0.017819818123250356,B,,
XU21,Daniel D. Warnock 2010,warnock_2010,grass,Grain,32.36,,8.1,,4.06,,wood,,717.0,10.14,0.7397260273972602,duration,1.0,48.46,-113.83,1.64,1.74,0.059188871390330654,0.10200214959382078,B,,
XU21,MUHAMMAD 2012,muhammad_2012,maize,Grain,30.0,,,,,,cow manure,,33.61,9.2,0.3287671232876712,duration,1.0,30.0,70.0,2.042,2.386,0.1556886039332506,0.008968387500000001,B,,
XU21,Emanuele Lugato 2012,lugato_2012,rice,Grain,40.0,,,,,3.8,wood,,680.0,7.8,0.3287671232876712,duration,1.0,44.75,9.22,3.0,4.1,0.31237468504215227,0.0031570163262608295,B,990.0,11.6
XU21,Emanuele Lugato 2012,lugato_2012,rice,Grain,40.0,,,,,3.8,wood,,760.8,10.4,0.3287671232876712,duration,1.0,44.75,9.22,3.0,3.38,0.11926342082681776,0.0009867865659854754,B,990.0,11.6
XU21,邓万刚 2010,_2010,grass,Grain,15.0,,,,,,wheat straw,,467.2,10.35,0.32602739726027397,duration,1.0,35.0,115.0,12.8865,10.244,-0.22948808342680502,0.015094489906805519,B,1639.0,24.5
XU21,邓万刚 2010,_2010,grass,Grain,7.0,,,,,,wheat straw,,467.2,10.35,0.32602739726027397,duration,1.0,35.0,115.0,12.8865,10.8664,-0.1705047922379398,0.037785790678338524,B,1639.0,24.5
XU21,邓万刚 2010,_2010,grass,Grain,1.5,,,,,,wheat straw,,467.2,10.35,0.32602739726027397,duration,1.0,35.0,115.0,12.8865,12.1911,-0.05547407444218009,0.006759517862248696,B,1639.0,24.5
XU21,邓万刚 2010,_2010,grass,Grain,15.0,,,,,,wheat straw,,467.2,10.35,0.32602739726027397,duration,1.0,35.0,115.0,2.8226,2.3793,-0.17085211922252283,0.021910801323629964,B,1639.0,24.5
XU21,邓万刚 2010,_2010,grass,Grain,7.0,,,,,,wheat straw,,467.2,10.35,0.32602739726027397,duration,1.0,35.0,115.0,2.8226,2.5832,-0.08862950553584109,0.004382252802678331,B,1639.0,24.5
XU21,邓万刚 2010,_2010,grass,Grain,1.5,,,,,,wheat straw,,467.2,10.35,0.32602739726027397,duration,1.0,35.0,115.0,2.8226,2.6953,-0.04614893057794042,0.030956506077246964,B,1639.0,24.5
XU21,邓万刚 2010,_2010,grass,Grain,15.0,,,,,,wheat straw,,467.2,10.35,0.32602739726027397,duration,1.0,35.0,115.0,4.6445,4.4911,-0.03358606323200415,0.0034343101759587704,B,1639.0,24.5
XU21,邓万刚 2010,_2010,grass,Grain,7.0,,,,,,wheat straw,,467.2,10.35,0.32602739726027397,duration,1.0,35.0,115.0,4.6445,4.828,0.03874857938984675,0.006937172812006961,B,1639.0,24.5
XU21,邓万刚 2010,_2010,grass,Grain,1.5,,,,,,wheat straw,,467.2,10.35,0.32602739726027397,duration,1.0,35.0,115.0,4.6445,4.6315,-0.002802934133493233,0.005441326170862625,B,1639.0,24.5
XU21,José Antonio Alburquerque 2013,alburquerque_2013,wheat,Grain,11.25,,6.5,10.1,9.0,6.0,wood,,484.0,11.0,0.1643835616438356,duration,1.0,37.9,-4.7,3.040917,5.194632,0.5354666700291626,0.029793216467257553,B,,
XU21,José Antonio Alburquerque 2013,alburquerque_2013,wheat,Grain,22.5,,6.5,10.1,9.0,6.0,wood,,484.0,11.0,0.1643835616438356,duration,1.0,37.9,-4.7,9.38634,8.743440000000001,-0.07095173597228437,0.012285011047730596,B,,
XU21,José Antonio Alburquerque 2013,alburquerque_2013,wheat,Grain,56.25,,6.5,10.1,9.0,6.0,wood,,484.0,11.0,0.1643835616438356,duration,1.0,37.9,-4.7,18.0012,17.10114,-0.05129329438755058,0.004045347334501657,B,,
XU21,José Antonio Alburquerque 2013,alburquerque_2013,wheat,Grain,11.25,,6.5,10.1,9.0,6.0,wheat straw,,628.0,11.0,0.1643835616438356,duration,1.0,37.9,-4.7,3.1694970000000002,4.178850000000001,0.27646318884699267,0.07246647255530661,B,,
XU21,José Antonio Alburquerque 2013,alburquerque_2013,wheat,Grain,22.5,,6.5,10.1,9.0,6.0,wheat straw,,628.0,11.0,0.1643835616438356,duration,1.0,37.9,-4.7,9.12918,7.84338,-0.15180601286800421,0.009891995973847578,B,,
XU21,José Antonio Alburquerque 2013,alburquerque_2013,wheat,Grain,56.25,,6.5,10.1,9.0,6.0,wheat straw,,628.0,11.0,0.1643835616438356,duration,1.0,37.9,-4.7,18.0012,17.872619999999998,-0.007168489478612739,0.0025692828678534245,B,,
XU21,勾芒芒 2014,_2014,tomato,Grain,22.5,,7.85,,3.86,19.36,peanut hull花生壳,,471.7,9.04,0.27945205479452057,duration,1.0,40.48,111.41,34.7,38.7,0.10909991308292263,0.0011874603277356958,B,400.0,7.0
XU21,勾芒芒 2014,_2014,tomato,Grain,45.0,,7.85,,3.86,19.36,peanut hull花生壳,,471.7,9.04,0.27945205479452057,duration,1.0,40.48,111.41,34.7,49.3,0.3511843940958308,0.0016559231624406695,B,400.0,7.0
XU21,勾芒芒 2014,_2014,tomato,Grain,90.0,,7.85,,3.86,19.36,peanut hull花生壳,,471.7,9.04,0.27945205479452057,duration,1.0,40.48,111.41,34.7,92.7,0.9826287856189959,0.0021969467767095976,B,400.0,7.0
XU21,勾芒芒 2014,_2014,tomato,Grain,135.0,,7.85,,3.86,19.36,peanut hull花生壳,,471.7,9.04,0.27945205479452057,duration,1.0,40.48,111.41,34.7,70.0,0.7017555550965454,0.0016032553050620052,B,400.0,7.0
XU21,刘新源 2014,_2014,tobaco,Grain,1.125,,7.1,,5.97,,peanut hull花生壳,,471.7,9.04,0.2191780821917808,duration,1.0,35.0,115.0,2.9489,3.0711,0.04060358415344086,0.001656056901722783,B,900.0,13.5
XU21,刘新源 2014,_2014,tobaco,Grain,1.575,,7.1,,5.97,,peanut hull花生壳,,471.7,9.04,0.2191780821917808,duration,1.0,35.0,115.0,2.9489,3.0811,0.043854456624039716,0.0011024316827297526,B,900.0,13.5
XU21,刘新源 2014,_2014,tobaco,Grain,2.025,,7.1,,5.97,,peanut hull花生壳,,471.7,9.04,0.2191780821917808,duration,1.0,35.0,115.0,2.9489,3.1032,0.051001617685363675,0.0017516640102592789,B,900.0,13.5
XU21,刘新源 2014,_2014,tobaco,Grain,2.475,,7.1,,5.97,,peanut hull花生壳,,471.7,9.04,0.2191780821917808,duration,1.0,35.0,115.0,2.9489,3.3263,0.12042835568140506,0.0012604486434448156,B,900.0,13.5
XU21,张万杰 2011,_2011,spinach,Grain,11.25,,8.05,,9.32,,straw,,302.0,7.78,0.136986301369863,duration,1.0,40.0,116.0,7.87,11.0,0.3348372103690586,0.0008653129277616761,B,600.0,11.0
XU21,张万杰 2011,_2011,spinach,Grain,22.5,,8.05,,9.32,,straw,,30.215,7.78,0.136986301369863,duration,1.0,40.0,116.0,7.87,12.5,0.4626705818789435,0.0009049603106817859,B,600.0,11.0
XU21,V.Iswaran 2001,v.iswaran_2001,soybean,Grain,5.0,,7.2,,,,charcoal,,484.0,11.0,0.30684931506849317,duration,1.0,28.62,77.22,0.755625,0.924375,0.20157261209600702,0.008968387500000001,B,,
XU21,V.Iswaran 2001,v.iswaran_2001,soybean,Grain,5.0,,7.2,,,,charcoal,,484.0,11.0,0.30684931506849317,duration,1.0,28.62,77.22,1.018125,1.1625,0.13261015810520196,0.008968387500000001,B,,
XU21,V.Iswaran 2001,v.iswaran_2001,soybean,Grain,5.0,,7.2,,,,charcoal,,484.0,11.0,0.30684931506849317,duration,1.0,28.62,77.22,0.45562500000000006,0.688125,0.4123004047140216,0.0089683875,B,,
XU21,V.Iswaran 2001,v.iswaran_2001,soybean,Grain,5.0,,7.2,,,,charcoal,,484.0,11.0,0.30684931506849317,duration,1.0,28.62,77.22,0.9187500000000001,0.838125,-0.09184679649110351,0.008968387500000001,B,,
XU21,V.Iswaran 2001,v.iswaran_2001,soybean,Grain,5.0,,7.2,,,,charcoal,,484.0,11.0,0.30684931506849317,duration,1.0,28.62,77.22,0.620625,0.99,0.4669779083291986,0.008968387500000001,B,,
XU21,V.Iswaran 2001,v.iswaran_2001,soybean,Grain,5.0,,7.2,,,,charcoal,,484.0,11.0,0.30684931506849317,duration,1.0,28.62,77.22,1.21875,1.513125,0.21635130538026595,0.008968387500000001,B,,
XU21,Ken T. Revel 2012,revel_2012,lettuce,Grain,11.25,,7.1,,,,poultry litter家禽粪便,,270.0,9.3,0.5315068493150685,duration,1.0,40.0,-75.0,0.536912751677852,0.469798657718121,-0.1335313926245216,0.08107461734693863,B,,
XU21,Ken T. Revel 2012,revel_2012,lettuce,Grain,22.5,,7.1,,,,poultry litter家禽粪便,,270.0,9.3,0.5315068493150685,duration,1.0,40.0,-75.0,0.536912751677852,0.671140939597315,0.22314355131420976,0.04515625000000018,B,,
XU21,Ken T. Revel 2012,revel_2012,lettuce,Grain,56.25,,7.1,,,,poultry litter家禽粪便,,270.0,9.3,0.5315068493150685,duration,1.0,40.0,-75.0,0.536912751677852,0.335570469798658,-0.47000362924573413,0.07515625000000006,B,,
XU21,Ken T. Revel 2012,revel_2012,lettuce,Grain,112.5,,7.1,,,,poultry litter家禽粪便,,270.0,9.3,0.5315068493150685,duration,1.0,40.0,-75.0,0.536912751677852,0.469798657718121,-0.1335313926245216,0.040258290816326626,B,,
XU21,Ken T. Revel 2012,revel_2012,lettuce,Grain,11.25,,7.14,,,,poultry litter家禽粪便,,270.0,9.3,0.5315068493150685,duration,1.0,40.0,-75.0,5.30201342281879,5.50335570469799,0.03727139479723245,0.0023399310712363527,B,,
XU21,Ken T. Revel 2012,revel_2012,lettuce,Grain,22.5,,7.14,,,,poultry litter家禽粪便,,270.0,9.3,0.5315068493150685,duration,1.0,40.0,-75.0,5.30201342281879,6.44295302013423,0.19490033900081533,0.0023306521460347432,B,,
XU21,Ken T. Revel 2012,revel_2012,lettuce,Grain,56.25,,7.14,,,,poultry litter家禽粪便,,270.0,9.3,0.5315068493150685,duration,1.0,40.0,-75.0,5.30201342281879,4.02684563758389,-0.27510329024492103,0.006626442076590415,B,,
XU21,Ken T. Revel 2012,revel_2012,lettuce,Grain,112.5,,7.14,,,,poultry litter家禽粪便,,270.0,9.3,0.5315068493150685,duration,1.0,40.0,-75.0,5.30201342281879,4.7,-0.12052413079959479,0.001460232416928929,B,,
XU21,黄 超 2011,_2011,ryegrass,Grain,22.5,,4.58,,3.28,36.3,wheat straw,,634.0,9.2,1.0,duration,1.0,30.0,120.0,1.2,1.32,0.09531017980432493,0.0020293847566574823,B,1455.0,17.8
XU21,黄 超 2011,_2011,ryegrass,Grain,60.0,,4.58,,3.28,36.3,wheat straw,,634.0,9.2,1.0,duration,1.0,30.0,120.0,1.2,1.52,0.23638877806423053,0.001987582717759314,B,1455.0,17.8
XU21,黄 超 2011,_2011,ryegrass,Grain,110.0,,4.58,,3.28,36.3,wheat straw,,634.0,9.2,1.0,duration,1.0,30.0,120.0,1.2,1.82,0.41651494429474945,0.0020243462276429308,B,1455.0,17.8
XU21,黄 超 2011,_2011,ryegrass,Grain,22.5,,5.12,,16.66,34.4,wheat straw,,634.0,9.2,1.0,duration,1.0,30.0,120.0,1.87,2.01,0.07219629120448899,0.0015307084737962973,B,1455.0,17.8
XU21,黄 超 2011,_2011,ryegrass,Grain,60.0,,5.12,,16.66,34.4,wheat straw,,634.0,9.2,1.0,duration,1.0,30.0,120.0,1.87,2.22,0.1715687650176929,0.0017599434465183448,B,1455.0,17.8
XU21,黄 超 2011,_2011,ryegrass,Grain,110.0,,5.12,,16.66,34.4,wheat straw,,634.0,9.2,1.0,duration,1.0,30.0,120.0,1.87,1.78,-0.04932506656250156,0.0016686071045976909,B,1455.0,17.8
XU21,Tawadchai 2012,tawadchai_2012,soybean,Grain,4.0,,6.1,0.92,1.26,3.5,quail litter biochar鹌鹑窝炭,,32.8,9.1,0.410958904109589,duration,1.0,10.0,105.0,1.53,2.34,0.4248831939652659,0.006726290625000001,B,,
XU21,Tawadchai 2012,tawadchai_2012,soybean,Grain,8.0,,6.1,0.92,1.26,3.5,quail litter biochar鹌鹑窝炭,,32.8,9.1,0.410958904109589,duration,1.0,10.0,105.0,1.53,3.5775,0.8493964970441249,0.006726290625000001,B,,
XU21,Tawadchai 2012,tawadchai_2012,soybean,Grain,12.0,,6.1,0.92,1.26,3.5,quail litter biochar鹌鹑窝炭,,32.8,9.1,0.410958904109589,duration,1.0,10.0,105.0,1.53,4.185,1.0062389685370945,0.006726290625000001,B,,
XU21,Tawadchai 2012,tawadchai_2012,soybean,Grain,16.0,,6.1,0.92,1.26,3.5,quail litter biochar鹌鹑窝炭,,32.8,9.1,0.410958904109589,duration,1.0,10.0,105.0,1.83,5.04,1.0130901152299476,0.005086942922769417,B,,
XU21,Tawadchai 2012,tawadchai_2012,soybean,Grain,20.0,,6.1,0.92,1.26,3.5,quail litter biochar鹌鹑窝炭,,32.8,9.1,0.410958904109589,duration,1.0,10.0,105.0,1.83,4.6125,0.9244540425133159,0.005086942922769417,B,,
XU21,Clemens Scheer 2011,scheer_2011,ryegrass,Grain,10.0,,5.6,,44.0,65.0,cattle feedlot biochar,,440.0,10.0,0.15342465753424658,duration,1.0,-28.85,153.43,13.045,17.093,0.2702641043854393,0.0014353356716267996,B,,
XU21,Xiaoyu Liu 2012,liu_2012,rice,Grain,20.0,,5.99,,20.11,,wheat straw,,467.0,10.4,0.4931506849315068,duration,1.0,30.99,104.25,6.38,6.63,0.03843670684107256,0.0016135870867399725,B,890.0,16.3
XU21,Afeng Zhang 2010,zhang_2010,rice,Grain,10.0,,6.5,,23.5,39.0,wheat straw,,467.0,10.4,0.410958904109589,duration,1.0,31.4,119.68,8.6,9.6,0.11000089521432849,0.0007813722585907297,B,1177.0,15.7
XU21,Afeng Zhang 2010,zhang_2010,rice,Grain,40.0,,6.5,,23.5,39.0,wheat straw,,467.0,10.4,0.410958904109589,duration,1.0,31.4,119.68,8.6,9.8,0.13062018241706422,0.0008854266974722914,B,1177.0,15.7
XU21,Afeng Zhang 2012,zhang_2012,rice,Grain,10.0,,6.5,,23.5,39.0,wheat straw,,467.0,10.4,1.0,duration,1.0,31.4,119.68,7.6,8.3,0.088107267510267,0.0006768489202278528,B,1177.0,15.7
XU21,Afeng Zhang 2012,zhang_2012,rice,Grain,10.0,,6.5,,23.5,39.0,wheat straw,,467.0,10.4,1.0,duration,1.0,31.4,119.68,7.6,9.7,0.24397763821705162,0.0005941341623268502,B,1177.0,15.7
XU21,Afeng Zhang 2012,zhang_2012,rice,Grain,20.0,,6.5,,23.5,39.0,wheat straw,,467.0,10.4,1.0,duration,1.0,31.4,119.68,7.6,8.4,0.10008345855698263,0.0009478125660852216,B,1177.0,15.7
XU21,Afeng Zhang 2012,zhang_2012,rice,Grain,20.0,,6.5,,23.5,39.0,wheat straw,,467.0,10.4,1.0,duration,1.0,31.4,119.68,7.6,8.3,0.088107267510267,0.0002901062079643876,B,1177.0,15.7
XU21,Afeng Zhang 2012,zhang_2012,rice,Grain,40.0,,6.5,,23.5,39.0,wheat straw,,467.0,10.4,1.0,duration,1.0,31.4,119.68,7.6,8.5,0.1119179162039854,0.0012263864793106423,B,1177.0,15.7
XU21,Afeng Zhang 2012,zhang_2012,rice,Grain,40.0,,6.5,,23.5,39.0,wheat straw,,467.0,10.4,1.0,duration,1.0,31.4,119.68,7.6,9.3,0.20186615286692497,0.007128593864415925,B,1177.0,15.7
XU21,B. Li 2015,li_2015,vegetable,Grain,20.0,,5.1,31.2,15.9,30.1,wheat straw,,467.0,9.4,1.0356164383561643,duration,1.0,32.02,118.87,146.0,178.0,0.1981769285837487,0.033296901038526075,B,1107.0,15.4
XU21,B. Li 2015,li_2015,vegetable,Grain,40.0,,5.1,31.2,15.9,30.1,wheat straw,,467.0,9.4,1.0356164383561643,duration,1.0,32.02,118.87,146.0,162.0,0.10398971352404764,0.0073647199068645796,B,1107.0,15.4
XU21,Dengxiao Zhang 2015,zhang_2015,maize,Grain,20.0,,8.4,,4.3,,wheat straw,,467.0,10.4,1.3150684931506849,duration,1.0,42.97,113.2,8.71,9.61,0.09833243211778948,0.002461030988467232,B,466.0,9.25
XU21,Dengxiao Zhang 2015,zhang_2015,maize,Grain,20.0,,8.4,,4.3,,wheat straw,,467.0,10.4,1.3150684931506849,duration,1.0,42.97,113.2,8.71,8.49,-0.025582790541155545,0.016476862018387935,B,466.0,9.25
XU21,Dengxiao Zhang 2015,zhang_2015,maize,Grain,40.0,,8.4,,4.3,,wheat straw,,467.0,10.4,1.3150684931506849,duration,1.0,42.97,113.2,8.71,9.83,0.12096714329466371,0.001801384552265307,B,466.0,9.25
XU21,Dengxiao Zhang 2015,zhang_2015,maize,Grain,40.0,,8.4,,4.3,,wheat straw,,467.0,10.4,1.3150684931506849,duration,1.0,42.97,113.2,8.71,9.51,0.0878720856928873,0.004464060575928489,B,466.0,9.25
XU21,Dengxiao Zhang 2015,zhang_2015,maize,Grain,20.0,,8.4,,4.3,,wheat straw,,467.0,10.4,1.3150684931506849,duration,1.0,42.97,113.2,9.06,10.58,0.15509630637526534,0.002202573842338015,B,466.0,9.25
XU21,Dengxiao Zhang 2015,zhang_2015,maize,Grain,20.0,,8.4,,4.3,,wheat straw,,467.0,10.4,1.3150684931506849,duration,1.0,42.97,113.2,9.06,11.06,0.1994658760393008,0.01676273759135226,B,466.0,9.25
XU21,Dengxiao Zhang 2015,zhang_2015,maize,Grain,40.0,,8.4,,4.3,,wheat straw,,467.0,10.4,1.3150684931506849,duration,1.0,42.97,113.2,9.06,10.14,0.11261887810814909,0.0021444728952377053,B,466.0,9.25
XU21,Dengxiao Zhang 2015,zhang_2015,maize,Grain,40.0,,8.4,,4.3,,wheat straw,,467.0,10.4,1.3150684931506849,duration,1.0,42.97,113.2,9.06,12.5,0.32185952425336745,0.03496984115381554,B,466.0,9.25
XU21,Afeng Zhang 2013,zhang_2013,wheat,Grain,10.0,,6.5,18.1,23.5,,wheat straw,,467.0,10.4,1.0,duration,1.0,31.4,119.68,4.2,5.4,0.25131442828090617,0.009377420378302212,B,1177.0,15.7
XU21,Afeng Zhang 2013,zhang_2013,wheat,Grain,20.0,,6.5,18.1,23.5,,wheat straw,,467.0,10.4,1.0,duration,1.0,31.4,119.68,4.2,4.9,0.15415067982725836,0.009485091088589631,B,1177.0,15.7
XU21,Afeng Zhang 2013,zhang_2013,wheat,Grain,40.0,,6.5,18.1,23.5,,wheat straw,,467.0,10.4,1.0,duration,1.0,31.4,119.68,4.2,5.1,0.1941560144409574,0.013907393022568503,B,1177.0,15.7
XU21,Xiaoyu Liu 2014,liu_2014,maize,Grain,10.0,,8.38,,9.87,,wheat straw,,467.0,10.4,3.328767123287671,duration,1.0,34.53,115.5,6.65,7.86,0.16716975177335247,1.4242574871218886e-05,B,780.0,13.9
XU21,Xiaoyu Liu 2014,liu_2014,maize,Grain,40.0,,8.38,,9.87,,wheat straw,,467.0,10.4,3.328767123287671,duration,1.0,34.53,115.5,6.65,7.42,0.10956220251152624,3.0420312109996593e-05,B,780.0,13.9
XU21,Xiaoyu Liu 2014,liu_2014,wheat,Grain,10.0,,8.38,,9.87,,wheat straw,,467.0,10.4,3.328767123287671,duration,1.0,34.53,115.5,7.62,7.5,-0.01587334915629012,0.00615984458635584,B,780.0,13.9
XU21,Xiaoyu Liu 2014,liu_2014,wheat,Grain,40.0,,8.38,,9.87,,wheat straw,,467.0,10.4,3.328767123287671,duration,1.0,34.53,115.5,7.62,7.87,0.03228169273075704,0.007026322996910237,B,780.0,13.9
XU21,Xiaoyu Liu 2014,liu_2014,wheat,Grain,10.0,,8.38,,9.87,,wheat straw,,467.0,10.4,3.328767123287671,duration,1.0,34.53,115.5,7.81,7.83,0.002557546151117193,0.0020021353659880736,B,780.0,13.9
XU21,Xiaoyu Liu 2014,liu_2014,wheat,Grain,40.0,,8.38,,9.87,,wheat straw,,467.0,10.4,3.328767123287671,duration,1.0,34.53,115.5,7.81,8.07,0.032748518430262906,0.0021152597879584615,B,780.0,13.9
XU21,Xiaoyu Liu 2014,liu_2014,maize,Grain,10.0,,8.38,,9.87,,wheat straw,,467.0,10.4,3.328767123287671,duration,1.0,34.53,115.5,8.31,8.35,0.0048019299954072114,0.0040722904443979,B,780.0,13.9
XU21,Xiaoyu Liu 2014,liu_2014,maize,Grain,40.0,,8.38,,9.87,,wheat straw,,467.0,10.4,3.328767123287671,duration,1.0,34.53,115.5,8.31,9.11,0.09191310240451009,0.0037083544142083513,B,780.0,13.9
XU21,Muhammad Aslam Ali 2013,ali_2013,rice,Grain,10.0,,6.2,,39.6,,bagasse甘蔗渣,,597.0,9.5,0.410958904109589,duration,1.0,23.7,90.39,4.35,4.98,0.1352540459359691,0.00030157359793009104,B,1700.0,26.5
XU21,Muhammad Aslam Ali 2014,ali_2014,rice,Grain,10.0,,7.2,,40.6,,bagasse甘蔗渣,,597.0,9.5,0.4136986301369863,duration,1.0,23.7,90.39,4.35,5.15,0.16882086957505224,0.000358639187067297,B,1700.0,26.5
XU21,Jinyang Wang 2012,wang_2012,rice,Grain,25.0,,7.8,,4.8,,rice husks,,465.4,9.1,0.1643835616438356,duration,0.0,32.04,118.78,1.2141509433962263,1.2877358490566035,0.058840500022933395,0.015610485716534537,B,1050.0,14.5
XU21,Jinyang Wang 2012,wang_2012,rice,Grain,50.0,,7.8,,4.8,,rice husks,,465.4,9.1,0.1643835616438356,duration,0.0,32.04,118.78,1.2141509433962263,1.508490566037736,0.21706450523782775,0.01064337435246958,B,1050.0,14.5
XU21,Jinyang Wang 2012,wang_2012,rice,Grain,25.0,,7.8,,4.8,,rice husks,,465.4,9.1,0.1643835616438356,duration,0.0,32.04,118.78,0.17577464788732394,0.18676056338028169,0.06062462181643484,0.017746039287773904,B,1050.0,14.5
XU21,Jinyang Wang 2012,wang_2012,rice,Grain,50.0,,7.8,,4.8,,rice husks,,465.4,9.1,0.1643835616438356,duration,0.0,32.04,118.78,0.17577464788732394,0.20873239436619714,0.17185025692665903,0.006675941424284407,B,1050.0,14.5
XU21,Jinyang Wang 2012,wang_2012,rice,Grain,10.0,,7.8,,4.8,,rice husk稻壳,,465.4,9.1,1.0,duration,1.0,28.22,113.28,0.5707,0.5525,-0.03241024415075449,0.008408048060014215,B,1050.0,14.5
XU21,Jinyang Wang 2012,wang_2012,rice,Grain,25.0,,7.8,,4.8,,rice husk稻壳,,465.4,9.1,1.0,duration,1.0,28.22,113.28,0.5707,0.47839999999999994,-0.1764164749062405,0.017092810238675208,B,1050.0,14.5
XU21,Jinyang Wang 2012,wang_2012,rice,Grain,50.0,,7.8,,4.8,,rice husk稻壳,,465.4,9.1,1.0,duration,1.0,28.22,113.28,0.5707,0.49660000000000004,-0.13907880446859602,0.005410904408863853,B,1050.0,14.5
XU21,Jinyang Wang 2012,wang_2012,wheat,Grain,10.0,,6.6,,14.7,,rice husk稻壳,,465.4,9.1,1.0,duration,1.0,28.22,113.28,0.19759999999999997,0.19759999999999997,0.0,0.007011361495844911,B,1050.0,14.5
XU21,Jinyang Wang 2012,wang_2012,wheat,Grain,25.0,,6.6,,14.7,,rice husk稻壳,,465.4,9.1,1.0,duration,1.0,28.22,113.28,0.19759999999999997,0.21580000000000002,0.088107267510267,0.029959347172657524,B,1050.0,14.5
XU21,Jinyang Wang 2012,wang_2012,wheat,Grain,50.0,,6.6,,14.7,,rice husk稻壳,,465.4,9.1,1.0,duration,1.0,28.22,113.28,0.19759999999999997,0.21580000000000002,0.088107267510267,0.006444977017337455,B,1050.0,14.5
XU21,Shanthi PrabhaV 2013,prabhav_2013,rice,Grain,15.0,,4.4,9.5,4.89,,wood,,981.8,7.9,0.3287671232876712,duration,1.0,9.64,76.48,5.58,5.625,0.008032171697264253,0.001327535189253307,B,,
XU21,Shanthi PrabhaV 2013,prabhav_2013,rice,Grain,25.0,,4.4,9.5,4.89,,wood,,981.8,7.9,0.0821917808219178,duration,1.0,9.64,76.48,5.58,7.74,0.3272129112084162,0.0010168567444483073,B,,
XU21,Shanthi PrabhaV 2013,prabhav_2013,rice,Grain,35.0,,4.4,9.5,4.89,,wood,,981.8,7.9,0.0821917808219178,duration,1.0,9.64,76.48,5.58,9.0,0.47803580094299974,0.0009263006213520725,B,,
XU21,Rongjun Bian 2014,bian_2014,rice,Grain,40.0,,5.94,,26.83,,municipal biowaste,,324.3,8.51,1.0,duration,1.0,31.4,119.68,8.7,9.0,0.033901551675681416,0.006506265811325926,B,1238.0,14.6
XU21,Rongjun Bian 2014,bian_2014,wheat,Grain,40.0,,5.94,,26.83,,municipal biowaste,,324.3,8.51,1.0,duration,1.0,31.4,119.68,5.9,6.2,0.04959694113937198,0.010356229441565893,B,1238.0,14.6
XU21,Ankit Singla 2014,singla_2014,rice,Grain,1.875,,5.54,,11.9,0.01,biomass plant,,317.0,8.81,0.27671232876712326,duration,1.0,35.42,139.46,9.525,19.275,0.7048889984366286,0.013098375795786652,B,,
XU21,Qi Liu 2016,liu_2016,rice,Grain,2.4,,6.8,12.4,16.8,22.0,corn straw,,597.7,9.6,2.0,duration,1.0,32.6,119.7,6.78,7.34,0.07936174067411986,0.004415769193673361,B,1150.0,15.0
XU21,Qi Liu 2016,liu_2016,rice,Grain,2.4,,6.8,12.4,16.8,22.0,corn straw,,597.7,9.6,2.0,duration,1.0,32.6,119.7,7.65,8.46,0.1006435257796875,0.0005656669110980936,B,1150.0,15.0
XU21,Qi Liu 2016,liu_2016,rice,Grain,2.4,,6.8,12.4,16.8,22.0,corn straw,,597.7,9.6,2.0,duration,1.0,32.6,119.7,14.43,15.8,0.09070056724714161,0.0017055680287035705,B,1150.0,15.0
XU21,Qi Liu 2016,liu_2016,rice,Grain,2.4,,6.8,12.4,16.8,22.0,corn straw,,597.7,9.6,2.0,duration,1.0,32.6,119.7,7.6,7.58,-0.0026350476380050023,0.0007373466563301767,B,1150.0,15.0
XU21,Qi Liu 2016,liu_2016,rice,Grain,2.4,,6.8,12.4,16.8,22.0,corn straw,,597.7,9.6,2.0,duration,1.0,32.6,119.7,22.05,23.37,0.05814054665791157,0.0011298280808555343,B,1150.0,15.0
XU21,Bo Li 2016,li_2016,vegetable,Grain,20.0,,5.5,31.2,15.6,30.1,wheat straw,,467.0,9.4,0.2465753424657534,duration,1.0,32.0,119.0,17.1,21.5,0.22897447162500295,0.01668167525234167,B,1145.0,14.6
XU21,Bo Li 2016,li_2016,vegetable,Grain,40.0,,5.5,31.2,15.6,30.1,wheat straw,,467.0,9.4,0.2465753424657534,duration,1.0,32.0,119.0,17.1,15.3,-0.11122563511022437,0.01494043041349053,B,1145.0,14.6
XU21,Bo Li 2016,li_2016,vegetable,Grain,20.0,,5.5,31.2,15.6,30.1,wheat straw,,467.0,9.4,0.3589041095890411,duration,1.0,32.0,119.0,92.5,96.5,0.042334363826560736,0.002281908440478705,B,1145.0,14.6
XU21,Bo Li 2016,li_2016,vegetable,Grain,40.0,,5.5,31.2,15.6,30.1,wheat straw,,467.0,9.4,0.3589041095890411,duration,1.0,32.0,119.0,92.5,107.3,0.14842000511827322,0.003211975493827858,B,1145.0,14.6
XU21,Bo Li 2016,li_2016,vegetable,Grain,20.0,,5.5,31.2,15.6,30.1,wheat straw,,467.0,9.4,0.34794520547945207,duration,1.0,32.0,119.0,18.9,18.0,-0.048790164169431945,0.04934093390442598,B,1145.0,14.6
XU21,Bo Li 2016,li_2016,vegetable,Grain,40.0,,5.5,31.2,15.6,30.1,wheat straw,,467.0,9.4,0.34794520547945207,duration,1.0,32.0,119.0,18.9,41.4,0.7841189587656721,0.056487716793174846,B,1145.0,14.6
XU21,Bo Li 2016,li_2016,vegetable,Grain,20.0,,5.5,31.2,15.6,30.1,wheat straw,,467.0,9.4,0.25753424657534246,duration,1.0,32.0,119.0,17.7,27.6,0.4442511331433209,0.02745708628046396,B,1145.0,14.6
XU21,Bo Li 2016,li_2016,vegetable,Grain,40.0,,5.5,31.2,15.6,30.1,wheat straw,,467.0,9.4,0.25753424657534246,duration,1.0,32.0,119.0,17.7,27.8,0.451471381116808,0.027996866521024247,B,1145.0,14.6
XU21,Bo Li 2016,li_2016,vegetable,Grain,20.0,,5.5,31.2,15.6,30.1,wheat straw,,467.0,9.4,0.3452054794520548,duration,1.0,32.0,119.0,97.0,112.6,0.14913073720220707,0.006532564212172913,B,1145.0,14.6
XU21,Bo Li 2016,li_2016,vegetable,Grain,40.0,,5.5,31.2,15.6,30.1,wheat straw,,467.0,9.4,0.3452054794520548,duration,1.0,32.0,119.0,97.0,95.8,-0.01244829352656803,0.006981047200692473,B,1145.0,14.6
XU21,Bo Li 2016,li_2016,vegetable,Grain,20.0,,5.5,31.2,15.6,30.1,wheat straw,,467.0,9.4,0.35342465753424657,duration,1.0,32.0,119.0,16.6,17.7,0.06416194421728585,0.0476747557130816,B,1145.0,14.6
XU21,Bo Li 2016,li_2016,vegetable,Grain,40.0,,5.5,31.2,15.6,30.1,wheat straw,,467.0,9.4,0.35342465753424657,duration,1.0,32.0,119.0,16.6,24.8,0.4014409578084389,0.006109043856934199,B,1145.0,14.6
XU21,Bo Li 2016,li_2016,vegetable,Grain,20.0,,5.5,31.2,15.6,30.1,wheat straw,,467.0,9.4,0.27123287671232876,duration,1.0,32.0,119.0,17.2,24.8,0.36593426935152923,0.019810821164593474,B,1145.0,14.6
XU21,Bo Li 2016,li_2016,vegetable,Grain,40.0,,5.5,31.2,15.6,30.1,wheat straw,,467.0,9.4,0.27123287671232876,duration,1.0,32.0,119.0,17.2,26.1,0.4170259305092405,0.02323418730719267,B,1145.0,14.6
XU21,L. Van Zwieten 2013,zwieten_2013,maize,Grain,10.0,,5.78,6.5,48.0,,poultry litter,,450.0,8.7,0.3095890410958904,duration,1.0,-28.49,153.23,18.3,27.35,0.40181546902061493,6.0025693117692705e-05,B,,
XU21,Cui Yue-feng 2017,yue-feng_2017,rice,Grain,2.0,,6.4,,10.73,,corn cob,,632.7,9.02,0.273972602739726,duration,1.0,42.23,123.8,4.45,8.49,0.645984904145107,0.0028602065397249936,B,643.5,6.3
XU21,Cui Yue-feng 2017,yue-feng_2017,rice,Grain,40.0,,6.4,,10.73,,corn cob,,632.7,9.02,0.273972602739726,duration,1.0,42.23,123.8,4.45,8.22,0.6136661128899397,0.002752955233109687,B,643.5,6.3
XU21,O.T. Faloye 2017,faloye_2017,maize,Grain,3.0,,4.43,4.32,17.3,,cob-residues,,670.0,9.45,,duration,1.0,7.27,5.22,2.77,4.33,0.44672022181515136,0.0015675190171469287,B,,
XU21,O.T. Faloye 2017,faloye_2017,maize,Grain,6.0,,4.43,4.32,17.3,,cob-residues,,670.0,9.45,,duration,1.0,7.27,5.22,2.77,4.64,0.5158670460389166,0.0015675190171469283,B,,
XU21,O.T. Faloye 2017,faloye_2017,maize,Grain,10.0,,4.43,4.32,17.3,,cob-residues,,670.0,9.45,,duration,1.0,7.27,5.22,2.77,4.87,0.5642466168952514,0.0015675190171469285,B,,
XU21,Bernard Fungo 2017,fungo_2017,maize,Grain,2.5,,6.0,16.2,23.3,71.6,eucalyptus wood,,868.0,6.3,,duration,1.0,0.15,34.95,14.8,12.8,-0.14518200984449783,0.008113588937332602,B,2000.0,26.0
XU21,Ling Liu 2017,liu_2017,maize,Grain,20.0,,7.6,,10.61,,wheat straw,,468.0,10.4,0.3150684931506849,duration,1.0,35.57,112.0,6.12,6.67,0.08605776340329754,0.000374685710173698,B,560.0,14.3
XU21,Ling Liu 2017,liu_2017,maize,Grain,40.0,,7.6,,10.61,,wheat straw,,468.0,10.4,0.3150684931506849,duration,1.0,35.57,112.0,6.12,6.8,0.10536051565782635,0.00034966074301906675,B,560.0,14.3
XU21,Ling Liu 2017,liu_2017,maize,Grain,20.0,,7.6,,10.61,,wheat straw,,468.0,10.4,0.3150684931506849,duration,1.0,35.57,112.0,9.18,9.73,0.058186691565514675,0.0003606896760105357,B,560.0,14.3
XU21,Ling Liu 2017,liu_2017,maize,Grain,40.0,,7.6,,10.61,,wheat straw,,468.0,10.4,0.3150684931506849,duration,1.0,35.57,112.0,9.18,9.8,0.06535518104412726,0.0004868041802703622,B,560.0,14.3
XU21,Ling Liu 2017,liu_2017,maize,Grain,20.0,,7.4,,7.15,,wheat straw,,468.0,10.4,0.31232876712328766,duration,1.0,35.02,112.7,4.98,5.43,0.08650924290928232,0.0007919932270191558,B,550.0,14.6
XU21,Ling Liu 2017,liu_2017,maize,Grain,40.0,,7.4,,7.15,,wheat straw,,468.0,10.4,0.31232876712328766,duration,1.0,35.02,112.7,4.98,5.58,0.11375888535665796,0.0007185501001300119,B,550.0,14.6
XU21,Ling Liu 2017,liu_2017,maize,Grain,20.0,,7.4,,7.15,,wheat straw,,468.0,10.4,0.31232876712328766,duration,1.0,35.02,112.7,6.55,6.95,0.05927660992954031,0.0004283980058156915,B,550.0,14.6
XU21,Ling Liu 2017,liu_2017,maize,Grain,40.0,,7.4,,7.15,,wheat straw,,468.0,10.4,0.31232876712328766,duration,1.0,35.02,112.7,6.55,7.0,0.06644509940815276,0.0005517335819590933,B,550.0,14.6
XU21,Qi Liu 2017,liu_2017,wheat,Grain,48.0,,6.0,12.4,16.8,22.0,maize straw,,597.7,9.6,,duration,1.0,32.58,119.7,4.03,4.14,0.026929411878631328,0.0021234904500177874,B,1140.0,14.7
XU21,Qi Liu 2017,liu_2017,wheat,Grain,48.0,,6.0,12.4,16.8,22.0,maize straw,,597.7,9.6,,duration,1.0,32.58,119.7,4.03,3.31,-0.1968181865696201,0.001778519743669721,B,1140.0,14.7
XU21,Yuhui Niu 2017,niu_2017,maize,Grain,3.0,,8.81,,7.41,15.8,maize straw,,450.0,10.02,,duration,1.0,35.0,114.4,1.11,1.04,-0.06513930217096149,0.0007975175919562614,B,615.0,13.9
XU21,Yuhui Niu 2017,niu_2017,maize,Grain,6.0,,8.81,,7.41,15.8,maize straw,,450.0,10.02,,duration,1.0,35.0,114.4,1.11,1.04,-0.06513930217096149,0.0005201507280509359,B,615.0,13.9
XU21,Yuhui Niu 2017,niu_2017,maize,Grain,12.0,,8.81,,7.41,15.8,maize straw,,450.0,10.02,,duration,1.0,35.0,114.4,1.11,1.06,-0.046091107200266976,0.0007687177811200018,B,615.0,13.9
XU21,Yuhui Niu 2017,niu_2017,wheat,Grain,3.0,,8.81,,7.41,15.8,maize straw,,450.0,10.02,,duration,1.0,35.0,114.4,0.49604221635883905,0.5804749340369394,0.15718558352241255,0.0027518310393120004,B,615.0,13.9
XU21,Yuhui Niu 2017,niu_2017,wheat,Grain,6.0,,8.81,,7.41,15.8,maize straw,,450.0,10.02,,duration,1.0,35.0,114.4,0.49604221635883905,0.6226912928759895,0.2273898421956608,0.003587400043184264,B,615.0,13.9
XU21,Yuhui Niu 2017,niu_2017,wheat,Grain,12.0,,8.81,,7.41,15.8,maize straw,,450.0,10.02,,duration,1.0,35.0,114.4,0.49604221635883905,0.6253298153034301,0.23161817830518203,0.005553700932447866,B,615.0,13.9
XU21,Qian Xiao 2017,xiao_2017,,Grain,10.0,,7.89,,19.9,,maize straw,,591.6,9.8,,duration,1.0,35.28,107.88,8.533333333333331,9.244444444444442,0.08004270767353636,0.0016028340657552086,B,481.0,9.1
XU21,Qian Xiao 2017,xiao_2017,,Grain,20.0,,7.89,,19.9,,maize straw,,591.6,9.8,,duration,1.0,35.28,107.88,8.533333333333331,9.333333333333332,0.08961215868968714,0.0016028340657552086,B,481.0,9.1
XU21,Qian Xiao 2017,xiao_2017,,Grain,30.0,,7.89,,19.9,,maize straw,,591.6,9.8,,duration,1.0,35.28,107.88,8.533333333333331,9.688888888888888,0.12699969076130752,0.0016028340657552086,B,481.0,9.1
XU21,Qian Xiao 2017,xiao_2017,,Grain,10.0,,7.89,,19.9,,maize straw,,591.6,9.8,,duration,1.0,35.28,107.88,8.266666666666667,8.71111111111111,0.052367985517315724,0.0016612989941033642,B,579.0,9.1
XU21,Qian Xiao 2017,xiao_2017,,Grain,20.0,,7.89,,19.9,,maize straw,,591.6,9.8,,duration,1.0,35.28,107.88,8.266666666666667,8.977777777777776,0.08252102368800324,0.0016612989941033646,B,579.0,9.1
XU21,Qian Xiao 2017,xiao_2017,,Grain,30.0,,7.89,,19.9,,maize straw,,591.6,9.8,,duration,1.0,35.28,107.88,8.266666666666667,9.422222222222222,0.1308396009588111,0.0016612989941033642,B,579.0,9.1
XU21,Qian Xiao 2017,xiao_2017,,Grain,10.0,,7.89,,19.9,,maize straw,,591.6,9.8,,duration,1.0,35.28,107.88,7.555555555555555,8.000000000000002,0.05715841383994883,0.0016764994232987317,B,567.0,9.1
XU21,Qian Xiao 2017,xiao_2017,,Grain,20.0,,7.89,,19.9,,maize straw,,591.6,9.8,,duration,1.0,35.28,107.88,7.555555555555555,8.355555555555554,0.1006435257796873,0.0016764994232987313,B,567.0,9.1
XU21,Qian Xiao 2017,xiao_2017,,Grain,30.0,,7.89,,19.9,,maize straw,,591.6,9.8,,duration,1.0,35.28,107.88,7.555555555555555,8.71111111111111,0.1423162221802554,0.0016764994232987313,B,567.0,9.1
XU21,Xu Yang 2017,yang_2017,,Grain,2.63,,7.4,,11.0,,maize stover,,660.0,9.2,0.3726027397260274,duration,1.0,41.82,123.55,10.99,13.2,0.18323106117679516,0.008688643664715504,B,574.0,7.0
XU21,Zahra Arabi 2018,arabi_2018,soybean,Grain,2.5,,7.7,17.95,8.4,37.0,poplar and plane tree wood,,,,,duration,1.0,37.28,55.35,2.34,3.35,0.358809416467365,0.0015699344972849249,B,332.0,17.3
XU21,Zahra Arabi 2018,arabi_2018,soybean,Grain,8.0,,7.7,17.95,8.4,37.0,poplar and plane tree wood,,,,,duration,1.0,37.28,55.35,2.34,3.42,0.3794896217049038,0.0015699344972849249,B,332.0,17.3
XU21,Zahra Arabi 2018,arabi_2018,soybean,Grain,16.0,,7.7,17.95,8.4,37.0,poplar and plane tree wood,,,,,duration,1.0,37.28,55.35,2.34,3.29,0.3407366354076705,0.0015699344972849249,B,332.0,17.3
XU21,Walda Monteiro 2018,monteiro_2018,maize,Grain,15.0,,4.9,9.3,,,gama wastewater treatment plant,,234.0,6.0,0.410958904109589,duration,1.0,15.93,47.92,3.1121495327102804,4.345794392523365,0.3338949156069124,0.003484755248634841,B,1450.0,13.8
XU21,Walda Monteiro 2018,monteiro_2018,maize,Grain,15.0,,4.9,9.3,,,gama wastewater treatment plant,,190.0,6.4,0.410958904109589,duration,1.0,15.93,47.92,3.1121495327102804,4.289719626168225,0.32090772008010143,0.003559067125125456,B,1450.0,13.8
XU21,Walda Monteiro 2018,monteiro_2018,maize,Grain,15.0,,4.9,9.3,,,gama wastewater treatment plant,,234.0,6.0,0.410958904109589,duration,1.0,15.93,47.92,7.317757009345795,10.682242990654206,0.3782789678040076,0.04737752547932745,B,1450.0,13.8
XU21,Walda Monteiro 2018,monteiro_2018,maize,Grain,15.0,,4.9,9.3,,,gama wastewater treatment plant,,190.0,6.4,0.410958904109589,duration,1.0,15.93,47.92,7.317757009345795,11.271028037383177,0.4319316812963276,0.042621953350096185,B,1450.0,13.8
XU21,Tiehu He 2018,he_2018,rice,Grain,15.0,,5.3,,14.62,26.0,wheat straw,,513.0,10.5,0.3698630136986301,duration,1.0,31.92,119.47,5.31,8.29,0.44545813389335603,0.0005764099204630817,B,1019.0,15.5
XU21,Tiehu He 2018,he_2018,rice,Grain,15.0,,5.3,,14.62,26.0,wheat straw,,513.0,10.5,0.3424657534246575,duration,1.0,31.92,119.47,6.48,8.7,0.2946025152963545,0.00030230944054222565,B,1019.0,15.5
XU21,Min Huang 2018,huang_2018,,Grain,20.0,,,,,,,,,,,duration,1.0,44.3,124.4,6.845360824742268,6.80412371134021,-0.006042314455961917,0.0003171583076305943,B,1031.0,15.2
XU21,Min Huang 2018,huang_2018,,Grain,20.0,,,,,,,,,,,duration,1.0,44.3,124.4,8.123711340206185,8.288659793814432,0.020101179321087088,0.0003589434635091049,B,1031.0,15.2
XU21,Min Huang 2018,huang_2018,,Grain,20.0,,,,,,,,,,,duration,1.0,44.3,124.4,6.391752577319588,6.762886597938144,0.05644131090495184,0.0007476206703515211,B,1031.0,15.2
XU21,Shuailin Li 2018,li_2018,wheat,Grain,52.95,,7.88,,3.32,10.17,apple branches,,670.15,9.67,0.6054794520547945,duration,1.0,34.26,103.52,2.991230533465871,3.629663822619837,0.19345518074617876,0.0028315324093331354,B,450.0,7.5
XU21,Shuailin Li 2018,li_2018,wheat,Grain,60.0,,7.88,,3.32,10.17,apple branches,,670.15,9.67,0.6054794520547945,duration,1.0,34.26,103.52,2.991230533465871,4.291977440910095,0.3610627162825083,0.0005629749069608476,B,450.0,7.5
XU21,Shuailin Li 2018,li_2018,wheat,Grain,110.0,,7.88,,3.32,10.17,apple branches,,670.15,9.67,0.6054794520547945,duration,1.0,34.26,103.52,2.991230533465871,3.900486249171638,0.26541637224516335,0.0016911496952408344,B,450.0,7.5
XU21,Shuailin Li 2018,li_2018,wheat,Grain,150.0,,7.88,,3.32,10.17,apple branches,,670.15,9.67,0.6054794520547945,duration,1.0,34.26,103.52,2.991230533465871,3.900486249171638,0.26541637224516335,0.0009008541282823899,B,450.0,7.5
XU21,Shuailin Li 2018,li_2018,wheat,Grain,52.95,,7.88,,3.32,10.17,apple branches,,670.15,9.67,0.6054794520547945,duration,1.0,34.26,103.52,2.8973174839849793,3.3148333609454377,0.13462205079452277,0.001160503249248372,B,450.0,7.5
XU21,Shuailin Li 2018,li_2018,wheat,Grain,60.0,,7.88,,3.32,10.17,apple branches,,670.15,9.67,0.6054794520547945,duration,1.0,34.26,103.52,2.8973174839849793,3.560703280318092,0.2061727726161346,0.0033190149481515745,B,450.0,7.5
XU21,Shuailin Li 2018,li_2018,wheat,Grain,110.0,,7.88,,3.32,10.17,apple branches,,670.15,9.67,0.6054794520547945,duration,1.0,34.26,103.52,2.8973174839849793,2.899559310801856,0.0007734602642082117,0.0043068735269146995,B,450.0,7.5
XU21,Shuailin Li 2018,li_2018,wheat,Grain,150.0,,7.88,,3.32,10.17,apple branches,,670.15,9.67,0.6054794520547945,duration,1.0,34.26,103.52,2.8973174839849793,3.5621166059200347,0.2065696170241257,0.0007128657843629402,B,450.0,7.5
XU21,Zaffar Malik 2018,malik_2018,wheat,Grain,84.52,,5.0,6.6,2.3,22.8,sludge,,477.0,8.3,,duration,1.0,29.08,119.07,4.36308,6.1422,0.3420047541909387,0.07905233324453957,B,500.0,13.2
XU21,Zaffar Malik 2018,malik_2018,wheat,Grain,84.52,,5.0,6.6,2.3,22.8,sludge,,477.0,8.3,,duration,1.0,29.08,119.07,4.36308,7.50831,0.5428321771826011,0.06879886370001746,B,500.0,13.2
XU21,Zaffar Malik 2018,malik_2018,wheat,Grain,172.57,,5.0,6.6,2.3,22.8,wheat straw,,502.0,8.6,,duration,1.0,29.08,119.07,4.36308,7.55067,0.5484580710647695,0.06955048381159272,B,500.0,13.2
XU21,Zaffar Malik 2018,malik_2018,wheat,Grain,172.57,,5.0,6.6,2.3,22.8,wheat straw,,202.0,8.6,,duration,1.0,29.08,119.07,4.36308,8.20725,0.6318396800038206,0.06805719939240884,B,500.0,13.2
XU21,Zaffar Malik 2018,malik_2018,wheat,Grain,84.52,,5.0,6.6,2.3,22.8,sludge,,477.0,8.3,,duration,1.0,29.08,119.07,4.36308,6.57639,0.4103077325839523,0.06624147692023202,B,500.0,13.2
XU21,Zaffar Malik 2018,malik_2018,wheat,Grain,84.52,,5.0,6.6,2.3,22.8,sludge,,477.0,8.3,,duration,1.0,29.08,119.07,4.36308,8.03781,0.6109784280461035,0.07927539011888732,B,500.0,13.2
XU21,Zaffar Malik 2018,malik_2018,wheat,Grain,172.57,,5.0,6.6,2.3,22.8,wheat straw,,502.0,8.6,,duration,1.0,29.08,119.07,4.36308,8.00604,0.6070180268300066,0.07002088226991063,B,500.0,13.2
XU21,Zaffar Malik 2018,malik_2018,wheat,Grain,172.57,,5.0,6.6,2.3,22.8,wheat straw,,202.0,8.6,,duration,1.0,29.08,119.07,4.36308,6.65052,0.4215168171186723,0.06592871518987277,B,500.0,13.2
XU21,Zaffar Malik 2018,malik_2018,wheat,Grain,84.52,,5.0,6.6,2.3,22.8,sludge,,477.0,8.3,,duration,1.0,29.08,119.07,4.36308,5.96217,0.3122562787901641,0.20561710174973474,B,500.0,13.2
XU21,Zaffar Malik 2018,malik_2018,wheat,Grain,84.52,,5.0,6.6,2.3,22.8,sludge,,477.0,8.3,,duration,1.0,29.08,119.07,4.36308,6.74583,0.4357463062226369,0.08109071551454786,B,500.0,13.2
XU21,Zaffar Malik 2018,malik_2018,wheat,Grain,172.57,,5.0,6.6,2.3,22.8,wheat straw,,502.0,8.6,,duration,1.0,29.08,119.07,4.36308,8.53554,0.6710603931571018,0.08607852524378343,B,500.0,13.2
XU21,Zaffar Malik 2018,malik_2018,wheat,Grain,172.57,,5.0,6.6,2.3,22.8,wheat straw,,202.0,8.6,,duration,1.0,29.08,119.07,4.36308,10.102859999999998,0.8396403220987599,0.0709230836818276,B,500.0,13.2
XU21,Muhammad 2018,muhammad_2018,maize,Grain,5.925,,7.9,13.5,6.0,,wheat straw,,517.0,7.71,,duration,1.0,34.25,71.56,26.828,31.77,0.1690763300439339,0.001750779085872576,B,,
XU21,Alfred Obia 2018,obia_2018,maize,Grain,5.0,,7.3,,3.8,6.0,gliricidia sepium,,741.0,9.4,,duration,1.0,-10.05,124.0,2.15,5.92,1.012868606756343,0.09269418825965325,B,,
XU21,Alfred Obia 2018,obia_2018,maize,Grain,10.0,,7.3,,3.8,6.0,eupatorium adenophorum,,714.0,10.4,,duration,1.0,-10.05,124.0,2.15,5.07,0.8578729754635205,0.09581367570334777,B,,
XU21,Alfred Obia 2018,obia_2018,maize,Grain,5.0,,7.3,,3.8,6.0,gliricidia sepium,,741.0,9.4,,duration,1.0,-10.05,124.0,2.15,5.28,0.8984582555785987,0.09655006820006944,B,,
XU21,Alfred Obia 2018,obia_2018,maize,Grain,10.0,,7.3,,3.8,6.0,eupatorium adenophorum,,714.0,10.4,,duration,1.0,-10.05,124.0,3.15,6.51,0.7259370033829363,0.0492269091704204,B,,
XU21,Naba Raj Pandit 2018,pandit_2018,,Grain,5.0,,4.6,6.4,16.0,,eupatorium plant,,700.0,9.3,,duration,1.0,28.17,85.18,3.4645669291338583,3.758530183727034,0.08144033194017428,0.011148961872551818,B,1850.0,15.4
XU21,Naba Raj Pandit 2018,pandit_2018,,Grain,10.0,,4.6,6.4,16.0,,eupatorium plant,,700.0,9.3,,duration,1.0,28.17,85.18,3.4645669291338583,4.241469816272966,0.20232222350062423,0.003388220310179828,B,1850.0,15.4
XU21,Naba Raj Pandit 2018,pandit_2018,,Grain,15.0,,4.6,6.4,16.0,,eupatorium plant,,700.0,9.3,,duration,1.0,28.17,85.18,3.4645669291338583,4.934383202099737,0.35364004024357826,0.006799936204438441,B,1850.0,15.4
XU21,Naba Raj Pandit 2018,pandit_2018,,Grain,25.0,,4.6,6.4,16.0,,eupatorium plant,,700.0,9.3,,duration,1.0,28.17,85.18,3.4645669291338583,3.863517060367454,0.10899028370840488,0.020604307742024694,B,1850.0,15.4
XU21,Naba Raj Pandit 2018,pandit_2018,,Grain,40.0,,4.6,6.4,16.0,,eupatorium plant,,700.0,9.3,,duration,1.0,28.17,85.18,3.4645669291338583,5.480314960629921,0.4585749334221128,0.006803683431075057,B,1850.0,15.4
XU21,Naba Raj Pandit 2018,pandit_2018,,Grain,5.0,,4.6,6.4,16.0,,eupatorium plant,,700.0,9.3,,duration,1.0,28.17,85.18,3.5485564304461943,4.010498687664042,0.1223747131235564,0.006000658986818196,B,1850.0,15.4
XU21,Naba Raj Pandit 2018,pandit_2018,,Grain,10.0,,4.6,6.4,16.0,,eupatorium plant,,700.0,9.3,,duration,1.0,28.17,85.18,3.5485564304461943,4.78740157480315,0.2994469140313673,0.003731984417053572,B,1850.0,15.4
XU21,Naba Raj Pandit 2018,pandit_2018,,Grain,15.0,,4.6,6.4,16.0,,eupatorium plant,,700.0,9.3,,duration,1.0,28.17,85.18,3.5485564304461943,5.333333333333333,0.40743555209546306,0.003445597212495032,B,1850.0,15.4
XU21,Naba Raj Pandit 2018,pandit_2018,,Grain,25.0,,4.6,6.4,16.0,,eupatorium plant,,700.0,9.3,,duration,1.0,28.17,85.18,3.5485564304461943,5.270341207349081,0.3955542242087103,0.00421466332896729,B,1850.0,15.4
XU21,Naba Raj Pandit 2018,pandit_2018,,Grain,40.0,,4.6,6.4,16.0,,eupatorium plant,,700.0,9.3,,duration,1.0,28.17,85.18,3.5485564304461943,6.824146981627297,0.653926467406664,0.004007329341876447,B,1850.0,15.4
XU21,Naba Raj Pandit 2018,pandit_2018,,Grain,5.0,,4.6,6.4,16.0,,eupatorium plant,,700.0,9.3,,duration,1.0,28.17,85.18,3.506561679790026,3.989501312335958,0.1290302597437311,0.0065359436550125345,B,1850.0,15.4
XU21,Naba Raj Pandit 2018,pandit_2018,,Grain,10.0,,4.6,6.4,16.0,,eupatorium plant,,700.0,9.3,,duration,1.0,28.17,85.18,3.506561679790026,4.913385826771654,0.3373273029409464,0.0027373237792564986,B,1850.0,15.4
XU21,Naba Raj Pandit 2018,pandit_2018,,Grain,15.0,,4.6,6.4,16.0,,eupatorium plant,,700.0,9.3,,duration,1.0,28.17,85.18,3.506561679790026,5.690288713910761,0.4841250084629459,0.002235505402702455,B,1850.0,15.4
XU21,Naba Raj Pandit 2018,pandit_2018,,Grain,25.0,,4.6,6.4,16.0,,eupatorium plant,,700.0,9.3,,duration,1.0,28.17,85.18,3.506561679790026,5.396325459317585,0.4310822724784647,0.004444023930118742,B,1850.0,15.4
XU21,Naba Raj Pandit 2018,pandit_2018,,Grain,40.0,,4.6,6.4,16.0,,eupatorium plant,,700.0,9.3,,duration,1.0,28.17,85.18,3.506561679790026,7.05511811023622,0.699117347546449,0.002193981031243417,B,1850.0,15.4
XU21,Xiaofei Tian 2018,tian_2018,cotton,Grain,5.0,,7.67,,8.74,,corn straw,,890.5,10.3,,duration,1.0,34.97,116.17,2.02,2.18,0.07622736538788431,0.0012376850308793257,B,700.0,
XU21,Xiaofei Tian 2018,tian_2018,cotton,Grain,10.0,,7.67,,8.74,,corn straw,,890.5,10.3,,duration,1.0,34.97,116.17,2.02,2.2,0.08535984895115685,0.0012376850308793257,B,700.0,
XU21,Xiaofei Tian 2018,tian_2018,cotton,Grain,20.0,,7.67,,8.74,,corn straw,,890.5,10.3,,duration,1.0,34.97,116.17,2.02,2.33,0.14277075616449572,0.0012376850308793257,B,700.0,
XU21,Xiaofei Tian 2018,tian_2018,cotton,Grain,5.0,,7.67,,8.74,,corn straw,,890.5,10.3,,duration,1.0,34.97,116.17,2.53,2.76,0.0870113769896297,0.0011874209095595932,B,700.0,
XU21,Xiaofei Tian 2018,tian_2018,cotton,Grain,10.0,,7.67,,8.74,,corn straw,,890.5,10.3,,duration,1.0,34.97,116.17,2.53,2.83,0.11205740891571757,0.0011874209095595932,B,700.0,
XU21,Xiaofei Tian 2018,tian_2018,cotton,Grain,20.0,,7.67,,8.74,,corn straw,,890.5,10.3,,duration,1.0,34.97,116.17,2.53,2.88,0.12957099140842576,0.0011874209095595932,B,700.0,
XU21,Xiaofei Tian 2018,tian_2018,cotton,Grain,5.0,,7.67,,8.74,,corn straw,,890.5,10.3,,duration,1.0,34.97,116.17,2.39,2.61,0.08805685539118266,0.0011545775634180075,B,700.0,
XU21,Xiaofei Tian 2018,tian_2018,cotton,Grain,10.0,,7.67,,8.74,,corn straw,,890.5,10.3,,duration,1.0,34.97,116.17,2.39,2.82,0.1654435190066028,0.0011545775634180073,B,700.0,
XU21,Xiaofei Tian 2018,tian_2018,cotton,Grain,20.0,,7.67,,8.74,,corn straw,,890.5,10.3,,duration,1.0,34.97,116.17,2.39,2.91,0.19685971523998178,0.0011545775634180075,B,700.0,
XU21,Cong Wang 2018,wang_2018,rice,Grain,24.0,,5.1,8.0,17.5,27.2,wheat straw,,418.3,9.3,,duration,1.0,28.55,113.32,11.8,11.9,0.008438868645864604,0.0005948811415334507,B,1330.0,17.5
XU21,Cong Wang 2018,wang_2018,rice,Grain,48.0,,5.1,8.0,17.5,27.2,wheat straw,,418.3,9.3,,duration,1.0,28.55,113.32,11.8,12.3,0.04149973090675263,0.0014626359878507124,B,1330.0,17.5
XU21,Cong Wang 2018,wang_2018,rice,Grain,24.0,,5.1,8.0,17.5,27.2,wheat straw,,418.3,9.3,,duration,1.0,28.55,113.32,13.2,13.5,0.022472855852058576,0.001230042663824931,B,1330.0,17.5
XU21,Cong Wang 2018,wang_2018,rice,Grain,48.0,,5.1,8.0,17.5,27.2,wheat straw,,418.3,9.3,,duration,1.0,28.55,113.32,13.2,14.0,0.058840500022933395,0.0009544111492163441,B,1330.0,17.5
XU21,Cong Wang 2018,wang_2018,rice,Grain,24.0,,5.1,8.0,17.5,27.2,wheat straw,,418.3,9.3,,duration,1.0,28.55,113.32,16.7,18.8,0.11844815041319409,2.1383258752011274e-05,B,1330.0,17.5
XU21,Cong Wang 2018,wang_2018,rice,Grain,48.0,,5.1,8.0,17.5,27.2,wheat straw,,418.3,9.3,,duration,1.0,28.55,113.32,16.7,17.0,0.017804624633506686,0.00011575837199066013,B,1330.0,17.5
XU21,Yanan Xiao 2018,xiao_2018,rice,Grain,20.0,,7.4,,21.71,,rice-straw,,426.0,10.1,,duration,1.0,34.63,121.008,5.35,6.64,0.2160154025804273,0.004190592908208344,B,1097.1,15.5
XU21,Yanan Xiao 2018,xiao_2018,rice,Grain,40.0,,7.4,,21.71,,rice-straw,,426.0,10.1,,duration,1.0,34.63,121.008,5.35,7.3,0.3107777872464304,0.008543922677851796,B,1097.1,15.5
XU21,Shihong Yang 2018,yang_2018,rice,Grain,20.0,,7.4,,21.71,,rice–straw,,,,,duration,1.0,31.25,120.95,7.38,8.07,0.08937984366947631,0.05091057039731066,B,1097.1,15.5
XU21,Shihong Yang 2018,yang_2018,rice,Grain,40.0,,7.4,,21.71,,rice–straw,,,,,duration,1.0,31.25,120.95,7.38,8.55,0.14715764433628784,0.03366726871181361,B,1097.1,15.5
XU21,Shihong Yang 2018,yang_2018,rice,Grain,40.0,,7.4,,21.71,,rice–straw,,,,,duration,1.0,31.25,120.95,7.38,9.06,0.20509548144250694,0.03199275769774324,B,1097.1,15.5
XU21,Shihong Yang 2018,yang_2018,rice,Grain,20.0,,7.4,,21.71,,rice–straw,,,,,duration,1.0,31.25,120.95,5.37,6.66,0.21529157603152438,0.04403936193709488,B,1097.1,15.5
XU21,Shihong Yang 2018,yang_2018,rice,Grain,40.0,,7.4,,21.71,,rice–straw,,,,,duration,1.0,31.25,120.95,5.37,7.32,0.30978241945244694,0.01822763069595315,B,1097.1,15.5
XU21,Shihong Yang 2018,yang_2018,rice,Grain,40.0,,7.4,,21.71,,rice–straw,,,,,duration,1.0,31.25,120.95,5.37,7.25,0.30017356034581016,0.01993976137778848,B,1097.1,15.5
XU21,Stephen YEBOAH 2018,yeboah_2018,wheat,Grain,15.0,,8.3,,7.65,,wheat straw,,380.0,,0.2876712328767123,duration,1.0,35.47,104.73,1.305,1.603,0.20567383285275923,0.0016666666666666668,B,600.0,4.0
XU21,Stephen YEBOAH 2018,yeboah_2018,wheat,Grain,15.0,,8.3,,7.65,,wheat straw,,380.0,,0.2876712328767123,duration,1.0,35.47,104.73,1.5,1.789,0.17619169641841761,0.001666666666666667,B,600.0,4.0
XU21,Stephen YEBOAH 2018,yeboah_2018,wheat,Grain,15.0,,8.3,,7.65,,wheat straw,,380.0,,0.2876712328767123,duration,1.0,35.47,104.73,1.009,1.124,0.10793401010002768,0.0016666666666666666,B,600.0,4.0
XU21,Muhammad Azeem 2019,azeem_2019,soybean,Grain,5.0,,8.25,,5.07,34.0,sugarcane,,497.0,6.68,,duration,1.0,36.1,73.75,0.612,0.636,0.03846628082779614,1.5063608277612968e-05,B,1058.8,26.1
XU21,Muhammad Azeem 2019,azeem_2019,soybean,Grain,10.0,,8.25,,5.07,34.0,sugarcane,,497.0,6.68,,duration,1.0,36.1,73.75,0.612,0.656,0.06942850643176293,2.6632954116915004e-05,B,1058.8,26.1
XU21,Muhammad Azeem 2019,azeem_2019,soybean,Grain,5.0,,8.25,,5.07,34.0,sugarcane,,497.0,6.68,,duration,1.0,36.1,73.75,0.622,0.659,0.05778344176332774,0.0007867439405784614,B,1058.8,26.1
XU21,Muhammad Azeem 2019,azeem_2019,soybean,Grain,10.0,,8.25,,5.07,34.0,sugarcane,,497.0,6.68,,duration,1.0,36.1,73.75,0.622,0.681,0.09062221341033297,0.0009915188038400725,B,1058.8,26.1
XU21,Yucui Bi 2019,bi_2019,rice,Grain,2.25,,5.24,11.3,21.8,32.1,rice straw,,725.0,10.4,,duration,0.0,28.08,116.08,8.85,10.2,0.14197026127038728,0.0198305272402005,B,1788.0,17.6
XU21,Yucui Bi 2019,bi_2019,rice,Grain,11.3,,5.24,11.3,21.8,32.1,rice straw,,725.0,,,duration,0.0,28.08,116.08,8.85,11.8,0.287682072451781,0.017677428662609306,B,1788.0,17.6
XU21,Yucui Bi 2019,bi_2019,wheat,Grain,2.25,,5.04,10.6,7.3,39.9,rice straw,,725.0,,,duration,0.0,28.08,116.08,37.5,57.065217391304344,0.4198538455602639,0.0011138687779249472,B,1788.0,17.6
XU21,Yucui Bi 2019,bi_2019,wheat,Grain,11.3,,5.04,10.6,7.3,39.9,rice straw,,725.0,,,duration,0.0,28.08,116.08,37.5,76.63043478260869,0.7146533857809088,0.0010492803954163699,B,1788.0,17.6
XU21,Yucui Bi 2019,bi_2019,rice,Grain,2.25,,5.15,8.0,16.4,10.0,rice straw,,725.0,,,duration,0.0,28.22,116.92,8.61,10.1,0.15961110540757445,0.009173122852350182,B,1788.0,17.6
XU21,Yucui Bi 2019,bi_2019,rice,Grain,11.3,,5.15,8.0,16.4,10.0,rice straw,,725.0,,,duration,0.0,28.22,116.92,8.61,11.4,0.2806890369608105,0.008342827795101282,B,1788.0,17.6
XU21,Yucui Bi 2019,bi_2019,wheat,Grain,2.25,,5.39,6.05,4.24,16.2,rice straw,,725.0,,,duration,0.0,28.22,116.92,47.28260869565217,66.84782608695652,0.34627623671783375,0.0005946482132377386,B,1788.0,17.6
XU21,Yucui Bi 2019,bi_2019,wheat,Grain,11.3,,5.39,6.05,4.24,16.2,rice straw,,725.0,,,duration,0.0,28.22,116.92,47.28260869565217,85.32608695652173,0.5903376866937243,0.0004504463435561155,B,1788.0,17.6
XU21,Yucui Bi 2019,bi_2019,rice,Grain,2.25,,8.22,13.1,6.8,25.3,rice straw,,725.0,,,duration,0.0,35.05,113.93,9.18,9.6,0.04473589384139152,0.005741554371834815,B,1177.0,15.7
XU21,Yucui Bi 2019,bi_2019,rice,Grain,11.3,,8.22,13.1,6.8,25.3,rice straw,,725.0,,,duration,0.0,35.05,113.93,9.18,10.7,0.1532165368354614,0.005533190796524496,B,1177.0,15.7
XU21,Yucui Bi 2019,bi_2019,wheat,Grain,2.25,,8.31,9.84,7.85,16.1,rice straw,,725.0,,,duration,0.0,35.05,113.93,65.21739130434783,80.43478260869566,0.2097205309820691,0.0009591517192868557,B,1177.0,15.7
XU21,Yucui Bi 2019,bi_2019,wheat,Grain,11.3,,8.31,9.84,7.85,16.1,rice straw,,725.0,,,duration,0.0,35.05,113.93,65.21739130434783,94.02173913043478,0.3657998517157329,0.0006232535828621568,B,1177.0,15.7
XU21,O.T. Faloye 2019,faloye_2019,maize,Grain,20.0,,5.12,8.26,9.4,22.7,maize-cob,,690.0,9.42,,duration,1.0,7.27,5.23,3.88,4.98,0.24959473740137955,0.001666666666666667,B,,
XU21,O.T. Faloye 2019,faloye_2019,maize,Grain,20.0,,5.12,8.26,9.4,22.7,maize-cob,,690.0,9.42,,duration,1.0,7.27,5.23,3.75,4.48,0.17786720644457443,0.001666666666666667,B,,
XU21,O.T. Faloye 2019,faloye_2019,maize,Grain,20.0,,5.12,8.26,9.4,22.7,maize-cob,,690.0,9.42,,duration,1.0,7.27,5.23,2.57,3.54,0.32022082823855463,0.001666666666666667,B,,
XU21,Jiping Gao 2019,gao_2019,rice,Grain,15.0,,6.8,,15.39,,maize straw,,624.2,9.8,,duration,1.0,41.83,123.4,7.458389939999999,8.324501145000001,0.10986354636388121,0.002838635690540549,B,500.0,8.3
XU21,Jiping Gao 2019,gao_2019,rice,Grain,45.0,,6.8,,15.39,,maize straw,,624.2,9.8,,duration,1.0,41.83,123.4,7.458389939999999,9.444016065,0.23604175511719258,0.0009346812540252411,B,500.0,8.3
XU21,Jiping Gao 2019,gao_2019,rice,Grain,15.0,,6.8,,15.39,,maize straw,,665.5,10.4,,duration,1.0,41.83,123.4,8.13161175,7.204986225000001,-0.12098583356090695,0.012386090938654242,B,500.0,8.3
XU21,Jiping Gao 2019,gao_2019,rice,Grain,45.0,,6.8,,15.39,,maize straw,,665.5,10.4,,duration,1.0,41.83,123.4,8.13161175,7.666407915,-0.05891097466970835,0.03035708216481807,B,500.0,8.3
XU21,Mingyi Huang 2019,huang_2019,wheat,Grain,10.0,,7.7,,11.8,,wheat straw,,644.0,10.1,,duration,1.0,31.95,111.83,6.05,5.66,-0.06663437982765846,0.0007023895584218018,B,900.0,15.4
XU21,Mingyi Huang 2019,huang_2019,wheat,Grain,20.0,,7.7,,11.8,,wheat straw,,644.0,10.1,,duration,1.0,31.95,111.83,5.21,5.65,0.08107568939307414,0.0009899161323764709,B,900.0,15.4
XU21,Mingyi Huang 2019,huang_2019,wheat,Grain,30.0,,7.7,,11.8,,wheat straw,,644.0,10.1,,duration,1.0,31.95,111.83,5.21,5.35,0.026516705142639492,0.0007721552507332054,B,900.0,15.4
XU21,Mahmoud Ibrahim 2019,ibrahim_2019,wheat,Grain,10.0,,8.03,45.6,,54.1,,,468.0,8.09,,duration,1.0,30.67,31.12,4.52,7.08,0.4487619138614887,0.0016230062390685778,B,48.0,20.5
XU21,Mahmoud Ibrahim 2019,ibrahim_2019,wheat,Grain,10.0,,8.03,45.6,,54.1,,,468.0,8.09,,duration,1.0,30.67,31.12,6.03,4.75,-0.23860239269254427,0.0016583954192552989,B,48.0,20.5
XU21,S. W. Kang 2019,kang_2019,rice,Grain,4.0,,6.36,,,,barley straw,,,,0.5753424657534246,duration,1.0,35.57,127.92,4.813008130081301,5.365853658536586,0.10873320013646559,0.010054110398090736,B,954.0,27.5
XU21,Xiaoyu Liu 2019,liu_2019,rice,Grain,12.0,,,,20.1,16.0,chopped wheat straw,,470.0,10.4,,duration,1.0,31.05,104.17,8.305084745762713,8.135593220338983,-0.020619287202735818,0.000457045771823467,B,890.0,16.3
XU21,Xiaoyu Liu 2019,liu_2019,rice,Grain,12.0,,,,20.1,16.0,chopped wheat straw,,470.0,10.4,,duration,1.0,31.05,104.17,8.305084745762713,8.305084745762713,0.0,0.00045120088851866816,B,890.0,16.3
XU21,Xiaoyu Liu 2019,liu_2019,rice,Grain,12.0,,,,20.1,16.0,chopped wheat straw,,470.0,10.4,,duration,1.0,31.05,104.17,6.101694915254238,5.76271186440678,-0.05715841383994864,0.01629804063964,B,890.0,16.3
XU21,Xiaoyu Liu 2019,liu_2019,rice,Grain,12.0,,,,20.1,16.0,chopped wheat straw,,470.0,10.4,,duration,1.0,31.05,104.17,6.101694915254238,5.338983050847458,-0.13353139262452274,0.005458973712941955,B,890.0,16.3
XU21,Xiaoyu Liu 2019,liu_2019,rice,Grain,12.0,,,,20.1,16.0,chopped wheat straw,,470.0,10.4,,duration,1.0,31.05,104.17,9.067796610169491,9.152542372881356,0.00930239266231363,0.0011802830053305336,B,890.0,16.3
XU21,Xiaoyu Liu 2019,liu_2019,rice,Grain,12.0,,,,20.1,16.0,chopped wheat straw,,470.0,10.4,,duration,1.0,31.05,104.17,9.067796610169491,9.322033898305085,0.027651531330510164,0.0005760268258779484,B,890.0,16.3
XU21,Xiaoyu Liu 2019,liu_2019,rice,Grain,12.0,,,,20.1,16.0,chopped wheat straw,,470.0,10.4,,duration,1.0,31.05,104.17,9.83050847457627,9.576271186440678,-0.02620237239402396,0.00182035819446914,B,890.0,16.3
XU21,Xiaoyu Liu 2019,liu_2019,rice,Grain,12.0,,,,20.1,16.0,chopped wheat straw,,470.0,10.4,,duration,1.0,31.05,104.17,7.627118644067796,7.711864406779662,0.011049836186585156,0.001391081671911958,B,890.0,16.3
XU21,Xiaoyu Liu 2019,liu_2019,rice,Grain,12.0,,,,20.1,16.0,chopped wheat straw,,470.0,10.4,,duration,1.0,31.05,104.17,7.627118644067796,7.796610169491525,0.021978906718775382,0.0013832489284075192,B,890.0,16.3
XU21,Xiaoyu Liu 2019,liu_2019,rice,Grain,12.0,,,,20.1,16.0,chopped wheat straw,,470.0,10.4,,duration,1.0,31.05,104.17,10.338983050847457,9.661016949152541,-0.06782259633876106,0.0012166175649467716,B,890.0,16.3
XU21,Xiaoyu Liu 2019,liu_2019,rice,Grain,12.0,,,,20.1,16.0,chopped wheat straw,,470.0,10.4,,duration,1.0,31.05,104.17,10.338983050847457,9.322033898305085,-0.10354067894084021,0.0030376398417736334,B,890.0,16.3
XU21,Xiaoyu Liu 2019,liu_2019,wheat,Grain,12.0,,,,20.1,16.0,chopped wheat straw,,470.0,10.4,,duration,1.0,31.05,104.17,2.359550561797753,2.5280898876404496,0.06899287148695163,0.003182161753590324,B,890.0,16.3
XU21,Xiaoyu Liu 2019,liu_2019,wheat,Grain,12.0,,,,20.1,16.0,chopped wheat straw,,470.0,10.4,,duration,1.0,31.05,104.17,2.359550561797753,2.359550561797753,0.0,0.0034013605442176948,B,890.0,16.3
XU21,Xiaoyu Liu 2019,liu_2019,wheat,Grain,12.0,,,,20.1,16.0,chopped wheat straw,,470.0,10.4,,duration,1.0,31.05,104.17,3.3146067415730336,2.9775280898876404,-0.10724553035359756,0.021442411597010685,B,890.0,16.3
XU21,Xiaoyu Liu 2019,liu_2019,wheat,Grain,12.0,,,,20.1,16.0,chopped wheat straw,,470.0,10.4,,duration,1.0,31.05,104.17,3.3146067415730336,3.4269662921348316,0.033336420267591926,0.01181533373875401,B,890.0,16.3
XU21,Xiaoyu Liu 2019,liu_2019,wheat,Grain,12.0,,,,20.1,16.0,chopped wheat straw,,470.0,10.4,,duration,1.0,31.05,104.17,3.3146067415730336,3.202247191011236,-0.0344861760711692,0.015280152936810648,B,890.0,16.3
XU21,Xiaoyu Liu 2019,liu_2019,wheat,Grain,12.0,,,,20.1,16.0,chopped wheat straw,,470.0,10.4,,duration,1.0,31.05,104.17,3.3146067415730336,3.3146067415730336,0.0,0.011682466724121434,B,890.0,16.3
XU21,Esawy Mahmoud 2019,mahmoud_2019,maize,Grain,5.0,,8.16,47.85,8.91,45.72,wood sawdust,,623.0,9.82,,duration,1.0,30.58,30.75,4.12,4.94,0.18151216783839622,0.0016993433248499701,B,,
XU21,Esawy Mahmoud 2019,mahmoud_2019,maize,Grain,10.0,,8.16,47.85,8.91,45.72,wood sawdust,,623.0,9.82,,duration,1.0,30.58,30.75,4.12,5.15,0.22314355131420976,0.00169934332484997,B,,
XU21,Esawy Mahmoud 2019,mahmoud_2019,maize,Grain,19.0,,8.16,47.85,8.91,45.72,wood sawdust,,623.0,9.82,,duration,1.0,30.58,30.75,4.12,5.43,0.27608597058440904,0.0016993433248499701,B,,
XU21,Esawy Mahmoud 2019,mahmoud_2019,maize,Grain,5.0,,8.16,47.85,8.91,45.72,maize stalk,,602.0,9.64,,duration,1.0,30.58,30.75,4.12,4.91,0.1754207784449942,0.0016993433248499704,B,,
XU21,Esawy Mahmoud 2019,mahmoud_2019,maize,Grain,10.0,,8.16,47.85,8.91,45.72,maize stalk,,602.0,9.64,,duration,1.0,30.58,30.75,4.12,5.07,0.20748765424165677,0.0016993433248499701,B,,
XU21,Esawy Mahmoud 2019,mahmoud_2019,maize,Grain,19.0,,8.16,47.85,8.91,45.72,maize stalk,,602.0,9.64,,duration,1.0,30.58,30.75,4.12,5.24,0.24046833497151585,0.0016993433248499701,B,,
XU21,Haijun Sun 2019,sun_2019,rice,Grain,10.0,,6.38,15.0,22.8,,wheat straw,,,9.51,,duration,1.0,28.47,119.98,11.1,9.7,-0.13481922280895137,0.003077057403995672,B,1230.0,16.0
XU21,Haijun Sun 2019,sun_2019,rice,Grain,10.0,,5.05,8.89,18.1,,wheat straw,,,9.51,,duration,1.0,28.2,117.17,10.8,10.4,-0.037740327982847086,0.0026868356046893557,B,1880.0,18.4
XU21,Xue Sun 2019,sun_2019,rice,Grain,2.8,,5.39,6.8,,,rice straw,,472.1,10.58,,duration,1.0,30.35,119.88,7.38,9.17,0.2171636476559924,0.00014532600794806805,B,1350.0,15.75
XU21,Xue Sun 2019,sun_2019,rice,Grain,22.5,,5.39,6.8,,,rice straw,,472.1,10.58,,duration,1.0,30.35,119.88,7.38,9.89,0.2927505070222397,0.0001230231376365382,B,1350.0,15.75
XU21,Chun Wang 2019,wang_2019,rice,Grain,8.0,,6.5,,18.1,,,,,,,duration,1.0,26.1,119.3,6.73,6.97,0.03504008111579596,0.006805446853950141,B,1600.0,19.7
XU21,WU Di 2019,di_2019,rice,Grain,8.0,,6.22,,22.6,,wheat straw,,602.0,9.42,,duration,1.0,31.48,119.99,8.24561403508772,8.421052631578947,0.021053409197832263,0.0009291122019767604,B,1177.0,15.7
XU21,WU Di 2019,di_2019,rice,Grain,8.0,,6.22,,22.6,,wheat straw,,602.0,9.42,,duration,1.0,31.48,119.99,10.0,11.403508771929825,0.13133600206108695,0.0009034793287936252,B,1177.0,15.7
XU21,WU Di 2019,di_2019,rice,Grain,8.0,,6.22,,22.6,,wheat straw,,602.0,9.42,,duration,1.0,31.48,119.99,9.649122807017545,11.05263157894737,0.13580154115906182,0.0014695779342243957,B,1177.0,15.7
XU21,WU Yan 2019,yan_2019,maize,Grain,1.5,,8.2,,,,wheat straw,,703.8,9.67,0.38082191780821917,duration,1.0,40.43,106.57,10.41,11.43,0.09347459517984172,0.0014773368665564396,B,136.0,7.9
XU21,WU Yan 2019,yan_2019,maize,Grain,1.5,,8.2,,,,wheat straw,,703.8,9.67,0.3780821917808219,duration,1.0,40.43,106.57,8.87,9.63,0.08220842948854627,0.0009086402523030495,B,136.0,7.9
XU21,WU Yan 2019,yan_2019,wheat,Grain,1.5,,8.2,,,,wheat straw,,703.8,9.67,0.3041095890410959,duration,1.0,40.43,106.57,5.42,5.92,0.08824063344435955,0.0011353575114320088,B,136.0,7.9
XU21,shihong Yang 2019,yang_2019,rice,Grain,40.0,,7.4,,12.43,,rice-straw,,426.0,,,duration,1.0,34.63,121.08,7.38,9.09,0.20840126957700633,0.00021072418516484962,B,1365.9,15.5
XU21,Jining Zhang 2019,zhang_2019,rice,Grain,5.0,,7.6,11.9,,,wheat straw,,626.0,7.9,,duration,1.0,30.88,121.38,4.363636363636363,4.454545454545454,0.02061928720273561,0.007150823055979771,B,1220.0,16.0
XU21,Jining Zhang 2019,zhang_2019,rice,Grain,10.0,,7.6,11.9,,,wheat straw,,626.0,7.9,,duration,1.0,30.88,121.38,4.363636363636363,5.848484848484849,0.292876889328885,0.0074112766698683505,B,1220.0,16.0
XU21,Jining Zhang 2019,zhang_2019,rice,Grain,15.0,,7.6,11.9,,,wheat straw,,626.0,7.9,,duration,1.0,30.88,121.38,4.363636363636363,5.636363636363637,0.2559333741372007,0.007098755395614145,B,1220.0,16.0
XU21,Jining Zhang 2019,zhang_2019,rice,Grain,20.0,,7.6,11.9,,,wheat straw,,626.0,7.9,,duration,1.0,30.88,121.38,4.363636363636363,4.606060606060606,0.054067221270276,0.007146830435005651,B,1220.0,16.0
XU21,Jining Zhang 2019,zhang_2019,rice,Grain,5.0,,7.6,11.9,,,wheat straw,,626.0,7.9,,duration,1.0,30.88,121.38,2.3333333333333335,3.0303030303030303,0.2613647641344075,0.001032866700399166,B,1220.0,16.0
XU21,Jining Zhang 2019,zhang_2019,rice,Grain,10.0,,7.6,11.9,,,wheat straw,,626.0,7.9,,duration,1.0,30.88,121.38,2.3333333333333335,3.121212121212121,0.29092356637595185,0.0009309532307036247,B,1220.0,16.0
XU21,Jining Zhang 2019,zhang_2019,rice,Grain,15.0,,7.6,11.9,,,wheat straw,,626.0,7.9,,duration,1.0,30.88,121.38,2.3333333333333335,3.5454545454545454,0.41836851294407224,0.000996935173869349,B,1220.0,16.0
XU21,Jining Zhang 2019,zhang_2019,rice,Grain,20.0,,7.6,11.9,,,wheat straw,,626.0,7.9,,duration,1.0,30.88,121.38,2.3333333333333335,4.575757575757576,0.6734744149612405,0.0009141526089119507,B,1220.0,16.0
XU21,Jining Zhang 2019,zhang_2019,rice,Grain,5.0,,7.6,11.9,,,wheat straw,,626.0,7.9,,duration,1.0,30.88,121.38,3.0606060606060606,3.1515151515151514,0.029270382300113237,0.0010942802384110908,B,1220.0,16.0
XU21,Jining Zhang 2019,zhang_2019,rice,Grain,10.0,,7.6,11.9,,,wheat straw,,626.0,7.9,,duration,1.0,30.88,121.38,3.0606060606060606,3.0606060606060606,0.0,0.0011110021893278419,B,1220.0,16.0
XU21,Jining Zhang 2019,zhang_2019,rice,Grain,15.0,,7.6,11.9,,,wheat straw,,626.0,7.9,,duration,1.0,30.88,121.38,3.0606060606060606,3.1818181818181817,0.03883983331626396,0.0008471476904543676,B,1220.0,16.0
XU21,Jining Zhang 2019,zhang_2019,rice,Grain,20.0,,7.6,11.9,,,wheat straw,,626.0,7.9,,duration,1.0,30.88,121.38,3.0606060606060606,3.1515151515151514,0.029270382300113237,0.0008477319149396911,B,1220.0,16.0
XU21,Yu Zheng 2019,zheng_2019,rice,Grain,15.0,,,,,,wheat straw,,626.0,7.9,,duration,1.0,43.23,124.52,5.236686390532545,6.124260355029585,0.15656906069153972,0.003382300206703167,B,600.0,4.0
XU21,Thomas Nehls 2002,nehls_2002,rice,Grain,4.15,,4.8,4.9,28.0,,wood,,750.0,9.7,0.5753424657534246,duration,1.0,-3.8,-59.52,1.36,2.874,0.7482200879088725,0.005381032500000001,BM,2530.0,25.8
XU21,Thomas Nehls 2002,nehls_2002,rice,Grain,8.3,,4.8,4.9,28.0,,wood,,750.0,9.7,0.5753424657534246,duration,1.0,-3.8,-59.52,1.778,3.72,0.7382345311933423,0.005381032500000001,BM,2530.0,25.8
XU21,Paul Blackwell 2010,blackwell_2010,wheat,Grain,50.0,,5.7,,,,wood,,456.7,9.1,1.0,duration,1.0,-28.82,114.88,0.724,0.742,0.024557850781664184,0.008968387500000001,BM,,
XU21,Paul Blackwell 2010,blackwell_2010,wheat,Grain,2.0,,5.7,,,,wood,,456.7,9.1,1.0,duration,1.0,-28.82,114.88,1.84,1.71,-0.07327220110632587,0.008968387500000003,BN,,
XU21,Paul Blackwell 2010,blackwell_2010,wheat,Grain,7.5,,5.7,,,,wood,,456.7,9.1,1.0,duration,1.0,-28.82,114.88,1.84,2.04,0.1031842362352308,0.008968387500000003,BN,,
XU21,Paul Blackwell 2010,blackwell_2010,wheat,Grain,15.0,,5.7,,,,wood,,456.7,9.1,1.0,duration,1.0,-28.82,114.88,1.84,2.1,0.13217177310848302,0.008968387500000003,BN,,
XU21,Paul Blackwell 2010,blackwell_2010,wheat,Grain,30.0,,5.7,,,,wood,,456.7,9.1,1.0,duration,1.0,-28.82,114.88,1.84,2.16,0.16034265007517948,0.008968387500000003,BN,,
XU21,Paul Blackwell 2010,blackwell_2010,wheat,Grain,60.0,,5.7,,,,wood,,456.7,9.1,1.0,duration,1.0,-28.82,114.88,1.84,2.27,0.2100142598724171,0.008968387500000003,BN,,
XU21,Paul Blackwell 2010,blackwell_2010,wheat,Grain,100.0,,5.8,,,,wood,,649.4,9.1,1.0,duration,1.0,-30.53,115.82,1.84,1.95,0.058063800954761116,0.008968387500000003,BN,,
XU21,Paul Blackwell 2010,blackwell_2010,wheat,Grain,2.0,,5.8,,,,wood,,649.4,9.1,1.0,duration,1.0,-30.53,115.82,2.14,1.92,-0.10848064299407006,0.008968387500000001,BN,,
XU21,Paul Blackwell 2010,blackwell_2010,wheat,Grain,7.5,,5.8,,,,wood,,649.4,9.1,1.0,duration,1.0,-30.53,115.82,2.14,1.99,-0.07267119029735916,0.008968387500000001,BN,,
XU21,Paul Blackwell 2010,blackwell_2010,wheat,Grain,15.0,,5.8,,,,wood,,649.4,9.1,1.0,duration,1.0,-30.53,115.82,2.14,2.2,0.027651531330510164,0.008968387500000001,BN,,
XU21,Paul Blackwell 2010,blackwell_2010,wheat,Grain,30.0,,5.8,,,,wood,,649.4,9.1,1.0,duration,1.0,-30.53,115.82,2.14,2.18,0.018519047767237527,0.008968387500000001,BN,,
XU21,Paul Blackwell 2010,blackwell_2010,wheat,Grain,60.0,,5.8,,,,wood,,649.4,9.1,1.0,duration,1.0,-30.53,115.82,2.14,2.25,0.0501243871825686,0.008968387500000001,BN,,
XU21,Paul Blackwell 2010,blackwell_2010,wheat,Grain,100.0,,5.8,,,,wood,,649.4,9.1,1.0,duration,1.0,-30.53,115.82,2.14,2.02,-0.05770831762064673,0.008968387500000001,BN,,
XU21,K. Y. Chan 2007,chan_2007,radish,Grain,50.0,,5.61,7.2,,,green waste,,360.0,8.6,0.30684931506849317,duration,0.0,-34.0,151.0,3.51,6.696,0.6458942957093998,0.00223056656583689,BN,,
XU21,K. Y. Chan 2007,chan_2007,radish,Grain,100.0,,5.61,7.2,,,green waste,,360.0,8.6,0.30684931506849317,duration,0.0,-34.0,151.0,3.51,2.466,-0.3530186327356218,0.00223201900425007,BN,,
XU21,K. Y. Chan 2007,chan_2007,radish,Grain,100.0,,5.61,7.2,,,green waste,,360.0,8.6,0.30684931506849317,duration,0.0,-34.0,151.0,3.51,8.064,0.8317936738512385,0.0022288459154650646,BN,,
XU21,K. Y. Chan 2008,chan_2008,radish,Grain,10.0,,5.52,,19.7,,poultry litter家禽粪便,,380.0,9.9,0.4931506849315068,duration,0.0,-34.0,151.0,5.65,8.24,0.3773447987630307,0.006726290625000001,BN,,
XU21,K. Y. Chan 2008,chan_2008,radish,Grain,25.0,,5.52,,19.7,,poultry litter家禽粪便,,380.0,9.9,0.4931506849315068,duration,0.0,-34.0,151.0,5.65,9.43,0.5122405514870164,0.006726290625000002,BN,,
XU21,K. Y. Chan 2008,chan_2008,radish,Grain,50.0,,5.52,,19.7,,poultry litter家禽粪便,,380.0,9.9,0.4931506849315068,duration,0.0,-34.0,151.0,5.65,10.1,0.5808798786888641,0.006726290625000002,BN,,
XU21,K. Y. Chan 2008,chan_2008,radish,Grain,10.0,,5.52,,19.7,,poultry litter家禽粪便,,330.0,13.0,0.4931506849315068,duration,0.0,-34.0,151.0,5.21,7.9,0.4162829037077003,0.006726290625000001,BN,,
XU21,K. Y. Chan 2008,chan_2008,radish,Grain,25.0,,5.52,,19.7,,poultry litter家禽粪便,,330.0,13.0,0.4931506849315068,duration,0.0,-34.0,151.0,5.21,8.37,0.4740740287361084,0.006726290625000001,BN,,
XU21,K. Y. Chan 2008,chan_2008,radish,Grain,50.0,,5.52,,19.7,,poultry litter家禽粪便,,330.0,13.0,0.4931506849315068,duration,0.0,-34.0,151.0,5.21,8.42,0.4800299724889598,0.006726290625000001,BN,,
XU21,Jonathan L. Deenik 2010,deenik_2010,maize,Grain,5.0,,,,,,nut shell坚果壳,,852.0,5.7,0.4931506849315068,duration,1.0,20.0,-155.69,3.289118,3.42848,0.04149757054074195,0.002917316151949975,BN,,
XU21,Jonathan L. Deenik 2010,deenik_2010,maize,Grain,10.0,,,,,,nut shell坚果壳,,852.0,5.7,0.4931506849315068,duration,1.0,20.0,-155.69,12.535379999999998,12.428239999999999,-0.008583743691391442,0.011870367466386216,BN,,
XU21,Jonathan L. Deenik 2010,deenik_2010,maize,Grain,20.0,,,,,,nut shell坚果壳,,852.0,5.7,0.4931506849315068,duration,1.0,20.0,-155.69,12.535379999999998,9.58903,-0.26793530951694633,0.0022187264922096006,BN,,
XU21,Jinyang Wang 2012,wang_2012,wheat,Grain,25.0,,6.6,,14.7,,rice husks,,465.4,9.1,0.1643835616438356,duration,0.0,32.04,118.78,2.6858490566037734,2.7594339622641506,0.0270286723879192,0.01591002754609237,BN,1050.0,14.5
XU21,Jinyang Wang 2012,wang_2012,wheat,Grain,50.0,,6.6,,14.7,,rice husks,,465.4,9.1,0.1643835616438356,duration,0.0,32.04,118.78,2.6858490566037734,3.237735849056604,0.18687737332981547,0.01571545677608931,BN,1050.0,14.5
XU21,Jinyang Wang 2012,wang_2012,wheat,Grain,25.0,,6.6,,14.7,,rice husks,,465.4,9.1,0.1643835616438356,duration,0.0,32.04,118.78,0.8569014084507042,0.9338028169014084,0.08594242980072483,0.0007179566443796817,BN,1050.0,14.5
XU21,Jinyang Wang 2012,wang_2012,wheat,Grain,50.0,,6.6,,14.7,,rice husks,,465.4,9.1,0.1643835616438356,duration,0.0,32.04,118.78,0.8569014084507042,0.9777464788732393,0.13192754304254806,0.0013005094221722792,BN,1050.0,14.5
XU21,Jinyang Wang 2012,wang_2012,rice,Grain,10.0,,7.8,,4.8,,rice husk稻壳,,465.4,9.1,1.0,duration,1.0,28.22,113.28,0.6993999999999999,0.8644999999999999,0.21192848049406984,0.003151669782817039,BN,1050.0,14.5
XU21,Jinyang Wang 2012,wang_2012,rice,Grain,25.0,,7.8,,4.8,,rice husk稻壳,,465.4,9.1,1.0,duration,1.0,28.22,113.28,0.6993999999999999,0.9203999999999999,0.2745855335319354,0.0030994710717923775,BN,1050.0,14.5
XU21,Jinyang Wang 2012,wang_2012,rice,Grain,50.0,,7.8,,4.8,,rice husk稻壳,,465.4,9.1,1.0,duration,1.0,28.22,113.28,0.6993999999999999,0.9567999999999999,0.3133715585670918,0.0030702878206530218,BN,1050.0,14.5
XU21,Jinyang Wang 2012,wang_2012,wheat,Grain,10.0,,6.6,,14.7,,rice husk稻壳,,465.4,9.1,1.0,duration,1.0,28.22,113.28,0.2964,0.3263,0.0961073101773431,0.004024119016794646,BN,1050.0,14.5
XU21,Jinyang Wang 2012,wang_2012,wheat,Grain,25.0,,6.6,,14.7,,rice husk稻壳,,465.4,9.1,1.0,duration,1.0,28.22,113.28,0.2964,0.34969999999999996,0.16536575064739814,0.0104584631846685,BN,1050.0,14.5
XU21,Jinyang Wang 2012,wang_2012,wheat,Grain,50.0,,6.6,,14.7,,rice husk稻壳,,465.4,9.1,1.0,duration,1.0,28.22,113.28,0.2964,0.507,0.5368011101692514,0.016497891069526455,BN,1050.0,14.5
XU21,Tiehu He 2018,he_2018,wheat,Grain,7.5,,5.6,,20.26,,wheat straw,,493.0,10.7,,duration,1.0,31.2,120.8,2.61,4.91,0.6319237204718272,0.00026464744592918384,BN,1139.0,16.0
XU21,Tiehu He 2018,he_2018,wheat,Grain,15.0,,5.6,,20.26,,wheat straw,,493.0,10.7,,duration,1.0,31.2,120.8,2.61,5.08,0.6659610402557886,0.000506824460163211,BN,1139.0,16.0
XU21,Tiehu He 2018,he_2018,wheat,Grain,7.5,,5.6,,20.26,,wheat straw,,493.0,10.7,,duration,1.0,31.2,120.8,2.61,5.01,0.6520856937621714,0.0012930185523687136,BN,1139.0,16.0
XU21,Tiehu He 2018,he_2018,wheat,Grain,15.0,,5.6,,20.26,,wheat straw,,493.0,10.7,,duration,1.0,31.2,120.8,2.61,5.31,0.7102416139192453,0.00044215136540691176,BN,1139.0,16.0
XU21,Thomas Nehls 2002,nehls_2002,rice,Grain,8.3,,4.8,4.9,28.0,,wood,,750.0,9.7,0.5753424657534246,duration,1.0,-3.8,-59.52,1.36,1.778,0.26800443734375223,0.005381032500000001,BNPK,2530.0,25.8
XU21,Ankit Singla 2014,singla_2014,komatsuna,Grain,18.0,,6.6,,11.9,0.01,cow manure,,317.2,8.81,0.3287671232876712,duration,1.0,35.42,139.46,3.66,6.67,0.6001567125142574,0.0006923292044676878,BNPK,,
XU21,Ankit Singla 2014,singla_2014,komatsuna,Grain,36.0,,6.6,,11.9,0.01,cow manure,,317.2,8.81,0.3287671232876712,duration,1.0,35.42,139.46,3.66,5.85,0.46897851383049016,0.00028136354702827735,BNPK,,
XU21,Ankit Singla 2014,singla_2014,komatsuna,Grain,72.0,,6.6,,11.9,0.01,cow manure,,317.2,8.81,0.3287671232876712,duration,1.0,35.42,139.46,3.66,6.08,0.5075415485648007,0.0005392192347212892,BNPK,,
XU21,Bo Li 2016,li_2016,vegetable,Grain,20.0,,5.5,31.2,15.6,30.1,wheat straw,,467.0,9.4,0.3589041095890411,duration,1.0,32.0,119.0,24.9,57.8,0.8421209722076699,0.02784808303962505,BNPK,1145.0,14.6
XU21,Thomas Nehls 2002,nehls_2002,rice,Grain,4.15,,4.8,4.9,28.0,,wood,,750.0,9.7,0.5753424657534246,duration,1.0,-3.8,-59.52,2.874,5.208,0.5944911172494349,0.005381032500000001,BNPKM,2530.0,25.8
XU21,Thomas Nehls 2002,nehls_2002,rice,Grain,8.3,,4.8,4.9,28.0,,wood,,750.0,9.7,0.5753424657534246,duration,1.0,-3.8,-59.52,3.72,4.762,0.24694407977961563,0.0053810325000000015,BNPKM,2530.0,25.8
XU21,Paul Blackwell 2010,blackwell_2010,wheat,Grain,50.0,,5.7,,,,wood,,456.7,9.1,1.0,duration,1.0,-28.82,114.88,0.724,0.868,0.18140032227463376,0.009624511647614544,BP,,
XU21,Afeng Zhang 2010,zhang_2010,rice,Grain,10.0,,6.5,,23.2,39.0,wheat straw,,467.0,10.4,0.410958904109589,duration,1.0,31.4,119.68,9.1,9.9,0.08426034361774001,0.0017622421895926174,BN-vs-N,1177.0,15.7
XU21,Afeng Zhang 2010,zhang_2010,rice,Grain,40.0,,6.5,,23.2,39.0,wheat straw,,467.0,10.4,0.410958904109589,duration,1.0,31.4,119.68,9.1,10.2,0.11411330676742105,0.0020128580495894846,BN-vs-N,1177.0,15.7
XU21,B. Li 2015,li_2015,vegetable,Grain,20.0,,5.1,31.2,15.9,30.1,wheat straw,,467.0,9.4,1.0356164383561643,duration,1.0,32.02,118.87,147.0,168.5,0.13650316301368015,0.024861589121183282,BN-vs-N,1107.0,15.4
XU21,Bernard Fungo 2017,fungo_2017,maize,Grain,2.5,,6.0,16.2,23.3,71.6,eucalyptus wood,,868.0,6.3,,duration,1.0,0.15,34.95,15.0,16.5,0.09531017980432493,0.00389884549111456,BM-vs-M,2000.0,26.0
XU21,Bernard Fungo 2017,fungo_2017,maize,Grain,2.5,,6.0,16.2,23.3,71.6,eucalyptus wood,,868.0,6.3,,duration,1.0,0.15,34.95,15.9,19.8,0.21936282847430366,0.0016941018519638469,BN-vs-N,2000.0,26.0
XU21,Chun Wang 2019,wang_2019,rice,Grain,8.0,,6.5,,18.1,,,,,,,duration,1.0,26.1,119.3,6.83,7.2,0.05275635243931096,0.0003839841567283813,BM-vs-M,1600.0,19.7
XU21,Da Dong 2015,dong_2015,rice,Grain,22.5,,5.9,14.6,17.1,,bamboo biochar,,513.0,10.2,1.0,duration,1.0,30.3,120.2,7.73,8.03,0.03807566535933957,0.001089588543608941,BN-vs-N,1454.0,17.8
XU21,Da Dong 2015,dong_2015,rice,Grain,22.5,,5.9,14.6,17.1,,rice straw,,832.0,9.81,2.0,duration,1.0,30.3,120.2,7.71,8.82,0.13450368244346175,0.007664756862056542,BN-vs-N,1454.0,17.8
XU21,Guangcai Tan 2018,tan_2018,other,Grain,50.0,,8.2,,10.3,,rice husk,,,10.3,,duration,1.0,40.22,116.23,4.249027237354086,5.416342412451362,0.24273068458951472,0.0043659623876709155,BM-vs-M,625.0,11.5
XU21,Jiping Gao 2019,gao_2019,rice,Grain,15.0,,6.8,,15.39,,maize straw,,624.2,9.8,,duration,1.0,41.83,123.4,37.29951399,29.91676695,-0.22056120602237186,0.002582334252547841,BN-vs-N,500.0,8.3
XU21,Jiping Gao 2019,gao_2019,rice,Grain,45.0,,6.8,,15.39,,maize straw,,665.5,9.8,,duration,1.0,41.83,123.4,36.69437079,31.4012588625,-0.15577537555426027,0.01649286070016772,BN-vs-N,500.0,8.3
XU21,Ken T. Revel 2012,revel_2012,vegetable,Grain,11.25,,7.1,,,,poultry litter家禽粪便,,270.0,9.3,0.5315068493150685,duration,1.0,40.0,-75.0,2.61744966442953,1.94630872483221,-0.29626581614317493,0.007386091352066161,BN-vs-N,,
XU21,Ken T. Revel 2012,revel_2012,vegetable,Grain,11.25,,7.14,,,,poultry litter家禽粪便,,270.0,9.3,0.5315068493150685,duration,1.0,40.0,-75.0,8.52348993288591,6.30872483221476,-0.3008923041885887,0.0012653347511312626,BN-vs-N,,
XU21,L. Van Zwieten 2013,zwieten_2013,maize,Grain,10.0,,5.78,6.5,48.0,,poultry litter,,450.0,8.7,0.3095890410958904,duration,1.0,-28.49,153.23,22.6,28.7,0.23894721648733513,,BN-vs-N,,
XU21,MUHAMMAD ARIF 2012,arif_2012,maize,Grain,15.0,,,,,,cow manure,,33.61,9.2,,duration,1.0,30.0,70.0,2.399,3.19,0.2849689329391956,0.004723770271310681,BM-vs-M,,
XU21,Mahmoud Ibrahim 2019,ibrahim_2019,wheat,Grain,10.0,,8.03,45.6,,54.1,,,468.0,8.09,,duration,1.0,30.67,31.12,7.99,10.5,0.2731844973852943,0.0016666666666666668,BP-vs-P,48.0,20.5
XU21,Mahmoud Ibrahim 2019,ibrahim_2019,wheat,Grain,10.0,,8.03,45.6,,54.1,,,468.0,8.09,,duration,1.0,30.67,31.12,9.245,7.81,-0.16867790098749355,0.0016666666666666668,BP-vs-P,48.0,20.5
XU21,Mark Farrell 2014,farrell_2014,wheat,Grain,18.0,,,,,,green waste,,722.0,7.17,,duration,1.0,-32.8097,134.4738,2.0373251430647654,1.935073576164955,-0.05149239347875847,0.0076558345977987795,BP-vs-P,365.0,17.5
XU21,Mark Farrell 2014,farrell_2014,wheat,Grain,18.0,,,,,,green waste,,722.0,7.17,0.5150684931506849,duration,1.0,-32.8097,134.4738,2.657495004087565,2.64187710055409,-0.005894263864450559,0.0005979160595494732,BP-vs-P,365.0,17.5
XU21,Mark Farrell 2014,farrell_2014,wheat,Grain,4.0,,,,,,green waste,,722.0,7.17,0.5150684931506849,duration,1.0,-32.8097,134.4738,2.0373251430647654,2.138646788990825,0.04853554433294789,0.002021388647935022,BP-vs-P,365.0,17.5
XU21,Mark Farrell 2014,farrell_2014,wheat,Grain,4.0,,,,,,green waste,,722.0,7.17,0.5150684931506849,duration,1.0,-32.8097,134.4738,2.657495004087565,2.668733536197655,0.004220077566725263,0.0005019329435459703,BP-vs-P,365.0,17.5
XU21,Mark Farrell 2014,farrell_2014,wheat,Grain,50.0,,,,,,green waste,,722.0,7.17,0.5150684931506849,duration,1.0,-32.8097,134.4738,2.0373251430647654,2.143836860750295,0.05095940615005098,0.0021650649963317666,BP-vs-P,365.0,17.5
XU21,Mark Farrell 2014,farrell_2014,wheat,Grain,50.0,,,,,,green waste,,722.0,7.17,0.5150684931506849,duration,1.0,-32.8097,134.4738,2.657495004087565,2.757091924788805,0.036792522507596015,0.0006477503455928473,BP-vs-P,365.0,17.5
XU21,Muhammad Asif Naeem 2018,naeem_2018,maize,Grain,5.925,,7.9,,6.0,,wheat straw,,517.0,7.71,,duration,1.0,34.25,71.56,34.241,37.065,0.07924937165414048,0.0013254821154734613,BNPK-vs-NPK,,
XU21,Muhammad Azeem 2019,azeem_2019,other,Grain,10.0,,8.25,,5.07,34.0,sugarcane,,497.0,6.68,,duration,1.0,36.1,73.75,0.69,0.751,0.08471405417282975,8.11967160617101e-06,BNPK-vs-NPK,1058.8,26.1
XU21,O.T. Faloye 2017,faloye_2017,maize,Grain,10.0,,4.43,4.32,17.3,,cob-residues,,670.0,9.45,,duration,1.0,7.27,5.22,5.02,6.15,0.2030221481147889,0.001666666666666667,BNPK-vs-NPK,,
XU21,O.T. Faloye 2017,faloye_2017,maize,Grain,3.0,,4.43,4.32,17.3,,cob-residues,,670.0,9.45,,duration,1.0,7.27,5.22,5.02,5.95,0.1699612858539006,0.001666666666666667,BNPK-vs-NPK,,
XU21,O.T. Faloye 2017,faloye_2017,maize,Grain,6.0,,4.43,4.32,17.3,,cob-residues,,670.0,9.45,,duration,1.0,7.27,5.22,5.02,5.99,0.1766614784237202,0.001666666666666667,BNPK-vs-NPK,,
XU21,O.T. Faloye 2019,faloye_2019,maize,Grain,20.0,,5.12,8.26,9.4,22.7,maize-cob,,690.0,9.42,,duration,1.0,7.27,5.23,4.85,5.32,0.09249459840416129,0.001666666666666667,BNPK-vs-NPK,,
XU21,O.T. Faloye 2019,faloye_2019,maize,Grain,20.0,,5.12,8.26,9.4,22.7,maize-cob,,690.0,9.42,,duration,1.0,7.27,5.23,5.44,6.0,0.09798040836020361,0.001666666666666667,BNPK-vs-NPK,,
XU21,O.T. Faloye 2019,faloye_2019,maize,Grain,20.0,,5.12,8.26,9.4,22.7,maize-cob,,690.0,9.42,,duration,1.0,7.27,5.23,5.48,6.35,0.14734971194467605,0.0016666666666666666,BNPK-vs-NPK,,
XU21,R. D. Lentz 2012,lentz_2012,maize,Grain,22.4,,7.6,19.0,12.0,20.0,wood,,662.0,6.8,2.0,duration,1.0,42.5,-114.37,18.0,18.6,0.03278982282299097,0.003858470711965075,BM-vs-M,,
XU21,R. D. Lentz 2012,lentz_2012,maize,Grain,22.4,,7.6,19.0,12.0,20.0,wood,,662.0,6.8,2.0,duration,1.0,42.5,-114.37,21.2,21.6,0.018692133012152546,0.0012988593749999999,BM-vs-M,,
XU21,S. W. Kang 2019,kang_2019,rice,Grain,4.0,,6.36,,,,barley straw,,,,0.5753424657534246,duration,1.0,35.57,127.92,5.495934959349594,6.666666666666667,0.1931112642153347,0.008512103427765,BNPK-vs-NPK,954.0,27.5
XU21,S.M. Haefele 2011,haefele_2011,rice,Grain,41.3,,6.5,34.1,15.3,42.0,rice straw,,398.0,8.6,4.0,duration,1.0,14.18,121.25,3.31,3.71,0.11408368723037213,0.0018097649639102365,BNPK-vs-NPK,2027.0,
XU21,S.M. Haefele 2011,haefele_2011,rice,Grain,41.3,,6.5,34.1,15.3,42.0,rice straw,,398.0,8.6,4.0,duration,1.0,14.18,121.25,2.56,2.83,0.10026945316367515,0.007054941808914706,BNPK-vs-NPK,2027.0,
XU21,S.M. Haefele 2011,haefele_2011,rice,Grain,41.3,,6.5,34.1,15.3,42.0,rice straw,,398.0,8.6,4.0,duration,1.0,14.18,121.25,5.22,4.72,-0.10068860229708337,0.0014592433411387148,BNPK-vs-NPK,2027.0,
XU21,S.M. Haefele 2011,haefele_2011,rice,Grain,49.5,,6.5,34.1,15.3,42.0,rice straw,,398.0,8.6,4.0,duration,1.0,14.18,121.25,2.56,2.74,0.06795066190850775,0.008624612591750257,BNPK-vs-NPK,2027.0,
XU21,S.M. Haefele 2011,haefele_2011,rice,Grain,49.5,,6.5,34.1,15.3,42.0,rice straw,,398.0,8.6,4.0,duration,1.0,14.18,121.25,5.22,5.81,0.10708316896927257,0.0013313127479689995,BNPK-vs-NPK,2027.0,
XU21,S.M. Haefele 2011,haefele_2011,rice,Grain,41.3,,4.1,23.5,36.4,53.0,rice straw,,398.0,8.6,4.0,duration,1.0,14.47,121.48,4.94,4.32,-0.13410992894381216,0.0015497800911661622,BNPK-vs-NPK,2027.0,
XU21,S.M. Haefele 2011,haefele_2011,rice,Grain,41.3,,4.1,23.5,36.4,53.0,rice straw,,398.0,8.6,4.0,duration,1.0,14.47,121.48,4.06,4.07,0.0024600258408626207,0.002411535540232897,BNPK-vs-NPK,2027.0,
XU21,S.M. Haefele 2011,haefele_2011,rice,Grain,49.5,,4.1,23.5,36.4,53.0,rice straw,,398.0,8.6,4.0,duration,1.0,14.47,121.48,4.94,4.04,-0.2011206392267725,0.0018702500853147008,BNPK-vs-NPK,2027.0,
XU21,S.M. Haefele 2011,haefele_2011,rice,Grain,41.3,,4.8,1.7,3.4,5.0,rice straw,,398.0,8.6,4.0,duration,1.0,15.23,104.85,2.63,3.33,0.23598845780267932,0.002858006670413467,BNPK-vs-NPK,1550.0,
XU21,S.M. Haefele 2011,haefele_2011,rice,Grain,41.3,,4.8,1.7,3.4,5.0,rice straw,,398.0,8.6,4.0,duration,1.0,15.23,104.85,3.19,3.29,0.030866647980527264,0.0024507526282783777,BNPK-vs-NPK,1550.0,
XU21,S.M. Haefele 2011,haefele_2011,rice,Grain,41.3,,4.8,1.7,3.4,5.0,rice straw,,398.0,8.6,4.0,duration,1.0,15.23,104.85,3.33,3.54,0.061154423153330646,0.0015893004675547196,BNPK-vs-NPK,1550.0,
XU21,S.M. Haefele 2011,haefele_2011,rice,Grain,49.5,,4.8,1.7,3.4,5.0,rice straw,,398.0,8.6,,duration,1.0,15.23,104.85,2.0,2.63,0.27383666562972786,0.004994986278335266,BNPK-vs-NPK,1550.0,
XU21,S.M. Haefele 2011,haefele_2011,rice,Grain,49.5,,4.8,1.7,3.4,5.0,rice straw,,398.0,8.6,4.0,duration,1.0,15.23,104.85,3.19,3.39,0.06080900459560579,0.0017045562222525908,BNPK-vs-NPK,1550.0,
XU21,S.M. Haefele 2011,haefele_2011,rice,Grain,49.5,,4.8,1.7,3.4,5.0,rice straw,,398.0,8.6,4.0,duration,1.0,15.23,104.85,3.33,3.69,0.10265415406008337,0.0015604836745841135,BNPK-vs-NPK,1550.0,
XU21,Shuailin Li 2018,li_2018,wheat,Grain,52.95,,7.88,,3.32,10.17,apple branches,,670.15,9.67,0.6054794520547945,duration,1.0,34.26,103.52,3.13,5.3406493506494,0.5343142422724155,0.0006639384276733855,BN-vs-N,450.0,7.5
XU21,Shuwei Wang 2017,wang_2017,rice,Grain,25.0,,6.99,,26.6,31.9,crop straw,,,,,duration,1.0,31.53,120.68,9.87,10.48,0.05996882544750596,0.0007158986788505997,BN-vs-N,1344.8,17.04
XU21,Shuwei Wang 2017,wang_2017,rice,Grain,25.0,,6.99,,26.6,31.9,crop straw,,,,,duration,1.0,31.53,120.68,10.22,10.97,0.07081768951158042,0.002913484647023242,BN-vs-N,1344.8,17.04
XU21,Stephen YEBOAH 2018,yeboah_2018,wheat,Grain,15.0,,8.3,,7.65,,wheat straw,,380.0,,0.2876712328767123,duration,1.0,35.47,104.73,1.111,1.182,0.06194740832641339,0.0016666666666666668,BM-vs-M,300.0,7.0
XU21,Stephen YEBOAH 2018,yeboah_2018,wheat,Grain,15.0,,8.3,,7.65,,wheat straw,,380.0,,0.2876712328767123,duration,1.0,35.47,104.73,1.043,1.233,0.16734904816357193,0.001666666666666667,BN-vs-N,300.0,7.0
XU21,Stephen YEBOAH 2018,yeboah_2018,wheat,Grain,15.0,,8.3,,7.65,,wheat straw,,380.0,,0.2876712328767123,duration,1.0,35.47,104.73,1.502,1.852,0.20946858288204476,0.001666666666666667,BM-vs-M,300.0,7.0
XU21,Stephen YEBOAH 2018,yeboah_2018,wheat,Grain,15.0,,8.3,,7.65,,wheat straw,,380.0,,0.2876712328767123,duration,1.0,35.47,104.73,1.538,1.905,0.21399913749521196,0.001666666666666667,BN-vs-N,300.0,7.0
XU21,Stephen YEBOAH 2018,yeboah_2018,wheat,Grain,15.0,,8.3,,7.65,,wheat straw,,380.0,,0.2876712328767123,duration,1.0,35.47,104.73,1.658,2.18,0.2737128200878945,0.001666666666666667,BM-vs-M,300.0,7.0
XU21,Stephen YEBOAH 2018,yeboah_2018,wheat,Grain,15.0,,8.3,,7.65,,wheat straw,,380.0,,0.2876712328767123,duration,1.0,35.47,104.73,1.896,2.456,0.25878760645206594,0.001666666666666667,BN-vs-N,300.0,7.0
XU21,Tiehu He 2018,he_2018,rice,Grain,15.0,,5.3,,14.62,26.0,wheat straw,,513.0,10.7,0.3698630136986301,duration,1.0,31.92,119.47,6.66,9.0975,0.3118801659518801,0.0005064208893900744,BNPK-vs-NPK,1019.0,15.5
XU21,Tiehu He 2018,he_2018,rice,Grain,15.0,,5.3,,14.62,26.0,wheat straw,,513.0,10.5,0.3424657534246575,duration,1.0,31.92,119.47,7.51,9.5075,0.2358454950442343,0.0006284546969126165,BNPK-vs-NPK,1019.0,15.5
XU21,Walda Monteiro Faria 2018,faria_2018,maize,Grain,15.0,,4.9,,,,gama wastewater treatment plant,,,,,duration,1.0,15.93,47.92,4.037383177570093,5.074766355140187,0.22868373168982528,0.5445908341004688,BNPK-vs-NPK,1450.0,13.8
XU21,Walda Monteiro Faria 2018,faria_2018,maize,Grain,15.0,,4.9,,,,gama wastewater treatment plant,,,6.0,,duration,1.0,15.93,47.92,10.149532710280376,11.144859813084112,0.09355072226861544,0.09474661465265824,BNPK-vs-NPK,1450.0,13.8
XU21,Wolde Mekuria 2016,mekuria_2016,maize,Grain,10.0,,4.2,,8.6,27.0,rice husk稻壳,,623.0,10.64,2.0,duration,1.0,18.15,102.7333,1.02,1.07,0.047856021177635134,0.031746525864716935,BM-vs-M,1245.0,
XU21,Wolde Mekuria 2016,mekuria_2016,maize,Grain,10.0,,4.2,,8.6,27.0,rice husk稻壳,,623.0,10.64,2.0,duration,1.0,18.15,102.7333,4.1,4.3,0.047628048989254664,0.026770959579954203,BM-vs-M,1245.0,
XU21,Wolde Mekuria 2016,mekuria_2016,maize,Grain,10.0,,5.4,,6.2,7.3,rice husk稻壳,,623.0,10.64,2.0,duration,1.0,18.1833,102.6167,1.34,1.97,0.3853639287870771,0.08849619994174085,BM-vs-M,1368.0,
XU21,Xiaoyu Liu 2012,liu_2012,rice,Grain,20.0,,4.89,,17.7,,wheat straw,,467.0,10.4,0.4931506849315068,duration,1.0,28.37,116.25,7.92,8.33,0.05047225035241676,0.0005410697396827857,BN-vs-N,1600.0,17.5
XU21,Xiaoyu Liu 2012,liu_2012,rice,Grain,40.0,,4.89,,17.7,,wheat straw,,467.0,10.4,0.4931506849315068,duration,1.0,28.37,116.25,7.92,8.55,0.0765400771223344,0.0005946521959665864,BN-vs-N,1600.0,17.5
XU21,Xiaoyu Liu 2019,liu_2019,rice,Grain,12.0,,,,20.1,16.0,chopped wheat straw,,470.0,10.4,,duration,1.0,31.05,104.17,11.016949152542374,11.101694915254237,0.007662872745569097,0.001661829658942975,BN-vs-N,890.0,16.3
XU21,Xiaoyu Liu 2019,liu_2019,rice,Grain,12.0,,,,20.1,16.0,chopped wheat straw,,470.0,10.4,,duration,1.0,31.05,104.17,9.152542372881356,8.983050847457628,-0.01869213301215252,0.001874984841167168,BN-vs-N,890.0,16.3
XU21,Xiaoyu Liu 2019,liu_2019,rice,Grain,12.0,,,,20.1,16.0,chopped wheat straw,,470.0,10.4,,duration,1.0,31.05,104.17,10.0,10.169491525423728,0.016807118316381188,0.0004237886622618028,BN-vs-N,890.0,16.3
XU21,Xiaoyu Liu 2019,liu_2019,rice,Grain,12.0,,,,20.1,16.0,chopped wheat straw,,470.0,10.4,,duration,1.0,31.05,104.17,8.983050847457628,9.067796610169491,0.009389740349838917,0.0003806978104838619,BN-vs-N,890.0,16.3
XU21,Xiaoyu Liu 2019,liu_2019,rice,Grain,12.0,,,,20.1,16.0,chopped wheat straw,,470.0,10.4,,duration,1.0,31.05,104.17,10.338983050847457,10.593220338983052,0.0242926925690447,0.00043091498701065616,BN-vs-N,890.0,16.3
XU21,Xiaoyu Liu 2019,liu_2019,rice,Grain,12.0,,,,20.1,16.0,chopped wheat straw,,470.0,10.4,,duration,1.0,31.05,104.17,10.254237288135593,10.847457627118644,0.05623971832287611,0.0013015997544708927,BN-vs-N,890.0,16.3
XU21,Xiaoyu Liu 2019,liu_2019,wheat,Grain,12.0,,,,20.1,16.0,chopped wheat straw,,470.0,10.4,,duration,1.0,31.05,104.17,4.438202247191011,4.438202247191011,0.0,0.0013352561021203854,BN-vs-N,890.0,16.3
XU21,Xiaoyu Liu 2019,liu_2019,wheat,Grain,12.0,,,,20.1,16.0,chopped wheat straw,,470.0,10.4,,duration,1.0,31.05,104.17,5.1123595505617985,6.235955056179775,0.198670694795484,0.007122051375095607,BN-vs-N,890.0,16.3
XU21,Yu Zheng 2019,zheng_2019,rice,Grain,15.0,,,,,,,,,,,duration,1.0,43.23,124.52,11.627218934911241,12.603550295857987,0.08062973440010922,0.0005517216336288616,BNPK-vs-NPK,600.0,4.0
XU21,Yuhui Niu 2017,niu_2017,maize,Grain,12.0,,8.81,,7.41,15.8,maize straw,,,10.02,,duration,1.0,35.0,114.4,1.17,1.13,-0.03478611608541554,0.00012877000948405187,BNPK-vs-NPK,615.0,13.9
XU21,Yuhui Niu 2017,niu_2017,maize,Grain,3.0,,8.81,,7.41,15.8,maize straw,,,10.02,,duration,1.0,35.0,114.4,1.17,1.15,-0.017241806434506103,0.0006544701744482013,BNPK-vs-NPK,615.0,13.9
XU21,Yuhui Niu 2017,niu_2017,maize,Grain,6.0,,8.81,,7.41,15.8,maize straw,,,10.02,,duration,1.0,35.0,114.4,1.17,1.19,0.016949558313773205,0.00040097168843086523,BNPK-vs-NPK,615.0,13.9
XU21,Yuhui Niu 2017,niu_2017,wheat,Grain,12.0,,8.81,,7.41,15.8,maize straw,,,10.02,,duration,1.0,35.0,114.4,0.862796833773087,0.762532981530343,-0.12353348278482115,0.0005757759894551657,BNPK-vs-NPK,615.0,13.9
XU21,Yuhui Niu 2017,niu_2017,wheat,Grain,3.0,,8.81,,7.41,15.8,maize straw,,,10.02,,duration,1.0,35.0,114.4,0.862796833773087,0.8021108179419525,-0.07293246949103167,0.00028496590933730796,BNPK-vs-NPK,615.0,13.9
XU21,Yuhui Niu 2017,niu_2017,wheat,Grain,6.0,,8.81,,7.41,15.8,maize straw,,,10.02,,duration,1.0,35.0,114.4,0.862796833773087,0.7889182058047494,-0.08951659750656693,0.0003121603030921391,BNPK-vs-NPK,615.0,13.9
XU21,Zhang Bin 2012,bin_2012,rice,Grain,20.0,,5.99,,20.11,,wheat straw,,467.0,10.4,2.0,duration,1.0,31.05,104.1667,9.04,9.0,-0.004434597067865641,4.8017333646592e-05,BN-vs-N,945.0,16.9
XU21,Zhang Bin 2012,bin_2012,rice,Grain,40.0,,5.99,,20.11,,wheat straw,,467.0,10.4,2.0,duration,1.0,31.05,104.1667,9.16,8.95,-0.023192646399275037,0.0015279960210961084,BN-vs-N,945.0,16.9
XU21,Zubin Xie 2013,xie_2013,rice,Grain,12.0,,4.4,,6.35,28.9,wheat straw,,632.7,10.12,0.32054794520547947,duration,0.0,32.5833,119.7,3.5999999999999996,4.2,0.15415067982725836,0.048584866045183514,BN-vs-N,978.0,14.9
XU21,Zubin Xie 2013,xie_2013,rice,Grain,12.0,,7.6,,18.3,13.6,wheat straw,,632.7,10.12,0.32054794520547947,duration,0.0,32.5833,119.7,17.3,13.5,-0.2480168160593495,0.04751057062757717,BN-vs-N,978.0,14.9
XU21,唐光木 2011,_2011,maize,Grain,20.0,,,,,,wheat straw,,467.2,10.35,0.3287671232876712,duration,1.0,43.0,90.0,10.072,10.288,0.021218870753217555,4.54594453087799e-05,BN-vs-N,150.0,10.0
XU21,张 斌 2012,_2012,rice,Grain,40.0,,5.99,,20.11,,wheat straw,,467.0,10.4,2.0,duration,1.0,31.05,104.1667,9.04,9.1,0.006615239118719183,0.0001052527722007119,BN-vs-N,890.0,16.3
XU21,张万杰 2011,_2011,vegetable,Grain,11.25,,8.05,,9.32,,straw,,30.215,7.78,0.136986301369863,duration,1.0,40.0,116.0,12.55,13.55,0.07666588174791694,0.0013815223555891415,BN-vs-N,600.0,11.0
XU21,曲晶晶 2012,_2012,rice,Grain,40.0,,4.89,,17.7,,wheat straw,,466.1,9.85,0.6575342465753424,duration,1.0,116.3,28.2583,6.37,7.28,0.13353139262452257,0.005191184824370516,BN-vs-N,1400.0,17.7
XU21,曲晶晶 2012,_2012,rice,Grain,40.0,,6.21,,18.76,,wheat straw,,466.1,9.85,0.6575342465753424,duration,1.0,28.1383,113.2,7.3,7.11,-0.026372104339195884,0.0037736666689818787,BN-vs-N,1500.0,17.1
XU21,曲晶晶 2012,_2012,rice,Grain,40.0,,6.21,,18.76,,wheat straw,,466.1,9.85,0.6575342465753424,duration,1.0,28.1383,113.2,7.85,8.17,0.039955377077594445,0.0004500631999172581,BN-vs-N,1500.0,17.1
ZH23,Z3 Ji Liu 2021,liu_2021,rice,Grain,24.0,150.0,5.1,,17.5,,wheat straw,,,9.3,0.5,since_application,1.0,28.55,113.31666666666666,6.56983,7.10615,0.07847264932659115,0.0024100873060238642,,,
ZH23,Z3 Ji Liu 2021,liu_2021,rice,Grain,48.0,150.0,5.1,,17.5,,wheat straw,,,9.3,0.5,since_application,1.0,28.55,113.31666666666666,6.56983,6.88268,0.04652015400846514,0.00035376701638152835,,,
ZH23,Z3 Ji Liu 2021,liu_2021,rice,Grain,24.0,150.0,5.1,,17.5,,wheat straw,,,9.3,1.5,since_application,1.0,28.55,113.31666666666666,7.01676,6.61453,-0.059032828634298845,0.0009654994346148583,,,
ZH23,Z3 Ji Liu 2021,liu_2021,rice,Grain,48.0,150.0,5.1,,17.5,,wheat straw,,,9.3,1.5,since_application,1.0,28.55,113.31666666666666,7.01676,6.56983,-0.0658136160630304,0.006704522071502792,,,
ZH23,Z3 Ji Liu 2021,liu_2021,rice,Grain,24.0,150.0,5.1,,17.5,,wheat straw,,,9.3,2.5,since_application,1.0,28.55,113.31666666666666,7.82383,8.34197,0.06412519502829762,0.0021586825408615967,,,
ZH23,Z3 Ji Liu 2021,liu_2021,rice,Grain,48.0,150.0,5.1,,17.5,,wheat straw,,,9.3,2.5,since_application,1.0,28.55,113.31666666666666,7.82383,8.70466,0.1066843099646325,0.0030348288447622673,,,
ZH23,Z3 Ji Liu 2021,liu_2021,rice,Grain,24.0,150.0,5.1,,17.5,,wheat straw,,,9.3,3.5,since_application,1.0,28.55,113.31666666666666,8.29016,9.01554,0.08388048570489082,0.00022001582221857667,,,
ZH23,Z3 Ji Liu 2021,liu_2021,rice,Grain,48.0,150.0,5.1,,17.5,,wheat straw,,,9.3,3.5,since_application,1.0,28.55,113.31666666666666,8.29016,8.60104,0.036813856857713184,0.0006685035784652924,,,
ZH23,Z3 Ji Liu 2021,liu_2021,rice,Grain,24.0,150.0,5.1,,17.5,,wheat straw,,,9.3,4.5,since_application,1.0,28.55,113.31666666666666,5.20588,5.25,0.008439320623368062,0.00044615213910602515,,,
ZH23,Z3 Ji Liu 2021,liu_2021,rice,Grain,48.0,150.0,5.1,,17.5,,wheat straw,,,9.3,4.5,since_application,1.0,28.55,113.31666666666666,5.20588,5.51471,0.05763031148052763,0.0005432700274761094,,,
ZH23,Z3 Ji Liu 2021,liu_2021,rice,Grain,24.0,150.0,5.1,,17.5,,wheat straw,,,9.3,5.5,since_application,1.0,28.55,113.31666666666666,5.07353,4.76471,-0.0628001529838952,0.002233321624922865,,,
ZH23,Z3 Ji Liu 2021,liu_2021,rice,Grain,48.0,150.0,5.1,,17.5,,wheat straw,,,9.3,5.5,since_application,1.0,28.55,113.31666666666666,5.07353,4.72059,-0.07210303601166043,0.0026764483063354827,,,
ZH23,Z4 Rong Huang 2018,huang_2018,rape,Grain,5.274,150.0,6.7,,10.0,,rape straw,500.0,,8.9,0.5,since_application,1.0,29.8,106.4,1.788,1.848,0.03300629646817008,0.0010369792616515589,,,
ZH23,Z4 Rong Huang 2018,huang_2018,maize,Grain,5.274,180.0,6.7,,10.0,,rape straw,500.0,,8.9,0.8333333333333334,since_application,1.0,29.8,106.4,8.418,8.624,0.024176743818262656,0.0009028692354510317,,,
ZH23,Z5 Punhoon Khan Korai 2021,korai_2021,rice,Grain,20.0,337.5,7.3,,18.8,,maize straw,,,9.6,0.5,since_application,1.0,31.0,120.0,6.25407,8.24104,0.2758940977397533,0.001719821079479083,,,
ZH23,Z5 Punhoon Khan Korai 2021,korai_2021,rice,Grain,20.0,337.5,7.3,,18.8,,wheat straw,,,10.1,0.5,since_application,1.0,31.0,120.0,6.25407,8.76221,0.33721570442569687,0.0013603279679825992,,,
ZH23,Z5 Punhoon Khan Korai 2021,korai_2021,wheat,Grain,20.0,412.5,7.3,,18.8,,maize straw,,,9.6,1.0,since_application,1.0,31.0,120.0,2.05212,2.83388,0.3227733922630512,0.005570991259548715,,,
ZH23,Z5 Punhoon Khan Korai 2021,korai_2021,wheat,Grain,20.0,412.5,7.3,,18.8,,wheat straw,,,10.1,1.0,since_application,1.0,31.0,120.0,2.05212,3.02932,0.38946476676172315,0.006459455934926033,,,
ZH23,Z7 Yao Liang 2021,liang_2021,maize,Grain,5.378,200.0,6.2,,15.7,,maize straw,450.0,,8.91,1.0,since_application,1.0,43.5,124.8,12.0,12.9,0.07232066157962608,0.0016287928409751014,,,
ZH23,Z7 Yao Liang 2021,liang_2021,maize,Grain,5.378,200.0,6.2,,15.7,,maize straw,450.0,,8.91,1.0,since_application,1.0,43.5,124.8,10.8,11.6,0.07145896398214485,0.0004606539588868827,,,
ZH23,Z7 Yao Liang 2021,liang_2021,maize,Grain,5.378,200.0,6.2,,15.7,,maize straw,450.0,,8.91,1.0,since_application,1.0,43.5,124.8,8.41,9.23,0.0930375745299041,0.00034502292639865696,,,
ZH23,Z7 Yao Liang 2021,liang_2021,maize,Grain,5.378,200.0,6.2,,15.7,,maize straw,450.0,,8.91,1.0,since_application,1.0,43.5,124.8,11.6,12.7,0.09059689535222665,0.0018390006558055127,,,
ZH23,Z7 Yao Liang 2021,liang_2021,maize,Grain,5.378,200.0,6.2,,15.7,,maize straw,450.0,,8.91,1.0,since_application,1.0,43.5,124.8,10.5,10.8,0.02817087696669644,0.0007292218396274834,,,
ZH23,Z7 Yao Liang 2021,liang_2021,maize,Grain,5.378,200.0,6.2,,15.7,,maize straw,450.0,,8.91,1.0,since_application,1.0,43.5,124.8,10.9,11.9,0.08777561088238559,0.00265657437613742,,,
ZH23,Z8 Yutong Zong 2021,zong_2021,rice,Grain,11.25,,5.2,,19.54,,maize straw,550.0,,9.71,0.3333333333333333,since_application,1.0,28.333333333333332,121.11666666666666,8.98113,9.50943,0.0571582282656587,0.0011835047989175677,,,
ZH23,Z8 Yutong Zong 2021,zong_2021,rice,Grain,22.5,,5.2,,19.54,,maize straw,550.0,,9.71,0.3333333333333333,since_application,1.0,28.333333333333332,121.11666666666666,8.98113,9.69811,0.07680531157685438,0.001176223267160181,,,
ZH23,Z8 Yutong Zong 2021,zong_2021,rape,Grain,11.25,,5.2,,19.54,,maize straw,550.0,,9.71,0.75,since_application,1.0,28.333333333333332,121.11666666666666,1.16981,1.24528,0.06251906176886668,0.002611700034641233,,,
ZH23,Z8 Yutong Zong 2021,zong_2021,rape,Grain,22.5,,5.2,,19.54,,maize straw,550.0,,9.71,0.75,since_application,1.0,28.333333333333332,121.11666666666666,1.16981,1.43396,0.20359850532551999,0.009698019999918364,,,
ZH23,Z8 Yutong Zong 2021,zong_2021,maize,Grain,11.25,,5.2,,19.54,,maize straw,550.0,,9.71,1.0,since_application,1.0,28.333333333333332,121.11666666666666,2.56604,2.90566,0.12429670445488694,0.0061932452127809335,,,
ZH23,Z8 Yutong Zong 2021,zong_2021,maize,Grain,22.5,,5.2,,19.54,,maize straw,550.0,,9.71,1.0,since_application,1.0,28.333333333333332,121.11666666666666,2.56604,3.69811,0.36545802379459835,0.005406489664824791,,,
ZH23,Z8 Yutong Zong 2021,zong_2021,rice,Grain,11.25,,5.2,,19.54,,wheat straw,550.0,,10.63,0.3333333333333333,since_application,1.0,28.333333333333332,121.11666666666666,8.98113,9.28302,0.03306121530456398,0.0010232804963244493,,,
ZH23,Z8 Yutong Zong 2021,zong_2021,rice,Grain,22.5,,5.2,,19.54,,wheat straw,550.0,,10.63,0.3333333333333333,since_application,1.0,28.333333333333332,121.11666666666666,8.98113,9.73585,0.08068923924182639,0.000999538136847944,,,
ZH23,Z8 Yutong Zong 2021,zong_2021,rape,Grain,11.25,,5.2,,19.54,,wheat straw,550.0,,10.63,0.75,since_application,1.0,28.333333333333332,121.11666666666666,1.16981,1.16981,0.0,0.0069369216682135144,,,
ZH23,Z8 Yutong Zong 2021,zong_2021,rape,Grain,22.5,,5.2,,19.54,,wheat straw,550.0,,10.63,0.75,since_application,1.0,28.333333333333332,121.11666666666666,1.16981,1.28302,0.09237533151646247,0.00398264792107201,,,
ZH23,Z8 Yutong Zong 2021,zong_2021,maize,Grain,11.25,,5.2,,19.54,,wheat straw,550.0,,10.63,1.0,since_application,1.0,28.333333333333332,121.11666666666666,2.56604,3.39623,0.28030213835660495,0.003253439543903254,,,
ZH23,Z8 Yutong Zong 2021,zong_2021,maize,Grain,22.5,,5.2,,19.54,,wheat straw,550.0,,10.63,1.0,since_application,1.0,28.333333333333332,121.11666666666666,2.56604,3.96226,0.43445071500926846,0.0026252753804011097,,,
ZH23,Z8 Yutong Zong 2021,zong_2021,rice,Grain,11.25,,5.2,,19.54,,rice straw,550.0,,9.52,0.3333333333333333,since_application,1.0,28.333333333333332,121.11666666666666,8.98113,9.62264,0.06899294571665772,0.0015071595900251417,,,
ZH23,Z8 Yutong Zong 2021,zong_2021,rape,Grain,11.25,,5.2,,19.54,,rice straw,550.0,,9.52,0.75,since_application,1.0,28.333333333333332,121.11666666666666,1.16981,1.43396,0.20359850532551999,0.005081163318287583,,,
ZH23,Z8 Yutong Zong 2021,zong_2021,rape,Grain,22.5,,5.2,,19.54,,rice straw,550.0,,9.52,0.75,since_application,1.0,28.333333333333332,121.11666666666666,1.16981,2.18868,0.6264572799216954,0.007729171478745641,,,
ZH23,Z8 Yutong Zong 2021,zong_2021,maize,Grain,11.25,,5.2,,19.54,,rice straw,550.0,,9.52,1.0,since_application,1.0,28.333333333333332,121.11666666666666,2.56604,4.0,0.4439305065834085,0.00618461160125837,,,
ZH23,Z8 Yutong Zong 2021,zong_2021,maize,Grain,22.5,,5.2,,19.54,,rice straw,550.0,,9.52,1.0,since_application,1.0,28.333333333333332,121.11666666666666,2.56604,4.60377,0.5845116785157701,0.00530495749865283,,,
ZH23,Z9 Lipeng Wu 2021,wu_2021,rice,Grain,4.0,255.0,8.1,,4.85,,rice straw,,,8.7,2.3333333333333335,since_application,1.0,37.516666666666666,118.53333333333333,8.3,8.6,0.0355066884569096,0.0002286639438961578,,,
ZH23,Z9 Lipeng Wu 2021,wu_2021,rice,Grain,8.0,255.0,8.1,,4.85,,rice straw,,,8.7,2.3333333333333335,since_application,1.0,37.516666666666666,118.53333333333333,8.3,9.1,0.092018898720252,0.0002093974663718754,,,
ZH23,Z10 Yue Li 2022,li_2022,wheat,Grain,4.0,225.0,8.4,,4.58,,,,,9.3,1.0,since_application,1.0,34.333333333333336,108.4,5.46532,6.54004,0.17952060730676833,0.0005722605229439386,,,
ZH23,Z10 Yue Li 2022,li_2022,wheat,Grain,4.0,225.0,8.4,,4.58,,,,,9.3,2.0,since_application,1.0,34.333333333333336,108.4,4.66365,4.93347,0.056244191070262975,0.0014502415357739498,,,
ZH23,Z12 Yingxin Xie 2021,xie_2021,wheat,Grain,2.25,240.0,8.38,,8.1,,wheat straw,400.0,,9.2,6.666666666666667,since_application,1.0,35.0,114.4,5.57576,6.95758,0.2214030818098233,0.00025869136378474947,,,
ZH23,Z12 Yingxin Xie 2021,xie_2021,wheat,Grain,6.75,240.0,8.38,,8.1,,wheat straw,400.0,,9.2,6.666666666666667,since_application,1.0,35.0,114.4,5.57576,7.8303,0.33957219251996806,0.00027255374762064815,,,
ZH23,Z12 Yingxin Xie 2021,xie_2021,wheat,Grain,11.25,240.0,8.38,,8.1,,wheat straw,400.0,,9.2,6.666666666666667,since_application,1.0,35.0,114.4,5.57576,7.8303,0.33957219251996806,0.0003140860158176979,,,
ZH23,Z12 Yingxin Xie 2021,xie_2021,maize,Grain,2.25,200.0,8.38,,8.1,,wheat straw,400.0,,9.2,7.0,since_application,1.0,35.0,114.4,9.16364,9.74545,0.06155702975609617,0.00015939409066656533,,,
ZH23,Z12 Yingxin Xie 2021,xie_2021,maize,Grain,6.75,200.0,8.38,,8.1,,wheat straw,400.0,,9.2,7.0,since_application,1.0,35.0,114.4,9.16364,10.7879,0.1631816560115363,0.00016600660202575378,,,
ZH23,Z12 Yingxin Xie 2021,xie_2021,maize,Grain,11.25,200.0,8.38,,8.1,,wheat straw,400.0,,9.2,7.0,since_application,1.0,35.0,114.4,9.16364,10.5697,0.1427479376013351,0.00017049862958747354,,,
ZH23,Z13 Zhihan Liu 2022,liu_2022,maize,Grain,4.5,285.0,7.6,,8.2,,maize straw,,,9.7,0.4166666666666667,since_application,1.0,35.85,106.8,13.6,14.0,0.028987536873252406,0.006666666666666669,,,
ZH23,Z13 Zhihan Liu 2022,liu_2022,maize,Grain,9.0,285.0,7.6,,8.2,,maize straw,,,9.7,0.4166666666666667,since_application,1.0,35.85,106.8,13.6,14.1,0.036105004642116356,0.006666666666666668,,,
ZH23,Z13 Zhihan Liu 2022,liu_2022,maize,Grain,4.5,285.0,7.6,,8.2,,maize straw,,,9.7,0.5,since_application,1.0,35.85,106.8,15.3,15.4,0.006514681021193672,0.006666666666666667,,,
ZH23,Z13 Zhihan Liu 2022,liu_2022,maize,Grain,9.0,285.0,7.6,,8.2,,maize straw,,,9.7,0.5,since_application,1.0,35.85,106.8,15.3,15.9,0.03846628082779614,0.006666666666666668,,,
ZH23,Z13 Zhihan Liu 2022,liu_2022,maize,Grain,4.5,285.0,7.6,,8.2,,maize straw,,,9.7,1.4166666666666667,since_application,1.0,35.85,106.8,11.4,11.8,0.034486176071169404,0.006666666666666668,,,
ZH23,Z13 Zhihan Liu 2022,liu_2022,maize,Grain,9.0,285.0,7.6,,8.2,,maize straw,,,9.7,1.4166666666666667,since_application,1.0,35.85,106.8,11.4,12.2,0.06782259633876109,0.006666666666666668,,,
ZH23,Z13 Zhihan Liu 2022,liu_2022,maize,Grain,4.5,285.0,7.6,,8.2,,maize straw,,,9.7,1.5,since_application,1.0,35.85,106.8,14.0,14.1,0.007117467768863955,0.006666666666666668,,,
ZH23,Z13 Zhihan Liu 2022,liu_2022,maize,Grain,9.0,285.0,7.6,,8.2,,maize straw,,,9.7,1.5,since_application,1.0,35.85,106.8,14.0,14.8,0.055569851154810786,0.006666666666666668,,,
ZH23,Z13 Zhihan Liu 2022,liu_2022,maize,Grain,4.5,285.0,7.6,,8.2,,maize straw,,,9.7,2.4166666666666665,since_application,1.0,35.85,106.8,10.1,10.7,0.05770831762064677,0.006666666666666668,,,
ZH23,Z13 Zhihan Liu 2022,liu_2022,maize,Grain,9.0,285.0,7.6,,8.2,,maize straw,,,9.7,2.4166666666666665,since_application,1.0,35.85,106.8,10.1,11.4,0.12107793155323611,0.006666666666666668,,,
ZH23,Z13 Zhihan Liu 2022,liu_2022,maize,Grain,4.5,285.0,7.6,,8.2,,maize straw,,,9.7,2.5,since_application,1.0,35.85,106.8,13.3,13.8,0.03690455693545098,0.006666666666666666,,,
ZH23,Z13 Zhihan Liu 2022,liu_2022,maize,Grain,9.0,285.0,7.6,,8.2,,maize straw,,,9.7,2.5,since_application,1.0,35.85,106.8,13.3,14.6,0.09325749348658252,0.006666666666666666,,,
ZH23,Z14 Weiying Feng 2021,feng_2021,maize,Grain,10.0,,,,1.7,,maize straw,,,,0.5,since_application,1.0,40.75,107.38333333333334,14.41827,14.41264,-0.0003905530606951772,0.0002885813956429818,,,
ZH23,Z14 Weiying Feng 2021,feng_2021,maize,Grain,20.0,,,,1.7,,maize straw,,,,0.5,since_application,1.0,40.75,107.38333333333334,14.41827,15.73449,0.08735896577150733,0.00038275733865857954,,,
ZH23,Z14 Weiying Feng 2021,feng_2021,maize,Grain,30.0,,,,1.7,,maize straw,,,,0.5,since_application,1.0,40.75,107.38333333333334,14.41827,16.13121,0.11225975242385891,0.00020582972486386493,,,
ZH23,Z14 Weiying Feng 2021,feng_2021,maize,Grain,50.0,,,,1.7,,maize straw,,,,0.5,since_application,1.0,40.75,107.38333333333334,14.41827,15.93733,0.1001680037962821,0.00021281380945396592,,,
ZH23,Z15 Caidi Yang 2022,yang_2022,soybean,Grain,5.21,46.63,4.61,,8.25,,rice straw,350.0,,9.94,1.25,since_application,0.0,29.766666666666666,121.11666666666666,0.759327,2.676626,1.2598798104765891,0.005811902169535687,,,
ZH23,Z15 Caidi Yang 2022,yang_2022,soybean,Grain,3.88,46.63,4.61,,8.25,,rice straw,550.0,,11.11,1.25,since_application,0.0,29.766666666666666,121.11666666666666,0.759327,2.27798,1.0986118496827892,0.005300977195612748,,,
ZH23,Z15 Caidi Yang 2022,yang_2022,soybean,Grain,4.24,46.63,4.61,,8.25,,rape straw,350.0,,10.58,1.25,since_application,0.0,29.766666666666666,121.11666666666666,0.759327,2.676626,1.2598798104765891,0.005476624835423851,,,
ZH23,Z15 Caidi Yang 2022,yang_2022,soybean,Grain,3.57,46.63,4.61,,8.25,,rape straw,550.0,,10.76,1.25,since_application,0.0,29.766666666666666,121.11666666666666,0.759327,1.860347,0.896085793792498,0.0055207006851595635,,,
ZH23,Z15 Caidi Yang 2022,yang_2022,rice,Grain,5.21,46.63,4.61,,8.25,,rice straw,350.0,,9.94,0.4166666666666667,since_application,0.0,29.766666666666666,121.11666666666666,1.385767,4.119353,1.089442335227007,0.0031565697579522744,,,
ZH23,Z15 Caidi Yang 2022,yang_2022,rice,Grain,3.88,46.63,4.61,,8.25,,rice straw,550.0,,11.11,0.4166666666666667,since_application,0.0,29.766666666666666,121.11666666666666,1.385767,3.625786,0.9618173154215537,0.0021487546203292737,,,
ZH23,Z15 Caidi Yang 2022,yang_2022,rice,Grain,4.24,46.63,4.61,,8.25,,rape straw,350.0,,10.58,0.4166666666666667,since_application,0.0,29.766666666666666,121.11666666666666,1.385767,4.859697,1.2547223133222296,0.0017470432641438298,,,
ZH23,Z15 Caidi Yang 2022,yang_2022,rice,Grain,3.57,46.63,4.61,,8.25,,rape straw,550.0,,10.76,0.4166666666666667,since_application,0.0,29.766666666666666,121.11666666666666,1.385767,4.024432,1.066130005932433,0.002305597393290117,,,
ZH23,Z18 Kwame Agyei Frimpong 2021,frimpong_2021,maize,Grain,10.0,0.0,6.01,,5.3,,maize straw,450.0,,9.2,0.3333333333333333,since_application,1.0,5.116666666666666,-1.2833333333333332,1.62,1.65,0.0183491386681964,0.0010040075275765514,,,
ZH23,Z18 Kwame Agyei Frimpong 2021,frimpong_2021,maize,Grain,10.0,0.0,6.01,,5.3,,maize straw,450.0,,9.2,0.3333333333333333,since_application,1.0,5.116666666666666,-1.2833333333333332,2.75,2.84,0.032203140494634734,0.0018907946983495664,,,
ZH23,Z18 Kwame Agyei Frimpong 2021,frimpong_2021,maize,Grain,10.0,100.0,6.01,,5.3,,maize straw,450.0,,9.2,0.3333333333333333,since_application,1.0,5.116666666666666,-1.2833333333333332,2.53,3.97,0.45054679195967035,0.0008851274865210141,,,
ZH23,Z18 Kwame Agyei Frimpong 2021,frimpong_2021,maize,Grain,10.0,100.0,6.01,,5.3,,maize straw,450.0,,9.2,0.3333333333333333,since_application,1.0,5.116666666666666,-1.2833333333333332,3.03,5.17,0.5343100689990601,3.4275108413653244e-05,,,
ZH23,Z18 Kwame Agyei Frimpong 2021,frimpong_2021,cassava,Grain,10.0,0.0,6.01,,5.3,,maize straw,450.0,,9.2,1.75,since_application,1.0,5.116666666666666,-1.2833333333333332,6.91,11.85,0.5393582298015617,0.013542805347655028,,,
ZH23,Z18 Kwame Agyei Frimpong 2021,frimpong_2021,cassava,Grain,10.0,0.0,6.01,,5.3,,maize straw,450.0,,9.2,1.75,since_application,1.0,5.116666666666666,-1.2833333333333332,13.78,18.84,0.3127640035627046,0.0008451941701759726,,,
ZH23,Z18 Kwame Agyei Frimpong 2021,frimpong_2021,cassava,Grain,10.0,100.0,6.01,,5.3,,maize straw,450.0,,9.2,1.75,since_application,1.0,5.116666666666666,-1.2833333333333332,17.49,16.2,-0.07661804679217225,0.0023199619371262062,,,
ZH23,Z18 Kwame Agyei Frimpong 2021,frimpong_2021,cassava,Grain,10.0,100.0,6.01,,5.3,,maize straw,450.0,,9.2,1.75,since_application,1.0,5.116666666666666,-1.2833333333333332,17.68,23.9,0.3014444017279675,0.0017028233260102704,,,
ZH23,Z19 Jining Zhang 2019,zhang_2019,rice,Grain,0.69,,7.6,,3.6,,wheat straw,,,7.9,0.4166666666666667,since_application,0.0,30.883333333333333,121.38333333333334,4.41096,4.50685,0.021506108749461846,0.00712930050200815,,,
ZH23,Z19 Jining Zhang 2019,zhang_2019,rice,Grain,1.37,,7.6,,3.6,,wheat straw,,,7.9,0.4166666666666667,since_application,0.0,30.883333333333333,121.38333333333334,4.41096,5.91781,0.29387409517840846,0.0073176855884726595,,,
ZH23,Z19 Jining Zhang 2019,zhang_2019,rice,Grain,2.06,,7.6,,3.6,,wheat straw,,,7.9,0.4166666666666667,since_application,0.0,30.883333333333333,121.38333333333334,4.41096,5.68493,0.2537264611788396,0.007109322399938534,,,
ZH23,Z19 Jining Zhang 2019,zhang_2019,rice,Grain,2.74,,7.6,,3.6,,wheat straw,,,7.9,0.4166666666666667,since_application,0.0,30.883333333333333,121.38333333333334,4.41096,4.64384,0.05144925734122456,0.007174085810589894,,,
ZH23,Z19 Jining Zhang 2019,zhang_2019,rice,Grain,0.69,,7.6,,3.6,,wheat straw,,,7.9,1.4166666666666667,since_application,0.0,30.883333333333333,121.38333333333334,2.35616,3.05479,0.2596776752917899,0.0009395107936160592,,,
ZH23,Z19 Jining Zhang 2019,zhang_2019,rice,Grain,1.37,,7.6,,3.6,,wheat straw,,,7.9,1.4166666666666667,since_application,0.0,30.883333333333333,121.38333333333334,2.35616,3.15068,0.2905851273579729,0.0009189958412002345,,,
ZH23,Z19 Jining Zhang 2019,zhang_2019,rice,Grain,2.06,,7.6,,3.6,,wheat straw,,,7.9,1.4166666666666667,since_application,0.0,30.883333333333333,121.38333333333334,2.35616,3.57534,0.41702710132067705,0.0010350493419783917,,,
ZH23,Z19 Jining Zhang 2019,zhang_2019,rice,Grain,2.74,,7.6,,3.6,,wheat straw,,,7.9,1.4166666666666667,since_application,0.0,30.883333333333333,121.38333333333334,2.35616,4.61644,0.6725906700887783,0.0009244359967331279,,,
ZH23,Z19 Jining Zhang 2019,zhang_2019,rice,Grain,0.69,,7.6,,3.6,,wheat straw,,,7.9,2.4166666666666665,since_application,0.0,30.883333333333333,121.38333333333334,3.08219,3.20548,0.039221461871382354,0.000755858233802771,,,
ZH23,Z19 Jining Zhang 2019,zhang_2019,rice,Grain,1.37,,7.6,,3.6,,wheat straw,,,7.9,2.4166666666666665,since_application,0.0,30.883333333333333,121.38333333333334,3.08219,3.10959,0.008850501424923538,0.0008201787845970089,,,
ZH23,Z19 Jining Zhang 2019,zhang_2019,rice,Grain,2.06,,7.6,,3.6,,wheat straw,,,7.9,2.4166666666666665,since_application,0.0,30.883333333333333,121.38333333333334,3.08219,3.21918,0.04348628546218685,0.0006645096446650683,,,
ZH23,Z19 Jining Zhang 2019,zhang_2019,rice,Grain,2.74,,7.6,,3.6,,wheat straw,,,7.9,2.4166666666666665,since_application,0.0,30.883333333333333,121.38333333333334,3.08219,3.19178,0.03493837162846227,0.0006646137413956706,,,
ZH23,Z21 Jie Zheng 2022,zheng_2022,maize,Grain,9.0,150.0,4.42,,2.52,,maize straw,450.0,,,9.25,since_application,1.0,28.25,116.91666666666667,1.06,4.02,1.3330129945069538,0.008453677479564978,,,
ZH23,Z21 Jie Zheng 2022,zheng_2022,maize,Grain,9.0,150.0,4.42,,2.52,,maize straw,450.0,,,9.25,since_application,1.0,28.25,116.91666666666667,1.52,4.53,1.0920116046367578,0.0076360330268561575,,,
ZH23,Z24 Veronika Hansen 2017,hansen_2017,rape,Grain,1.441,233.0,,,,,wheat straw,,,10.5,0.9166666666666666,since_application,1.0,55.36666666666667,12.083333333333334,4.387,4.459,0.016278903461262755,0.0018115527861684712,,,
ZH23,Z24 Veronika Hansen 2017,hansen_2017,rape,Grain,5.926,233.0,,,,,wheat straw,,,10.5,0.9166666666666666,since_application,1.0,55.36666666666667,12.083333333333334,4.387,4.126,-0.06133720753501672,0.0012700703392006555,,,
ZH23,Z24 Veronika Hansen 2017,hansen_2017,wheat,Grain,0.47,189.0,,,,,wheat straw,,,10.5,0.9166666666666666,since_application,1.0,55.36666666666667,12.083333333333334,9.461,9.434,-0.0028579008602374178,0.0005292133433437268,,,
ZH23,Z24 Veronika Hansen 2017,hansen_2017,wheat,Grain,1.9,189.0,,,,,wheat straw,,,10.5,0.9166666666666666,since_application,1.0,55.36666666666667,12.083333333333334,9.461,9.837,0.03897270080831373,0.00030674134939726765,,,
ZH23,Z25 C.D.Yang 2021,c.d.yang_2021,maize,Grain,11.25,,4.78,,17.43,,rice straw,550.0,,10.5,1.5,since_application,1.0,28.333333333333332,121.11666666666666,2.92,3.6,0.20935022918187396,0.007430520805098587,,,
ZH23,Z25 C.D.Yang 2021,c.d.yang_2021,maize,Grain,22.5,,4.78,,17.43,,rice straw,550.0,,10.5,1.5,since_application,1.0,28.333333333333332,121.11666666666666,2.92,3.88,0.2842515373549917,0.003697833326994487,,,
ZH23,Z25 C.D.Yang 2021,c.d.yang_2021,maize,Grain,11.25,,4.78,,17.43,,maize straw,550.0,,10.7,1.5,since_application,1.0,28.333333333333332,121.11666666666666,2.92,2.59,-0.11992574056874401,0.005923536366164342,,,
ZH23,Z25 C.D.Yang 2021,c.d.yang_2021,maize,Grain,22.5,,4.78,,17.43,,maize straw,550.0,,10.7,1.5,since_application,1.0,28.333333333333332,121.11666666666666,2.92,3.71,0.23944826033915345,0.00631803719569818,,,
ZH23,Z25 C.D.Yang 2021,c.d.yang_2021,maize,Grain,11.25,,4.78,,17.43,,wheat straw,550.0,,10.5,1.5,since_application,1.0,28.333333333333332,121.11666666666666,2.92,3.45,0.16679061476307816,0.003921760390619837,,,
ZH23,Z25 C.D.Yang 2021,c.d.yang_2021,maize,Grain,22.5,,4.78,,17.43,,wheat straw,550.0,,10.5,1.5,since_application,1.0,28.333333333333332,121.11666666666666,2.92,3.99,0.3122076146215817,0.0035373278707995985,,,
ZH23,Z25 C.D.Yang 2021,c.d.yang_2021,maize,Grain,11.25,,4.78,,17.43,,rice husk,550.0,,7.8,1.5,since_application,1.0,28.333333333333332,121.11666666666666,2.92,4.05,0.32713326483825733,0.006152228624028628,,,
ZH23,Z25 C.D.Yang 2021,c.d.yang_2021,maize,Grain,22.5,,4.78,,17.43,,rice husk,550.0,,7.8,1.5,since_application,1.0,28.333333333333332,121.11666666666666,2.92,4.61,0.4566442407283669,0.0061550859548258376,,,
ZH23,Z25 C.D.Yang 2021,c.d.yang_2021,maize,Grain,11.25,,4.78,,17.43,,bamboo,550.0,,9.5,1.5,since_application,1.0,28.333333333333332,121.11666666666666,2.92,2.39,-0.20029025033677103,0.00987341452907764,,,
ZH23,Z25 C.D.Yang 2021,c.d.yang_2021,maize,Grain,22.5,,4.78,,17.43,,bamboo,550.0,,9.5,1.5,since_application,1.0,28.333333333333332,121.11666666666666,2.92,3.08,0.053345980705292714,0.020247696114157013,,,
ZH23,Z25 C.D.Yang 2021,c.d.yang_2021,rice,Grain,11.25,,4.78,,17.43,,rice straw,550.0,,10.5,0.5,since_application,1.0,28.333333333333332,121.11666666666666,8.82,9.22,0.04435316754980265,0.0007940344855413826,,,
ZH23,Z25 C.D.Yang 2021,c.d.yang_2021,rice,Grain,22.5,,4.78,,17.43,,rice straw,550.0,,10.5,0.5,since_application,1.0,28.333333333333332,121.11666666666666,8.82,9.5,0.07426992858779523,0.0007653667003757231,,,
ZH23,Z25 C.D.Yang 2021,c.d.yang_2021,rice,Grain,11.25,,4.78,,17.43,,maize straw,550.0,,10.7,0.5,since_application,1.0,28.333333333333332,121.11666666666666,8.82,9.52,0.07637297878457396,0.0007646163855846609,,,
ZH23,Z25 C.D.Yang 2021,c.d.yang_2021,rice,Grain,22.5,,4.78,,17.43,,maize straw,550.0,,10.7,0.5,since_application,1.0,28.333333333333332,121.11666666666666,8.82,9.71,0.09613441228453375,0.0007577180449524037,,,
ZH23,Z25 C.D.Yang 2021,c.d.yang_2021,rice,Grain,11.25,,4.78,,17.43,,wheat straw,550.0,,10.5,0.5,since_application,1.0,28.333333333333332,121.11666666666666,8.82,9.31,0.05406722127027579,0.0006177544597080727,,,
ZH23,Z25 C.D.Yang 2021,c.d.yang_2021,rice,Grain,22.5,,4.78,,17.43,,wheat straw,550.0,,10.5,0.5,since_application,1.0,28.333333333333332,121.11666666666666,8.82,9.78,0.10331761402802594,0.000586952502759842,,,
ZH23,Z25 C.D.Yang 2021,c.d.yang_2021,rice,Grain,11.25,,4.78,,17.43,,rice husk,550.0,,7.8,0.5,since_application,1.0,28.333333333333332,121.11666666666666,8.82,9.39,0.06262342320147157,0.0005881161983060608,,,
ZH23,Z25 C.D.Yang 2021,c.d.yang_2021,rice,Grain,22.5,,4.78,,17.43,,rice husk,550.0,,7.8,0.5,since_application,1.0,28.333333333333332,121.11666666666666,8.82,9.99,0.12456272264176224,0.0006721082605032637,,,
ZH23,Z25 C.D.Yang 2021,c.d.yang_2021,rice,Grain,11.25,,4.78,,17.43,,bamboo,550.0,,9.5,0.5,since_application,1.0,28.333333333333332,121.11666666666666,8.82,9.9,0.11551288712184424,0.0007825023818780628,,,
ZH23,Z25 C.D.Yang 2021,c.d.yang_2021,rice,Grain,22.5,,4.78,,17.43,,bamboo,550.0,,9.5,0.5,since_application,1.0,28.333333333333332,121.11666666666666,8.82,9.38,0.061557892999433365,0.0006411591298428741,,,
ZH23,Z25 C.D.Yang 2021,c.d.yang_2021,rape,Grain,11.25,,4.78,,17.43,,rice straw,550.0,,10.5,1.0833333333333333,since_application,1.0,28.333333333333332,121.11666666666666,1.21,1.67,0.32220326682001404,0.0009499288800922986,,,
ZH23,Z25 C.D.Yang 2021,c.d.yang_2021,rape,Grain,22.5,,4.78,,17.43,,rice straw,550.0,,10.5,1.0833333333333333,since_application,1.0,28.333333333333332,121.11666666666666,1.21,1.93,0.4668996433081445,0.002377750714723703,,,
ZH23,Z25 C.D.Yang 2021,c.d.yang_2021,rape,Grain,11.25,,4.78,,17.43,,maize straw,550.0,,10.7,1.0833333333333333,since_application,1.0,28.333333333333332,121.11666666666666,1.21,1.44,0.17402275397925956,0.0061673859827790665,,,
ZH23,Z25 C.D.Yang 2021,c.d.yang_2021,rape,Grain,22.5,,4.78,,17.43,,maize straw,550.0,,10.7,1.0833333333333333,since_application,1.0,28.333333333333332,121.11666666666666,1.21,1.29,0.06402185876493102,0.004290319953872328,,,
ZH23,Z25 C.D.Yang 2021,c.d.yang_2021,rape,Grain,11.25,,4.78,,17.43,,wheat straw,550.0,,10.5,1.0833333333333333,since_application,1.0,28.333333333333332,121.11666666666666,1.21,1.19,-0.01666705248521176,0.00434233565582185,,,
ZH23,Z25 C.D.Yang 2021,c.d.yang_2021,rape,Grain,22.5,,4.78,,17.43,,wheat straw,550.0,,10.5,1.0833333333333333,since_application,1.0,28.333333333333332,121.11666666666666,1.21,1.31,0.07940677760441062,0.0027145642299794483,,,
ZH23,Z25 C.D.Yang 2021,c.d.yang_2021,rape,Grain,11.25,,4.78,,17.43,,rice husk,550.0,,7.8,1.0833333333333333,since_application,1.0,28.333333333333332,121.11666666666666,1.21,1.46,0.18781607611159534,0.0043675264856336245,,,
ZH23,Z25 C.D.Yang 2021,c.d.yang_2021,rape,Grain,22.5,,4.78,,17.43,,rice husk,550.0,,7.8,1.0833333333333333,since_application,1.0,28.333333333333332,121.11666666666666,1.21,2.21,0.6023721559210118,0.006103987061946429,,,
ZH23,Z25 C.D.Yang 2021,c.d.yang_2021,rape,Grain,11.25,,4.78,,17.43,,bamboo,550.0,,9.5,1.0833333333333333,since_application,1.0,28.333333333333332,121.11666666666666,1.21,1.21,0.0,0.0004553423035767138,,,
ZH23,Z25 C.D.Yang 2021,c.d.yang_2021,rape,Grain,22.5,,4.78,,17.43,,bamboo,550.0,,9.5,1.0833333333333333,since_application,1.0,28.333333333333332,121.11666666666666,1.21,1.24,0.024491020008295696,0.004613319975362239,,,
ZH23,Z26 Lili Qiu 2022,qiu_2022,wheat,Grain,12.03,180.52,4.73,,9.7,,maize straw,400.0,,9.1,0.5,since_application,0.0,28.25,116.91666666666667,5.720696563935694,8.232227755127088,0.3639660903062244,0.00026115600589598993,,,
ZH23,Z26 Lili Qiu 2022,qiu_2022,wheat,Grain,36.1,180.52,4.73,,9.7,,maize straw,400.0,,9.1,0.5,since_application,0.0,28.25,116.91666666666667,5.720696563935694,10.499580965574847,0.607244773437305,0.0009393448815839415,,,
ZH23,Z26 Lili Qiu 2022,qiu_2022,wheat,Grain,12.03,180.52,5.26,,8.48,,maize straw,400.0,,9.1,0.5,since_application,0.0,33.15,112.8,11.162339455250226,9.27869106185668,-0.18482507610999052,0.0002868076432492936,,,
ZH23,Z26 Lili Qiu 2022,qiu_2022,wheat,Grain,36.1,180.52,5.26,,8.48,,maize straw,400.0,,9.1,0.5,since_application,0.0,33.15,112.8,11.162339455250226,7.848522938072874,-0.3522202102559964,0.0004398352016750082,,,
ZH23,Z28 Yue-feng Cui 2017,cui_2017,rice,Grain,2.0,456.5,6.4,,10.73,,,,,9.02,,since_application,1.0,42.233333333333334,123.8,8.31833,8.49487,0.02100093835523523,0.00025693067591086183,,,
ZH23,Z28 Yue-feng Cui 2017,cui_2017,rice,Grain,40.0,456.5,6.4,,10.73,,,,,9.02,,since_application,1.0,42.233333333333334,123.8,8.31833,8.2161,-0.012365869606966654,0.00014230287890583594,,,
ZH23,Z29 Jinjing Zhang 2019,zhang_2019,maize,Grain,5.358,225.0,5.7,,13.3,,maize straw,,,,1.0,since_application,1.0,42.666666666666664,125.46666666666667,8.4507,9.07042,0.07076929138518778,0.0002490714642833216,,,
ZH23,Z29 Jinjing Zhang 2019,zhang_2019,maize,Grain,5.358,225.0,5.7,,13.3,,maize straw,,,,1.0,since_application,1.0,42.666666666666664,125.46666666666667,10.3378,10.6419,0.02899195891514116,0.0026461940695568266,,,
ZH23,Z29 Jinjing Zhang 2019,zhang_2019,maize,Grain,5.358,225.0,5.7,,13.3,,maize straw,,,,1.0,since_application,1.0,42.666666666666664,125.46666666666667,10.4392,11.8378,0.1257298502141814,0.002777187002821381,,,
ZH23,Z29 Jinjing Zhang 2019,zhang_2019,maize,Grain,5.358,225.0,5.7,,13.3,,maize straw,,,,1.0,since_application,1.0,42.666666666666664,125.46666666666667,6.46622,10.3378,0.4692153776343164,0.00268655833403542,,,
ZH23,Z29 Jinjing Zhang 2019,zhang_2019,maize,Grain,5.358,225.0,5.7,,13.3,,maize straw,,,,1.0,since_application,1.0,42.666666666666664,125.46666666666667,4.76351,12.7095,0.9813649538652622,0.0029442379974891466,,,
ZH23,Z33 Xia Liao 2020,liao_2020,maize,Grain,3.0,200.0,8.41,,7.41,,maize straw,450.0,,10.02,0.3333333333333333,since_application,1.0,35.0,114.4,1.1697,1.148,-0.018726007777149632,0.07488652809044584,,,
ZH23,Z33 Xia Liao 2020,liao_2020,maize,Grain,6.0,200.0,8.41,,7.41,,maize straw,450.0,,10.02,0.3333333333333333,since_application,1.0,35.0,114.4,1.1697,1.1904,0.017542079422166026,0.030990151795286025,,,
ZH23,Z33 Xia Liao 2020,liao_2020,maize,Grain,12.0,200.0,8.41,,7.41,,maize straw,450.0,,10.02,0.3333333333333333,since_application,1.0,35.0,114.4,1.1697,1.1256,-0.03843107885648204,0.018920477002001463,,,
ZH23,Z33 Xia Liao 2020,liao_2020,wheat,Grain,3.0,200.0,8.41,,7.41,,maize straw,450.0,,10.02,1.0,since_application,1.0,35.0,114.4,8.643,8.042,-0.07207193629541898,0.0002461623616561027,,,
ZH23,Z33 Xia Liao 2020,liao_2020,wheat,Grain,6.0,200.0,8.41,,7.41,,maize straw,450.0,,10.02,1.0,since_application,1.0,35.0,114.4,8.643,7.893,-0.09077345404423587,0.0002988864015808101,,,
ZH23,Z33 Xia Liao 2020,liao_2020,wheat,Grain,12.0,200.0,8.41,,7.41,,maize straw,450.0,,10.02,1.0,since_application,1.0,35.0,114.4,8.643,7.634,-0.12413779044746322,0.0005501454561870282,,,
ZH23,Z33 Xia Liao 2020,liao_2020,maize,Grain,3.0,200.0,8.41,,7.41,,maize straw,450.0,,10.02,1.3333333333333333,since_application,1.0,35.0,114.4,1.1787,1.1474,-0.026913623064753162,0.04357612297309455,,,
ZH23,Z33 Xia Liao 2020,liao_2020,maize,Grain,6.0,200.0,8.41,,7.41,,maize straw,450.0,,10.02,1.3333333333333333,since_application,1.0,35.0,114.4,1.1787,1.1731,-0.004762318720849214,0.019750020760900905,,,
ZH23,Z33 Xia Liao 2020,liao_2020,maize,Grain,12.0,200.0,8.41,,7.41,,maize straw,450.0,,10.02,1.3333333333333333,since_application,1.0,35.0,114.4,1.1787,1.1985,0.01665863864191511,0.01720582961212864,,,
ZH23,Z33 Xia Liao 2020,liao_2020,wheat,Grain,3.0,200.0,8.41,,7.41,,maize straw,450.0,,10.02,2.0,since_application,1.0,35.0,114.4,6.622,6.979,0.052508200909960105,0.0005103335747986279,,,
ZH23,Z33 Xia Liao 2020,liao_2020,wheat,Grain,6.0,200.0,8.41,,7.41,,maize straw,450.0,,10.02,2.0,since_application,1.0,35.0,114.4,6.622,7.565,0.13313490811526468,0.0018566029078060614,,,
ZH23,Z33 Xia Liao 2020,liao_2020,wheat,Grain,12.0,200.0,8.41,,7.41,,maize straw,450.0,,10.02,2.0,since_application,1.0,35.0,114.4,6.622,6.933,0.04589518083529887,0.0011718537885671053,,,
ZH23,Z33 Xia Liao 2020,liao_2020,maize,Grain,3.0,200.0,8.41,,7.41,,maize straw,450.0,,10.02,2.3333333333333335,since_application,1.0,35.0,114.4,9.258,9.209,-0.00530677586984877,0.0007873287976452286,,,
ZH23,Z33 Xia Liao 2020,liao_2020,maize,Grain,6.0,200.0,8.41,,7.41,,maize straw,450.0,,10.02,2.3333333333333335,since_application,1.0,35.0,114.4,9.258,9.241,-0.0018379377031753508,0.00016385886147273,,,
ZH23,Z33 Xia Liao 2020,liao_2020,maize,Grain,12.0,200.0,8.41,,7.41,,maize straw,450.0,,10.02,2.3333333333333335,since_application,1.0,35.0,114.4,9.258,9.595,0.03575408685058463,0.0002013483147043399,,,
ZH23,Z33 Xia Liao 2020,liao_2020,wheat,Grain,3.0,200.0,8.41,,7.41,,maize straw,450.0,,10.02,3.0,since_application,1.0,35.0,114.4,8.519,7.792,-0.08920139672046953,0.0004805917051006576,,,
ZH23,Z33 Xia Liao 2020,liao_2020,wheat,Grain,6.0,200.0,8.41,,7.41,,maize straw,450.0,,10.02,3.0,since_application,1.0,35.0,114.4,8.519,7.307,-0.15346617025162262,0.0005972141332334916,,,
ZH23,Z33 Xia Liao 2020,liao_2020,wheat,Grain,12.0,200.0,8.41,,7.41,,maize straw,450.0,,10.02,3.0,since_application,1.0,35.0,114.4,8.519,7.391,-0.1420359192579537,0.0012815814808829365,,,
ZH23,Z33 Xia Liao 2020,liao_2020,maize,Grain,3.0,200.0,8.41,,7.41,,maize straw,450.0,,10.02,3.3333333333333335,since_application,1.0,35.0,114.4,1.1229,1.0191,-0.09699473974384515,0.09028460438531948,,,
ZH23,Z33 Xia Liao 2020,liao_2020,maize,Grain,6.0,200.0,8.41,,7.41,,maize straw,450.0,,10.02,3.3333333333333335,since_application,1.0,35.0,114.4,1.1229,1.1896,0.05770249156745238,0.005501595133882971,,,
ZH23,Z33 Xia Liao 2020,liao_2020,maize,Grain,12.0,200.0,8.41,,7.41,,maize straw,450.0,,10.02,3.3333333333333335,since_application,1.0,35.0,114.4,1.1229,1.0382,-0.07842618018536426,0.01206494137886813,,,
ZH23,Z33 Xia Liao 2020,liao_2020,wheat,Grain,3.0,200.0,8.41,,7.41,,maize straw,450.0,,10.02,4.0,since_application,1.0,35.0,114.4,4.916,4.567,-0.0736386575009265,0.0012210630025245746,,,
ZH23,Z33 Xia Liao 2020,liao_2020,wheat,Grain,6.0,200.0,8.41,,7.41,,maize straw,450.0,,10.02,4.0,since_application,1.0,35.0,114.4,4.916,5.455,0.10403742758124576,0.0007897753194253544,,,
ZH23,Z33 Xia Liao 2020,liao_2020,wheat,Grain,12.0,200.0,8.41,,7.41,,maize straw,450.0,,10.02,4.0,since_application,1.0,35.0,114.4,4.916,4.153,-0.16866422705517206,0.0009374875475662892,,,
ZH23,Z36 Ting Lan 2022,lan_2022,rice,Grain,11.67,220.0,8.52,,,,wheat straw,500.0,,10.1,0.29383561643835615,since_application,0.0,30.366666666666667,105.39166666666667,8.48,9.77,0.1416060162508796,0.006666666666666668,,,
ZH23,Z36 Ting Lan 2022,lan_2022,rice,Grain,11.67,220.0,8.52,,,,wheat straw,500.0,,10.1,0.29383561643835615,since_application,0.0,30.366666666666667,105.39166666666667,8.79,8.44,-0.040632403089219886,0.006666666666666668,,,
ZH23,Z36 Ting Lan 2022,lan_2022,rice,Grain,11.67,220.0,8.52,,,,wheat straw,500.0,,10.1,0.29383561643835615,since_application,0.0,30.366666666666667,105.39166666666667,9.55,8.97,-0.06265547842193415,0.006666666666666666,,,
ZH23,Z36 Ting Lan 2022,lan_2022,rice,Grain,11.67,220.0,8.52,,,,wheat straw,500.0,,10.1,0.29383561643835615,since_application,0.0,30.366666666666667,105.39166666666667,10.07,8.65,-0.15200138578668293,0.006666666666666667,,,
ZH23,Z37 Muhammad Aamer 2021,aamer_2021,rice,Grain,20.0,0.0,5.18,,16.57,,rice straw,650.0,,10.4,0.3333333333333333,since_application,1.0,28.766666666666666,115.6,4.34,4.94,0.1294909830875177,0.006666666666666668,,,
ZH23,Z37 Muhammad Aamer 2021,aamer_2021,rice,Grain,40.0,0.0,5.18,,16.57,,rice straw,650.0,,10.4,0.3333333333333333,since_application,1.0,28.766666666666666,115.6,4.34,5.1,0.1613661916179665,0.006666666666666666,,,
ZH23,Z37 Muhammad Aamer 2021,aamer_2021,rice,Grain,20.0,180.0,5.18,,16.57,,rice straw,650.0,,10.4,0.3333333333333333,since_application,1.0,28.766666666666666,115.6,6.15,6.61,0.07213157204516835,0.006666666666666668,,,
ZH23,Z37 Muhammad Aamer 2021,aamer_2021,rice,Grain,40.0,180.0,5.18,,16.57,,rice straw,650.0,,10.4,0.3333333333333333,since_application,1.0,28.766666666666666,115.6,6.15,7.42,0.1877269753608624,0.006666666666666667,,,
ZH23,Z39 Yulong Shi 2022,shi_2022,maize,Grain,2.5,91.875,8.3,,7.95,,cotton straw,800.0,,8.6,0.3333333333333333,since_application,1.0,37.483333333333334,118.05,9.47,9.96,0.050448164398520075,0.0017714864304072364,,,
ZH23,Z39 Yulong Shi 2022,shi_2022,maize,Grain,5.0,83.75,8.3,,7.95,,cotton straw,800.0,,8.6,0.3333333333333333,since_application,1.0,37.483333333333334,118.05,9.47,10.16,0.07032953495234896,0.0013843435045163028,,,
ZH23,Z39 Yulong Shi 2022,shi_2022,maize,Grain,10.0,67.5,8.3,,7.95,,cotton straw,800.0,,8.6,0.3333333333333333,since_application,1.0,37.483333333333334,118.05,9.47,9.56,0.00945881986532309,0.0019666083789776005,,,
ZH23,Z39 Yulong Shi 2022,shi_2022,wheat,Grain,2.5,91.875,8.3,,7.95,,cotton straw,800.0,,8.6,0.6666666666666666,since_application,1.0,37.483333333333334,118.05,3.64,3.97,0.08678241305044987,0.005238978355786614,,,
ZH23,Z39 Yulong Shi 2022,shi_2022,wheat,Grain,5.0,83.75,8.3,,7.95,,cotton straw,800.0,,8.6,0.6666666666666666,since_application,1.0,37.483333333333334,118.05,3.64,3.43,-0.059423420470800764,0.0002318433146247564,,,
ZH23,Z39 Yulong Shi 2022,shi_2022,wheat,Grain,10.0,67.5,8.3,,7.95,,cotton straw,800.0,,8.6,0.6666666666666666,since_application,1.0,37.483333333333334,118.05,3.64,4.29,0.16430305129127634,0.009550223336437123,,,
ZH23,Z39 Yulong Shi 2022,shi_2022,maize,Grain,2.5,91.875,8.3,,7.95,,cotton straw,800.0,,8.6,0.3333333333333333,since_application,1.0,37.483333333333334,118.05,9.17,9.1,-0.007662872745569137,0.00034466033544572865,,,
ZH23,Z39 Yulong Shi 2022,shi_2022,maize,Grain,5.0,83.75,8.3,,7.95,,cotton straw,800.0,,8.6,0.3333333333333333,since_application,1.0,37.483333333333334,118.05,9.17,9.46,0.031135096795413462,0.0028565094075868602,,,
ZH23,Z39 Yulong Shi 2022,shi_2022,maize,Grain,10.0,67.5,8.3,,7.95,,cotton straw,800.0,,8.6,0.3333333333333333,since_application,1.0,37.483333333333334,118.05,9.17,10.44,0.12970729618611918,0.0006029695137531937,,,
ZH23,Z39 Yulong Shi 2022,shi_2022,wheat,Grain,2.5,91.875,8.3,,7.95,,cotton straw,800.0,,8.6,0.6666666666666666,since_application,1.0,37.483333333333334,118.05,5.68,5.82,0.02434902901028655,0.005964372427386394,,,
ZH23,Z39 Yulong Shi 2022,shi_2022,wheat,Grain,5.0,83.75,8.3,,7.95,,cotton straw,800.0,,8.6,0.6666666666666666,since_application,1.0,37.483333333333334,118.05,5.68,5.19,-0.09021753555526264,0.005402145669997417,,,
ZH23,Z39 Yulong Shi 2022,shi_2022,wheat,Grain,10.0,67.5,8.3,,7.95,,cotton straw,800.0,,8.6,0.6666666666666666,since_application,1.0,37.483333333333334,118.05,5.68,5.41,-0.0487021398746697,0.004044488919097666,,,
ZH23,Z39 Yulong Shi 2022,shi_2022,maize,Grain,2.5,91.875,8.3,,7.95,,cotton straw,800.0,,8.6,0.3333333333333333,since_application,1.0,37.483333333333334,118.05,5.0,8.13,0.4861230111256189,0.016101825501649843,,,
ZH23,Z39 Yulong Shi 2022,shi_2022,maize,Grain,5.0,83.75,8.3,,7.95,,cotton straw,800.0,,8.6,0.3333333333333333,since_application,1.0,37.483333333333334,118.05,5.0,7.75,0.4382549309311553,0.0031781130766562614,,,
ZH23,Z39 Yulong Shi 2022,shi_2022,maize,Grain,10.0,67.5,8.3,,7.95,,cotton straw,800.0,,8.6,0.3333333333333333,since_application,1.0,37.483333333333334,118.05,5.0,8.04,0.47499117075677455,0.01152613796688201,,,
ZH23,Z39 Yulong Shi 2022,shi_2022,wheat,Grain,2.5,91.875,8.3,,7.95,,cotton straw,800.0,,8.6,0.6666666666666666,since_application,1.0,37.483333333333334,118.05,6.25,7.04,0.11902670642164097,0.003848581928374656,,,
ZH23,Z39 Yulong Shi 2022,shi_2022,wheat,Grain,5.0,83.75,8.3,,7.95,,cotton straw,800.0,,8.6,0.6666666666666666,since_application,1.0,37.483333333333334,118.05,6.25,7.38,0.16619217486407106,0.0034389704047414456,,,
ZH23,Z39 Yulong Shi 2022,shi_2022,wheat,Grain,10.0,67.5,8.3,,7.95,,cotton straw,800.0,,8.6,0.6666666666666666,since_application,1.0,37.483333333333334,118.05,6.25,7.29,0.15392208227225673,0.003375243680885241,,,
ZH23,Z43 Alba Llovet 2021,llovet_2021,barley,Grain,12.0,50.0,8.2,,14.4,,pinus pinaster and p. radiata wood chips,,,11.14,0.25,since_application,1.0,41.6,2.1666666666666665,0.2946,0.1778,-0.5049591809487256,0.018616586027270024,,,
ZH23,Z43 Alba Llovet 2021,llovet_2021,barley,Grain,50.0,50.0,8.2,,14.4,,pinus pinaster and p. radiata wood chips,,,11.14,0.25,since_application,1.0,41.6,2.1666666666666665,0.2946,0.1803,-0.4909963738192583,0.03588298165930565,,,
ZH23,Z44 Qi Wang 2022,wang_2022,alfalfa,Grain,3.0,0.0,,,11.7,,rice straw,500.0,,7.91,0.5,since_application,1.0,35.666666666666664,104.61666666666666,5.023,5.578,0.10480292443738976,0.006666666666666666,,,
ZH23,Z44 Qi Wang 2022,wang_2022,alfalfa,Grain,6.0,0.0,,,11.7,,rice straw,500.0,,7.91,0.5,since_application,1.0,35.666666666666664,104.61666666666666,5.023,5.346,0.06232125294881963,0.006666666666666667,,,
ZH23,Z44 Qi Wang 2022,wang_2022,alfalfa,Grain,3.0,0.0,,,11.7,,cow dung,500.0,,8.05,0.5,since_application,1.0,35.666666666666664,104.61666666666666,5.023,5.221,0.03866158966050773,0.006666666666666666,,,
ZH23,Z44 Qi Wang 2022,wang_2022,alfalfa,Grain,6.0,0.0,,,11.7,,cow dung,500.0,,8.05,0.5,since_application,1.0,35.666666666666664,104.61666666666666,5.023,5.189,0.03251363561769509,0.006666666666666666,,,
ZH23,Z44 Qi Wang 2022,wang_2022,alfalfa,Grain,3.0,0.0,,,11.7,,rice straw,500.0,,7.91,1.5,since_application,1.0,35.666666666666664,104.61666666666666,14.393,16.01,0.1064715497280897,0.006666666666666668,,,
ZH23,Z44 Qi Wang 2022,wang_2022,alfalfa,Grain,6.0,0.0,,,11.7,,rice straw,500.0,,7.91,1.5,since_application,1.0,35.666666666666664,104.61666666666666,14.393,15.652,0.08385672706763224,0.006666666666666668,,,
ZH23,Z44 Qi Wang 2022,wang_2022,alfalfa,Grain,3.0,0.0,,,11.7,,cow dung,500.0,,8.05,1.5,since_application,1.0,35.666666666666664,104.61666666666666,14.393,15.44,0.07021956731609641,0.006666666666666668,,,
ZH23,Z44 Qi Wang 2022,wang_2022,alfalfa,Grain,6.0,0.0,,,11.7,,cow dung,500.0,,8.05,1.5,since_application,1.0,35.666666666666664,104.61666666666666,14.393,15.364,0.06528513320312478,0.006666666666666668,,,
ZH23,Z44 Qi Wang 2022,wang_2022,alfalfa,Grain,3.0,0.0,,,11.7,,rice straw,500.0,,7.91,2.5,since_application,1.0,35.666666666666664,104.61666666666666,15.757,16.491,0.045530066566724564,0.006666666666666668,,,
ZH23,Z44 Qi Wang 2022,wang_2022,alfalfa,Grain,6.0,0.0,,,11.7,,rice straw,500.0,,7.91,2.5,since_application,1.0,35.666666666666664,104.61666666666666,15.757,16.157,0.02506868131478489,0.006666666666666668,,,
ZH23,Z44 Qi Wang 2022,wang_2022,alfalfa,Grain,3.0,0.0,,,11.7,,cow dung,500.0,,8.05,2.5,since_application,1.0,35.666666666666664,104.61666666666666,15.757,16.05,0.01842413859611651,0.006666666666666668,,,
ZH23,Z44 Qi Wang 2022,wang_2022,alfalfa,Grain,6.0,0.0,,,11.7,,cow dung,500.0,,8.05,2.5,since_application,1.0,35.666666666666664,104.61666666666666,15.757,15.969,0.013364631878821576,0.006666666666666668,,,
ZH23,Z45 Eric Oppong Danso 2019,danso_2019,maize,Grain,5.0,100.0,,,13.3,,rice straw,,,10.3,0.25,since_application,1.0,6.133333333333334,-0.9,4.05,4.11,0.014706147389695487,0.005,,,
ZH23,Z45 Eric Oppong Danso 2019,danso_2019,maize,Grain,10.0,100.0,,,13.3,,rice straw,,,10.3,0.25,since_application,1.0,6.133333333333334,-0.9,4.05,4.64,0.13599748511971615,0.005,,,
ZH23,Z45 Eric Oppong Danso 2019,danso_2019,maize,Grain,5.0,100.0,,,13.3,,rice straw,,,10.3,0.8333333333333334,since_application,1.0,6.133333333333334,-0.9,4.43,5.28,0.17552651366112587,0.005000000000000001,,,
ZH23,Z45 Eric Oppong Danso 2019,danso_2019,maize,Grain,10.0,100.0,,,13.3,,rice straw,,,10.3,0.8333333333333334,since_application,1.0,6.133333333333334,-0.9,4.43,6.28,0.3489703964230632,0.005000000000000001,,,
ZH23,Z45 Eric Oppong Danso 2019,danso_2019,maize,Grain,5.0,100.0,,,13.3,,rice straw,,,10.3,0.25,since_application,1.0,6.133333333333334,-0.9,3.66,3.69,0.008163310639160835,0.005000000000000001,,,
ZH23,Z45 Eric Oppong Danso 2019,danso_2019,maize,Grain,10.0,100.0,,,13.3,,rice straw,,,10.3,0.25,since_application,1.0,6.133333333333334,-0.9,3.66,4.4,0.1841413935109406,0.005000000000000001,,,
ZH23,Z45 Eric Oppong Danso 2019,danso_2019,maize,Grain,5.0,100.0,,,13.3,,rice straw,,,10.3,0.8333333333333334,since_application,1.0,6.133333333333334,-0.9,3.63,3.97,0.0895334464223397,0.005,,,
ZH23,Z45 Eric Oppong Danso 2019,danso_2019,maize,Grain,10.0,100.0,,,13.3,,rice straw,,,10.3,0.8333333333333334,since_application,1.0,6.133333333333334,-0.9,3.63,4.71,0.2604552597515671,0.005000000000000001,,,
ZH23,Z47 QiongNan 2020,qiongnan_2020,rice,Grain,2.8,270.0,5.39,,,,rice straw,500.0,,10.58,1.0,since_application,1.0,30.366666666666667,119.85,10.303,11.1061,0.07505939195785269,0.0002034246324622288,,,
ZH23,Z47 QiongNan 2020,qiongnan_2020,rice,Grain,22.5,270.0,5.39,,,,rice straw,500.0,,10.58,1.0,since_application,1.0,30.366666666666667,119.85,10.303,11.9697,0.14994334163623546,0.00014621415989462755,,,
ZH23,Z47 QiongNan 2020,qiongnan_2020,rice,Grain,22.5,270.0,5.39,,,,rice straw,500.0,,10.58,2.0,since_application,1.0,30.366666666666667,119.85,10.7727,11.8182,0.09262555998952576,0.000383904679590708,,,
ZH23,Z47 QiongNan 2020,qiongnan_2020,rice,Grain,22.5,270.0,5.39,,,,rice straw,500.0,,10.58,3.0,since_application,1.0,30.366666666666667,119.85,10.3939,11.3485,0.08786648099857362,0.00169676733952886,,,
ZH23,Z48 刘安凯 2021,_2021,rice,Grain,4.0,150.0,5.86,,17.18,,rice straw,450.0,,8.65,0.5,since_application,1.0,27.75,108.18333333333334,7.02,7.73,0.09634564456161099,0.006666666666666668,,,
ZH23,Z48 刘安凯 2021,_2021,rice,Grain,8.0,150.0,5.86,,17.18,,rice straw,450.0,,8.65,0.5,since_application,1.0,27.75,108.18333333333334,7.02,8.2,0.15537093623248768,0.006666666666666666,,,
ZH23,Z48 刘安凯 2021,_2021,rice,Grain,12.0,150.0,5.86,,17.18,,rice straw,450.0,,8.65,0.5,since_application,1.0,27.75,108.18333333333334,7.02,7.37,0.0486544881635256,0.006666666666666668,,,
ZH23,Z50 邓华 2021,_2021,maize,Grain,10.0,300.0,8.33,,4.39,,,,,,0.75,since_application,1.0,30.283333333333335,108.16666666666667,6.13333,6.4,0.042560157897204506,0.019914547993471893,,,
ZH23,Z51 张海晶 2021,_2021,maize,Grain,30.0,225.0,6.92,,7.36,,maize straw,450.0,,8.78,2.4166666666666665,since_application,1.0,43.983333333333334,125.68333333333334,12.3684,14.386,0.15111067859655425,0.0004898316173284749,,,
ZH23,Z51 张海晶 2021,_2021,maize,Grain,30.0,225.0,6.92,,7.36,,maize straw,450.0,,8.78,2.4166666666666665,since_application,1.0,43.983333333333334,125.68333333333334,14.386,14.4737,0.006077697963462132,7.387841693286664e-05,,,
ZH23,Z52 高鸣慧 2020,_2020,maize,Grain,1.5,225.0,6.05,,5.81,,,,,10.06,0.4166666666666667,since_application,1.0,40.8,123.55,9.75758,11.8788,0.19671087987118263,0.0001938024433678575,,,
ZH23,Z52 高鸣慧 2020,_2020,maize,Grain,1.5,0.0,6.05,,5.81,,,,,10.06,0.4166666666666667,since_application,1.0,40.8,123.55,1.09091,0.484848,-0.8109320495498149,0.006237443828589585,,,
ZH23,Z53 侯建勋 2021,_2021,maize,Grain,3.2,200.0,6.2,,16.5,,maize straw,450.0,,8.91,1.0,since_application,1.0,43.5,124.8,10.87,11.87,0.08800750748845854,0.0026712002577808066,,,
ZH23,Z53 侯建勋 2021,_2021,maize,Grain,3.2,200.0,6.2,,16.5,,maize straw,450.0,,8.91,1.0,since_application,1.0,43.5,124.8,10.54,10.78,0.02251502236763477,0.0007270012643629456,,,
ZH23,Z53 侯建勋 2021,_2021,maize,Grain,3.2,200.0,6.2,,16.5,,maize straw,450.0,,8.91,1.0,since_application,1.0,43.5,124.8,11.66,12.71,0.08622490427901643,0.0018255571671707206,,,
ZH23,Z53 侯建勋 2021,_2021,maize,Grain,3.2,200.0,6.2,,16.5,,maize straw,450.0,,8.91,1.0,since_application,1.0,43.5,124.8,8.41,9.23,0.0930375745299041,0.00034502292639865696,,,
ZH23,Z53 侯建勋 2021,_2021,maize,Grain,3.2,200.0,6.2,,16.5,,maize straw,450.0,,8.91,1.0,since_application,1.0,43.5,124.8,10.79,11.61,0.07324701643975684,0.0004600907137751957,,,
ZH23,Z59 王秀娟 2018,_2018,maize,Grain,3.0,180.0,6.0,,8.58,,maize straw,,,,1.0,since_application,1.0,42.43333333333333,123.48333333333333,10.2222,10.2963,0.0072227816010588764,0.009553375515124394,,,
ZH23,Z59 王秀娟 2018,_2018,maize,Grain,3.0,180.0,6.0,,8.58,,maize straw,,,,1.0,since_application,1.0,42.43333333333333,123.48333333333333,13.1852,13.3333,0.011169677000125855,0.001685669269991673,,,
ZH23,Z59 王秀娟 2018,_2018,maize,Grain,3.0,180.0,6.0,,8.58,,maize straw,,,,1.0,since_application,1.0,42.43333333333333,123.48333333333333,11.8519,12.0741,0.018574470318145863,0.001033805517317839,,,
ZH23,Z59 王秀娟 2018,_2018,maize,Grain,3.0,180.0,6.0,,8.58,,maize straw,,,,1.0,since_application,1.0,42.43333333333333,123.48333333333333,12.8148,13.4074,0.04520604035173879,0.001364015307794455,,,
ZH23,Z62 王福平 2015,_2015,maize,Grain,22.5,180.0,4.96,,12.8,,maize straw,350.0,,10.21,0.4166666666666667,since_application,1.0,41.516666666666666,123.4,11.8367,12.449,0.05043542400858862,0.003018917468757005,,,
ZH23,Z62 王福平 2015,_2015,maize,Grain,67.5,180.0,4.96,,12.8,,maize straw,350.0,,10.21,0.4166666666666667,since_application,1.0,41.516666666666666,123.4,11.8367,14.4898,0.20224007922377552,0.0016518451842578883,,,
ZH23,Z62 王福平 2015,_2015,maize,Grain,112.5,180.0,4.96,,12.8,,maize straw,350.0,,10.21,0.4166666666666667,since_application,1.0,41.516666666666666,123.4,11.8367,14.4898,0.20224007922377552,0.0018502541199092557,,,
ZH23,Z63 郭琴波 2021,_2021,rice,Grain,2.5,,5.86,,17.18,,rice straw,450.0,,8.65,0.3333333333333333,since_application,1.0,27.75,108.18333333333334,5.25,6.8125,0.26053108338583014,0.007407181559790167,,,
ZH23,Z63 郭琴波 2021,_2021,rice,Grain,5.0,,5.86,,17.18,,rice straw,450.0,,8.65,0.3333333333333333,since_application,1.0,27.75,108.18333333333334,5.25,6.8125,0.26053108338583014,0.004208797585377238,,,
ZH23,Z63 郭琴波 2021,_2021,rice,Grain,7.5,,5.86,,17.18,,rice straw,450.0,,8.65,0.3333333333333333,since_application,1.0,27.75,108.18333333333334,5.25,7.34375,0.33562153474089995,0.007103709246889743,,,
ZH23,Z63 郭琴波 2021,_2021,rice,Grain,10.0,,5.86,,17.18,,rice straw,450.0,,8.65,0.3333333333333333,since_application,1.0,27.75,108.18333333333334,5.25,6.1875,0.16430305129127634,0.0035675937551839427,,,
ZH23,Z64 李传哲 2020,_2020,wheat,Grain,15.0,270.0,8.57,,3.24,,wheat and rice straw,,,7.12,1.6666666666666665,since_application,1.0,34.083333333333336,119.85,7.41259,8.27972,0.11062924549751092,0.0022258244330852725,,,
ZH23,Z64 李传哲 2020,_2020,wheat,Grain,30.0,270.0,8.57,,3.24,,wheat and rice straw,,,7.12,1.6666666666666665,since_application,1.0,34.083333333333336,119.85,7.41259,8.78332,0.16967456238879566,0.0013614933104455218,,,
ZH23,Z64 李传哲 2020,_2020,wheat,Grain,15.0,330.0,8.57,,3.24,,wheat and rice straw,,,7.12,1.6666666666666665,since_application,1.0,34.083333333333336,119.85,7.60839,8.53147,0.11451009383962836,0.006666666666666666,,,
ZH23,Z64 李传哲 2020,_2020,wheat,Grain,30.0,330.0,8.57,,3.24,,wheat and rice straw,,,7.12,1.6666666666666665,since_application,1.0,34.083333333333336,119.85,7.60839,8.97902,0.16563915919682584,0.006666666666666668,,,
ZH23,Z64 李传哲 2020,_2020,wheat,Grain,15.0,270.0,8.57,,3.24,,wheat and rice straw,,,7.12,0.6666666666666666,since_application,1.0,34.083333333333336,119.85,4.36364,4.58741,0.050009023217126,0.0013463087925296264,,,
ZH23,Z64 李传哲 2020,_2020,wheat,Grain,30.0,270.0,8.57,,3.24,,wheat and rice straw,,,7.12,0.6666666666666666,since_application,1.0,34.083333333333336,119.85,4.36364,5.95804,0.31143499648835016,0.0007024594257326198,,,
ZH23,Z64 李传哲 2020,_2020,wheat,Grain,15.0,330.0,8.57,,3.24,,wheat and rice straw,,,7.12,0.6666666666666666,since_application,1.0,34.083333333333336,119.85,4.61538,5.9021,0.24591401502615964,0.005005987031113281,,,
ZH23,Z64 李传哲 2020,_2020,wheat,Grain,30.0,330.0,8.57,,3.24,,wheat and rice straw,,,7.12,0.6666666666666666,since_application,1.0,34.083333333333336,119.85,4.61538,6.12587,0.28312658240021155,0.004379507981162942,,,
ZH23,Z71 郭军玲 2019,_2019,maize,Grain,35.78,270.0,9.445,,3.15,,,,,9.01,,since_application,1.0,39.9,113.23333333333333,5.64029,6.44604,0.13353050614488823,0.011788105369551749,,,
ZH23,Z71 郭军玲 2019,_2019,maize,Grain,35.78,270.0,9.445,,3.15,,,,,9.01,,since_application,1.0,39.9,113.23333333333333,4.63309,5.1223,0.1003795248290734,0.021673626056816393,,,
ZH23,Z72 高梦雨 2018,_2018,peanut,Grain,0.225,0.0,6.81,,7.6,,maize straw,450.0,,,,since_application,1.0,40.8,123.55,2.52632,2.96053,0.15860460795503087,0.0023854499305208513,,,
ZH23,Z72 高梦雨 2018,_2018,peanut,Grain,0.75,0.0,6.81,,7.6,,maize straw,450.0,,,,since_application,1.0,40.8,123.55,2.52632,3.22368,0.24375986572836564,0.001842679709878575,,,
ZH23,Z74 刘慧 2020,_2020,soybean,Grain,75.0,277.0,6.3,,,,,,,9.24,0.25,since_application,1.0,45.71666666666667,126.6,2.26667,2.925,0.2549826865827144,0.0006024020589498423,,,
ZH23,Z74 刘慧 2020,_2020,soybean,Grain,75.0,277.0,6.3,,,,,,,9.24,1.25,since_application,1.0,45.71666666666667,126.6,2.16667,2.675,0.21075795365413313,0.0007573223875882132,,,
ZH23,Z74 刘慧 2020,_2020,soybean,Grain,75.0,277.0,6.3,,,,,,,9.24,2.25,since_application,1.0,45.71666666666667,126.6,2.13333,2.525,0.16855692353102733,0.0007930760001479401,,,
ZH23,Z80 孔培君 2021,_2021,maize,Grain,1.0,150.0,4.73,,2.52,,maize straw,450.0,,,0.5,since_application,1.0,28.216666666666665,116.91666666666667,1.938,3.784,0.6691251377210573,0.07471235750463057,,,
ZH23,Z83 Yanzheng Wu 2021,wu_2021,tea trees,Grain,10.0,450.0,4.13,,9.18,,wheat straw,,,9.3,,since_application,1.0,28.583333333333332,113.33333333333333,2.47,3.24,0.27135517916435214,0.011793370747871906,,,
ZH23,Z83 Yanzheng Wu 2021,wu_2021,tea trees,Grain,40.0,450.0,4.13,,9.18,,wheat straw,,,9.3,,since_application,1.0,28.583333333333332,113.33333333333333,2.47,2.8,0.12540126654127226,0.010799702742642074,,,
ZH23,Z83 Yanzheng Wu 2021,wu_2021,tea trees,Grain,10.0,450.0,4.13,,9.18,,wheat straw,,,9.3,,since_application,1.0,28.583333333333332,113.33333333333333,3.47,4.31,0.21678331015688843,0.014226874247897836,,,
ZH23,Z83 Yanzheng Wu 2021,wu_2021,tea trees,Grain,40.0,450.0,4.13,,9.18,,wheat straw,,,9.3,,since_application,1.0,28.583333333333332,113.33333333333333,3.47,4.05,0.1545622871596798,0.01275190155952513,,,
ZH23,Z83 Yanzheng Wu 2021,wu_2021,tea trees,Grain,10.0,450.0,4.13,,9.18,,wheat straw,,,9.3,,since_application,1.0,28.583333333333332,113.33333333333333,3.34,4.21,0.2314918407056811,0.011682645203710894,,,
ZH23,Z83 Yanzheng Wu 2021,wu_2021,tea trees,Grain,40.0,450.0,4.13,,9.18,,wheat straw,,,9.3,,since_application,1.0,28.583333333333332,113.33333333333333,3.34,4.01,0.18282043432986883,0.008622713726136868,,,
ZH23,Z87 Liang Xiao 2020,xiao_2020,wheat,Grain,3.0,0.0,8.2,,3.65,,bio-waste of reed straw,,,9.1,0.6666666666666666,since_application,1.0,37.92166666666667,118.81466666666667,1.56923,3.10769,0.6832946317385992,0.012848498805422923,,,
ZH23,Z87 Liang Xiao 2020,xiao_2020,wheat,Grain,6.0,0.0,8.2,,3.65,,bio-waste of reed straw,,,9.1,0.6666666666666666,since_application,1.0,37.92166666666667,118.81466666666667,1.56923,3.446155,0.7866740635883399,0.015473091874266163,,,
ZH23,Z87 Liang Xiao 2020,xiao_2020,wheat,Grain,12.0,0.0,8.2,,3.65,,bio-waste of reed straw,,,9.1,0.6666666666666666,since_application,1.0,37.92166666666667,118.81466666666667,1.56923,3.415385,0.7777051713968134,0.014141474998259747,,,
ZH23,Z87 Liang Xiao 2020,xiao_2020,wheat,Grain,3.0,140.625,8.2,,3.65,,bio-waste of reed straw,,,9.1,0.6666666666666666,since_application,1.0,37.92166666666667,118.81466666666667,2.73846,3.6,0.27353812686352696,0.00047616609784008774,,,
ZH23,Z87 Liang Xiao 2020,xiao_2020,wheat,Grain,6.0,140.625,8.2,,3.65,,bio-waste of reed straw,,,9.1,0.6666666666666666,since_application,1.0,37.92166666666667,118.81466666666667,2.73846,4.246155,0.438618148962069,0.000536280076851175,,,
ZH23,Z87 Liang Xiao 2020,xiao_2020,wheat,Grain,12.0,140.625,8.2,,3.65,,bio-waste of reed straw,,,9.1,0.6666666666666666,since_application,1.0,37.92166666666667,118.81466666666667,2.73846,4.523075,0.5017963536743488,0.0019213548678937338,,,
ZH23,Z87 Liang Xiao 2020,xiao_2020,maize,Grain,3.0,0.0,8.2,,3.65,,bio-waste of reed straw,,,9.1,1.0,since_application,1.0,37.92166666666667,118.81466666666667,2.78049,5.4634,0.6754441354121559,0.0041186590280820265,,,
ZH23,Z87 Liang Xiao 2020,xiao_2020,maize,Grain,6.0,0.0,8.2,,3.65,,bio-waste of reed straw,,,9.1,1.0,since_application,1.0,37.92166666666667,118.81466666666667,2.78049,6.439,0.8397460773924862,0.00417182212742874,,,
ZH23,Z87 Liang Xiao 2020,xiao_2020,maize,Grain,12.0,0.0,8.2,,3.65,,bio-waste of reed straw,,,9.1,1.0,since_application,1.0,37.92166666666667,118.81466666666667,2.78049,6.39025,0.8321462200912468,0.004004076121440017,,,
ZH23,Z87 Liang Xiao 2020,xiao_2020,maize,Grain,3.0,140.625,8.2,,3.65,,bio-waste of reed straw,,,9.1,1.0,since_application,1.0,37.92166666666667,118.81466666666667,5.561,6.0,0.07598152102262802,0.00043233712229719725,,,
ZH23,Z87 Liang Xiao 2020,xiao_2020,maize,Grain,6.0,140.625,8.2,,3.65,,bio-waste of reed straw,,,9.1,1.0,since_application,1.0,37.92166666666667,118.81466666666667,5.561,6.4878,0.1541455419919824,0.00071187953836134,,,
ZH23,Z87 Liang Xiao 2020,xiao_2020,maize,Grain,12.0,140.625,8.2,,3.65,,bio-waste of reed straw,,,9.1,1.0,since_application,1.0,37.92166666666667,118.81466666666667,5.561,7.2683,0.2677444783065724,0.000785636956392275,,,
ZH23,Z93 Jianlin Shen 2014,shen_2014,rice,Grain,86.21,150.0,5.31,,18.4,,wheat straw,,,9.8,,since_application,1.0,28.55,113.31666666666666,6.7,7.07,0.05375295351156097,0.0027778376386814433,,,
ZH23,Z93 Jianlin Shen 2014,shen_2014,rice,Grain,86.21,150.0,5.31,,18.4,,wheat straw,,,9.8,,since_application,1.0,28.55,113.31666666666666,6.7,6.55,-0.02264247674975989,0.003893316740513137,,,
ZH23,Z93 Jianlin Shen 2014,shen_2014,rice,Grain,86.21,120.0,5.08,,18.9,,wheat straw,,,9.8,,since_application,1.0,28.55,113.31666666666666,5.12,5.64,0.09672962645855111,0.007011951787881546,,,
ZH23,Z93 Jianlin Shen 2014,shen_2014,rice,Grain,86.21,120.0,5.08,,18.9,,wheat straw,,,9.8,,since_application,1.0,28.55,113.31666666666666,5.12,4.99,-0.02571852928798912,0.01053653364032289,,,
ZH23,Z103 Linjie Ma 2019,ma_2019,cotton,Grain,3.5,150.0,8.19,,9.5,,wheat straw,500.0,,9.3,0.4166666666666667,since_application,1.0,33.4,120.56666666666666,2.345,2.465,0.0499064055964107,0.005000000000000001,,,
ZH23,Z103 Linjie Ma 2019,ma_2019,cotton,Grain,3.5,150.0,8.19,,9.5,,wheat straw,500.0,,9.3,0.4166666666666667,since_application,1.0,33.4,120.56666666666666,3.931,4.367,0.10518242806370053,0.005,,,
ZH23,Z103 Linjie Ma 2019,ma_2019,cotton,Grain,3.5,150.0,8.19,,9.5,,wheat straw,500.0,,9.3,0.4166666666666667,since_application,1.0,33.4,120.56666666666666,4.025,4.59,0.131355113201927,0.005000000000000001,,,
ZH23,Z103 Linjie Ma 2019,ma_2019,cotton,Grain,3.5,150.0,8.19,,9.5,,wheat straw,500.0,,9.3,0.4166666666666667,since_application,1.0,33.4,120.56666666666666,3.457,4.294,0.2168175385171018,0.005000000000000001,,,
ZH23,Z111 吕梦凡 2022,_2022,wheat,Grain,10.0,225.0,7.59,,7.67,,,,,9.27,0.6666666666666666,since_application,1.0,34.333333333333336,108.06666666666666,5.85714,6.0,0.024098039384057593,0.002668457070960497,,,
ZH23,Z111 吕梦凡 2022,_2022,wheat,Grain,20.0,225.0,7.59,,7.67,,,,,9.27,0.6666666666666666,since_application,1.0,34.333333333333336,108.06666666666666,5.85714,6.07143,0.03593273232515043,0.0016545950181064628,,,
ZH23,Z111 吕梦凡 2022,_2022,wheat,Grain,10.0,225.0,7.59,,7.67,,,,,9.27,0.6666666666666666,since_application,1.0,34.333333333333336,108.06666666666666,8.21429,8.92857,0.08338092720004395,0.000891442400326908,,,
ZH23,Z111 吕梦凡 2022,_2022,wheat,Grain,20.0,225.0,7.59,,7.67,,,,,9.27,0.6666666666666666,since_application,1.0,34.333333333333336,108.06666666666666,8.21429,8.71429,0.059088886434169915,0.00077007794003091,,,
ZH23,Z111 吕梦凡 2022,_2022,wheat,Grain,10.0,225.0,7.59,,7.67,,,,,9.27,0.6666666666666666,since_application,1.0,34.333333333333336,108.06666666666666,8.07143,8.85714,0.09289324732086426,0.00023991415967474815,,,
ZH23,Z111 吕梦凡 2022,_2022,wheat,Grain,20.0,225.0,7.59,,7.67,,,,,9.27,0.6666666666666666,since_application,1.0,34.333333333333336,108.06666666666666,8.07143,8.57143,0.060103913745223475,0.0002490972605389533,,,
ZH23,Z114 Linlin Dong 2022,dong_2022,wheat,Grain,15.0,240.0,8.58,,3.03,,wheat straw,550.0,,9.15,1.0,since_application,1.0,32.416666666666664,121.31666666666666,6.53,7.34,0.11693189933808439,0.0022406901765057424,,,
ZH23,Z114 Linlin Dong 2022,dong_2022,wheat,Grain,30.0,240.0,8.58,,3.03,,wheat straw,550.0,,9.15,1.0,since_application,1.0,32.416666666666664,121.31666666666666,6.53,8.0,0.20303459839149615,0.0012554428389664229,,,
ZH23,Z114 Linlin Dong 2022,dong_2022,wheat,Grain,15.0,300.0,8.58,,3.03,,wheat straw,550.0,,9.15,1.0,since_application,1.0,32.416666666666664,121.31666666666666,7.03,7.88,0.11414119804721422,0.0026428493395021916,,,
ZH23,Z114 Linlin Dong 2022,dong_2022,wheat,Grain,30.0,300.0,8.58,,3.03,,wheat straw,550.0,,9.15,1.0,since_application,1.0,32.416666666666664,121.31666666666666,7.03,8.31,0.16727290304478337,0.0032004414460017313,,,
ZH23,Z116 Qiong Nan 2020,nan_2020,rice,Grain,2.8,280.0,5.1,,21.3,,rice straw,500.0,,9.8,,since_application,1.0,30.366666666666667,119.85,8.48,9.27,0.0890729297739519,0.001005427611987666,,,
ZH23,Z121 Lan Wei 2021,wei_2021,maize,Grain,5.0,240.0,4.73,,,,palm filament material,550.0,,10.12,0.3333333333333333,since_application,1.0,25.191666666666666,113.76666666666667,2.22222,2.75556,0.2151139925193705,0.037254876957200554,,,
ZH23,Z121 Lan Wei 2021,wei_2021,maize,Grain,10.0,240.0,4.73,,,,palm filament material,550.0,,10.12,0.3333333333333333,since_application,1.0,25.191666666666666,113.76666666666667,2.22222,6.13333,1.0152311362511501,0.03861413716289426,,,
ZH23,Z121 Lan Wei 2021,wei_2021,maize,Grain,20.0,240.0,4.73,,,,palm filament material,550.0,,10.12,0.3333333333333333,since_application,1.0,25.191666666666666,113.76666666666667,2.22222,7.82222,1.2584617055195562,0.03482201777652372,,,
ZH23,Z121 Lan Wei 2021,wei_2021,maize,Grain,30.0,240.0,4.73,,,,palm filament material,550.0,,10.12,0.3333333333333333,since_application,1.0,25.191666666666666,113.76666666666667,2.22222,7.91111,1.269761404414991,0.034512044566330176,,,
ZH23,Z125 于玲玲 2022,_2022,maize,Grain,2.0,,8.5,,4.12,,maize straw,450.0,,9.2,0.32397260273972606,since_application,1.0,39.46666666666667,119.61666666666666,10.8396,11.8346,0.08782134937650714,0.0009777079354146207,,,
ZH23,Z125 于玲玲 2022,_2022,maize,Grain,7.0,,8.5,,4.12,,maize straw,450.0,,9.2,0.32397260273972606,since_application,1.0,39.46666666666667,119.61666666666666,10.8396,12.3342,0.12916979681588403,0.0010574860447569905,,,
ZH23,Z125 于玲玲 2022,_2022,maize,Grain,12.0,,8.5,,4.12,,maize straw,450.0,,9.2,0.32397260273972606,since_application,1.0,39.46666666666667,119.61666666666666,10.8396,11.9009,0.09340793254809997,0.0008745962437796719,,,
ZH23,Z125 于玲玲 2022,_2022,maize,Grain,2.0,,8.5,,4.12,,maize straw,450.0,,9.2,1.3333333333333333,since_application,1.0,39.46666666666667,119.61666666666666,10.7658,11.9826,0.1070811545561465,0.0009944341844449612,,,
ZH23,Z125 于玲玲 2022,_2022,maize,Grain,7.0,,8.5,,4.12,,maize straw,450.0,,9.2,1.3333333333333333,since_application,1.0,39.46666666666667,119.61666666666666,10.7658,12.6342,0.16003297968586447,0.001054359349056231,,,
ZH23,Z125 于玲玲 2022,_2022,maize,Grain,12.0,,8.5,,4.12,,maize straw,450.0,,9.2,1.3333333333333333,since_application,1.0,39.46666666666667,119.61666666666666,10.7658,12.2003,0.12508609863627326,0.001047219898541207,,,
ZH23,Z133 谢立勇 2018,_2018,maize,Grain,3.0,180.0,6.5,,11.6,,maize straw,,,,0.3047945205479452,since_application,1.0,42.36666666666667,123.93333333333334,9.4358,10.3637,0.09379835002913663,0.0018829375640152914,,,
ZH23,Z133 谢立勇 2018,_2018,maize,Grain,5.0,180.0,6.5,,11.6,,maize straw,,,,0.3047945205479452,since_application,1.0,42.36666666666667,123.93333333333334,9.4358,10.4452,0.1016315768438603,0.00017304039548953994,,,
ZH23,Z133 谢立勇 2018,_2018,maize,Grain,7.0,180.0,6.5,,11.6,,maize straw,,,,0.3047945205479452,since_application,1.0,42.36666666666667,123.93333333333334,9.4358,10.5436,0.11100807487446807,0.00012317456716667242,,,
ZH23,Z147 Cícero Célio deFigueiredo 2019,defigueiredo_2019,maize,Grain,15.0,0.0,4.9,,,,sewage sludge,300.0,,5.8,,since_application,1.0,-15.933333333333334,-47.916666666666664,7.38889,10.7222,0.3723388377661954,0.005209349978529732,,,
ZH23,Z147 Cícero Célio deFigueiredo 2019,defigueiredo_2019,maize,Grain,15.0,180.0,4.9,,,,sewage sludge,300.0,,5.8,,since_application,1.0,-15.933333333333334,-47.916666666666664,10.2222,11.3889,0.10807737105410907,0.005100940960430365,,,
ZH23,Z147 Cícero Célio deFigueiredo 2019,defigueiredo_2019,maize,Grain,15.0,0.0,4.9,,,,sewage sludge,500.0,,6.5,,since_application,1.0,-15.933333333333334,-47.916666666666664,7.38889,11.3333,0.4277677740657382,0.006453853398737372,,,
ZH23,Z147 Cícero Célio deFigueiredo 2019,defigueiredo_2019,maize,Grain,15.0,180.0,4.9,,,,sewage sludge,500.0,,6.5,,since_application,1.0,-15.933333333333334,-47.916666666666664,10.2222,11.0,0.07333344700095604,0.005019755671327721,,,
ZH23,Z149 Getachew Agegnehu 2015,agegnehu_2015,peanut,Grain,10.0,26.6,6.2,,8.9,,waste willow wood,550.0,,8.3,0.4166666666666667,since_application,1.0,-17.0232,145.4027,4.167,5.048,0.19179577279859575,0.006666666666666668,,,
ZH23,Z150 David J. M. HALL 2015,hall_2015,wheat,Grain,5.0,92.0,4.8,,12.0,,wheat straw,450.0,,8.4,,since_application,1.0,-33.611,121.784,4.8,5.1,0.06062462181643484,0.006666666666666666,,,
ZH23,Z150 David J. M. HALL 2015,hall_2015,wheat,Grain,5.0,92.0,4.8,,12.0,,chicken manure biochar,450.0,,7.8,,since_application,1.0,-33.611,121.784,4.8,5.2,0.08004270767353656,0.006666666666666666,,,
