"Code","Clean_Name","Source","Year","Generation"
"AFG","Afghanistan","Bioenergy","2015",0
"AFG","Afghanistan","Coal","2015",0.1
"AFG","Afghanistan","Gas","2015",0
"AFG","Afghanistan","Hydro","2015",1
"AFG","Afghanistan","Nuclear","2015",0
"AFG","Afghanistan","Other Fossil","2015",0.05
"AFG","Afghanistan","Other Renewables","2015",0
"AFG","Afghanistan","Solar","2015",0.03
"AFG","Afghanistan","Wind","2015",0
"AFG","Afghanistan","Bioenergy","2016",0
"AFG","Afghanistan","Coal","2016",0.09
"AFG","Afghanistan","Gas","2016",0
"AFG","Afghanistan","Hydro","2016",1.02
"AFG","Afghanistan","Nuclear","2016",0
"AFG","Afghanistan","Other Fossil","2016",0.06
"AFG","Afghanistan","Other Renewables","2016",0
"AFG","Afghanistan","Solar","2016",0.04
"AFG","Afghanistan","Wind","2016",0
"AFG","Afghanistan","Bioenergy","2017",0
"AFG","Afghanistan","Coal","2017",0.11
"AFG","Afghanistan","Gas","2017",0
"AFG","Afghanistan","Hydro","2017",1.05
"AFG","Afghanistan","Nuclear","2017",0
"AFG","Afghanistan","Other Fossil","2017",0.06
"AFG","Afghanistan","Other Renewables","2017",0
"AFG","Afghanistan","Solar","2017",0.04
"AFG","Afghanistan","Wind","2017",0
"AFG","Afghanistan","Bioenergy","2018",0
"AFG","Afghanistan","Coal","2018",0.12
"AFG","Afghanistan","Gas","2018",0
"AFG","Afghanistan","Hydro","2018",0.93
"AFG","Afghanistan","Nuclear","2018",0
"AFG","Afghanistan","Other Fossil","2018",0.08
"AFG","Afghanistan","Other Renewables","2018",0
"AFG","Afghanistan","Solar","2018",0.04
"AFG","Afghanistan","Wind","2018",0
"AFG","Afghanistan","Bioenergy","2019",0
"AFG","Afghanistan","Coal","2019",0.08
"AFG","Afghanistan","Gas","2019",0
"AFG","Afghanistan","Hydro","2019",1.22
"AFG","Afghanistan","Nuclear","2019",0
"AFG","Afghanistan","Other Fossil","2019",0.1
"AFG","Afghanistan","Other Renewables","2019",0
"AFG","Afghanistan","Solar","2019",0.06
"AFG","Afghanistan","Wind","2019",0
"AFG","Afghanistan","Bioenergy","2020",0
"AFG","Afghanistan","Coal","2020",0.02
"AFG","Afghanistan","Gas","2020",0
"AFG","Afghanistan","Hydro","2020",0.99
"AFG","Afghanistan","Nuclear","2020",0
"AFG","Afghanistan","Other Fossil","2020",0.1
"AFG","Afghanistan","Other Renewables","2020",0
"AFG","Afghanistan","Solar","2020",0.07
"AFG","Afghanistan","Wind","2020",0
"AFG","Afghanistan","Bioenergy","2021",0
"AFG","Afghanistan","Coal","2021",0.03
"AFG","Afghanistan","Gas","2021",0
"AFG","Afghanistan","Hydro","2021",0.85
"AFG","Afghanistan","Nuclear","2021",0
"AFG","Afghanistan","Other Fossil","2021",0.1
"AFG","Afghanistan","Other Renewables","2021",0
"AFG","Afghanistan","Solar","2021",0.08
"AFG","Afghanistan","Wind","2021",0
"AFG","Afghanistan","Bioenergy","2022",0
"AFG","Afghanistan","Coal","2022",0.03
"AFG","Afghanistan","Gas","2022",0
"AFG","Afghanistan","Hydro","2022",0.74
"AFG","Afghanistan","Nuclear","2022",0
"AFG","Afghanistan","Other Fossil","2022",0.1
"AFG","Afghanistan","Other Renewables","2022",0
"AFG","Afghanistan","Solar","2022",0.09
"AFG","Afghanistan","Wind","2022",0
"AFG","Afghanistan","Bioenergy","2023",0
"AFG","Afghanistan","Coal","2023",0.03
"AFG","Afghanistan","Gas","2023",0
"AFG","Afghanistan","Hydro","2023",0.75
"AFG","Afghanistan","Nuclear","2023",0
"AFG","Afghanistan","Other Fossil","2023",0.1
"AFG","Afghanistan","Other Renewables","2023",0
"AFG","Afghanistan","Solar","2023",0.09
"AFG","Afghanistan","Wind","2023",0
"AFG","Afghanistan","Bioenergy","2024",0
"AFG","Afghanistan","Coal","2024",0.03
"AFG","Afghanistan","Gas","2024",0
"AFG","Afghanistan","Hydro","2024",0.75
"AFG","Afghanistan","Nuclear","2024",0
"AFG","Afghanistan","Other Fossil","2024",0.1
"AFG","Afghanistan","Other Renewables","2024",0
"AFG","Afghanistan","Solar","2024",0.11
"AFG","Afghanistan","Wind","2024",0
"DZA","Algeria","Bioenergy","2015",0
"DZA","Algeria","Coal","2015",0
"DZA","Algeria","Gas","2015",67.67
"DZA","Algeria","Hydro","2015",0.14
"DZA","Algeria","Nuclear","2015",0
"DZA","Algeria","Other Fossil","2015",0.95
"DZA","Algeria","Other Renewables","2015",0
"DZA","Algeria","Solar","2015",0.06
"DZA","Algeria","Wind","2015",0.02
"DZA","Algeria","Bioenergy","2016",0
"DZA","Algeria","Coal","2016",0
"DZA","Algeria","Gas","2016",69.69
"DZA","Algeria","Hydro","2016",0.22
"DZA","Algeria","Nuclear","2016",0
"DZA","Algeria","Other Fossil","2016",1.01
"DZA","Algeria","Other Renewables","2016",0
"DZA","Algeria","Solar","2016",0.09
"DZA","Algeria","Wind","2016",0.03
"DZA","Algeria","Bioenergy","2017",0
"DZA","Algeria","Coal","2017",0
"DZA","Algeria","Gas","2017",75.06
"DZA","Algeria","Hydro","2017",0.06
"DZA","Algeria","Nuclear","2017",0
"DZA","Algeria","Other Fossil","2017",0.37
"DZA","Algeria","Other Renewables","2017",0
"DZA","Algeria","Solar","2017",0.57
"DZA","Algeria","Wind","2017",0.01
"DZA","Algeria","Bioenergy","2018",0
"DZA","Algeria","Coal","2018",0
"DZA","Algeria","Gas","2018",75.5
"DZA","Algeria","Hydro","2018",0.12
"DZA","Algeria","Nuclear","2018",0
"DZA","Algeria","Other Fossil","2018",0.43
"DZA","Algeria","Other Renewables","2018",0
"DZA","Algeria","Solar","2018",0.69
"DZA","Algeria","Wind","2018",0.01
"DZA","Algeria","Bioenergy","2019",0
"DZA","Algeria","Coal","2019",0
"DZA","Algeria","Gas","2019",80.36
"DZA","Algeria","Hydro","2019",0.15
"DZA","Algeria","Nuclear","2019",0
"DZA","Algeria","Other Fossil","2019",0.38
"DZA","Algeria","Other Renewables","2019",0
"DZA","Algeria","Solar","2019",0.71
"DZA","Algeria","Wind","2019",0.01
"DZA","Algeria","Bioenergy","2020",0
"DZA","Algeria","Coal","2020",0
"DZA","Algeria","Gas","2020",78.13
"DZA","Algeria","Hydro","2020",0.05
"DZA","Algeria","Nuclear","2020",0
"DZA","Algeria","Other Fossil","2020",0.36
"DZA","Algeria","Other Renewables","2020",0
"DZA","Algeria","Solar","2020",0.82
"DZA","Algeria","Wind","2020",0.01
"DZA","Algeria","Bioenergy","2021",0
"DZA","Algeria","Coal","2021",0
"DZA","Algeria","Gas","2021",84.42
"DZA","Algeria","Hydro","2021",0.01
"DZA","Algeria","Nuclear","2021",0
"DZA","Algeria","Other Fossil","2021",0.37
"DZA","Algeria","Other Renewables","2021",0
"DZA","Algeria","Solar","2021",0.79
"DZA","Algeria","Wind","2021",0.01
"DZA","Algeria","Bioenergy","2022",0
"DZA","Algeria","Coal","2022",0
"DZA","Algeria","Gas","2022",90.22
"DZA","Algeria","Hydro","2022",0.02
"DZA","Algeria","Nuclear","2022",0
"DZA","Algeria","Other Fossil","2022",0.39
"DZA","Algeria","Other Renewables","2022",0
"DZA","Algeria","Solar","2022",0.83
"DZA","Algeria","Wind","2022",0.01
"DZA","Algeria","Bioenergy","2023",0
"DZA","Algeria","Coal","2023",0
"DZA","Algeria","Gas","2023",94.64
"DZA","Algeria","Hydro","2023",0.02
"DZA","Algeria","Nuclear","2023",0
"DZA","Algeria","Other Fossil","2023",0.33
"DZA","Algeria","Other Renewables","2023",0
"DZA","Algeria","Solar","2023",0.87
"DZA","Algeria","Wind","2023",0.02
"DZA","Algeria","Bioenergy","2024",0
"DZA","Algeria","Coal","2024",0
"DZA","Algeria","Gas","2024",95
"DZA","Algeria","Hydro","2024",0.02
"DZA","Algeria","Nuclear","2024",0
"DZA","Algeria","Other Fossil","2024",0.33
"DZA","Algeria","Other Renewables","2024",0
"DZA","Algeria","Solar","2024",0.99
"DZA","Algeria","Wind","2024",0.02
"ASM","American Samoa","Bioenergy","2015",0
"ASM","American Samoa","Coal","2015",0
"ASM","American Samoa","Gas","2015",0
"ASM","American Samoa","Hydro","2015",0
"ASM","American Samoa","Nuclear","2015",0
"ASM","American Samoa","Other Fossil","2015",0.16
"ASM","American Samoa","Other Renewables","2015",0
"ASM","American Samoa","Solar","2015",0
"ASM","American Samoa","Wind","2015",0
"ASM","American Samoa","Bioenergy","2016",0
"ASM","American Samoa","Coal","2016",0
"ASM","American Samoa","Gas","2016",0
"ASM","American Samoa","Hydro","2016",0
"ASM","American Samoa","Nuclear","2016",0
"ASM","American Samoa","Other Fossil","2016",0.17
"ASM","American Samoa","Other Renewables","2016",0
"ASM","American Samoa","Solar","2016",0
"ASM","American Samoa","Wind","2016",0
"ASM","American Samoa","Bioenergy","2017",0
"ASM","American Samoa","Coal","2017",0
"ASM","American Samoa","Gas","2017",0
"ASM","American Samoa","Hydro","2017",0
"ASM","American Samoa","Nuclear","2017",0
"ASM","American Samoa","Other Fossil","2017",0.16
"ASM","American Samoa","Other Renewables","2017",0
"ASM","American Samoa","Solar","2017",0
"ASM","American Samoa","Wind","2017",0
"ASM","American Samoa","Bioenergy","2018",0
"ASM","American Samoa","Coal","2018",0
"ASM","American Samoa","Gas","2018",0
"ASM","American Samoa","Hydro","2018",0
"ASM","American Samoa","Nuclear","2018",0
"ASM","American Samoa","Other Fossil","2018",0.16
"ASM","American Samoa","Other Renewables","2018",0
"ASM","American Samoa","Solar","2018",0
"ASM","American Samoa","Wind","2018",0
"ASM","American Samoa","Bioenergy","2019",0
"ASM","American Samoa","Coal","2019",0
"ASM","American Samoa","Gas","2019",0
"ASM","American Samoa","Hydro","2019",0
"ASM","American Samoa","Nuclear","2019",0
"ASM","American Samoa","Other Fossil","2019",0.16
"ASM","American Samoa","Other Renewables","2019",0
"ASM","American Samoa","Solar","2019",0
"ASM","American Samoa","Wind","2019",0
"ASM","American Samoa","Bioenergy","2020",0
"ASM","American Samoa","Coal","2020",0
"ASM","American Samoa","Gas","2020",0
"ASM","American Samoa","Hydro","2020",0
"ASM","American Samoa","Nuclear","2020",0
"ASM","American Samoa","Other Fossil","2020",0.17
"ASM","American Samoa","Other Renewables","2020",0
"ASM","American Samoa","Solar","2020",0
"ASM","American Samoa","Wind","2020",0
"ASM","American Samoa","Bioenergy","2021",0
"ASM","American Samoa","Coal","2021",0
"ASM","American Samoa","Gas","2021",0
"ASM","American Samoa","Hydro","2021",0
"ASM","American Samoa","Nuclear","2021",0
"ASM","American Samoa","Other Fossil","2021",0.17
"ASM","American Samoa","Other Renewables","2021",0
"ASM","American Samoa","Solar","2021",0
"ASM","American Samoa","Wind","2021",0
"ASM","American Samoa","Bioenergy","2022",0
"ASM","American Samoa","Coal","2022",0
"ASM","American Samoa","Gas","2022",0
"ASM","American Samoa","Hydro","2022",0
"ASM","American Samoa","Nuclear","2022",0
"ASM","American Samoa","Other Fossil","2022",0.17
"ASM","American Samoa","Other Renewables","2022",0
"ASM","American Samoa","Solar","2022",0.01
"ASM","American Samoa","Wind","2022",0
"ASM","American Samoa","Bioenergy","2023",0
"ASM","American Samoa","Coal","2023",0
"ASM","American Samoa","Gas","2023",0
"ASM","American Samoa","Hydro","2023",0
"ASM","American Samoa","Nuclear","2023",0
"ASM","American Samoa","Other Fossil","2023",0.17
"ASM","American Samoa","Other Renewables","2023",0
"ASM","American Samoa","Solar","2023",0
"ASM","American Samoa","Wind","2023",0
"ASM","American Samoa","Bioenergy","2024",0
"ASM","American Samoa","Coal","2024",0
"ASM","American Samoa","Gas","2024",0
"ASM","American Samoa","Hydro","2024",0
"ASM","American Samoa","Nuclear","2024",0
"ASM","American Samoa","Other Fossil","2024",0.17
"ASM","American Samoa","Other Renewables","2024",0
"ASM","American Samoa","Solar","2024",0.01
"ASM","American Samoa","Wind","2024",0
"AGO","Angola","Bioenergy","2015",0.04
"AGO","Angola","Coal","2015",0
"AGO","Angola","Gas","2015",0
"AGO","Angola","Hydro","2015",5.28
"AGO","Angola","Nuclear","2015",0
"AGO","Angola","Other Fossil","2015",4.44
"AGO","Angola","Other Renewables","2015",0
"AGO","Angola","Solar","2015",0.02
"AGO","Angola","Wind","2015",0
"AGO","Angola","Bioenergy","2016",0.05
"AGO","Angola","Coal","2016",0
"AGO","Angola","Gas","2016",0
"AGO","Angola","Hydro","2016",6.36
"AGO","Angola","Nuclear","2016",0
"AGO","Angola","Other Fossil","2016",4.55
"AGO","Angola","Other Renewables","2016",0
"AGO","Angola","Solar","2016",0.02
"AGO","Angola","Wind","2016",0
"AGO","Angola","Bioenergy","2017",0.05
"AGO","Angola","Coal","2017",0
"AGO","Angola","Gas","2017",0.04
"AGO","Angola","Hydro","2017",7.65
"AGO","Angola","Nuclear","2017",0
"AGO","Angola","Other Fossil","2017",3.05
"AGO","Angola","Other Renewables","2017",0
"AGO","Angola","Solar","2017",0.02
"AGO","Angola","Wind","2017",0
"AGO","Angola","Bioenergy","2018",0.05
"AGO","Angola","Coal","2018",0
"AGO","Angola","Gas","2018",0.08
"AGO","Angola","Hydro","2018",10.37
"AGO","Angola","Nuclear","2018",0
"AGO","Angola","Other Fossil","2018",2.62
"AGO","Angola","Other Renewables","2018",0
"AGO","Angola","Solar","2018",0.02
"AGO","Angola","Wind","2018",0
"AGO","Angola","Bioenergy","2019",0.05
"AGO","Angola","Coal","2019",0
"AGO","Angola","Gas","2019",1.64
"AGO","Angola","Hydro","2019",11.51
"AGO","Angola","Nuclear","2019",0
"AGO","Angola","Other Fossil","2019",2.6
"AGO","Angola","Other Renewables","2019",0
"AGO","Angola","Solar","2019",0.02
"AGO","Angola","Wind","2019",0
"AGO","Angola","Bioenergy","2020",0.05
"AGO","Angola","Coal","2020",0
"AGO","Angola","Gas","2020",1.65
"AGO","Angola","Hydro","2020",12.64
"AGO","Angola","Nuclear","2020",0
"AGO","Angola","Other Fossil","2020",2.45
"AGO","Angola","Other Renewables","2020",0
"AGO","Angola","Solar","2020",0.02
"AGO","Angola","Wind","2020",0
"AGO","Angola","Bioenergy","2021",0.05
"AGO","Angola","Coal","2021",0
"AGO","Angola","Gas","2021",1.66
"AGO","Angola","Hydro","2021",12.64
"AGO","Angola","Nuclear","2021",0
"AGO","Angola","Other Fossil","2021",2.48
"AGO","Angola","Other Renewables","2021",0
"AGO","Angola","Solar","2021",0.02
"AGO","Angola","Wind","2021",0
"AGO","Angola","Bioenergy","2022",0.05
"AGO","Angola","Coal","2022",0
"AGO","Angola","Gas","2022",1.67
"AGO","Angola","Hydro","2022",12.64
"AGO","Angola","Nuclear","2022",0
"AGO","Angola","Other Fossil","2022",2.56
"AGO","Angola","Other Renewables","2022",0
"AGO","Angola","Solar","2022",0.39
"AGO","Angola","Wind","2022",0
"AGO","Angola","Bioenergy","2023",0.05
"AGO","Angola","Coal","2023",0
"AGO","Angola","Gas","2023",1.39
"AGO","Angola","Hydro","2023",11.22
"AGO","Angola","Nuclear","2023",0
"AGO","Angola","Other Fossil","2023",2.7
"AGO","Angola","Other Renewables","2023",0
"AGO","Angola","Solar","2023",0.39
"AGO","Angola","Wind","2023",0
"AGO","Angola","Bioenergy","2024",0.05
"AGO","Angola","Coal","2024",0
"AGO","Angola","Gas","2024",1.4
"AGO","Angola","Hydro","2024",11
"AGO","Angola","Nuclear","2024",0
"AGO","Angola","Other Fossil","2024",2.7
"AGO","Angola","Other Renewables","2024",0
"AGO","Angola","Solar","2024",0.44
"AGO","Angola","Wind","2024",0
"ATG","Antigua and Barbuda","Bioenergy","2015",0
"ATG","Antigua and Barbuda","Coal","2015",0
"ATG","Antigua and Barbuda","Gas","2015",0
"ATG","Antigua and Barbuda","Hydro","2015",0
"ATG","Antigua and Barbuda","Nuclear","2015",0
"ATG","Antigua and Barbuda","Other Fossil","2015",0.34
"ATG","Antigua and Barbuda","Other Renewables","2015",0
"ATG","Antigua and Barbuda","Solar","2015",0.01
"ATG","Antigua and Barbuda","Wind","2015",0
"ATG","Antigua and Barbuda","Bioenergy","2016",0
"ATG","Antigua and Barbuda","Coal","2016",0
"ATG","Antigua and Barbuda","Gas","2016",0
"ATG","Antigua and Barbuda","Hydro","2016",0
"ATG","Antigua and Barbuda","Nuclear","2016",0
"ATG","Antigua and Barbuda","Other Fossil","2016",0.34
"ATG","Antigua and Barbuda","Other Renewables","2016",0
"ATG","Antigua and Barbuda","Solar","2016",0
"ATG","Antigua and Barbuda","Wind","2016",0
"ATG","Antigua and Barbuda","Bioenergy","2017",0
"ATG","Antigua and Barbuda","Coal","2017",0
"ATG","Antigua and Barbuda","Gas","2017",0
"ATG","Antigua and Barbuda","Hydro","2017",0
"ATG","Antigua and Barbuda","Nuclear","2017",0
"ATG","Antigua and Barbuda","Other Fossil","2017",0.34
"ATG","Antigua and Barbuda","Other Renewables","2017",0
"ATG","Antigua and Barbuda","Solar","2017",0.01
"ATG","Antigua and Barbuda","Wind","2017",0
"ATG","Antigua and Barbuda","Bioenergy","2018",0
"ATG","Antigua and Barbuda","Coal","2018",0
"ATG","Antigua and Barbuda","Gas","2018",0
"ATG","Antigua and Barbuda","Hydro","2018",0
"ATG","Antigua and Barbuda","Nuclear","2018",0
"ATG","Antigua and Barbuda","Other Fossil","2018",0.35
"ATG","Antigua and Barbuda","Other Renewables","2018",0
"ATG","Antigua and Barbuda","Solar","2018",0.01
"ATG","Antigua and Barbuda","Wind","2018",0
"ATG","Antigua and Barbuda","Bioenergy","2019",0
"ATG","Antigua and Barbuda","Coal","2019",0
"ATG","Antigua and Barbuda","Gas","2019",0
"ATG","Antigua and Barbuda","Hydro","2019",0
"ATG","Antigua and Barbuda","Nuclear","2019",0
"ATG","Antigua and Barbuda","Other Fossil","2019",0.35
"ATG","Antigua and Barbuda","Other Renewables","2019",0
"ATG","Antigua and Barbuda","Solar","2019",0.01
"ATG","Antigua and Barbuda","Wind","2019",0
"ATG","Antigua and Barbuda","Bioenergy","2020",0
"ATG","Antigua and Barbuda","Coal","2020",0
"ATG","Antigua and Barbuda","Gas","2020",0
"ATG","Antigua and Barbuda","Hydro","2020",0
"ATG","Antigua and Barbuda","Nuclear","2020",0
"ATG","Antigua and Barbuda","Other Fossil","2020",0.33
"ATG","Antigua and Barbuda","Other Renewables","2020",0
"ATG","Antigua and Barbuda","Solar","2020",0.02
"ATG","Antigua and Barbuda","Wind","2020",0
"ATG","Antigua and Barbuda","Bioenergy","2021",0
"ATG","Antigua and Barbuda","Coal","2021",0
"ATG","Antigua and Barbuda","Gas","2021",0
"ATG","Antigua and Barbuda","Hydro","2021",0
"ATG","Antigua and Barbuda","Nuclear","2021",0
"ATG","Antigua and Barbuda","Other Fossil","2021",0.33
"ATG","Antigua and Barbuda","Other Renewables","2021",0
"ATG","Antigua and Barbuda","Solar","2021",0.02
"ATG","Antigua and Barbuda","Wind","2021",0
"ATG","Antigua and Barbuda","Bioenergy","2022",0
"ATG","Antigua and Barbuda","Coal","2022",0
"ATG","Antigua and Barbuda","Gas","2022",0
"ATG","Antigua and Barbuda","Hydro","2022",0
"ATG","Antigua and Barbuda","Nuclear","2022",0
"ATG","Antigua and Barbuda","Other Fossil","2022",0.34
"ATG","Antigua and Barbuda","Other Renewables","2022",0
"ATG","Antigua and Barbuda","Solar","2022",0.02
"ATG","Antigua and Barbuda","Wind","2022",0
"ATG","Antigua and Barbuda","Bioenergy","2023",0
"ATG","Antigua and Barbuda","Coal","2023",0
"ATG","Antigua and Barbuda","Gas","2023",0
"ATG","Antigua and Barbuda","Hydro","2023",0
"ATG","Antigua and Barbuda","Nuclear","2023",0
"ATG","Antigua and Barbuda","Other Fossil","2023",0.34
"ATG","Antigua and Barbuda","Other Renewables","2023",0
"ATG","Antigua and Barbuda","Solar","2023",0.02
"ATG","Antigua and Barbuda","Wind","2023",0
"ATG","Antigua and Barbuda","Bioenergy","2024",0
"ATG","Antigua and Barbuda","Coal","2024",0
"ATG","Antigua and Barbuda","Gas","2024",0
"ATG","Antigua and Barbuda","Hydro","2024",0
"ATG","Antigua and Barbuda","Nuclear","2024",0
"ATG","Antigua and Barbuda","Other Fossil","2024",0.34
"ATG","Antigua and Barbuda","Other Renewables","2024",0
"ATG","Antigua and Barbuda","Solar","2024",0.03
"ATG","Antigua and Barbuda","Wind","2024",0
"ARG","Argentina","Bioenergy","2015",1.49
"ARG","Argentina","Coal","2015",2.39
"ARG","Argentina","Gas","2015",79.11
"ARG","Argentina","Hydro","2015",32.34
"ARG","Argentina","Nuclear","2015",7.04
"ARG","Argentina","Other Fossil","2015",22.45
"ARG","Argentina","Solar","2015",0.01
"ARG","Argentina","Wind","2015",0.59
"ARG","Argentina","Bioenergy","2016",1.18
"ARG","Argentina","Coal","2016",1.93
"ARG","Argentina","Gas","2016",84.28
"ARG","Argentina","Hydro","2016",29.75
"ARG","Argentina","Nuclear","2016",8.28
"ARG","Argentina","Other Fossil","2016",21.2
"ARG","Argentina","Solar","2016",0.01
"ARG","Argentina","Wind","2016",0.55
"ARG","Argentina","Bioenergy","2017",1.46
"ARG","Argentina","Coal","2017",2.01
"ARG","Argentina","Gas","2017",91.21
"ARG","Argentina","Hydro","2017",31.59
"ARG","Argentina","Nuclear","2017",6.09
"ARG","Argentina","Other Fossil","2017",12.62
"ARG","Argentina","Solar","2017",0.02
"ARG","Argentina","Wind","2017",0.61
"ARG","Argentina","Bioenergy","2018",1.42
"ARG","Argentina","Coal","2018",2.03
"ARG","Argentina","Gas","2018",95.35
"ARG","Argentina","Hydro","2018",32.28
"ARG","Argentina","Nuclear","2018",6.87
"ARG","Argentina","Other Fossil","2018",7.31
"ARG","Argentina","Solar","2018",0.11
"ARG","Argentina","Wind","2018",1.41
"ARG","Argentina","Bioenergy","2019",1.48
"ARG","Argentina","Coal","2019",1.17
"ARG","Argentina","Gas","2019",91.31
"ARG","Argentina","Hydro","2019",27.5
"ARG","Argentina","Nuclear","2019",8.44
"ARG","Argentina","Other Fossil","2019",3.83
"ARG","Argentina","Solar","2019",0.8
"ARG","Argentina","Wind","2019",5
"ARG","Argentina","Bioenergy","2020",2.2
"ARG","Argentina","Coal","2020",1.64
"ARG","Argentina","Gas","2020",88.72
"ARG","Argentina","Hydro","2020",23.67
"ARG","Argentina","Nuclear","2020",10.01
"ARG","Argentina","Other Fossil","2020",7.65
"ARG","Argentina","Solar","2020",1.34
"ARG","Argentina","Wind","2020",9.41
"ARG","Argentina","Bioenergy","2021",2.25
"ARG","Argentina","Coal","2021",2.38
"ARG","Argentina","Gas","2021",89.93
"ARG","Argentina","Hydro","2021",19.65
"ARG","Argentina","Nuclear","2021",10.17
"ARG","Argentina","Other Fossil","2021",13.63
"ARG","Argentina","Solar","2021",2.2
"ARG","Argentina","Wind","2021",12.94
"ARG","Argentina","Bioenergy","2022",2.4
"ARG","Argentina","Coal","2022",2.34
"ARG","Argentina","Gas","2022",76.6
"ARG","Argentina","Hydro","2022",22.77
"ARG","Argentina","Nuclear","2022",7.47
"ARG","Argentina","Other Fossil","2022",16.93
"ARG","Argentina","Solar","2022",2.94
"ARG","Argentina","Wind","2022",14.16
"ARG","Argentina","Bioenergy","2023",2.4
"ARG","Argentina","Coal","2023",1.83
"ARG","Argentina","Gas","2023",76.32
"ARG","Argentina","Hydro","2023",31.49
"ARG","Argentina","Nuclear","2023",8.96
"ARG","Argentina","Other Fossil","2023",9.8
"ARG","Argentina","Solar","2023",3.28
"ARG","Argentina","Wind","2023",14.48
"ARG","Argentina","Bioenergy","2024",2.63
"ARG","Argentina","Coal","2024",1.31
"ARG","Argentina","Gas","2024",81.95
"ARG","Argentina","Hydro","2024",29.67
"ARG","Argentina","Nuclear","2024",10.45
"ARG","Argentina","Other Fossil","2024",6.36
"ARG","Argentina","Solar","2024",3.97
"ARG","Argentina","Wind","2024",16.17
"ARG","Argentina","Bioenergy","2025",2.95
"ARG","Argentina","Coal","2025",1.34
"ARG","Argentina","Gas","2025",82.15
"ARG","Argentina","Hydro","2025",26.25
"ARG","Argentina","Nuclear","2025",10.76
"ARG","Argentina","Other Fossil","2025",5.92
"ARG","Argentina","Solar","2025",5.14
"ARG","Argentina","Wind","2025",18.62
"ARM","Armenia","Bioenergy","2015",0
"ARM","Armenia","Coal","2015",0
"ARM","Armenia","Gas","2015",2.8
"ARM","Armenia","Hydro","2015",2.18
"ARM","Armenia","Nuclear","2015",2.57
"ARM","Armenia","Other Fossil","2015",0
"ARM","Armenia","Other Renewables","2015",0
"ARM","Armenia","Solar","2015",0
"ARM","Armenia","Wind","2015",0
"ARM","Armenia","Bioenergy","2016",0
"ARM","Armenia","Coal","2016",0
"ARM","Armenia","Gas","2016",2.58
"ARM","Armenia","Hydro","2016",2.33
"ARM","Armenia","Nuclear","2016",2.19
"ARM","Armenia","Other Fossil","2016",0
"ARM","Armenia","Other Renewables","2016",0
"ARM","Armenia","Solar","2016",0
"ARM","Armenia","Wind","2016",0
"ARM","Armenia","Bioenergy","2017",0
"ARM","Armenia","Coal","2017",0
"ARM","Armenia","Gas","2017",2.87
"ARM","Armenia","Hydro","2017",2.25
"ARM","Armenia","Nuclear","2017",2.41
"ARM","Armenia","Other Fossil","2017",0
"ARM","Armenia","Other Renewables","2017",0
"ARM","Armenia","Solar","2017",0
"ARM","Armenia","Wind","2017",0
"ARM","Armenia","Bioenergy","2018",0
"ARM","Armenia","Coal","2018",0
"ARM","Armenia","Gas","2018",3.38
"ARM","Armenia","Hydro","2018",2.29
"ARM","Armenia","Nuclear","2018",1.9
"ARM","Armenia","Other Fossil","2018",0
"ARM","Armenia","Other Renewables","2018",0
"ARM","Armenia","Solar","2018",0.02
"ARM","Armenia","Wind","2018",0
"ARM","Armenia","Bioenergy","2019",0
"ARM","Armenia","Coal","2019",0
"ARM","Armenia","Gas","2019",3.05
"ARM","Armenia","Hydro","2019",2.35
"ARM","Armenia","Nuclear","2019",2.03
"ARM","Armenia","Other Fossil","2019",0
"ARM","Armenia","Other Renewables","2019",0
"ARM","Armenia","Solar","2019",0.06
"ARM","Armenia","Wind","2019",0
"ARM","Armenia","Bioenergy","2020",0
"ARM","Armenia","Coal","2020",0
"ARM","Armenia","Gas","2020",3.17
"ARM","Armenia","Hydro","2020",1.78
"ARM","Armenia","Nuclear","2020",2.55
"ARM","Armenia","Other Fossil","2020",0
"ARM","Armenia","Other Renewables","2020",0
"ARM","Armenia","Solar","2020",0.14
"ARM","Armenia","Wind","2020",0
"ARM","Armenia","Bioenergy","2021",0
"ARM","Armenia","Coal","2021",0
"ARM","Armenia","Gas","2021",3.38
"ARM","Armenia","Hydro","2021",2.2
"ARM","Armenia","Nuclear","2021",1.85
"ARM","Armenia","Other Fossil","2021",0
"ARM","Armenia","Other Renewables","2021",0
"ARM","Armenia","Solar","2021",0.29
"ARM","Armenia","Wind","2021",0
"ARM","Armenia","Bioenergy","2022",0
"ARM","Armenia","Coal","2022",0
"ARM","Armenia","Gas","2022",3.88
"ARM","Armenia","Hydro","2022",2.85
"ARM","Armenia","Nuclear","2022",2.63
"ARM","Armenia","Other Fossil","2022",0
"ARM","Armenia","Other Renewables","2022",0
"ARM","Armenia","Solar","2022",0.52
"ARM","Armenia","Wind","2022",0
"ARM","Armenia","Bioenergy","2023",0
"ARM","Armenia","Coal","2023",0
"ARM","Armenia","Gas","2023",3.72
"ARM","Armenia","Hydro","2023",1.65
"ARM","Armenia","Nuclear","2023",2.51
"ARM","Armenia","Other Fossil","2023",0
"ARM","Armenia","Other Renewables","2023",0
"ARM","Armenia","Solar","2023",0.77
"ARM","Armenia","Wind","2023",0
"ARM","Armenia","Bioenergy","2024",0
"ARM","Armenia","Coal","2024",0
"ARM","Armenia","Gas","2024",3.52
"ARM","Armenia","Hydro","2024",2
"ARM","Armenia","Nuclear","2024",2.63
"ARM","Armenia","Other Fossil","2024",0
"ARM","Armenia","Other Renewables","2024",0
"ARM","Armenia","Solar","2024",0.88
"ARM","Armenia","Wind","2024",0
"ARM","Armenia","Bioenergy","2025",0
"ARM","Armenia","Coal","2025",0
"ARM","Armenia","Gas","2025",3.31
"ARM","Armenia","Hydro","2025",1.9
"ARM","Armenia","Nuclear","2025",2.68
"ARM","Armenia","Other Fossil","2025",0
"ARM","Armenia","Other Renewables","2025",0
"ARM","Armenia","Solar","2025",0.73
"ARM","Armenia","Wind","2025",0
"ABW","Aruba","Bioenergy","2015",0
"ABW","Aruba","Coal","2015",0
"ABW","Aruba","Gas","2015",0
"ABW","Aruba","Hydro","2015",0
"ABW","Aruba","Nuclear","2015",0
"ABW","Aruba","Other Fossil","2015",0.79
"ABW","Aruba","Other Renewables","2015",0
"ABW","Aruba","Solar","2015",0.01
"ABW","Aruba","Wind","2015",0.17
"ABW","Aruba","Bioenergy","2016",0
"ABW","Aruba","Coal","2016",0
"ABW","Aruba","Gas","2016",0
"ABW","Aruba","Hydro","2016",0
"ABW","Aruba","Nuclear","2016",0
"ABW","Aruba","Other Fossil","2016",0.8
"ABW","Aruba","Other Renewables","2016",0
"ABW","Aruba","Solar","2016",0.01
"ABW","Aruba","Wind","2016",0.13
"ABW","Aruba","Bioenergy","2017",0
"ABW","Aruba","Coal","2017",0
"ABW","Aruba","Gas","2017",0
"ABW","Aruba","Hydro","2017",0
"ABW","Aruba","Nuclear","2017",0
"ABW","Aruba","Other Fossil","2017",0.83
"ABW","Aruba","Other Renewables","2017",0
"ABW","Aruba","Solar","2017",0.01
"ABW","Aruba","Wind","2017",0.13
"ABW","Aruba","Bioenergy","2018",0
"ABW","Aruba","Coal","2018",0
"ABW","Aruba","Gas","2018",0
"ABW","Aruba","Hydro","2018",0
"ABW","Aruba","Nuclear","2018",0
"ABW","Aruba","Other Fossil","2018",0.81
"ABW","Aruba","Other Renewables","2018",0
"ABW","Aruba","Solar","2018",0.02
"ABW","Aruba","Wind","2018",0.14
"ABW","Aruba","Bioenergy","2019",0
"ABW","Aruba","Coal","2019",0
"ABW","Aruba","Gas","2019",0
"ABW","Aruba","Hydro","2019",0
"ABW","Aruba","Nuclear","2019",0
"ABW","Aruba","Other Fossil","2019",0.82
"ABW","Aruba","Other Renewables","2019",0
"ABW","Aruba","Solar","2019",0.03
"ABW","Aruba","Wind","2019",0.14
"ABW","Aruba","Bioenergy","2020",0
"ABW","Aruba","Coal","2020",0
"ABW","Aruba","Gas","2020",0
"ABW","Aruba","Hydro","2020",0
"ABW","Aruba","Nuclear","2020",0
"ABW","Aruba","Other Fossil","2020",0.82
"ABW","Aruba","Other Renewables","2020",0
"ABW","Aruba","Solar","2020",0.03
"ABW","Aruba","Wind","2020",0.14
"ABW","Aruba","Bioenergy","2021",0
"ABW","Aruba","Coal","2021",0
"ABW","Aruba","Gas","2021",0
"ABW","Aruba","Hydro","2021",0
"ABW","Aruba","Nuclear","2021",0
"ABW","Aruba","Other Fossil","2021",0.83
"ABW","Aruba","Other Renewables","2021",0
"ABW","Aruba","Solar","2021",0.03
"ABW","Aruba","Wind","2021",0.14
"ABW","Aruba","Bioenergy","2022",0
"ABW","Aruba","Coal","2022",0
"ABW","Aruba","Gas","2022",0
"ABW","Aruba","Hydro","2022",0
"ABW","Aruba","Nuclear","2022",0
"ABW","Aruba","Other Fossil","2022",0.83
"ABW","Aruba","Other Renewables","2022",0
"ABW","Aruba","Solar","2022",0.03
"ABW","Aruba","Wind","2022",0.14
"ABW","Aruba","Bioenergy","2023",0
"ABW","Aruba","Coal","2023",0
"ABW","Aruba","Gas","2023",0
"ABW","Aruba","Hydro","2023",0
"ABW","Aruba","Nuclear","2023",0
"ABW","Aruba","Other Fossil","2023",0.83
"ABW","Aruba","Other Renewables","2023",0
"ABW","Aruba","Solar","2023",0.03
"ABW","Aruba","Wind","2023",0.14
"ABW","Aruba","Bioenergy","2024",0
"ABW","Aruba","Coal","2024",0
"ABW","Aruba","Gas","2024",0
"ABW","Aruba","Hydro","2024",0
"ABW","Aruba","Nuclear","2024",0
"ABW","Aruba","Other Fossil","2024",0.83
"ABW","Aruba","Other Renewables","2024",0
"ABW","Aruba","Solar","2024",0.03
"ABW","Aruba","Wind","2024",0.14
"AUS","Australia","Bioenergy","2015",3.68
"AUS","Australia","Coal","2015",162.2
"AUS","Australia","Gas","2015",49.71
"AUS","Australia","Hydro","2015",14.09
"AUS","Australia","Other Fossil","2015",6.28
"AUS","Australia","Solar","2015",6.2
"AUS","Australia","Wind","2015",11.83
"AUS","Australia","Bioenergy","2016",3.63
"AUS","Australia","Coal","2016",162.36
"AUS","Australia","Gas","2016",48.11
"AUS","Australia","Hydro","2016",17.63
"AUS","Australia","Other Fossil","2016",6.02
"AUS","Australia","Solar","2016",7.44
"AUS","Australia","Wind","2016",13.04
"AUS","Australia","Bioenergy","2017",3.56
"AUS","Australia","Coal","2017",159.17
"AUS","Australia","Gas","2017",55.09
"AUS","Australia","Hydro","2017",13.5
"AUS","Australia","Other Fossil","2017",5.52
"AUS","Australia","Solar","2017",8.92
"AUS","Australia","Wind","2017",13.21
"AUS","Australia","Bioenergy","2018",3.59
"AUS","Australia","Coal","2018",156.56
"AUS","Australia","Gas","2018",51.46
"AUS","Australia","Hydro","2018",17.31
"AUS","Australia","Other Fossil","2018",5.12
"AUS","Australia","Solar","2018",12.33
"AUS","Australia","Wind","2018",16.26
"AUS","Australia","Bioenergy","2019",3.47
"AUS","Australia","Coal","2019",149.84
"AUS","Australia","Gas","2019",55.71
"AUS","Australia","Hydro","2019",14.02
"AUS","Australia","Other Fossil","2019",5.09
"AUS","Australia","Solar","2019",18.3
"AUS","Australia","Wind","2019",19.47
"AUS","Australia","Bioenergy","2020",3.41
"AUS","Australia","Coal","2020",142.93
"AUS","Australia","Gas","2020",53.05
"AUS","Australia","Hydro","2020",14.42
"AUS","Australia","Other Fossil","2020",4.89
"AUS","Australia","Solar","2020",23.84
"AUS","Australia","Wind","2020",22.61
"AUS","Australia","Bioenergy","2021",3.34
"AUS","Australia","Coal","2021",137.4
"AUS","Australia","Gas","2021",47.63
"AUS","Australia","Hydro","2021",15.94
"AUS","Australia","Other Fossil","2021",5.15
"AUS","Australia","Solar","2021",31.19
"AUS","Australia","Wind","2021",26.8
"AUS","Australia","Bioenergy","2022",3.19
"AUS","Australia","Coal","2022",129.21
"AUS","Australia","Gas","2022",50.82
"AUS","Australia","Hydro","2022",16.66
"AUS","Australia","Other Fossil","2022",5.45
"AUS","Australia","Solar","2022",37.54
"AUS","Australia","Wind","2022",30.05
"AUS","Australia","Bioenergy","2023",3.13
"AUS","Australia","Coal","2023",125.61
"AUS","Australia","Gas","2023",46.67
"AUS","Australia","Hydro","2023",15.08
"AUS","Australia","Other Fossil","2023",5.76
"AUS","Australia","Solar","2023",44.99
"AUS","Australia","Wind","2023",31.87
"AUS","Australia","Bioenergy","2024",2.99
"AUS","Australia","Coal","2024",127.33
"AUS","Australia","Gas","2024",49.1
"AUS","Australia","Hydro","2024",12.85
"AUS","Australia","Other Fossil","2024",6.42
"AUS","Australia","Solar","2024",50.21
"AUS","Australia","Wind","2024",32.74
"AUS","Australia","Bioenergy","2025",3.04
"AUS","Australia","Coal","2025",122.32
"AUS","Australia","Gas","2025",47.05
"AUS","Australia","Hydro","2025",12.22
"AUS","Australia","Other Fossil","2025",6.36
"AUS","Australia","Solar","2025",56.42
"AUS","Australia","Wind","2025",39.29
"AUT","Austria","Bioenergy","2015",4.65
"AUT","Austria","Coal","2015",2.95
"AUT","Austria","Gas","2015",7.66
"AUT","Austria","Hydro","2015",37.16
"AUT","Austria","Nuclear","2015",0
"AUT","Austria","Other Fossil","2015",3.58
"AUT","Austria","Other Renewables","2015",0
"AUT","Austria","Solar","2015",0.94
"AUT","Austria","Wind","2015",4.84
"AUT","Austria","Bioenergy","2016",4.78
"AUT","Austria","Coal","2016",2.04
"AUT","Austria","Gas","2016",8.49
"AUT","Austria","Hydro","2016",39.97
"AUT","Austria","Nuclear","2016",0
"AUT","Austria","Other Fossil","2016",3.26
"AUT","Austria","Other Renewables","2016",0
"AUT","Austria","Solar","2016",1.1
"AUT","Austria","Wind","2016",5.23
"AUT","Austria","Bioenergy","2017",4.92
"AUT","Austria","Coal","2017",1.76
"AUT","Austria","Gas","2017",10.91
"AUT","Austria","Hydro","2017",38.29
"AUT","Austria","Nuclear","2017",0
"AUT","Austria","Other Fossil","2017",3.37
"AUT","Austria","Other Renewables","2017",0
"AUT","Austria","Solar","2017",1.27
"AUT","Austria","Wind","2017",6.57
"AUT","Austria","Bioenergy","2018",4.93
"AUT","Austria","Coal","2018",1.81
"AUT","Austria","Gas","2018",9.92
"AUT","Austria","Hydro","2018",37.64
"AUT","Austria","Nuclear","2018",0
"AUT","Austria","Other Fossil","2018",2.88
"AUT","Austria","Other Renewables","2018",0
"AUT","Austria","Solar","2018",1.46
"AUT","Austria","Wind","2018",6.03
"AUT","Austria","Bioenergy","2019",4.66
"AUT","Austria","Coal","2019",1.5
"AUT","Austria","Gas","2019",11.32
"AUT","Austria","Hydro","2019",40.83
"AUT","Austria","Nuclear","2019",0
"AUT","Austria","Other Fossil","2019",3.23
"AUT","Austria","Other Renewables","2019",0
"AUT","Austria","Solar","2019",1.7
"AUT","Austria","Wind","2019",7.45
"AUT","Austria","Bioenergy","2020",4.59
"AUT","Austria","Coal","2020",0.56
"AUT","Austria","Gas","2020",9.95
"AUT","Austria","Hydro","2020",42
"AUT","Austria","Nuclear","2020",0
"AUT","Austria","Other Fossil","2020",3.1
"AUT","Austria","Other Renewables","2020",0
"AUT","Austria","Solar","2020",2.04
"AUT","Austria","Wind","2020",6.79
"AUT","Austria","Bioenergy","2021",4.48
"AUT","Austria","Coal","2021",0
"AUT","Austria","Gas","2021",10.62
"AUT","Austria","Hydro","2021",38.75
"AUT","Austria","Nuclear","2021",0
"AUT","Austria","Other Fossil","2021",3.3
"AUT","Austria","Other Renewables","2021",0
"AUT","Austria","Solar","2021",2.78
"AUT","Austria","Wind","2021",6.74
"AUT","Austria","Bioenergy","2022",4.75
"AUT","Austria","Coal","2022",0
"AUT","Austria","Gas","2022",10.85
"AUT","Austria","Hydro","2022",34.63
"AUT","Austria","Nuclear","2022",0
"AUT","Austria","Other Fossil","2022",3.21
"AUT","Austria","Other Renewables","2022",0
"AUT","Austria","Solar","2022",3.79
"AUT","Austria","Wind","2022",7.24
"AUT","Austria","Bioenergy","2023",4.56
"AUT","Austria","Coal","2023",0
"AUT","Austria","Gas","2023",7.5
"AUT","Austria","Hydro","2023",40.67
"AUT","Austria","Nuclear","2023",0
"AUT","Austria","Other Fossil","2023",3.32
"AUT","Austria","Other Renewables","2023",0
"AUT","Austria","Solar","2023",6.89
"AUT","Austria","Wind","2023",8.04
"AUT","Austria","Bioenergy","2024",4.67
"AUT","Austria","Coal","2024",0
"AUT","Austria","Gas","2024",7.54
"AUT","Austria","Hydro","2024",45.71
"AUT","Austria","Nuclear","2024",0
"AUT","Austria","Other Fossil","2024",3.27
"AUT","Austria","Other Renewables","2024",0
"AUT","Austria","Solar","2024",8.14
"AUT","Austria","Wind","2024",9.14
"AUT","Austria","Bioenergy","2025",4.66
"AUT","Austria","Coal","2025",0
"AUT","Austria","Gas","2025",8.8
"AUT","Austria","Hydro","2025",37.93
"AUT","Austria","Nuclear","2025",0
"AUT","Austria","Other Fossil","2025",3.27
"AUT","Austria","Other Renewables","2025",0
"AUT","Austria","Solar","2025",10.31
"AUT","Austria","Wind","2025",8.31
"AZE","Azerbaijan","Bioenergy","2015",0.09
"AZE","Azerbaijan","Coal","2015",0
"AZE","Azerbaijan","Gas","2015",21.25
"AZE","Azerbaijan","Hydro","2015",1.62
"AZE","Azerbaijan","Nuclear","2015",0
"AZE","Azerbaijan","Other Fossil","2015",1.61
"AZE","Azerbaijan","Other Renewables","2015",0
"AZE","Azerbaijan","Solar","2015",0
"AZE","Azerbaijan","Wind","2015",0
"AZE","Azerbaijan","Bioenergy","2016",0.09
"AZE","Azerbaijan","Coal","2016",0
"AZE","Azerbaijan","Gas","2016",20.17
"AZE","Azerbaijan","Hydro","2016",1.94
"AZE","Azerbaijan","Nuclear","2016",0
"AZE","Azerbaijan","Other Fossil","2016",2.59
"AZE","Azerbaijan","Other Renewables","2016",0
"AZE","Azerbaijan","Solar","2016",0.04
"AZE","Azerbaijan","Wind","2016",0.02
"AZE","Azerbaijan","Bioenergy","2017",0.09
"AZE","Azerbaijan","Coal","2017",0
"AZE","Azerbaijan","Gas","2017",21.02
"AZE","Azerbaijan","Hydro","2017",1.73
"AZE","Azerbaijan","Nuclear","2017",0
"AZE","Azerbaijan","Other Fossil","2017",1.32
"AZE","Azerbaijan","Other Renewables","2017",0
"AZE","Azerbaijan","Solar","2017",0.04
"AZE","Azerbaijan","Wind","2017",0.02
"AZE","Azerbaijan","Bioenergy","2018",0.08
"AZE","Azerbaijan","Coal","2018",0
"AZE","Azerbaijan","Gas","2018",23.13
"AZE","Azerbaijan","Hydro","2018",1.75
"AZE","Azerbaijan","Nuclear","2018",0
"AZE","Azerbaijan","Other Fossil","2018",0.05
"AZE","Azerbaijan","Other Renewables","2018",0
"AZE","Azerbaijan","Solar","2018",0.04
"AZE","Azerbaijan","Wind","2018",0.08
"AZE","Azerbaijan","Bioenergy","2019",0.1
"AZE","Azerbaijan","Coal","2019",0
"AZE","Azerbaijan","Gas","2019",24.11
"AZE","Azerbaijan","Hydro","2019",1.55
"AZE","Azerbaijan","Nuclear","2019",0
"AZE","Azerbaijan","Other Fossil","2019",0.05
"AZE","Azerbaijan","Other Renewables","2019",0
"AZE","Azerbaijan","Solar","2019",0.04
"AZE","Azerbaijan","Wind","2019",0.1
"AZE","Azerbaijan","Bioenergy","2020",0.1
"AZE","Azerbaijan","Coal","2020",0
"AZE","Azerbaijan","Gas","2020",24.38
"AZE","Azerbaijan","Hydro","2020",1.07
"AZE","Azerbaijan","Nuclear","2020",0
"AZE","Azerbaijan","Other Fossil","2020",0.05
"AZE","Azerbaijan","Other Renewables","2020",0
"AZE","Azerbaijan","Solar","2020",0.05
"AZE","Azerbaijan","Wind","2020",0.1
"AZE","Azerbaijan","Bioenergy","2021",0.1
"AZE","Azerbaijan","Coal","2021",0
"AZE","Azerbaijan","Gas","2021",25.64
"AZE","Azerbaijan","Hydro","2021",1.28
"AZE","Azerbaijan","Nuclear","2021",0
"AZE","Azerbaijan","Other Fossil","2021",0.63
"AZE","Azerbaijan","Other Renewables","2021",0
"AZE","Azerbaijan","Solar","2021",0.05
"AZE","Azerbaijan","Wind","2021",0.09
"AZE","Azerbaijan","Bioenergy","2022",0.1
"AZE","Azerbaijan","Coal","2022",0
"AZE","Azerbaijan","Gas","2022",27.01
"AZE","Azerbaijan","Hydro","2022",1.6
"AZE","Azerbaijan","Nuclear","2022",0
"AZE","Azerbaijan","Other Fossil","2022",0.09
"AZE","Azerbaijan","Other Renewables","2022",0
"AZE","Azerbaijan","Solar","2022",0.06
"AZE","Azerbaijan","Wind","2022",0.08
"AZE","Azerbaijan","Bioenergy","2023",0.11
"AZE","Azerbaijan","Coal","2023",0
"AZE","Azerbaijan","Gas","2023",27.08
"AZE","Azerbaijan","Hydro","2023",1.64
"AZE","Azerbaijan","Nuclear","2023",0
"AZE","Azerbaijan","Other Fossil","2023",0.11
"AZE","Azerbaijan","Other Renewables","2023",0
"AZE","Azerbaijan","Solar","2023",0.07
"AZE","Azerbaijan","Wind","2023",0.08
"AZE","Azerbaijan","Bioenergy","2024",0.1
"AZE","Azerbaijan","Coal","2024",0
"AZE","Azerbaijan","Gas","2024",24.5
"AZE","Azerbaijan","Hydro","2024",3
"AZE","Azerbaijan","Nuclear","2024",0
"AZE","Azerbaijan","Other Fossil","2024",0.07
"AZE","Azerbaijan","Other Renewables","2024",0
"AZE","Azerbaijan","Solar","2024",0.08
"AZE","Azerbaijan","Wind","2024",0.09
"AZE","Azerbaijan","Bioenergy","2025",0.1
"AZE","Azerbaijan","Coal","2025",0
"AZE","Azerbaijan","Gas","2025",24.64
"AZE","Azerbaijan","Hydro","2025",2.53
"AZE","Azerbaijan","Nuclear","2025",0
"AZE","Azerbaijan","Other Fossil","2025",0.1
"AZE","Azerbaijan","Other Renewables","2025",0
"AZE","Azerbaijan","Solar","2025",0
"AZE","Azerbaijan","Wind","2025",0.09
"BHS","Bahamas (the)","Bioenergy","2015",0
"BHS","Bahamas (the)","Coal","2015",0
"BHS","Bahamas (the)","Gas","2015",0
"BHS","Bahamas (the)","Hydro","2015",0
"BHS","Bahamas (the)","Nuclear","2015",0
"BHS","Bahamas (the)","Other Fossil","2015",2
"BHS","Bahamas (the)","Other Renewables","2015",0
"BHS","Bahamas (the)","Solar","2015",0
"BHS","Bahamas (the)","Wind","2015",0
"BHS","Bahamas (the)","Bioenergy","2016",0
"BHS","Bahamas (the)","Coal","2016",0
"BHS","Bahamas (the)","Gas","2016",0
"BHS","Bahamas (the)","Hydro","2016",0
"BHS","Bahamas (the)","Nuclear","2016",0
"BHS","Bahamas (the)","Other Fossil","2016",1.97
"BHS","Bahamas (the)","Other Renewables","2016",0
"BHS","Bahamas (the)","Solar","2016",0
"BHS","Bahamas (the)","Wind","2016",0
"BHS","Bahamas (the)","Bioenergy","2017",0
"BHS","Bahamas (the)","Coal","2017",0
"BHS","Bahamas (the)","Gas","2017",0
"BHS","Bahamas (the)","Hydro","2017",0
"BHS","Bahamas (the)","Nuclear","2017",0
"BHS","Bahamas (the)","Other Fossil","2017",1.99
"BHS","Bahamas (the)","Other Renewables","2017",0
"BHS","Bahamas (the)","Solar","2017",0
"BHS","Bahamas (the)","Wind","2017",0
"BHS","Bahamas (the)","Bioenergy","2018",0
"BHS","Bahamas (the)","Coal","2018",0
"BHS","Bahamas (the)","Gas","2018",0
"BHS","Bahamas (the)","Hydro","2018",0
"BHS","Bahamas (the)","Nuclear","2018",0
"BHS","Bahamas (the)","Other Fossil","2018",2
"BHS","Bahamas (the)","Other Renewables","2018",0
"BHS","Bahamas (the)","Solar","2018",0
"BHS","Bahamas (the)","Wind","2018",0
"BHS","Bahamas (the)","Bioenergy","2019",0
"BHS","Bahamas (the)","Coal","2019",0
"BHS","Bahamas (the)","Gas","2019",0
"BHS","Bahamas (the)","Hydro","2019",0
"BHS","Bahamas (the)","Nuclear","2019",0
"BHS","Bahamas (the)","Other Fossil","2019",2.01
"BHS","Bahamas (the)","Other Renewables","2019",0
"BHS","Bahamas (the)","Solar","2019",0
"BHS","Bahamas (the)","Wind","2019",0
"BHS","Bahamas (the)","Bioenergy","2020",0
"BHS","Bahamas (the)","Coal","2020",0
"BHS","Bahamas (the)","Gas","2020",0
"BHS","Bahamas (the)","Hydro","2020",0
"BHS","Bahamas (the)","Nuclear","2020",0
"BHS","Bahamas (the)","Other Fossil","2020",2.02
"BHS","Bahamas (the)","Other Renewables","2020",0
"BHS","Bahamas (the)","Solar","2020",0.01
"BHS","Bahamas (the)","Wind","2020",0
"BHS","Bahamas (the)","Bioenergy","2021",0
"BHS","Bahamas (the)","Coal","2021",0
"BHS","Bahamas (the)","Gas","2021",0
"BHS","Bahamas (the)","Hydro","2021",0
"BHS","Bahamas (the)","Nuclear","2021",0
"BHS","Bahamas (the)","Other Fossil","2021",2.03
"BHS","Bahamas (the)","Other Renewables","2021",0
"BHS","Bahamas (the)","Solar","2021",0.01
"BHS","Bahamas (the)","Wind","2021",0
"BHS","Bahamas (the)","Bioenergy","2022",0
"BHS","Bahamas (the)","Coal","2022",0
"BHS","Bahamas (the)","Gas","2022",0
"BHS","Bahamas (the)","Hydro","2022",0
"BHS","Bahamas (the)","Nuclear","2022",0
"BHS","Bahamas (the)","Other Fossil","2022",2.03
"BHS","Bahamas (the)","Other Renewables","2022",0
"BHS","Bahamas (the)","Solar","2022",0.02
"BHS","Bahamas (the)","Wind","2022",0
"BHS","Bahamas (the)","Bioenergy","2023",0
"BHS","Bahamas (the)","Coal","2023",0
"BHS","Bahamas (the)","Gas","2023",0
"BHS","Bahamas (the)","Hydro","2023",0
"BHS","Bahamas (the)","Nuclear","2023",0
"BHS","Bahamas (the)","Other Fossil","2023",2.19
"BHS","Bahamas (the)","Other Renewables","2023",0
"BHS","Bahamas (the)","Solar","2023",0.02
"BHS","Bahamas (the)","Wind","2023",0
"BHS","Bahamas (the)","Bioenergy","2024",0
"BHS","Bahamas (the)","Coal","2024",0
"BHS","Bahamas (the)","Gas","2024",0
"BHS","Bahamas (the)","Hydro","2024",0
"BHS","Bahamas (the)","Nuclear","2024",0
"BHS","Bahamas (the)","Other Fossil","2024",2.23
"BHS","Bahamas (the)","Other Renewables","2024",0
"BHS","Bahamas (the)","Solar","2024",0.02
"BHS","Bahamas (the)","Wind","2024",0
"BHR","Bahrain","Bioenergy","2015",0
"BHR","Bahrain","Coal","2015",0
"BHR","Bahrain","Gas","2015",28.48
"BHR","Bahrain","Hydro","2015",0
"BHR","Bahrain","Nuclear","2015",0
"BHR","Bahrain","Other Fossil","2015",0
"BHR","Bahrain","Other Renewables","2015",0
"BHR","Bahrain","Solar","2015",0.01
"BHR","Bahrain","Wind","2015",0
"BHR","Bahrain","Bioenergy","2016",0
"BHR","Bahrain","Coal","2016",0
"BHR","Bahrain","Gas","2016",28.51
"BHR","Bahrain","Hydro","2016",0
"BHR","Bahrain","Nuclear","2016",0
"BHR","Bahrain","Other Fossil","2016",0
"BHR","Bahrain","Other Renewables","2016",0
"BHR","Bahrain","Solar","2016",0.01
"BHR","Bahrain","Wind","2016",0
"BHR","Bahrain","Bioenergy","2017",0
"BHR","Bahrain","Coal","2017",0
"BHR","Bahrain","Gas","2017",29.22
"BHR","Bahrain","Hydro","2017",0
"BHR","Bahrain","Nuclear","2017",0
"BHR","Bahrain","Other Fossil","2017",0
"BHR","Bahrain","Other Renewables","2017",0
"BHR","Bahrain","Solar","2017",0.01
"BHR","Bahrain","Wind","2017",0
"BHR","Bahrain","Bioenergy","2018",0
"BHR","Bahrain","Coal","2018",0
"BHR","Bahrain","Gas","2018",29.54
"BHR","Bahrain","Hydro","2018",0
"BHR","Bahrain","Nuclear","2018",0
"BHR","Bahrain","Other Fossil","2018",0
"BHR","Bahrain","Other Renewables","2018",0
"BHR","Bahrain","Solar","2018",0.01
"BHR","Bahrain","Wind","2018",0
"BHR","Bahrain","Bioenergy","2019",0
"BHR","Bahrain","Coal","2019",0
"BHR","Bahrain","Gas","2019",33.09
"BHR","Bahrain","Hydro","2019",0
"BHR","Bahrain","Nuclear","2019",0
"BHR","Bahrain","Other Fossil","2019",0
"BHR","Bahrain","Other Renewables","2019",0
"BHR","Bahrain","Solar","2019",0.02
"BHR","Bahrain","Wind","2019",0
"BHR","Bahrain","Bioenergy","2020",0
"BHR","Bahrain","Coal","2020",0
"BHR","Bahrain","Gas","2020",33.36
"BHR","Bahrain","Hydro","2020",0
"BHR","Bahrain","Nuclear","2020",0
"BHR","Bahrain","Other Fossil","2020",0
"BHR","Bahrain","Other Renewables","2020",0
"BHR","Bahrain","Solar","2020",0.02
"BHR","Bahrain","Wind","2020",0
"BHR","Bahrain","Bioenergy","2021",0
"BHR","Bahrain","Coal","2021",0
"BHR","Bahrain","Gas","2021",33.87
"BHR","Bahrain","Hydro","2021",0
"BHR","Bahrain","Nuclear","2021",0
"BHR","Bahrain","Other Fossil","2021",0
"BHR","Bahrain","Other Renewables","2021",0
"BHR","Bahrain","Solar","2021",0.04
"BHR","Bahrain","Wind","2021",0
"BHR","Bahrain","Bioenergy","2022",0
"BHR","Bahrain","Coal","2022",0
"BHR","Bahrain","Gas","2022",35.6
"BHR","Bahrain","Hydro","2022",0
"BHR","Bahrain","Nuclear","2022",0
"BHR","Bahrain","Other Fossil","2022",0
"BHR","Bahrain","Other Renewables","2022",0
"BHR","Bahrain","Solar","2022",0.08
"BHR","Bahrain","Wind","2022",0
"BHR","Bahrain","Bioenergy","2023",0
"BHR","Bahrain","Coal","2023",0
"BHR","Bahrain","Gas","2023",37.38
"BHR","Bahrain","Hydro","2023",0
"BHR","Bahrain","Nuclear","2023",0
"BHR","Bahrain","Other Fossil","2023",0
"BHR","Bahrain","Other Renewables","2023",0
"BHR","Bahrain","Solar","2023",0.09
"BHR","Bahrain","Wind","2023",0
"BHR","Bahrain","Bioenergy","2024",0
"BHR","Bahrain","Coal","2024",0
"BHR","Bahrain","Gas","2024",37.85
"BHR","Bahrain","Hydro","2024",0
"BHR","Bahrain","Nuclear","2024",0
"BHR","Bahrain","Other Fossil","2024",0
"BHR","Bahrain","Other Renewables","2024",0
"BHR","Bahrain","Solar","2024",0.1
"BHR","Bahrain","Wind","2024",0
"BGD","Bangladesh","Bioenergy","2015",0
"BGD","Bangladesh","Coal","2015",1
"BGD","Bangladesh","Gas","2015",47.82
"BGD","Bangladesh","Hydro","2015",0.59
"BGD","Bangladesh","Nuclear","2015",0
"BGD","Bangladesh","Other Fossil","2015",9.67
"BGD","Bangladesh","Other Renewables","2015",0
"BGD","Bangladesh","Solar","2015",0.2
"BGD","Bangladesh","Wind","2015",0.01
"BGD","Bangladesh","Bioenergy","2016",0
"BGD","Bangladesh","Coal","2016",1.03
"BGD","Bangladesh","Gas","2016",55.44
"BGD","Bangladesh","Hydro","2016",1.01
"BGD","Bangladesh","Nuclear","2016",0
"BGD","Bangladesh","Other Fossil","2016",11.38
"BGD","Bangladesh","Other Renewables","2016",0
"BGD","Bangladesh","Solar","2016",0.22
"BGD","Bangladesh","Wind","2016",0.01
"BGD","Bangladesh","Bioenergy","2017",0
"BGD","Bangladesh","Coal","2017",1.03
"BGD","Bangladesh","Gas","2017",57.8
"BGD","Bangladesh","Hydro","2017",1.03
"BGD","Bangladesh","Nuclear","2017",0
"BGD","Bangladesh","Other Fossil","2017",13.33
"BGD","Bangladesh","Other Renewables","2017",0
"BGD","Bangladesh","Solar","2017",0.25
"BGD","Bangladesh","Wind","2017",0.01
"BGD","Bangladesh","Bioenergy","2018",0
"BGD","Bangladesh","Coal","2018",1.79
"BGD","Bangladesh","Gas","2018",59.67
"BGD","Bangladesh","Hydro","2018",1.08
"BGD","Bangladesh","Nuclear","2018",0
"BGD","Bangladesh","Other Fossil","2018",16.29
"BGD","Bangladesh","Other Renewables","2018",0
"BGD","Bangladesh","Solar","2018",0.31
"BGD","Bangladesh","Wind","2018",0.01
"BGD","Bangladesh","Bioenergy","2019",0
"BGD","Bangladesh","Coal","2019",1.3
"BGD","Bangladesh","Gas","2019",68.36
"BGD","Bangladesh","Hydro","2019",0.81
"BGD","Bangladesh","Nuclear","2019",0
"BGD","Bangladesh","Other Fossil","2019",14.26
"BGD","Bangladesh","Other Renewables","2019",0
"BGD","Bangladesh","Solar","2019",0.37
"BGD","Bangladesh","Wind","2019",0.01
"BGD","Bangladesh","Bioenergy","2020",0
"BGD","Bangladesh","Coal","2020",3.15
"BGD","Bangladesh","Gas","2020",70.88
"BGD","Bangladesh","Hydro","2020",0.78
"BGD","Bangladesh","Nuclear","2020",0
"BGD","Bangladesh","Other Fossil","2020",10.18
"BGD","Bangladesh","Other Renewables","2020",0
"BGD","Bangladesh","Solar","2020",0.46
"BGD","Bangladesh","Wind","2020",0.01
"BGD","Bangladesh","Bioenergy","2021",0
"BGD","Bangladesh","Coal","2021",5.3
"BGD","Bangladesh","Gas","2021",69.81
"BGD","Bangladesh","Hydro","2021",0.73
"BGD","Bangladesh","Nuclear","2021",0
"BGD","Bangladesh","Other Fossil","2021",19.19
"BGD","Bangladesh","Other Renewables","2021",0
"BGD","Bangladesh","Solar","2021",0.61
"BGD","Bangladesh","Wind","2021",0.01
"BGD","Bangladesh","Bioenergy","2022",0
"BGD","Bangladesh","Coal","2022",5.66
"BGD","Bangladesh","Gas","2022",69.19
"BGD","Bangladesh","Hydro","2022",0.71
"BGD","Bangladesh","Nuclear","2022",0
"BGD","Bangladesh","Other Fossil","2022",25.81
"BGD","Bangladesh","Other Renewables","2022",0
"BGD","Bangladesh","Solar","2022",0.87
"BGD","Bangladesh","Wind","2022",0.01
"BGD","Bangladesh","Bioenergy","2023",0
"BGD","Bangladesh","Coal","2023",10.69
"BGD","Bangladesh","Gas","2023",66.43
"BGD","Bangladesh","Hydro","2023",0.65
"BGD","Bangladesh","Nuclear","2023",0
"BGD","Bangladesh","Other Fossil","2023",21.89
"BGD","Bangladesh","Other Renewables","2023",0
"BGD","Bangladesh","Solar","2023",1.07
"BGD","Bangladesh","Wind","2023",0
"BGD","Bangladesh","Bioenergy","2024",0
"BGD","Bangladesh","Coal","2024",20.29
"BGD","Bangladesh","Gas","2024",67.03
"BGD","Bangladesh","Hydro","2024",0.7
"BGD","Bangladesh","Nuclear","2024",0
"BGD","Bangladesh","Other Fossil","2024",12.5
"BGD","Bangladesh","Other Renewables","2024",0
"BGD","Bangladesh","Solar","2024",1.22
"BGD","Bangladesh","Wind","2024",0
"BGD","Bangladesh","Bioenergy","2025",0
"BGD","Bangladesh","Coal","2025",22.24
"BGD","Bangladesh","Gas","2025",66.48
"BGD","Bangladesh","Hydro","2025",0.65
"BGD","Bangladesh","Nuclear","2025",0
"BGD","Bangladesh","Other Fossil","2025",12.47
"BGD","Bangladesh","Other Renewables","2025",0
"BGD","Bangladesh","Solar","2025",1.56
"BGD","Bangladesh","Wind","2025",0
"BRB","Barbados","Bioenergy","2015",0
"BRB","Barbados","Coal","2015",0
"BRB","Barbados","Gas","2015",0.02
"BRB","Barbados","Hydro","2015",0
"BRB","Barbados","Nuclear","2015",0
"BRB","Barbados","Other Fossil","2015",1.01
"BRB","Barbados","Other Renewables","2015",0
"BRB","Barbados","Solar","2015",0.01
"BRB","Barbados","Wind","2015",0
"BRB","Barbados","Bioenergy","2016",0
"BRB","Barbados","Coal","2016",0
"BRB","Barbados","Gas","2016",0.02
"BRB","Barbados","Hydro","2016",0
"BRB","Barbados","Nuclear","2016",0
"BRB","Barbados","Other Fossil","2016",1.01
"BRB","Barbados","Other Renewables","2016",0
"BRB","Barbados","Solar","2016",0.02
"BRB","Barbados","Wind","2016",0
"BRB","Barbados","Bioenergy","2017",0
"BRB","Barbados","Coal","2017",0
"BRB","Barbados","Gas","2017",0.03
"BRB","Barbados","Hydro","2017",0
"BRB","Barbados","Nuclear","2017",0
"BRB","Barbados","Other Fossil","2017",0.98
"BRB","Barbados","Other Renewables","2017",0
"BRB","Barbados","Solar","2017",0.03
"BRB","Barbados","Wind","2017",0
"BRB","Barbados","Bioenergy","2018",0
"BRB","Barbados","Coal","2018",0
"BRB","Barbados","Gas","2018",0.03
"BRB","Barbados","Hydro","2018",0
"BRB","Barbados","Nuclear","2018",0
"BRB","Barbados","Other Fossil","2018",0.98
"BRB","Barbados","Other Renewables","2018",0
"BRB","Barbados","Solar","2018",0.03
"BRB","Barbados","Wind","2018",0
"BRB","Barbados","Bioenergy","2019",0
"BRB","Barbados","Coal","2019",0
"BRB","Barbados","Gas","2019",0.03
"BRB","Barbados","Hydro","2019",0
"BRB","Barbados","Nuclear","2019",0
"BRB","Barbados","Other Fossil","2019",0.99
"BRB","Barbados","Other Renewables","2019",0
"BRB","Barbados","Solar","2019",0.04
"BRB","Barbados","Wind","2019",0
"BRB","Barbados","Bioenergy","2020",0
"BRB","Barbados","Coal","2020",0
"BRB","Barbados","Gas","2020",0.02
"BRB","Barbados","Hydro","2020",0
"BRB","Barbados","Nuclear","2020",0
"BRB","Barbados","Other Fossil","2020",0.97
"BRB","Barbados","Other Renewables","2020",0
"BRB","Barbados","Solar","2020",0.07
"BRB","Barbados","Wind","2020",0
"BRB","Barbados","Bioenergy","2021",0
"BRB","Barbados","Coal","2021",0
"BRB","Barbados","Gas","2021",0.02
"BRB","Barbados","Hydro","2021",0
"BRB","Barbados","Nuclear","2021",0
"BRB","Barbados","Other Fossil","2021",0.96
"BRB","Barbados","Other Renewables","2021",0
"BRB","Barbados","Solar","2021",0.08
"BRB","Barbados","Wind","2021",0
"BRB","Barbados","Bioenergy","2022",0
"BRB","Barbados","Coal","2022",0
"BRB","Barbados","Gas","2022",0.03
"BRB","Barbados","Hydro","2022",0
"BRB","Barbados","Nuclear","2022",0
"BRB","Barbados","Other Fossil","2022",0.98
"BRB","Barbados","Other Renewables","2022",0
"BRB","Barbados","Solar","2022",0.08
"BRB","Barbados","Wind","2022",0
"BRB","Barbados","Bioenergy","2023",0
"BRB","Barbados","Coal","2023",0
"BRB","Barbados","Gas","2023",0.03
"BRB","Barbados","Hydro","2023",0
"BRB","Barbados","Nuclear","2023",0
"BRB","Barbados","Other Fossil","2023",0.98
"BRB","Barbados","Other Renewables","2023",0
"BRB","Barbados","Solar","2023",0.09
"BRB","Barbados","Wind","2023",0
"BRB","Barbados","Bioenergy","2024",0
"BRB","Barbados","Coal","2024",0
"BRB","Barbados","Gas","2024",0.03
"BRB","Barbados","Hydro","2024",0
"BRB","Barbados","Nuclear","2024",0
"BRB","Barbados","Other Fossil","2024",0.98
"BRB","Barbados","Other Renewables","2024",0
"BRB","Barbados","Solar","2024",0.1
"BRB","Barbados","Wind","2024",0
"BLR","Belarus","Bioenergy","2015",0.19
"BLR","Belarus","Coal","2015",0.04
"BLR","Belarus","Gas","2015",33.35
"BLR","Belarus","Hydro","2015",0.11
"BLR","Belarus","Nuclear","2015",0
"BLR","Belarus","Other Fossil","2015",0.36
"BLR","Belarus","Other Renewables","2015",0
"BLR","Belarus","Solar","2015",0.01
"BLR","Belarus","Wind","2015",0.03
"BLR","Belarus","Bioenergy","2016",0.18
"BLR","Belarus","Coal","2016",0.03
"BLR","Belarus","Gas","2016",32.53
"BLR","Belarus","Hydro","2016",0.14
"BLR","Belarus","Nuclear","2016",0
"BLR","Belarus","Other Fossil","2016",0.58
"BLR","Belarus","Other Renewables","2016",0
"BLR","Belarus","Solar","2016",0.03
"BLR","Belarus","Wind","2016",0.08
"BLR","Belarus","Bioenergy","2017",0.19
"BLR","Belarus","Coal","2017",0.03
"BLR","Belarus","Gas","2017",33.51
"BLR","Belarus","Hydro","2017",0.4
"BLR","Belarus","Nuclear","2017",0
"BLR","Belarus","Other Fossil","2017",0.19
"BLR","Belarus","Other Renewables","2017",0
"BLR","Belarus","Solar","2017",0.09
"BLR","Belarus","Wind","2017",0.1
"BLR","Belarus","Bioenergy","2018",0.21
"BLR","Belarus","Coal","2018",0.03
"BLR","Belarus","Gas","2018",37.89
"BLR","Belarus","Hydro","2018",0.32
"BLR","Belarus","Nuclear","2018",0
"BLR","Belarus","Other Fossil","2018",0.26
"BLR","Belarus","Other Renewables","2018",0
"BLR","Belarus","Solar","2018",0.18
"BLR","Belarus","Wind","2018",0.1
"BLR","Belarus","Bioenergy","2019",0.34
"BLR","Belarus","Coal","2019",0.03
"BLR","Belarus","Gas","2019",39.19
"BLR","Belarus","Hydro","2019",0.34
"BLR","Belarus","Nuclear","2019",0
"BLR","Belarus","Other Fossil","2019",0.2
"BLR","Belarus","Other Renewables","2019",0
"BLR","Belarus","Solar","2019",0.18
"BLR","Belarus","Wind","2019",0.18
"BLR","Belarus","Bioenergy","2020",0.59
"BLR","Belarus","Coal","2020",0.03
"BLR","Belarus","Gas","2020",34.69
"BLR","Belarus","Hydro","2020",0.39
"BLR","Belarus","Nuclear","2020",0.34
"BLR","Belarus","Other Fossil","2020",2.13
"BLR","Belarus","Other Renewables","2020",0
"BLR","Belarus","Solar","2020",0.18
"BLR","Belarus","Wind","2020",0.19
"BLR","Belarus","Bioenergy","2021",0.55
"BLR","Belarus","Coal","2021",0.03
"BLR","Belarus","Gas","2021",32.19
"BLR","Belarus","Hydro","2021",0.37
"BLR","Belarus","Nuclear","2021",5.78
"BLR","Belarus","Other Fossil","2021",1.98
"BLR","Belarus","Other Renewables","2021",0
"BLR","Belarus","Solar","2021",0.18
"BLR","Belarus","Wind","2021",0.17
"BLR","Belarus","Bioenergy","2022",0.5
"BLR","Belarus","Coal","2022",0.03
"BLR","Belarus","Gas","2022",29.4
"BLR","Belarus","Hydro","2022",0.37
"BLR","Belarus","Nuclear","2022",4.68
"BLR","Belarus","Other Fossil","2022",1.81
"BLR","Belarus","Other Renewables","2022",0
"BLR","Belarus","Solar","2022",0.21
"BLR","Belarus","Wind","2022",0.18
"BLR","Belarus","Bioenergy","2023",0.53
"BLR","Belarus","Coal","2023",0.02
"BLR","Belarus","Gas","2023",26.99
"BLR","Belarus","Hydro","2023",0.39
"BLR","Belarus","Nuclear","2023",11.73
"BLR","Belarus","Other Fossil","2023",1.66
"BLR","Belarus","Other Renewables","2023",0
"BLR","Belarus","Solar","2023",0.23
"BLR","Belarus","Wind","2023",0.19
"BLR","Belarus","Bioenergy","2024",0.55
"BLR","Belarus","Coal","2024",0.02
"BLR","Belarus","Gas","2024",27
"BLR","Belarus","Hydro","2024",0.4
"BLR","Belarus","Nuclear","2024",15.69
"BLR","Belarus","Other Fossil","2024",1.7
"BLR","Belarus","Other Renewables","2024",0
"BLR","Belarus","Solar","2024",0.26
"BLR","Belarus","Wind","2024",0.2
"BLR","Belarus","Bioenergy","2025",0.46
"BLR","Belarus","Coal","2025",0.02
"BLR","Belarus","Gas","2025",25.25
"BLR","Belarus","Hydro","2025",0.81
"BLR","Belarus","Nuclear","2025",16.97
"BLR","Belarus","Other Fossil","2025",1.9
"BLR","Belarus","Other Renewables","2025",0
"BLR","Belarus","Solar","2025",0
"BLR","Belarus","Wind","2025",0.41
"BEL","Belgium","Bioenergy","2015",5.49
"BEL","Belgium","Coal","2015",2.07
"BEL","Belgium","Gas","2015",22.02
"BEL","Belgium","Hydro","2015",0.32
"BEL","Belgium","Nuclear","2015",26.1
"BEL","Belgium","Other Fossil","2015",3.8
"BEL","Belgium","Other Renewables","2015",0
"BEL","Belgium","Solar","2015",3.06
"BEL","Belgium","Wind","2015",5.57
"BEL","Belgium","Bioenergy","2016",5.36
"BEL","Belgium","Coal","2016",0.39
"BEL","Belgium","Gas","2016",22.07
"BEL","Belgium","Hydro","2016",0.37
"BEL","Belgium","Nuclear","2016",43.52
"BEL","Belgium","Other Fossil","2016",4.08
"BEL","Belgium","Other Renewables","2016",0
"BEL","Belgium","Solar","2016",3.1
"BEL","Belgium","Wind","2016",5.42
"BEL","Belgium","Bioenergy","2017",5.7
"BEL","Belgium","Coal","2017",0
"BEL","Belgium","Gas","2017",23.02
"BEL","Belgium","Hydro","2017",0.27
"BEL","Belgium","Nuclear","2017",42.23
"BEL","Belgium","Other Fossil","2017",4.29
"BEL","Belgium","Other Renewables","2017",0
"BEL","Belgium","Solar","2017",3.31
"BEL","Belgium","Wind","2017",6.52
"BEL","Belgium","Bioenergy","2018",5.4
"BEL","Belgium","Coal","2018",0
"BEL","Belgium","Gas","2018",23.99
"BEL","Belgium","Hydro","2018",0.29
"BEL","Belgium","Nuclear","2018",28.6
"BEL","Belgium","Other Fossil","2018",4.12
"BEL","Belgium","Other Renewables","2018",0
"BEL","Belgium","Solar","2018",3.9
"BEL","Belgium","Wind","2018",7.57
"BEL","Belgium","Bioenergy","2019",5.15
"BEL","Belgium","Coal","2019",0
"BEL","Belgium","Gas","2019",25.54
"BEL","Belgium","Hydro","2019",0.3
"BEL","Belgium","Nuclear","2019",43.52
"BEL","Belgium","Other Fossil","2019",4.18
"BEL","Belgium","Other Renewables","2019",0
"BEL","Belgium","Solar","2019",4.25
"BEL","Belgium","Wind","2019",9.75
"BEL","Belgium","Bioenergy","2020",5.26
"BEL","Belgium","Coal","2020",0
"BEL","Belgium","Gas","2020",26.78
"BEL","Belgium","Hydro","2020",0.27
"BEL","Belgium","Nuclear","2020",34.43
"BEL","Belgium","Other Fossil","2020",3.63
"BEL","Belgium","Other Renewables","2020",0
"BEL","Belgium","Solar","2020",5.11
"BEL","Belgium","Wind","2020",12.81
"BEL","Belgium","Bioenergy","2021",4.71
"BEL","Belgium","Coal","2021",0
"BEL","Belgium","Gas","2021",22.52
"BEL","Belgium","Hydro","2021",0.42
"BEL","Belgium","Nuclear","2021",50.33
"BEL","Belgium","Other Fossil","2021",3.8
"BEL","Belgium","Other Renewables","2021",0
"BEL","Belgium","Solar","2021",5.62
"BEL","Belgium","Wind","2021",12
"BEL","Belgium","Bioenergy","2022",4.93
"BEL","Belgium","Coal","2022",0
"BEL","Belgium","Gas","2022",21.95
"BEL","Belgium","Hydro","2022",0.27
"BEL","Belgium","Nuclear","2022",43.88
"BEL","Belgium","Other Fossil","2022",4.07
"BEL","Belgium","Other Renewables","2022",0
"BEL","Belgium","Solar","2022",6.88
"BEL","Belgium","Wind","2022",12.35
"BEL","Belgium","Bioenergy","2023",3.79
"BEL","Belgium","Coal","2023",0
"BEL","Belgium","Gas","2023",18.3
"BEL","Belgium","Hydro","2023",0.4
"BEL","Belgium","Nuclear","2023",32.93
"BEL","Belgium","Other Fossil","2023",3.44
"BEL","Belgium","Other Renewables","2023",0
"BEL","Belgium","Solar","2023",7.83
"BEL","Belgium","Wind","2023",15.44
"BEL","Belgium","Bioenergy","2024",3.61
"BEL","Belgium","Coal","2024",0
"BEL","Belgium","Gas","2024",14.17
"BEL","Belgium","Hydro","2024",0.55
"BEL","Belgium","Nuclear","2024",31.25
"BEL","Belgium","Other Fossil","2024",3.81
"BEL","Belgium","Other Renewables","2024",0
"BEL","Belgium","Solar","2024",8.56
"BEL","Belgium","Wind","2024",13.87
"BEL","Belgium","Bioenergy","2025",4.98
"BEL","Belgium","Coal","2025",0
"BEL","Belgium","Gas","2025",13.04
"BEL","Belgium","Hydro","2025",0.49
"BEL","Belgium","Nuclear","2025",24.11
"BEL","Belgium","Other Fossil","2025",0.41
"BEL","Belgium","Other Renewables","2025",0
"BEL","Belgium","Solar","2025",10.46
"BEL","Belgium","Wind","2025",13.39
"BLZ","Belize","Bioenergy","2015",0.09
"BLZ","Belize","Coal","2015",0
"BLZ","Belize","Gas","2015",0.01
"BLZ","Belize","Hydro","2015",0.24
"BLZ","Belize","Nuclear","2015",0
"BLZ","Belize","Other Fossil","2015",0.02
"BLZ","Belize","Other Renewables","2015",0
"BLZ","Belize","Solar","2015",0
"BLZ","Belize","Wind","2015",0
"BLZ","Belize","Bioenergy","2016",0.1
"BLZ","Belize","Coal","2016",0
"BLZ","Belize","Gas","2016",0
"BLZ","Belize","Hydro","2016",0.26
"BLZ","Belize","Nuclear","2016",0
"BLZ","Belize","Other Fossil","2016",0.02
"BLZ","Belize","Other Renewables","2016",0
"BLZ","Belize","Solar","2016",0
"BLZ","Belize","Wind","2016",0
"BLZ","Belize","Bioenergy","2017",0.11
"BLZ","Belize","Coal","2017",0
"BLZ","Belize","Gas","2017",0
"BLZ","Belize","Hydro","2017",0.27
"BLZ","Belize","Nuclear","2017",0
"BLZ","Belize","Other Fossil","2017",0.02
"BLZ","Belize","Other Renewables","2017",0
"BLZ","Belize","Solar","2017",0
"BLZ","Belize","Wind","2017",0
"BLZ","Belize","Bioenergy","2018",0.13
"BLZ","Belize","Coal","2018",0
"BLZ","Belize","Gas","2018",0
"BLZ","Belize","Hydro","2018",0.25
"BLZ","Belize","Nuclear","2018",0
"BLZ","Belize","Other Fossil","2018",0.03
"BLZ","Belize","Other Renewables","2018",0
"BLZ","Belize","Solar","2018",0
"BLZ","Belize","Wind","2018",0
"BLZ","Belize","Bioenergy","2019",0.15
"BLZ","Belize","Coal","2019",0
"BLZ","Belize","Gas","2019",0
"BLZ","Belize","Hydro","2019",0.29
"BLZ","Belize","Nuclear","2019",0
"BLZ","Belize","Other Fossil","2019",0.07
"BLZ","Belize","Other Renewables","2019",0
"BLZ","Belize","Solar","2019",0.01
"BLZ","Belize","Wind","2019",0
"BLZ","Belize","Bioenergy","2020",0.14
"BLZ","Belize","Coal","2020",0
"BLZ","Belize","Gas","2020",0
"BLZ","Belize","Hydro","2020",0.24
"BLZ","Belize","Nuclear","2020",0
"BLZ","Belize","Other Fossil","2020",0.05
"BLZ","Belize","Other Renewables","2020",0
"BLZ","Belize","Solar","2020",0.01
"BLZ","Belize","Wind","2020",0
"BLZ","Belize","Bioenergy","2021",0.14
"BLZ","Belize","Coal","2021",0
"BLZ","Belize","Gas","2021",0
"BLZ","Belize","Hydro","2021",0.16
"BLZ","Belize","Nuclear","2021",0
"BLZ","Belize","Other Fossil","2021",0.05
"BLZ","Belize","Other Renewables","2021",0
"BLZ","Belize","Solar","2021",0.01
"BLZ","Belize","Wind","2021",0
"BLZ","Belize","Bioenergy","2022",0.16
"BLZ","Belize","Coal","2022",0
"BLZ","Belize","Gas","2022",0
"BLZ","Belize","Hydro","2022",0.24
"BLZ","Belize","Nuclear","2022",0
"BLZ","Belize","Other Fossil","2022",0.06
"BLZ","Belize","Other Renewables","2022",0
"BLZ","Belize","Solar","2022",0.01
"BLZ","Belize","Wind","2022",0
"BLZ","Belize","Bioenergy","2023",0.15
"BLZ","Belize","Coal","2023",0
"BLZ","Belize","Gas","2023",0
"BLZ","Belize","Hydro","2023",0.24
"BLZ","Belize","Nuclear","2023",0
"BLZ","Belize","Other Fossil","2023",0.05
"BLZ","Belize","Other Renewables","2023",0
"BLZ","Belize","Solar","2023",0.01
"BLZ","Belize","Wind","2023",0
"BLZ","Belize","Bioenergy","2024",0.16
"BLZ","Belize","Coal","2024",0
"BLZ","Belize","Gas","2024",0
"BLZ","Belize","Hydro","2024",0.24
"BLZ","Belize","Nuclear","2024",0
"BLZ","Belize","Other Fossil","2024",0.06
"BLZ","Belize","Other Renewables","2024",0
"BLZ","Belize","Solar","2024",0.01
"BLZ","Belize","Wind","2024",0
"BEN","Benin","Bioenergy","2015",0
"BEN","Benin","Coal","2015",0
"BEN","Benin","Gas","2015",0.11
"BEN","Benin","Hydro","2015",0
"BEN","Benin","Nuclear","2015",0
"BEN","Benin","Other Fossil","2015",0.21
"BEN","Benin","Other Renewables","2015",0
"BEN","Benin","Solar","2015",0
"BEN","Benin","Wind","2015",0
"BEN","Benin","Bioenergy","2016",0
"BEN","Benin","Coal","2016",0
"BEN","Benin","Gas","2016",0.01
"BEN","Benin","Hydro","2016",0
"BEN","Benin","Nuclear","2016",0
"BEN","Benin","Other Fossil","2016",0.26
"BEN","Benin","Other Renewables","2016",0
"BEN","Benin","Solar","2016",0
"BEN","Benin","Wind","2016",0
"BEN","Benin","Bioenergy","2017",0
"BEN","Benin","Coal","2017",0
"BEN","Benin","Gas","2017",0.14
"BEN","Benin","Hydro","2017",0
"BEN","Benin","Nuclear","2017",0
"BEN","Benin","Other Fossil","2017",0.18
"BEN","Benin","Other Renewables","2017",0
"BEN","Benin","Solar","2017",0
"BEN","Benin","Wind","2017",0
"BEN","Benin","Bioenergy","2018",0
"BEN","Benin","Coal","2018",0
"BEN","Benin","Gas","2018",0.06
"BEN","Benin","Hydro","2018",0
"BEN","Benin","Nuclear","2018",0
"BEN","Benin","Other Fossil","2018",0.13
"BEN","Benin","Other Renewables","2018",0
"BEN","Benin","Solar","2018",0
"BEN","Benin","Wind","2018",0
"BEN","Benin","Bioenergy","2019",0
"BEN","Benin","Coal","2019",0
"BEN","Benin","Gas","2019",0.32
"BEN","Benin","Hydro","2019",0
"BEN","Benin","Nuclear","2019",0
"BEN","Benin","Other Fossil","2019",0.21
"BEN","Benin","Other Renewables","2019",0
"BEN","Benin","Solar","2019",0.01
"BEN","Benin","Wind","2019",0
"BEN","Benin","Bioenergy","2020",0
"BEN","Benin","Coal","2020",0
"BEN","Benin","Gas","2020",0.75
"BEN","Benin","Hydro","2020",0
"BEN","Benin","Nuclear","2020",0
"BEN","Benin","Other Fossil","2020",0.23
"BEN","Benin","Other Renewables","2020",0
"BEN","Benin","Solar","2020",0.01
"BEN","Benin","Wind","2020",0
"BEN","Benin","Bioenergy","2021",0
"BEN","Benin","Coal","2021",0
"BEN","Benin","Gas","2021",0.89
"BEN","Benin","Hydro","2021",0
"BEN","Benin","Nuclear","2021",0
"BEN","Benin","Other Fossil","2021",0.22
"BEN","Benin","Other Renewables","2021",0
"BEN","Benin","Solar","2021",0.02
"BEN","Benin","Wind","2021",0
"BEN","Benin","Bioenergy","2022",0
"BEN","Benin","Coal","2022",0
"BEN","Benin","Gas","2022",0.73
"BEN","Benin","Hydro","2022",0
"BEN","Benin","Nuclear","2022",0
"BEN","Benin","Other Fossil","2022",0.24
"BEN","Benin","Other Renewables","2022",0
"BEN","Benin","Solar","2022",0.02
"BEN","Benin","Wind","2022",0
"BEN","Benin","Bioenergy","2023",0
"BEN","Benin","Coal","2023",0
"BEN","Benin","Gas","2023",0.73
"BEN","Benin","Hydro","2023",0
"BEN","Benin","Nuclear","2023",0
"BEN","Benin","Other Fossil","2023",0.24
"BEN","Benin","Other Renewables","2023",0
"BEN","Benin","Solar","2023",0.03
"BEN","Benin","Wind","2023",0
"BEN","Benin","Bioenergy","2024",0
"BEN","Benin","Coal","2024",0
"BEN","Benin","Gas","2024",0.73
"BEN","Benin","Hydro","2024",0
"BEN","Benin","Nuclear","2024",0
"BEN","Benin","Other Fossil","2024",0.24
"BEN","Benin","Other Renewables","2024",0
"BEN","Benin","Solar","2024",0.04
"BEN","Benin","Wind","2024",0
"BMU","Bermuda","Bioenergy","2015",0.01
"BMU","Bermuda","Coal","2015",0
"BMU","Bermuda","Gas","2015",0
"BMU","Bermuda","Hydro","2015",0
"BMU","Bermuda","Nuclear","2015",0
"BMU","Bermuda","Other Fossil","2015",0.66
"BMU","Bermuda","Other Renewables","2015",0
"BMU","Bermuda","Solar","2015",0
"BMU","Bermuda","Wind","2015",0
"BMU","Bermuda","Bioenergy","2016",0.01
"BMU","Bermuda","Coal","2016",0
"BMU","Bermuda","Gas","2016",0
"BMU","Bermuda","Hydro","2016",0
"BMU","Bermuda","Nuclear","2016",0
"BMU","Bermuda","Other Fossil","2016",0.65
"BMU","Bermuda","Other Renewables","2016",0
"BMU","Bermuda","Solar","2016",0
"BMU","Bermuda","Wind","2016",0
"BMU","Bermuda","Bioenergy","2017",0.01
"BMU","Bermuda","Coal","2017",0
"BMU","Bermuda","Gas","2017",0
"BMU","Bermuda","Hydro","2017",0
"BMU","Bermuda","Nuclear","2017",0
"BMU","Bermuda","Other Fossil","2017",0.66
"BMU","Bermuda","Other Renewables","2017",0
"BMU","Bermuda","Solar","2017",0
"BMU","Bermuda","Wind","2017",0
"BMU","Bermuda","Bioenergy","2018",0.01
"BMU","Bermuda","Coal","2018",0
"BMU","Bermuda","Gas","2018",0
"BMU","Bermuda","Hydro","2018",0
"BMU","Bermuda","Nuclear","2018",0
"BMU","Bermuda","Other Fossil","2018",0.63
"BMU","Bermuda","Other Renewables","2018",0
"BMU","Bermuda","Solar","2018",0
"BMU","Bermuda","Wind","2018",0
"BMU","Bermuda","Bioenergy","2019",0.01
"BMU","Bermuda","Coal","2019",0
"BMU","Bermuda","Gas","2019",0
"BMU","Bermuda","Hydro","2019",0
"BMU","Bermuda","Nuclear","2019",0
"BMU","Bermuda","Other Fossil","2019",0.6
"BMU","Bermuda","Other Renewables","2019",0
"BMU","Bermuda","Solar","2019",0
"BMU","Bermuda","Wind","2019",0
"BMU","Bermuda","Bioenergy","2020",0.01
"BMU","Bermuda","Coal","2020",0
"BMU","Bermuda","Gas","2020",0
"BMU","Bermuda","Hydro","2020",0
"BMU","Bermuda","Nuclear","2020",0
"BMU","Bermuda","Other Fossil","2020",0.58
"BMU","Bermuda","Other Renewables","2020",0
"BMU","Bermuda","Solar","2020",0
"BMU","Bermuda","Wind","2020",0
"BMU","Bermuda","Bioenergy","2021",0.01
"BMU","Bermuda","Coal","2021",0
"BMU","Bermuda","Gas","2021",0
"BMU","Bermuda","Hydro","2021",0
"BMU","Bermuda","Nuclear","2021",0
"BMU","Bermuda","Other Fossil","2021",0.58
"BMU","Bermuda","Other Renewables","2021",0
"BMU","Bermuda","Solar","2021",0
"BMU","Bermuda","Wind","2021",0
"BMU","Bermuda","Bioenergy","2022",0.01
"BMU","Bermuda","Coal","2022",0
"BMU","Bermuda","Gas","2022",0
"BMU","Bermuda","Hydro","2022",0
"BMU","Bermuda","Nuclear","2022",0
"BMU","Bermuda","Other Fossil","2022",0.62
"BMU","Bermuda","Other Renewables","2022",0
"BMU","Bermuda","Solar","2022",0
"BMU","Bermuda","Wind","2022",0
"BMU","Bermuda","Bioenergy","2023",0.01
"BMU","Bermuda","Coal","2023",0
"BMU","Bermuda","Gas","2023",0
"BMU","Bermuda","Hydro","2023",0
"BMU","Bermuda","Nuclear","2023",0
"BMU","Bermuda","Other Fossil","2023",0.63
"BMU","Bermuda","Other Renewables","2023",0
"BMU","Bermuda","Solar","2023",0
"BMU","Bermuda","Wind","2023",0
"BMU","Bermuda","Bioenergy","2024",0.01
"BMU","Bermuda","Coal","2024",0
"BMU","Bermuda","Gas","2024",0
"BMU","Bermuda","Hydro","2024",0
"BMU","Bermuda","Nuclear","2024",0
"BMU","Bermuda","Other Fossil","2024",0.6
"BMU","Bermuda","Other Renewables","2024",0
"BMU","Bermuda","Solar","2024",0
"BMU","Bermuda","Wind","2024",0
"BTN","Bhutan","Bioenergy","2015",0
"BTN","Bhutan","Coal","2015",0
"BTN","Bhutan","Gas","2015",0
"BTN","Bhutan","Hydro","2015",7.73
"BTN","Bhutan","Nuclear","2015",0
"BTN","Bhutan","Other Fossil","2015",0
"BTN","Bhutan","Other Renewables","2015",0
"BTN","Bhutan","Solar","2015",0
"BTN","Bhutan","Wind","2015",0
"BTN","Bhutan","Bioenergy","2016",0
"BTN","Bhutan","Coal","2016",0
"BTN","Bhutan","Gas","2016",0
"BTN","Bhutan","Hydro","2016",7.88
"BTN","Bhutan","Nuclear","2016",0
"BTN","Bhutan","Other Fossil","2016",0
"BTN","Bhutan","Other Renewables","2016",0
"BTN","Bhutan","Solar","2016",0
"BTN","Bhutan","Wind","2016",0
"BTN","Bhutan","Bioenergy","2017",0
"BTN","Bhutan","Coal","2017",0
"BTN","Bhutan","Gas","2017",0
"BTN","Bhutan","Hydro","2017",7.65
"BTN","Bhutan","Nuclear","2017",0
"BTN","Bhutan","Other Fossil","2017",0
"BTN","Bhutan","Other Renewables","2017",0
"BTN","Bhutan","Solar","2017",0
"BTN","Bhutan","Wind","2017",0
"BTN","Bhutan","Bioenergy","2018",0
"BTN","Bhutan","Coal","2018",0
"BTN","Bhutan","Gas","2018",0
"BTN","Bhutan","Hydro","2018",6.89
"BTN","Bhutan","Nuclear","2018",0
"BTN","Bhutan","Other Fossil","2018",0
"BTN","Bhutan","Other Renewables","2018",0
"BTN","Bhutan","Solar","2018",0
"BTN","Bhutan","Wind","2018",0
"BTN","Bhutan","Bioenergy","2019",0
"BTN","Bhutan","Coal","2019",0
"BTN","Bhutan","Gas","2019",0
"BTN","Bhutan","Hydro","2019",8.65
"BTN","Bhutan","Nuclear","2019",0
"BTN","Bhutan","Other Fossil","2019",0
"BTN","Bhutan","Other Renewables","2019",0
"BTN","Bhutan","Solar","2019",0
"BTN","Bhutan","Wind","2019",0
"BTN","Bhutan","Bioenergy","2020",0
"BTN","Bhutan","Coal","2020",0
"BTN","Bhutan","Gas","2020",0
"BTN","Bhutan","Hydro","2020",11.37
"BTN","Bhutan","Nuclear","2020",0
"BTN","Bhutan","Other Fossil","2020",0
"BTN","Bhutan","Other Renewables","2020",0
"BTN","Bhutan","Solar","2020",0
"BTN","Bhutan","Wind","2020",0
"BTN","Bhutan","Bioenergy","2021",0
"BTN","Bhutan","Coal","2021",0
"BTN","Bhutan","Gas","2021",0
"BTN","Bhutan","Hydro","2021",10.82
"BTN","Bhutan","Nuclear","2021",0
"BTN","Bhutan","Other Fossil","2021",0
"BTN","Bhutan","Other Renewables","2021",0
"BTN","Bhutan","Solar","2021",0
"BTN","Bhutan","Wind","2021",0
"BTN","Bhutan","Bioenergy","2022",0
"BTN","Bhutan","Coal","2022",0
"BTN","Bhutan","Gas","2022",0
"BTN","Bhutan","Hydro","2022",10.77
"BTN","Bhutan","Nuclear","2022",0
"BTN","Bhutan","Other Fossil","2022",0
"BTN","Bhutan","Other Renewables","2022",0
"BTN","Bhutan","Solar","2022",0
"BTN","Bhutan","Wind","2022",0
"BTN","Bhutan","Bioenergy","2023",0
"BTN","Bhutan","Coal","2023",0
"BTN","Bhutan","Gas","2023",0
"BTN","Bhutan","Hydro","2023",11.16
"BTN","Bhutan","Nuclear","2023",0
"BTN","Bhutan","Other Fossil","2023",0
"BTN","Bhutan","Other Renewables","2023",0
"BTN","Bhutan","Solar","2023",0
"BTN","Bhutan","Wind","2023",0
"BTN","Bhutan","Bioenergy","2024",0
"BTN","Bhutan","Coal","2024",0
"BTN","Bhutan","Gas","2024",0
"BTN","Bhutan","Hydro","2024",11
"BTN","Bhutan","Nuclear","2024",0
"BTN","Bhutan","Other Fossil","2024",0
"BTN","Bhutan","Other Renewables","2024",0
"BTN","Bhutan","Solar","2024",0
"BTN","Bhutan","Wind","2024",0
"BOL","Bolivia","Bioenergy","2015",0.2
"BOL","Bolivia","Coal","2015",0
"BOL","Bolivia","Gas","2015",6.26
"BOL","Bolivia","Hydro","2015",2.44
"BOL","Bolivia","Nuclear","2015",0
"BOL","Bolivia","Other Fossil","2015",0.09
"BOL","Bolivia","Other Renewables","2015",0
"BOL","Bolivia","Solar","2015",0
"BOL","Bolivia","Wind","2015",0.01
"BOL","Bolivia","Bioenergy","2016",0.18
"BOL","Bolivia","Coal","2016",0
"BOL","Bolivia","Gas","2016",7.27
"BOL","Bolivia","Hydro","2016",1.7
"BOL","Bolivia","Nuclear","2016",0
"BOL","Bolivia","Other Fossil","2016",0.1
"BOL","Bolivia","Other Renewables","2016",0
"BOL","Bolivia","Solar","2016",0.01
"BOL","Bolivia","Wind","2016",0.04
"BOL","Bolivia","Bioenergy","2017",0.13
"BOL","Bolivia","Coal","2017",0
"BOL","Bolivia","Gas","2017",7.09
"BOL","Bolivia","Hydro","2017",2.21
"BOL","Bolivia","Nuclear","2017",0
"BOL","Bolivia","Other Fossil","2017",0.09
"BOL","Bolivia","Other Renewables","2017",0
"BOL","Bolivia","Solar","2017",0.01
"BOL","Bolivia","Wind","2017",0.06
"BOL","Bolivia","Bioenergy","2018",0.17
"BOL","Bolivia","Coal","2018",0
"BOL","Bolivia","Gas","2018",6.79
"BOL","Bolivia","Hydro","2018",2.61
"BOL","Bolivia","Nuclear","2018",0
"BOL","Bolivia","Other Fossil","2018",0.28
"BOL","Bolivia","Other Renewables","2018",0
"BOL","Bolivia","Solar","2018",0.13
"BOL","Bolivia","Wind","2018",0.06
"BOL","Bolivia","Bioenergy","2019",0.24
"BOL","Bolivia","Coal","2019",0
"BOL","Bolivia","Gas","2019",6.33
"BOL","Bolivia","Hydro","2019",3.25
"BOL","Bolivia","Nuclear","2019",0
"BOL","Bolivia","Other Fossil","2019",0.29
"BOL","Bolivia","Other Renewables","2019",0
"BOL","Bolivia","Solar","2019",0.19
"BOL","Bolivia","Wind","2019",0.07
"BOL","Bolivia","Bioenergy","2020",0.33
"BOL","Bolivia","Coal","2020",0
"BOL","Bolivia","Gas","2020",6.33
"BOL","Bolivia","Hydro","2020",2.94
"BOL","Bolivia","Nuclear","2020",0
"BOL","Bolivia","Other Fossil","2020",0.28
"BOL","Bolivia","Other Renewables","2020",0
"BOL","Bolivia","Solar","2020",0.33
"BOL","Bolivia","Wind","2020",0.06
"BOL","Bolivia","Bioenergy","2021",0.46
"BOL","Bolivia","Coal","2021",0
"BOL","Bolivia","Gas","2021",6.45
"BOL","Bolivia","Hydro","2021",3.24
"BOL","Bolivia","Nuclear","2021",0
"BOL","Bolivia","Other Fossil","2021",0.24
"BOL","Bolivia","Other Renewables","2021",0
"BOL","Bolivia","Solar","2021",0.35
"BOL","Bolivia","Wind","2021",0.13
"BOL","Bolivia","Bioenergy","2022",0.53
"BOL","Bolivia","Coal","2022",0
"BOL","Bolivia","Gas","2022",7.27
"BOL","Bolivia","Hydro","2022",2.85
"BOL","Bolivia","Nuclear","2022",0
"BOL","Bolivia","Other Fossil","2022",0.23
"BOL","Bolivia","Other Renewables","2022",0
"BOL","Bolivia","Solar","2022",0.35
"BOL","Bolivia","Wind","2022",0.44
"BOL","Bolivia","Bioenergy","2023",0.42
"BOL","Bolivia","Coal","2023",0
"BOL","Bolivia","Gas","2023",8.18
"BOL","Bolivia","Hydro","2023",2.97
"BOL","Bolivia","Nuclear","2023",0
"BOL","Bolivia","Other Fossil","2023",0.19
"BOL","Bolivia","Other Renewables","2023",0
"BOL","Bolivia","Solar","2023",0.35
"BOL","Bolivia","Wind","2023",0.44
"BOL","Bolivia","Bioenergy","2024",0.42
"BOL","Bolivia","Coal","2024",0
"BOL","Bolivia","Gas","2024",8.73
"BOL","Bolivia","Hydro","2024",3.3
"BOL","Bolivia","Nuclear","2024",0
"BOL","Bolivia","Other Fossil","2024",0.2
"BOL","Bolivia","Other Renewables","2024",0
"BOL","Bolivia","Solar","2024",0.4
"BOL","Bolivia","Wind","2024",0.48
"BOL","Bolivia","Bioenergy","2025",0.44
"BOL","Bolivia","Coal","2025",0
"BOL","Bolivia","Gas","2025",8.51
"BOL","Bolivia","Hydro","2025",3.8
"BOL","Bolivia","Nuclear","2025",0
"BOL","Bolivia","Other Fossil","2025",0.2
"BOL","Bolivia","Other Renewables","2025",0
"BOL","Bolivia","Solar","2025",0.4
"BOL","Bolivia","Wind","2025",0.28
"BIH","Bosnia Herzegovina","Bioenergy","2015",0
"BIH","Bosnia Herzegovina","Coal","2015",10.8
"BIH","Bosnia Herzegovina","Gas","2015",0.03
"BIH","Bosnia Herzegovina","Hydro","2015",5.54
"BIH","Bosnia Herzegovina","Nuclear","2015",0
"BIH","Bosnia Herzegovina","Other Fossil","2015",0.05
"BIH","Bosnia Herzegovina","Other Renewables","2015",0
"BIH","Bosnia Herzegovina","Solar","2015",0.01
"BIH","Bosnia Herzegovina","Wind","2015",0
"BIH","Bosnia Herzegovina","Bioenergy","2016",0
"BIH","Bosnia Herzegovina","Coal","2016",12.02
"BIH","Bosnia Herzegovina","Gas","2016",0.02
"BIH","Bosnia Herzegovina","Hydro","2016",5.59
"BIH","Bosnia Herzegovina","Nuclear","2016",0
"BIH","Bosnia Herzegovina","Other Fossil","2016",0.06
"BIH","Bosnia Herzegovina","Other Renewables","2016",0
"BIH","Bosnia Herzegovina","Solar","2016",0.02
"BIH","Bosnia Herzegovina","Wind","2016",0
"BIH","Bosnia Herzegovina","Bioenergy","2017",0.01
"BIH","Bosnia Herzegovina","Coal","2017",12.34
"BIH","Bosnia Herzegovina","Gas","2017",0.02
"BIH","Bosnia Herzegovina","Hydro","2017",3.79
"BIH","Bosnia Herzegovina","Nuclear","2017",0
"BIH","Bosnia Herzegovina","Other Fossil","2017",0.06
"BIH","Bosnia Herzegovina","Other Renewables","2017",0
"BIH","Bosnia Herzegovina","Solar","2017",0.02
"BIH","Bosnia Herzegovina","Wind","2017",0
"BIH","Bosnia Herzegovina","Bioenergy","2018",0.01
"BIH","Bosnia Herzegovina","Coal","2018",12.44
"BIH","Bosnia Herzegovina","Gas","2018",0.03
"BIH","Bosnia Herzegovina","Hydro","2018",6.42
"BIH","Bosnia Herzegovina","Nuclear","2018",0
"BIH","Bosnia Herzegovina","Other Fossil","2018",0.05
"BIH","Bosnia Herzegovina","Other Renewables","2018",0
"BIH","Bosnia Herzegovina","Solar","2018",0.02
"BIH","Bosnia Herzegovina","Wind","2018",0.1
"BIH","Bosnia Herzegovina","Bioenergy","2019",0.01
"BIH","Bosnia Herzegovina","Coal","2019",10.96
"BIH","Bosnia Herzegovina","Gas","2019",0.02
"BIH","Bosnia Herzegovina","Hydro","2019",6.1
"BIH","Bosnia Herzegovina","Nuclear","2019",0
"BIH","Bosnia Herzegovina","Other Fossil","2019",0.05
"BIH","Bosnia Herzegovina","Other Renewables","2019",0
"BIH","Bosnia Herzegovina","Solar","2019",0.03
"BIH","Bosnia Herzegovina","Wind","2019",0.25
"BIH","Bosnia Herzegovina","Bioenergy","2020",0.01
"BIH","Bosnia Herzegovina","Coal","2020",11.85
"BIH","Bosnia Herzegovina","Gas","2020",0
"BIH","Bosnia Herzegovina","Hydro","2020",4.58
"BIH","Bosnia Herzegovina","Nuclear","2020",0
"BIH","Bosnia Herzegovina","Other Fossil","2020",0.04
"BIH","Bosnia Herzegovina","Other Renewables","2020",0
"BIH","Bosnia Herzegovina","Solar","2020",0.05
"BIH","Bosnia Herzegovina","Wind","2020",0.26
"BIH","Bosnia Herzegovina","Bioenergy","2021",0.04
"BIH","Bosnia Herzegovina","Coal","2021",11.2
"BIH","Bosnia Herzegovina","Gas","2021",0
"BIH","Bosnia Herzegovina","Hydro","2021",6.69
"BIH","Bosnia Herzegovina","Nuclear","2021",0
"BIH","Bosnia Herzegovina","Other Fossil","2021",0.03
"BIH","Bosnia Herzegovina","Other Renewables","2021",0
"BIH","Bosnia Herzegovina","Solar","2021",0.07
"BIH","Bosnia Herzegovina","Wind","2021",0.38
"BIH","Bosnia Herzegovina","Bioenergy","2022",0.03
"BIH","Bosnia Herzegovina","Coal","2022",11.05
"BIH","Bosnia Herzegovina","Gas","2022",0.01
"BIH","Bosnia Herzegovina","Hydro","2022",4.71
"BIH","Bosnia Herzegovina","Nuclear","2022",0
"BIH","Bosnia Herzegovina","Other Fossil","2022",0.05
"BIH","Bosnia Herzegovina","Other Renewables","2022",0
"BIH","Bosnia Herzegovina","Solar","2022",0.11
"BIH","Bosnia Herzegovina","Wind","2022",0.39
"BIH","Bosnia Herzegovina","Bioenergy","2023",0.04
"BIH","Bosnia Herzegovina","Coal","2023",9.7
"BIH","Bosnia Herzegovina","Gas","2023",0.01
"BIH","Bosnia Herzegovina","Hydro","2023",6.75
"BIH","Bosnia Herzegovina","Nuclear","2023",0
"BIH","Bosnia Herzegovina","Other Fossil","2023",0.07
"BIH","Bosnia Herzegovina","Other Renewables","2023",0
"BIH","Bosnia Herzegovina","Solar","2023",0.25
"BIH","Bosnia Herzegovina","Wind","2023",0.36
"BIH","Bosnia Herzegovina","Bioenergy","2024",0.04
"BIH","Bosnia Herzegovina","Coal","2024",9.13
"BIH","Bosnia Herzegovina","Gas","2024",0
"BIH","Bosnia Herzegovina","Hydro","2024",5.44
"BIH","Bosnia Herzegovina","Nuclear","2024",0
"BIH","Bosnia Herzegovina","Other Fossil","2024",0.15
"BIH","Bosnia Herzegovina","Other Renewables","2024",0
"BIH","Bosnia Herzegovina","Solar","2024",0.39
"BIH","Bosnia Herzegovina","Wind","2024",0.37
"BIH","Bosnia Herzegovina","Bioenergy","2025",0.04
"BIH","Bosnia Herzegovina","Coal","2025",8.08
"BIH","Bosnia Herzegovina","Gas","2025",0
"BIH","Bosnia Herzegovina","Hydro","2025",5.29
"BIH","Bosnia Herzegovina","Nuclear","2025",0
"BIH","Bosnia Herzegovina","Other Fossil","2025",0.15
"BIH","Bosnia Herzegovina","Other Renewables","2025",0
"BIH","Bosnia Herzegovina","Solar","2025",0.59
"BIH","Bosnia Herzegovina","Wind","2025",0.37
"BWA","Botswana","Bioenergy","2015",0
"BWA","Botswana","Coal","2015",2.86
"BWA","Botswana","Gas","2015",0
"BWA","Botswana","Hydro","2015",0
"BWA","Botswana","Nuclear","2015",0
"BWA","Botswana","Other Fossil","2015",0.11
"BWA","Botswana","Other Renewables","2015",0
"BWA","Botswana","Solar","2015",0
"BWA","Botswana","Wind","2015",0
"BWA","Botswana","Bioenergy","2016",0
"BWA","Botswana","Coal","2016",2.68
"BWA","Botswana","Gas","2016",0
"BWA","Botswana","Hydro","2016",0
"BWA","Botswana","Nuclear","2016",0
"BWA","Botswana","Other Fossil","2016",0.01
"BWA","Botswana","Other Renewables","2016",0
"BWA","Botswana","Solar","2016",0
"BWA","Botswana","Wind","2016",0
"BWA","Botswana","Bioenergy","2017",0
"BWA","Botswana","Coal","2017",3.01
"BWA","Botswana","Gas","2017",0
"BWA","Botswana","Hydro","2017",0
"BWA","Botswana","Nuclear","2017",0
"BWA","Botswana","Other Fossil","2017",0.01
"BWA","Botswana","Other Renewables","2017",0
"BWA","Botswana","Solar","2017",0
"BWA","Botswana","Wind","2017",0
"BWA","Botswana","Bioenergy","2018",0
"BWA","Botswana","Coal","2018",3.09
"BWA","Botswana","Gas","2018",0
"BWA","Botswana","Hydro","2018",0
"BWA","Botswana","Nuclear","2018",0
"BWA","Botswana","Other Fossil","2018",0.01
"BWA","Botswana","Other Renewables","2018",0
"BWA","Botswana","Solar","2018",0.01
"BWA","Botswana","Wind","2018",0
"BWA","Botswana","Bioenergy","2019",0
"BWA","Botswana","Coal","2019",2.5
"BWA","Botswana","Gas","2019",0
"BWA","Botswana","Hydro","2019",0
"BWA","Botswana","Nuclear","2019",0
"BWA","Botswana","Other Fossil","2019",0
"BWA","Botswana","Other Renewables","2019",0
"BWA","Botswana","Solar","2019",0.01
"BWA","Botswana","Wind","2019",0
"BWA","Botswana","Bioenergy","2020",0
"BWA","Botswana","Coal","2020",2.12
"BWA","Botswana","Gas","2020",0
"BWA","Botswana","Hydro","2020",0
"BWA","Botswana","Nuclear","2020",0
"BWA","Botswana","Other Fossil","2020",0.05
"BWA","Botswana","Other Renewables","2020",0
"BWA","Botswana","Solar","2020",0.01
"BWA","Botswana","Wind","2020",0
"BWA","Botswana","Bioenergy","2021",0
"BWA","Botswana","Coal","2021",2.39
"BWA","Botswana","Gas","2021",0
"BWA","Botswana","Hydro","2021",0
"BWA","Botswana","Nuclear","2021",0
"BWA","Botswana","Other Fossil","2021",0.09
"BWA","Botswana","Other Renewables","2021",0
"BWA","Botswana","Solar","2021",0.01
"BWA","Botswana","Wind","2021",0
"BWA","Botswana","Bioenergy","2022",0
"BWA","Botswana","Coal","2022",2.45
"BWA","Botswana","Gas","2022",0
"BWA","Botswana","Hydro","2022",0
"BWA","Botswana","Nuclear","2022",0
"BWA","Botswana","Other Fossil","2022",0.1
"BWA","Botswana","Other Renewables","2022",0
"BWA","Botswana","Solar","2022",0.01
"BWA","Botswana","Wind","2022",0
"BWA","Botswana","Bioenergy","2023",0
"BWA","Botswana","Coal","2023",3.19
"BWA","Botswana","Gas","2023",0
"BWA","Botswana","Hydro","2023",0
"BWA","Botswana","Nuclear","2023",0
"BWA","Botswana","Other Fossil","2023",0.03
"BWA","Botswana","Other Renewables","2023",0
"BWA","Botswana","Solar","2023",0.01
"BWA","Botswana","Wind","2023",0
"BWA","Botswana","Bioenergy","2024",0
"BWA","Botswana","Coal","2024",3.37
"BWA","Botswana","Gas","2024",0
"BWA","Botswana","Hydro","2024",0
"BWA","Botswana","Nuclear","2024",0
"BWA","Botswana","Other Fossil","2024",0.05
"BWA","Botswana","Other Renewables","2024",0
"BWA","Botswana","Solar","2024",0.01
"BWA","Botswana","Wind","2024",0
"BRA","Brazil","Bioenergy","2015",49.88
"BRA","Brazil","Coal","2015",26.98
"BRA","Brazil","Gas","2015",79.49
"BRA","Brazil","Hydro","2015",359.74
"BRA","Brazil","Nuclear","2015",14.73
"BRA","Brazil","Other Fossil","2015",28.71
"BRA","Brazil","Solar","2015",0.06
"BRA","Brazil","Wind","2015",21.63
"BRA","Brazil","Bioenergy","2016",51.33
"BRA","Brazil","Coal","2016",25.67
"BRA","Brazil","Gas","2016",56.48
"BRA","Brazil","Hydro","2016",380.91
"BRA","Brazil","Nuclear","2016",15.86
"BRA","Brazil","Other Fossil","2016",15.06
"BRA","Brazil","Solar","2016",0.09
"BRA","Brazil","Wind","2016",33.49
"BRA","Brazil","Bioenergy","2017",52.91
"BRA","Brazil","Coal","2017",22.85
"BRA","Brazil","Gas","2017",65.59
"BRA","Brazil","Hydro","2017",370.91
"BRA","Brazil","Nuclear","2017",15.74
"BRA","Brazil","Other Fossil","2017",18.12
"BRA","Brazil","Solar","2017",0.83
"BRA","Brazil","Wind","2017",42.37
"BRA","Brazil","Bioenergy","2018",54.38
"BRA","Brazil","Coal","2018",20.8
"BRA","Brazil","Gas","2018",54.62
"BRA","Brazil","Hydro","2018",388.97
"BRA","Brazil","Nuclear","2018",15.67
"BRA","Brazil","Other Fossil","2018",15.01
"BRA","Brazil","Solar","2018",3.46
"BRA","Brazil","Wind","2018",48.48
"BRA","Brazil","Bioenergy","2019",54.92
"BRA","Brazil","Coal","2019",21.68
"BRA","Brazil","Gas","2019",65.96
"BRA","Brazil","Hydro","2019",397.88
"BRA","Brazil","Nuclear","2019",16.13
"BRA","Brazil","Other Fossil","2019",14.12
"BRA","Brazil","Solar","2019",6.65
"BRA","Brazil","Wind","2019",55.99
"BRA","Brazil","Bioenergy","2020",58.74
"BRA","Brazil","Coal","2020",17.75
"BRA","Brazil","Gas","2020",59.48
"BRA","Brazil","Hydro","2020",396.38
"BRA","Brazil","Nuclear","2020",14.05
"BRA","Brazil","Other Fossil","2020",14.56
"BRA","Brazil","Solar","2020",10.75
"BRA","Brazil","Wind","2020",57.05
"BRA","Brazil","Bioenergy","2021",56.01
"BRA","Brazil","Coal","2021",24.24
"BRA","Brazil","Gas","2021",86.96
"BRA","Brazil","Hydro","2021",362.82
"BRA","Brazil","Nuclear","2021",14.7
"BRA","Brazil","Other Fossil","2021",22.63
"BRA","Brazil","Solar","2021",16.75
"BRA","Brazil","Wind","2021",72.29
"BRA","Brazil","Bioenergy","2022",55.02
"BRA","Brazil","Coal","2022",14.4
"BRA","Brazil","Gas","2022",42.11
"BRA","Brazil","Hydro","2022",427.11
"BRA","Brazil","Nuclear","2022",14.56
"BRA","Brazil","Other Fossil","2022",12.2
"BRA","Brazil","Solar","2022",30.13
"BRA","Brazil","Wind","2022",81.63
"BRA","Brazil","Bioenergy","2023",57.76
"BRA","Brazil","Coal","2023",13.31
"BRA","Brazil","Gas","2023",38.59
"BRA","Brazil","Hydro","2023",426
"BRA","Brazil","Nuclear","2023",14.5
"BRA","Brazil","Other Fossil","2023",11.53
"BRA","Brazil","Solar","2023",50.63
"BRA","Brazil","Wind","2023",95.8
"BRA","Brazil","Bioenergy","2024",58.24
"BRA","Brazil","Coal","2024",16.21
"BRA","Brazil","Gas","2024",48.76
"BRA","Brazil","Hydro","2024",413.21
"BRA","Brazil","Nuclear","2024",15.78
"BRA","Brazil","Other Fossil","2024",13.71
"BRA","Brazil","Solar","2024",71.32
"BRA","Brazil","Wind","2024",108.49
"BRA","Brazil","Bioenergy","2025",55.12
"BRA","Brazil","Coal","2025",17.19
"BRA","Brazil","Gas","2025",54.85
"BRA","Brazil","Hydro","2025",388.63
"BRA","Brazil","Nuclear","2025",15.87
"BRA","Brazil","Other Fossil","2025",12.65
"BRA","Brazil","Solar","2025",88.64
"BRA","Brazil","Wind","2025",117.58
"BRN","Brunei Darussalam","Bioenergy","2015",0
"BRN","Brunei Darussalam","Coal","2015",0
"BRN","Brunei Darussalam","Gas","2015",4.16
"BRN","Brunei Darussalam","Hydro","2015",0
"BRN","Brunei Darussalam","Nuclear","2015",0
"BRN","Brunei Darussalam","Other Fossil","2015",0.04
"BRN","Brunei Darussalam","Other Renewables","2015",0
"BRN","Brunei Darussalam","Solar","2015",0
"BRN","Brunei Darussalam","Wind","2015",0
"BRN","Brunei Darussalam","Bioenergy","2016",0
"BRN","Brunei Darussalam","Coal","2016",0
"BRN","Brunei Darussalam","Gas","2016",4.22
"BRN","Brunei Darussalam","Hydro","2016",0
"BRN","Brunei Darussalam","Nuclear","2016",0
"BRN","Brunei Darussalam","Other Fossil","2016",0.05
"BRN","Brunei Darussalam","Other Renewables","2016",0
"BRN","Brunei Darussalam","Solar","2016",0
"BRN","Brunei Darussalam","Wind","2016",0
"BRN","Brunei Darussalam","Bioenergy","2017",0
"BRN","Brunei Darussalam","Coal","2017",0
"BRN","Brunei Darussalam","Gas","2017",4.11
"BRN","Brunei Darussalam","Hydro","2017",0
"BRN","Brunei Darussalam","Nuclear","2017",0
"BRN","Brunei Darussalam","Other Fossil","2017",0.05
"BRN","Brunei Darussalam","Other Renewables","2017",0
"BRN","Brunei Darussalam","Solar","2017",0
"BRN","Brunei Darussalam","Wind","2017",0
"BRN","Brunei Darussalam","Bioenergy","2018",0
"BRN","Brunei Darussalam","Coal","2018",0
"BRN","Brunei Darussalam","Gas","2018",4.25
"BRN","Brunei Darussalam","Hydro","2018",0
"BRN","Brunei Darussalam","Nuclear","2018",0
"BRN","Brunei Darussalam","Other Fossil","2018",0.05
"BRN","Brunei Darussalam","Other Renewables","2018",0
"BRN","Brunei Darussalam","Solar","2018",0
"BRN","Brunei Darussalam","Wind","2018",0
"BRN","Brunei Darussalam","Bioenergy","2019",0
"BRN","Brunei Darussalam","Coal","2019",0.48
"BRN","Brunei Darussalam","Gas","2019",4.4
"BRN","Brunei Darussalam","Hydro","2019",0
"BRN","Brunei Darussalam","Nuclear","2019",0
"BRN","Brunei Darussalam","Other Fossil","2019",0.05
"BRN","Brunei Darussalam","Other Renewables","2019",0
"BRN","Brunei Darussalam","Solar","2019",0
"BRN","Brunei Darussalam","Wind","2019",0
"BRN","Brunei Darussalam","Bioenergy","2020",0
"BRN","Brunei Darussalam","Coal","2020",1.23
"BRN","Brunei Darussalam","Gas","2020",4.47
"BRN","Brunei Darussalam","Hydro","2020",0
"BRN","Brunei Darussalam","Nuclear","2020",0
"BRN","Brunei Darussalam","Other Fossil","2020",0.04
"BRN","Brunei Darussalam","Other Renewables","2020",0
"BRN","Brunei Darussalam","Solar","2020",0
"BRN","Brunei Darussalam","Wind","2020",0
"BRN","Brunei Darussalam","Bioenergy","2021",0
"BRN","Brunei Darussalam","Coal","2021",1.24
"BRN","Brunei Darussalam","Gas","2021",4.42
"BRN","Brunei Darussalam","Hydro","2021",0
"BRN","Brunei Darussalam","Nuclear","2021",0
"BRN","Brunei Darussalam","Other Fossil","2021",0.04
"BRN","Brunei Darussalam","Other Renewables","2021",0
"BRN","Brunei Darussalam","Solar","2021",0
"BRN","Brunei Darussalam","Wind","2021",0
"BRN","Brunei Darussalam","Bioenergy","2022",0
"BRN","Brunei Darussalam","Coal","2022",1.21
"BRN","Brunei Darussalam","Gas","2022",4.34
"BRN","Brunei Darussalam","Hydro","2022",0
"BRN","Brunei Darussalam","Nuclear","2022",0
"BRN","Brunei Darussalam","Other Fossil","2022",0.05
"BRN","Brunei Darussalam","Other Renewables","2022",0
"BRN","Brunei Darussalam","Solar","2022",0
"BRN","Brunei Darussalam","Wind","2022",0
"BRN","Brunei Darussalam","Bioenergy","2023",0
"BRN","Brunei Darussalam","Coal","2023",1.14
"BRN","Brunei Darussalam","Gas","2023",4.42
"BRN","Brunei Darussalam","Hydro","2023",0
"BRN","Brunei Darussalam","Nuclear","2023",0
"BRN","Brunei Darussalam","Other Fossil","2023",0.04
"BRN","Brunei Darussalam","Other Renewables","2023",0
"BRN","Brunei Darussalam","Solar","2023",0
"BRN","Brunei Darussalam","Wind","2023",0
"BRN","Brunei Darussalam","Bioenergy","2024",0
"BRN","Brunei Darussalam","Coal","2024",1.1
"BRN","Brunei Darussalam","Gas","2024",4.4
"BRN","Brunei Darussalam","Hydro","2024",0
"BRN","Brunei Darussalam","Nuclear","2024",0
"BRN","Brunei Darussalam","Other Fossil","2024",0.05
"BRN","Brunei Darussalam","Other Renewables","2024",0
"BRN","Brunei Darussalam","Solar","2024",0.01
"BRN","Brunei Darussalam","Wind","2024",0
"BGR","Bulgaria","Bioenergy","2015",0.27
"BGR","Bulgaria","Coal","2015",22.53
"BGR","Bulgaria","Gas","2015",1.86
"BGR","Bulgaria","Hydro","2015",5.65
"BGR","Bulgaria","Nuclear","2015",15.38
"BGR","Bulgaria","Other Fossil","2015",0.19
"BGR","Bulgaria","Other Renewables","2015",0
"BGR","Bulgaria","Solar","2015",1.38
"BGR","Bulgaria","Wind","2015",1.45
"BGR","Bulgaria","Bioenergy","2016",0.35
"BGR","Bulgaria","Coal","2016",19.37
"BGR","Bulgaria","Gas","2016",2.05
"BGR","Bulgaria","Hydro","2016",3.88
"BGR","Bulgaria","Nuclear","2016",15.78
"BGR","Bulgaria","Other Fossil","2016",0.29
"BGR","Bulgaria","Other Renewables","2016",0
"BGR","Bulgaria","Solar","2016",1.39
"BGR","Bulgaria","Wind","2016",1.42
"BGR","Bulgaria","Bioenergy","2017",0.4
"BGR","Bulgaria","Coal","2017",20.92
"BGR","Bulgaria","Gas","2017",1.93
"BGR","Bulgaria","Hydro","2017",2.83
"BGR","Bulgaria","Nuclear","2017",15.55
"BGR","Bulgaria","Other Fossil","2017",0.31
"BGR","Bulgaria","Other Renewables","2017",0
"BGR","Bulgaria","Solar","2017",1.4
"BGR","Bulgaria","Wind","2017",1.5
"BGR","Bulgaria","Bioenergy","2018",1.57
"BGR","Bulgaria","Coal","2018",18.66
"BGR","Bulgaria","Gas","2018",2.02
"BGR","Bulgaria","Hydro","2018",5.15
"BGR","Bulgaria","Nuclear","2018",16.13
"BGR","Bulgaria","Other Fossil","2018",0.32
"BGR","Bulgaria","Other Renewables","2018",0
"BGR","Bulgaria","Solar","2018",1.34
"BGR","Bulgaria","Wind","2018",1.32
"BGR","Bulgaria","Bioenergy","2019",1.82
"BGR","Bulgaria","Coal","2019",17.2
"BGR","Bulgaria","Gas","2019",2.15
"BGR","Bulgaria","Hydro","2019",2.93
"BGR","Bulgaria","Nuclear","2019",16.56
"BGR","Bulgaria","Other Fossil","2019",0.32
"BGR","Bulgaria","Other Renewables","2019",0
"BGR","Bulgaria","Solar","2019",1.42
"BGR","Bulgaria","Wind","2019",1.32
"BGR","Bulgaria","Bioenergy","2020",1.7
"BGR","Bulgaria","Coal","2020",13.51
"BGR","Bulgaria","Gas","2020",2.29
"BGR","Bulgaria","Hydro","2020",2.82
"BGR","Bulgaria","Nuclear","2020",16.63
"BGR","Bulgaria","Other Fossil","2020",0.24
"BGR","Bulgaria","Other Renewables","2020",0
"BGR","Bulgaria","Solar","2020",1.47
"BGR","Bulgaria","Wind","2020",1.48
"BGR","Bulgaria","Bioenergy","2021",2.59
"BGR","Bulgaria","Coal","2021",17.09
"BGR","Bulgaria","Gas","2021",3.05
"BGR","Bulgaria","Hydro","2021",4.82
"BGR","Bulgaria","Nuclear","2021",16.49
"BGR","Bulgaria","Other Fossil","2021",0.28
"BGR","Bulgaria","Other Renewables","2021",0
"BGR","Bulgaria","Solar","2021",1.47
"BGR","Bulgaria","Wind","2021",1.43
"BGR","Bulgaria","Bioenergy","2022",2.24
"BGR","Bulgaria","Coal","2022",21.79
"BGR","Bulgaria","Gas","2022",2.05
"BGR","Bulgaria","Hydro","2022",3.8
"BGR","Bulgaria","Nuclear","2022",16.46
"BGR","Bulgaria","Other Fossil","2022",0.35
"BGR","Bulgaria","Other Renewables","2022",0
"BGR","Bulgaria","Solar","2022",2.09
"BGR","Bulgaria","Wind","2022",1.5
"BGR","Bulgaria","Bioenergy","2023",1.87
"BGR","Bulgaria","Coal","2023",11.73
"BGR","Bulgaria","Gas","2023",1.94
"BGR","Bulgaria","Hydro","2023",3.08
"BGR","Bulgaria","Nuclear","2023",16.16
"BGR","Bulgaria","Other Fossil","2023",0.2
"BGR","Bulgaria","Other Renewables","2023",0
"BGR","Bulgaria","Solar","2023",3.52
"BGR","Bulgaria","Wind","2023",1.58
"BGR","Bulgaria","Bioenergy","2024",1.72
"BGR","Bulgaria","Coal","2024",8.76
"BGR","Bulgaria","Gas","2024",2.04
"BGR","Bulgaria","Hydro","2024",2.79
"BGR","Bulgaria","Nuclear","2024",15.78
"BGR","Bulgaria","Other Fossil","2024",0.26
"BGR","Bulgaria","Other Renewables","2024",0
"BGR","Bulgaria","Solar","2024",5.49
"BGR","Bulgaria","Wind","2024",1.46
"BGR","Bulgaria","Bioenergy","2025",1.71
"BGR","Bulgaria","Coal","2025",8.55
"BGR","Bulgaria","Gas","2025",1.85
"BGR","Bulgaria","Hydro","2025",2.53
"BGR","Bulgaria","Nuclear","2025",14.85
"BGR","Bulgaria","Other Fossil","2025",0.26
"BGR","Bulgaria","Other Renewables","2025",0
"BGR","Bulgaria","Solar","2025",6.91
"BGR","Bulgaria","Wind","2025",1.32
"BFA","Burkina Faso","Bioenergy","2015",0
"BFA","Burkina Faso","Coal","2015",0
"BFA","Burkina Faso","Gas","2015",0
"BFA","Burkina Faso","Hydro","2015",0.09
"BFA","Burkina Faso","Nuclear","2015",0
"BFA","Burkina Faso","Other Fossil","2015",0.91
"BFA","Burkina Faso","Other Renewables","2015",0
"BFA","Burkina Faso","Solar","2015",0.01
"BFA","Burkina Faso","Wind","2015",0
"BFA","Burkina Faso","Bioenergy","2016",0
"BFA","Burkina Faso","Coal","2016",0
"BFA","Burkina Faso","Gas","2016",0
"BFA","Burkina Faso","Hydro","2016",0.14
"BFA","Burkina Faso","Nuclear","2016",0
"BFA","Burkina Faso","Other Fossil","2016",0.83
"BFA","Burkina Faso","Other Renewables","2016",0
"BFA","Burkina Faso","Solar","2016",0.02
"BFA","Burkina Faso","Wind","2016",0
"BFA","Burkina Faso","Bioenergy","2017",0
"BFA","Burkina Faso","Coal","2017",0
"BFA","Burkina Faso","Gas","2017",0
"BFA","Burkina Faso","Hydro","2017",0.13
"BFA","Burkina Faso","Nuclear","2017",0
"BFA","Burkina Faso","Other Fossil","2017",0.96
"BFA","Burkina Faso","Other Renewables","2017",0
"BFA","Burkina Faso","Solar","2017",0.03
"BFA","Burkina Faso","Wind","2017",0
"BFA","Burkina Faso","Bioenergy","2018",0.05
"BFA","Burkina Faso","Coal","2018",0
"BFA","Burkina Faso","Gas","2018",0
"BFA","Burkina Faso","Hydro","2018",0.13
"BFA","Burkina Faso","Nuclear","2018",0
"BFA","Burkina Faso","Other Fossil","2018",1.6
"BFA","Burkina Faso","Other Renewables","2018",0
"BFA","Burkina Faso","Solar","2018",0.09
"BFA","Burkina Faso","Wind","2018",0
"BFA","Burkina Faso","Bioenergy","2019",0.06
"BFA","Burkina Faso","Coal","2019",0
"BFA","Burkina Faso","Gas","2019",0
"BFA","Burkina Faso","Hydro","2019",0.11
"BFA","Burkina Faso","Nuclear","2019",0
"BFA","Burkina Faso","Other Fossil","2019",1.34
"BFA","Burkina Faso","Other Renewables","2019",0
"BFA","Burkina Faso","Solar","2019",0.09
"BFA","Burkina Faso","Wind","2019",0
"BFA","Burkina Faso","Bioenergy","2020",0.1
"BFA","Burkina Faso","Coal","2020",0
"BFA","Burkina Faso","Gas","2020",0
"BFA","Burkina Faso","Hydro","2020",0.11
"BFA","Burkina Faso","Nuclear","2020",0
"BFA","Burkina Faso","Other Fossil","2020",1.29
"BFA","Burkina Faso","Other Renewables","2020",0
"BFA","Burkina Faso","Solar","2020",0.09
"BFA","Burkina Faso","Wind","2020",0
"BFA","Burkina Faso","Bioenergy","2021",0.09
"BFA","Burkina Faso","Coal","2021",0
"BFA","Burkina Faso","Gas","2021",0
"BFA","Burkina Faso","Hydro","2021",0.13
"BFA","Burkina Faso","Nuclear","2021",0
"BFA","Burkina Faso","Other Fossil","2021",1.4
"BFA","Burkina Faso","Other Renewables","2021",0
"BFA","Burkina Faso","Solar","2021",0.09
"BFA","Burkina Faso","Wind","2021",0
"BFA","Burkina Faso","Bioenergy","2022",0.09
"BFA","Burkina Faso","Coal","2022",0
"BFA","Burkina Faso","Gas","2022",0
"BFA","Burkina Faso","Hydro","2022",0.08
"BFA","Burkina Faso","Nuclear","2022",0
"BFA","Burkina Faso","Other Fossil","2022",1.43
"BFA","Burkina Faso","Other Renewables","2022",0
"BFA","Burkina Faso","Solar","2022",0.09
"BFA","Burkina Faso","Wind","2022",0
"BFA","Burkina Faso","Bioenergy","2023",0.09
"BFA","Burkina Faso","Coal","2023",0
"BFA","Burkina Faso","Gas","2023",0
"BFA","Burkina Faso","Hydro","2023",0.09
"BFA","Burkina Faso","Nuclear","2023",0
"BFA","Burkina Faso","Other Fossil","2023",1.42
"BFA","Burkina Faso","Other Renewables","2023",0
"BFA","Burkina Faso","Solar","2023",0.09
"BFA","Burkina Faso","Wind","2023",0
"BFA","Burkina Faso","Bioenergy","2024",0.09
"BFA","Burkina Faso","Coal","2024",0
"BFA","Burkina Faso","Gas","2024",0
"BFA","Burkina Faso","Hydro","2024",0.09
"BFA","Burkina Faso","Nuclear","2024",0
"BFA","Burkina Faso","Other Fossil","2024",1.4
"BFA","Burkina Faso","Other Renewables","2024",0
"BFA","Burkina Faso","Solar","2024",0.11
"BFA","Burkina Faso","Wind","2024",0
"BDI","Burundi","Bioenergy","2015",0.01
"BDI","Burundi","Coal","2015",0
"BDI","Burundi","Gas","2015",0
"BDI","Burundi","Hydro","2015",0.14
"BDI","Burundi","Nuclear","2015",0
"BDI","Burundi","Other Fossil","2015",0.03
"BDI","Burundi","Other Renewables","2015",0
"BDI","Burundi","Solar","2015",0
"BDI","Burundi","Wind","2015",0
"BDI","Burundi","Bioenergy","2016",0.01
"BDI","Burundi","Coal","2016",0
"BDI","Burundi","Gas","2016",0
"BDI","Burundi","Hydro","2016",0.14
"BDI","Burundi","Nuclear","2016",0
"BDI","Burundi","Other Fossil","2016",0.02
"BDI","Burundi","Other Renewables","2016",0
"BDI","Burundi","Solar","2016",0.01
"BDI","Burundi","Wind","2016",0
"BDI","Burundi","Bioenergy","2017",0.01
"BDI","Burundi","Coal","2017",0
"BDI","Burundi","Gas","2017",0
"BDI","Burundi","Hydro","2017",0.19
"BDI","Burundi","Nuclear","2017",0
"BDI","Burundi","Other Fossil","2017",0.07
"BDI","Burundi","Other Renewables","2017",0
"BDI","Burundi","Solar","2017",0.01
"BDI","Burundi","Wind","2017",0
"BDI","Burundi","Bioenergy","2018",0.01
"BDI","Burundi","Coal","2018",0
"BDI","Burundi","Gas","2018",0
"BDI","Burundi","Hydro","2018",0.24
"BDI","Burundi","Nuclear","2018",0
"BDI","Burundi","Other Fossil","2018",0.1
"BDI","Burundi","Other Renewables","2018",0
"BDI","Burundi","Solar","2018",0
"BDI","Burundi","Wind","2018",0
"BDI","Burundi","Bioenergy","2019",0.01
"BDI","Burundi","Coal","2019",0
"BDI","Burundi","Gas","2019",0
"BDI","Burundi","Hydro","2019",0.26
"BDI","Burundi","Nuclear","2019",0
"BDI","Burundi","Other Fossil","2019",0.12
"BDI","Burundi","Other Renewables","2019",0
"BDI","Burundi","Solar","2019",0
"BDI","Burundi","Wind","2019",0
"BDI","Burundi","Bioenergy","2020",0.01
"BDI","Burundi","Coal","2020",0
"BDI","Burundi","Gas","2020",0
"BDI","Burundi","Hydro","2020",0.27
"BDI","Burundi","Nuclear","2020",0
"BDI","Burundi","Other Fossil","2020",0.09
"BDI","Burundi","Other Renewables","2020",0
"BDI","Burundi","Solar","2020",0
"BDI","Burundi","Wind","2020",0
"BDI","Burundi","Bioenergy","2021",0.01
"BDI","Burundi","Coal","2021",0
"BDI","Burundi","Gas","2021",0
"BDI","Burundi","Hydro","2021",0.26
"BDI","Burundi","Nuclear","2021",0
"BDI","Burundi","Other Fossil","2021",0.12
"BDI","Burundi","Other Renewables","2021",0
"BDI","Burundi","Solar","2021",0
"BDI","Burundi","Wind","2021",0
"BDI","Burundi","Bioenergy","2022",0.01
"BDI","Burundi","Coal","2022",0
"BDI","Burundi","Gas","2022",0
"BDI","Burundi","Hydro","2022",0.26
"BDI","Burundi","Nuclear","2022",0
"BDI","Burundi","Other Fossil","2022",0.12
"BDI","Burundi","Other Renewables","2022",0
"BDI","Burundi","Solar","2022",0
"BDI","Burundi","Wind","2022",0
"BDI","Burundi","Bioenergy","2023",0.01
"BDI","Burundi","Coal","2023",0
"BDI","Burundi","Gas","2023",0
"BDI","Burundi","Hydro","2023",0.37
"BDI","Burundi","Nuclear","2023",0
"BDI","Burundi","Other Fossil","2023",0.12
"BDI","Burundi","Other Renewables","2023",0
"BDI","Burundi","Solar","2023",0
"BDI","Burundi","Wind","2023",0
"BDI","Burundi","Bioenergy","2024",0.01
"BDI","Burundi","Coal","2024",0
"BDI","Burundi","Gas","2024",0
"BDI","Burundi","Hydro","2024",0.36
"BDI","Burundi","Nuclear","2024",0
"BDI","Burundi","Other Fossil","2024",0.12
"BDI","Burundi","Other Renewables","2024",0
"BDI","Burundi","Solar","2024",0
"BDI","Burundi","Wind","2024",0
"CPV","Cabo Verde","Bioenergy","2015",0
"CPV","Cabo Verde","Coal","2015",0
"CPV","Cabo Verde","Gas","2015",0
"CPV","Cabo Verde","Hydro","2015",0
"CPV","Cabo Verde","Nuclear","2015",0
"CPV","Cabo Verde","Other Fossil","2015",0.34
"CPV","Cabo Verde","Other Renewables","2015",0
"CPV","Cabo Verde","Solar","2015",0.01
"CPV","Cabo Verde","Wind","2015",0.08
"CPV","Cabo Verde","Bioenergy","2016",0
"CPV","Cabo Verde","Coal","2016",0
"CPV","Cabo Verde","Gas","2016",0
"CPV","Cabo Verde","Hydro","2016",0
"CPV","Cabo Verde","Nuclear","2016",0
"CPV","Cabo Verde","Other Fossil","2016",0.36
"CPV","Cabo Verde","Other Renewables","2016",0
"CPV","Cabo Verde","Solar","2016",0.01
"CPV","Cabo Verde","Wind","2016",0.08
"CPV","Cabo Verde","Bioenergy","2017",0
"CPV","Cabo Verde","Coal","2017",0
"CPV","Cabo Verde","Gas","2017",0
"CPV","Cabo Verde","Hydro","2017",0
"CPV","Cabo Verde","Nuclear","2017",0
"CPV","Cabo Verde","Other Fossil","2017",0.35
"CPV","Cabo Verde","Other Renewables","2017",0
"CPV","Cabo Verde","Solar","2017",0.01
"CPV","Cabo Verde","Wind","2017",0.07
"CPV","Cabo Verde","Bioenergy","2018",0
"CPV","Cabo Verde","Coal","2018",0
"CPV","Cabo Verde","Gas","2018",0
"CPV","Cabo Verde","Hydro","2018",0
"CPV","Cabo Verde","Nuclear","2018",0
"CPV","Cabo Verde","Other Fossil","2018",0.34
"CPV","Cabo Verde","Other Renewables","2018",0
"CPV","Cabo Verde","Solar","2018",0.01
"CPV","Cabo Verde","Wind","2018",0.08
"CPV","Cabo Verde","Bioenergy","2019",0
"CPV","Cabo Verde","Coal","2019",0
"CPV","Cabo Verde","Gas","2019",0
"CPV","Cabo Verde","Hydro","2019",0
"CPV","Cabo Verde","Nuclear","2019",0
"CPV","Cabo Verde","Other Fossil","2019",0.36
"CPV","Cabo Verde","Other Renewables","2019",0
"CPV","Cabo Verde","Solar","2019",0.01
"CPV","Cabo Verde","Wind","2019",0.07
"CPV","Cabo Verde","Bioenergy","2020",0
"CPV","Cabo Verde","Coal","2020",0
"CPV","Cabo Verde","Gas","2020",0
"CPV","Cabo Verde","Hydro","2020",0
"CPV","Cabo Verde","Nuclear","2020",0
"CPV","Cabo Verde","Other Fossil","2020",0.35
"CPV","Cabo Verde","Other Renewables","2020",0
"CPV","Cabo Verde","Solar","2020",0.01
"CPV","Cabo Verde","Wind","2020",0.06
"CPV","Cabo Verde","Bioenergy","2021",0
"CPV","Cabo Verde","Coal","2021",0
"CPV","Cabo Verde","Gas","2021",0
"CPV","Cabo Verde","Hydro","2021",0
"CPV","Cabo Verde","Nuclear","2021",0
"CPV","Cabo Verde","Other Fossil","2021",0.35
"CPV","Cabo Verde","Other Renewables","2021",0
"CPV","Cabo Verde","Solar","2021",0.01
"CPV","Cabo Verde","Wind","2021",0.07
"CPV","Cabo Verde","Bioenergy","2022",0
"CPV","Cabo Verde","Coal","2022",0
"CPV","Cabo Verde","Gas","2022",0
"CPV","Cabo Verde","Hydro","2022",0
"CPV","Cabo Verde","Nuclear","2022",0
"CPV","Cabo Verde","Other Fossil","2022",0.36
"CPV","Cabo Verde","Other Renewables","2022",0
"CPV","Cabo Verde","Solar","2022",0.07
"CPV","Cabo Verde","Wind","2022",0.07
"CPV","Cabo Verde","Bioenergy","2023",0
"CPV","Cabo Verde","Coal","2023",0
"CPV","Cabo Verde","Gas","2023",0
"CPV","Cabo Verde","Hydro","2023",0
"CPV","Cabo Verde","Nuclear","2023",0
"CPV","Cabo Verde","Other Fossil","2023",0.36
"CPV","Cabo Verde","Other Renewables","2023",0
"CPV","Cabo Verde","Solar","2023",0.07
"CPV","Cabo Verde","Wind","2023",0.07
"CPV","Cabo Verde","Bioenergy","2024",0
"CPV","Cabo Verde","Coal","2024",0
"CPV","Cabo Verde","Gas","2024",0
"CPV","Cabo Verde","Hydro","2024",0
"CPV","Cabo Verde","Nuclear","2024",0
"CPV","Cabo Verde","Other Fossil","2024",0.36
"CPV","Cabo Verde","Other Renewables","2024",0
"CPV","Cabo Verde","Solar","2024",0.08
"CPV","Cabo Verde","Wind","2024",0.08
"KHM","Cambodia","Bioenergy","2015",0.04
"KHM","Cambodia","Coal","2015",2.13
"KHM","Cambodia","Hydro","2015",2.16
"KHM","Cambodia","Other Fossil","2015",0.16
"KHM","Cambodia","Solar","2015",0
"KHM","Cambodia","Bioenergy","2016",0.04
"KHM","Cambodia","Coal","2016",2.39
"KHM","Cambodia","Hydro","2016",2.57
"KHM","Cambodia","Other Fossil","2016",0.48
"KHM","Cambodia","Solar","2016",0
"KHM","Cambodia","Bioenergy","2017",0.06
"KHM","Cambodia","Coal","2017",3.57
"KHM","Cambodia","Hydro","2017",2.71
"KHM","Cambodia","Other Fossil","2017",0.29
"KHM","Cambodia","Solar","2017",0
"KHM","Cambodia","Bioenergy","2018",0.06
"KHM","Cambodia","Coal","2018",3.06
"KHM","Cambodia","Hydro","2018",4.74
"KHM","Cambodia","Other Fossil","2018",0.3
"KHM","Cambodia","Solar","2018",0.02
"KHM","Cambodia","Bioenergy","2019",0.09
"KHM","Cambodia","Coal","2019",3.73
"KHM","Cambodia","Hydro","2019",4.03
"KHM","Cambodia","Other Fossil","2019",0.73
"KHM","Cambodia","Solar","2019",0.09
"KHM","Cambodia","Bioenergy","2020",0
"KHM","Cambodia","Coal","2020",2.92
"KHM","Cambodia","Hydro","2020",3.86
"KHM","Cambodia","Other Fossil","2020",0.45
"KHM","Cambodia","Solar","2020",0.29
"KHM","Cambodia","Bioenergy","2021",0.05
"KHM","Cambodia","Coal","2021",3.46
"KHM","Cambodia","Hydro","2021",5.04
"KHM","Cambodia","Other Fossil","2021",0.55
"KHM","Cambodia","Solar","2021",0.61
"KHM","Cambodia","Bioenergy","2022",0.01
"KHM","Cambodia","Coal","2022",3.14
"KHM","Cambodia","Hydro","2022",5.9
"KHM","Cambodia","Other Fossil","2022",0.35
"KHM","Cambodia","Solar","2022",0.7
"KHM","Cambodia","Bioenergy","2023",0.07
"KHM","Cambodia","Coal","2023",7.82
"KHM","Cambodia","Hydro","2023",4.84
"KHM","Cambodia","Other Fossil","2023",0.05
"KHM","Cambodia","Solar","2023",0.82
"KHM","Cambodia","Bioenergy","2024",0.08
"KHM","Cambodia","Coal","2024",9.43
"KHM","Cambodia","Hydro","2024",4.37
"KHM","Cambodia","Other Fossil","2024",0.53
"KHM","Cambodia","Solar","2024",1.07
"KHM","Cambodia","Bioenergy","2025",0.06
"KHM","Cambodia","Coal","2025",10.05
"KHM","Cambodia","Hydro","2025",5.31
"KHM","Cambodia","Other Fossil","2025",0.45
"KHM","Cambodia","Solar","2025",1.89
"CMR","Cameroon","Bioenergy","2015",0.04
"CMR","Cameroon","Coal","2015",0
"CMR","Cameroon","Gas","2015",1.49
"CMR","Cameroon","Hydro","2015",4.32
"CMR","Cameroon","Nuclear","2015",0
"CMR","Cameroon","Other Fossil","2015",2.1
"CMR","Cameroon","Other Renewables","2015",0
"CMR","Cameroon","Solar","2015",0.01
"CMR","Cameroon","Wind","2015",0
"CMR","Cameroon","Bioenergy","2016",0.04
"CMR","Cameroon","Coal","2016",0
"CMR","Cameroon","Gas","2016",1.59
"CMR","Cameroon","Hydro","2016",4.33
"CMR","Cameroon","Nuclear","2016",0
"CMR","Cameroon","Other Fossil","2016",1.14
"CMR","Cameroon","Other Renewables","2016",0
"CMR","Cameroon","Solar","2016",0.01
"CMR","Cameroon","Wind","2016",0
"CMR","Cameroon","Bioenergy","2017",0.04
"CMR","Cameroon","Coal","2017",0
"CMR","Cameroon","Gas","2017",1.77
"CMR","Cameroon","Hydro","2017",5.04
"CMR","Cameroon","Nuclear","2017",0
"CMR","Cameroon","Other Fossil","2017",1.18
"CMR","Cameroon","Other Renewables","2017",0
"CMR","Cameroon","Solar","2017",0.02
"CMR","Cameroon","Wind","2017",0
"CMR","Cameroon","Bioenergy","2018",0.04
"CMR","Cameroon","Coal","2018",0
"CMR","Cameroon","Gas","2018",2.3
"CMR","Cameroon","Hydro","2018",4.97
"CMR","Cameroon","Nuclear","2018",0
"CMR","Cameroon","Other Fossil","2018",1.21
"CMR","Cameroon","Other Renewables","2018",0
"CMR","Cameroon","Solar","2018",0.02
"CMR","Cameroon","Wind","2018",0
"CMR","Cameroon","Bioenergy","2019",0.04
"CMR","Cameroon","Coal","2019",0
"CMR","Cameroon","Gas","2019",2.17
"CMR","Cameroon","Hydro","2019",5.03
"CMR","Cameroon","Nuclear","2019",0
"CMR","Cameroon","Other Fossil","2019",1.02
"CMR","Cameroon","Other Renewables","2019",0
"CMR","Cameroon","Solar","2019",0.02
"CMR","Cameroon","Wind","2019",0
"CMR","Cameroon","Bioenergy","2020",0.04
"CMR","Cameroon","Coal","2020",0
"CMR","Cameroon","Gas","2020",2.68
"CMR","Cameroon","Hydro","2020",5.23
"CMR","Cameroon","Nuclear","2020",0
"CMR","Cameroon","Other Fossil","2020",0.83
"CMR","Cameroon","Other Renewables","2020",0
"CMR","Cameroon","Solar","2020",0.02
"CMR","Cameroon","Wind","2020",0
"CMR","Cameroon","Bioenergy","2021",0.04
"CMR","Cameroon","Coal","2021",0
"CMR","Cameroon","Gas","2021",2.29
"CMR","Cameroon","Hydro","2021",5.23
"CMR","Cameroon","Nuclear","2021",0
"CMR","Cameroon","Other Fossil","2021",0.83
"CMR","Cameroon","Other Renewables","2021",0
"CMR","Cameroon","Solar","2021",0.02
"CMR","Cameroon","Wind","2021",0
"CMR","Cameroon","Bioenergy","2022",0.04
"CMR","Cameroon","Coal","2022",0
"CMR","Cameroon","Gas","2022",1.99
"CMR","Cameroon","Hydro","2022",5.23
"CMR","Cameroon","Nuclear","2022",0
"CMR","Cameroon","Other Fossil","2022",0.87
"CMR","Cameroon","Other Renewables","2022",0
"CMR","Cameroon","Solar","2022",0.02
"CMR","Cameroon","Wind","2022",0
"CMR","Cameroon","Bioenergy","2023",0.04
"CMR","Cameroon","Coal","2023",0
"CMR","Cameroon","Gas","2023",1.59
"CMR","Cameroon","Hydro","2023",5.23
"CMR","Cameroon","Nuclear","2023",0
"CMR","Cameroon","Other Fossil","2023",0.34
"CMR","Cameroon","Other Renewables","2023",0
"CMR","Cameroon","Solar","2023",0.02
"CMR","Cameroon","Wind","2023",0
"CMR","Cameroon","Bioenergy","2024",0.04
"CMR","Cameroon","Coal","2024",0
"CMR","Cameroon","Gas","2024",1.6
"CMR","Cameroon","Hydro","2024",5.23
"CMR","Cameroon","Nuclear","2024",0
"CMR","Cameroon","Other Fossil","2024",0.35
"CMR","Cameroon","Other Renewables","2024",0
"CMR","Cameroon","Solar","2024",0.04
"CMR","Cameroon","Wind","2024",0
"CAN","Canada","Bioenergy","2015",9.99
"CAN","Canada","Coal","2015",64.96
"CAN","Canada","Gas","2015",67.98
"CAN","Canada","Hydro","2015",382.19
"CAN","Canada","Nuclear","2015",101.1
"CAN","Canada","Other Fossil","2015",5
"CAN","Canada","Solar","2015",2.89
"CAN","Canada","Wind","2015",26.97
"CAN","Canada","Bioenergy","2016",11.36
"CAN","Canada","Coal","2016",65.02
"CAN","Canada","Gas","2016",65.82
"CAN","Canada","Hydro","2016",385.43
"CAN","Canada","Nuclear","2016",100.72
"CAN","Canada","Other Fossil","2016",4.84
"CAN","Canada","Solar","2016",3.01
"CAN","Canada","Wind","2016",30.93
"CAN","Canada","Bioenergy","2017",11.15
"CAN","Canada","Coal","2017",62.81
"CAN","Canada","Gas","2017",61.46
"CAN","Canada","Hydro","2017",394.59
"CAN","Canada","Nuclear","2017",100.6
"CAN","Canada","Other Fossil","2017",3.92
"CAN","Canada","Solar","2017",3.31
"CAN","Canada","Wind","2017",31.51
"CAN","Canada","Bioenergy","2018",10.54
"CAN","Canada","Coal","2018",53.02
"CAN","Canada","Gas","2018",70.74
"CAN","Canada","Hydro","2018",385.89
"CAN","Canada","Nuclear","2018",100.03
"CAN","Canada","Other Fossil","2018",4.02
"CAN","Canada","Solar","2018",3.49
"CAN","Canada","Wind","2018",33.47
"CAN","Canada","Bioenergy","2019",10.31
"CAN","Canada","Coal","2019",50.14
"CAN","Canada","Gas","2019",72.94
"CAN","Canada","Hydro","2019",381.77
"CAN","Canada","Nuclear","2019",100.49
"CAN","Canada","Other Fossil","2019",3.42
"CAN","Canada","Solar","2019",3.75
"CAN","Canada","Wind","2019",32.88
"CAN","Canada","Bioenergy","2020",10.41
"CAN","Canada","Coal","2020",39.04
"CAN","Canada","Gas","2020",75.59
"CAN","Canada","Hydro","2020",386.55
"CAN","Canada","Nuclear","2020",97.51
"CAN","Canada","Other Fossil","2020",6.96
"CAN","Canada","Solar","2020",4.07
"CAN","Canada","Wind","2020",35.76
"CAN","Canada","Bioenergy","2021",10.55
"CAN","Canada","Coal","2021",34.83
"CAN","Canada","Gas","2021",83.6
"CAN","Canada","Hydro","2021",382.43
"CAN","Canada","Nuclear","2021",91.98
"CAN","Canada","Other Fossil","2021",6.6
"CAN","Canada","Solar","2021",5.11
"CAN","Canada","Wind","2021",37.3
"CAN","Canada","Bioenergy","2022",9.52
"CAN","Canada","Coal","2022",26.49
"CAN","Canada","Gas","2022",90.44
"CAN","Canada","Hydro","2022",397.73
"CAN","Canada","Nuclear","2022",86.63
"CAN","Canada","Other Fossil","2022",8.05
"CAN","Canada","Solar","2022",5.74
"CAN","Canada","Wind","2022",39.48
"CAN","Canada","Bioenergy","2023",9.8
"CAN","Canada","Coal","2023",23.74
"CAN","Canada","Gas","2023",102.88
"CAN","Canada","Hydro","2023",360.74
"CAN","Canada","Nuclear","2023",88.43
"CAN","Canada","Other Fossil","2023",6.89
"CAN","Canada","Solar","2023",8.4
"CAN","Canada","Wind","2023",40.51
"CAN","Canada","Bioenergy","2024",9.83
"CAN","Canada","Coal","2024",25.14
"CAN","Canada","Gas","2024",109.6
"CAN","Canada","Hydro","2024",343.2
"CAN","Canada","Nuclear","2024",85.47
"CAN","Canada","Other Fossil","2024",7.3
"CAN","Canada","Solar","2024",9.42
"CAN","Canada","Wind","2024",46.83
"CAN","Canada","Bioenergy","2025",10.45
"CAN","Canada","Coal","2025",26.05
"CAN","Canada","Gas","2025",116.61
"CAN","Canada","Hydro","2025",344.74
"CAN","Canada","Nuclear","2025",85.32
"CAN","Canada","Other Fossil","2025",7.61
"CAN","Canada","Solar","2025",10.17
"CAN","Canada","Wind","2025",51.48
"CYM","Cayman Islands (the)","Bioenergy","2015",0
"CYM","Cayman Islands (the)","Coal","2015",0
"CYM","Cayman Islands (the)","Gas","2015",0
"CYM","Cayman Islands (the)","Hydro","2015",0
"CYM","Cayman Islands (the)","Nuclear","2015",0
"CYM","Cayman Islands (the)","Other Fossil","2015",0.64
"CYM","Cayman Islands (the)","Other Renewables","2015",0
"CYM","Cayman Islands (the)","Solar","2015",0
"CYM","Cayman Islands (the)","Wind","2015",0
"CYM","Cayman Islands (the)","Bioenergy","2016",0
"CYM","Cayman Islands (the)","Coal","2016",0
"CYM","Cayman Islands (the)","Gas","2016",0
"CYM","Cayman Islands (the)","Hydro","2016",0
"CYM","Cayman Islands (the)","Nuclear","2016",0
"CYM","Cayman Islands (the)","Other Fossil","2016",0.67
"CYM","Cayman Islands (the)","Other Renewables","2016",0
"CYM","Cayman Islands (the)","Solar","2016",0
"CYM","Cayman Islands (the)","Wind","2016",0
"CYM","Cayman Islands (the)","Bioenergy","2017",0
"CYM","Cayman Islands (the)","Coal","2017",0
"CYM","Cayman Islands (the)","Gas","2017",0
"CYM","Cayman Islands (the)","Hydro","2017",0
"CYM","Cayman Islands (the)","Nuclear","2017",0
"CYM","Cayman Islands (the)","Other Fossil","2017",0.67
"CYM","Cayman Islands (the)","Other Renewables","2017",0
"CYM","Cayman Islands (the)","Solar","2017",0.01
"CYM","Cayman Islands (the)","Wind","2017",0
"CYM","Cayman Islands (the)","Bioenergy","2018",0
"CYM","Cayman Islands (the)","Coal","2018",0
"CYM","Cayman Islands (the)","Gas","2018",0
"CYM","Cayman Islands (the)","Hydro","2018",0
"CYM","Cayman Islands (the)","Nuclear","2018",0
"CYM","Cayman Islands (the)","Other Fossil","2018",0.66
"CYM","Cayman Islands (the)","Other Renewables","2018",0
"CYM","Cayman Islands (the)","Solar","2018",0.01
"CYM","Cayman Islands (the)","Wind","2018",0
"CYM","Cayman Islands (the)","Bioenergy","2019",0
"CYM","Cayman Islands (the)","Coal","2019",0
"CYM","Cayman Islands (the)","Gas","2019",0
"CYM","Cayman Islands (the)","Hydro","2019",0
"CYM","Cayman Islands (the)","Nuclear","2019",0
"CYM","Cayman Islands (the)","Other Fossil","2019",0.7
"CYM","Cayman Islands (the)","Other Renewables","2019",0
"CYM","Cayman Islands (the)","Solar","2019",0.02
"CYM","Cayman Islands (the)","Wind","2019",0
"CYM","Cayman Islands (the)","Bioenergy","2020",0
"CYM","Cayman Islands (the)","Coal","2020",0
"CYM","Cayman Islands (the)","Gas","2020",0
"CYM","Cayman Islands (the)","Hydro","2020",0
"CYM","Cayman Islands (the)","Nuclear","2020",0
"CYM","Cayman Islands (the)","Other Fossil","2020",0.67
"CYM","Cayman Islands (the)","Other Renewables","2020",0
"CYM","Cayman Islands (the)","Solar","2020",0.02
"CYM","Cayman Islands (the)","Wind","2020",0
"CYM","Cayman Islands (the)","Bioenergy","2021",0
"CYM","Cayman Islands (the)","Coal","2021",0
"CYM","Cayman Islands (the)","Gas","2021",0
"CYM","Cayman Islands (the)","Hydro","2021",0
"CYM","Cayman Islands (the)","Nuclear","2021",0
"CYM","Cayman Islands (the)","Other Fossil","2021",0.68
"CYM","Cayman Islands (the)","Other Renewables","2021",0
"CYM","Cayman Islands (the)","Solar","2021",0.02
"CYM","Cayman Islands (the)","Wind","2021",0
"CYM","Cayman Islands (the)","Bioenergy","2022",0
"CYM","Cayman Islands (the)","Coal","2022",0
"CYM","Cayman Islands (the)","Gas","2022",0
"CYM","Cayman Islands (the)","Hydro","2022",0
"CYM","Cayman Islands (the)","Nuclear","2022",0
"CYM","Cayman Islands (the)","Other Fossil","2022",0.68
"CYM","Cayman Islands (the)","Other Renewables","2022",0
"CYM","Cayman Islands (the)","Solar","2022",0.02
"CYM","Cayman Islands (the)","Wind","2022",0
"CYM","Cayman Islands (the)","Bioenergy","2023",0
"CYM","Cayman Islands (the)","Coal","2023",0
"CYM","Cayman Islands (the)","Gas","2023",0
"CYM","Cayman Islands (the)","Hydro","2023",0
"CYM","Cayman Islands (the)","Nuclear","2023",0
"CYM","Cayman Islands (the)","Other Fossil","2023",0.68
"CYM","Cayman Islands (the)","Other Renewables","2023",0
"CYM","Cayman Islands (the)","Solar","2023",0.02
"CYM","Cayman Islands (the)","Wind","2023",0
"CYM","Cayman Islands (the)","Bioenergy","2024",0
"CYM","Cayman Islands (the)","Coal","2024",0
"CYM","Cayman Islands (the)","Gas","2024",0
"CYM","Cayman Islands (the)","Hydro","2024",0
"CYM","Cayman Islands (the)","Nuclear","2024",0
"CYM","Cayman Islands (the)","Other Fossil","2024",0.68
"CYM","Cayman Islands (the)","Other Renewables","2024",0
"CYM","Cayman Islands (the)","Solar","2024",0.03
"CYM","Cayman Islands (the)","Wind","2024",0
"CAF","Central African Republic (the)","Bioenergy","2015",0
"CAF","Central African Republic (the)","Coal","2015",0
"CAF","Central African Republic (the)","Gas","2015",0
"CAF","Central African Republic (the)","Hydro","2015",0.17
"CAF","Central African Republic (the)","Nuclear","2015",0
"CAF","Central African Republic (the)","Other Fossil","2015",0
"CAF","Central African Republic (the)","Other Renewables","2015",0
"CAF","Central African Republic (the)","Solar","2015",0
"CAF","Central African Republic (the)","Wind","2015",0
"CAF","Central African Republic (the)","Bioenergy","2016",0
"CAF","Central African Republic (the)","Coal","2016",0
"CAF","Central African Republic (the)","Gas","2016",0
"CAF","Central African Republic (the)","Hydro","2016",0.17
"CAF","Central African Republic (the)","Nuclear","2016",0
"CAF","Central African Republic (the)","Other Fossil","2016",0
"CAF","Central African Republic (the)","Other Renewables","2016",0
"CAF","Central African Republic (the)","Solar","2016",0
"CAF","Central African Republic (the)","Wind","2016",0
"CAF","Central African Republic (the)","Bioenergy","2017",0
"CAF","Central African Republic (the)","Coal","2017",0
"CAF","Central African Republic (the)","Gas","2017",0
"CAF","Central African Republic (the)","Hydro","2017",0.15
"CAF","Central African Republic (the)","Nuclear","2017",0
"CAF","Central African Republic (the)","Other Fossil","2017",0
"CAF","Central African Republic (the)","Other Renewables","2017",0
"CAF","Central African Republic (the)","Solar","2017",0
"CAF","Central African Republic (the)","Wind","2017",0
"CAF","Central African Republic (the)","Bioenergy","2018",0
"CAF","Central African Republic (the)","Coal","2018",0
"CAF","Central African Republic (the)","Gas","2018",0
"CAF","Central African Republic (the)","Hydro","2018",0.15
"CAF","Central African Republic (the)","Nuclear","2018",0
"CAF","Central African Republic (the)","Other Fossil","2018",0
"CAF","Central African Republic (the)","Other Renewables","2018",0
"CAF","Central African Republic (the)","Solar","2018",0
"CAF","Central African Republic (the)","Wind","2018",0
"CAF","Central African Republic (the)","Bioenergy","2019",0
"CAF","Central African Republic (the)","Coal","2019",0
"CAF","Central African Republic (the)","Gas","2019",0
"CAF","Central African Republic (the)","Hydro","2019",0.15
"CAF","Central African Republic (the)","Nuclear","2019",0
"CAF","Central African Republic (the)","Other Fossil","2019",0
"CAF","Central African Republic (the)","Other Renewables","2019",0
"CAF","Central African Republic (the)","Solar","2019",0
"CAF","Central African Republic (the)","Wind","2019",0
"CAF","Central African Republic (the)","Bioenergy","2020",0
"CAF","Central African Republic (the)","Coal","2020",0
"CAF","Central African Republic (the)","Gas","2020",0
"CAF","Central African Republic (the)","Hydro","2020",0.15
"CAF","Central African Republic (the)","Nuclear","2020",0
"CAF","Central African Republic (the)","Other Fossil","2020",0
"CAF","Central African Republic (the)","Other Renewables","2020",0
"CAF","Central African Republic (the)","Solar","2020",0
"CAF","Central African Republic (the)","Wind","2020",0
"CAF","Central African Republic (the)","Bioenergy","2021",0
"CAF","Central African Republic (the)","Coal","2021",0
"CAF","Central African Republic (the)","Gas","2021",0
"CAF","Central African Republic (the)","Hydro","2021",0.15
"CAF","Central African Republic (the)","Nuclear","2021",0
"CAF","Central African Republic (the)","Other Fossil","2021",0
"CAF","Central African Republic (the)","Other Renewables","2021",0
"CAF","Central African Republic (the)","Solar","2021",0
"CAF","Central African Republic (the)","Wind","2021",0
"CAF","Central African Republic (the)","Bioenergy","2022",0
"CAF","Central African Republic (the)","Coal","2022",0
"CAF","Central African Republic (the)","Gas","2022",0
"CAF","Central African Republic (the)","Hydro","2022",0.14
"CAF","Central African Republic (the)","Nuclear","2022",0
"CAF","Central African Republic (the)","Other Fossil","2022",0
"CAF","Central African Republic (the)","Other Renewables","2022",0
"CAF","Central African Republic (the)","Solar","2022",0
"CAF","Central African Republic (the)","Wind","2022",0
"CAF","Central African Republic (the)","Bioenergy","2023",0
"CAF","Central African Republic (the)","Coal","2023",0
"CAF","Central African Republic (the)","Gas","2023",0
"CAF","Central African Republic (the)","Hydro","2023",0.14
"CAF","Central African Republic (the)","Nuclear","2023",0
"CAF","Central African Republic (the)","Other Fossil","2023",0
"CAF","Central African Republic (the)","Other Renewables","2023",0
"CAF","Central African Republic (the)","Solar","2023",0
"CAF","Central African Republic (the)","Wind","2023",0
"TCD","Chad","Bioenergy","2015",0.01
"TCD","Chad","Coal","2015",0
"TCD","Chad","Gas","2015",0
"TCD","Chad","Hydro","2015",0
"TCD","Chad","Nuclear","2015",0
"TCD","Chad","Other Fossil","2015",0.29
"TCD","Chad","Other Renewables","2015",0
"TCD","Chad","Solar","2015",0
"TCD","Chad","Wind","2015",0
"TCD","Chad","Bioenergy","2016",0.01
"TCD","Chad","Coal","2016",0
"TCD","Chad","Gas","2016",0
"TCD","Chad","Hydro","2016",0
"TCD","Chad","Nuclear","2016",0
"TCD","Chad","Other Fossil","2016",0.29
"TCD","Chad","Other Renewables","2016",0
"TCD","Chad","Solar","2016",0
"TCD","Chad","Wind","2016",0.01
"TCD","Chad","Bioenergy","2017",0.01
"TCD","Chad","Coal","2017",0
"TCD","Chad","Gas","2017",0
"TCD","Chad","Hydro","2017",0
"TCD","Chad","Nuclear","2017",0
"TCD","Chad","Other Fossil","2017",0.3
"TCD","Chad","Other Renewables","2017",0
"TCD","Chad","Solar","2017",0
"TCD","Chad","Wind","2017",0.01
"TCD","Chad","Bioenergy","2018",0.01
"TCD","Chad","Coal","2018",0
"TCD","Chad","Gas","2018",0
"TCD","Chad","Hydro","2018",0
"TCD","Chad","Nuclear","2018",0
"TCD","Chad","Other Fossil","2018",0.32
"TCD","Chad","Other Renewables","2018",0
"TCD","Chad","Solar","2018",0
"TCD","Chad","Wind","2018",0.01
"TCD","Chad","Bioenergy","2019",0.01
"TCD","Chad","Coal","2019",0
"TCD","Chad","Gas","2019",0
"TCD","Chad","Hydro","2019",0
"TCD","Chad","Nuclear","2019",0
"TCD","Chad","Other Fossil","2019",0.33
"TCD","Chad","Other Renewables","2019",0
"TCD","Chad","Solar","2019",0
"TCD","Chad","Wind","2019",0.01
"TCD","Chad","Bioenergy","2020",0.01
"TCD","Chad","Coal","2020",0
"TCD","Chad","Gas","2020",0
"TCD","Chad","Hydro","2020",0
"TCD","Chad","Nuclear","2020",0
"TCD","Chad","Other Fossil","2020",0.33
"TCD","Chad","Other Renewables","2020",0
"TCD","Chad","Solar","2020",0
"TCD","Chad","Wind","2020",0.01
"TCD","Chad","Bioenergy","2021",0.01
"TCD","Chad","Coal","2021",0
"TCD","Chad","Gas","2021",0
"TCD","Chad","Hydro","2021",0
"TCD","Chad","Nuclear","2021",0
"TCD","Chad","Other Fossil","2021",0.41
"TCD","Chad","Other Renewables","2021",0
"TCD","Chad","Solar","2021",0
"TCD","Chad","Wind","2021",0.01
"TCD","Chad","Bioenergy","2022",0.01
"TCD","Chad","Coal","2022",0
"TCD","Chad","Gas","2022",0
"TCD","Chad","Hydro","2022",0
"TCD","Chad","Nuclear","2022",0
"TCD","Chad","Other Fossil","2022",0.37
"TCD","Chad","Other Renewables","2022",0
"TCD","Chad","Solar","2022",0
"TCD","Chad","Wind","2022",0.01
"TCD","Chad","Bioenergy","2023",0.01
"TCD","Chad","Coal","2023",0
"TCD","Chad","Gas","2023",0
"TCD","Chad","Hydro","2023",0
"TCD","Chad","Nuclear","2023",0
"TCD","Chad","Other Fossil","2023",0.34
"TCD","Chad","Other Renewables","2023",0
"TCD","Chad","Solar","2023",0
"TCD","Chad","Wind","2023",0.01
"TCD","Chad","Bioenergy","2024",0.01
"TCD","Chad","Coal","2024",0
"TCD","Chad","Gas","2024",0
"TCD","Chad","Hydro","2024",0
"TCD","Chad","Nuclear","2024",0
"TCD","Chad","Other Fossil","2024",0.35
"TCD","Chad","Other Renewables","2024",0
"TCD","Chad","Solar","2024",0
"TCD","Chad","Wind","2024",0.01
"CHL","Chile","Bioenergy","2015",5.61
"CHL","Chile","Coal","2015",28.03
"CHL","Chile","Gas","2015",11.36
"CHL","Chile","Hydro","2015",23.4
"CHL","Chile","Nuclear","2015",0
"CHL","Chile","Other Fossil","2015",3.16
"CHL","Chile","Other Renewables","2015",0
"CHL","Chile","Solar","2015",1.24
"CHL","Chile","Wind","2015",2.11
"CHL","Chile","Bioenergy","2016",5.96
"CHL","Chile","Coal","2016",30.26
"CHL","Chile","Gas","2016",11.85
"CHL","Chile","Hydro","2016",22.81
"CHL","Chile","Nuclear","2016",0
"CHL","Chile","Other Fossil","2016",2.91
"CHL","Chile","Other Renewables","2016",0
"CHL","Chile","Solar","2016",2.59
"CHL","Chile","Wind","2016",2.45
"CHL","Chile","Bioenergy","2017",6.06
"CHL","Chile","Coal","2017",29.3
"CHL","Chile","Gas","2017",13.35
"CHL","Chile","Hydro","2017",20.89
"CHL","Chile","Nuclear","2017",0
"CHL","Chile","Other Fossil","2017",1.91
"CHL","Chile","Other Renewables","2017",0.06
"CHL","Chile","Solar","2017",3.84
"CHL","Chile","Wind","2017",3.52
"CHL","Chile","Bioenergy","2018",5.69
"CHL","Chile","Coal","2018",29.89
"CHL","Chile","Gas","2018",13.08
"CHL","Chile","Hydro","2018",22.9
"CHL","Chile","Nuclear","2018",0
"CHL","Chile","Other Fossil","2018",1.29
"CHL","Chile","Other Renewables","2018",0.21
"CHL","Chile","Solar","2018",5.12
"CHL","Chile","Wind","2018",3.58
"CHL","Chile","Bioenergy","2019",5.39
"CHL","Chile","Coal","2019",28.13
"CHL","Chile","Gas","2019",15.87
"CHL","Chile","Hydro","2019",22.03
"CHL","Chile","Nuclear","2019",0
"CHL","Chile","Other Fossil","2019",1.17
"CHL","Chile","Other Renewables","2019",0.2
"CHL","Chile","Solar","2019",6.3
"CHL","Chile","Wind","2019",4.89
"CHL","Chile","Bioenergy","2020",5.24
"CHL","Chile","Coal","2020",26.07
"CHL","Chile","Gas","2020",15.29
"CHL","Chile","Hydro","2020",21.93
"CHL","Chile","Nuclear","2020",0
"CHL","Chile","Other Fossil","2020",1.73
"CHL","Chile","Other Renewables","2020",0.24
"CHL","Chile","Solar","2020",7.53
"CHL","Chile","Wind","2020",5.55
"CHL","Chile","Bioenergy","2021",5.61
"CHL","Chile","Coal","2021",26.07
"CHL","Chile","Gas","2021",15.9
"CHL","Chile","Hydro","2021",18.96
"CHL","Chile","Nuclear","2021",0
"CHL","Chile","Other Fossil","2021",3.06
"CHL","Chile","Other Renewables","2021",0.32
"CHL","Chile","Solar","2021",10.56
"CHL","Chile","Wind","2021",7.62
"CHL","Chile","Bioenergy","2022",4.64
"CHL","Chile","Coal","2022",21.52
"CHL","Chile","Gas","2022",16.09
"CHL","Chile","Hydro","2022",20.68
"CHL","Chile","Nuclear","2022",0
"CHL","Chile","Other Fossil","2022",3.06
"CHL","Chile","Other Renewables","2022",0.46
"CHL","Chile","Solar","2022",15.71
"CHL","Chile","Wind","2022",8.88
"CHL","Chile","Bioenergy","2023",5.2
"CHL","Chile","Coal","2023",14.5
"CHL","Chile","Gas","2023",16.76
"CHL","Chile","Hydro","2023",23.3
"CHL","Chile","Nuclear","2023",0
"CHL","Chile","Other Fossil","2023",1.63
"CHL","Chile","Other Renewables","2023",0.44
"CHL","Chile","Solar","2023",17.94
"CHL","Chile","Wind","2023",9.46
"CHL","Chile","Bioenergy","2024",5
"CHL","Chile","Coal","2024",13.56
"CHL","Chile","Gas","2024",12.67
"CHL","Chile","Hydro","2024",26
"CHL","Chile","Nuclear","2024",0
"CHL","Chile","Other Fossil","2024",0.32
"CHL","Chile","Other Renewables","2024",0.45
"CHL","Chile","Solar","2024",20.19
"CHL","Chile","Wind","2024",10.43
"CHL","Chile","Bioenergy","2025",5.03
"CHL","Chile","Coal","2025",15.72
"CHL","Chile","Gas","2025",13.54
"CHL","Chile","Hydro","2025",19.68
"CHL","Chile","Nuclear","2025",0
"CHL","Chile","Other Fossil","2025",0.5
"CHL","Chile","Other Renewables","2025",0.27
"CHL","Chile","Solar","2025",22.18
"CHL","Chile","Wind","2025",11.58
"CHN","China","Bioenergy","2015",54.07
"CHN","China","Coal","2015",4046.17
"CHN","China","Gas","2015",166.91
"CHN","China","Hydro","2015",1114.52
"CHN","China","Nuclear","2015",171.38
"CHN","China","Other Fossil","2015",36.46
"CHN","China","Solar","2015",39.48
"CHN","China","Wind","2015",185.59
"CHN","China","Bioenergy","2016",62.13
"CHN","China","Coal","2016",4156.35
"CHN","China","Gas","2016",188.28
"CHN","China","Hydro","2016",1153.27
"CHN","China","Nuclear","2016",213.18
"CHN","China","Other Fossil","2016",52.56
"CHN","China","Solar","2016",66.53
"CHN","China","Wind","2016",240.86
"CHN","China","Bioenergy","2017",79.6
"CHN","China","Coal","2017",4430.03
"CHN","China","Gas","2017",203.2
"CHN","China","Hydro","2017",1165.06
"CHN","China","Nuclear","2017",248.1
"CHN","China","Other Fossil","2017",56.05
"CHN","China","Solar","2017",117.8
"CHN","China","Wind","2017",304.6
"CHN","China","Bioenergy","2018",93.8
"CHN","China","Coal","2018",4763.85
"CHN","China","Gas","2018",215.5
"CHN","China","Hydro","2018",1198.89
"CHN","China","Nuclear","2018",295
"CHN","China","Other Fossil","2018",56.4
"CHN","China","Solar","2018",176.9
"CHN","China","Wind","2018",365.8
"CHN","China","Bioenergy","2019",112.8
"CHN","China","Coal","2019",4855.12
"CHN","China","Gas","2019",232.5
"CHN","China","Hydro","2019",1272.54
"CHN","China","Nuclear","2019",348.7
"CHN","China","Other Fossil","2019",52.47
"CHN","China","Solar","2019",224
"CHN","China","Wind","2019",405.3
"CHN","China","Bioenergy","2020",135.7
"CHN","China","Coal","2020",4921.89
"CHN","China","Gas","2020",252.5
"CHN","China","Hydro","2020",1321.71
"CHN","China","Nuclear","2020",366.2
"CHN","China","Other Fossil","2020",53.47
"CHN","China","Solar","2020",261.1
"CHN","China","Wind","2020",466.5
"CHN","China","Bioenergy","2021",166
"CHN","China","Coal","2021",5333.8
"CHN","China","Gas","2021",287.1
"CHN","China","Hydro","2021",1300
"CHN","China","Nuclear","2021",407.5
"CHN","China","Other Fossil","2021",57.06
"CHN","China","Solar","2021",327
"CHN","China","Wind","2021",655.8
"CHN","China","Bioenergy","2022",182.6
"CHN","China","Coal","2022",5414.72
"CHN","China","Gas","2022",275.62
"CHN","China","Hydro","2022",1298.12
"CHN","China","Nuclear","2022",417.78
"CHN","China","Other Fossil","2022",69.93
"CHN","China","Solar","2022",427.27
"CHN","China","Wind","2022",762.67
"CHN","China","Bioenergy","2023",198.2
"CHN","China","Coal","2023",5752.74
"CHN","China","Gas","2023",297.8
"CHN","China","Hydro","2023",1226
"CHN","China","Nuclear","2023",434.72
"CHN","China","Other Fossil","2023",76.97
"CHN","China","Solar","2023",584.15
"CHN","China","Wind","2023",885.87
"CHN","China","Bioenergy","2024",208.5
"CHN","China","Coal","2024",5827.6
"CHN","China","Gas","2024",320.72
"CHN","China","Hydro","2024",1354.25
"CHN","China","Nuclear","2024",450.85
"CHN","China","Other Fossil","2024",88.88
"CHN","China","Solar","2024",839.04
"CHN","China","Wind","2024",997.04
"CHN","China","Bioenergy","2025",206.58
"CHN","China","Coal","2025",5772.31
"CHN","China","Gas","2025",317.89
"CHN","China","Hydro","2025",1394.79
"CHN","China","Nuclear","2025",487.06
"CHN","China","Other Fossil","2025",88.71
"CHN","China","Solar","2025",1174.94
"CHN","China","Wind","2025",1135.43
"COL","Colombia","Bioenergy","2015",1.37
"COL","Colombia","Coal","2015",7.06
"COL","Colombia","Gas","2015",17.95
"COL","Colombia","Hydro","2015",47.94
"COL","Colombia","Nuclear","2015",0
"COL","Colombia","Other Fossil","2015",3.57
"COL","Colombia","Other Renewables","2015",0
"COL","Colombia","Solar","2015",0.01
"COL","Colombia","Wind","2015",0.07
"COL","Colombia","Bioenergy","2016",1.46
"COL","Colombia","Coal","2016",6.18
"COL","Colombia","Gas","2016",15.9
"COL","Colombia","Hydro","2016",48.46
"COL","Colombia","Nuclear","2016",0
"COL","Colombia","Other Fossil","2016",4.11
"COL","Colombia","Other Renewables","2016",0
"COL","Colombia","Solar","2016",0.01
"COL","Colombia","Wind","2016",0.05
"COL","Colombia","Bioenergy","2017",1.42
"COL","Colombia","Coal","2017",3.15
"COL","Colombia","Gas","2017",11.01
"COL","Colombia","Hydro","2017",60.64
"COL","Colombia","Nuclear","2017",0
"COL","Colombia","Other Fossil","2017",2.24
"COL","Colombia","Other Renewables","2017",0
"COL","Colombia","Solar","2017",0.01
"COL","Colombia","Wind","2017",0
"COL","Colombia","Bioenergy","2018",1.45
"COL","Colombia","Coal","2018",4.52
"COL","Colombia","Gas","2018",11.62
"COL","Colombia","Hydro","2018",58.19
"COL","Colombia","Nuclear","2018",0
"COL","Colombia","Other Fossil","2018",2.37
"COL","Colombia","Other Renewables","2018",0
"COL","Colombia","Solar","2018",0.02
"COL","Colombia","Wind","2018",0.04
"COL","Colombia","Bioenergy","2019",1.57
"COL","Colombia","Coal","2019",8.13
"COL","Colombia","Gas","2019",13.16
"COL","Colombia","Hydro","2019",52.98
"COL","Colombia","Nuclear","2019",0
"COL","Colombia","Other Fossil","2019",2.75
"COL","Colombia","Other Renewables","2019",0
"COL","Colombia","Solar","2019",0.13
"COL","Colombia","Wind","2019",0.06
"COL","Colombia","Bioenergy","2020",2.15
"COL","Colombia","Coal","2020",9.12
"COL","Colombia","Gas","2020",15.19
"COL","Colombia","Hydro","2020",48.44
"COL","Colombia","Nuclear","2020",0
"COL","Colombia","Other Fossil","2020",2.65
"COL","Colombia","Other Renewables","2020",0
"COL","Colombia","Solar","2020",0.19
"COL","Colombia","Wind","2020",0.01
"COL","Colombia","Bioenergy","2021",2.24
"COL","Colombia","Coal","2021",4.44
"COL","Colombia","Gas","2021",13.76
"COL","Colombia","Hydro","2021",60.7
"COL","Colombia","Nuclear","2021",0
"COL","Colombia","Other Fossil","2021",2.83
"COL","Colombia","Other Renewables","2021",0
"COL","Colombia","Solar","2021",0.33
"COL","Colombia","Wind","2021",0.06
"COL","Colombia","Bioenergy","2022",2.18
"COL","Colombia","Coal","2022",5.01
"COL","Colombia","Gas","2022",13.49
"COL","Colombia","Hydro","2022",58.73
"COL","Colombia","Nuclear","2022",0
"COL","Colombia","Other Fossil","2022",2.75
"COL","Colombia","Other Renewables","2022",0
"COL","Colombia","Solar","2022",0.63
"COL","Colombia","Wind","2022",0.07
"COL","Colombia","Bioenergy","2023",2.21
"COL","Colombia","Coal","2023",9.2
"COL","Colombia","Gas","2023",16.19
"COL","Colombia","Hydro","2023",54.22
"COL","Colombia","Nuclear","2023",0
"COL","Colombia","Other Fossil","2023",3.19
"COL","Colombia","Other Renewables","2023",0
"COL","Colombia","Solar","2023",1.35
"COL","Colombia","Wind","2023",0.22
"COL","Colombia","Bioenergy","2024",2.22
"COL","Colombia","Coal","2024",11.21
"COL","Colombia","Gas","2024",19.79
"COL","Colombia","Hydro","2024",48.88
"COL","Colombia","Nuclear","2024",0
"COL","Colombia","Other Fossil","2024",3.46
"COL","Colombia","Other Renewables","2024",0
"COL","Colombia","Solar","2024",3.43
"COL","Colombia","Wind","2024",0.15
"COL","Colombia","Bioenergy","2025",2.35
"COL","Colombia","Coal","2025",5.53
"COL","Colombia","Gas","2025",12.43
"COL","Colombia","Hydro","2025",62.5
"COL","Colombia","Nuclear","2025",0
"COL","Colombia","Other Fossil","2025",2.8
"COL","Colombia","Other Renewables","2025",0
"COL","Colombia","Solar","2025",4.6
"COL","Colombia","Wind","2025",0.15
"COM","Comoros (the)","Bioenergy","2015",0
"COM","Comoros (the)","Coal","2015",0
"COM","Comoros (the)","Gas","2015",0
"COM","Comoros (the)","Hydro","2015",0
"COM","Comoros (the)","Nuclear","2015",0
"COM","Comoros (the)","Other Fossil","2015",0.05
"COM","Comoros (the)","Other Renewables","2015",0
"COM","Comoros (the)","Solar","2015",0
"COM","Comoros (the)","Wind","2015",0
"COM","Comoros (the)","Bioenergy","2016",0
"COM","Comoros (the)","Coal","2016",0
"COM","Comoros (the)","Gas","2016",0
"COM","Comoros (the)","Hydro","2016",0
"COM","Comoros (the)","Nuclear","2016",0
"COM","Comoros (the)","Other Fossil","2016",0.06
"COM","Comoros (the)","Other Renewables","2016",0
"COM","Comoros (the)","Solar","2016",0
"COM","Comoros (the)","Wind","2016",0
"COM","Comoros (the)","Bioenergy","2017",0
"COM","Comoros (the)","Coal","2017",0
"COM","Comoros (the)","Gas","2017",0
"COM","Comoros (the)","Hydro","2017",0
"COM","Comoros (the)","Nuclear","2017",0
"COM","Comoros (the)","Other Fossil","2017",0.09
"COM","Comoros (the)","Other Renewables","2017",0
"COM","Comoros (the)","Solar","2017",0
"COM","Comoros (the)","Wind","2017",0
"COM","Comoros (the)","Bioenergy","2018",0
"COM","Comoros (the)","Coal","2018",0
"COM","Comoros (the)","Gas","2018",0
"COM","Comoros (the)","Hydro","2018",0
"COM","Comoros (the)","Nuclear","2018",0
"COM","Comoros (the)","Other Fossil","2018",0.1
"COM","Comoros (the)","Other Renewables","2018",0
"COM","Comoros (the)","Solar","2018",0
"COM","Comoros (the)","Wind","2018",0
"COM","Comoros (the)","Bioenergy","2019",0
"COM","Comoros (the)","Coal","2019",0
"COM","Comoros (the)","Gas","2019",0
"COM","Comoros (the)","Hydro","2019",0
"COM","Comoros (the)","Nuclear","2019",0
"COM","Comoros (the)","Other Fossil","2019",0.11
"COM","Comoros (the)","Other Renewables","2019",0
"COM","Comoros (the)","Solar","2019",0
"COM","Comoros (the)","Wind","2019",0
"COM","Comoros (the)","Bioenergy","2020",0
"COM","Comoros (the)","Coal","2020",0
"COM","Comoros (the)","Gas","2020",0
"COM","Comoros (the)","Hydro","2020",0
"COM","Comoros (the)","Nuclear","2020",0
"COM","Comoros (the)","Other Fossil","2020",0.13
"COM","Comoros (the)","Other Renewables","2020",0
"COM","Comoros (the)","Solar","2020",0
"COM","Comoros (the)","Wind","2020",0
"COM","Comoros (the)","Bioenergy","2021",0
"COM","Comoros (the)","Coal","2021",0
"COM","Comoros (the)","Gas","2021",0
"COM","Comoros (the)","Hydro","2021",0
"COM","Comoros (the)","Nuclear","2021",0
"COM","Comoros (the)","Other Fossil","2021",0.13
"COM","Comoros (the)","Other Renewables","2021",0
"COM","Comoros (the)","Solar","2021",0
"COM","Comoros (the)","Wind","2021",0
"COM","Comoros (the)","Bioenergy","2022",0
"COM","Comoros (the)","Coal","2022",0
"COM","Comoros (the)","Gas","2022",0
"COM","Comoros (the)","Hydro","2022",0
"COM","Comoros (the)","Nuclear","2022",0
"COM","Comoros (the)","Other Fossil","2022",0.14
"COM","Comoros (the)","Other Renewables","2022",0
"COM","Comoros (the)","Solar","2022",0
"COM","Comoros (the)","Wind","2022",0
"COM","Comoros (the)","Bioenergy","2023",0
"COM","Comoros (the)","Coal","2023",0
"COM","Comoros (the)","Gas","2023",0
"COM","Comoros (the)","Hydro","2023",0
"COM","Comoros (the)","Nuclear","2023",0
"COM","Comoros (the)","Other Fossil","2023",0.14
"COM","Comoros (the)","Other Renewables","2023",0
"COM","Comoros (the)","Solar","2023",0
"COM","Comoros (the)","Wind","2023",0
"COD","Congo (the Democratic Republic of the)","Bioenergy","2015",0
"COD","Congo (the Democratic Republic of the)","Coal","2015",0
"COD","Congo (the Democratic Republic of the)","Gas","2015",0
"COD","Congo (the Democratic Republic of the)","Hydro","2015",8.83
"COD","Congo (the Democratic Republic of the)","Nuclear","2015",0
"COD","Congo (the Democratic Republic of the)","Other Fossil","2015",0.01
"COD","Congo (the Democratic Republic of the)","Other Renewables","2015",0
"COD","Congo (the Democratic Republic of the)","Solar","2015",0
"COD","Congo (the Democratic Republic of the)","Wind","2015",0
"COD","Congo (the Democratic Republic of the)","Bioenergy","2016",0
"COD","Congo (the Democratic Republic of the)","Coal","2016",0
"COD","Congo (the Democratic Republic of the)","Gas","2016",0
"COD","Congo (the Democratic Republic of the)","Hydro","2016",9.01
"COD","Congo (the Democratic Republic of the)","Nuclear","2016",0
"COD","Congo (the Democratic Republic of the)","Other Fossil","2016",0.01
"COD","Congo (the Democratic Republic of the)","Other Renewables","2016",0
"COD","Congo (the Democratic Republic of the)","Solar","2016",0
"COD","Congo (the Democratic Republic of the)","Wind","2016",0
"COD","Congo (the Democratic Republic of the)","Bioenergy","2017",0.01
"COD","Congo (the Democratic Republic of the)","Coal","2017",0
"COD","Congo (the Democratic Republic of the)","Gas","2017",0
"COD","Congo (the Democratic Republic of the)","Hydro","2017",9.39
"COD","Congo (the Democratic Republic of the)","Nuclear","2017",0
"COD","Congo (the Democratic Republic of the)","Other Fossil","2017",0.01
"COD","Congo (the Democratic Republic of the)","Other Renewables","2017",0
"COD","Congo (the Democratic Republic of the)","Solar","2017",0.01
"COD","Congo (the Democratic Republic of the)","Wind","2017",0
"COD","Congo (the Democratic Republic of the)","Bioenergy","2018",0.01
"COD","Congo (the Democratic Republic of the)","Coal","2018",0
"COD","Congo (the Democratic Republic of the)","Gas","2018",0
"COD","Congo (the Democratic Republic of the)","Hydro","2018",10.43
"COD","Congo (the Democratic Republic of the)","Nuclear","2018",0
"COD","Congo (the Democratic Republic of the)","Other Fossil","2018",0.01
"COD","Congo (the Democratic Republic of the)","Other Renewables","2018",0
"COD","Congo (the Democratic Republic of the)","Solar","2018",0.01
"COD","Congo (the Democratic Republic of the)","Wind","2018",0
"COD","Congo (the Democratic Republic of the)","Bioenergy","2019",0.01
"COD","Congo (the Democratic Republic of the)","Coal","2019",0
"COD","Congo (the Democratic Republic of the)","Gas","2019",0
"COD","Congo (the Democratic Republic of the)","Hydro","2019",11.76
"COD","Congo (the Democratic Republic of the)","Nuclear","2019",0
"COD","Congo (the Democratic Republic of the)","Other Fossil","2019",0.01
"COD","Congo (the Democratic Republic of the)","Other Renewables","2019",0
"COD","Congo (the Democratic Republic of the)","Solar","2019",0.01
"COD","Congo (the Democratic Republic of the)","Wind","2019",0
"COD","Congo (the Democratic Republic of the)","Bioenergy","2020",0.01
"COD","Congo (the Democratic Republic of the)","Coal","2020",0
"COD","Congo (the Democratic Republic of the)","Gas","2020",0
"COD","Congo (the Democratic Republic of the)","Hydro","2020",12.45
"COD","Congo (the Democratic Republic of the)","Nuclear","2020",0
"COD","Congo (the Democratic Republic of the)","Other Fossil","2020",0.01
"COD","Congo (the Democratic Republic of the)","Other Renewables","2020",0
"COD","Congo (the Democratic Republic of the)","Solar","2020",0.02
"COD","Congo (the Democratic Republic of the)","Wind","2020",0
"COD","Congo (the Democratic Republic of the)","Bioenergy","2021",0.01
"COD","Congo (the Democratic Republic of the)","Coal","2021",0
"COD","Congo (the Democratic Republic of the)","Gas","2021",0
"COD","Congo (the Democratic Republic of the)","Hydro","2021",13.13
"COD","Congo (the Democratic Republic of the)","Nuclear","2021",0
"COD","Congo (the Democratic Republic of the)","Other Fossil","2021",0
"COD","Congo (the Democratic Republic of the)","Other Renewables","2021",0
"COD","Congo (the Democratic Republic of the)","Solar","2021",1.05
"COD","Congo (the Democratic Republic of the)","Wind","2021",0
"COD","Congo (the Democratic Republic of the)","Bioenergy","2022",0.01
"COD","Congo (the Democratic Republic of the)","Coal","2022",0
"COD","Congo (the Democratic Republic of the)","Gas","2022",0
"COD","Congo (the Democratic Republic of the)","Hydro","2022",13.19
"COD","Congo (the Democratic Republic of the)","Nuclear","2022",0
"COD","Congo (the Democratic Republic of the)","Other Fossil","2022",0
"COD","Congo (the Democratic Republic of the)","Other Renewables","2022",0
"COD","Congo (the Democratic Republic of the)","Solar","2022",2.11
"COD","Congo (the Democratic Republic of the)","Wind","2022",0
"COD","Congo (the Democratic Republic of the)","Bioenergy","2023",0.01
"COD","Congo (the Democratic Republic of the)","Coal","2023",0
"COD","Congo (the Democratic Republic of the)","Gas","2023",0
"COD","Congo (the Democratic Republic of the)","Hydro","2023",13.42
"COD","Congo (the Democratic Republic of the)","Nuclear","2023",0
"COD","Congo (the Democratic Republic of the)","Other Fossil","2023",0
"COD","Congo (the Democratic Republic of the)","Other Renewables","2023",0
"COD","Congo (the Democratic Republic of the)","Solar","2023",2.2
"COD","Congo (the Democratic Republic of the)","Wind","2023",0
"COD","Congo (the Democratic Republic of the)","Bioenergy","2024",0.01
"COD","Congo (the Democratic Republic of the)","Coal","2024",0
"COD","Congo (the Democratic Republic of the)","Gas","2024",0
"COD","Congo (the Democratic Republic of the)","Hydro","2024",13.4
"COD","Congo (the Democratic Republic of the)","Nuclear","2024",0
"COD","Congo (the Democratic Republic of the)","Other Fossil","2024",0
"COD","Congo (the Democratic Republic of the)","Other Renewables","2024",0
"COD","Congo (the Democratic Republic of the)","Solar","2024",2.51
"COD","Congo (the Democratic Republic of the)","Wind","2024",0
"COG","Congo (the)","Bioenergy","2015",0.03
"COG","Congo (the)","Coal","2015",0
"COG","Congo (the)","Gas","2015",1.43
"COG","Congo (the)","Hydro","2015",1.09
"COG","Congo (the)","Nuclear","2015",0
"COG","Congo (the)","Other Fossil","2015",0.24
"COG","Congo (the)","Other Renewables","2015",0
"COG","Congo (the)","Solar","2015",0
"COG","Congo (the)","Wind","2015",0
"COG","Congo (the)","Bioenergy","2016",0.03
"COG","Congo (the)","Coal","2016",0
"COG","Congo (the)","Gas","2016",1.64
"COG","Congo (the)","Hydro","2016",1.12
"COG","Congo (the)","Nuclear","2016",0
"COG","Congo (the)","Other Fossil","2016",0.18
"COG","Congo (the)","Other Renewables","2016",0
"COG","Congo (the)","Solar","2016",0
"COG","Congo (the)","Wind","2016",0
"COG","Congo (the)","Bioenergy","2017",0.03
"COG","Congo (the)","Coal","2017",0
"COG","Congo (the)","Gas","2017",1.65
"COG","Congo (the)","Hydro","2017",1.19
"COG","Congo (the)","Nuclear","2017",0
"COG","Congo (the)","Other Fossil","2017",0.11
"COG","Congo (the)","Other Renewables","2017",0
"COG","Congo (the)","Solar","2017",0
"COG","Congo (the)","Wind","2017",0
"COG","Congo (the)","Bioenergy","2018",0.03
"COG","Congo (the)","Coal","2018",0
"COG","Congo (the)","Gas","2018",1.87
"COG","Congo (the)","Hydro","2018",1.05
"COG","Congo (the)","Nuclear","2018",0
"COG","Congo (the)","Other Fossil","2018",0.13
"COG","Congo (the)","Other Renewables","2018",0
"COG","Congo (the)","Solar","2018",0
"COG","Congo (the)","Wind","2018",0
"COG","Congo (the)","Bioenergy","2019",0.03
"COG","Congo (the)","Coal","2019",0
"COG","Congo (the)","Gas","2019",2.63
"COG","Congo (the)","Hydro","2019",1.05
"COG","Congo (the)","Nuclear","2019",0
"COG","Congo (the)","Other Fossil","2019",0.18
"COG","Congo (the)","Other Renewables","2019",0
"COG","Congo (the)","Solar","2019",0
"COG","Congo (the)","Wind","2019",0
"COG","Congo (the)","Bioenergy","2020",0.03
"COG","Congo (the)","Coal","2020",0
"COG","Congo (the)","Gas","2020",2.74
"COG","Congo (the)","Hydro","2020",1.05
"COG","Congo (the)","Nuclear","2020",0
"COG","Congo (the)","Other Fossil","2020",0.19
"COG","Congo (the)","Other Renewables","2020",0
"COG","Congo (the)","Solar","2020",0
"COG","Congo (the)","Wind","2020",0
"COG","Congo (the)","Bioenergy","2021",0.03
"COG","Congo (the)","Coal","2021",0
"COG","Congo (the)","Gas","2021",2.83
"COG","Congo (the)","Hydro","2021",1.05
"COG","Congo (the)","Nuclear","2021",0
"COG","Congo (the)","Other Fossil","2021",0.2
"COG","Congo (the)","Other Renewables","2021",0
"COG","Congo (the)","Solar","2021",0
"COG","Congo (the)","Wind","2021",0
"COG","Congo (the)","Bioenergy","2022",0.03
"COG","Congo (the)","Coal","2022",0
"COG","Congo (the)","Gas","2022",3.6
"COG","Congo (the)","Hydro","2022",1.05
"COG","Congo (the)","Nuclear","2022",0
"COG","Congo (the)","Other Fossil","2022",0.27
"COG","Congo (the)","Other Renewables","2022",0
"COG","Congo (the)","Solar","2022",0
"COG","Congo (the)","Wind","2022",0
"COG","Congo (the)","Bioenergy","2023",0.03
"COG","Congo (the)","Coal","2023",0
"COG","Congo (the)","Gas","2023",3.81
"COG","Congo (the)","Hydro","2023",1.22
"COG","Congo (the)","Nuclear","2023",0
"COG","Congo (the)","Other Fossil","2023",0.29
"COG","Congo (the)","Other Renewables","2023",0
"COG","Congo (the)","Solar","2023",0.01
"COG","Congo (the)","Wind","2023",0
"COG","Congo (the)","Bioenergy","2024",0.03
"COG","Congo (the)","Coal","2024",0
"COG","Congo (the)","Gas","2024",4.03
"COG","Congo (the)","Hydro","2024",1.1
"COG","Congo (the)","Nuclear","2024",0
"COG","Congo (the)","Other Fossil","2024",0.29
"COG","Congo (the)","Other Renewables","2024",0
"COG","Congo (the)","Solar","2024",0.01
"COG","Congo (the)","Wind","2024",0
"COK","Cook Islands (the)","Bioenergy","2015",0
"COK","Cook Islands (the)","Coal","2015",0
"COK","Cook Islands (the)","Gas","2015",0
"COK","Cook Islands (the)","Hydro","2015",0
"COK","Cook Islands (the)","Nuclear","2015",0
"COK","Cook Islands (the)","Other Fossil","2015",0.03
"COK","Cook Islands (the)","Other Renewables","2015",0
"COK","Cook Islands (the)","Solar","2015",0
"COK","Cook Islands (the)","Wind","2015",0
"COK","Cook Islands (the)","Bioenergy","2016",0
"COK","Cook Islands (the)","Coal","2016",0
"COK","Cook Islands (the)","Gas","2016",0
"COK","Cook Islands (the)","Hydro","2016",0
"COK","Cook Islands (the)","Nuclear","2016",0
"COK","Cook Islands (the)","Other Fossil","2016",0.03
"COK","Cook Islands (the)","Other Renewables","2016",0
"COK","Cook Islands (the)","Solar","2016",0
"COK","Cook Islands (the)","Wind","2016",0
"COK","Cook Islands (the)","Bioenergy","2017",0
"COK","Cook Islands (the)","Coal","2017",0
"COK","Cook Islands (the)","Gas","2017",0
"COK","Cook Islands (the)","Hydro","2017",0
"COK","Cook Islands (the)","Nuclear","2017",0
"COK","Cook Islands (the)","Other Fossil","2017",0.03
"COK","Cook Islands (the)","Other Renewables","2017",0
"COK","Cook Islands (the)","Solar","2017",0.01
"COK","Cook Islands (the)","Wind","2017",0
"COK","Cook Islands (the)","Bioenergy","2018",0
"COK","Cook Islands (the)","Coal","2018",0
"COK","Cook Islands (the)","Gas","2018",0
"COK","Cook Islands (the)","Hydro","2018",0
"COK","Cook Islands (the)","Nuclear","2018",0
"COK","Cook Islands (the)","Other Fossil","2018",0.03
"COK","Cook Islands (the)","Other Renewables","2018",0
"COK","Cook Islands (the)","Solar","2018",0.02
"COK","Cook Islands (the)","Wind","2018",0
"COK","Cook Islands (the)","Bioenergy","2019",0
"COK","Cook Islands (the)","Coal","2019",0
"COK","Cook Islands (the)","Gas","2019",0
"COK","Cook Islands (the)","Hydro","2019",0
"COK","Cook Islands (the)","Nuclear","2019",0
"COK","Cook Islands (the)","Other Fossil","2019",0.03
"COK","Cook Islands (the)","Other Renewables","2019",0
"COK","Cook Islands (the)","Solar","2019",0.01
"COK","Cook Islands (the)","Wind","2019",0
"COK","Cook Islands (the)","Bioenergy","2020",0
"COK","Cook Islands (the)","Coal","2020",0
"COK","Cook Islands (the)","Gas","2020",0
"COK","Cook Islands (the)","Hydro","2020",0
"COK","Cook Islands (the)","Nuclear","2020",0
"COK","Cook Islands (the)","Other Fossil","2020",0.03
"COK","Cook Islands (the)","Other Renewables","2020",0
"COK","Cook Islands (the)","Solar","2020",0.01
"COK","Cook Islands (the)","Wind","2020",0
"COK","Cook Islands (the)","Bioenergy","2021",0
"COK","Cook Islands (the)","Coal","2021",0
"COK","Cook Islands (the)","Gas","2021",0
"COK","Cook Islands (the)","Hydro","2021",0
"COK","Cook Islands (the)","Nuclear","2021",0
"COK","Cook Islands (the)","Other Fossil","2021",0.02
"COK","Cook Islands (the)","Other Renewables","2021",0
"COK","Cook Islands (the)","Solar","2021",0.02
"COK","Cook Islands (the)","Wind","2021",0
"COK","Cook Islands (the)","Bioenergy","2022",0
"COK","Cook Islands (the)","Coal","2022",0
"COK","Cook Islands (the)","Gas","2022",0
"COK","Cook Islands (the)","Hydro","2022",0
"COK","Cook Islands (the)","Nuclear","2022",0
"COK","Cook Islands (the)","Other Fossil","2022",0.02
"COK","Cook Islands (the)","Other Renewables","2022",0
"COK","Cook Islands (the)","Solar","2022",0.02
"COK","Cook Islands (the)","Wind","2022",0
"COK","Cook Islands (the)","Bioenergy","2023",0
"COK","Cook Islands (the)","Coal","2023",0
"COK","Cook Islands (the)","Gas","2023",0
"COK","Cook Islands (the)","Hydro","2023",0
"COK","Cook Islands (the)","Nuclear","2023",0
"COK","Cook Islands (the)","Other Fossil","2023",0.02
"COK","Cook Islands (the)","Other Renewables","2023",0
"COK","Cook Islands (the)","Solar","2023",0.02
"COK","Cook Islands (the)","Wind","2023",0
"COK","Cook Islands (the)","Bioenergy","2024",0
"COK","Cook Islands (the)","Coal","2024",0
"COK","Cook Islands (the)","Gas","2024",0
"COK","Cook Islands (the)","Hydro","2024",0
"COK","Cook Islands (the)","Nuclear","2024",0
"COK","Cook Islands (the)","Other Fossil","2024",0.02
"COK","Cook Islands (the)","Other Renewables","2024",0
"COK","Cook Islands (the)","Solar","2024",0.02
"COK","Cook Islands (the)","Wind","2024",0
"CRI","Costa Rica","Bioenergy","2015",0.18
"CRI","Costa Rica","Coal","2015",0
"CRI","Costa Rica","Gas","2015",0
"CRI","Costa Rica","Hydro","2015",7.99
"CRI","Costa Rica","Nuclear","2015",0
"CRI","Costa Rica","Other Fossil","2015",0.11
"CRI","Costa Rica","Other Renewables","2015",1.38
"CRI","Costa Rica","Solar","2015",0.03
"CRI","Costa Rica","Wind","2015",1.08
"CRI","Costa Rica","Bioenergy","2016",0.2
"CRI","Costa Rica","Coal","2016",0
"CRI","Costa Rica","Gas","2016",0
"CRI","Costa Rica","Hydro","2016",7.95
"CRI","Costa Rica","Nuclear","2016",0
"CRI","Costa Rica","Other Fossil","2016",0.19
"CRI","Costa Rica","Other Renewables","2016",1.34
"CRI","Costa Rica","Solar","2016",0.03
"CRI","Costa Rica","Wind","2016",1.15
"CRI","Costa Rica","Bioenergy","2017",0.2
"CRI","Costa Rica","Coal","2017",0
"CRI","Costa Rica","Gas","2017",0
"CRI","Costa Rica","Hydro","2017",8.59
"CRI","Costa Rica","Nuclear","2017",0
"CRI","Costa Rica","Other Fossil","2017",0.04
"CRI","Costa Rica","Other Renewables","2017",1.12
"CRI","Costa Rica","Solar","2017",0.04
"CRI","Costa Rica","Wind","2017",1.29
"CRI","Costa Rica","Bioenergy","2018",0.19
"CRI","Costa Rica","Coal","2018",0
"CRI","Costa Rica","Gas","2018",0
"CRI","Costa Rica","Hydro","2018",8.26
"CRI","Costa Rica","Nuclear","2018",0
"CRI","Costa Rica","Other Fossil","2018",0.16
"CRI","Costa Rica","Other Renewables","2018",0.97
"CRI","Costa Rica","Solar","2018",0.06
"CRI","Costa Rica","Wind","2018",1.8
"CRI","Costa Rica","Bioenergy","2019",0.19
"CRI","Costa Rica","Coal","2019",0
"CRI","Costa Rica","Gas","2019",0
"CRI","Costa Rica","Hydro","2019",7.75
"CRI","Costa Rica","Nuclear","2019",0
"CRI","Costa Rica","Other Fossil","2019",0.1
"CRI","Costa Rica","Other Renewables","2019",1.51
"CRI","Costa Rica","Solar","2019",0.07
"CRI","Costa Rica","Wind","2019",1.8
"CRI","Costa Rica","Bioenergy","2020",0.19
"CRI","Costa Rica","Coal","2020",0
"CRI","Costa Rica","Gas","2020",0
"CRI","Costa Rica","Hydro","2020",8.29
"CRI","Costa Rica","Nuclear","2020",0
"CRI","Costa Rica","Other Fossil","2020",0.02
"CRI","Costa Rica","Other Renewables","2020",1.69
"CRI","Costa Rica","Solar","2020",0.07
"CRI","Costa Rica","Wind","2020",1.46
"CRI","Costa Rica","Bioenergy","2021",0.19
"CRI","Costa Rica","Coal","2021",0
"CRI","Costa Rica","Gas","2021",0
"CRI","Costa Rica","Hydro","2021",9.29
"CRI","Costa Rica","Nuclear","2021",0
"CRI","Costa Rica","Other Fossil","2021",0
"CRI","Costa Rica","Other Renewables","2021",1.6
"CRI","Costa Rica","Solar","2021",0.08
"CRI","Costa Rica","Wind","2021",1.57
"CRI","Costa Rica","Bioenergy","2022",0.06
"CRI","Costa Rica","Coal","2022",0
"CRI","Costa Rica","Gas","2022",0
"CRI","Costa Rica","Hydro","2022",9.45
"CRI","Costa Rica","Nuclear","2022",0
"CRI","Costa Rica","Other Fossil","2022",0
"CRI","Costa Rica","Other Renewables","2022",1.48
"CRI","Costa Rica","Solar","2022",0.08
"CRI","Costa Rica","Wind","2022",1.37
"CRI","Costa Rica","Bioenergy","2023",0.06
"CRI","Costa Rica","Coal","2023",0
"CRI","Costa Rica","Gas","2023",0
"CRI","Costa Rica","Hydro","2023",8.54
"CRI","Costa Rica","Nuclear","2023",0
"CRI","Costa Rica","Other Fossil","2023",0.01
"CRI","Costa Rica","Other Renewables","2023",1.53
"CRI","Costa Rica","Solar","2023",0.09
"CRI","Costa Rica","Wind","2023",1.49
"CRI","Costa Rica","Bioenergy","2024",0.06
"CRI","Costa Rica","Coal","2024",0
"CRI","Costa Rica","Gas","2024",0
"CRI","Costa Rica","Hydro","2024",8
"CRI","Costa Rica","Nuclear","2024",0
"CRI","Costa Rica","Other Fossil","2024",0.01
"CRI","Costa Rica","Other Renewables","2024",1.6
"CRI","Costa Rica","Solar","2024",0.09
"CRI","Costa Rica","Wind","2024",1.24
"CRI","Costa Rica","Bioenergy","2025",0.06
"CRI","Costa Rica","Coal","2025",0
"CRI","Costa Rica","Gas","2025",0
"CRI","Costa Rica","Hydro","2025",9.58
"CRI","Costa Rica","Nuclear","2025",0
"CRI","Costa Rica","Other Fossil","2025",0
"CRI","Costa Rica","Other Renewables","2025",1.53
"CRI","Costa Rica","Solar","2025",0.09
"CRI","Costa Rica","Wind","2025",1.55
"CIV","Cote d'Ivoire","Bioenergy","2015",0.1
"CIV","Cote d'Ivoire","Coal","2015",0
"CIV","Cote d'Ivoire","Gas","2015",6.8
"CIV","Cote d'Ivoire","Hydro","2015",1.34
"CIV","Cote d'Ivoire","Nuclear","2015",0
"CIV","Cote d'Ivoire","Other Fossil","2015",0.46
"CIV","Cote d'Ivoire","Other Renewables","2015",0
"CIV","Cote d'Ivoire","Solar","2015",0
"CIV","Cote d'Ivoire","Wind","2015",0
"CIV","Cote d'Ivoire","Bioenergy","2016",0.17
"CIV","Cote d'Ivoire","Coal","2016",0
"CIV","Cote d'Ivoire","Gas","2016",8.48
"CIV","Cote d'Ivoire","Hydro","2016",1.51
"CIV","Cote d'Ivoire","Nuclear","2016",0
"CIV","Cote d'Ivoire","Other Fossil","2016",0.07
"CIV","Cote d'Ivoire","Other Renewables","2016",0
"CIV","Cote d'Ivoire","Solar","2016",0
"CIV","Cote d'Ivoire","Wind","2016",0
"CIV","Cote d'Ivoire","Bioenergy","2017",0.11
"CIV","Cote d'Ivoire","Coal","2017",0
"CIV","Cote d'Ivoire","Gas","2017",7.89
"CIV","Cote d'Ivoire","Hydro","2017",2.03
"CIV","Cote d'Ivoire","Nuclear","2017",0
"CIV","Cote d'Ivoire","Other Fossil","2017",0.08
"CIV","Cote d'Ivoire","Other Renewables","2017",0
"CIV","Cote d'Ivoire","Solar","2017",0.01
"CIV","Cote d'Ivoire","Wind","2017",0
"CIV","Cote d'Ivoire","Bioenergy","2018",0.06
"CIV","Cote d'Ivoire","Coal","2018",0
"CIV","Cote d'Ivoire","Gas","2018",7.03
"CIV","Cote d'Ivoire","Hydro","2018",2.93
"CIV","Cote d'Ivoire","Nuclear","2018",0
"CIV","Cote d'Ivoire","Other Fossil","2018",0.01
"CIV","Cote d'Ivoire","Other Renewables","2018",0
"CIV","Cote d'Ivoire","Solar","2018",0.01
"CIV","Cote d'Ivoire","Wind","2018",0
"CIV","Cote d'Ivoire","Bioenergy","2019",0.07
"CIV","Cote d'Ivoire","Coal","2019",0
"CIV","Cote d'Ivoire","Gas","2019",7.12
"CIV","Cote d'Ivoire","Hydro","2019",3.45
"CIV","Cote d'Ivoire","Nuclear","2019",0
"CIV","Cote d'Ivoire","Other Fossil","2019",0.01
"CIV","Cote d'Ivoire","Other Renewables","2019",0
"CIV","Cote d'Ivoire","Solar","2019",0.01
"CIV","Cote d'Ivoire","Wind","2019",0
"CIV","Cote d'Ivoire","Bioenergy","2020",0.07
"CIV","Cote d'Ivoire","Coal","2020",0
"CIV","Cote d'Ivoire","Gas","2020",7.8
"CIV","Cote d'Ivoire","Hydro","2020",3.35
"CIV","Cote d'Ivoire","Nuclear","2020",0
"CIV","Cote d'Ivoire","Other Fossil","2020",0.02
"CIV","Cote d'Ivoire","Other Renewables","2020",0
"CIV","Cote d'Ivoire","Solar","2020",0.02
"CIV","Cote d'Ivoire","Wind","2020",0
"CIV","Cote d'Ivoire","Bioenergy","2021",0.08
"CIV","Cote d'Ivoire","Coal","2021",0
"CIV","Cote d'Ivoire","Gas","2021",8.62
"CIV","Cote d'Ivoire","Hydro","2021",2.61
"CIV","Cote d'Ivoire","Nuclear","2021",0
"CIV","Cote d'Ivoire","Other Fossil","2021",0.02
"CIV","Cote d'Ivoire","Other Renewables","2021",0
"CIV","Cote d'Ivoire","Solar","2021",0.02
"CIV","Cote d'Ivoire","Wind","2021",0
"CIV","Cote d'Ivoire","Bioenergy","2022",0.08
"CIV","Cote d'Ivoire","Coal","2022",0
"CIV","Cote d'Ivoire","Gas","2022",9.14
"CIV","Cote d'Ivoire","Hydro","2022",3.35
"CIV","Cote d'Ivoire","Nuclear","2022",0
"CIV","Cote d'Ivoire","Other Fossil","2022",0.02
"CIV","Cote d'Ivoire","Other Renewables","2022",0
"CIV","Cote d'Ivoire","Solar","2022",0.02
"CIV","Cote d'Ivoire","Wind","2022",0
"CIV","Cote d'Ivoire","Bioenergy","2023",0.09
"CIV","Cote d'Ivoire","Coal","2023",0
"CIV","Cote d'Ivoire","Gas","2023",7.65
"CIV","Cote d'Ivoire","Hydro","2023",3.2
"CIV","Cote d'Ivoire","Nuclear","2023",0
"CIV","Cote d'Ivoire","Other Fossil","2023",0.02
"CIV","Cote d'Ivoire","Other Renewables","2023",0
"CIV","Cote d'Ivoire","Solar","2023",0.02
"CIV","Cote d'Ivoire","Wind","2023",0
"CIV","Cote d'Ivoire","Bioenergy","2024",0.1
"CIV","Cote d'Ivoire","Coal","2024",0
"CIV","Cote d'Ivoire","Gas","2024",7.65
"CIV","Cote d'Ivoire","Hydro","2024",3
"CIV","Cote d'Ivoire","Nuclear","2024",0
"CIV","Cote d'Ivoire","Other Fossil","2024",0.02
"CIV","Cote d'Ivoire","Other Renewables","2024",0
"CIV","Cote d'Ivoire","Solar","2024",0.02
"CIV","Cote d'Ivoire","Wind","2024",0
"HRV","Croatia","Bioenergy","2015",0.27
"HRV","Croatia","Coal","2015",2.31
"HRV","Croatia","Gas","2015",1.2
"HRV","Croatia","Hydro","2015",6.39
"HRV","Croatia","Nuclear","2015",0
"HRV","Croatia","Other Fossil","2015",0.21
"HRV","Croatia","Other Renewables","2015",0
"HRV","Croatia","Solar","2015",0.06
"HRV","Croatia","Wind","2015",0.8
"HRV","Croatia","Bioenergy","2016",0.43
"HRV","Croatia","Coal","2016",2.6
"HRV","Croatia","Gas","2016",1.59
"HRV","Croatia","Hydro","2016",6.85
"HRV","Croatia","Nuclear","2016",0
"HRV","Croatia","Other Fossil","2016",0.05
"HRV","Croatia","Other Renewables","2016",0
"HRV","Croatia","Solar","2016",0.07
"HRV","Croatia","Wind","2016",1.01
"HRV","Croatia","Bioenergy","2017",0.53
"HRV","Croatia","Coal","2017",1.37
"HRV","Croatia","Gas","2017",3.09
"HRV","Croatia","Hydro","2017",5.31
"HRV","Croatia","Nuclear","2017",0
"HRV","Croatia","Other Fossil","2017",0.19
"HRV","Croatia","Other Renewables","2017",0
"HRV","Croatia","Solar","2017",0.08
"HRV","Croatia","Wind","2017",1.2
"HRV","Croatia","Bioenergy","2018",0.67
"HRV","Croatia","Coal","2018",1.45
"HRV","Croatia","Gas","2018",2.25
"HRV","Croatia","Hydro","2018",7.7
"HRV","Croatia","Nuclear","2018",0
"HRV","Croatia","Other Fossil","2018",0.04
"HRV","Croatia","Other Renewables","2018",0
"HRV","Croatia","Solar","2018",0.07
"HRV","Croatia","Wind","2018",1.34
"HRV","Croatia","Bioenergy","2019",0.88
"HRV","Croatia","Coal","2019",1.64
"HRV","Croatia","Gas","2019",2.63
"HRV","Croatia","Hydro","2019",5.83
"HRV","Croatia","Nuclear","2019",0
"HRV","Croatia","Other Fossil","2019",0.03
"HRV","Croatia","Other Renewables","2019",0.09
"HRV","Croatia","Solar","2019",0.08
"HRV","Croatia","Wind","2019",1.47
"HRV","Croatia","Bioenergy","2020",0.98
"HRV","Croatia","Coal","2020",1.22
"HRV","Croatia","Gas","2020",3.44
"HRV","Croatia","Hydro","2020",5.66
"HRV","Croatia","Nuclear","2020",0
"HRV","Croatia","Other Fossil","2020",0.02
"HRV","Croatia","Other Renewables","2020",0.09
"HRV","Croatia","Solar","2020",0.1
"HRV","Croatia","Wind","2020",1.72
"HRV","Croatia","Bioenergy","2021",1.1
"HRV","Croatia","Coal","2021",1.46
"HRV","Croatia","Gas","2021",3.1
"HRV","Croatia","Hydro","2021",7.13
"HRV","Croatia","Nuclear","2021",0
"HRV","Croatia","Other Fossil","2021",0.02
"HRV","Croatia","Other Renewables","2021",0.09
"HRV","Croatia","Solar","2021",0.15
"HRV","Croatia","Wind","2021",2.06
"HRV","Croatia","Bioenergy","2022",1.13
"HRV","Croatia","Coal","2022",1.56
"HRV","Croatia","Gas","2022",3.51
"HRV","Croatia","Hydro","2022",5.46
"HRV","Croatia","Nuclear","2022",0
"HRV","Croatia","Other Fossil","2022",0.08
"HRV","Croatia","Other Renewables","2022",0.07
"HRV","Croatia","Solar","2022",0.15
"HRV","Croatia","Wind","2022",2.14
"HRV","Croatia","Bioenergy","2023",1.05
"HRV","Croatia","Coal","2023",1.33
"HRV","Croatia","Gas","2023",3.86
"HRV","Croatia","Hydro","2023",8.16
"HRV","Croatia","Nuclear","2023",0
"HRV","Croatia","Other Fossil","2023",0.02
"HRV","Croatia","Other Renewables","2023",0.02
"HRV","Croatia","Solar","2023",0.41
"HRV","Croatia","Wind","2023",2.59
"HRV","Croatia","Bioenergy","2024",1
"HRV","Croatia","Coal","2024",0.8
"HRV","Croatia","Gas","2024",3.25
"HRV","Croatia","Hydro","2024",6.73
"HRV","Croatia","Nuclear","2024",0
"HRV","Croatia","Other Fossil","2024",0.01
"HRV","Croatia","Other Renewables","2024",0
"HRV","Croatia","Solar","2024",0.82
"HRV","Croatia","Wind","2024",2.68
"HRV","Croatia","Bioenergy","2025",1
"HRV","Croatia","Coal","2025",0.73
"HRV","Croatia","Gas","2025",2.76
"HRV","Croatia","Hydro","2025",5.78
"HRV","Croatia","Nuclear","2025",0
"HRV","Croatia","Other Fossil","2025",0
"HRV","Croatia","Other Renewables","2025",0
"HRV","Croatia","Solar","2025",1.29
"HRV","Croatia","Wind","2025",3.14
"CUB","Cuba","Bioenergy","2015",0.7
"CUB","Cuba","Coal","2015",0
"CUB","Cuba","Gas","2015",2.95
"CUB","Cuba","Hydro","2015",0.05
"CUB","Cuba","Nuclear","2015",0
"CUB","Cuba","Other Fossil","2015",16.54
"CUB","Cuba","Other Renewables","2015",0
"CUB","Cuba","Solar","2015",0.13
"CUB","Cuba","Wind","2015",0.02
"CUB","Cuba","Bioenergy","2016",0.69
"CUB","Cuba","Coal","2016",0
"CUB","Cuba","Gas","2016",2.92
"CUB","Cuba","Hydro","2016",0.06
"CUB","Cuba","Nuclear","2016",0
"CUB","Cuba","Other Fossil","2016",16.72
"CUB","Cuba","Other Renewables","2016",0
"CUB","Cuba","Solar","2016",0.14
"CUB","Cuba","Wind","2016",0.02
"CUB","Cuba","Bioenergy","2017",0.62
"CUB","Cuba","Coal","2017",0
"CUB","Cuba","Gas","2017",2.8
"CUB","Cuba","Hydro","2017",0.08
"CUB","Cuba","Nuclear","2017",0
"CUB","Cuba","Other Fossil","2017",16.97
"CUB","Cuba","Other Renewables","2017",0
"CUB","Cuba","Solar","2017",0.08
"CUB","Cuba","Wind","2017",0.02
"CUB","Cuba","Bioenergy","2018",0.44
"CUB","Cuba","Coal","2018",0
"CUB","Cuba","Gas","2018",2.64
"CUB","Cuba","Hydro","2018",0.14
"CUB","Cuba","Nuclear","2018",0
"CUB","Cuba","Other Fossil","2018",17.44
"CUB","Cuba","Other Renewables","2018",0
"CUB","Cuba","Solar","2018",0.12
"CUB","Cuba","Wind","2018",0.02
"CUB","Cuba","Bioenergy","2019",0.52
"CUB","Cuba","Coal","2019",0
"CUB","Cuba","Gas","2019",2.45
"CUB","Cuba","Hydro","2019",0.14
"CUB","Cuba","Nuclear","2019",0
"CUB","Cuba","Other Fossil","2019",17.36
"CUB","Cuba","Other Renewables","2019",0
"CUB","Cuba","Solar","2019",0.21
"CUB","Cuba","Wind","2019",0.02
"CUB","Cuba","Bioenergy","2020",0.55
"CUB","Cuba","Coal","2020",0
"CUB","Cuba","Gas","2020",2.01
"CUB","Cuba","Hydro","2020",0.11
"CUB","Cuba","Nuclear","2020",0
"CUB","Cuba","Other Fossil","2020",16.12
"CUB","Cuba","Other Renewables","2020",0
"CUB","Cuba","Solar","2020",0.22
"CUB","Cuba","Wind","2020",0.02
"CUB","Cuba","Bioenergy","2021",0.43
"CUB","Cuba","Coal","2021",0
"CUB","Cuba","Gas","2021",1.58
"CUB","Cuba","Hydro","2021",0.12
"CUB","Cuba","Nuclear","2021",0
"CUB","Cuba","Other Fossil","2021",15.46
"CUB","Cuba","Other Renewables","2021",0
"CUB","Cuba","Solar","2021",0.22
"CUB","Cuba","Wind","2021",0.02
"CUB","Cuba","Bioenergy","2022",0.28
"CUB","Cuba","Coal","2022",0
"CUB","Cuba","Gas","2022",1.95
"CUB","Cuba","Hydro","2022",0.12
"CUB","Cuba","Nuclear","2022",0
"CUB","Cuba","Other Fossil","2022",13.03
"CUB","Cuba","Other Renewables","2022",0
"CUB","Cuba","Solar","2022",0.21
"CUB","Cuba","Wind","2022",0.06
"CUB","Cuba","Bioenergy","2023",0.33
"CUB","Cuba","Coal","2023",0
"CUB","Cuba","Gas","2023",2.5
"CUB","Cuba","Hydro","2023",0.12
"CUB","Cuba","Nuclear","2023",0
"CUB","Cuba","Other Fossil","2023",16.52
"CUB","Cuba","Other Renewables","2023",0
"CUB","Cuba","Solar","2023",0.21
"CUB","Cuba","Wind","2023",0.06
"CUB","Cuba","Bioenergy","2024",0.35
"CUB","Cuba","Coal","2024",0
"CUB","Cuba","Gas","2024",2.65
"CUB","Cuba","Hydro","2024",0.12
"CUB","Cuba","Nuclear","2024",0
"CUB","Cuba","Other Fossil","2024",16
"CUB","Cuba","Other Renewables","2024",0
"CUB","Cuba","Solar","2024",0.24
"CUB","Cuba","Wind","2024",0.07
"CYP","Cyprus","Bioenergy","2015",0.05
"CYP","Cyprus","Coal","2015",0
"CYP","Cyprus","Gas","2015",0
"CYP","Cyprus","Hydro","2015",0
"CYP","Cyprus","Nuclear","2015",0
"CYP","Cyprus","Other Fossil","2015",4.14
"CYP","Cyprus","Other Renewables","2015",0
"CYP","Cyprus","Solar","2015",0.13
"CYP","Cyprus","Wind","2015",0.22
"CYP","Cyprus","Bioenergy","2016",0.05
"CYP","Cyprus","Coal","2016",0
"CYP","Cyprus","Gas","2016",0
"CYP","Cyprus","Hydro","2016",0
"CYP","Cyprus","Nuclear","2016",0
"CYP","Cyprus","Other Fossil","2016",4.46
"CYP","Cyprus","Other Renewables","2016",0
"CYP","Cyprus","Solar","2016",0.15
"CYP","Cyprus","Wind","2016",0.23
"CYP","Cyprus","Bioenergy","2017",0.05
"CYP","Cyprus","Coal","2017",0
"CYP","Cyprus","Gas","2017",0
"CYP","Cyprus","Hydro","2017",0
"CYP","Cyprus","Nuclear","2017",0
"CYP","Cyprus","Other Fossil","2017",4.57
"CYP","Cyprus","Other Renewables","2017",0
"CYP","Cyprus","Solar","2017",0.17
"CYP","Cyprus","Wind","2017",0.21
"CYP","Cyprus","Bioenergy","2018",0.06
"CYP","Cyprus","Coal","2018",0
"CYP","Cyprus","Gas","2018",0
"CYP","Cyprus","Hydro","2018",0
"CYP","Cyprus","Nuclear","2018",0
"CYP","Cyprus","Other Fossil","2018",4.58
"CYP","Cyprus","Other Renewables","2018",0
"CYP","Cyprus","Solar","2018",0.2
"CYP","Cyprus","Wind","2018",0.22
"CYP","Cyprus","Bioenergy","2019",0.06
"CYP","Cyprus","Coal","2019",0
"CYP","Cyprus","Gas","2019",0
"CYP","Cyprus","Hydro","2019",0
"CYP","Cyprus","Nuclear","2019",0
"CYP","Cyprus","Other Fossil","2019",4.63
"CYP","Cyprus","Other Renewables","2019",0
"CYP","Cyprus","Solar","2019",0.22
"CYP","Cyprus","Wind","2019",0.24
"CYP","Cyprus","Bioenergy","2020",0.06
"CYP","Cyprus","Coal","2020",0
"CYP","Cyprus","Gas","2020",0
"CYP","Cyprus","Hydro","2020",0
"CYP","Cyprus","Nuclear","2020",0
"CYP","Cyprus","Other Fossil","2020",4.25
"CYP","Cyprus","Other Renewables","2020",0
"CYP","Cyprus","Solar","2020",0.3
"CYP","Cyprus","Wind","2020",0.24
"CYP","Cyprus","Bioenergy","2021",0.06
"CYP","Cyprus","Coal","2021",0
"CYP","Cyprus","Gas","2021",0
"CYP","Cyprus","Hydro","2021",0
"CYP","Cyprus","Nuclear","2021",0
"CYP","Cyprus","Other Fossil","2021",4.34
"CYP","Cyprus","Other Renewables","2021",0
"CYP","Cyprus","Solar","2021",0.47
"CYP","Cyprus","Wind","2021",0.25
"CYP","Cyprus","Bioenergy","2022",0.06
"CYP","Cyprus","Coal","2022",0
"CYP","Cyprus","Gas","2022",0
"CYP","Cyprus","Hydro","2022",0
"CYP","Cyprus","Nuclear","2022",0
"CYP","Cyprus","Other Fossil","2022",4.38
"CYP","Cyprus","Other Renewables","2022",0
"CYP","Cyprus","Solar","2022",0.6
"CYP","Cyprus","Wind","2022",0.22
"CYP","Cyprus","Bioenergy","2023",0.05
"CYP","Cyprus","Coal","2023",0
"CYP","Cyprus","Gas","2023",0
"CYP","Cyprus","Hydro","2023",0
"CYP","Cyprus","Nuclear","2023",0
"CYP","Cyprus","Other Fossil","2023",4.24
"CYP","Cyprus","Other Renewables","2023",0
"CYP","Cyprus","Solar","2023",0.83
"CYP","Cyprus","Wind","2023",0.21
"CYP","Cyprus","Bioenergy","2024",0.06
"CYP","Cyprus","Coal","2024",0
"CYP","Cyprus","Gas","2024",0
"CYP","Cyprus","Hydro","2024",0
"CYP","Cyprus","Nuclear","2024",0
"CYP","Cyprus","Other Fossil","2024",4.4
"CYP","Cyprus","Other Renewables","2024",0
"CYP","Cyprus","Solar","2024",1.11
"CYP","Cyprus","Wind","2024",0.22
"CYP","Cyprus","Bioenergy","2025",0.06
"CYP","Cyprus","Coal","2025",0
"CYP","Cyprus","Gas","2025",0
"CYP","Cyprus","Hydro","2025",0
"CYP","Cyprus","Nuclear","2025",0
"CYP","Cyprus","Other Fossil","2025",4.27
"CYP","Cyprus","Other Renewables","2025",0
"CYP","Cyprus","Solar","2025",1.37
"CYP","Cyprus","Wind","2025",0.21
"CZE","Czechia","Bioenergy","2015",4.79
"CZE","Czechia","Coal","2015",41.14
"CZE","Czechia","Gas","2015",2.28
"CZE","Czechia","Hydro","2015",1.79
"CZE","Czechia","Nuclear","2015",26.84
"CZE","Czechia","Other Fossil","2015",2.82
"CZE","Czechia","Other Renewables","2015",0
"CZE","Czechia","Solar","2015",2.26
"CZE","Czechia","Wind","2015",0.57
"CZE","Czechia","Bioenergy","2016",4.76
"CZE","Czechia","Coal","2016",41.97
"CZE","Czechia","Gas","2016",3.73
"CZE","Czechia","Hydro","2016",2
"CZE","Czechia","Nuclear","2016",24.1
"CZE","Czechia","Other Fossil","2016",2.81
"CZE","Czechia","Other Renewables","2016",0
"CZE","Czechia","Solar","2016",2.13
"CZE","Czechia","Wind","2016",0.5
"CZE","Czechia","Bioenergy","2017",4.97
"CZE","Czechia","Coal","2017",41.44
"CZE","Czechia","Gas","2017",3.7
"CZE","Czechia","Hydro","2017",1.87
"CZE","Czechia","Nuclear","2017",28.34
"CZE","Czechia","Other Fossil","2017",2.65
"CZE","Czechia","Other Renewables","2017",0
"CZE","Czechia","Solar","2017",2.2
"CZE","Czechia","Wind","2017",0.59
"CZE","Czechia","Bioenergy","2018",4.83
"CZE","Czechia","Coal","2018",41.2
"CZE","Czechia","Gas","2018",3.77
"CZE","Czechia","Hydro","2018",1.63
"CZE","Czechia","Nuclear","2018",29.92
"CZE","Czechia","Other Fossil","2018",2.52
"CZE","Czechia","Other Renewables","2018",0
"CZE","Czechia","Solar","2018",2.36
"CZE","Czechia","Wind","2018",0.61
"CZE","Czechia","Bioenergy","2019",5.03
"CZE","Czechia","Coal","2019",37.33
"CZE","Czechia","Gas","2019",5.81
"CZE","Czechia","Hydro","2019",2.01
"CZE","Czechia","Nuclear","2019",30.25
"CZE","Czechia","Other Fossil","2019",2.27
"CZE","Czechia","Other Renewables","2019",0
"CZE","Czechia","Solar","2019",2.32
"CZE","Czechia","Wind","2019",0.7
"CZE","Czechia","Bioenergy","2020",5.21
"CZE","Czechia","Coal","2020",31
"CZE","Czechia","Gas","2020",6.87
"CZE","Czechia","Hydro","2020",2.14
"CZE","Czechia","Nuclear","2020",30.04
"CZE","Czechia","Other Fossil","2020",1.85
"CZE","Czechia","Other Renewables","2020",0
"CZE","Czechia","Solar","2020",2.29
"CZE","Czechia","Wind","2020",0.7
"CZE","Czechia","Bioenergy","2021",5.38
"CZE","Czechia","Coal","2021",34.18
"CZE","Czechia","Gas","2021",7.31
"CZE","Czechia","Hydro","2021",2.41
"CZE","Czechia","Nuclear","2021",30.73
"CZE","Czechia","Other Fossil","2021",0.8
"CZE","Czechia","Other Renewables","2021",0
"CZE","Czechia","Solar","2021",2.25
"CZE","Czechia","Wind","2021",0.6
"CZE","Czechia","Bioenergy","2022",5.41
"CZE","Czechia","Coal","2022",36.88
"CZE","Czechia","Gas","2022",4.33
"CZE","Czechia","Hydro","2022",2.09
"CZE","Czechia","Nuclear","2022",31.02
"CZE","Czechia","Other Fossil","2022",0.73
"CZE","Czechia","Other Renewables","2022",0
"CZE","Czechia","Solar","2022",2.63
"CZE","Czechia","Wind","2022",0.64
"CZE","Czechia","Bioenergy","2023",5.19
"CZE","Czechia","Coal","2023",29.94
"CZE","Czechia","Gas","2023",3.68
"CZE","Czechia","Hydro","2023",2.36
"CZE","Czechia","Nuclear","2023",30.41
"CZE","Czechia","Other Fossil","2023",0.63
"CZE","Czechia","Other Renewables","2023",0
"CZE","Czechia","Solar","2023",2.89
"CZE","Czechia","Wind","2023",0.7
"CZE","Czechia","Bioenergy","2024",5.38
"CZE","Czechia","Coal","2024",26.52
"CZE","Czechia","Gas","2024",3.79
"CZE","Czechia","Hydro","2024",2.66
"CZE","Czechia","Nuclear","2024",29.7
"CZE","Czechia","Other Fossil","2024",0.5
"CZE","Czechia","Other Renewables","2024",0
"CZE","Czechia","Solar","2024",3.59
"CZE","Czechia","Wind","2024",0.67
"CZE","Czechia","Bioenergy","2025",6.05
"CZE","Czechia","Coal","2025",26.6
"CZE","Czechia","Gas","2025",4.08
"CZE","Czechia","Hydro","2025",1.71
"CZE","Czechia","Nuclear","2025",31.94
"CZE","Czechia","Other Fossil","2025",0.16
"CZE","Czechia","Other Renewables","2025",0
"CZE","Czechia","Solar","2025",4.39
"CZE","Czechia","Wind","2025",0.57
"DNK","Denmark","Bioenergy","2015",4.18
"DNK","Denmark","Coal","2015",7.11
"DNK","Denmark","Gas","2015",1.82
"DNK","Denmark","Hydro","2015",0.02
"DNK","Denmark","Nuclear","2015",0
"DNK","Denmark","Other Fossil","2015",0.92
"DNK","Denmark","Other Renewables","2015",0
"DNK","Denmark","Solar","2015",0.6
"DNK","Denmark","Wind","2015",14.13
"DNK","Denmark","Bioenergy","2016",4.85
"DNK","Denmark","Coal","2016",8.87
"DNK","Denmark","Gas","2016",2.26
"DNK","Denmark","Hydro","2016",0.02
"DNK","Denmark","Nuclear","2016",0
"DNK","Denmark","Other Fossil","2016",0.88
"DNK","Denmark","Other Renewables","2016",0
"DNK","Denmark","Solar","2016",0.74
"DNK","Denmark","Wind","2016",12.78
"DNK","Denmark","Bioenergy","2017",6.25
"DNK","Denmark","Coal","2017",6.21
"DNK","Denmark","Gas","2017",2.02
"DNK","Denmark","Hydro","2017",0.02
"DNK","Denmark","Nuclear","2017",0
"DNK","Denmark","Other Fossil","2017",0.87
"DNK","Denmark","Other Renewables","2017",0
"DNK","Denmark","Solar","2017",0.75
"DNK","Denmark","Wind","2017",14.78
"DNK","Denmark","Bioenergy","2018",5.89
"DNK","Denmark","Coal","2018",6.57
"DNK","Denmark","Gas","2018",2.07
"DNK","Denmark","Hydro","2018",0.01
"DNK","Denmark","Nuclear","2018",0
"DNK","Denmark","Other Fossil","2018",0.82
"DNK","Denmark","Other Renewables","2018",0
"DNK","Denmark","Solar","2018",0.95
"DNK","Denmark","Wind","2018",13.9
"DNK","Denmark","Bioenergy","2019",5.94
"DNK","Denmark","Coal","2019",3.31
"DNK","Denmark","Gas","2019",2.1
"DNK","Denmark","Hydro","2019",0.02
"DNK","Denmark","Nuclear","2019",0
"DNK","Denmark","Other Fossil","2019",0.89
"DNK","Denmark","Other Renewables","2019",0
"DNK","Denmark","Solar","2019",0.96
"DNK","Denmark","Wind","2019",16.15
"DNK","Denmark","Bioenergy","2020",5.92
"DNK","Denmark","Coal","2020",3.06
"DNK","Denmark","Gas","2020",1.18
"DNK","Denmark","Hydro","2020",0.02
"DNK","Denmark","Nuclear","2020",0
"DNK","Denmark","Other Fossil","2020",0.89
"DNK","Denmark","Other Renewables","2020",0
"DNK","Denmark","Solar","2020",1.18
"DNK","Denmark","Wind","2020",16.33
"DNK","Denmark","Bioenergy","2021",8.72
"DNK","Denmark","Coal","2021",4.37
"DNK","Denmark","Gas","2021",1.54
"DNK","Denmark","Hydro","2021",0.02
"DNK","Denmark","Nuclear","2021",0
"DNK","Denmark","Other Fossil","2021",0.91
"DNK","Denmark","Other Renewables","2021",0
"DNK","Denmark","Solar","2021",1.31
"DNK","Denmark","Wind","2021",16.05
"DNK","Denmark","Bioenergy","2022",7.02
"DNK","Denmark","Coal","2022",4.43
"DNK","Denmark","Gas","2022",1.02
"DNK","Denmark","Hydro","2022",0.01
"DNK","Denmark","Nuclear","2022",0
"DNK","Denmark","Other Fossil","2022",1.28
"DNK","Denmark","Other Renewables","2022",0
"DNK","Denmark","Solar","2022",2.38
"DNK","Denmark","Wind","2022",19.02
"DNK","Denmark","Bioenergy","2023",6.21
"DNK","Denmark","Coal","2023",2.53
"DNK","Denmark","Gas","2023",1
"DNK","Denmark","Hydro","2023",0.02
"DNK","Denmark","Nuclear","2023",0
"DNK","Denmark","Other Fossil","2023",1.08
"DNK","Denmark","Other Renewables","2023",0
"DNK","Denmark","Solar","2023",3.66
"DNK","Denmark","Wind","2023",19.39
"DNK","Denmark","Bioenergy","2024",7.06
"DNK","Denmark","Coal","2024",1.75
"DNK","Denmark","Gas","2024",0.91
"DNK","Denmark","Hydro","2024",0.02
"DNK","Denmark","Nuclear","2024",0
"DNK","Denmark","Other Fossil","2024",1.13
"DNK","Denmark","Other Renewables","2024",0
"DNK","Denmark","Solar","2024",3.78
"DNK","Denmark","Wind","2024",20.6
"DNK","Denmark","Bioenergy","2025",7.63
"DNK","Denmark","Coal","2025",0.15
"DNK","Denmark","Gas","2025",0.13
"DNK","Denmark","Hydro","2025",0.02
"DNK","Denmark","Nuclear","2025",0
"DNK","Denmark","Other Fossil","2025",1.71
"DNK","Denmark","Other Renewables","2025",0
"DNK","Denmark","Solar","2025",4.61
"DNK","Denmark","Wind","2025",20.28
"DJI","Djibouti","Bioenergy","2015",0
"DJI","Djibouti","Coal","2015",0
"DJI","Djibouti","Gas","2015",0
"DJI","Djibouti","Hydro","2015",0
"DJI","Djibouti","Nuclear","2015",0
"DJI","Djibouti","Other Fossil","2015",0.18
"DJI","Djibouti","Other Renewables","2015",0
"DJI","Djibouti","Solar","2015",0
"DJI","Djibouti","Wind","2015",0
"DJI","Djibouti","Bioenergy","2016",0
"DJI","Djibouti","Coal","2016",0
"DJI","Djibouti","Gas","2016",0
"DJI","Djibouti","Hydro","2016",0
"DJI","Djibouti","Nuclear","2016",0
"DJI","Djibouti","Other Fossil","2016",0.09
"DJI","Djibouti","Other Renewables","2016",0
"DJI","Djibouti","Solar","2016",0
"DJI","Djibouti","Wind","2016",0
"DJI","Djibouti","Bioenergy","2017",0
"DJI","Djibouti","Coal","2017",0
"DJI","Djibouti","Gas","2017",0
"DJI","Djibouti","Hydro","2017",0
"DJI","Djibouti","Nuclear","2017",0
"DJI","Djibouti","Other Fossil","2017",0.06
"DJI","Djibouti","Other Renewables","2017",0
"DJI","Djibouti","Solar","2017",0
"DJI","Djibouti","Wind","2017",0
"DJI","Djibouti","Bioenergy","2018",0
"DJI","Djibouti","Coal","2018",0
"DJI","Djibouti","Gas","2018",0
"DJI","Djibouti","Hydro","2018",0
"DJI","Djibouti","Nuclear","2018",0
"DJI","Djibouti","Other Fossil","2018",0.05
"DJI","Djibouti","Other Renewables","2018",0
"DJI","Djibouti","Solar","2018",0
"DJI","Djibouti","Wind","2018",0
"DJI","Djibouti","Bioenergy","2019",0
"DJI","Djibouti","Coal","2019",0
"DJI","Djibouti","Gas","2019",0
"DJI","Djibouti","Hydro","2019",0
"DJI","Djibouti","Nuclear","2019",0
"DJI","Djibouti","Other Fossil","2019",0.09
"DJI","Djibouti","Other Renewables","2019",0
"DJI","Djibouti","Solar","2019",0
"DJI","Djibouti","Wind","2019",0
"DJI","Djibouti","Bioenergy","2020",0
"DJI","Djibouti","Coal","2020",0
"DJI","Djibouti","Gas","2020",0
"DJI","Djibouti","Hydro","2020",0
"DJI","Djibouti","Nuclear","2020",0
"DJI","Djibouti","Other Fossil","2020",0.13
"DJI","Djibouti","Other Renewables","2020",0
"DJI","Djibouti","Solar","2020",0
"DJI","Djibouti","Wind","2020",0
"DJI","Djibouti","Bioenergy","2021",0
"DJI","Djibouti","Coal","2021",0
"DJI","Djibouti","Gas","2021",0
"DJI","Djibouti","Hydro","2021",0
"DJI","Djibouti","Nuclear","2021",0
"DJI","Djibouti","Other Fossil","2021",0.13
"DJI","Djibouti","Other Renewables","2021",0
"DJI","Djibouti","Solar","2021",0
"DJI","Djibouti","Wind","2021",0.07
"DJI","Djibouti","Bioenergy","2022",0
"DJI","Djibouti","Coal","2022",0
"DJI","Djibouti","Gas","2022",0
"DJI","Djibouti","Hydro","2022",0
"DJI","Djibouti","Nuclear","2022",0
"DJI","Djibouti","Other Fossil","2022",0.13
"DJI","Djibouti","Other Renewables","2022",0
"DJI","Djibouti","Solar","2022",0
"DJI","Djibouti","Wind","2022",0.07
"DJI","Djibouti","Bioenergy","2023",0
"DJI","Djibouti","Coal","2023",0
"DJI","Djibouti","Gas","2023",0
"DJI","Djibouti","Hydro","2023",0
"DJI","Djibouti","Nuclear","2023",0
"DJI","Djibouti","Other Fossil","2023",0.13
"DJI","Djibouti","Other Renewables","2023",0
"DJI","Djibouti","Solar","2023",0
"DJI","Djibouti","Wind","2023",0.07
"DJI","Djibouti","Bioenergy","2024",0
"DJI","Djibouti","Coal","2024",0
"DJI","Djibouti","Gas","2024",0
"DJI","Djibouti","Hydro","2024",0
"DJI","Djibouti","Nuclear","2024",0
"DJI","Djibouti","Other Fossil","2024",0.13
"DJI","Djibouti","Other Renewables","2024",0
"DJI","Djibouti","Solar","2024",0
"DJI","Djibouti","Wind","2024",0.07
"DMA","Dominica","Bioenergy","2015",0
"DMA","Dominica","Coal","2015",0
"DMA","Dominica","Gas","2015",0
"DMA","Dominica","Hydro","2015",0.02
"DMA","Dominica","Nuclear","2015",0
"DMA","Dominica","Other Fossil","2015",0.13
"DMA","Dominica","Other Renewables","2015",0
"DMA","Dominica","Solar","2015",0
"DMA","Dominica","Wind","2015",0
"DMA","Dominica","Bioenergy","2016",0
"DMA","Dominica","Coal","2016",0
"DMA","Dominica","Gas","2016",0
"DMA","Dominica","Hydro","2016",0.04
"DMA","Dominica","Nuclear","2016",0
"DMA","Dominica","Other Fossil","2016",0.12
"DMA","Dominica","Other Renewables","2016",0
"DMA","Dominica","Solar","2016",0
"DMA","Dominica","Wind","2016",0
"DMA","Dominica","Bioenergy","2017",0
"DMA","Dominica","Coal","2017",0
"DMA","Dominica","Gas","2017",0
"DMA","Dominica","Hydro","2017",0.03
"DMA","Dominica","Nuclear","2017",0
"DMA","Dominica","Other Fossil","2017",0.1
"DMA","Dominica","Other Renewables","2017",0
"DMA","Dominica","Solar","2017",0
"DMA","Dominica","Wind","2017",0
"DMA","Dominica","Bioenergy","2018",0
"DMA","Dominica","Coal","2018",0
"DMA","Dominica","Gas","2018",0
"DMA","Dominica","Hydro","2018",0.02
"DMA","Dominica","Nuclear","2018",0
"DMA","Dominica","Other Fossil","2018",0.09
"DMA","Dominica","Other Renewables","2018",0
"DMA","Dominica","Solar","2018",0
"DMA","Dominica","Wind","2018",0
"DMA","Dominica","Bioenergy","2019",0
"DMA","Dominica","Coal","2019",0
"DMA","Dominica","Gas","2019",0
"DMA","Dominica","Hydro","2019",0.02
"DMA","Dominica","Nuclear","2019",0
"DMA","Dominica","Other Fossil","2019",0.12
"DMA","Dominica","Other Renewables","2019",0
"DMA","Dominica","Solar","2019",0
"DMA","Dominica","Wind","2019",0
"DMA","Dominica","Bioenergy","2020",0
"DMA","Dominica","Coal","2020",0
"DMA","Dominica","Gas","2020",0
"DMA","Dominica","Hydro","2020",0.02
"DMA","Dominica","Nuclear","2020",0
"DMA","Dominica","Other Fossil","2020",0.12
"DMA","Dominica","Other Renewables","2020",0
"DMA","Dominica","Solar","2020",0
"DMA","Dominica","Wind","2020",0
"DMA","Dominica","Bioenergy","2021",0
"DMA","Dominica","Coal","2021",0
"DMA","Dominica","Gas","2021",0
"DMA","Dominica","Hydro","2021",0.02
"DMA","Dominica","Nuclear","2021",0
"DMA","Dominica","Other Fossil","2021",0.12
"DMA","Dominica","Other Renewables","2021",0
"DMA","Dominica","Solar","2021",0
"DMA","Dominica","Wind","2021",0
"DMA","Dominica","Bioenergy","2022",0
"DMA","Dominica","Coal","2022",0
"DMA","Dominica","Gas","2022",0
"DMA","Dominica","Hydro","2022",0.02
"DMA","Dominica","Nuclear","2022",0
"DMA","Dominica","Other Fossil","2022",0.13
"DMA","Dominica","Other Renewables","2022",0
"DMA","Dominica","Solar","2022",0
"DMA","Dominica","Wind","2022",0
"DMA","Dominica","Bioenergy","2023",0
"DMA","Dominica","Coal","2023",0
"DMA","Dominica","Gas","2023",0
"DMA","Dominica","Hydro","2023",0.02
"DMA","Dominica","Nuclear","2023",0
"DMA","Dominica","Other Fossil","2023",0.13
"DMA","Dominica","Other Renewables","2023",0
"DMA","Dominica","Solar","2023",0
"DMA","Dominica","Wind","2023",0
"DOM","Dominican Republic (the)","Bioenergy","2015",0.17
"DOM","Dominican Republic (the)","Coal","2015",2.31
"DOM","Dominican Republic (the)","Gas","2015",4.28
"DOM","Dominican Republic (the)","Hydro","2015",0.93
"DOM","Dominican Republic (the)","Nuclear","2015",0
"DOM","Dominican Republic (the)","Other Fossil","2015",9.99
"DOM","Dominican Republic (the)","Other Renewables","2015",0
"DOM","Dominican Republic (the)","Solar","2015",0.03
"DOM","Dominican Republic (the)","Wind","2015",0.29
"DOM","Dominican Republic (the)","Bioenergy","2016",0.18
"DOM","Dominican Republic (the)","Coal","2016",2.36
"DOM","Dominican Republic (the)","Gas","2016",3.82
"DOM","Dominican Republic (the)","Hydro","2016",1.5
"DOM","Dominican Republic (the)","Nuclear","2016",0
"DOM","Dominican Republic (the)","Other Fossil","2016",10.52
"DOM","Dominican Republic (the)","Other Renewables","2016",0
"DOM","Dominican Republic (the)","Solar","2016",0.08
"DOM","Dominican Republic (the)","Wind","2016",0.32
"DOM","Dominican Republic (the)","Bioenergy","2017",0.34
"DOM","Dominican Republic (the)","Coal","2017",2.41
"DOM","Dominican Republic (the)","Gas","2017",5.5
"DOM","Dominican Republic (the)","Hydro","2017",2.17
"DOM","Dominican Republic (the)","Nuclear","2017",0
"DOM","Dominican Republic (the)","Other Fossil","2017",8.25
"DOM","Dominican Republic (the)","Other Renewables","2017",0
"DOM","Dominican Republic (the)","Solar","2017",0.14
"DOM","Dominican Republic (the)","Wind","2017",0.39
"DOM","Dominican Republic (the)","Bioenergy","2018",0.21
"DOM","Dominican Republic (the)","Coal","2018",2.28
"DOM","Dominican Republic (the)","Gas","2018",4.74
"DOM","Dominican Republic (the)","Hydro","2018",1.76
"DOM","Dominican Republic (the)","Nuclear","2018",0
"DOM","Dominican Republic (the)","Other Fossil","2018",9.88
"DOM","Dominican Republic (the)","Other Renewables","2018",0
"DOM","Dominican Republic (the)","Solar","2018",0.23
"DOM","Dominican Republic (the)","Wind","2018",0.5
"DOM","Dominican Republic (the)","Bioenergy","2019",0.21
"DOM","Dominican Republic (the)","Coal","2019",3.56
"DOM","Dominican Republic (the)","Gas","2019",5.55
"DOM","Dominican Republic (the)","Hydro","2019",1.3
"DOM","Dominican Republic (the)","Nuclear","2019",0
"DOM","Dominican Republic (the)","Other Fossil","2019",9.5
"DOM","Dominican Republic (the)","Other Renewables","2019",0
"DOM","Dominican Republic (the)","Solar","2019",0.37
"DOM","Dominican Republic (the)","Wind","2019",0.79
"DOM","Dominican Republic (the)","Bioenergy","2020",0.19
"DOM","Dominican Republic (the)","Coal","2020",5.97
"DOM","Dominican Republic (the)","Gas","2020",6.25
"DOM","Dominican Republic (the)","Hydro","2020",1.29
"DOM","Dominican Republic (the)","Nuclear","2020",0
"DOM","Dominican Republic (the)","Other Fossil","2020",4.12
"DOM","Dominican Republic (the)","Other Renewables","2020",0
"DOM","Dominican Republic (the)","Solar","2020",0.6
"DOM","Dominican Republic (the)","Wind","2020",1.07
"DOM","Dominican Republic (the)","Bioenergy","2021",0.24
"DOM","Dominican Republic (the)","Coal","2021",5.76
"DOM","Dominican Republic (the)","Gas","2021",7.71
"DOM","Dominican Republic (the)","Hydro","2021",1.5
"DOM","Dominican Republic (the)","Nuclear","2021",0
"DOM","Dominican Republic (the)","Other Fossil","2021",4.15
"DOM","Dominican Republic (the)","Other Renewables","2021",0
"DOM","Dominican Republic (the)","Solar","2021",0.85
"DOM","Dominican Republic (the)","Wind","2021",1.22
"DOM","Dominican Republic (the)","Bioenergy","2022",0.21
"DOM","Dominican Republic (the)","Coal","2022",7.16
"DOM","Dominican Republic (the)","Gas","2022",5.55
"DOM","Dominican Republic (the)","Hydro","2022",1.47
"DOM","Dominican Republic (the)","Nuclear","2022",0
"DOM","Dominican Republic (the)","Other Fossil","2022",5.37
"DOM","Dominican Republic (the)","Other Renewables","2022",0
"DOM","Dominican Republic (the)","Solar","2022",1.24
"DOM","Dominican Republic (the)","Wind","2022",1.17
"DOM","Dominican Republic (the)","Bioenergy","2023",0.21
"DOM","Dominican Republic (the)","Coal","2023",7.72
"DOM","Dominican Republic (the)","Gas","2023",7.3
"DOM","Dominican Republic (the)","Hydro","2023",1.47
"DOM","Dominican Republic (the)","Nuclear","2023",0
"DOM","Dominican Republic (the)","Other Fossil","2023",5.3
"DOM","Dominican Republic (the)","Other Renewables","2023",0
"DOM","Dominican Republic (the)","Solar","2023",1.36
"DOM","Dominican Republic (the)","Wind","2023",1.2
"DOM","Dominican Republic (the)","Bioenergy","2024",0.21
"DOM","Dominican Republic (the)","Coal","2024",7.2
"DOM","Dominican Republic (the)","Gas","2024",7
"DOM","Dominican Republic (the)","Hydro","2024",1.47
"DOM","Dominican Republic (the)","Nuclear","2024",0
"DOM","Dominican Republic (the)","Other Fossil","2024",5.3
"DOM","Dominican Republic (the)","Other Renewables","2024",0
"DOM","Dominican Republic (the)","Solar","2024",1.55
"DOM","Dominican Republic (the)","Wind","2024",1.3
"DOM","Dominican Republic (the)","Bioenergy","2025",0.2
"DOM","Dominican Republic (the)","Coal","2025",6.59
"DOM","Dominican Republic (the)","Gas","2025",6.07
"DOM","Dominican Republic (the)","Hydro","2025",1.53
"DOM","Dominican Republic (the)","Nuclear","2025",0
"DOM","Dominican Republic (the)","Other Fossil","2025",4.62
"DOM","Dominican Republic (the)","Other Renewables","2025",0
"DOM","Dominican Republic (the)","Solar","2025",2.25
"DOM","Dominican Republic (the)","Wind","2025",1.42
"ECU","Ecuador","Bioenergy","2015",0.09
"ECU","Ecuador","Coal","2015",0
"ECU","Ecuador","Gas","2015",2.81
"ECU","Ecuador","Hydro","2015",12.97
"ECU","Ecuador","Nuclear","2015",0
"ECU","Ecuador","Other Fossil","2015",9.82
"ECU","Ecuador","Other Renewables","2015",0
"ECU","Ecuador","Solar","2015",0.04
"ECU","Ecuador","Wind","2015",0.1
"ECU","Ecuador","Bioenergy","2016",0.49
"ECU","Ecuador","Coal","2016",0
"ECU","Ecuador","Gas","2016",2.02
"ECU","Ecuador","Hydro","2016",15.68
"ECU","Ecuador","Nuclear","2016",0
"ECU","Ecuador","Other Fossil","2016",8.85
"ECU","Ecuador","Other Renewables","2016",0
"ECU","Ecuador","Solar","2016",0.04
"ECU","Ecuador","Wind","2016",0.08
"ECU","Ecuador","Bioenergy","2017",0.46
"ECU","Ecuador","Coal","2017",0
"ECU","Ecuador","Gas","2017",1.73
"ECU","Ecuador","Hydro","2017",19.89
"ECU","Ecuador","Nuclear","2017",0
"ECU","Ecuador","Other Fossil","2017",5.64
"ECU","Ecuador","Other Renewables","2017",0
"ECU","Ecuador","Solar","2017",0.04
"ECU","Ecuador","Wind","2017",0.07
"ECU","Ecuador","Bioenergy","2018",0.43
"ECU","Ecuador","Coal","2018",0
"ECU","Ecuador","Gas","2018",1.53
"ECU","Ecuador","Hydro","2018",20.47
"ECU","Ecuador","Nuclear","2018",0
"ECU","Ecuador","Other Fossil","2018",6.68
"ECU","Ecuador","Other Renewables","2018",0
"ECU","Ecuador","Solar","2018",0.04
"ECU","Ecuador","Wind","2018",0.08
"ECU","Ecuador","Bioenergy","2019",0.45
"ECU","Ecuador","Coal","2019",0
"ECU","Ecuador","Gas","2019",1.39
"ECU","Ecuador","Hydro","2019",24.66
"ECU","Ecuador","Nuclear","2019",0
"ECU","Ecuador","Other Fossil","2019",5.82
"ECU","Ecuador","Other Renewables","2019",0
"ECU","Ecuador","Solar","2019",0.04
"ECU","Ecuador","Wind","2019",0.09
"ECU","Ecuador","Bioenergy","2020",0.47
"ECU","Ecuador","Coal","2020",0
"ECU","Ecuador","Gas","2020",1.15
"ECU","Ecuador","Hydro","2020",24.33
"ECU","Ecuador","Nuclear","2020",0
"ECU","Ecuador","Other Fossil","2020",5.22
"ECU","Ecuador","Other Renewables","2020",0
"ECU","Ecuador","Solar","2020",0.04
"ECU","Ecuador","Wind","2020",0.08
"ECU","Ecuador","Bioenergy","2021",0.41
"ECU","Ecuador","Coal","2021",0
"ECU","Ecuador","Gas","2021",1.13
"ECU","Ecuador","Hydro","2021",25.57
"ECU","Ecuador","Nuclear","2021",0
"ECU","Ecuador","Other Fossil","2021",4.91
"ECU","Ecuador","Other Renewables","2021",0
"ECU","Ecuador","Solar","2021",0.04
"ECU","Ecuador","Wind","2021",0.06
"ECU","Ecuador","Bioenergy","2022",0.39
"ECU","Ecuador","Coal","2022",0
"ECU","Ecuador","Gas","2022",1.04
"ECU","Ecuador","Hydro","2022",24.64
"ECU","Ecuador","Nuclear","2022",0
"ECU","Ecuador","Other Fossil","2022",6.89
"ECU","Ecuador","Other Renewables","2022",0
"ECU","Ecuador","Solar","2022",0.04
"ECU","Ecuador","Wind","2022",0.06
"ECU","Ecuador","Bioenergy","2023",0.39
"ECU","Ecuador","Coal","2023",0
"ECU","Ecuador","Gas","2023",0.95
"ECU","Ecuador","Hydro","2023",25.73
"ECU","Ecuador","Nuclear","2023",0
"ECU","Ecuador","Other Fossil","2023",8.5
"ECU","Ecuador","Other Renewables","2023",0
"ECU","Ecuador","Solar","2023",0.04
"ECU","Ecuador","Wind","2023",0.21
"ECU","Ecuador","Bioenergy","2024",0.39
"ECU","Ecuador","Coal","2024",0
"ECU","Ecuador","Gas","2024",0.95
"ECU","Ecuador","Hydro","2024",23
"ECU","Ecuador","Nuclear","2024",0
"ECU","Ecuador","Other Fossil","2024",8.05
"ECU","Ecuador","Other Renewables","2024",0
"ECU","Ecuador","Solar","2024",0.04
"ECU","Ecuador","Wind","2024",0.23
"ECU","Ecuador","Bioenergy","2025",0.32
"ECU","Ecuador","Coal","2025",0
"ECU","Ecuador","Gas","2025",0.98
"ECU","Ecuador","Hydro","2025",28.51
"ECU","Ecuador","Nuclear","2025",0
"ECU","Ecuador","Other Fossil","2025",6.56
"ECU","Ecuador","Other Renewables","2025",0
"ECU","Ecuador","Solar","2025",0.04
"ECU","Ecuador","Wind","2025",0.19
"EGY","Egypt","Bioenergy","2015",0
"EGY","Egypt","Coal","2015",0
"EGY","Egypt","Gas","2015",129.81
"EGY","Egypt","Hydro","2015",13.68
"EGY","Egypt","Other Fossil","2015",36.41
"EGY","Egypt","Solar","2015",0.04
"EGY","Egypt","Wind","2015",1.89
"EGY","Egypt","Bioenergy","2016",0
"EGY","Egypt","Coal","2016",0
"EGY","Egypt","Gas","2016",138.47
"EGY","Egypt","Hydro","2016",13.2
"EGY","Egypt","Other Fossil","2016",33.89
"EGY","Egypt","Solar","2016",0.23
"EGY","Egypt","Wind","2016",2.4
"EGY","Egypt","Bioenergy","2017",0
"EGY","Egypt","Coal","2017",0
"EGY","Egypt","Gas","2017",151.93
"EGY","Egypt","Hydro","2017",12.79
"EGY","Egypt","Other Fossil","2017",25.78
"EGY","Egypt","Solar","2017",0.6
"EGY","Egypt","Wind","2017",2.11
"EGY","Egypt","Bioenergy","2018",0
"EGY","Egypt","Coal","2018",0
"EGY","Egypt","Gas","2018",167.18
"EGY","Egypt","Hydro","2018",12.92
"EGY","Egypt","Other Fossil","2018",15.75
"EGY","Egypt","Solar","2018",0.55
"EGY","Egypt","Wind","2018",2.99
"EGY","Egypt","Bioenergy","2019",0
"EGY","Egypt","Coal","2019",0
"EGY","Egypt","Gas","2019",171.82
"EGY","Egypt","Hydro","2019",13.12
"EGY","Egypt","Other Fossil","2019",9.16
"EGY","Egypt","Solar","2019",1.49
"EGY","Egypt","Wind","2019",4.98
"EGY","Egypt","Bioenergy","2020",0
"EGY","Egypt","Coal","2020",0
"EGY","Egypt","Gas","2020",166.86
"EGY","Egypt","Hydro","2020",14.08
"EGY","Egypt","Other Fossil","2020",7.98
"EGY","Egypt","Solar","2020",4.45
"EGY","Egypt","Wind","2020",5.23
"EGY","Egypt","Bioenergy","2021",0
"EGY","Egypt","Coal","2021",0
"EGY","Egypt","Gas","2021",179.45
"EGY","Egypt","Hydro","2021",14.9
"EGY","Egypt","Other Fossil","2021",4.85
"EGY","Egypt","Solar","2021",4.97
"EGY","Egypt","Wind","2021",5.49
"EGY","Egypt","Bioenergy","2022",0
"EGY","Egypt","Coal","2022",0
"EGY","Egypt","Gas","2022",183.07
"EGY","Egypt","Hydro","2022",14.71
"EGY","Egypt","Other Fossil","2022",8.04
"EGY","Egypt","Solar","2022",5
"EGY","Egypt","Wind","2022",5.9
"EGY","Egypt","Bioenergy","2023",0
"EGY","Egypt","Coal","2023",0
"EGY","Egypt","Gas","2023",179.37
"EGY","Egypt","Hydro","2023",15.05
"EGY","Egypt","Other Fossil","2023",16.58
"EGY","Egypt","Solar","2023",4.93
"EGY","Egypt","Wind","2023",5.99
"EGY","Egypt","Bioenergy","2024",0
"EGY","Egypt","Coal","2024",0
"EGY","Egypt","Gas","2024",192.98
"EGY","Egypt","Hydro","2024",14.37
"EGY","Egypt","Other Fossil","2024",17.83
"EGY","Egypt","Solar","2024",6.07
"EGY","Egypt","Wind","2024",6.14
"EGY","Egypt","Bioenergy","2025",0
"EGY","Egypt","Coal","2025",0
"EGY","Egypt","Gas","2025",195.65
"EGY","Egypt","Hydro","2025",15.07
"EGY","Egypt","Other Fossil","2025",18.08
"EGY","Egypt","Solar","2025",7.61
"EGY","Egypt","Wind","2025",9.3
"SLV","El Salvador","Bioenergy","2015",0.57
"SLV","El Salvador","Hydro","2015",1.42
"SLV","El Salvador","Other Fossil","2015",2.53
"SLV","El Salvador","Other Renewables","2015",1.54
"SLV","El Salvador","Solar","2015",0.01
"SLV","El Salvador","Bioenergy","2016",0.72
"SLV","El Salvador","Hydro","2016",1.34
"SLV","El Salvador","Other Fossil","2016",2.5
"SLV","El Salvador","Other Renewables","2016",1.58
"SLV","El Salvador","Solar","2016",0.02
"SLV","El Salvador","Bioenergy","2017",0.71
"SLV","El Salvador","Hydro","2017",1.71
"SLV","El Salvador","Other Fossil","2017",1.4
"SLV","El Salvador","Other Renewables","2017",1.57
"SLV","El Salvador","Solar","2017",0.16
"SLV","El Salvador","Bioenergy","2018",0.75
"SLV","El Salvador","Hydro","2018",1.63
"SLV","El Salvador","Other Fossil","2018",1.2
"SLV","El Salvador","Other Renewables","2018",1.55
"SLV","El Salvador","Solar","2018",0.31
"SLV","El Salvador","Bioenergy","2019",0.83
"SLV","El Salvador","Hydro","2019",1.53
"SLV","El Salvador","Other Fossil","2019",1.76
"SLV","El Salvador","Other Renewables","2019",1.47
"SLV","El Salvador","Solar","2019",0.58
"SLV","El Salvador","Bioenergy","2020",0.82
"SLV","El Salvador","Hydro","2020",2.07
"SLV","El Salvador","Other Fossil","2020",0.98
"SLV","El Salvador","Other Renewables","2020",1.56
"SLV","El Salvador","Solar","2020",0.99
"SLV","El Salvador","Wind","2020",0.01
"SLV","El Salvador","Bioenergy","2021",0.9
"SLV","El Salvador","Hydro","2021",1.82
"SLV","El Salvador","Other Fossil","2021",0.99
"SLV","El Salvador","Other Renewables","2021",1.56
"SLV","El Salvador","Solar","2021",1.69
"SLV","El Salvador","Wind","2021",0.13
"SLV","El Salvador","Bioenergy","2022",0.82
"SLV","El Salvador","Hydro","2022",2.24
"SLV","El Salvador","Other Fossil","2022",0.61
"SLV","El Salvador","Other Renewables","2022",1.58
"SLV","El Salvador","Solar","2022",1.24
"SLV","El Salvador","Wind","2022",0.14
"SLV","El Salvador","Bioenergy","2023",0.8
"SLV","El Salvador","Hydro","2023",1.49
"SLV","El Salvador","Other Fossil","2023",0.73
"SLV","El Salvador","Other Renewables","2023",1.59
"SLV","El Salvador","Solar","2023",1.2
"SLV","El Salvador","Wind","2023",0.17
"SLV","El Salvador","Bioenergy","2024",0.83
"SLV","El Salvador","Hydro","2024",2.13
"SLV","El Salvador","Other Fossil","2024",0.6
"SLV","El Salvador","Other Renewables","2024",1.58
"SLV","El Salvador","Solar","2024",1.25
"SLV","El Salvador","Wind","2024",0.14
"SLV","El Salvador","Bioenergy","2025",0.78
"SLV","El Salvador","Hydro","2025",1.96
"SLV","El Salvador","Other Fossil","2025",0.85
"SLV","El Salvador","Other Renewables","2025",1.34
"SLV","El Salvador","Solar","2025",1.33
"SLV","El Salvador","Wind","2025",0.2
"GNQ","Equatorial Guinea","Bioenergy","2015",0
"GNQ","Equatorial Guinea","Coal","2015",0
"GNQ","Equatorial Guinea","Gas","2015",0.82
"GNQ","Equatorial Guinea","Hydro","2015",0.47
"GNQ","Equatorial Guinea","Nuclear","2015",0
"GNQ","Equatorial Guinea","Other Fossil","2015",0.01
"GNQ","Equatorial Guinea","Other Renewables","2015",0
"GNQ","Equatorial Guinea","Solar","2015",0
"GNQ","Equatorial Guinea","Wind","2015",0
"GNQ","Equatorial Guinea","Bioenergy","2016",0
"GNQ","Equatorial Guinea","Coal","2016",0
"GNQ","Equatorial Guinea","Gas","2016",0.92
"GNQ","Equatorial Guinea","Hydro","2016",0.47
"GNQ","Equatorial Guinea","Nuclear","2016",0
"GNQ","Equatorial Guinea","Other Fossil","2016",0.01
"GNQ","Equatorial Guinea","Other Renewables","2016",0
"GNQ","Equatorial Guinea","Solar","2016",0
"GNQ","Equatorial Guinea","Wind","2016",0
"GNQ","Equatorial Guinea","Bioenergy","2017",0
"GNQ","Equatorial Guinea","Coal","2017",0
"GNQ","Equatorial Guinea","Gas","2017",0.89
"GNQ","Equatorial Guinea","Hydro","2017",0.44
"GNQ","Equatorial Guinea","Nuclear","2017",0
"GNQ","Equatorial Guinea","Other Fossil","2017",0.01
"GNQ","Equatorial Guinea","Other Renewables","2017",0
"GNQ","Equatorial Guinea","Solar","2017",0
"GNQ","Equatorial Guinea","Wind","2017",0
"GNQ","Equatorial Guinea","Bioenergy","2018",0
"GNQ","Equatorial Guinea","Coal","2018",0
"GNQ","Equatorial Guinea","Gas","2018",0.9
"GNQ","Equatorial Guinea","Hydro","2018",0.44
"GNQ","Equatorial Guinea","Nuclear","2018",0
"GNQ","Equatorial Guinea","Other Fossil","2018",0.01
"GNQ","Equatorial Guinea","Other Renewables","2018",0
"GNQ","Equatorial Guinea","Solar","2018",0
"GNQ","Equatorial Guinea","Wind","2018",0
"GNQ","Equatorial Guinea","Bioenergy","2019",0
"GNQ","Equatorial Guinea","Coal","2019",0
"GNQ","Equatorial Guinea","Gas","2019",0.94
"GNQ","Equatorial Guinea","Hydro","2019",0.45
"GNQ","Equatorial Guinea","Nuclear","2019",0
"GNQ","Equatorial Guinea","Other Fossil","2019",0.01
"GNQ","Equatorial Guinea","Other Renewables","2019",0
"GNQ","Equatorial Guinea","Solar","2019",0
"GNQ","Equatorial Guinea","Wind","2019",0
"GNQ","Equatorial Guinea","Bioenergy","2020",0
"GNQ","Equatorial Guinea","Coal","2020",0
"GNQ","Equatorial Guinea","Gas","2020",0.91
"GNQ","Equatorial Guinea","Hydro","2020",0.49
"GNQ","Equatorial Guinea","Nuclear","2020",0
"GNQ","Equatorial Guinea","Other Fossil","2020",0.01
"GNQ","Equatorial Guinea","Other Renewables","2020",0
"GNQ","Equatorial Guinea","Solar","2020",0
"GNQ","Equatorial Guinea","Wind","2020",0
"GNQ","Equatorial Guinea","Bioenergy","2021",0
"GNQ","Equatorial Guinea","Coal","2021",0
"GNQ","Equatorial Guinea","Gas","2021",0.95
"GNQ","Equatorial Guinea","Hydro","2021",0.47
"GNQ","Equatorial Guinea","Nuclear","2021",0
"GNQ","Equatorial Guinea","Other Fossil","2021",0.01
"GNQ","Equatorial Guinea","Other Renewables","2021",0
"GNQ","Equatorial Guinea","Solar","2021",0
"GNQ","Equatorial Guinea","Wind","2021",0
"GNQ","Equatorial Guinea","Bioenergy","2022",0
"GNQ","Equatorial Guinea","Coal","2022",0
"GNQ","Equatorial Guinea","Gas","2022",1.02
"GNQ","Equatorial Guinea","Hydro","2022",0.48
"GNQ","Equatorial Guinea","Nuclear","2022",0
"GNQ","Equatorial Guinea","Other Fossil","2022",0.01
"GNQ","Equatorial Guinea","Other Renewables","2022",0
"GNQ","Equatorial Guinea","Solar","2022",0
"GNQ","Equatorial Guinea","Wind","2022",0
"GNQ","Equatorial Guinea","Bioenergy","2023",0
"GNQ","Equatorial Guinea","Coal","2023",0
"GNQ","Equatorial Guinea","Gas","2023",1.07
"GNQ","Equatorial Guinea","Hydro","2023",0.35
"GNQ","Equatorial Guinea","Nuclear","2023",0
"GNQ","Equatorial Guinea","Other Fossil","2023",0.01
"GNQ","Equatorial Guinea","Other Renewables","2023",0
"GNQ","Equatorial Guinea","Solar","2023",0
"GNQ","Equatorial Guinea","Wind","2023",0
"GNQ","Equatorial Guinea","Bioenergy","2024",0
"GNQ","Equatorial Guinea","Coal","2024",0
"GNQ","Equatorial Guinea","Gas","2024",1.08
"GNQ","Equatorial Guinea","Hydro","2024",0.4
"GNQ","Equatorial Guinea","Nuclear","2024",0
"GNQ","Equatorial Guinea","Other Fossil","2024",0.01
"GNQ","Equatorial Guinea","Other Renewables","2024",0
"GNQ","Equatorial Guinea","Solar","2024",0
"GNQ","Equatorial Guinea","Wind","2024",0
"ERI","Eritrea","Bioenergy","2015",0
"ERI","Eritrea","Coal","2015",0
"ERI","Eritrea","Gas","2015",0
"ERI","Eritrea","Hydro","2015",0
"ERI","Eritrea","Nuclear","2015",0
"ERI","Eritrea","Other Fossil","2015",0.26
"ERI","Eritrea","Other Renewables","2015",0
"ERI","Eritrea","Solar","2015",0
"ERI","Eritrea","Wind","2015",0
"ERI","Eritrea","Bioenergy","2016",0
"ERI","Eritrea","Coal","2016",0
"ERI","Eritrea","Gas","2016",0
"ERI","Eritrea","Hydro","2016",0
"ERI","Eritrea","Nuclear","2016",0
"ERI","Eritrea","Other Fossil","2016",0.27
"ERI","Eritrea","Other Renewables","2016",0
"ERI","Eritrea","Solar","2016",0
"ERI","Eritrea","Wind","2016",0
"ERI","Eritrea","Bioenergy","2017",0
"ERI","Eritrea","Coal","2017",0
"ERI","Eritrea","Gas","2017",0
"ERI","Eritrea","Hydro","2017",0
"ERI","Eritrea","Nuclear","2017",0
"ERI","Eritrea","Other Fossil","2017",0.33
"ERI","Eritrea","Other Renewables","2017",0
"ERI","Eritrea","Solar","2017",0.01
"ERI","Eritrea","Wind","2017",0
"ERI","Eritrea","Bioenergy","2018",0
"ERI","Eritrea","Coal","2018",0
"ERI","Eritrea","Gas","2018",0
"ERI","Eritrea","Hydro","2018",0
"ERI","Eritrea","Nuclear","2018",0
"ERI","Eritrea","Other Fossil","2018",0.34
"ERI","Eritrea","Other Renewables","2018",0
"ERI","Eritrea","Solar","2018",0.05
"ERI","Eritrea","Wind","2018",0
"ERI","Eritrea","Bioenergy","2019",0
"ERI","Eritrea","Coal","2019",0
"ERI","Eritrea","Gas","2019",0
"ERI","Eritrea","Hydro","2019",0
"ERI","Eritrea","Nuclear","2019",0
"ERI","Eritrea","Other Fossil","2019",0.35
"ERI","Eritrea","Other Renewables","2019",0
"ERI","Eritrea","Solar","2019",0.05
"ERI","Eritrea","Wind","2019",0
"ERI","Eritrea","Bioenergy","2020",0
"ERI","Eritrea","Coal","2020",0
"ERI","Eritrea","Gas","2020",0
"ERI","Eritrea","Hydro","2020",0
"ERI","Eritrea","Nuclear","2020",0
"ERI","Eritrea","Other Fossil","2020",0.36
"ERI","Eritrea","Other Renewables","2020",0
"ERI","Eritrea","Solar","2020",0.05
"ERI","Eritrea","Wind","2020",0
"ERI","Eritrea","Bioenergy","2021",0
"ERI","Eritrea","Coal","2021",0
"ERI","Eritrea","Gas","2021",0
"ERI","Eritrea","Hydro","2021",0
"ERI","Eritrea","Nuclear","2021",0
"ERI","Eritrea","Other Fossil","2021",0.37
"ERI","Eritrea","Other Renewables","2021",0
"ERI","Eritrea","Solar","2021",0.05
"ERI","Eritrea","Wind","2021",0
"ERI","Eritrea","Bioenergy","2022",0
"ERI","Eritrea","Coal","2022",0
"ERI","Eritrea","Gas","2022",0
"ERI","Eritrea","Hydro","2022",0
"ERI","Eritrea","Nuclear","2022",0
"ERI","Eritrea","Other Fossil","2022",0.39
"ERI","Eritrea","Other Renewables","2022",0
"ERI","Eritrea","Solar","2022",0.05
"ERI","Eritrea","Wind","2022",0
"ERI","Eritrea","Bioenergy","2023",0
"ERI","Eritrea","Coal","2023",0
"ERI","Eritrea","Gas","2023",0
"ERI","Eritrea","Hydro","2023",0
"ERI","Eritrea","Nuclear","2023",0
"ERI","Eritrea","Other Fossil","2023",0.44
"ERI","Eritrea","Other Renewables","2023",0
"ERI","Eritrea","Solar","2023",0.05
"ERI","Eritrea","Wind","2023",0
"ERI","Eritrea","Bioenergy","2024",0
"ERI","Eritrea","Coal","2024",0
"ERI","Eritrea","Gas","2024",0
"ERI","Eritrea","Hydro","2024",0
"ERI","Eritrea","Nuclear","2024",0
"ERI","Eritrea","Other Fossil","2024",0.4
"ERI","Eritrea","Other Renewables","2024",0
"ERI","Eritrea","Solar","2024",0.05
"ERI","Eritrea","Wind","2024",0
"EST","Estonia","Bioenergy","2015",0.82
"EST","Estonia","Coal","2015",0
"EST","Estonia","Gas","2015",0.06
"EST","Estonia","Hydro","2015",0.03
"EST","Estonia","Nuclear","2015",0
"EST","Estonia","Other Fossil","2015",8.53
"EST","Estonia","Other Renewables","2015",0
"EST","Estonia","Solar","2015",0
"EST","Estonia","Wind","2015",0.71
"EST","Estonia","Bioenergy","2016",0.95
"EST","Estonia","Coal","2016",0
"EST","Estonia","Gas","2016",0.07
"EST","Estonia","Hydro","2016",0.04
"EST","Estonia","Nuclear","2016",0
"EST","Estonia","Other Fossil","2016",10.51
"EST","Estonia","Other Renewables","2016",0
"EST","Estonia","Solar","2016",0.01
"EST","Estonia","Wind","2016",0.59
"EST","Estonia","Bioenergy","2017",1.1
"EST","Estonia","Coal","2017",0.02
"EST","Estonia","Gas","2017",0.06
"EST","Estonia","Hydro","2017",0.03
"EST","Estonia","Nuclear","2017",0
"EST","Estonia","Other Fossil","2017",11.22
"EST","Estonia","Other Renewables","2017",0
"EST","Estonia","Solar","2017",0.01
"EST","Estonia","Wind","2017",0.72
"EST","Estonia","Bioenergy","2018",1.31
"EST","Estonia","Coal","2018",0
"EST","Estonia","Gas","2018",0.06
"EST","Estonia","Hydro","2018",0.01
"EST","Estonia","Nuclear","2018",0
"EST","Estonia","Other Fossil","2018",10.32
"EST","Estonia","Other Renewables","2018",0
"EST","Estonia","Solar","2018",0.03
"EST","Estonia","Wind","2018",0.64
"EST","Estonia","Bioenergy","2019",1.36
"EST","Estonia","Coal","2019",0
"EST","Estonia","Gas","2019",0.04
"EST","Estonia","Hydro","2019",0.02
"EST","Estonia","Nuclear","2019",0
"EST","Estonia","Other Fossil","2019",5.43
"EST","Estonia","Other Renewables","2019",0
"EST","Estonia","Solar","2019",0.07
"EST","Estonia","Wind","2019",0.69
"EST","Estonia","Bioenergy","2020",1.85
"EST","Estonia","Coal","2020",0
"EST","Estonia","Gas","2020",0.03
"EST","Estonia","Hydro","2020",0.03
"EST","Estonia","Nuclear","2020",0
"EST","Estonia","Other Fossil","2020",3.08
"EST","Estonia","Other Renewables","2020",0
"EST","Estonia","Solar","2020",0.25
"EST","Estonia","Wind","2020",0.84
"EST","Estonia","Bioenergy","2021",1.77
"EST","Estonia","Coal","2021",0
"EST","Estonia","Gas","2021",0.04
"EST","Estonia","Hydro","2021",0.02
"EST","Estonia","Nuclear","2021",0
"EST","Estonia","Other Fossil","2021",4.28
"EST","Estonia","Other Renewables","2021",0
"EST","Estonia","Solar","2021",0.35
"EST","Estonia","Wind","2021",0.73
"EST","Estonia","Bioenergy","2022",1.57
"EST","Estonia","Coal","2022",0
"EST","Estonia","Gas","2022",0.06
"EST","Estonia","Hydro","2022",0.02
"EST","Estonia","Nuclear","2022",0
"EST","Estonia","Other Fossil","2022",6.02
"EST","Estonia","Other Renewables","2022",0
"EST","Estonia","Solar","2022",0.6
"EST","Estonia","Wind","2022",0.67
"EST","Estonia","Bioenergy","2023",1.38
"EST","Estonia","Coal","2023",0
"EST","Estonia","Gas","2023",0.02
"EST","Estonia","Hydro","2023",0.02
"EST","Estonia","Nuclear","2023",0
"EST","Estonia","Other Fossil","2023",2.92
"EST","Estonia","Other Renewables","2023",0
"EST","Estonia","Solar","2023",0.72
"EST","Estonia","Wind","2023",0.68
"EST","Estonia","Bioenergy","2024",1.34
"EST","Estonia","Coal","2024",0
"EST","Estonia","Gas","2024",0.08
"EST","Estonia","Hydro","2024",0.03
"EST","Estonia","Nuclear","2024",0
"EST","Estonia","Other Fossil","2024",2.69
"EST","Estonia","Other Renewables","2024",0
"EST","Estonia","Solar","2024",1.07
"EST","Estonia","Wind","2024",1.05
"EST","Estonia","Bioenergy","2025",1.33
"EST","Estonia","Coal","2025",0
"EST","Estonia","Gas","2025",0.08
"EST","Estonia","Hydro","2025",0.03
"EST","Estonia","Nuclear","2025",0
"EST","Estonia","Other Fossil","2025",2.38
"EST","Estonia","Other Renewables","2025",0
"EST","Estonia","Solar","2025",1.22
"EST","Estonia","Wind","2025",1.15
"SWZ","Eswatini","Bioenergy","2015",0.24
"SWZ","Eswatini","Coal","2015",0.02
"SWZ","Eswatini","Gas","2015",0
"SWZ","Eswatini","Hydro","2015",0.12
"SWZ","Eswatini","Nuclear","2015",0
"SWZ","Eswatini","Other Fossil","2015",0
"SWZ","Eswatini","Other Renewables","2015",0
"SWZ","Eswatini","Solar","2015",0
"SWZ","Eswatini","Wind","2015",0
"SWZ","Eswatini","Bioenergy","2016",0.21
"SWZ","Eswatini","Coal","2016",0.03
"SWZ","Eswatini","Gas","2016",0
"SWZ","Eswatini","Hydro","2016",0.12
"SWZ","Eswatini","Nuclear","2016",0
"SWZ","Eswatini","Other Fossil","2016",0
"SWZ","Eswatini","Other Renewables","2016",0
"SWZ","Eswatini","Solar","2016",0
"SWZ","Eswatini","Wind","2016",0
"SWZ","Eswatini","Bioenergy","2017",0.2
"SWZ","Eswatini","Coal","2017",0.02
"SWZ","Eswatini","Gas","2017",0
"SWZ","Eswatini","Hydro","2017",0.21
"SWZ","Eswatini","Nuclear","2017",0
"SWZ","Eswatini","Other Fossil","2017",0
"SWZ","Eswatini","Other Renewables","2017",0
"SWZ","Eswatini","Solar","2017",0
"SWZ","Eswatini","Wind","2017",0
"SWZ","Eswatini","Bioenergy","2018",0.2
"SWZ","Eswatini","Coal","2018",0.02
"SWZ","Eswatini","Gas","2018",0
"SWZ","Eswatini","Hydro","2018",0.27
"SWZ","Eswatini","Nuclear","2018",0
"SWZ","Eswatini","Other Fossil","2018",0
"SWZ","Eswatini","Other Renewables","2018",0
"SWZ","Eswatini","Solar","2018",0
"SWZ","Eswatini","Wind","2018",0
"SWZ","Eswatini","Bioenergy","2019",0.22
"SWZ","Eswatini","Coal","2019",0.04
"SWZ","Eswatini","Gas","2019",0
"SWZ","Eswatini","Hydro","2019",0.23
"SWZ","Eswatini","Nuclear","2019",0
"SWZ","Eswatini","Other Fossil","2019",0
"SWZ","Eswatini","Other Renewables","2019",0
"SWZ","Eswatini","Solar","2019",0
"SWZ","Eswatini","Wind","2019",0
"SWZ","Eswatini","Bioenergy","2020",0.24
"SWZ","Eswatini","Coal","2020",0.02
"SWZ","Eswatini","Gas","2020",0
"SWZ","Eswatini","Hydro","2020",0.23
"SWZ","Eswatini","Nuclear","2020",0
"SWZ","Eswatini","Other Fossil","2020",0
"SWZ","Eswatini","Other Renewables","2020",0
"SWZ","Eswatini","Solar","2020",0
"SWZ","Eswatini","Wind","2020",0
"SWZ","Eswatini","Bioenergy","2021",0.2
"SWZ","Eswatini","Coal","2021",0.02
"SWZ","Eswatini","Gas","2021",0
"SWZ","Eswatini","Hydro","2021",0.26
"SWZ","Eswatini","Nuclear","2021",0
"SWZ","Eswatini","Other Fossil","2021",0
"SWZ","Eswatini","Other Renewables","2021",0
"SWZ","Eswatini","Solar","2021",0.03
"SWZ","Eswatini","Wind","2021",0
"SWZ","Eswatini","Bioenergy","2022",0.2
"SWZ","Eswatini","Coal","2022",0.02
"SWZ","Eswatini","Gas","2022",0
"SWZ","Eswatini","Hydro","2022",0.3
"SWZ","Eswatini","Nuclear","2022",0
"SWZ","Eswatini","Other Fossil","2022",0
"SWZ","Eswatini","Other Renewables","2022",0
"SWZ","Eswatini","Solar","2022",0.03
"SWZ","Eswatini","Wind","2022",0
"SWZ","Eswatini","Bioenergy","2023",0.21
"SWZ","Eswatini","Coal","2023",0.02
"SWZ","Eswatini","Gas","2023",0
"SWZ","Eswatini","Hydro","2023",0.4
"SWZ","Eswatini","Nuclear","2023",0
"SWZ","Eswatini","Other Fossil","2023",0
"SWZ","Eswatini","Other Renewables","2023",0
"SWZ","Eswatini","Solar","2023",0.03
"SWZ","Eswatini","Wind","2023",0
"SWZ","Eswatini","Bioenergy","2024",0.21
"SWZ","Eswatini","Coal","2024",0.02
"SWZ","Eswatini","Gas","2024",0
"SWZ","Eswatini","Hydro","2024",0.35
"SWZ","Eswatini","Nuclear","2024",0
"SWZ","Eswatini","Other Fossil","2024",0
"SWZ","Eswatini","Other Renewables","2024",0
"SWZ","Eswatini","Solar","2024",0.03
"SWZ","Eswatini","Wind","2024",0
"ETH","Ethiopia","Bioenergy","2015",0.03
"ETH","Ethiopia","Coal","2015",0
"ETH","Ethiopia","Gas","2015",0
"ETH","Ethiopia","Hydro","2015",9.58
"ETH","Ethiopia","Nuclear","2015",0
"ETH","Ethiopia","Other Fossil","2015",0
"ETH","Ethiopia","Other Renewables","2015",0
"ETH","Ethiopia","Solar","2015",0.02
"ETH","Ethiopia","Wind","2015",0.76
"ETH","Ethiopia","Bioenergy","2016",0.03
"ETH","Ethiopia","Coal","2016",0
"ETH","Ethiopia","Gas","2016",0
"ETH","Ethiopia","Hydro","2016",11.64
"ETH","Ethiopia","Nuclear","2016",0
"ETH","Ethiopia","Other Fossil","2016",0
"ETH","Ethiopia","Other Renewables","2016",0
"ETH","Ethiopia","Solar","2016",0.02
"ETH","Ethiopia","Wind","2016",0.78
"ETH","Ethiopia","Bioenergy","2017",0.02
"ETH","Ethiopia","Coal","2017",0
"ETH","Ethiopia","Gas","2017",0
"ETH","Ethiopia","Hydro","2017",12.55
"ETH","Ethiopia","Nuclear","2017",0
"ETH","Ethiopia","Other Fossil","2017",0
"ETH","Ethiopia","Other Renewables","2017",0
"ETH","Ethiopia","Solar","2017",0.02
"ETH","Ethiopia","Wind","2017",0.53
"ETH","Ethiopia","Bioenergy","2018",0.03
"ETH","Ethiopia","Coal","2018",0
"ETH","Ethiopia","Gas","2018",0
"ETH","Ethiopia","Hydro","2018",13.65
"ETH","Ethiopia","Nuclear","2018",0
"ETH","Ethiopia","Other Fossil","2018",0
"ETH","Ethiopia","Other Renewables","2018",0
"ETH","Ethiopia","Solar","2018",0.02
"ETH","Ethiopia","Wind","2018",0.53
"ETH","Ethiopia","Bioenergy","2019",0.03
"ETH","Ethiopia","Coal","2019",0
"ETH","Ethiopia","Gas","2019",0
"ETH","Ethiopia","Hydro","2019",14.4
"ETH","Ethiopia","Nuclear","2019",0
"ETH","Ethiopia","Other Fossil","2019",0.01
"ETH","Ethiopia","Other Renewables","2019",0
"ETH","Ethiopia","Solar","2019",0.02
"ETH","Ethiopia","Wind","2019",0.85
"ETH","Ethiopia","Bioenergy","2020",0.03
"ETH","Ethiopia","Coal","2020",0
"ETH","Ethiopia","Gas","2020",0
"ETH","Ethiopia","Hydro","2020",14.94
"ETH","Ethiopia","Nuclear","2020",0
"ETH","Ethiopia","Other Fossil","2020",0.01
"ETH","Ethiopia","Other Renewables","2020",0
"ETH","Ethiopia","Solar","2020",0.03
"ETH","Ethiopia","Wind","2020",0.61
"ETH","Ethiopia","Bioenergy","2021",0.02
"ETH","Ethiopia","Coal","2021",0
"ETH","Ethiopia","Gas","2021",0
"ETH","Ethiopia","Hydro","2021",14.91
"ETH","Ethiopia","Nuclear","2021",0
"ETH","Ethiopia","Other Fossil","2021",0
"ETH","Ethiopia","Other Renewables","2021",0
"ETH","Ethiopia","Solar","2021",0.03
"ETH","Ethiopia","Wind","2021",0.82
"ETH","Ethiopia","Bioenergy","2022",0.01
"ETH","Ethiopia","Coal","2022",0
"ETH","Ethiopia","Gas","2022",0
"ETH","Ethiopia","Hydro","2022",16.77
"ETH","Ethiopia","Nuclear","2022",0
"ETH","Ethiopia","Other Fossil","2022",0
"ETH","Ethiopia","Other Renewables","2022",0.03
"ETH","Ethiopia","Solar","2022",0.04
"ETH","Ethiopia","Wind","2022",0.56
"ETH","Ethiopia","Bioenergy","2023",0.01
"ETH","Ethiopia","Coal","2023",0
"ETH","Ethiopia","Gas","2023",0
"ETH","Ethiopia","Hydro","2023",17.13
"ETH","Ethiopia","Nuclear","2023",0
"ETH","Ethiopia","Other Fossil","2023",0
"ETH","Ethiopia","Other Renewables","2023",0.03
"ETH","Ethiopia","Solar","2023",0.04
"ETH","Ethiopia","Wind","2023",0.56
"ETH","Ethiopia","Bioenergy","2024",0.01
"ETH","Ethiopia","Coal","2024",0
"ETH","Ethiopia","Gas","2024",0
"ETH","Ethiopia","Hydro","2024",24.42
"ETH","Ethiopia","Nuclear","2024",0
"ETH","Ethiopia","Other Fossil","2024",0
"ETH","Ethiopia","Other Renewables","2024",0.03
"ETH","Ethiopia","Solar","2024",0.04
"ETH","Ethiopia","Wind","2024",0.7
"ETH","Ethiopia","Bioenergy","2025",0.01
"ETH","Ethiopia","Coal","2025",0
"ETH","Ethiopia","Gas","2025",0
"ETH","Ethiopia","Hydro","2025",32.19
"ETH","Ethiopia","Nuclear","2025",0
"ETH","Ethiopia","Other Fossil","2025",0
"ETH","Ethiopia","Other Renewables","2025",0.03
"ETH","Ethiopia","Solar","2025",0.04
"ETH","Ethiopia","Wind","2025",1.1
"FLK","Falkland Islands (the) [Malvinas]","Bioenergy","2015",0
"FLK","Falkland Islands (the) [Malvinas]","Coal","2015",0
"FLK","Falkland Islands (the) [Malvinas]","Gas","2015",0
"FLK","Falkland Islands (the) [Malvinas]","Hydro","2015",0
"FLK","Falkland Islands (the) [Malvinas]","Nuclear","2015",0
"FLK","Falkland Islands (the) [Malvinas]","Other Fossil","2015",0.01
"FLK","Falkland Islands (the) [Malvinas]","Other Renewables","2015",0
"FLK","Falkland Islands (the) [Malvinas]","Solar","2015",0
"FLK","Falkland Islands (the) [Malvinas]","Wind","2015",0.01
"FLK","Falkland Islands (the) [Malvinas]","Bioenergy","2016",0
"FLK","Falkland Islands (the) [Malvinas]","Coal","2016",0
"FLK","Falkland Islands (the) [Malvinas]","Gas","2016",0
"FLK","Falkland Islands (the) [Malvinas]","Hydro","2016",0
"FLK","Falkland Islands (the) [Malvinas]","Nuclear","2016",0
"FLK","Falkland Islands (the) [Malvinas]","Other Fossil","2016",0.01
"FLK","Falkland Islands (the) [Malvinas]","Other Renewables","2016",0
"FLK","Falkland Islands (the) [Malvinas]","Solar","2016",0
"FLK","Falkland Islands (the) [Malvinas]","Wind","2016",0.01
"FLK","Falkland Islands (the) [Malvinas]","Bioenergy","2017",0
"FLK","Falkland Islands (the) [Malvinas]","Coal","2017",0
"FLK","Falkland Islands (the) [Malvinas]","Gas","2017",0
"FLK","Falkland Islands (the) [Malvinas]","Hydro","2017",0
"FLK","Falkland Islands (the) [Malvinas]","Nuclear","2017",0
"FLK","Falkland Islands (the) [Malvinas]","Other Fossil","2017",0.01
"FLK","Falkland Islands (the) [Malvinas]","Other Renewables","2017",0
"FLK","Falkland Islands (the) [Malvinas]","Solar","2017",0
"FLK","Falkland Islands (the) [Malvinas]","Wind","2017",0
"FLK","Falkland Islands (the) [Malvinas]","Bioenergy","2018",0
"FLK","Falkland Islands (the) [Malvinas]","Coal","2018",0
"FLK","Falkland Islands (the) [Malvinas]","Gas","2018",0
"FLK","Falkland Islands (the) [Malvinas]","Hydro","2018",0
"FLK","Falkland Islands (the) [Malvinas]","Nuclear","2018",0
"FLK","Falkland Islands (the) [Malvinas]","Other Fossil","2018",0.01
"FLK","Falkland Islands (the) [Malvinas]","Other Renewables","2018",0
"FLK","Falkland Islands (the) [Malvinas]","Solar","2018",0
"FLK","Falkland Islands (the) [Malvinas]","Wind","2018",0
"FLK","Falkland Islands (the) [Malvinas]","Bioenergy","2019",0
"FLK","Falkland Islands (the) [Malvinas]","Coal","2019",0
"FLK","Falkland Islands (the) [Malvinas]","Gas","2019",0
"FLK","Falkland Islands (the) [Malvinas]","Hydro","2019",0
"FLK","Falkland Islands (the) [Malvinas]","Nuclear","2019",0
"FLK","Falkland Islands (the) [Malvinas]","Other Fossil","2019",0.01
"FLK","Falkland Islands (the) [Malvinas]","Other Renewables","2019",0
"FLK","Falkland Islands (the) [Malvinas]","Solar","2019",0
"FLK","Falkland Islands (the) [Malvinas]","Wind","2019",0
"FLK","Falkland Islands (the) [Malvinas]","Bioenergy","2020",0
"FLK","Falkland Islands (the) [Malvinas]","Coal","2020",0
"FLK","Falkland Islands (the) [Malvinas]","Gas","2020",0
"FLK","Falkland Islands (the) [Malvinas]","Hydro","2020",0
"FLK","Falkland Islands (the) [Malvinas]","Nuclear","2020",0
"FLK","Falkland Islands (the) [Malvinas]","Other Fossil","2020",0.01
"FLK","Falkland Islands (the) [Malvinas]","Other Renewables","2020",0
"FLK","Falkland Islands (the) [Malvinas]","Solar","2020",0
"FLK","Falkland Islands (the) [Malvinas]","Wind","2020",0
"FLK","Falkland Islands (the) [Malvinas]","Bioenergy","2021",0
"FLK","Falkland Islands (the) [Malvinas]","Coal","2021",0
"FLK","Falkland Islands (the) [Malvinas]","Gas","2021",0
"FLK","Falkland Islands (the) [Malvinas]","Hydro","2021",0
"FLK","Falkland Islands (the) [Malvinas]","Nuclear","2021",0
"FLK","Falkland Islands (the) [Malvinas]","Other Fossil","2021",0.01
"FLK","Falkland Islands (the) [Malvinas]","Other Renewables","2021",0
"FLK","Falkland Islands (the) [Malvinas]","Solar","2021",0
"FLK","Falkland Islands (the) [Malvinas]","Wind","2021",0
"FLK","Falkland Islands (the) [Malvinas]","Bioenergy","2022",0
"FLK","Falkland Islands (the) [Malvinas]","Coal","2022",0
"FLK","Falkland Islands (the) [Malvinas]","Gas","2022",0
"FLK","Falkland Islands (the) [Malvinas]","Hydro","2022",0
"FLK","Falkland Islands (the) [Malvinas]","Nuclear","2022",0
"FLK","Falkland Islands (the) [Malvinas]","Other Fossil","2022",0.01
"FLK","Falkland Islands (the) [Malvinas]","Other Renewables","2022",0
"FLK","Falkland Islands (the) [Malvinas]","Solar","2022",0
"FLK","Falkland Islands (the) [Malvinas]","Wind","2022",0
"FLK","Falkland Islands (the) [Malvinas]","Bioenergy","2023",0
"FLK","Falkland Islands (the) [Malvinas]","Coal","2023",0
"FLK","Falkland Islands (the) [Malvinas]","Gas","2023",0
"FLK","Falkland Islands (the) [Malvinas]","Hydro","2023",0
"FLK","Falkland Islands (the) [Malvinas]","Nuclear","2023",0
"FLK","Falkland Islands (the) [Malvinas]","Other Fossil","2023",0.01
"FLK","Falkland Islands (the) [Malvinas]","Other Renewables","2023",0
"FLK","Falkland Islands (the) [Malvinas]","Solar","2023",0
"FLK","Falkland Islands (the) [Malvinas]","Wind","2023",0
"FRO","Faroe Islands (the)","Bioenergy","2015",0
"FRO","Faroe Islands (the)","Coal","2015",0
"FRO","Faroe Islands (the)","Gas","2015",0
"FRO","Faroe Islands (the)","Hydro","2015",0.13
"FRO","Faroe Islands (the)","Nuclear","2015",0
"FRO","Faroe Islands (the)","Other Fossil","2015",0.13
"FRO","Faroe Islands (the)","Other Renewables","2015",0
"FRO","Faroe Islands (the)","Solar","2015",0
"FRO","Faroe Islands (the)","Wind","2015",0.06
"FRO","Faroe Islands (the)","Bioenergy","2016",0
"FRO","Faroe Islands (the)","Coal","2016",0
"FRO","Faroe Islands (the)","Gas","2016",0
"FRO","Faroe Islands (the)","Hydro","2016",0.1
"FRO","Faroe Islands (the)","Nuclear","2016",0
"FRO","Faroe Islands (the)","Other Fossil","2016",0.16
"FRO","Faroe Islands (the)","Other Renewables","2016",0
"FRO","Faroe Islands (the)","Solar","2016",0
"FRO","Faroe Islands (the)","Wind","2016",0.05
"FRO","Faroe Islands (the)","Bioenergy","2017",0
"FRO","Faroe Islands (the)","Coal","2017",0
"FRO","Faroe Islands (the)","Gas","2017",0
"FRO","Faroe Islands (the)","Hydro","2017",0.11
"FRO","Faroe Islands (the)","Nuclear","2017",0
"FRO","Faroe Islands (the)","Other Fossil","2017",0.16
"FRO","Faroe Islands (the)","Other Renewables","2017",0
"FRO","Faroe Islands (the)","Solar","2017",0
"FRO","Faroe Islands (the)","Wind","2017",0.06
"FRO","Faroe Islands (the)","Bioenergy","2018",0
"FRO","Faroe Islands (the)","Coal","2018",0
"FRO","Faroe Islands (the)","Gas","2018",0
"FRO","Faroe Islands (the)","Hydro","2018",0.11
"FRO","Faroe Islands (the)","Nuclear","2018",0
"FRO","Faroe Islands (the)","Other Fossil","2018",0.18
"FRO","Faroe Islands (the)","Other Renewables","2018",0
"FRO","Faroe Islands (the)","Solar","2018",0
"FRO","Faroe Islands (the)","Wind","2018",0.06
"FRO","Faroe Islands (the)","Bioenergy","2019",0
"FRO","Faroe Islands (the)","Coal","2019",0
"FRO","Faroe Islands (the)","Gas","2019",0
"FRO","Faroe Islands (the)","Hydro","2019",0.1
"FRO","Faroe Islands (the)","Nuclear","2019",0
"FRO","Faroe Islands (the)","Other Fossil","2019",0.23
"FRO","Faroe Islands (the)","Other Renewables","2019",0
"FRO","Faroe Islands (the)","Solar","2019",0
"FRO","Faroe Islands (the)","Wind","2019",0.05
"FRO","Faroe Islands (the)","Bioenergy","2020",0
"FRO","Faroe Islands (the)","Coal","2020",0
"FRO","Faroe Islands (the)","Gas","2020",0
"FRO","Faroe Islands (the)","Hydro","2020",0.11
"FRO","Faroe Islands (the)","Nuclear","2020",0
"FRO","Faroe Islands (the)","Other Fossil","2020",0.25
"FRO","Faroe Islands (the)","Other Renewables","2020",0
"FRO","Faroe Islands (the)","Solar","2020",0
"FRO","Faroe Islands (the)","Wind","2020",0.05
"FRO","Faroe Islands (the)","Bioenergy","2021",0.01
"FRO","Faroe Islands (the)","Coal","2021",0
"FRO","Faroe Islands (the)","Gas","2021",0
"FRO","Faroe Islands (the)","Hydro","2021",0.11
"FRO","Faroe Islands (the)","Nuclear","2021",0
"FRO","Faroe Islands (the)","Other Fossil","2021",0.26
"FRO","Faroe Islands (the)","Other Renewables","2021",0
"FRO","Faroe Islands (the)","Solar","2021",0
"FRO","Faroe Islands (the)","Wind","2021",0.05
"FRO","Faroe Islands (the)","Bioenergy","2022",0
"FRO","Faroe Islands (the)","Coal","2022",0
"FRO","Faroe Islands (the)","Gas","2022",0
"FRO","Faroe Islands (the)","Hydro","2022",0.13
"FRO","Faroe Islands (the)","Nuclear","2022",0
"FRO","Faroe Islands (the)","Other Fossil","2022",0.26
"FRO","Faroe Islands (the)","Other Renewables","2022",0
"FRO","Faroe Islands (the)","Solar","2022",0
"FRO","Faroe Islands (the)","Wind","2022",0.09
"FRO","Faroe Islands (the)","Bioenergy","2023",0.01
"FRO","Faroe Islands (the)","Coal","2023",0
"FRO","Faroe Islands (the)","Gas","2023",0
"FRO","Faroe Islands (the)","Hydro","2023",0.13
"FRO","Faroe Islands (the)","Nuclear","2023",0
"FRO","Faroe Islands (the)","Other Fossil","2023",0.26
"FRO","Faroe Islands (the)","Other Renewables","2023",0
"FRO","Faroe Islands (the)","Solar","2023",0
"FRO","Faroe Islands (the)","Wind","2023",0.09
"FJI","Fiji","Bioenergy","2015",0.04
"FJI","Fiji","Coal","2015",0
"FJI","Fiji","Gas","2015",0
"FJI","Fiji","Hydro","2015",0.4
"FJI","Fiji","Nuclear","2015",0
"FJI","Fiji","Other Fossil","2015",0.48
"FJI","Fiji","Other Renewables","2015",0
"FJI","Fiji","Solar","2015",0
"FJI","Fiji","Wind","2015",0.01
"FJI","Fiji","Bioenergy","2016",0.02
"FJI","Fiji","Coal","2016",0
"FJI","Fiji","Gas","2016",0
"FJI","Fiji","Hydro","2016",0.49
"FJI","Fiji","Nuclear","2016",0
"FJI","Fiji","Other Fossil","2016",0.43
"FJI","Fiji","Other Renewables","2016",0
"FJI","Fiji","Solar","2016",0.01
"FJI","Fiji","Wind","2016",0
"FJI","Fiji","Bioenergy","2017",0.01
"FJI","Fiji","Coal","2017",0
"FJI","Fiji","Gas","2017",0
"FJI","Fiji","Hydro","2017",0.49
"FJI","Fiji","Nuclear","2017",0
"FJI","Fiji","Other Fossil","2017",0.51
"FJI","Fiji","Other Renewables","2017",0
"FJI","Fiji","Solar","2017",0.01
"FJI","Fiji","Wind","2017",0
"FJI","Fiji","Bioenergy","2018",0.08
"FJI","Fiji","Coal","2018",0
"FJI","Fiji","Gas","2018",0
"FJI","Fiji","Hydro","2018",0.56
"FJI","Fiji","Nuclear","2018",0
"FJI","Fiji","Other Fossil","2018",0.45
"FJI","Fiji","Other Renewables","2018",0
"FJI","Fiji","Solar","2018",0.01
"FJI","Fiji","Wind","2018",0
"FJI","Fiji","Bioenergy","2019",0.09
"FJI","Fiji","Coal","2019",0
"FJI","Fiji","Gas","2019",0
"FJI","Fiji","Hydro","2019",0.56
"FJI","Fiji","Nuclear","2019",0
"FJI","Fiji","Other Fossil","2019",0.48
"FJI","Fiji","Other Renewables","2019",0
"FJI","Fiji","Solar","2019",0.01
"FJI","Fiji","Wind","2019",0
"FJI","Fiji","Bioenergy","2020",0.11
"FJI","Fiji","Coal","2020",0
"FJI","Fiji","Gas","2020",0
"FJI","Fiji","Hydro","2020",0.56
"FJI","Fiji","Nuclear","2020",0
"FJI","Fiji","Other Fossil","2020",0.4
"FJI","Fiji","Other Renewables","2020",0
"FJI","Fiji","Solar","2020",0.01
"FJI","Fiji","Wind","2020",0
"FJI","Fiji","Bioenergy","2021",0.1
"FJI","Fiji","Coal","2021",0
"FJI","Fiji","Gas","2021",0
"FJI","Fiji","Hydro","2021",0.55
"FJI","Fiji","Nuclear","2021",0
"FJI","Fiji","Other Fossil","2021",0.4
"FJI","Fiji","Other Renewables","2021",0
"FJI","Fiji","Solar","2021",0.01
"FJI","Fiji","Wind","2021",0
"FJI","Fiji","Bioenergy","2022",0.04
"FJI","Fiji","Coal","2022",0
"FJI","Fiji","Gas","2022",0
"FJI","Fiji","Hydro","2022",0.6
"FJI","Fiji","Nuclear","2022",0
"FJI","Fiji","Other Fossil","2022",0.42
"FJI","Fiji","Other Renewables","2022",0
"FJI","Fiji","Solar","2022",0.01
"FJI","Fiji","Wind","2022",0
"FJI","Fiji","Bioenergy","2023",0.12
"FJI","Fiji","Coal","2023",0
"FJI","Fiji","Gas","2023",0
"FJI","Fiji","Hydro","2023",0.6
"FJI","Fiji","Nuclear","2023",0
"FJI","Fiji","Other Fossil","2023",0.42
"FJI","Fiji","Other Renewables","2023",0
"FJI","Fiji","Solar","2023",0.01
"FJI","Fiji","Wind","2023",0
"FJI","Fiji","Bioenergy","2024",0.12
"FJI","Fiji","Coal","2024",0
"FJI","Fiji","Gas","2024",0
"FJI","Fiji","Hydro","2024",0.6
"FJI","Fiji","Nuclear","2024",0
"FJI","Fiji","Other Fossil","2024",0.42
"FJI","Fiji","Other Renewables","2024",0
"FJI","Fiji","Solar","2024",0.01
"FJI","Fiji","Wind","2024",0
"FIN","Finland","Bioenergy","2015",11.42
"FIN","Finland","Coal","2015",5.12
"FIN","Finland","Gas","2015",5.2
"FIN","Finland","Hydro","2015",16.77
"FIN","Finland","Nuclear","2015",23.25
"FIN","Finland","Other Fossil","2015",4.51
"FIN","Finland","Other Renewables","2015",0
"FIN","Finland","Solar","2015",0.01
"FIN","Finland","Wind","2015",2.33
"FIN","Finland","Bioenergy","2016",11.52
"FIN","Finland","Coal","2016",6.97
"FIN","Finland","Gas","2016",3.74
"FIN","Finland","Hydro","2016",15.8
"FIN","Finland","Nuclear","2016",23.2
"FIN","Finland","Other Fossil","2016",4.43
"FIN","Finland","Other Renewables","2016",0
"FIN","Finland","Solar","2016",0.02
"FIN","Finland","Wind","2016",3.07
"FIN","Finland","Bioenergy","2017",11.86
"FIN","Finland","Coal","2017",5.86
"FIN","Finland","Gas","2017",3.3
"FIN","Finland","Hydro","2017",14.77
"FIN","Finland","Nuclear","2017",22.48
"FIN","Finland","Other Fossil","2017",4.41
"FIN","Finland","Other Renewables","2017",0
"FIN","Finland","Solar","2017",0.05
"FIN","Finland","Wind","2017",4.79
"FIN","Finland","Bioenergy","2018",12.91
"FIN","Finland","Coal","2018",5.79
"FIN","Finland","Gas","2018",4.2
"FIN","Finland","Hydro","2018",13.3
"FIN","Finland","Nuclear","2018",22.79
"FIN","Finland","Other Fossil","2018",5.31
"FIN","Finland","Other Renewables","2018",0
"FIN","Finland","Solar","2018",0.09
"FIN","Finland","Wind","2018",5.84
"FIN","Finland","Bioenergy","2019",13.29
"FIN","Finland","Coal","2019",4.36
"FIN","Finland","Gas","2019",3.85
"FIN","Finland","Hydro","2019",12.42
"FIN","Finland","Nuclear","2019",23.87
"FIN","Finland","Other Fossil","2019",4.65
"FIN","Finland","Other Renewables","2019",0
"FIN","Finland","Solar","2019",0.15
"FIN","Finland","Wind","2019",6.02
"FIN","Finland","Bioenergy","2020",11.57
"FIN","Finland","Coal","2020",2.44
"FIN","Finland","Gas","2020",3.99
"FIN","Finland","Hydro","2020",15.88
"FIN","Finland","Nuclear","2020",23.29
"FIN","Finland","Other Fossil","2020",3.59
"FIN","Finland","Other Renewables","2020",0
"FIN","Finland","Solar","2020",0.22
"FIN","Finland","Wind","2020",8.26
"FIN","Finland","Bioenergy","2021",13.58
"FIN","Finland","Coal","2021",2.67
"FIN","Finland","Gas","2021",3.83
"FIN","Finland","Hydro","2021",15.79
"FIN","Finland","Nuclear","2021",23.6
"FIN","Finland","Other Fossil","2021",3.83
"FIN","Finland","Other Renewables","2021",0
"FIN","Finland","Solar","2021",0.3
"FIN","Finland","Wind","2021",8.51
"FIN","Finland","Bioenergy","2022",12.76
"FIN","Finland","Coal","2022",3.44
"FIN","Finland","Gas","2022",0.96
"FIN","Finland","Hydro","2022",13.49
"FIN","Finland","Nuclear","2022",25.34
"FIN","Finland","Other Fossil","2022",3.77
"FIN","Finland","Other Renewables","2022",0
"FIN","Finland","Solar","2022",0.39
"FIN","Finland","Wind","2022",12.02
"FIN","Finland","Bioenergy","2023",11.34
"FIN","Finland","Coal","2023",1.56
"FIN","Finland","Gas","2023",0.66
"FIN","Finland","Hydro","2023",15.2
"FIN","Finland","Nuclear","2023",34.31
"FIN","Finland","Other Fossil","2023",2.69
"FIN","Finland","Other Renewables","2023",0
"FIN","Finland","Solar","2023",0.72
"FIN","Finland","Wind","2023",15.04
"FIN","Finland","Bioenergy","2024",10.39
"FIN","Finland","Coal","2024",0.83
"FIN","Finland","Gas","2024",0.82
"FIN","Finland","Hydro","2024",14.3
"FIN","Finland","Nuclear","2024",32.6
"FIN","Finland","Other Fossil","2024",2.19
"FIN","Finland","Other Renewables","2024",0
"FIN","Finland","Solar","2024",0.94
"FIN","Finland","Wind","2024",20.48
"FIN","Finland","Bioenergy","2025",10.34
"FIN","Finland","Coal","2025",0.16
"FIN","Finland","Gas","2025",0.95
"FIN","Finland","Hydro","2025",12.44
"FIN","Finland","Nuclear","2025",32.82
"FIN","Finland","Other Fossil","2025",1.9
"FIN","Finland","Other Renewables","2025",0.13
"FIN","Finland","Solar","2025",0.98
"FIN","Finland","Wind","2025",22.58
"FRA","France","Bioenergy","2015",6.53
"FRA","France","Coal","2015",11.89
"FRA","France","Gas","2015",21.14
"FRA","France","Hydro","2015",55.56
"FRA","France","Nuclear","2015",437.43
"FRA","France","Other Fossil","2015",11.85
"FRA","France","Other Renewables","2015",0.58
"FRA","France","Solar","2015",7.75
"FRA","France","Wind","2015",21.42
"FRA","France","Bioenergy","2016",7.52
"FRA","France","Coal","2016",10.23
"FRA","France","Gas","2016",34.97
"FRA","France","Hydro","2016",60.84
"FRA","France","Nuclear","2016",403.2
"FRA","France","Other Fossil","2016",11.44
"FRA","France","Other Renewables","2016",0.6
"FRA","France","Solar","2016",8.66
"FRA","France","Wind","2016",21.38
"FRA","France","Bioenergy","2017",7.78
"FRA","France","Coal","2017",12.81
"FRA","France","Gas","2017",40.5
"FRA","France","Hydro","2017",50
"FRA","France","Nuclear","2017",398.36
"FRA","France","Other Fossil","2017",12.16
"FRA","France","Other Renewables","2017",0.65
"FRA","France","Solar","2017",8.87
"FRA","France","Wind","2017",24.61
"FRA","France","Bioenergy","2018",8.38
"FRA","France","Coal","2018",8.31
"FRA","France","Gas","2018",30.55
"FRA","France","Hydro","2018",65.11
"FRA","France","Nuclear","2018",412.94
"FRA","France","Other Fossil","2018",10.59
"FRA","France","Other Renewables","2018",0.61
"FRA","France","Solar","2018",11.15
"FRA","France","Wind","2018",28.6
"FRA","France","Bioenergy","2019",8.64
"FRA","France","Coal","2019",3.64
"FRA","France","Gas","2019",39.24
"FRA","France","Hydro","2019",56.91
"FRA","France","Nuclear","2019",399.01
"FRA","France","Other Fossil","2019",10.73
"FRA","France","Other Renewables","2019",0.61
"FRA","France","Solar","2019",12.02
"FRA","France","Wind","2019",34.72
"FRA","France","Bioenergy","2020",8.76
"FRA","France","Coal","2020",3.09
"FRA","France","Gas","2020",35.25
"FRA","France","Hydro","2020",62.52
"FRA","France","Nuclear","2020",353.83
"FRA","France","Other Fossil","2020",10.05
"FRA","France","Other Renewables","2020",0.61
"FRA","France","Solar","2020",13.09
"FRA","France","Wind","2020",40.05
"FRA","France","Bioenergy","2021",9.58
"FRA","France","Coal","2021",5.44
"FRA","France","Gas","2021",33.31
"FRA","France","Hydro","2021",59.54
"FRA","France","Nuclear","2021",379.36
"FRA","France","Other Fossil","2021",10.1
"FRA","France","Other Renewables","2021",0.58
"FRA","France","Solar","2021",15.28
"FRA","France","Wind","2021",37.12
"FRA","France","Bioenergy","2022",9.67
"FRA","France","Coal","2022",4.16
"FRA","France","Gas","2022",45.74
"FRA","France","Hydro","2022",45.48
"FRA","France","Nuclear","2022",294.73
"FRA","France","Other Fossil","2022",10.45
"FRA","France","Other Renewables","2022",0.6
"FRA","France","Solar","2022",19.34
"FRA","France","Wind","2022",38.2
"FRA","France","Bioenergy","2023",9.94
"FRA","France","Coal","2023",1.61
"FRA","France","Gas","2023",30.02
"FRA","France","Hydro","2023",55.9
"FRA","France","Nuclear","2023",338.2
"FRA","France","Other Fossil","2023",9.43
"FRA","France","Other Renewables","2023",0.58
"FRA","France","Solar","2023",22.59
"FRA","France","Wind","2023",50.48
"FRA","France","Bioenergy","2024",10.68
"FRA","France","Coal","2024",1.02
"FRA","France","Gas","2024",18.1
"FRA","France","Hydro","2024",71.12
"FRA","France","Nuclear","2024",380.45
"FRA","France","Other Fossil","2024",9.54
"FRA","France","Other Renewables","2024",0.57
"FRA","France","Solar","2024",25.06
"FRA","France","Wind","2024",45.4
"FRA","France","Bioenergy","2025",10.27
"FRA","France","Coal","2025",1.74
"FRA","France","Gas","2025",17.25
"FRA","France","Hydro","2025",59.41
"FRA","France","Nuclear","2025",392.07
"FRA","France","Other Fossil","2025",10.36
"FRA","France","Other Renewables","2025",0.57
"FRA","France","Solar","2025",32.01
"FRA","France","Wind","2025",46.46
"GUF","French Guiana","Bioenergy","2015",0.01
"GUF","French Guiana","Hydro","2015",0.49
"GUF","French Guiana","Other Fossil","2015",0.38
"GUF","French Guiana","Solar","2015",0.05
"GUF","French Guiana","Bioenergy","2016",0.01
"GUF","French Guiana","Hydro","2016",0.44
"GUF","French Guiana","Other Fossil","2016",0.41
"GUF","French Guiana","Solar","2016",0.05
"GUF","French Guiana","Bioenergy","2017",0.01
"GUF","French Guiana","Hydro","2017",0.56
"GUF","French Guiana","Other Fossil","2017",0.3
"GUF","French Guiana","Solar","2017",0.05
"GUF","French Guiana","Bioenergy","2018",0.01
"GUF","French Guiana","Hydro","2018",0.54
"GUF","French Guiana","Other Fossil","2018",0.33
"GUF","French Guiana","Solar","2018",0.05
"GUF","French Guiana","Bioenergy","2019",0.01
"GUF","French Guiana","Hydro","2019",0.41
"GUF","French Guiana","Other Fossil","2019",0.48
"GUF","French Guiana","Solar","2019",0.05
"GUF","French Guiana","Bioenergy","2020",0.01
"GUF","French Guiana","Hydro","2020",0.43
"GUF","French Guiana","Other Fossil","2020",0.45
"GUF","French Guiana","Solar","2020",0.06
"GUF","French Guiana","Bioenergy","2021",0.04
"GUF","French Guiana","Hydro","2021",0.58
"GUF","French Guiana","Other Fossil","2021",0.29
"GUF","French Guiana","Solar","2021",0.06
"GUF","French Guiana","Bioenergy","2022",0.04
"GUF","French Guiana","Hydro","2022",0.59
"GUF","French Guiana","Other Fossil","2022",0.27
"GUF","French Guiana","Solar","2022",0.05
"GUF","French Guiana","Bioenergy","2023",0.06
"GUF","French Guiana","Hydro","2023",0.52
"GUF","French Guiana","Other Fossil","2023",0.34
"GUF","French Guiana","Solar","2023",0.06
"PYF","French Polynesia","Bioenergy","2015",0
"PYF","French Polynesia","Coal","2015",0
"PYF","French Polynesia","Gas","2015",0
"PYF","French Polynesia","Hydro","2015",0.17
"PYF","French Polynesia","Nuclear","2015",0
"PYF","French Polynesia","Other Fossil","2015",0.48
"PYF","French Polynesia","Other Renewables","2015",0
"PYF","French Polynesia","Solar","2015",0.03
"PYF","French Polynesia","Wind","2015",0
"PYF","French Polynesia","Bioenergy","2016",0
"PYF","French Polynesia","Coal","2016",0
"PYF","French Polynesia","Gas","2016",0
"PYF","French Polynesia","Hydro","2016",0.18
"PYF","French Polynesia","Nuclear","2016",0
"PYF","French Polynesia","Other Fossil","2016",0.47
"PYF","French Polynesia","Other Renewables","2016",0
"PYF","French Polynesia","Solar","2016",0.03
"PYF","French Polynesia","Wind","2016",0
"PYF","French Polynesia","Bioenergy","2017",0
"PYF","French Polynesia","Coal","2017",0
"PYF","French Polynesia","Gas","2017",0
"PYF","French Polynesia","Hydro","2017",0.18
"PYF","French Polynesia","Nuclear","2017",0
"PYF","French Polynesia","Other Fossil","2017",0.47
"PYF","French Polynesia","Other Renewables","2017",0
"PYF","French Polynesia","Solar","2017",0.04
"PYF","French Polynesia","Wind","2017",0
"PYF","French Polynesia","Bioenergy","2018",0
"PYF","French Polynesia","Coal","2018",0
"PYF","French Polynesia","Gas","2018",0
"PYF","French Polynesia","Hydro","2018",0.16
"PYF","French Polynesia","Nuclear","2018",0
"PYF","French Polynesia","Other Fossil","2018",0.48
"PYF","French Polynesia","Other Renewables","2018",0
"PYF","French Polynesia","Solar","2018",0.04
"PYF","French Polynesia","Wind","2018",0
"PYF","French Polynesia","Bioenergy","2019",0
"PYF","French Polynesia","Coal","2019",0
"PYF","French Polynesia","Gas","2019",0
"PYF","French Polynesia","Hydro","2019",0.16
"PYF","French Polynesia","Nuclear","2019",0
"PYF","French Polynesia","Other Fossil","2019",0.49
"PYF","French Polynesia","Other Renewables","2019",0
"PYF","French Polynesia","Solar","2019",0.04
"PYF","French Polynesia","Wind","2019",0
"PYF","French Polynesia","Bioenergy","2020",0
"PYF","French Polynesia","Coal","2020",0
"PYF","French Polynesia","Gas","2020",0
"PYF","French Polynesia","Hydro","2020",0.16
"PYF","French Polynesia","Nuclear","2020",0
"PYF","French Polynesia","Other Fossil","2020",0.46
"PYF","French Polynesia","Other Renewables","2020",0
"PYF","French Polynesia","Solar","2020",0.04
"PYF","French Polynesia","Wind","2020",0
"PYF","French Polynesia","Bioenergy","2021",0
"PYF","French Polynesia","Coal","2021",0
"PYF","French Polynesia","Gas","2021",0
"PYF","French Polynesia","Hydro","2021",0.14
"PYF","French Polynesia","Nuclear","2021",0
"PYF","French Polynesia","Other Fossil","2021",0.47
"PYF","French Polynesia","Other Renewables","2021",0
"PYF","French Polynesia","Solar","2021",0.05
"PYF","French Polynesia","Wind","2021",0
"PYF","French Polynesia","Bioenergy","2022",0
"PYF","French Polynesia","Coal","2022",0
"PYF","French Polynesia","Gas","2022",0
"PYF","French Polynesia","Hydro","2022",0.19
"PYF","French Polynesia","Nuclear","2022",0
"PYF","French Polynesia","Other Fossil","2022",0.47
"PYF","French Polynesia","Other Renewables","2022",0
"PYF","French Polynesia","Solar","2022",0.05
"PYF","French Polynesia","Wind","2022",0
"PYF","French Polynesia","Bioenergy","2023",0
"PYF","French Polynesia","Coal","2023",0
"PYF","French Polynesia","Gas","2023",0
"PYF","French Polynesia","Hydro","2023",0.19
"PYF","French Polynesia","Nuclear","2023",0
"PYF","French Polynesia","Other Fossil","2023",0.47
"PYF","French Polynesia","Other Renewables","2023",0
"PYF","French Polynesia","Solar","2023",0.05
"PYF","French Polynesia","Wind","2023",0
"PYF","French Polynesia","Bioenergy","2024",0
"PYF","French Polynesia","Coal","2024",0
"PYF","French Polynesia","Gas","2024",0
"PYF","French Polynesia","Hydro","2024",0.19
"PYF","French Polynesia","Nuclear","2024",0
"PYF","French Polynesia","Other Fossil","2024",0.47
"PYF","French Polynesia","Other Renewables","2024",0
"PYF","French Polynesia","Solar","2024",0.06
"PYF","French Polynesia","Wind","2024",0
"GAB","Gabon","Bioenergy","2015",0.01
"GAB","Gabon","Coal","2015",0
"GAB","Gabon","Gas","2015",0.98
"GAB","Gabon","Hydro","2015",0.91
"GAB","Gabon","Nuclear","2015",0
"GAB","Gabon","Other Fossil","2015",0.22
"GAB","Gabon","Other Renewables","2015",0
"GAB","Gabon","Solar","2015",0
"GAB","Gabon","Wind","2015",0
"GAB","Gabon","Bioenergy","2016",0.01
"GAB","Gabon","Coal","2016",0
"GAB","Gabon","Gas","2016",1.15
"GAB","Gabon","Hydro","2016",0.82
"GAB","Gabon","Nuclear","2016",0
"GAB","Gabon","Other Fossil","2016",0.21
"GAB","Gabon","Other Renewables","2016",0
"GAB","Gabon","Solar","2016",0
"GAB","Gabon","Wind","2016",0
"GAB","Gabon","Bioenergy","2017",0.01
"GAB","Gabon","Coal","2017",0
"GAB","Gabon","Gas","2017",1.11
"GAB","Gabon","Hydro","2017",0.93
"GAB","Gabon","Nuclear","2017",0
"GAB","Gabon","Other Fossil","2017",0.19
"GAB","Gabon","Other Renewables","2017",0
"GAB","Gabon","Solar","2017",0
"GAB","Gabon","Wind","2017",0
"GAB","Gabon","Bioenergy","2018",0.01
"GAB","Gabon","Coal","2018",0
"GAB","Gabon","Gas","2018",1.08
"GAB","Gabon","Hydro","2018",1.3
"GAB","Gabon","Nuclear","2018",0
"GAB","Gabon","Other Fossil","2018",0.39
"GAB","Gabon","Other Renewables","2018",0
"GAB","Gabon","Solar","2018",0
"GAB","Gabon","Wind","2018",0
"GAB","Gabon","Bioenergy","2019",0.01
"GAB","Gabon","Coal","2019",0
"GAB","Gabon","Gas","2019",1.1
"GAB","Gabon","Hydro","2019",1.31
"GAB","Gabon","Nuclear","2019",0
"GAB","Gabon","Other Fossil","2019",0.42
"GAB","Gabon","Other Renewables","2019",0
"GAB","Gabon","Solar","2019",0
"GAB","Gabon","Wind","2019",0
"GAB","Gabon","Bioenergy","2020",0.01
"GAB","Gabon","Coal","2020",0
"GAB","Gabon","Gas","2020",1.1
"GAB","Gabon","Hydro","2020",1.42
"GAB","Gabon","Nuclear","2020",0
"GAB","Gabon","Other Fossil","2020",0.4
"GAB","Gabon","Other Renewables","2020",0
"GAB","Gabon","Solar","2020",0
"GAB","Gabon","Wind","2020",0
"GAB","Gabon","Bioenergy","2021",0.01
"GAB","Gabon","Coal","2021",0
"GAB","Gabon","Gas","2021",1.11
"GAB","Gabon","Hydro","2021",1.37
"GAB","Gabon","Nuclear","2021",0
"GAB","Gabon","Other Fossil","2021",0.47
"GAB","Gabon","Other Renewables","2021",0
"GAB","Gabon","Solar","2021",0
"GAB","Gabon","Wind","2021",0
"GAB","Gabon","Bioenergy","2022",0.01
"GAB","Gabon","Coal","2022",0
"GAB","Gabon","Gas","2022",1.12
"GAB","Gabon","Hydro","2022",1.52
"GAB","Gabon","Nuclear","2022",0
"GAB","Gabon","Other Fossil","2022",0.54
"GAB","Gabon","Other Renewables","2022",0
"GAB","Gabon","Solar","2022",0
"GAB","Gabon","Wind","2022",0
"GAB","Gabon","Bioenergy","2023",0.01
"GAB","Gabon","Coal","2023",0
"GAB","Gabon","Gas","2023",1.14
"GAB","Gabon","Hydro","2023",0.91
"GAB","Gabon","Nuclear","2023",0
"GAB","Gabon","Other Fossil","2023",0.53
"GAB","Gabon","Other Renewables","2023",0
"GAB","Gabon","Solar","2023",0
"GAB","Gabon","Wind","2023",0
"GAB","Gabon","Bioenergy","2024",0.01
"GAB","Gabon","Coal","2024",0
"GAB","Gabon","Gas","2024",1.15
"GAB","Gabon","Hydro","2024",0.91
"GAB","Gabon","Nuclear","2024",0
"GAB","Gabon","Other Fossil","2024",0.53
"GAB","Gabon","Other Renewables","2024",0
"GAB","Gabon","Solar","2024",0
"GAB","Gabon","Wind","2024",0
"GMB","Gambia (the)","Bioenergy","2015",0
"GMB","Gambia (the)","Coal","2015",0
"GMB","Gambia (the)","Gas","2015",0
"GMB","Gambia (the)","Hydro","2015",0
"GMB","Gambia (the)","Nuclear","2015",0
"GMB","Gambia (the)","Other Fossil","2015",0.28
"GMB","Gambia (the)","Other Renewables","2015",0
"GMB","Gambia (the)","Solar","2015",0
"GMB","Gambia (the)","Wind","2015",0
"GMB","Gambia (the)","Bioenergy","2016",0
"GMB","Gambia (the)","Coal","2016",0
"GMB","Gambia (the)","Gas","2016",0
"GMB","Gambia (the)","Hydro","2016",0
"GMB","Gambia (the)","Nuclear","2016",0
"GMB","Gambia (the)","Other Fossil","2016",0.3
"GMB","Gambia (the)","Other Renewables","2016",0
"GMB","Gambia (the)","Solar","2016",0
"GMB","Gambia (the)","Wind","2016",0
"GMB","Gambia (the)","Bioenergy","2017",0
"GMB","Gambia (the)","Coal","2017",0
"GMB","Gambia (the)","Gas","2017",0
"GMB","Gambia (the)","Hydro","2017",0
"GMB","Gambia (the)","Nuclear","2017",0
"GMB","Gambia (the)","Other Fossil","2017",0.31
"GMB","Gambia (the)","Other Renewables","2017",0
"GMB","Gambia (the)","Solar","2017",0
"GMB","Gambia (the)","Wind","2017",0
"GMB","Gambia (the)","Bioenergy","2018",0
"GMB","Gambia (the)","Coal","2018",0
"GMB","Gambia (the)","Gas","2018",0
"GMB","Gambia (the)","Hydro","2018",0
"GMB","Gambia (the)","Nuclear","2018",0
"GMB","Gambia (the)","Other Fossil","2018",0.39
"GMB","Gambia (the)","Other Renewables","2018",0
"GMB","Gambia (the)","Solar","2018",0
"GMB","Gambia (the)","Wind","2018",0
"GMB","Gambia (the)","Bioenergy","2019",0
"GMB","Gambia (the)","Coal","2019",0
"GMB","Gambia (the)","Gas","2019",0
"GMB","Gambia (the)","Hydro","2019",0
"GMB","Gambia (the)","Nuclear","2019",0
"GMB","Gambia (the)","Other Fossil","2019",0.46
"GMB","Gambia (the)","Other Renewables","2019",0
"GMB","Gambia (the)","Solar","2019",0
"GMB","Gambia (the)","Wind","2019",0
"GMB","Gambia (the)","Bioenergy","2020",0
"GMB","Gambia (the)","Coal","2020",0
"GMB","Gambia (the)","Gas","2020",0
"GMB","Gambia (the)","Hydro","2020",0
"GMB","Gambia (the)","Nuclear","2020",0
"GMB","Gambia (the)","Other Fossil","2020",0.48
"GMB","Gambia (the)","Other Renewables","2020",0
"GMB","Gambia (the)","Solar","2020",0
"GMB","Gambia (the)","Wind","2020",0
"GMB","Gambia (the)","Bioenergy","2021",0
"GMB","Gambia (the)","Coal","2021",0
"GMB","Gambia (the)","Gas","2021",0
"GMB","Gambia (the)","Hydro","2021",0
"GMB","Gambia (the)","Nuclear","2021",0
"GMB","Gambia (the)","Other Fossil","2021",0.5
"GMB","Gambia (the)","Other Renewables","2021",0
"GMB","Gambia (the)","Solar","2021",0
"GMB","Gambia (the)","Wind","2021",0
"GMB","Gambia (the)","Bioenergy","2022",0
"GMB","Gambia (the)","Coal","2022",0
"GMB","Gambia (the)","Gas","2022",0
"GMB","Gambia (the)","Hydro","2022",0
"GMB","Gambia (the)","Nuclear","2022",0
"GMB","Gambia (the)","Other Fossil","2022",0.51
"GMB","Gambia (the)","Other Renewables","2022",0
"GMB","Gambia (the)","Solar","2022",0
"GMB","Gambia (the)","Wind","2022",0
"GMB","Gambia (the)","Bioenergy","2023",0
"GMB","Gambia (the)","Coal","2023",0
"GMB","Gambia (the)","Gas","2023",0
"GMB","Gambia (the)","Hydro","2023",0
"GMB","Gambia (the)","Nuclear","2023",0
"GMB","Gambia (the)","Other Fossil","2023",0.51
"GMB","Gambia (the)","Other Renewables","2023",0
"GMB","Gambia (the)","Solar","2023",0
"GMB","Gambia (the)","Wind","2023",0
"GMB","Gambia (the)","Bioenergy","2024",0
"GMB","Gambia (the)","Coal","2024",0
"GMB","Gambia (the)","Gas","2024",0
"GMB","Gambia (the)","Hydro","2024",0
"GMB","Gambia (the)","Nuclear","2024",0
"GMB","Gambia (the)","Other Fossil","2024",0.51
"GMB","Gambia (the)","Other Renewables","2024",0
"GMB","Gambia (the)","Solar","2024",0
"GMB","Gambia (the)","Wind","2024",0
"GEO","Georgia","Bioenergy","2015",0
"GEO","Georgia","Coal","2015",0
"GEO","Georgia","Gas","2015",2.38
"GEO","Georgia","Hydro","2015",8.37
"GEO","Georgia","Nuclear","2015",0
"GEO","Georgia","Other Fossil","2015",0
"GEO","Georgia","Other Renewables","2015",0
"GEO","Georgia","Solar","2015",0
"GEO","Georgia","Wind","2015",0
"GEO","Georgia","Bioenergy","2016",0
"GEO","Georgia","Coal","2016",0.02
"GEO","Georgia","Gas","2016",2.22
"GEO","Georgia","Hydro","2016",9.24
"GEO","Georgia","Nuclear","2016",0
"GEO","Georgia","Other Fossil","2016",0
"GEO","Georgia","Other Renewables","2016",0
"GEO","Georgia","Solar","2016",0
"GEO","Georgia","Wind","2016",0.01
"GEO","Georgia","Bioenergy","2017",0
"GEO","Georgia","Coal","2017",0.02
"GEO","Georgia","Gas","2017",2.21
"GEO","Georgia","Hydro","2017",9.12
"GEO","Georgia","Nuclear","2017",0
"GEO","Georgia","Other Fossil","2017",0
"GEO","Georgia","Other Renewables","2017",0
"GEO","Georgia","Solar","2017",0
"GEO","Georgia","Wind","2017",0.09
"GEO","Georgia","Bioenergy","2018",0
"GEO","Georgia","Coal","2018",0.01
"GEO","Georgia","Gas","2018",2.1
"GEO","Georgia","Hydro","2018",9.85
"GEO","Georgia","Nuclear","2018",0
"GEO","Georgia","Other Fossil","2018",0
"GEO","Georgia","Other Renewables","2018",0
"GEO","Georgia","Solar","2018",0
"GEO","Georgia","Wind","2018",0.08
"GEO","Georgia","Bioenergy","2019",0
"GEO","Georgia","Coal","2019",0
"GEO","Georgia","Gas","2019",2.84
"GEO","Georgia","Hydro","2019",8.93
"GEO","Georgia","Nuclear","2019",0
"GEO","Georgia","Other Fossil","2019",0
"GEO","Georgia","Other Renewables","2019",0
"GEO","Georgia","Solar","2019",0
"GEO","Georgia","Wind","2019",0.09
"GEO","Georgia","Bioenergy","2020",0
"GEO","Georgia","Coal","2020",0
"GEO","Georgia","Gas","2020",2.82
"GEO","Georgia","Hydro","2020",8.25
"GEO","Georgia","Nuclear","2020",0
"GEO","Georgia","Other Fossil","2020",0
"GEO","Georgia","Other Renewables","2020",0
"GEO","Georgia","Solar","2020",0
"GEO","Georgia","Wind","2020",0.09
"GEO","Georgia","Bioenergy","2021",0
"GEO","Georgia","Coal","2021",0
"GEO","Georgia","Gas","2021",2.38
"GEO","Georgia","Hydro","2021",10.18
"GEO","Georgia","Nuclear","2021",0
"GEO","Georgia","Other Fossil","2021",0
"GEO","Georgia","Other Renewables","2021",0
"GEO","Georgia","Solar","2021",0
"GEO","Georgia","Wind","2021",0.08
"GEO","Georgia","Bioenergy","2022",0
"GEO","Georgia","Coal","2022",0
"GEO","Georgia","Gas","2022",3.39
"GEO","Georgia","Hydro","2022",10.77
"GEO","Georgia","Nuclear","2022",0
"GEO","Georgia","Other Fossil","2022",0
"GEO","Georgia","Other Renewables","2022",0
"GEO","Georgia","Solar","2022",0
"GEO","Georgia","Wind","2022",0.09
"GEO","Georgia","Bioenergy","2023",0
"GEO","Georgia","Coal","2023",0
"GEO","Georgia","Gas","2023",3.45
"GEO","Georgia","Hydro","2023",10.86
"GEO","Georgia","Nuclear","2023",0
"GEO","Georgia","Other Fossil","2023",0
"GEO","Georgia","Other Renewables","2023",0
"GEO","Georgia","Solar","2023",0.03
"GEO","Georgia","Wind","2023",0.09
"GEO","Georgia","Bioenergy","2024",0
"GEO","Georgia","Coal","2024",0
"GEO","Georgia","Gas","2024",2.81
"GEO","Georgia","Hydro","2024",11
"GEO","Georgia","Nuclear","2024",0
"GEO","Georgia","Other Fossil","2024",0
"GEO","Georgia","Other Renewables","2024",0
"GEO","Georgia","Solar","2024",0.03
"GEO","Georgia","Wind","2024",0.09
"GEO","Georgia","Bioenergy","2025",0
"GEO","Georgia","Coal","2025",0
"GEO","Georgia","Gas","2025",2.75
"GEO","Georgia","Hydro","2025",10.64
"GEO","Georgia","Nuclear","2025",0
"GEO","Georgia","Other Fossil","2025",0
"GEO","Georgia","Other Renewables","2025",0
"GEO","Georgia","Solar","2025",0.03
"GEO","Georgia","Wind","2025",0.08
"DEU","Germany","Bioenergy","2015",50.33
"DEU","Germany","Coal","2015",272.2
"DEU","Germany","Gas","2015",61.47
"DEU","Germany","Hydro","2015",18.98
"DEU","Germany","Nuclear","2015",91.79
"DEU","Germany","Other Fossil","2015",25.57
"DEU","Germany","Other Renewables","2015",0.13
"DEU","Germany","Solar","2015",38.08
"DEU","Germany","Wind","2015",80.62
"DEU","Germany","Bioenergy","2016",50.93
"DEU","Germany","Coal","2016",261.75
"DEU","Germany","Gas","2016",80.62
"DEU","Germany","Hydro","2016",20.55
"DEU","Germany","Nuclear","2016",84.63
"DEU","Germany","Other Fossil","2016",25.39
"DEU","Germany","Other Renewables","2016",0.17
"DEU","Germany","Solar","2016",37.56
"DEU","Germany","Wind","2016",79.92
"DEU","Germany","Bioenergy","2017",50.92
"DEU","Germany","Coal","2017",241.26
"DEU","Germany","Gas","2017",86.04
"DEU","Germany","Hydro","2017",20.15
"DEU","Germany","Nuclear","2017",76.32
"DEU","Germany","Other Fossil","2017",25.16
"DEU","Germany","Other Renewables","2017",0.16
"DEU","Germany","Solar","2017",38.76
"DEU","Germany","Wind","2017",105.69
"DEU","Germany","Bioenergy","2018",50.79
"DEU","Germany","Coal","2018",228.16
"DEU","Germany","Gas","2018",81.56
"DEU","Germany","Hydro","2018",17.69
"DEU","Germany","Nuclear","2018",76
"DEU","Germany","Other Fossil","2018",23.63
"DEU","Germany","Other Renewables","2018",0.18
"DEU","Germany","Solar","2018",44.32
"DEU","Germany","Wind","2018",109.95
"DEU","Germany","Bioenergy","2019",50.13
"DEU","Germany","Coal","2019",171.45
"DEU","Germany","Gas","2019",90
"DEU","Germany","Hydro","2019",19.73
"DEU","Germany","Nuclear","2019",75.07
"DEU","Germany","Other Fossil","2019",22.4
"DEU","Germany","Other Renewables","2019",0.2
"DEU","Germany","Solar","2019",45.22
"DEU","Germany","Wind","2019",125.89
"DEU","Germany","Bioenergy","2020",50.93
"DEU","Germany","Coal","2020",134.6
"DEU","Germany","Gas","2020",95
"DEU","Germany","Hydro","2020",18.72
"DEU","Germany","Nuclear","2020",64.38
"DEU","Germany","Other Fossil","2020",21.28
"DEU","Germany","Other Renewables","2020",0.23
"DEU","Germany","Solar","2020",49.5
"DEU","Germany","Wind","2020",132.11
"DEU","Germany","Bioenergy","2021",49.1
"DEU","Germany","Coal","2021",164.65
"DEU","Germany","Gas","2021",90.31
"DEU","Germany","Hydro","2021",19.66
"DEU","Germany","Nuclear","2021",69.13
"DEU","Germany","Other Fossil","2021",22.24
"DEU","Germany","Other Renewables","2021",0.24
"DEU","Germany","Solar","2021",49.34
"DEU","Germany","Wind","2021",114.16
"DEU","Germany","Bioenergy","2022",48.6
"DEU","Germany","Coal","2022",179.93
"DEU","Germany","Gas","2022",79.05
"DEU","Germany","Hydro","2022",17.62
"DEU","Germany","Nuclear","2022",34.71
"DEU","Germany","Other Fossil","2022",21.65
"DEU","Germany","Other Renewables","2022",0.21
"DEU","Germany","Solar","2022",60.3
"DEU","Germany","Wind","2022",124.81
"DEU","Germany","Bioenergy","2023",51.26
"DEU","Germany","Coal","2023",124.78
"DEU","Germany","Gas","2023",76.66
"DEU","Germany","Hydro","2023",21.24
"DEU","Germany","Nuclear","2023",7.22
"DEU","Germany","Other Fossil","2023",20.96
"DEU","Germany","Other Renewables","2023",0.19
"DEU","Germany","Solar","2023",63.87
"DEU","Germany","Wind","2023",140.54
"DEU","Germany","Bioenergy","2024",51.08
"DEU","Germany","Coal","2024",106.33
"DEU","Germany","Gas","2024",78.41
"DEU","Germany","Hydro","2024",23.83
"DEU","Germany","Nuclear","2024",0
"DEU","Germany","Other Fossil","2024",20.39
"DEU","Germany","Other Renewables","2024",0.22
"DEU","Germany","Solar","2024",74.13
"DEU","Germany","Wind","2024",141.6
"DEU","Germany","Bioenergy","2025",50.53
"DEU","Germany","Coal","2025",103.15
"DEU","Germany","Gas","2025",82.67
"DEU","Germany","Hydro","2025",19.56
"DEU","Germany","Nuclear","2025",0
"DEU","Germany","Other Fossil","2025",18.91
"DEU","Germany","Other Renewables","2025",0
"DEU","Germany","Solar","2025",89.62
"DEU","Germany","Wind","2025",136.03
"GHA","Ghana","Bioenergy","2015",0.02
"GHA","Ghana","Coal","2015",0
"GHA","Ghana","Gas","2015",4.86
"GHA","Ghana","Hydro","2015",5.79
"GHA","Ghana","Nuclear","2015",0
"GHA","Ghana","Other Fossil","2015",0.97
"GHA","Ghana","Other Renewables","2015",0
"GHA","Ghana","Solar","2015",0
"GHA","Ghana","Wind","2015",0
"GHA","Ghana","Bioenergy","2016",0.02
"GHA","Ghana","Coal","2016",0
"GHA","Ghana","Gas","2016",4
"GHA","Ghana","Hydro","2016",5.51
"GHA","Ghana","Nuclear","2016",0
"GHA","Ghana","Other Fossil","2016",3.61
"GHA","Ghana","Other Renewables","2016",0
"GHA","Ghana","Solar","2016",0.03
"GHA","Ghana","Wind","2016",0
"GHA","Ghana","Bioenergy","2017",0.02
"GHA","Ghana","Coal","2017",0
"GHA","Ghana","Gas","2017",3.99
"GHA","Ghana","Hydro","2017",5.62
"GHA","Ghana","Nuclear","2017",0
"GHA","Ghana","Other Fossil","2017",3.64
"GHA","Ghana","Other Renewables","2017",0
"GHA","Ghana","Solar","2017",0.03
"GHA","Ghana","Wind","2017",0
"GHA","Ghana","Bioenergy","2018",0.02
"GHA","Ghana","Coal","2018",0
"GHA","Ghana","Gas","2018",5.12
"GHA","Ghana","Hydro","2018",6.02
"GHA","Ghana","Nuclear","2018",0
"GHA","Ghana","Other Fossil","2018",3.72
"GHA","Ghana","Other Renewables","2018",0
"GHA","Ghana","Solar","2018",0.03
"GHA","Ghana","Wind","2018",0
"GHA","Ghana","Bioenergy","2019",0.02
"GHA","Ghana","Coal","2019",0
"GHA","Ghana","Gas","2019",7.19
"GHA","Ghana","Hydro","2019",7.25
"GHA","Ghana","Nuclear","2019",0
"GHA","Ghana","Other Fossil","2019",2.79
"GHA","Ghana","Other Renewables","2019",0
"GHA","Ghana","Solar","2019",0.05
"GHA","Ghana","Wind","2019",0
"GHA","Ghana","Bioenergy","2020",0.02
"GHA","Ghana","Coal","2020",0
"GHA","Ghana","Gas","2020",11.59
"GHA","Ghana","Hydro","2020",7.29
"GHA","Ghana","Nuclear","2020",0
"GHA","Ghana","Other Fossil","2020",0.77
"GHA","Ghana","Other Renewables","2020",0
"GHA","Ghana","Solar","2020",0.06
"GHA","Ghana","Wind","2020",0
"GHA","Ghana","Bioenergy","2021",0.02
"GHA","Ghana","Coal","2021",0
"GHA","Ghana","Gas","2021",13.8
"GHA","Ghana","Hydro","2021",7.53
"GHA","Ghana","Nuclear","2021",0
"GHA","Ghana","Other Fossil","2021",0.6
"GHA","Ghana","Other Renewables","2021",0
"GHA","Ghana","Solar","2021",0.13
"GHA","Ghana","Wind","2021",0
"GHA","Ghana","Bioenergy","2022",0.02
"GHA","Ghana","Coal","2022",0
"GHA","Ghana","Gas","2022",14.23
"GHA","Ghana","Hydro","2022",8.19
"GHA","Ghana","Nuclear","2022",0
"GHA","Ghana","Other Fossil","2022",0.62
"GHA","Ghana","Other Renewables","2022",0
"GHA","Ghana","Solar","2022",0.16
"GHA","Ghana","Wind","2022",0
"GHA","Ghana","Bioenergy","2023",0.02
"GHA","Ghana","Coal","2023",0
"GHA","Ghana","Gas","2023",14.39
"GHA","Ghana","Hydro","2023",9.19
"GHA","Ghana","Nuclear","2023",0
"GHA","Ghana","Other Fossil","2023",0.55
"GHA","Ghana","Other Renewables","2023",0
"GHA","Ghana","Solar","2023",0.15
"GHA","Ghana","Wind","2023",0
"GHA","Ghana","Bioenergy","2024",0.02
"GHA","Ghana","Coal","2024",0
"GHA","Ghana","Gas","2024",14.91
"GHA","Ghana","Hydro","2024",8.6
"GHA","Ghana","Nuclear","2024",0
"GHA","Ghana","Other Fossil","2024",0.57
"GHA","Ghana","Other Renewables","2024",0
"GHA","Ghana","Solar","2024",0.17
"GHA","Ghana","Wind","2024",0
"GIB","Gibraltar","Bioenergy","2015",0
"GIB","Gibraltar","Coal","2015",0
"GIB","Gibraltar","Gas","2015",0
"GIB","Gibraltar","Hydro","2015",0
"GIB","Gibraltar","Nuclear","2015",0
"GIB","Gibraltar","Other Fossil","2015",0.22
"GIB","Gibraltar","Other Renewables","2015",0
"GIB","Gibraltar","Solar","2015",0
"GIB","Gibraltar","Wind","2015",0
"GIB","Gibraltar","Bioenergy","2016",0
"GIB","Gibraltar","Coal","2016",0
"GIB","Gibraltar","Gas","2016",0
"GIB","Gibraltar","Hydro","2016",0
"GIB","Gibraltar","Nuclear","2016",0
"GIB","Gibraltar","Other Fossil","2016",0.21
"GIB","Gibraltar","Other Renewables","2016",0
"GIB","Gibraltar","Solar","2016",0
"GIB","Gibraltar","Wind","2016",0
"GIB","Gibraltar","Bioenergy","2017",0
"GIB","Gibraltar","Coal","2017",0
"GIB","Gibraltar","Gas","2017",0
"GIB","Gibraltar","Hydro","2017",0
"GIB","Gibraltar","Nuclear","2017",0
"GIB","Gibraltar","Other Fossil","2017",0.21
"GIB","Gibraltar","Other Renewables","2017",0
"GIB","Gibraltar","Solar","2017",0
"GIB","Gibraltar","Wind","2017",0
"GIB","Gibraltar","Bioenergy","2018",0
"GIB","Gibraltar","Coal","2018",0
"GIB","Gibraltar","Gas","2018",0
"GIB","Gibraltar","Hydro","2018",0
"GIB","Gibraltar","Nuclear","2018",0
"GIB","Gibraltar","Other Fossil","2018",0.22
"GIB","Gibraltar","Other Renewables","2018",0
"GIB","Gibraltar","Solar","2018",0
"GIB","Gibraltar","Wind","2018",0
"GIB","Gibraltar","Bioenergy","2019",0
"GIB","Gibraltar","Coal","2019",0
"GIB","Gibraltar","Gas","2019",0.07
"GIB","Gibraltar","Hydro","2019",0
"GIB","Gibraltar","Nuclear","2019",0
"GIB","Gibraltar","Other Fossil","2019",0.15
"GIB","Gibraltar","Other Renewables","2019",0
"GIB","Gibraltar","Solar","2019",0
"GIB","Gibraltar","Wind","2019",0
"GIB","Gibraltar","Bioenergy","2020",0
"GIB","Gibraltar","Coal","2020",0
"GIB","Gibraltar","Gas","2020",0.21
"GIB","Gibraltar","Hydro","2020",0
"GIB","Gibraltar","Nuclear","2020",0
"GIB","Gibraltar","Other Fossil","2020",0
"GIB","Gibraltar","Other Renewables","2020",0
"GIB","Gibraltar","Solar","2020",0
"GIB","Gibraltar","Wind","2020",0
"GIB","Gibraltar","Bioenergy","2021",0
"GIB","Gibraltar","Coal","2021",0
"GIB","Gibraltar","Gas","2021",0.23
"GIB","Gibraltar","Hydro","2021",0
"GIB","Gibraltar","Nuclear","2021",0
"GIB","Gibraltar","Other Fossil","2021",0
"GIB","Gibraltar","Other Renewables","2021",0
"GIB","Gibraltar","Solar","2021",0
"GIB","Gibraltar","Wind","2021",0
"GIB","Gibraltar","Bioenergy","2022",0
"GIB","Gibraltar","Coal","2022",0
"GIB","Gibraltar","Gas","2022",0.21
"GIB","Gibraltar","Hydro","2022",0
"GIB","Gibraltar","Nuclear","2022",0
"GIB","Gibraltar","Other Fossil","2022",0
"GIB","Gibraltar","Other Renewables","2022",0
"GIB","Gibraltar","Solar","2022",0
"GIB","Gibraltar","Wind","2022",0
"GIB","Gibraltar","Bioenergy","2023",0
"GIB","Gibraltar","Coal","2023",0
"GIB","Gibraltar","Gas","2023",0.19
"GIB","Gibraltar","Hydro","2023",0
"GIB","Gibraltar","Nuclear","2023",0
"GIB","Gibraltar","Other Fossil","2023",0.04
"GIB","Gibraltar","Other Renewables","2023",0
"GIB","Gibraltar","Solar","2023",0
"GIB","Gibraltar","Wind","2023",0
"GIB","Gibraltar","Bioenergy","2024",0
"GIB","Gibraltar","Coal","2024",0
"GIB","Gibraltar","Gas","2024",0.18
"GIB","Gibraltar","Hydro","2024",0
"GIB","Gibraltar","Nuclear","2024",0
"GIB","Gibraltar","Other Fossil","2024",0.04
"GIB","Gibraltar","Other Renewables","2024",0
"GIB","Gibraltar","Solar","2024",0
"GIB","Gibraltar","Wind","2024",0
"GRC","Greece","Bioenergy","2015",0.23
"GRC","Greece","Coal","2015",22.11
"GRC","Greece","Gas","2015",9.09
"GRC","Greece","Hydro","2015",6.1
"GRC","Greece","Nuclear","2015",0
"GRC","Greece","Other Fossil","2015",5
"GRC","Greece","Other Renewables","2015",0
"GRC","Greece","Solar","2015",3.9
"GRC","Greece","Wind","2015",4.62
"GRC","Greece","Bioenergy","2016",0.27
"GRC","Greece","Coal","2016",18.88
"GRC","Greece","Gas","2016",14.97
"GRC","Greece","Hydro","2016",5.54
"GRC","Greece","Nuclear","2016",0
"GRC","Greece","Other Fossil","2016",5.1
"GRC","Greece","Other Renewables","2016",0
"GRC","Greece","Solar","2016",3.93
"GRC","Greece","Wind","2016",5.15
"GRC","Greece","Bioenergy","2017",0.31
"GRC","Greece","Coal","2017",18.76
"GRC","Greece","Gas","2017",17.13
"GRC","Greece","Hydro","2017",3.96
"GRC","Greece","Nuclear","2017",0
"GRC","Greece","Other Fossil","2017",5.11
"GRC","Greece","Other Renewables","2017",0
"GRC","Greece","Solar","2017",3.99
"GRC","Greece","Wind","2017",5.54
"GRC","Greece","Bioenergy","2018",0.31
"GRC","Greece","Coal","2018",17.19
"GRC","Greece","Gas","2018",14.09
"GRC","Greece","Hydro","2018",5.74
"GRC","Greece","Nuclear","2018",0
"GRC","Greece","Other Fossil","2018",5.19
"GRC","Greece","Other Renewables","2018",0
"GRC","Greece","Solar","2018",3.79
"GRC","Greece","Wind","2018",6.3
"GRC","Greece","Bioenergy","2019",0.4
"GRC","Greece","Coal","2019",12.12
"GRC","Greece","Gas","2019",14.5
"GRC","Greece","Hydro","2019",4
"GRC","Greece","Nuclear","2019",0
"GRC","Greece","Other Fossil","2019",5.23
"GRC","Greece","Other Renewables","2019",0
"GRC","Greece","Solar","2019",4.43
"GRC","Greece","Wind","2019",7.27
"GRC","Greece","Bioenergy","2020",0.45
"GRC","Greece","Coal","2020",6.61
"GRC","Greece","Gas","2020",19.23
"GRC","Greece","Hydro","2020",3.34
"GRC","Greece","Nuclear","2020",0
"GRC","Greece","Other Fossil","2020",4.12
"GRC","Greece","Other Renewables","2020",0
"GRC","Greece","Solar","2020",4.45
"GRC","Greece","Wind","2020",9.31
"GRC","Greece","Bioenergy","2021",0.5
"GRC","Greece","Coal","2021",5.32
"GRC","Greece","Gas","2021",22.49
"GRC","Greece","Hydro","2021",5.9
"GRC","Greece","Nuclear","2021",0
"GRC","Greece","Other Fossil","2021",4.3
"GRC","Greece","Other Renewables","2021",0
"GRC","Greece","Solar","2021",5.25
"GRC","Greece","Wind","2021",10.48
"GRC","Greece","Bioenergy","2022",0.57
"GRC","Greece","Coal","2022",5.76
"GRC","Greece","Gas","2022",19.14
"GRC","Greece","Hydro","2022",3.86
"GRC","Greece","Nuclear","2022",0
"GRC","Greece","Other Fossil","2022",4.32
"GRC","Greece","Other Renewables","2022",0
"GRC","Greece","Solar","2022",7.14
"GRC","Greece","Wind","2022",10.88
"GRC","Greece","Bioenergy","2023",0.65
"GRC","Greece","Coal","2023",4.59
"GRC","Greece","Gas","2023",15.98
"GRC","Greece","Hydro","2023",3.82
"GRC","Greece","Nuclear","2023",0
"GRC","Greece","Other Fossil","2023",3.98
"GRC","Greece","Other Renewables","2023",0
"GRC","Greece","Solar","2023",8.89
"GRC","Greece","Wind","2023",11.02
"GRC","Greece","Bioenergy","2024",0.71
"GRC","Greece","Coal","2024",3.27
"GRC","Greece","Gas","2024",21.53
"GRC","Greece","Hydro","2024",3.58
"GRC","Greece","Nuclear","2024",0
"GRC","Greece","Other Fossil","2024",4.18
"GRC","Greece","Other Renewables","2024",0
"GRC","Greece","Solar","2024",11.26
"GRC","Greece","Wind","2024",12.55
"GRC","Greece","Bioenergy","2025",0.71
"GRC","Greece","Coal","2025",2.74
"GRC","Greece","Gas","2025",23.33
"GRC","Greece","Hydro","2025",3.42
"GRC","Greece","Nuclear","2025",0
"GRC","Greece","Other Fossil","2025",4.18
"GRC","Greece","Other Renewables","2025",0
"GRC","Greece","Solar","2025",11.46
"GRC","Greece","Wind","2025",12.08
"GRL","Greenland","Bioenergy","2015",0
"GRL","Greenland","Coal","2015",0
"GRL","Greenland","Gas","2015",0
"GRL","Greenland","Hydro","2015",0.42
"GRL","Greenland","Nuclear","2015",0
"GRL","Greenland","Other Fossil","2015",0.09
"GRL","Greenland","Other Renewables","2015",0
"GRL","Greenland","Solar","2015",0
"GRL","Greenland","Wind","2015",0
"GRL","Greenland","Bioenergy","2016",0
"GRL","Greenland","Coal","2016",0
"GRL","Greenland","Gas","2016",0
"GRL","Greenland","Hydro","2016",0.4
"GRL","Greenland","Nuclear","2016",0
"GRL","Greenland","Other Fossil","2016",0.08
"GRL","Greenland","Other Renewables","2016",0
"GRL","Greenland","Solar","2016",0
"GRL","Greenland","Wind","2016",0
"GRL","Greenland","Bioenergy","2017",0
"GRL","Greenland","Coal","2017",0
"GRL","Greenland","Gas","2017",0
"GRL","Greenland","Hydro","2017",0.38
"GRL","Greenland","Nuclear","2017",0
"GRL","Greenland","Other Fossil","2017",0.12
"GRL","Greenland","Other Renewables","2017",0
"GRL","Greenland","Solar","2017",0
"GRL","Greenland","Wind","2017",0
"GRL","Greenland","Bioenergy","2018",0
"GRL","Greenland","Coal","2018",0
"GRL","Greenland","Gas","2018",0
"GRL","Greenland","Hydro","2018",0.42
"GRL","Greenland","Nuclear","2018",0
"GRL","Greenland","Other Fossil","2018",0.1
"GRL","Greenland","Other Renewables","2018",0
"GRL","Greenland","Solar","2018",0
"GRL","Greenland","Wind","2018",0
"GRL","Greenland","Bioenergy","2019",0
"GRL","Greenland","Coal","2019",0
"GRL","Greenland","Gas","2019",0
"GRL","Greenland","Hydro","2019",0.41
"GRL","Greenland","Nuclear","2019",0
"GRL","Greenland","Other Fossil","2019",0.08
"GRL","Greenland","Other Renewables","2019",0
"GRL","Greenland","Solar","2019",0
"GRL","Greenland","Wind","2019",0
"GRL","Greenland","Bioenergy","2020",0
"GRL","Greenland","Coal","2020",0
"GRL","Greenland","Gas","2020",0
"GRL","Greenland","Hydro","2020",0.43
"GRL","Greenland","Nuclear","2020",0
"GRL","Greenland","Other Fossil","2020",0.09
"GRL","Greenland","Other Renewables","2020",0
"GRL","Greenland","Solar","2020",0
"GRL","Greenland","Wind","2020",0
"GRL","Greenland","Bioenergy","2021",0
"GRL","Greenland","Coal","2021",0
"GRL","Greenland","Gas","2021",0
"GRL","Greenland","Hydro","2021",0.43
"GRL","Greenland","Nuclear","2021",0
"GRL","Greenland","Other Fossil","2021",0.08
"GRL","Greenland","Other Renewables","2021",0
"GRL","Greenland","Solar","2021",0
"GRL","Greenland","Wind","2021",0
"GRL","Greenland","Bioenergy","2022",0
"GRL","Greenland","Coal","2022",0
"GRL","Greenland","Gas","2022",0
"GRL","Greenland","Hydro","2022",0.47
"GRL","Greenland","Nuclear","2022",0
"GRL","Greenland","Other Fossil","2022",0.07
"GRL","Greenland","Other Renewables","2022",0
"GRL","Greenland","Solar","2022",0
"GRL","Greenland","Wind","2022",0
"GRL","Greenland","Bioenergy","2023",0.02
"GRL","Greenland","Coal","2023",0
"GRL","Greenland","Gas","2023",0
"GRL","Greenland","Hydro","2023",0.48
"GRL","Greenland","Nuclear","2023",0
"GRL","Greenland","Other Fossil","2023",0.11
"GRL","Greenland","Other Renewables","2023",0
"GRL","Greenland","Solar","2023",0
"GRL","Greenland","Wind","2023",0
"GRL","Greenland","Bioenergy","2024",0.03
"GRL","Greenland","Coal","2024",0
"GRL","Greenland","Gas","2024",0
"GRL","Greenland","Hydro","2024",0.47
"GRL","Greenland","Nuclear","2024",0
"GRL","Greenland","Other Fossil","2024",0.1
"GRL","Greenland","Other Renewables","2024",0
"GRL","Greenland","Solar","2024",0
"GRL","Greenland","Wind","2024",0
"GRD","Grenada","Bioenergy","2015",0
"GRD","Grenada","Coal","2015",0
"GRD","Grenada","Gas","2015",0
"GRD","Grenada","Hydro","2015",0
"GRD","Grenada","Nuclear","2015",0
"GRD","Grenada","Other Fossil","2015",0.21
"GRD","Grenada","Other Renewables","2015",0
"GRD","Grenada","Solar","2015",0
"GRD","Grenada","Wind","2015",0
"GRD","Grenada","Bioenergy","2016",0
"GRD","Grenada","Coal","2016",0
"GRD","Grenada","Gas","2016",0
"GRD","Grenada","Hydro","2016",0
"GRD","Grenada","Nuclear","2016",0
"GRD","Grenada","Other Fossil","2016",0.22
"GRD","Grenada","Other Renewables","2016",0
"GRD","Grenada","Solar","2016",0
"GRD","Grenada","Wind","2016",0
"GRD","Grenada","Bioenergy","2017",0
"GRD","Grenada","Coal","2017",0
"GRD","Grenada","Gas","2017",0
"GRD","Grenada","Hydro","2017",0
"GRD","Grenada","Nuclear","2017",0
"GRD","Grenada","Other Fossil","2017",0.23
"GRD","Grenada","Other Renewables","2017",0
"GRD","Grenada","Solar","2017",0
"GRD","Grenada","Wind","2017",0
"GRD","Grenada","Bioenergy","2018",0
"GRD","Grenada","Coal","2018",0
"GRD","Grenada","Gas","2018",0
"GRD","Grenada","Hydro","2018",0
"GRD","Grenada","Nuclear","2018",0
"GRD","Grenada","Other Fossil","2018",0.23
"GRD","Grenada","Other Renewables","2018",0
"GRD","Grenada","Solar","2018",0
"GRD","Grenada","Wind","2018",0
"GRD","Grenada","Bioenergy","2019",0
"GRD","Grenada","Coal","2019",0
"GRD","Grenada","Gas","2019",0
"GRD","Grenada","Hydro","2019",0
"GRD","Grenada","Nuclear","2019",0
"GRD","Grenada","Other Fossil","2019",0.24
"GRD","Grenada","Other Renewables","2019",0
"GRD","Grenada","Solar","2019",0
"GRD","Grenada","Wind","2019",0
"GRD","Grenada","Bioenergy","2020",0
"GRD","Grenada","Coal","2020",0
"GRD","Grenada","Gas","2020",0
"GRD","Grenada","Hydro","2020",0
"GRD","Grenada","Nuclear","2020",0
"GRD","Grenada","Other Fossil","2020",0.22
"GRD","Grenada","Other Renewables","2020",0
"GRD","Grenada","Solar","2020",0
"GRD","Grenada","Wind","2020",0
"GRD","Grenada","Bioenergy","2021",0
"GRD","Grenada","Coal","2021",0
"GRD","Grenada","Gas","2021",0
"GRD","Grenada","Hydro","2021",0
"GRD","Grenada","Nuclear","2021",0
"GRD","Grenada","Other Fossil","2021",0.23
"GRD","Grenada","Other Renewables","2021",0
"GRD","Grenada","Solar","2021",0
"GRD","Grenada","Wind","2021",0
"GRD","Grenada","Bioenergy","2022",0
"GRD","Grenada","Coal","2022",0
"GRD","Grenada","Gas","2022",0
"GRD","Grenada","Hydro","2022",0
"GRD","Grenada","Nuclear","2022",0
"GRD","Grenada","Other Fossil","2022",0.24
"GRD","Grenada","Other Renewables","2022",0
"GRD","Grenada","Solar","2022",0
"GRD","Grenada","Wind","2022",0
"GRD","Grenada","Bioenergy","2023",0
"GRD","Grenada","Coal","2023",0
"GRD","Grenada","Gas","2023",0
"GRD","Grenada","Hydro","2023",0
"GRD","Grenada","Nuclear","2023",0
"GRD","Grenada","Other Fossil","2023",0.24
"GRD","Grenada","Other Renewables","2023",0
"GRD","Grenada","Solar","2023",0
"GRD","Grenada","Wind","2023",0
"GRD","Grenada","Bioenergy","2024",0
"GRD","Grenada","Coal","2024",0
"GRD","Grenada","Gas","2024",0
"GRD","Grenada","Hydro","2024",0
"GRD","Grenada","Nuclear","2024",0
"GRD","Grenada","Other Fossil","2024",0.24
"GRD","Grenada","Other Renewables","2024",0
"GRD","Grenada","Solar","2024",0
"GRD","Grenada","Wind","2024",0
"GLP","Guadeloupe","Bioenergy","2015",0.06
"GLP","Guadeloupe","Coal","2015",0.41
"GLP","Guadeloupe","Hydro","2015",0.02
"GLP","Guadeloupe","Other Fossil","2015",1.04
"GLP","Guadeloupe","Other Renewables","2015",0.08
"GLP","Guadeloupe","Solar","2015",0.1
"GLP","Guadeloupe","Wind","2015",0.05
"GLP","Guadeloupe","Bioenergy","2016",0.05
"GLP","Guadeloupe","Coal","2016",0.51
"GLP","Guadeloupe","Hydro","2016",0.03
"GLP","Guadeloupe","Other Fossil","2016",0.96
"GLP","Guadeloupe","Other Renewables","2016",0.08
"GLP","Guadeloupe","Solar","2016",0.09
"GLP","Guadeloupe","Wind","2016",0.05
"GLP","Guadeloupe","Bioenergy","2017",0.07
"GLP","Guadeloupe","Coal","2017",0.49
"GLP","Guadeloupe","Hydro","2017",0.04
"GLP","Guadeloupe","Other Fossil","2017",0.91
"GLP","Guadeloupe","Other Renewables","2017",0.11
"GLP","Guadeloupe","Solar","2017",0.09
"GLP","Guadeloupe","Wind","2017",0.05
"GLP","Guadeloupe","Bioenergy","2018",0.07
"GLP","Guadeloupe","Coal","2018",0.45
"GLP","Guadeloupe","Hydro","2018",0.04
"GLP","Guadeloupe","Other Fossil","2018",0.89
"GLP","Guadeloupe","Other Renewables","2018",0.11
"GLP","Guadeloupe","Solar","2018",0.1
"GLP","Guadeloupe","Wind","2018",0.05
"GLP","Guadeloupe","Bioenergy","2019",0.06
"GLP","Guadeloupe","Coal","2019",0.39
"GLP","Guadeloupe","Hydro","2019",0.04
"GLP","Guadeloupe","Other Fossil","2019",0.96
"GLP","Guadeloupe","Other Renewables","2019",0.11
"GLP","Guadeloupe","Solar","2019",0.1
"GLP","Guadeloupe","Wind","2019",0.06
"GLP","Guadeloupe","Bioenergy","2020",0.08
"GLP","Guadeloupe","Coal","2020",0.28
"GLP","Guadeloupe","Hydro","2020",0.03
"GLP","Guadeloupe","Other Fossil","2020",1.01
"GLP","Guadeloupe","Other Renewables","2020",0.12
"GLP","Guadeloupe","Solar","2020",0.11
"GLP","Guadeloupe","Wind","2020",0.07
"GLP","Guadeloupe","Bioenergy","2021",0.25
"GLP","Guadeloupe","Coal","2021",0.23
"GLP","Guadeloupe","Hydro","2021",0.01
"GLP","Guadeloupe","Other Fossil","2021",0.87
"GLP","Guadeloupe","Other Renewables","2021",0.08
"GLP","Guadeloupe","Solar","2021",0.11
"GLP","Guadeloupe","Wind","2021",0.11
"GLP","Guadeloupe","Bioenergy","2022",0.24
"GLP","Guadeloupe","Coal","2022",0.22
"GLP","Guadeloupe","Hydro","2022",0.01
"GLP","Guadeloupe","Other Fossil","2022",0.85
"GLP","Guadeloupe","Other Renewables","2022",0.1
"GLP","Guadeloupe","Solar","2022",0.11
"GLP","Guadeloupe","Wind","2022",0.11
"GLP","Guadeloupe","Bioenergy","2023",0.26
"GLP","Guadeloupe","Coal","2023",0.22
"GLP","Guadeloupe","Hydro","2023",0.01
"GLP","Guadeloupe","Other Fossil","2023",0.86
"GLP","Guadeloupe","Other Renewables","2023",0.11
"GLP","Guadeloupe","Solar","2023",0.11
"GLP","Guadeloupe","Wind","2023",0.1
"GUM","Guam","Bioenergy","2015",0
"GUM","Guam","Coal","2015",0
"GUM","Guam","Gas","2015",0
"GUM","Guam","Hydro","2015",0
"GUM","Guam","Nuclear","2015",0
"GUM","Guam","Other Fossil","2015",1.68
"GUM","Guam","Other Renewables","2015",0
"GUM","Guam","Solar","2015",0.03
"GUM","Guam","Wind","2015",0
"GUM","Guam","Bioenergy","2016",0
"GUM","Guam","Coal","2016",0
"GUM","Guam","Gas","2016",0
"GUM","Guam","Hydro","2016",0
"GUM","Guam","Nuclear","2016",0
"GUM","Guam","Other Fossil","2016",1.67
"GUM","Guam","Other Renewables","2016",0
"GUM","Guam","Solar","2016",0.07
"GUM","Guam","Wind","2016",0
"GUM","Guam","Bioenergy","2017",0
"GUM","Guam","Coal","2017",0
"GUM","Guam","Gas","2017",0
"GUM","Guam","Hydro","2017",0
"GUM","Guam","Nuclear","2017",0
"GUM","Guam","Other Fossil","2017",1.71
"GUM","Guam","Other Renewables","2017",0
"GUM","Guam","Solar","2017",0.06
"GUM","Guam","Wind","2017",0
"GUM","Guam","Bioenergy","2018",0
"GUM","Guam","Coal","2018",0
"GUM","Guam","Gas","2018",0
"GUM","Guam","Hydro","2018",0
"GUM","Guam","Nuclear","2018",0
"GUM","Guam","Other Fossil","2018",1.66
"GUM","Guam","Other Renewables","2018",0
"GUM","Guam","Solar","2018",0.07
"GUM","Guam","Wind","2018",0
"GUM","Guam","Bioenergy","2019",0
"GUM","Guam","Coal","2019",0
"GUM","Guam","Gas","2019",0
"GUM","Guam","Hydro","2019",0
"GUM","Guam","Nuclear","2019",0
"GUM","Guam","Other Fossil","2019",1.67
"GUM","Guam","Other Renewables","2019",0
"GUM","Guam","Solar","2019",0.08
"GUM","Guam","Wind","2019",0
"GUM","Guam","Bioenergy","2020",0
"GUM","Guam","Coal","2020",0
"GUM","Guam","Gas","2020",0
"GUM","Guam","Hydro","2020",0
"GUM","Guam","Nuclear","2020",0
"GUM","Guam","Other Fossil","2020",1.63
"GUM","Guam","Other Renewables","2020",0
"GUM","Guam","Solar","2020",0.08
"GUM","Guam","Wind","2020",0
"GUM","Guam","Bioenergy","2021",0
"GUM","Guam","Coal","2021",0
"GUM","Guam","Gas","2021",0
"GUM","Guam","Hydro","2021",0
"GUM","Guam","Nuclear","2021",0
"GUM","Guam","Other Fossil","2021",1.66
"GUM","Guam","Other Renewables","2021",0
"GUM","Guam","Solar","2021",0.08
"GUM","Guam","Wind","2021",0
"GUM","Guam","Bioenergy","2022",0
"GUM","Guam","Coal","2022",0
"GUM","Guam","Gas","2022",0
"GUM","Guam","Hydro","2022",0
"GUM","Guam","Nuclear","2022",0
"GUM","Guam","Other Fossil","2022",1.66
"GUM","Guam","Other Renewables","2022",0
"GUM","Guam","Solar","2022",0.14
"GUM","Guam","Wind","2022",0
"GUM","Guam","Bioenergy","2023",0
"GUM","Guam","Coal","2023",0
"GUM","Guam","Gas","2023",0
"GUM","Guam","Hydro","2023",0
"GUM","Guam","Nuclear","2023",0
"GUM","Guam","Other Fossil","2023",1.66
"GUM","Guam","Other Renewables","2023",0
"GUM","Guam","Solar","2023",0.14
"GUM","Guam","Wind","2023",0
"GUM","Guam","Bioenergy","2024",0
"GUM","Guam","Coal","2024",0
"GUM","Guam","Gas","2024",0
"GUM","Guam","Hydro","2024",0
"GUM","Guam","Nuclear","2024",0
"GUM","Guam","Other Fossil","2024",1.7
"GUM","Guam","Other Renewables","2024",0
"GUM","Guam","Solar","2024",0.16
"GUM","Guam","Wind","2024",0
"GTM","Guatemala","Bioenergy","2015",2.43
"GTM","Guatemala","Coal","2015",2.92
"GTM","Guatemala","Gas","2015",0
"GTM","Guatemala","Hydro","2015",3.87
"GTM","Guatemala","Nuclear","2015",0
"GTM","Guatemala","Other Fossil","2015",1.42
"GTM","Guatemala","Other Renewables","2015",0.26
"GTM","Guatemala","Solar","2015",0.16
"GTM","Guatemala","Wind","2015",0.11
"GTM","Guatemala","Bioenergy","2016",2.59
"GTM","Guatemala","Coal","2016",3.53
"GTM","Guatemala","Gas","2016",0
"GTM","Guatemala","Hydro","2016",3.99
"GTM","Guatemala","Nuclear","2016",0
"GTM","Guatemala","Other Fossil","2016",1
"GTM","Guatemala","Other Renewables","2016",0.34
"GTM","Guatemala","Solar","2016",0.19
"GTM","Guatemala","Wind","2016",0.22
"GTM","Guatemala","Bioenergy","2017",1.94
"GTM","Guatemala","Coal","2017",3.43
"GTM","Guatemala","Gas","2017",0
"GTM","Guatemala","Hydro","2017",5.81
"GTM","Guatemala","Nuclear","2017",0
"GTM","Guatemala","Other Fossil","2017",0.44
"GTM","Guatemala","Other Renewables","2017",0.3
"GTM","Guatemala","Solar","2017",0.2
"GTM","Guatemala","Wind","2017",0.22
"GTM","Guatemala","Bioenergy","2018",2.63
"GTM","Guatemala","Coal","2018",3.9
"GTM","Guatemala","Gas","2018",0
"GTM","Guatemala","Hydro","2018",5.31
"GTM","Guatemala","Nuclear","2018",0
"GTM","Guatemala","Other Fossil","2018",0.59
"GTM","Guatemala","Other Renewables","2018",0.3
"GTM","Guatemala","Solar","2018",0.2
"GTM","Guatemala","Wind","2018",0.32
"GTM","Guatemala","Bioenergy","2019",2.77
"GTM","Guatemala","Coal","2019",4.06
"GTM","Guatemala","Gas","2019",0
"GTM","Guatemala","Hydro","2019",4.47
"GTM","Guatemala","Nuclear","2019",0
"GTM","Guatemala","Other Fossil","2019",0.53
"GTM","Guatemala","Other Renewables","2019",0.31
"GTM","Guatemala","Solar","2019",0.23
"GTM","Guatemala","Wind","2019",0.33
"GTM","Guatemala","Bioenergy","2020",2.77
"GTM","Guatemala","Coal","2020",2.62
"GTM","Guatemala","Gas","2020",0.01
"GTM","Guatemala","Hydro","2020",5.78
"GTM","Guatemala","Nuclear","2020",0
"GTM","Guatemala","Other Fossil","2020",0.38
"GTM","Guatemala","Other Renewables","2020",0.33
"GTM","Guatemala","Solar","2020",0.22
"GTM","Guatemala","Wind","2020",0.31
"GTM","Guatemala","Bioenergy","2021",3.85
"GTM","Guatemala","Coal","2021",3.34
"GTM","Guatemala","Gas","2021",0.01
"GTM","Guatemala","Hydro","2021",6.66
"GTM","Guatemala","Nuclear","2021",0
"GTM","Guatemala","Other Fossil","2021",0.75
"GTM","Guatemala","Other Renewables","2021",0.31
"GTM","Guatemala","Solar","2021",0.23
"GTM","Guatemala","Wind","2021",0.32
"GTM","Guatemala","Bioenergy","2022",3.49
"GTM","Guatemala","Coal","2022",1.27
"GTM","Guatemala","Gas","2022",0.01
"GTM","Guatemala","Hydro","2022",7.04
"GTM","Guatemala","Nuclear","2022",0
"GTM","Guatemala","Other Fossil","2022",0.79
"GTM","Guatemala","Other Renewables","2022",0.34
"GTM","Guatemala","Solar","2022",0.23
"GTM","Guatemala","Wind","2022",0.31
"GTM","Guatemala","Bioenergy","2023",3.46
"GTM","Guatemala","Coal","2023",2.38
"GTM","Guatemala","Gas","2023",0
"GTM","Guatemala","Hydro","2023",5.65
"GTM","Guatemala","Nuclear","2023",0
"GTM","Guatemala","Other Fossil","2023",2.5
"GTM","Guatemala","Other Renewables","2023",0.34
"GTM","Guatemala","Solar","2023",0.24
"GTM","Guatemala","Wind","2023",0.34
"GTM","Guatemala","Bioenergy","2024",3.5
"GTM","Guatemala","Coal","2024",2.5
"GTM","Guatemala","Gas","2024",0
"GTM","Guatemala","Hydro","2024",6.3
"GTM","Guatemala","Nuclear","2024",0
"GTM","Guatemala","Other Fossil","2024",2.5
"GTM","Guatemala","Other Renewables","2024",0.34
"GTM","Guatemala","Solar","2024",0.28
"GTM","Guatemala","Wind","2024",0.37
"GIN","Guinea","Bioenergy","2015",0
"GIN","Guinea","Coal","2015",0
"GIN","Guinea","Gas","2015",0
"GIN","Guinea","Hydro","2015",0.88
"GIN","Guinea","Nuclear","2015",0
"GIN","Guinea","Other Fossil","2015",0.24
"GIN","Guinea","Other Renewables","2015",0
"GIN","Guinea","Solar","2015",0.02
"GIN","Guinea","Wind","2015",0
"GIN","Guinea","Bioenergy","2016",0
"GIN","Guinea","Coal","2016",0
"GIN","Guinea","Gas","2016",0
"GIN","Guinea","Hydro","2016",1.08
"GIN","Guinea","Nuclear","2016",0
"GIN","Guinea","Other Fossil","2016",0.51
"GIN","Guinea","Other Renewables","2016",0
"GIN","Guinea","Solar","2016",0.02
"GIN","Guinea","Wind","2016",0
"GIN","Guinea","Bioenergy","2017",0
"GIN","Guinea","Coal","2017",0
"GIN","Guinea","Gas","2017",0
"GIN","Guinea","Hydro","2017",1.21
"GIN","Guinea","Nuclear","2017",0
"GIN","Guinea","Other Fossil","2017",0.54
"GIN","Guinea","Other Renewables","2017",0
"GIN","Guinea","Solar","2017",0.02
"GIN","Guinea","Wind","2017",0
"GIN","Guinea","Bioenergy","2018",0
"GIN","Guinea","Coal","2018",0
"GIN","Guinea","Gas","2018",0
"GIN","Guinea","Hydro","2018",1.19
"GIN","Guinea","Nuclear","2018",0
"GIN","Guinea","Other Fossil","2018",0.73
"GIN","Guinea","Other Renewables","2018",0
"GIN","Guinea","Solar","2018",0.02
"GIN","Guinea","Wind","2018",0
"GIN","Guinea","Bioenergy","2019",0
"GIN","Guinea","Coal","2019",0
"GIN","Guinea","Gas","2019",0
"GIN","Guinea","Hydro","2019",1.29
"GIN","Guinea","Nuclear","2019",0
"GIN","Guinea","Other Fossil","2019",0.74
"GIN","Guinea","Other Renewables","2019",0
"GIN","Guinea","Solar","2019",0.02
"GIN","Guinea","Wind","2019",0
"GIN","Guinea","Bioenergy","2020",0
"GIN","Guinea","Coal","2020",0
"GIN","Guinea","Gas","2020",0
"GIN","Guinea","Hydro","2020",1.49
"GIN","Guinea","Nuclear","2020",0
"GIN","Guinea","Other Fossil","2020",0.97
"GIN","Guinea","Other Renewables","2020",0
"GIN","Guinea","Solar","2020",0.02
"GIN","Guinea","Wind","2020",0
"GIN","Guinea","Bioenergy","2021",0
"GIN","Guinea","Coal","2021",0
"GIN","Guinea","Gas","2021",0
"GIN","Guinea","Hydro","2021",2.64
"GIN","Guinea","Nuclear","2021",0
"GIN","Guinea","Other Fossil","2021",0.98
"GIN","Guinea","Other Renewables","2021",0
"GIN","Guinea","Solar","2021",0.02
"GIN","Guinea","Wind","2021",0
"GIN","Guinea","Bioenergy","2022",0
"GIN","Guinea","Coal","2022",0
"GIN","Guinea","Gas","2022",0
"GIN","Guinea","Hydro","2022",2.95
"GIN","Guinea","Nuclear","2022",0
"GIN","Guinea","Other Fossil","2022",1.02
"GIN","Guinea","Other Renewables","2022",0
"GIN","Guinea","Solar","2022",0.03
"GIN","Guinea","Wind","2022",0
"GIN","Guinea","Bioenergy","2023",0
"GIN","Guinea","Coal","2023",0
"GIN","Guinea","Gas","2023",0
"GIN","Guinea","Hydro","2023",2.95
"GIN","Guinea","Nuclear","2023",0
"GIN","Guinea","Other Fossil","2023",1.02
"GIN","Guinea","Other Renewables","2023",0
"GIN","Guinea","Solar","2023",0.03
"GIN","Guinea","Wind","2023",0
"GIN","Guinea","Bioenergy","2024",0
"GIN","Guinea","Coal","2024",0
"GIN","Guinea","Gas","2024",0
"GIN","Guinea","Hydro","2024",3
"GIN","Guinea","Nuclear","2024",0
"GIN","Guinea","Other Fossil","2024",1
"GIN","Guinea","Other Renewables","2024",0
"GIN","Guinea","Solar","2024",0.03
"GIN","Guinea","Wind","2024",0
"GNB","Guinea-Bissau","Bioenergy","2015",0
"GNB","Guinea-Bissau","Coal","2015",0
"GNB","Guinea-Bissau","Gas","2015",0
"GNB","Guinea-Bissau","Hydro","2015",0
"GNB","Guinea-Bissau","Nuclear","2015",0
"GNB","Guinea-Bissau","Other Fossil","2015",0.06
"GNB","Guinea-Bissau","Other Renewables","2015",0
"GNB","Guinea-Bissau","Solar","2015",0
"GNB","Guinea-Bissau","Wind","2015",0
"GNB","Guinea-Bissau","Bioenergy","2016",0
"GNB","Guinea-Bissau","Coal","2016",0
"GNB","Guinea-Bissau","Gas","2016",0
"GNB","Guinea-Bissau","Hydro","2016",0
"GNB","Guinea-Bissau","Nuclear","2016",0
"GNB","Guinea-Bissau","Other Fossil","2016",0.08
"GNB","Guinea-Bissau","Other Renewables","2016",0
"GNB","Guinea-Bissau","Solar","2016",0
"GNB","Guinea-Bissau","Wind","2016",0
"GNB","Guinea-Bissau","Bioenergy","2017",0
"GNB","Guinea-Bissau","Coal","2017",0
"GNB","Guinea-Bissau","Gas","2017",0
"GNB","Guinea-Bissau","Hydro","2017",0
"GNB","Guinea-Bissau","Nuclear","2017",0
"GNB","Guinea-Bissau","Other Fossil","2017",0.08
"GNB","Guinea-Bissau","Other Renewables","2017",0
"GNB","Guinea-Bissau","Solar","2017",0
"GNB","Guinea-Bissau","Wind","2017",0
"GNB","Guinea-Bissau","Bioenergy","2018",0
"GNB","Guinea-Bissau","Coal","2018",0
"GNB","Guinea-Bissau","Gas","2018",0
"GNB","Guinea-Bissau","Hydro","2018",0
"GNB","Guinea-Bissau","Nuclear","2018",0
"GNB","Guinea-Bissau","Other Fossil","2018",0.08
"GNB","Guinea-Bissau","Other Renewables","2018",0
"GNB","Guinea-Bissau","Solar","2018",0
"GNB","Guinea-Bissau","Wind","2018",0
"GNB","Guinea-Bissau","Bioenergy","2019",0
"GNB","Guinea-Bissau","Coal","2019",0
"GNB","Guinea-Bissau","Gas","2019",0
"GNB","Guinea-Bissau","Hydro","2019",0
"GNB","Guinea-Bissau","Nuclear","2019",0
"GNB","Guinea-Bissau","Other Fossil","2019",0.08
"GNB","Guinea-Bissau","Other Renewables","2019",0
"GNB","Guinea-Bissau","Solar","2019",0
"GNB","Guinea-Bissau","Wind","2019",0
"GNB","Guinea-Bissau","Bioenergy","2020",0
"GNB","Guinea-Bissau","Coal","2020",0
"GNB","Guinea-Bissau","Gas","2020",0
"GNB","Guinea-Bissau","Hydro","2020",0
"GNB","Guinea-Bissau","Nuclear","2020",0
"GNB","Guinea-Bissau","Other Fossil","2020",0.08
"GNB","Guinea-Bissau","Other Renewables","2020",0
"GNB","Guinea-Bissau","Solar","2020",0
"GNB","Guinea-Bissau","Wind","2020",0
"GNB","Guinea-Bissau","Bioenergy","2021",0
"GNB","Guinea-Bissau","Coal","2021",0
"GNB","Guinea-Bissau","Gas","2021",0
"GNB","Guinea-Bissau","Hydro","2021",0
"GNB","Guinea-Bissau","Nuclear","2021",0
"GNB","Guinea-Bissau","Other Fossil","2021",0.08
"GNB","Guinea-Bissau","Other Renewables","2021",0
"GNB","Guinea-Bissau","Solar","2021",0
"GNB","Guinea-Bissau","Wind","2021",0
"GNB","Guinea-Bissau","Bioenergy","2022",0
"GNB","Guinea-Bissau","Coal","2022",0
"GNB","Guinea-Bissau","Gas","2022",0
"GNB","Guinea-Bissau","Hydro","2022",0
"GNB","Guinea-Bissau","Nuclear","2022",0
"GNB","Guinea-Bissau","Other Fossil","2022",0.08
"GNB","Guinea-Bissau","Other Renewables","2022",0
"GNB","Guinea-Bissau","Solar","2022",0
"GNB","Guinea-Bissau","Wind","2022",0
"GNB","Guinea-Bissau","Bioenergy","2023",0
"GNB","Guinea-Bissau","Coal","2023",0
"GNB","Guinea-Bissau","Gas","2023",0
"GNB","Guinea-Bissau","Hydro","2023",0
"GNB","Guinea-Bissau","Nuclear","2023",0
"GNB","Guinea-Bissau","Other Fossil","2023",0.08
"GNB","Guinea-Bissau","Other Renewables","2023",0
"GNB","Guinea-Bissau","Solar","2023",0
"GNB","Guinea-Bissau","Wind","2023",0
"GNB","Guinea-Bissau","Bioenergy","2024",0
"GNB","Guinea-Bissau","Coal","2024",0
"GNB","Guinea-Bissau","Gas","2024",0
"GNB","Guinea-Bissau","Hydro","2024",0
"GNB","Guinea-Bissau","Nuclear","2024",0
"GNB","Guinea-Bissau","Other Fossil","2024",0.08
"GNB","Guinea-Bissau","Other Renewables","2024",0
"GNB","Guinea-Bissau","Solar","2024",0
"GNB","Guinea-Bissau","Wind","2024",0
"GUY","Guyana","Bioenergy","2015",0.04
"GUY","Guyana","Coal","2015",0
"GUY","Guyana","Gas","2015",0
"GUY","Guyana","Hydro","2015",0
"GUY","Guyana","Nuclear","2015",0
"GUY","Guyana","Other Fossil","2015",0.97
"GUY","Guyana","Other Renewables","2015",0
"GUY","Guyana","Solar","2015",0
"GUY","Guyana","Wind","2015",0
"GUY","Guyana","Bioenergy","2016",0.04
"GUY","Guyana","Coal","2016",0
"GUY","Guyana","Gas","2016",0
"GUY","Guyana","Hydro","2016",0
"GUY","Guyana","Nuclear","2016",0
"GUY","Guyana","Other Fossil","2016",1.06
"GUY","Guyana","Other Renewables","2016",0
"GUY","Guyana","Solar","2016",0
"GUY","Guyana","Wind","2016",0
"GUY","Guyana","Bioenergy","2017",0.03
"GUY","Guyana","Coal","2017",0
"GUY","Guyana","Gas","2017",0
"GUY","Guyana","Hydro","2017",0
"GUY","Guyana","Nuclear","2017",0
"GUY","Guyana","Other Fossil","2017",1.08
"GUY","Guyana","Other Renewables","2017",0
"GUY","Guyana","Solar","2017",0.01
"GUY","Guyana","Wind","2017",0
"GUY","Guyana","Bioenergy","2018",0.02
"GUY","Guyana","Coal","2018",0
"GUY","Guyana","Gas","2018",0
"GUY","Guyana","Hydro","2018",0
"GUY","Guyana","Nuclear","2018",0
"GUY","Guyana","Other Fossil","2018",1.11
"GUY","Guyana","Other Renewables","2018",0
"GUY","Guyana","Solar","2018",0.01
"GUY","Guyana","Wind","2018",0
"GUY","Guyana","Bioenergy","2019",0.02
"GUY","Guyana","Coal","2019",0
"GUY","Guyana","Gas","2019",0
"GUY","Guyana","Hydro","2019",0
"GUY","Guyana","Nuclear","2019",0
"GUY","Guyana","Other Fossil","2019",1.11
"GUY","Guyana","Other Renewables","2019",0
"GUY","Guyana","Solar","2019",0.02
"GUY","Guyana","Wind","2019",0
"GUY","Guyana","Bioenergy","2020",0.02
"GUY","Guyana","Coal","2020",0
"GUY","Guyana","Gas","2020",0
"GUY","Guyana","Hydro","2020",0
"GUY","Guyana","Nuclear","2020",0
"GUY","Guyana","Other Fossil","2020",1.11
"GUY","Guyana","Other Renewables","2020",0
"GUY","Guyana","Solar","2020",0.01
"GUY","Guyana","Wind","2020",0
"GUY","Guyana","Bioenergy","2021",0.03
"GUY","Guyana","Coal","2021",0
"GUY","Guyana","Gas","2021",0
"GUY","Guyana","Hydro","2021",0
"GUY","Guyana","Nuclear","2021",0
"GUY","Guyana","Other Fossil","2021",1.1
"GUY","Guyana","Other Renewables","2021",0
"GUY","Guyana","Solar","2021",0.01
"GUY","Guyana","Wind","2021",0
"GUY","Guyana","Bioenergy","2022",0.02
"GUY","Guyana","Coal","2022",0
"GUY","Guyana","Gas","2022",0.01
"GUY","Guyana","Hydro","2022",0
"GUY","Guyana","Nuclear","2022",0
"GUY","Guyana","Other Fossil","2022",1.24
"GUY","Guyana","Other Renewables","2022",0
"GUY","Guyana","Solar","2022",0.01
"GUY","Guyana","Wind","2022",0
"GUY","Guyana","Bioenergy","2023",0.02
"GUY","Guyana","Coal","2023",0
"GUY","Guyana","Gas","2023",0.01
"GUY","Guyana","Hydro","2023",0
"GUY","Guyana","Nuclear","2023",0
"GUY","Guyana","Other Fossil","2023",1.33
"GUY","Guyana","Other Renewables","2023",0
"GUY","Guyana","Solar","2023",0.02
"GUY","Guyana","Wind","2023",0
"GUY","Guyana","Bioenergy","2024",0.02
"GUY","Guyana","Coal","2024",0
"GUY","Guyana","Gas","2024",0.01
"GUY","Guyana","Hydro","2024",0
"GUY","Guyana","Nuclear","2024",0
"GUY","Guyana","Other Fossil","2024",1.33
"GUY","Guyana","Other Renewables","2024",0
"GUY","Guyana","Solar","2024",0.02
"GUY","Guyana","Wind","2024",0
"HTI","Haiti","Bioenergy","2015",0
"HTI","Haiti","Coal","2015",0
"HTI","Haiti","Gas","2015",0
"HTI","Haiti","Hydro","2015",0.08
"HTI","Haiti","Nuclear","2015",0
"HTI","Haiti","Other Fossil","2015",0.95
"HTI","Haiti","Other Renewables","2015",0
"HTI","Haiti","Solar","2015",0
"HTI","Haiti","Wind","2015",0
"HTI","Haiti","Bioenergy","2016",0
"HTI","Haiti","Coal","2016",0
"HTI","Haiti","Gas","2016",0
"HTI","Haiti","Hydro","2016",0.07
"HTI","Haiti","Nuclear","2016",0
"HTI","Haiti","Other Fossil","2016",1.01
"HTI","Haiti","Other Renewables","2016",0
"HTI","Haiti","Solar","2016",0
"HTI","Haiti","Wind","2016",0
"HTI","Haiti","Bioenergy","2017",0
"HTI","Haiti","Coal","2017",0
"HTI","Haiti","Gas","2017",0
"HTI","Haiti","Hydro","2017",0.13
"HTI","Haiti","Nuclear","2017",0
"HTI","Haiti","Other Fossil","2017",0.93
"HTI","Haiti","Other Renewables","2017",0
"HTI","Haiti","Solar","2017",0
"HTI","Haiti","Wind","2017",0
"HTI","Haiti","Bioenergy","2018",0
"HTI","Haiti","Coal","2018",0
"HTI","Haiti","Gas","2018",0
"HTI","Haiti","Hydro","2018",0.19
"HTI","Haiti","Nuclear","2018",0
"HTI","Haiti","Other Fossil","2018",0.85
"HTI","Haiti","Other Renewables","2018",0
"HTI","Haiti","Solar","2018",0
"HTI","Haiti","Wind","2018",0
"HTI","Haiti","Bioenergy","2019",0
"HTI","Haiti","Coal","2019",0
"HTI","Haiti","Gas","2019",0
"HTI","Haiti","Hydro","2019",0.17
"HTI","Haiti","Nuclear","2019",0
"HTI","Haiti","Other Fossil","2019",0.89
"HTI","Haiti","Other Renewables","2019",0
"HTI","Haiti","Solar","2019",0
"HTI","Haiti","Wind","2019",0
"HTI","Haiti","Bioenergy","2020",0
"HTI","Haiti","Coal","2020",0
"HTI","Haiti","Gas","2020",0
"HTI","Haiti","Hydro","2020",0.14
"HTI","Haiti","Nuclear","2020",0
"HTI","Haiti","Other Fossil","2020",0.88
"HTI","Haiti","Other Renewables","2020",0
"HTI","Haiti","Solar","2020",0
"HTI","Haiti","Wind","2020",0
"HTI","Haiti","Bioenergy","2021",0
"HTI","Haiti","Coal","2021",0
"HTI","Haiti","Gas","2021",0
"HTI","Haiti","Hydro","2021",0.13
"HTI","Haiti","Nuclear","2021",0
"HTI","Haiti","Other Fossil","2021",0.9
"HTI","Haiti","Other Renewables","2021",0
"HTI","Haiti","Solar","2021",0
"HTI","Haiti","Wind","2021",0
"HTI","Haiti","Bioenergy","2022",0
"HTI","Haiti","Coal","2022",0
"HTI","Haiti","Gas","2022",0
"HTI","Haiti","Hydro","2022",0.19
"HTI","Haiti","Nuclear","2022",0
"HTI","Haiti","Other Fossil","2022",0.82
"HTI","Haiti","Other Renewables","2022",0
"HTI","Haiti","Solar","2022",0
"HTI","Haiti","Wind","2022",0
"HTI","Haiti","Bioenergy","2023",0
"HTI","Haiti","Coal","2023",0
"HTI","Haiti","Gas","2023",0
"HTI","Haiti","Hydro","2023",0.19
"HTI","Haiti","Nuclear","2023",0
"HTI","Haiti","Other Fossil","2023",0.66
"HTI","Haiti","Other Renewables","2023",0
"HTI","Haiti","Solar","2023",0
"HTI","Haiti","Wind","2023",0
"HTI","Haiti","Bioenergy","2024",0
"HTI","Haiti","Coal","2024",0
"HTI","Haiti","Gas","2024",0
"HTI","Haiti","Hydro","2024",0.16
"HTI","Haiti","Nuclear","2024",0
"HTI","Haiti","Other Fossil","2024",0.7
"HTI","Haiti","Other Renewables","2024",0
"HTI","Haiti","Solar","2024",0
"HTI","Haiti","Wind","2024",0
"HND","Honduras","Bioenergy","2015",0.54
"HND","Honduras","Coal","2015",0.09
"HND","Honduras","Gas","2015",0
"HND","Honduras","Hydro","2015",2.32
"HND","Honduras","Nuclear","2015",0
"HND","Honduras","Other Fossil","2015",4.95
"HND","Honduras","Other Renewables","2015",0
"HND","Honduras","Solar","2015",0.44
"HND","Honduras","Wind","2015",0.67
"HND","Honduras","Bioenergy","2016",0.75
"HND","Honduras","Coal","2016",0.04
"HND","Honduras","Gas","2016",0
"HND","Honduras","Hydro","2016",2.25
"HND","Honduras","Nuclear","2016",0
"HND","Honduras","Other Fossil","2016",4.79
"HND","Honduras","Other Renewables","2016",0
"HND","Honduras","Solar","2016",0.89
"HND","Honduras","Wind","2016",0.58
"HND","Honduras","Bioenergy","2017",0.81
"HND","Honduras","Coal","2017",0
"HND","Honduras","Gas","2017",0
"HND","Honduras","Hydro","2017",2.97
"HND","Honduras","Nuclear","2017",0
"HND","Honduras","Other Fossil","2017",4
"HND","Honduras","Other Renewables","2017",0.09
"HND","Honduras","Solar","2017",0.93
"HND","Honduras","Wind","2017",0.58
"HND","Honduras","Bioenergy","2018",0.72
"HND","Honduras","Coal","2018",0
"HND","Honduras","Gas","2018",0
"HND","Honduras","Hydro","2018",3.15
"HND","Honduras","Nuclear","2018",0
"HND","Honduras","Other Fossil","2018",3.61
"HND","Honduras","Other Renewables","2018",0.3
"HND","Honduras","Solar","2018",1
"HND","Honduras","Wind","2018",0.93
"HND","Honduras","Bioenergy","2019",0.97
"HND","Honduras","Coal","2019",0.05
"HND","Honduras","Gas","2019",0
"HND","Honduras","Hydro","2019",2.43
"HND","Honduras","Nuclear","2019",0
"HND","Honduras","Other Fossil","2019",4.97
"HND","Honduras","Other Renewables","2019",0.3
"HND","Honduras","Solar","2019",1.12
"HND","Honduras","Wind","2019",0.82
"HND","Honduras","Bioenergy","2020",0.71
"HND","Honduras","Coal","2020",0.05
"HND","Honduras","Gas","2020",0
"HND","Honduras","Hydro","2020",2.7
"HND","Honduras","Nuclear","2020",0
"HND","Honduras","Other Fossil","2020",4.55
"HND","Honduras","Other Renewables","2020",0.31
"HND","Honduras","Solar","2020",1.11
"HND","Honduras","Wind","2020",0.71
"HND","Honduras","Bioenergy","2021",0.8
"HND","Honduras","Coal","2021",0.06
"HND","Honduras","Gas","2021",0
"HND","Honduras","Hydro","2021",3.77
"HND","Honduras","Nuclear","2021",0
"HND","Honduras","Other Fossil","2021",4.23
"HND","Honduras","Other Renewables","2021",0.35
"HND","Honduras","Solar","2021",1.14
"HND","Honduras","Wind","2021",0.77
"HND","Honduras","Bioenergy","2022",0.81
"HND","Honduras","Coal","2022",0.07
"HND","Honduras","Gas","2022",0
"HND","Honduras","Hydro","2022",3.88
"HND","Honduras","Nuclear","2022",0
"HND","Honduras","Other Fossil","2022",4.5
"HND","Honduras","Other Renewables","2022",0.34
"HND","Honduras","Solar","2022",1.04
"HND","Honduras","Wind","2022",0.69
"HND","Honduras","Bioenergy","2023",0.83
"HND","Honduras","Coal","2023",0.06
"HND","Honduras","Gas","2023",0
"HND","Honduras","Hydro","2023",3.88
"HND","Honduras","Nuclear","2023",0
"HND","Honduras","Other Fossil","2023",5.64
"HND","Honduras","Other Renewables","2023",0.35
"HND","Honduras","Solar","2023",1.04
"HND","Honduras","Wind","2023",0.69
"HND","Honduras","Bioenergy","2024",0.84
"HND","Honduras","Coal","2024",0.06
"HND","Honduras","Gas","2024",0
"HND","Honduras","Hydro","2024",3.8
"HND","Honduras","Nuclear","2024",0
"HND","Honduras","Other Fossil","2024",5.5
"HND","Honduras","Other Renewables","2024",0.35
"HND","Honduras","Solar","2024",1.18
"HND","Honduras","Wind","2024",0.75
"HKG","Hong Kong","Bioenergy","2015",0.07
"HKG","Hong Kong","Coal","2015",24.89
"HKG","Hong Kong","Gas","2015",12.67
"HKG","Hong Kong","Hydro","2015",0
"HKG","Hong Kong","Nuclear","2015",0
"HKG","Hong Kong","Other Fossil","2015",0.23
"HKG","Hong Kong","Other Renewables","2015",0
"HKG","Hong Kong","Solar","2015",0
"HKG","Hong Kong","Wind","2015",0
"HKG","Hong Kong","Bioenergy","2016",0.14
"HKG","Hong Kong","Coal","2016",25.12
"HKG","Hong Kong","Gas","2016",12.5
"HKG","Hong Kong","Hydro","2016",0
"HKG","Hong Kong","Nuclear","2016",0
"HKG","Hong Kong","Other Fossil","2016",0.36
"HKG","Hong Kong","Other Renewables","2016",0
"HKG","Hong Kong","Solar","2016",0
"HKG","Hong Kong","Wind","2016",0
"HKG","Hong Kong","Bioenergy","2017",0.14
"HKG","Hong Kong","Coal","2017",23.94
"HKG","Hong Kong","Gas","2017",12.44
"HKG","Hong Kong","Hydro","2017",0
"HKG","Hong Kong","Nuclear","2017",0
"HKG","Hong Kong","Other Fossil","2017",0.41
"HKG","Hong Kong","Other Renewables","2017",0
"HKG","Hong Kong","Solar","2017",0.01
"HKG","Hong Kong","Wind","2017",0
"HKG","Hong Kong","Bioenergy","2018",0.14
"HKG","Hong Kong","Coal","2018",21.99
"HKG","Hong Kong","Gas","2018",14.14
"HKG","Hong Kong","Hydro","2018",0
"HKG","Hong Kong","Nuclear","2018",0
"HKG","Hong Kong","Other Fossil","2018",0.29
"HKG","Hong Kong","Other Renewables","2018",0
"HKG","Hong Kong","Solar","2018",0.01
"HKG","Hong Kong","Wind","2018",0
"HKG","Hong Kong","Bioenergy","2019",0.14
"HKG","Hong Kong","Coal","2019",21.06
"HKG","Hong Kong","Gas","2019",15.54
"HKG","Hong Kong","Hydro","2019",0
"HKG","Hong Kong","Nuclear","2019",0
"HKG","Hong Kong","Other Fossil","2019",0.18
"HKG","Hong Kong","Other Renewables","2019",0
"HKG","Hong Kong","Solar","2019",0.02
"HKG","Hong Kong","Wind","2019",0
"HKG","Hong Kong","Bioenergy","2020",0.14
"HKG","Hong Kong","Coal","2020",12.13
"HKG","Hong Kong","Gas","2020",21.87
"HKG","Hong Kong","Hydro","2020",0
"HKG","Hong Kong","Nuclear","2020",0
"HKG","Hong Kong","Other Fossil","2020",0.16
"HKG","Hong Kong","Other Renewables","2020",0
"HKG","Hong Kong","Solar","2020",0.05
"HKG","Hong Kong","Wind","2020",0
"HKG","Hong Kong","Bioenergy","2021",0.14
"HKG","Hong Kong","Coal","2021",13.5
"HKG","Hong Kong","Gas","2021",22.26
"HKG","Hong Kong","Hydro","2021",0
"HKG","Hong Kong","Nuclear","2021",0
"HKG","Hong Kong","Other Fossil","2021",0.2
"HKG","Hong Kong","Other Renewables","2021",0
"HKG","Hong Kong","Solar","2021",0.12
"HKG","Hong Kong","Wind","2021",0
"HKG","Hong Kong","Bioenergy","2022",0.15
"HKG","Hong Kong","Coal","2022",12.73
"HKG","Hong Kong","Gas","2022",22.84
"HKG","Hong Kong","Hydro","2022",0
"HKG","Hong Kong","Nuclear","2022",0
"HKG","Hong Kong","Other Fossil","2022",0.2
"HKG","Hong Kong","Other Renewables","2022",0
"HKG","Hong Kong","Solar","2022",0.18
"HKG","Hong Kong","Wind","2022",0
"HKG","Hong Kong","Bioenergy","2023",0.16
"HKG","Hong Kong","Coal","2023",12.56
"HKG","Hong Kong","Gas","2023",24.39
"HKG","Hong Kong","Hydro","2023",0
"HKG","Hong Kong","Nuclear","2023",0
"HKG","Hong Kong","Other Fossil","2023",0.44
"HKG","Hong Kong","Other Renewables","2023",0
"HKG","Hong Kong","Solar","2023",0.2
"HKG","Hong Kong","Wind","2023",0
"HKG","Hong Kong","Bioenergy","2024",0.16
"HKG","Hong Kong","Coal","2024",12.6
"HKG","Hong Kong","Gas","2024",24
"HKG","Hong Kong","Hydro","2024",0
"HKG","Hong Kong","Nuclear","2024",0
"HKG","Hong Kong","Other Fossil","2024",0.45
"HKG","Hong Kong","Other Renewables","2024",0
"HKG","Hong Kong","Solar","2024",0.23
"HKG","Hong Kong","Wind","2024",0
"HUN","Hungary","Bioenergy","2015",2.16
"HUN","Hungary","Coal","2015",5.79
"HUN","Hungary","Gas","2015",5.11
"HUN","Hungary","Hydro","2015",0.23
"HUN","Hungary","Nuclear","2015",15.83
"HUN","Hungary","Other Fossil","2015",0.38
"HUN","Hungary","Other Renewables","2015",0
"HUN","Hungary","Solar","2015",0.14
"HUN","Hungary","Wind","2015",0.69
"HUN","Hungary","Bioenergy","2016",2.07
"HUN","Hungary","Coal","2016",5.63
"HUN","Hungary","Gas","2016",6.48
"HUN","Hungary","Hydro","2016",0.26
"HUN","Hungary","Nuclear","2016",16.05
"HUN","Hungary","Other Fossil","2016",0.47
"HUN","Hungary","Other Renewables","2016",0
"HUN","Hungary","Solar","2016",0.24
"HUN","Hungary","Wind","2016",0.68
"HUN","Hungary","Bioenergy","2017",2.15
"HUN","Hungary","Coal","2017",4.93
"HUN","Hungary","Gas","2017",7.87
"HUN","Hungary","Hydro","2017",0.22
"HUN","Hungary","Nuclear","2017",16.1
"HUN","Hungary","Other Fossil","2017",0.54
"HUN","Hungary","Other Renewables","2017",0
"HUN","Hungary","Solar","2017",0.35
"HUN","Hungary","Wind","2017",0.76
"HUN","Hungary","Bioenergy","2018",2.3
"HUN","Hungary","Coal","2018",4.67
"HUN","Hungary","Gas","2018",7.28
"HUN","Hungary","Hydro","2018",0.22
"HUN","Hungary","Nuclear","2018",15.73
"HUN","Hungary","Other Fossil","2018",0.6
"HUN","Hungary","Other Renewables","2018",0.01
"HUN","Hungary","Solar","2018",0.63
"HUN","Hungary","Wind","2018",0.61
"HUN","Hungary","Bioenergy","2019",2.23
"HUN","Hungary","Coal","2019",4.03
"HUN","Hungary","Gas","2019",8.7
"HUN","Hungary","Hydro","2019",0.22
"HUN","Hungary","Nuclear","2019",16.29
"HUN","Hungary","Other Fossil","2019",0.56
"HUN","Hungary","Other Renewables","2019",0.02
"HUN","Hungary","Solar","2019",1.5
"HUN","Hungary","Wind","2019",0.73
"HUN","Hungary","Bioenergy","2020",2.15
"HUN","Hungary","Coal","2020",3.71
"HUN","Hungary","Gas","2020",9.09
"HUN","Hungary","Hydro","2020",0.24
"HUN","Hungary","Nuclear","2020",16.06
"HUN","Hungary","Other Fossil","2020",0.54
"HUN","Hungary","Other Renewables","2020",0.02
"HUN","Hungary","Solar","2020",2.46
"HUN","Hungary","Wind","2020",0.65
"HUN","Hungary","Bioenergy","2021",2.23
"HUN","Hungary","Coal","2021",3.01
"HUN","Hungary","Gas","2021",9.65
"HUN","Hungary","Hydro","2021",0.21
"HUN","Hungary","Nuclear","2021",15.99
"HUN","Hungary","Other Fossil","2021",0.54
"HUN","Hungary","Other Renewables","2021",0.01
"HUN","Hungary","Solar","2021",3.8
"HUN","Hungary","Wind","2021",0.66
"HUN","Hungary","Bioenergy","2022",2.14
"HUN","Hungary","Coal","2022",2.99
"HUN","Hungary","Gas","2022",8.87
"HUN","Hungary","Hydro","2022",0.18
"HUN","Hungary","Nuclear","2022",15.81
"HUN","Hungary","Other Fossil","2022",0.45
"HUN","Hungary","Other Renewables","2022",0
"HUN","Hungary","Solar","2022",4.73
"HUN","Hungary","Wind","2022",0.61
"HUN","Hungary","Bioenergy","2023",1.56
"HUN","Hungary","Coal","2023",2.49
"HUN","Hungary","Gas","2023",7.28
"HUN","Hungary","Hydro","2023",0.22
"HUN","Hungary","Nuclear","2023",15.92
"HUN","Hungary","Other Fossil","2023",0.47
"HUN","Hungary","Other Renewables","2023",0.02
"HUN","Hungary","Solar","2023",6.93
"HUN","Hungary","Wind","2023",0.65
"HUN","Hungary","Bioenergy","2024",1.83
"HUN","Hungary","Coal","2024",2.44
"HUN","Hungary","Gas","2024",7.13
"HUN","Hungary","Hydro","2024",0.23
"HUN","Hungary","Nuclear","2024",16.02
"HUN","Hungary","Other Fossil","2024",0.45
"HUN","Hungary","Other Renewables","2024",0.01
"HUN","Hungary","Solar","2024",9.2
"HUN","Hungary","Wind","2024",0.69
"HUN","Hungary","Bioenergy","2025",2.39
"HUN","Hungary","Coal","2025",1.38
"HUN","Hungary","Gas","2025",8.15
"HUN","Hungary","Hydro","2025",0.23
"HUN","Hungary","Nuclear","2025",16.1
"HUN","Hungary","Other Fossil","2025",0.4
"HUN","Hungary","Other Renewables","2025",0.01
"HUN","Hungary","Solar","2025",10.98
"HUN","Hungary","Wind","2025",0.6
"ISL","Iceland","Bioenergy","2015",0
"ISL","Iceland","Coal","2015",0
"ISL","Iceland","Gas","2015",0
"ISL","Iceland","Hydro","2015",13.54
"ISL","Iceland","Nuclear","2015",0
"ISL","Iceland","Other Fossil","2015",0
"ISL","Iceland","Other Renewables","2015",5
"ISL","Iceland","Solar","2015",0
"ISL","Iceland","Wind","2015",0.01
"ISL","Iceland","Bioenergy","2016",0
"ISL","Iceland","Coal","2016",0
"ISL","Iceland","Gas","2016",0
"ISL","Iceland","Hydro","2016",13.09
"ISL","Iceland","Nuclear","2016",0
"ISL","Iceland","Other Fossil","2016",0
"ISL","Iceland","Other Renewables","2016",5.07
"ISL","Iceland","Solar","2016",0
"ISL","Iceland","Wind","2016",0.01
"ISL","Iceland","Bioenergy","2017",0
"ISL","Iceland","Coal","2017",0
"ISL","Iceland","Gas","2017",0
"ISL","Iceland","Hydro","2017",13.89
"ISL","Iceland","Nuclear","2017",0
"ISL","Iceland","Other Fossil","2017",0
"ISL","Iceland","Other Renewables","2017",5.17
"ISL","Iceland","Solar","2017",0
"ISL","Iceland","Wind","2017",0.01
"ISL","Iceland","Bioenergy","2018",0
"ISL","Iceland","Coal","2018",0
"ISL","Iceland","Gas","2018",0
"ISL","Iceland","Hydro","2018",13.68
"ISL","Iceland","Nuclear","2018",0
"ISL","Iceland","Other Fossil","2018",0
"ISL","Iceland","Other Renewables","2018",6.01
"ISL","Iceland","Solar","2018",0
"ISL","Iceland","Wind","2018",0
"ISL","Iceland","Bioenergy","2019",0
"ISL","Iceland","Coal","2019",0
"ISL","Iceland","Gas","2019",0
"ISL","Iceland","Hydro","2019",13.33
"ISL","Iceland","Nuclear","2019",0
"ISL","Iceland","Other Fossil","2019",0
"ISL","Iceland","Other Renewables","2019",6.02
"ISL","Iceland","Solar","2019",0
"ISL","Iceland","Wind","2019",0.01
"ISL","Iceland","Bioenergy","2020",0
"ISL","Iceland","Coal","2020",0
"ISL","Iceland","Gas","2020",0
"ISL","Iceland","Hydro","2020",12.92
"ISL","Iceland","Nuclear","2020",0
"ISL","Iceland","Other Fossil","2020",0
"ISL","Iceland","Other Renewables","2020",5.96
"ISL","Iceland","Solar","2020",0
"ISL","Iceland","Wind","2020",0.01
"ISL","Iceland","Bioenergy","2021",0
"ISL","Iceland","Coal","2021",0
"ISL","Iceland","Gas","2021",0
"ISL","Iceland","Hydro","2021",13.58
"ISL","Iceland","Nuclear","2021",0
"ISL","Iceland","Other Fossil","2021",0
"ISL","Iceland","Other Renewables","2021",5.8
"ISL","Iceland","Solar","2021",0
"ISL","Iceland","Wind","2021",0.01
"ISL","Iceland","Bioenergy","2022",0
"ISL","Iceland","Coal","2022",0
"ISL","Iceland","Gas","2022",0
"ISL","Iceland","Hydro","2022",13.94
"ISL","Iceland","Nuclear","2022",0
"ISL","Iceland","Other Fossil","2022",0
"ISL","Iceland","Other Renewables","2022",5.92
"ISL","Iceland","Solar","2022",0
"ISL","Iceland","Wind","2022",0.01
"ISL","Iceland","Bioenergy","2023",0
"ISL","Iceland","Coal","2023",0
"ISL","Iceland","Gas","2023",0
"ISL","Iceland","Hydro","2023",14.1
"ISL","Iceland","Nuclear","2023",0
"ISL","Iceland","Other Fossil","2023",0
"ISL","Iceland","Other Renewables","2023",5.7
"ISL","Iceland","Solar","2023",0
"ISL","Iceland","Wind","2023",0.01
"ISL","Iceland","Bioenergy","2024",0
"ISL","Iceland","Coal","2024",0
"ISL","Iceland","Gas","2024",0
"ISL","Iceland","Hydro","2024",13.46
"ISL","Iceland","Nuclear","2024",0
"ISL","Iceland","Other Fossil","2024",0
"ISL","Iceland","Other Renewables","2024",5.57
"ISL","Iceland","Solar","2024",0.01
"ISL","Iceland","Wind","2024",0.01
"IND","India","Bioenergy","2015",18.36
"IND","India","Coal","2015",1006.55
"IND","India","Gas","2015",64.77
"IND","India","Hydro","2015",133.48
"IND","India","Nuclear","2015",38.31
"IND","India","Other Fossil","2015",9.26
"IND","India","Solar","2015",7.09
"IND","India","Wind","2015",32.74
"IND","India","Bioenergy","2016",17.2
"IND","India","Coal","2016",1073.6
"IND","India","Gas","2016",72.62
"IND","India","Hydro","2016",128.55
"IND","India","Nuclear","2016",37.9
"IND","India","Other Fossil","2016",9.41
"IND","India","Solar","2016",12.2
"IND","India","Wind","2016",43.45
"IND","India","Bioenergy","2017",14.99
"IND","India","Coal","2017",1115.24
"IND","India","Gas","2017",74.99
"IND","India","Hydro","2017",135.98
"IND","India","Nuclear","2017",37.41
"IND","India","Other Fossil","2017",8.79
"IND","India","Solar","2017",22.36
"IND","India","Wind","2017",52.63
"IND","India","Bioenergy","2018",18.4
"IND","India","Coal","2018",1198.86
"IND","India","Gas","2018",71.26
"IND","India","Hydro","2018",139.92
"IND","India","Nuclear","2018",39.05
"IND","India","Other Fossil","2018",6.4
"IND","India","Solar","2018",37.45
"IND","India","Wind","2018",60.31
"IND","India","Bioenergy","2019",18.99
"IND","India","Coal","2019",1198.76
"IND","India","Gas","2019",71.95
"IND","India","Hydro","2019",162.29
"IND","India","Nuclear","2019",45.16
"IND","India","Other Fossil","2019",3.07
"IND","India","Solar","2019",37.45
"IND","India","Wind","2019",63.31
"IND","India","Bioenergy","2020",19.88
"IND","India","Coal","2020",1143.78
"IND","India","Gas","2020",74.79
"IND","India","Hydro","2020",163.94
"IND","India","Nuclear","2020",44.61
"IND","India","Other Fossil","2020",3.09
"IND","India","Solar","2020",52.91
"IND","India","Wind","2020",60.43
"IND","India","Bioenergy","2021",21.2
"IND","India","Coal","2021",1255.56
"IND","India","Gas","2021",60.4
"IND","India","Hydro","2021",160.57
"IND","India","Nuclear","2021",43.92
"IND","India","Other Fossil","2021",3.39
"IND","India","Solar","2021",65.59
"IND","India","Wind","2021",68.09
"IND","India","Bioenergy","2022",23.29
"IND","India","Coal","2022",1344.42
"IND","India","Gas","2022",46.17
"IND","India","Hydro","2022",175.09
"IND","India","Nuclear","2022",46.19
"IND","India","Other Fossil","2022",3.48
"IND","India","Solar","2022",95.92
"IND","India","Wind","2022",70.05
"IND","India","Bioenergy","2023",23.01
"IND","India","Coal","2023",1445.44
"IND","India","Gas","2023",50.8
"IND","India","Hydro","2023",149.43
"IND","India","Nuclear","2023",48.2
"IND","India","Other Fossil","2023",3.85
"IND","India","Solar","2023",115.42
"IND","India","Wind","2023",82.11
"IND","India","Bioenergy","2024",22.25
"IND","India","Coal","2024",1517.9
"IND","India","Gas","2024",56.44
"IND","India","Hydro","2024",156.53
"IND","India","Nuclear","2024",54.7
"IND","India","Other Fossil","2024",4.09
"IND","India","Solar","2024",143.07
"IND","India","Wind","2024",81.54
"IND","India","Bioenergy","2025",23.04
"IND","India","Coal","2025",1474.15
"IND","India","Gas","2025",48.54
"IND","India","Hydro","2025",177.97
"IND","India","Nuclear","2025",53.83
"IND","India","Other Fossil","2025",4.1
"IND","India","Solar","2025",195.99
"IND","India","Wind","2025",103.98
"IDN","Indonesia","Bioenergy","2015",9.75
"IDN","Indonesia","Coal","2015",124.66
"IDN","Indonesia","Gas","2015",54.14
"IDN","Indonesia","Hydro","2015",13.74
"IDN","Indonesia","Other Fossil","2015",30.92
"IDN","Indonesia","Other Renewables","2015",10.06
"IDN","Indonesia","Solar","2015",0.01
"IDN","Indonesia","Wind","2015",0
"IDN","Indonesia","Bioenergy","2016",10.21
"IDN","Indonesia","Coal","2016",135.38
"IDN","Indonesia","Gas","2016",61.79
"IDN","Indonesia","Hydro","2016",18.68
"IDN","Indonesia","Other Fossil","2016",20.8
"IDN","Indonesia","Other Renewables","2016",10.66
"IDN","Indonesia","Solar","2016",0.02
"IDN","Indonesia","Wind","2016",0.01
"IDN","Indonesia","Bioenergy","2017",11.47
"IDN","Indonesia","Coal","2017",147.96
"IDN","Indonesia","Gas","2017",55.83
"IDN","Indonesia","Hydro","2017",18.63
"IDN","Indonesia","Other Fossil","2017",18.85
"IDN","Indonesia","Other Renewables","2017",13.06
"IDN","Indonesia","Solar","2017",0.03
"IDN","Indonesia","Wind","2017",0
"IDN","Indonesia","Bioenergy","2018",12.13
"IDN","Indonesia","Coal","2018",160.01
"IDN","Indonesia","Gas","2018",57.45
"IDN","Indonesia","Hydro","2018",21.64
"IDN","Indonesia","Other Fossil","2018",17.95
"IDN","Indonesia","Other Renewables","2018",14.33
"IDN","Indonesia","Solar","2018",0.09
"IDN","Indonesia","Wind","2018",0.19
"IDN","Indonesia","Bioenergy","2019",12.17
"IDN","Indonesia","Coal","2019",174.49
"IDN","Indonesia","Gas","2019",62.32
"IDN","Indonesia","Hydro","2019",21.16
"IDN","Indonesia","Other Fossil","2019",10.59
"IDN","Indonesia","Other Renewables","2019",14.11
"IDN","Indonesia","Solar","2019",0.12
"IDN","Indonesia","Wind","2019",0.48
"IDN","Indonesia","Bioenergy","2020",12.35
"IDN","Indonesia","Coal","2020",180.87
"IDN","Indonesia","Gas","2020",51.28
"IDN","Indonesia","Hydro","2020",24.33
"IDN","Indonesia","Other Fossil","2020",6.78
"IDN","Indonesia","Other Renewables","2020",15.57
"IDN","Indonesia","Solar","2020",0.17
"IDN","Indonesia","Wind","2020",0.47
"IDN","Indonesia","Bioenergy","2021",14.96
"IDN","Indonesia","Coal","2021",189.96
"IDN","Indonesia","Gas","2021",56.53
"IDN","Indonesia","Hydro","2021",24.7
"IDN","Indonesia","Other Fossil","2021",6.67
"IDN","Indonesia","Other Renewables","2021",15.91
"IDN","Indonesia","Solar","2021",0.19
"IDN","Indonesia","Wind","2021",0.44
"IDN","Indonesia","Bioenergy","2022",20.62
"IDN","Indonesia","Coal","2022",205.31
"IDN","Indonesia","Gas","2022",56.71
"IDN","Indonesia","Hydro","2022",27.3
"IDN","Indonesia","Other Fossil","2022",6.11
"IDN","Indonesia","Other Renewables","2022",16.69
"IDN","Indonesia","Solar","2022",0.44
"IDN","Indonesia","Wind","2022",0.36
"IDN","Indonesia","Bioenergy","2023",22.48
"IDN","Indonesia","Coal","2023",216.78
"IDN","Indonesia","Gas","2023",62.04
"IDN","Indonesia","Hydro","2023",24.59
"IDN","Indonesia","Other Fossil","2023",6.58
"IDN","Indonesia","Other Renewables","2023",16.94
"IDN","Indonesia","Solar","2023",0.71
"IDN","Indonesia","Wind","2023",0.48
"IDN","Indonesia","Bioenergy","2024",21.33
"IDN","Indonesia","Coal","2024",228.43
"IDN","Indonesia","Gas","2024",68.78
"IDN","Indonesia","Hydro","2024",27.29
"IDN","Indonesia","Other Fossil","2024",7.12
"IDN","Indonesia","Other Renewables","2024",16.77
"IDN","Indonesia","Solar","2024",1.35
"IDN","Indonesia","Wind","2024",0.47
"IRN","Iran (Islamic Republic of)","Bioenergy","2015",0.02
"IRN","Iran (Islamic Republic of)","Coal","2015",0.46
"IRN","Iran (Islamic Republic of)","Gas","2015",206.61
"IRN","Iran (Islamic Republic of)","Hydro","2015",13.25
"IRN","Iran (Islamic Republic of)","Nuclear","2015",3.5
"IRN","Iran (Islamic Republic of)","Other Fossil","2015",56.26
"IRN","Iran (Islamic Republic of)","Solar","2015",0
"IRN","Iran (Islamic Republic of)","Wind","2015",0.14
"IRN","Iran (Islamic Republic of)","Bioenergy","2016",0.02
"IRN","Iran (Islamic Republic of)","Coal","2016",0.49
"IRN","Iran (Islamic Republic of)","Gas","2016",225.32
"IRN","Iran (Islamic Republic of)","Hydro","2016",15.42
"IRN","Iran (Islamic Republic of)","Nuclear","2016",6.47
"IRN","Iran (Islamic Republic of)","Other Fossil","2016",38.26
"IRN","Iran (Islamic Republic of)","Solar","2016",0
"IRN","Iran (Islamic Republic of)","Wind","2016",0.16
"IRN","Iran (Islamic Republic of)","Bioenergy","2017",0.02
"IRN","Iran (Islamic Republic of)","Coal","2017",0.69
"IRN","Iran (Islamic Republic of)","Gas","2017",252.5
"IRN","Iran (Islamic Republic of)","Hydro","2017",17.23
"IRN","Iran (Islamic Republic of)","Nuclear","2017",6.96
"IRN","Iran (Islamic Republic of)","Other Fossil","2017",27.36
"IRN","Iran (Islamic Republic of)","Solar","2017",0.09
"IRN","Iran (Islamic Republic of)","Wind","2017",0.32
"IRN","Iran (Islamic Republic of)","Bioenergy","2018",0.02
"IRN","Iran (Islamic Republic of)","Coal","2018",0.64
"IRN","Iran (Islamic Republic of)","Gas","2018",266.29
"IRN","Iran (Islamic Republic of)","Hydro","2018",9.84
"IRN","Iran (Islamic Republic of)","Nuclear","2018",6.89
"IRN","Iran (Islamic Republic of)","Other Fossil","2018",27.7
"IRN","Iran (Islamic Republic of)","Solar","2018",0.22
"IRN","Iran (Islamic Republic of)","Wind","2018",0.75
"IRN","Iran (Islamic Republic of)","Bioenergy","2019",0.01
"IRN","Iran (Islamic Republic of)","Coal","2019",0.81
"IRN","Iran (Islamic Republic of)","Gas","2019",244.51
"IRN","Iran (Islamic Republic of)","Hydro","2019",33.87
"IRN","Iran (Islamic Republic of)","Nuclear","2019",6.41
"IRN","Iran (Islamic Republic of)","Other Fossil","2019",32.04
"IRN","Iran (Islamic Republic of)","Solar","2019",0.51
"IRN","Iran (Islamic Republic of)","Wind","2019",0.72
"IRN","Iran (Islamic Republic of)","Bioenergy","2020",0.02
"IRN","Iran (Islamic Republic of)","Coal","2020",0.8
"IRN","Iran (Islamic Republic of)","Gas","2020",268.23
"IRN","Iran (Islamic Republic of)","Hydro","2020",23.2
"IRN","Iran (Islamic Republic of)","Nuclear","2020",6.33
"IRN","Iran (Islamic Republic of)","Other Fossil","2020",36.92
"IRN","Iran (Islamic Republic of)","Solar","2020",0.58
"IRN","Iran (Islamic Republic of)","Wind","2020",1.13
"IRN","Iran (Islamic Republic of)","Bioenergy","2021",0.02
"IRN","Iran (Islamic Republic of)","Coal","2021",0.73
"IRN","Iran (Islamic Republic of)","Gas","2021",302.18
"IRN","Iran (Islamic Republic of)","Hydro","2021",13.83
"IRN","Iran (Islamic Republic of)","Nuclear","2021",3.54
"IRN","Iran (Islamic Republic of)","Other Fossil","2021",34.36
"IRN","Iran (Islamic Republic of)","Solar","2021",0.62
"IRN","Iran (Islamic Republic of)","Wind","2021",1.13
"IRN","Iran (Islamic Republic of)","Bioenergy","2022",0.02
"IRN","Iran (Islamic Republic of)","Coal","2022",0.71
"IRN","Iran (Islamic Republic of)","Gas","2022",313.42
"IRN","Iran (Islamic Republic of)","Hydro","2022",14
"IRN","Iran (Islamic Republic of)","Nuclear","2022",6.57
"IRN","Iran (Islamic Republic of)","Other Fossil","2022",30.59
"IRN","Iran (Islamic Republic of)","Solar","2022",0.62
"IRN","Iran (Islamic Republic of)","Wind","2022",1.13
"IRN","Iran (Islamic Republic of)","Bioenergy","2023",0.02
"IRN","Iran (Islamic Republic of)","Coal","2023",0.71
"IRN","Iran (Islamic Republic of)","Gas","2023",321.96
"IRN","Iran (Islamic Republic of)","Hydro","2023",22.82
"IRN","Iran (Islamic Republic of)","Nuclear","2023",6.64
"IRN","Iran (Islamic Republic of)","Other Fossil","2023",27.98
"IRN","Iran (Islamic Republic of)","Solar","2023",0.68
"IRN","Iran (Islamic Republic of)","Wind","2023",1.21
"IRN","Iran (Islamic Republic of)","Bioenergy","2024",0.03
"IRN","Iran (Islamic Republic of)","Coal","2024",0.73
"IRN","Iran (Islamic Republic of)","Gas","2024",340.05
"IRN","Iran (Islamic Republic of)","Hydro","2024",18.87
"IRN","Iran (Islamic Republic of)","Nuclear","2024",7.35
"IRN","Iran (Islamic Republic of)","Other Fossil","2024",26.61
"IRN","Iran (Islamic Republic of)","Solar","2024",0.9
"IRN","Iran (Islamic Republic of)","Wind","2024",1.25
"IRN","Iran (Islamic Republic of)","Bioenergy","2025",0.03
"IRN","Iran (Islamic Republic of)","Coal","2025",0.73
"IRN","Iran (Islamic Republic of)","Gas","2025",354.39
"IRN","Iran (Islamic Republic of)","Hydro","2025",13.03
"IRN","Iran (Islamic Republic of)","Nuclear","2025",7.35
"IRN","Iran (Islamic Republic of)","Other Fossil","2025",18.1
"IRN","Iran (Islamic Republic of)","Solar","2025",0.9
"IRN","Iran (Islamic Republic of)","Wind","2025",1.25
"IRQ","Iraq","Bioenergy","2015",0
"IRQ","Iraq","Coal","2015",0
"IRQ","Iraq","Gas","2015",21.07
"IRQ","Iraq","Hydro","2015",2.55
"IRQ","Iraq","Nuclear","2015",0
"IRQ","Iraq","Other Fossil","2015",46.96
"IRQ","Iraq","Other Renewables","2015",0
"IRQ","Iraq","Solar","2015",0.06
"IRQ","Iraq","Wind","2015",0
"IRQ","Iraq","Bioenergy","2016",0
"IRQ","Iraq","Coal","2016",0
"IRQ","Iraq","Gas","2016",20.89
"IRQ","Iraq","Hydro","2016",3.37
"IRQ","Iraq","Nuclear","2016",0
"IRQ","Iraq","Other Fossil","2016",57.61
"IRQ","Iraq","Other Renewables","2016",0
"IRQ","Iraq","Solar","2016",0.06
"IRQ","Iraq","Wind","2016",0
"IRQ","Iraq","Bioenergy","2017",0
"IRQ","Iraq","Coal","2017",0
"IRQ","Iraq","Gas","2017",33.75
"IRQ","Iraq","Hydro","2017",2.18
"IRQ","Iraq","Nuclear","2017",0
"IRQ","Iraq","Other Fossil","2017",57.59
"IRQ","Iraq","Other Renewables","2017",0
"IRQ","Iraq","Solar","2017",0.06
"IRQ","Iraq","Wind","2017",0
"IRQ","Iraq","Bioenergy","2018",0
"IRQ","Iraq","Coal","2018",0
"IRQ","Iraq","Gas","2018",53.45
"IRQ","Iraq","Hydro","2018",1.82
"IRQ","Iraq","Nuclear","2018",0
"IRQ","Iraq","Other Fossil","2018",43.08
"IRQ","Iraq","Other Renewables","2018",0
"IRQ","Iraq","Solar","2018",0.06
"IRQ","Iraq","Wind","2018",0
"IRQ","Iraq","Bioenergy","2019",0
"IRQ","Iraq","Coal","2019",0
"IRQ","Iraq","Gas","2019",66.44
"IRQ","Iraq","Hydro","2019",4.96
"IRQ","Iraq","Nuclear","2019",0
"IRQ","Iraq","Other Fossil","2019",43.75
"IRQ","Iraq","Other Renewables","2019",0
"IRQ","Iraq","Solar","2019",0.06
"IRQ","Iraq","Wind","2019",0
"IRQ","Iraq","Bioenergy","2020",0
"IRQ","Iraq","Coal","2020",0
"IRQ","Iraq","Gas","2020",71.51
"IRQ","Iraq","Hydro","2020",4.16
"IRQ","Iraq","Nuclear","2020",0
"IRQ","Iraq","Other Fossil","2020",41.07
"IRQ","Iraq","Other Renewables","2020",0
"IRQ","Iraq","Solar","2020",0.38
"IRQ","Iraq","Wind","2020",0
"IRQ","Iraq","Bioenergy","2021",0
"IRQ","Iraq","Coal","2021",0
"IRQ","Iraq","Gas","2021",70.87
"IRQ","Iraq","Hydro","2021",3.35
"IRQ","Iraq","Nuclear","2021",0
"IRQ","Iraq","Other Fossil","2021",45.86
"IRQ","Iraq","Other Renewables","2021",0
"IRQ","Iraq","Solar","2021",0.38
"IRQ","Iraq","Wind","2021",0
"IRQ","Iraq","Bioenergy","2022",0
"IRQ","Iraq","Coal","2022",0
"IRQ","Iraq","Gas","2022",90.24
"IRQ","Iraq","Hydro","2022",2.65
"IRQ","Iraq","Nuclear","2022",0
"IRQ","Iraq","Other Fossil","2022",40.59
"IRQ","Iraq","Other Renewables","2022",0
"IRQ","Iraq","Solar","2022",0.38
"IRQ","Iraq","Wind","2022",0
"IRQ","Iraq","Bioenergy","2023",0
"IRQ","Iraq","Coal","2023",0
"IRQ","Iraq","Gas","2023",75.68
"IRQ","Iraq","Hydro","2023",1.38
"IRQ","Iraq","Nuclear","2023",0
"IRQ","Iraq","Other Fossil","2023",67.57
"IRQ","Iraq","Other Renewables","2023",0
"IRQ","Iraq","Solar","2023",0.38
"IRQ","Iraq","Wind","2023",0
"IRQ","Iraq","Bioenergy","2024",0
"IRQ","Iraq","Coal","2024",0
"IRQ","Iraq","Gas","2024",79.3
"IRQ","Iraq","Hydro","2024",2
"IRQ","Iraq","Nuclear","2024",0
"IRQ","Iraq","Other Fossil","2024",68
"IRQ","Iraq","Other Renewables","2024",0
"IRQ","Iraq","Solar","2024",0.43
"IRQ","Iraq","Wind","2024",0
"IRL","Ireland","Bioenergy","2015",0.48
"IRL","Ireland","Coal","2015",4.87
"IRL","Ireland","Gas","2015",12.37
"IRL","Ireland","Hydro","2015",0.81
"IRL","Ireland","Nuclear","2015",0
"IRL","Ireland","Other Fossil","2015",2.94
"IRL","Ireland","Other Renewables","2015",0
"IRL","Ireland","Solar","2015",0
"IRL","Ireland","Wind","2015",6.68
"IRL","Ireland","Bioenergy","2016",0.68
"IRL","Ireland","Coal","2016",4.7
"IRL","Ireland","Gas","2016",15.33
"IRL","Ireland","Hydro","2016",0.68
"IRL","Ireland","Nuclear","2016",0
"IRL","Ireland","Other Fossil","2016",2.66
"IRL","Ireland","Other Renewables","2016",0
"IRL","Ireland","Solar","2016",0
"IRL","Ireland","Wind","2016",6.25
"IRL","Ireland","Bioenergy","2017",0.74
"IRL","Ireland","Coal","2017",3.64
"IRL","Ireland","Gas","2017",15.68
"IRL","Ireland","Hydro","2017",0.69
"IRL","Ireland","Nuclear","2017",0
"IRL","Ireland","Other Fossil","2017",2.46
"IRL","Ireland","Other Renewables","2017",0
"IRL","Ireland","Solar","2017",0.01
"IRL","Ireland","Wind","2017",7.57
"IRL","Ireland","Bioenergy","2018",0.85
"IRL","Ireland","Coal","2018",2.15
"IRL","Ireland","Gas","2018",16.02
"IRL","Ireland","Hydro","2018",0.69
"IRL","Ireland","Nuclear","2018",0
"IRL","Ireland","Other Fossil","2018",2.53
"IRL","Ireland","Other Renewables","2018",0
"IRL","Ireland","Solar","2018",0.02
"IRL","Ireland","Wind","2018",8.78
"IRL","Ireland","Bioenergy","2019",0.85
"IRL","Ireland","Coal","2019",0.51
"IRL","Ireland","Gas","2019",15.91
"IRL","Ireland","Hydro","2019",0.89
"IRL","Ireland","Nuclear","2019",0
"IRL","Ireland","Other Fossil","2019",2.5
"IRL","Ireland","Other Renewables","2019",0
"IRL","Ireland","Solar","2019",0.03
"IRL","Ireland","Wind","2019",10.18
"IRL","Ireland","Bioenergy","2020",0.92
"IRL","Ireland","Coal","2020",0.67
"IRL","Ireland","Gas","2020",16.24
"IRL","Ireland","Hydro","2020",0.93
"IRL","Ireland","Nuclear","2020",0
"IRL","Ireland","Other Fossil","2020",1.6
"IRL","Ireland","Other Renewables","2020",0
"IRL","Ireland","Solar","2020",0.06
"IRL","Ireland","Wind","2020",11.74
"IRL","Ireland","Bioenergy","2021",0.99
"IRL","Ireland","Coal","2021",2.72
"IRL","Ireland","Gas","2021",15.16
"IRL","Ireland","Hydro","2021",0.75
"IRL","Ireland","Nuclear","2021",0
"IRL","Ireland","Other Fossil","2021",2.1
"IRL","Ireland","Other Renewables","2021",0
"IRL","Ireland","Solar","2021",0.08
"IRL","Ireland","Wind","2021",9.94
"IRL","Ireland","Bioenergy","2022",1.01
"IRL","Ireland","Coal","2022",2.37
"IRL","Ireland","Gas","2022",16.53
"IRL","Ireland","Hydro","2022",0.7
"IRL","Ireland","Nuclear","2022",0
"IRL","Ireland","Other Fossil","2022",1.64
"IRL","Ireland","Other Renewables","2022",0
"IRL","Ireland","Solar","2022",0.15
"IRL","Ireland","Wind","2022",11.39
"IRL","Ireland","Bioenergy","2023",0.83
"IRL","Ireland","Coal","2023",1.21
"IRL","Ireland","Gas","2023",15.35
"IRL","Ireland","Hydro","2023",0.94
"IRL","Ireland","Nuclear","2023",0
"IRL","Ireland","Other Fossil","2023",0.7
"IRL","Ireland","Other Renewables","2023",0
"IRL","Ireland","Solar","2023",0.65
"IRL","Ireland","Wind","2023",11.86
"IRL","Ireland","Bioenergy","2024",1
"IRL","Ireland","Coal","2024",0.63
"IRL","Ireland","Gas","2024",15.1
"IRL","Ireland","Hydro","2024",0.77
"IRL","Ireland","Nuclear","2024",0
"IRL","Ireland","Other Fossil","2024",0.89
"IRL","Ireland","Other Renewables","2024",0
"IRL","Ireland","Solar","2024",1.09
"IRL","Ireland","Wind","2024",11.6
"IRL","Ireland","Bioenergy","2025",1.02
"IRL","Ireland","Coal","2025",0.12
"IRL","Ireland","Gas","2025",14.99
"IRL","Ireland","Hydro","2025",0.65
"IRL","Ireland","Nuclear","2025",0
"IRL","Ireland","Other Fossil","2025",0.92
"IRL","Ireland","Other Renewables","2025",0
"IRL","Ireland","Solar","2025",1.49
"IRL","Ireland","Wind","2025",11.76
"ISR","Israel","Bioenergy","2015",0.07
"ISR","Israel","Coal","2015",29.16
"ISR","Israel","Gas","2015",33.15
"ISR","Israel","Hydro","2015",0.02
"ISR","Israel","Nuclear","2015",0
"ISR","Israel","Other Fossil","2015",0.7
"ISR","Israel","Other Renewables","2015",0
"ISR","Israel","Solar","2015",1.12
"ISR","Israel","Wind","2015",0.01
"ISR","Israel","Bioenergy","2016",0.11
"ISR","Israel","Coal","2016",24.16
"ISR","Israel","Gas","2016",40.82
"ISR","Israel","Hydro","2016",0
"ISR","Israel","Nuclear","2016",0
"ISR","Israel","Other Fossil","2016",0.33
"ISR","Israel","Other Renewables","2016",0
"ISR","Israel","Solar","2016",1.54
"ISR","Israel","Wind","2016",0.05
"ISR","Israel","Bioenergy","2017",0
"ISR","Israel","Coal","2017",22.03
"ISR","Israel","Gas","2017",42.8
"ISR","Israel","Hydro","2017",0
"ISR","Israel","Nuclear","2017",0
"ISR","Israel","Other Fossil","2017",0.92
"ISR","Israel","Other Renewables","2017",0
"ISR","Israel","Solar","2017",1.51
"ISR","Israel","Wind","2017",0.18
"ISR","Israel","Bioenergy","2018",0.13
"ISR","Israel","Coal","2018",20.6
"ISR","Israel","Gas","2018",46.04
"ISR","Israel","Hydro","2018",0
"ISR","Israel","Nuclear","2018",0
"ISR","Israel","Other Fossil","2018",0.5
"ISR","Israel","Other Renewables","2018",0
"ISR","Israel","Solar","2018",1.57
"ISR","Israel","Wind","2018",0.18
"ISR","Israel","Bioenergy","2019",0.11
"ISR","Israel","Coal","2019",21.9
"ISR","Israel","Gas","2019",46.1
"ISR","Israel","Hydro","2019",0
"ISR","Israel","Nuclear","2019",0
"ISR","Israel","Other Fossil","2019",1.2
"ISR","Israel","Other Renewables","2019",0
"ISR","Israel","Solar","2019",3.21
"ISR","Israel","Wind","2019",0.19
"ISR","Israel","Bioenergy","2020",0.12
"ISR","Israel","Coal","2020",19
"ISR","Israel","Gas","2020",48.8
"ISR","Israel","Hydro","2020",0.02
"ISR","Israel","Nuclear","2020",0
"ISR","Israel","Other Fossil","2020",0.5
"ISR","Israel","Other Renewables","2020",0
"ISR","Israel","Solar","2020",4.1
"ISR","Israel","Wind","2020",0.2
"ISR","Israel","Bioenergy","2021",0.1
"ISR","Israel","Coal","2021",16.9
"ISR","Israel","Gas","2021",51
"ISR","Israel","Hydro","2021",0.02
"ISR","Israel","Nuclear","2021",0
"ISR","Israel","Other Fossil","2021",0.4
"ISR","Israel","Other Renewables","2021",0
"ISR","Israel","Solar","2021",5.52
"ISR","Israel","Wind","2021",0.18
"ISR","Israel","Bioenergy","2022",0.11
"ISR","Israel","Coal","2022",16.7
"ISR","Israel","Gas","2022",52.3
"ISR","Israel","Hydro","2022",0.02
"ISR","Israel","Nuclear","2022",0
"ISR","Israel","Other Fossil","2022",0.4
"ISR","Israel","Other Renewables","2022",0
"ISR","Israel","Solar","2022",7.05
"ISR","Israel","Wind","2022",0.29
"ISR","Israel","Bioenergy","2023",0.11
"ISR","Israel","Coal","2023",13.1
"ISR","Israel","Gas","2023",54.7
"ISR","Israel","Hydro","2023",0
"ISR","Israel","Nuclear","2023",0
"ISR","Israel","Other Fossil","2023",0.5
"ISR","Israel","Other Renewables","2023",0
"ISR","Israel","Solar","2023",8.56
"ISR","Israel","Wind","2023",0.46
"ISR","Israel","Bioenergy","2024",0.11
"ISR","Israel","Coal","2024",11.5
"ISR","Israel","Gas","2024",57.4
"ISR","Israel","Hydro","2024",0.01
"ISR","Israel","Nuclear","2024",0
"ISR","Israel","Other Fossil","2024",0.4
"ISR","Israel","Other Renewables","2024",0
"ISR","Israel","Solar","2024",10.52
"ISR","Israel","Wind","2024",0.46
"ISR","Israel","Bioenergy","2025",0.16
"ISR","Israel","Coal","2025",2.8
"ISR","Israel","Gas","2025",65.4
"ISR","Israel","Hydro","2025",0
"ISR","Israel","Nuclear","2025",0
"ISR","Israel","Other Fossil","2025",0
"ISR","Israel","Other Renewables","2025",0
"ISR","Israel","Solar","2025",13.28
"ISR","Israel","Wind","2025",0.46
"ITA","Italy","Bioenergy","2015",19.39
"ITA","Italy","Coal","2015",43.2
"ITA","Italy","Gas","2015",110.88
"ITA","Italy","Hydro","2015",45.54
"ITA","Italy","Nuclear","2015",0
"ITA","Italy","Other Fossil","2015",16.73
"ITA","Italy","Other Renewables","2015",6.18
"ITA","Italy","Solar","2015",22.94
"ITA","Italy","Wind","2015",14.84
"ITA","Italy","Bioenergy","2016",19.5
"ITA","Italy","Coal","2016",35.61
"ITA","Italy","Gas","2016",126.17
"ITA","Italy","Hydro","2016",42.43
"ITA","Italy","Nuclear","2016",0
"ITA","Italy","Other Fossil","2016",16.16
"ITA","Italy","Other Renewables","2016",6.29
"ITA","Italy","Solar","2016",22.1
"ITA","Italy","Wind","2016",17.69
"ITA","Italy","Bioenergy","2017",19.37
"ITA","Italy","Coal","2017",32.63
"ITA","Italy","Gas","2017",140.36
"ITA","Italy","Hydro","2017",36.2
"ITA","Italy","Nuclear","2017",0
"ITA","Italy","Other Fossil","2017",15.21
"ITA","Italy","Other Renewables","2017",6.2
"ITA","Italy","Solar","2017",24.38
"ITA","Italy","Wind","2017",17.74
"ITA","Italy","Bioenergy","2018",19.14
"ITA","Italy","Coal","2018",28.47
"ITA","Italy","Gas","2018",128.56
"ITA","Italy","Hydro","2018",48.79
"ITA","Italy","Nuclear","2018",0
"ITA","Italy","Other Fossil","2018",14.62
"ITA","Italy","Other Renewables","2018",6.11
"ITA","Italy","Solar","2018",22.65
"ITA","Italy","Wind","2018",17.72
"ITA","Italy","Bioenergy","2019",19.55
"ITA","Italy","Coal","2019",18.84
"ITA","Italy","Gas","2019",141.7
"ITA","Italy","Hydro","2019",46.32
"ITA","Italy","Nuclear","2019",0
"ITA","Italy","Other Fossil","2019",13.62
"ITA","Italy","Other Renewables","2019",6.07
"ITA","Italy","Solar","2019",23.69
"ITA","Italy","Wind","2019",20.2
"ITA","Italy","Bioenergy","2020",19.62
"ITA","Italy","Coal","2020",13.38
"ITA","Italy","Gas","2020",133.7
"ITA","Italy","Hydro","2020",47.55
"ITA","Italy","Nuclear","2020",0
"ITA","Italy","Other Fossil","2020",12.83
"ITA","Italy","Other Renewables","2020",6.03
"ITA","Italy","Solar","2020",24.94
"ITA","Italy","Wind","2020",18.76
"ITA","Italy","Bioenergy","2021",19.06
"ITA","Italy","Coal","2021",14.02
"ITA","Italy","Gas","2021",144.01
"ITA","Italy","Hydro","2021",45.39
"ITA","Italy","Nuclear","2021",0
"ITA","Italy","Other Fossil","2021",11.13
"ITA","Italy","Other Renewables","2021",5.91
"ITA","Italy","Solar","2021",25.04
"ITA","Italy","Wind","2021",20.93
"ITA","Italy","Bioenergy","2022",17.61
"ITA","Italy","Coal","2022",22.61
"ITA","Italy","Gas","2022",141.47
"ITA","Italy","Hydro","2022",28.4
"ITA","Italy","Nuclear","2022",0
"ITA","Italy","Other Fossil","2022",15.63
"ITA","Italy","Other Renewables","2022",5.84
"ITA","Italy","Solar","2022",28.12
"ITA","Italy","Wind","2022",20.49
"ITA","Italy","Bioenergy","2023",16.01
"ITA","Italy","Coal","2023",13.22
"ITA","Italy","Gas","2023",119.02
"ITA","Italy","Hydro","2023",40.52
"ITA","Italy","Nuclear","2023",0
"ITA","Italy","Other Fossil","2023",12.79
"ITA","Italy","Other Renewables","2023",5.69
"ITA","Italy","Solar","2023",30.71
"ITA","Italy","Wind","2023",23.59
"ITA","Italy","Bioenergy","2024",17.23
"ITA","Italy","Coal","2024",3.95
"ITA","Italy","Gas","2024",118.59
"ITA","Italy","Hydro","2024",53.13
"ITA","Italy","Nuclear","2024",0
"ITA","Italy","Other Fossil","2024",10.78
"ITA","Italy","Other Renewables","2024",5.67
"ITA","Italy","Solar","2024",35.99
"ITA","Italy","Wind","2024",22.22
"ITA","Italy","Bioenergy","2025",15.61
"ITA","Italy","Coal","2025",3.58
"ITA","Italy","Gas","2025",125.53
"ITA","Italy","Hydro","2025",41.7
"ITA","Italy","Nuclear","2025",0
"ITA","Italy","Other Fossil","2025",6.72
"ITA","Italy","Other Renewables","2025",5.69
"ITA","Italy","Solar","2025",44.63
"ITA","Italy","Wind","2025",21.48
"JAM","Jamaica","Bioenergy","2015",0.17
"JAM","Jamaica","Coal","2015",0
"JAM","Jamaica","Gas","2015",0
"JAM","Jamaica","Hydro","2015",0.13
"JAM","Jamaica","Nuclear","2015",0
"JAM","Jamaica","Other Fossil","2015",3.84
"JAM","Jamaica","Other Renewables","2015",0
"JAM","Jamaica","Solar","2015",0.01
"JAM","Jamaica","Wind","2015",0.13
"JAM","Jamaica","Bioenergy","2016",0.21
"JAM","Jamaica","Coal","2016",0
"JAM","Jamaica","Gas","2016",0.05
"JAM","Jamaica","Hydro","2016",0.12
"JAM","Jamaica","Nuclear","2016",0
"JAM","Jamaica","Other Fossil","2016",3.89
"JAM","Jamaica","Other Renewables","2016",0
"JAM","Jamaica","Solar","2016",0.01
"JAM","Jamaica","Wind","2016",0.21
"JAM","Jamaica","Bioenergy","2017",0.07
"JAM","Jamaica","Coal","2017",0
"JAM","Jamaica","Gas","2017",0.82
"JAM","Jamaica","Hydro","2017",0.15
"JAM","Jamaica","Nuclear","2017",0
"JAM","Jamaica","Other Fossil","2017",3.05
"JAM","Jamaica","Other Renewables","2017",0
"JAM","Jamaica","Solar","2017",0.04
"JAM","Jamaica","Wind","2017",0.25
"JAM","Jamaica","Bioenergy","2018",0.05
"JAM","Jamaica","Coal","2018",0
"JAM","Jamaica","Gas","2018",0.47
"JAM","Jamaica","Hydro","2018",0.18
"JAM","Jamaica","Nuclear","2018",0
"JAM","Jamaica","Other Fossil","2018",2.91
"JAM","Jamaica","Other Renewables","2018",0
"JAM","Jamaica","Solar","2018",0.05
"JAM","Jamaica","Wind","2018",0.3
"JAM","Jamaica","Bioenergy","2019",0.07
"JAM","Jamaica","Coal","2019",0
"JAM","Jamaica","Gas","2019",1.26
"JAM","Jamaica","Hydro","2019",0.16
"JAM","Jamaica","Nuclear","2019",0
"JAM","Jamaica","Other Fossil","2019",2.79
"JAM","Jamaica","Other Renewables","2019",0
"JAM","Jamaica","Solar","2019",0.09
"JAM","Jamaica","Wind","2019",0.27
"JAM","Jamaica","Bioenergy","2020",0.05
"JAM","Jamaica","Coal","2020",0
"JAM","Jamaica","Gas","2020",2.48
"JAM","Jamaica","Hydro","2020",0.14
"JAM","Jamaica","Nuclear","2020",0
"JAM","Jamaica","Other Fossil","2020",1.21
"JAM","Jamaica","Other Renewables","2020",0
"JAM","Jamaica","Solar","2020",0.12
"JAM","Jamaica","Wind","2020",0.28
"JAM","Jamaica","Bioenergy","2021",0.05
"JAM","Jamaica","Coal","2021",0
"JAM","Jamaica","Gas","2021",2.54
"JAM","Jamaica","Hydro","2021",0.14
"JAM","Jamaica","Nuclear","2021",0
"JAM","Jamaica","Other Fossil","2021",1.23
"JAM","Jamaica","Other Renewables","2021",0
"JAM","Jamaica","Solar","2021",0.13
"JAM","Jamaica","Wind","2021",0.26
"JAM","Jamaica","Bioenergy","2022",0.06
"JAM","Jamaica","Coal","2022",0
"JAM","Jamaica","Gas","2022",2.39
"JAM","Jamaica","Hydro","2022",0.12
"JAM","Jamaica","Nuclear","2022",0
"JAM","Jamaica","Other Fossil","2022",1.52
"JAM","Jamaica","Other Renewables","2022",0
"JAM","Jamaica","Solar","2022",0.13
"JAM","Jamaica","Wind","2022",0.27
"JAM","Jamaica","Bioenergy","2023",0.06
"JAM","Jamaica","Coal","2023",0
"JAM","Jamaica","Gas","2023",2.81
"JAM","Jamaica","Hydro","2023",0.12
"JAM","Jamaica","Nuclear","2023",0
"JAM","Jamaica","Other Fossil","2023",1.38
"JAM","Jamaica","Other Renewables","2023",0
"JAM","Jamaica","Solar","2023",0.13
"JAM","Jamaica","Wind","2023",0.27
"JAM","Jamaica","Bioenergy","2024",0.06
"JAM","Jamaica","Coal","2024",0
"JAM","Jamaica","Gas","2024",2.8
"JAM","Jamaica","Hydro","2024",0.12
"JAM","Jamaica","Nuclear","2024",0
"JAM","Jamaica","Other Fossil","2024",1.5
"JAM","Jamaica","Other Renewables","2024",0
"JAM","Jamaica","Solar","2024",0.15
"JAM","Jamaica","Wind","2024",0.29
"JPN","Japan","Bioenergy","2015",28.49
"JPN","Japan","Coal","2015",349.64
"JPN","Japan","Gas","2015",417.5
"JPN","Japan","Hydro","2015",85.77
"JPN","Japan","Nuclear","2015",4.52
"JPN","Japan","Other Fossil","2015",104.44
"JPN","Japan","Solar","2015",34.54
"JPN","Japan","Wind","2015",5.22
"JPN","Japan","Bioenergy","2016",23.67
"JPN","Japan","Coal","2016",338.59
"JPN","Japan","Gas","2016",458.43
"JPN","Japan","Hydro","2016",79.43
"JPN","Japan","Nuclear","2016",17.68
"JPN","Japan","Other Fossil","2016",97.23
"JPN","Japan","Solar","2016",43.33
"JPN","Japan","Wind","2016",5.34
"JPN","Japan","Bioenergy","2017",23.8
"JPN","Japan","Coal","2017",363.47
"JPN","Japan","Gas","2017",464.13
"JPN","Japan","Hydro","2017",79.24
"JPN","Japan","Nuclear","2017",29.07
"JPN","Japan","Other Fossil","2017",56.89
"JPN","Japan","Solar","2017",54.04
"JPN","Japan","Wind","2017",6.22
"JPN","Japan","Bioenergy","2018",25.75
"JPN","Japan","Coal","2018",360.66
"JPN","Japan","Gas","2018",445.61
"JPN","Japan","Hydro","2018",81
"JPN","Japan","Nuclear","2018",49.11
"JPN","Japan","Other Fossil","2018",52.21
"JPN","Japan","Solar","2018",61.22
"JPN","Japan","Wind","2018",7.37
"JPN","Japan","Bioenergy","2019",27.6
"JPN","Japan","Coal","2019",350.77
"JPN","Japan","Gas","2019",416.95
"JPN","Japan","Hydro","2019",73.92
"JPN","Japan","Nuclear","2019",65.64
"JPN","Japan","Other Fossil","2019",37.63
"JPN","Japan","Solar","2019",67.43
"JPN","Japan","Wind","2019",7.46
"JPN","Japan","Bioenergy","2020",30.37
"JPN","Japan","Coal","2020",340.25
"JPN","Japan","Gas","2020",409.44
"JPN","Japan","Hydro","2020",78.33
"JPN","Japan","Nuclear","2020",43
"JPN","Japan","Other Fossil","2020",25.31
"JPN","Japan","Solar","2020",75.92
"JPN","Japan","Wind","2020",8.41
"JPN","Japan","Bioenergy","2021",34.79
"JPN","Japan","Coal","2021",348.26
"JPN","Japan","Gas","2021",385.78
"JPN","Japan","Hydro","2021",79.63
"JPN","Japan","Nuclear","2021",61.22
"JPN","Japan","Other Fossil","2021",31.27
"JPN","Japan","Solar","2021",84.18
"JPN","Japan","Wind","2021",9.54
"JPN","Japan","Bioenergy","2022",37.83
"JPN","Japan","Coal","2022",350.99
"JPN","Japan","Gas","2022",378.84
"JPN","Japan","Hydro","2022",74.87
"JPN","Japan","Nuclear","2022",51.77
"JPN","Japan","Other Fossil","2022",45.78
"JPN","Japan","Solar","2022",91.07
"JPN","Japan","Wind","2022",9.42
"JPN","Japan","Bioenergy","2023",42.01
"JPN","Japan","Coal","2023",326.93
"JPN","Japan","Gas","2023",346.98
"JPN","Japan","Hydro","2023",74.53
"JPN","Japan","Nuclear","2023",77.46
"JPN","Japan","Other Fossil","2023",32.5
"JPN","Japan","Solar","2023",96.36
"JPN","Japan","Wind","2023",9.96
"JPN","Japan","Bioenergy","2024",45.42
"JPN","Japan","Coal","2024",327.13
"JPN","Japan","Gas","2024",346.24
"JPN","Japan","Hydro","2024",79.45
"JPN","Japan","Nuclear","2024",84.91
"JPN","Japan","Other Fossil","2024",25
"JPN","Japan","Solar","2024",96.7
"JPN","Japan","Wind","2024",11.54
"JPN","Japan","Bioenergy","2025",54.92
"JPN","Japan","Coal","2025",330.12
"JPN","Japan","Gas","2025",337.64
"JPN","Japan","Hydro","2025",73.9
"JPN","Japan","Nuclear","2025",94.09
"JPN","Japan","Other Fossil","2025",25.39
"JPN","Japan","Solar","2025",101.06
"JPN","Japan","Wind","2025",12.85
"JOR","Jordan","Bioenergy","2015",0.01
"JOR","Jordan","Coal","2015",0
"JOR","Jordan","Gas","2015",9.21
"JOR","Jordan","Hydro","2015",0.05
"JOR","Jordan","Nuclear","2015",0
"JOR","Jordan","Other Fossil","2015",9.62
"JOR","Jordan","Other Renewables","2015",0
"JOR","Jordan","Solar","2015",0.05
"JOR","Jordan","Wind","2015",0.12
"JOR","Jordan","Bioenergy","2016",0
"JOR","Jordan","Coal","2016",0
"JOR","Jordan","Gas","2016",16.64
"JOR","Jordan","Hydro","2016",0.04
"JOR","Jordan","Nuclear","2016",0
"JOR","Jordan","Other Fossil","2016",2.17
"JOR","Jordan","Other Renewables","2016",0
"JOR","Jordan","Solar","2016",0.43
"JOR","Jordan","Wind","2016",0.39
"JOR","Jordan","Bioenergy","2017",0
"JOR","Jordan","Coal","2017",0
"JOR","Jordan","Gas","2017",16.56
"JOR","Jordan","Hydro","2017",0.04
"JOR","Jordan","Nuclear","2017",0
"JOR","Jordan","Other Fossil","2017",2.82
"JOR","Jordan","Other Renewables","2017",0
"JOR","Jordan","Solar","2017",0.91
"JOR","Jordan","Wind","2017",0.45
"JOR","Jordan","Bioenergy","2018",0
"JOR","Jordan","Coal","2018",0
"JOR","Jordan","Gas","2018",16.95
"JOR","Jordan","Hydro","2018",0.02
"JOR","Jordan","Nuclear","2018",0
"JOR","Jordan","Other Fossil","2018",1.26
"JOR","Jordan","Other Renewables","2018",0
"JOR","Jordan","Solar","2018",1.43
"JOR","Jordan","Wind","2018",0.71
"JOR","Jordan","Bioenergy","2019",0
"JOR","Jordan","Coal","2019",0
"JOR","Jordan","Gas","2019",16.66
"JOR","Jordan","Hydro","2019",0.02
"JOR","Jordan","Nuclear","2019",0
"JOR","Jordan","Other Fossil","2019",0.91
"JOR","Jordan","Other Renewables","2019",0
"JOR","Jordan","Solar","2019",2.06
"JOR","Jordan","Wind","2019",0.88
"JOR","Jordan","Bioenergy","2020",0
"JOR","Jordan","Coal","2020",0
"JOR","Jordan","Gas","2020",15.95
"JOR","Jordan","Hydro","2020",0.02
"JOR","Jordan","Nuclear","2020",0
"JOR","Jordan","Other Fossil","2020",0.83
"JOR","Jordan","Other Renewables","2020",0
"JOR","Jordan","Solar","2020",2.52
"JOR","Jordan","Wind","2020",1.38
"JOR","Jordan","Bioenergy","2021",0
"JOR","Jordan","Coal","2021",0
"JOR","Jordan","Gas","2021",15.52
"JOR","Jordan","Hydro","2021",0.02
"JOR","Jordan","Nuclear","2021",0
"JOR","Jordan","Other Fossil","2021",0.93
"JOR","Jordan","Other Renewables","2021",0
"JOR","Jordan","Solar","2021",3.29
"JOR","Jordan","Wind","2021",1.6
"JOR","Jordan","Bioenergy","2022",0
"JOR","Jordan","Coal","2022",0
"JOR","Jordan","Gas","2022",16.49
"JOR","Jordan","Hydro","2022",0.02
"JOR","Jordan","Nuclear","2022",0
"JOR","Jordan","Other Fossil","2022",0.86
"JOR","Jordan","Other Renewables","2022",0
"JOR","Jordan","Solar","2022",3.45
"JOR","Jordan","Wind","2022",1.75
"JOR","Jordan","Bioenergy","2023",0
"JOR","Jordan","Coal","2023",0
"JOR","Jordan","Gas","2023",14.67
"JOR","Jordan","Hydro","2023",0.02
"JOR","Jordan","Nuclear","2023",0
"JOR","Jordan","Other Fossil","2023",3.88
"JOR","Jordan","Other Renewables","2023",0
"JOR","Jordan","Solar","2023",3.45
"JOR","Jordan","Wind","2023",1.75
"JOR","Jordan","Bioenergy","2024",0
"JOR","Jordan","Coal","2024",0
"JOR","Jordan","Gas","2024",14.67
"JOR","Jordan","Hydro","2024",0.02
"JOR","Jordan","Nuclear","2024",0
"JOR","Jordan","Other Fossil","2024",3.3
"JOR","Jordan","Other Renewables","2024",0
"JOR","Jordan","Solar","2024",3.93
"JOR","Jordan","Wind","2024",1.75
"KAZ","Kazakhstan","Bioenergy","2015",0
"KAZ","Kazakhstan","Coal","2015",64.73
"KAZ","Kazakhstan","Gas","2015",16.09
"KAZ","Kazakhstan","Hydro","2015",9.27
"KAZ","Kazakhstan","Other Fossil","2015",1.38
"KAZ","Kazakhstan","Solar","2015",0.05
"KAZ","Kazakhstan","Wind","2015",0.13
"KAZ","Kazakhstan","Bioenergy","2016",0
"KAZ","Kazakhstan","Coal","2016",63.15
"KAZ","Kazakhstan","Gas","2016",17.55
"KAZ","Kazakhstan","Hydro","2016",11.62
"KAZ","Kazakhstan","Other Fossil","2016",1.95
"KAZ","Kazakhstan","Solar","2016",0.09
"KAZ","Kazakhstan","Wind","2016",0.27
"KAZ","Kazakhstan","Bioenergy","2017",0
"KAZ","Kazakhstan","Coal","2017",70.53
"KAZ","Kazakhstan","Gas","2017",20.19
"KAZ","Kazakhstan","Hydro","2017",11.21
"KAZ","Kazakhstan","Other Fossil","2017",0.76
"KAZ","Kazakhstan","Solar","2017",0.09
"KAZ","Kazakhstan","Wind","2017",0.34
"KAZ","Kazakhstan","Bioenergy","2018",0
"KAZ","Kazakhstan","Coal","2018",75.72
"KAZ","Kazakhstan","Gas","2018",19.92
"KAZ","Kazakhstan","Hydro","2018",10.38
"KAZ","Kazakhstan","Other Fossil","2018",0.73
"KAZ","Kazakhstan","Solar","2018",0.14
"KAZ","Kazakhstan","Wind","2018",0.39
"KAZ","Kazakhstan","Bioenergy","2019",0
"KAZ","Kazakhstan","Coal","2019",74.93
"KAZ","Kazakhstan","Gas","2019",19.84
"KAZ","Kazakhstan","Hydro","2019",9.99
"KAZ","Kazakhstan","Other Fossil","2019",0.62
"KAZ","Kazakhstan","Solar","2019",0.39
"KAZ","Kazakhstan","Wind","2019",0.71
"KAZ","Kazakhstan","Bioenergy","2020",0.01
"KAZ","Kazakhstan","Coal","2020",73.55
"KAZ","Kazakhstan","Gas","2020",22.51
"KAZ","Kazakhstan","Hydro","2020",9.66
"KAZ","Kazakhstan","Other Fossil","2020",0.64
"KAZ","Kazakhstan","Solar","2020",1.24
"KAZ","Kazakhstan","Wind","2020",1.03
"KAZ","Kazakhstan","Bioenergy","2021",0
"KAZ","Kazakhstan","Coal","2021",73.8
"KAZ","Kazakhstan","Gas","2021",26.01
"KAZ","Kazakhstan","Hydro","2021",9.21
"KAZ","Kazakhstan","Other Fossil","2021",2.68
"KAZ","Kazakhstan","Solar","2021",1.63
"KAZ","Kazakhstan","Wind","2021",1.75
"KAZ","Kazakhstan","Bioenergy","2022",0
"KAZ","Kazakhstan","Coal","2022",70.52
"KAZ","Kazakhstan","Gas","2022",28.23
"KAZ","Kazakhstan","Hydro","2022",9.2
"KAZ","Kazakhstan","Other Fossil","2022",1.41
"KAZ","Kazakhstan","Solar","2022",1.77
"KAZ","Kazakhstan","Wind","2022",2.31
"KAZ","Kazakhstan","Bioenergy","2023",0.01
"KAZ","Kazakhstan","Coal","2023",65.25
"KAZ","Kazakhstan","Gas","2023",33.25
"KAZ","Kazakhstan","Hydro","2023",8.8
"KAZ","Kazakhstan","Other Fossil","2023",0.63
"KAZ","Kazakhstan","Solar","2023",1.87
"KAZ","Kazakhstan","Wind","2023",3.78
"KAZ","Kazakhstan","Bioenergy","2024",0
"KAZ","Kazakhstan","Coal","2024",64.03
"KAZ","Kazakhstan","Gas","2024",34.71
"KAZ","Kazakhstan","Hydro","2024",11.25
"KAZ","Kazakhstan","Other Fossil","2024",1.74
"KAZ","Kazakhstan","Solar","2024",1.87
"KAZ","Kazakhstan","Wind","2024",4.91
"KAZ","Kazakhstan","Bioenergy","2025",0
"KAZ","Kazakhstan","Coal","2025",67.12
"KAZ","Kazakhstan","Gas","2025",36.37
"KAZ","Kazakhstan","Hydro","2025",10.51
"KAZ","Kazakhstan","Other Fossil","2025",1.82
"KAZ","Kazakhstan","Solar","2025",2.04
"KAZ","Kazakhstan","Wind","2025",5.83
"KEN","Kenya","Bioenergy","2015",0.47
"KEN","Kenya","Coal","2015",0
"KEN","Kenya","Gas","2015",0
"KEN","Kenya","Hydro","2015",3.75
"KEN","Kenya","Nuclear","2015",0
"KEN","Kenya","Other Fossil","2015",1
"KEN","Kenya","Other Renewables","2015",4.48
"KEN","Kenya","Solar","2015",0.05
"KEN","Kenya","Wind","2015",0.06
"KEN","Kenya","Bioenergy","2016",0.52
"KEN","Kenya","Coal","2016",0
"KEN","Kenya","Gas","2016",0
"KEN","Kenya","Hydro","2016",3.31
"KEN","Kenya","Nuclear","2016",0
"KEN","Kenya","Other Fossil","2016",1.04
"KEN","Kenya","Other Renewables","2016",4.69
"KEN","Kenya","Solar","2016",0.06
"KEN","Kenya","Wind","2016",0.06
"KEN","Kenya","Bioenergy","2017",0.7
"KEN","Kenya","Coal","2017",0
"KEN","Kenya","Gas","2017",0
"KEN","Kenya","Hydro","2017",3.17
"KEN","Kenya","Nuclear","2017",0
"KEN","Kenya","Other Fossil","2017",2.07
"KEN","Kenya","Other Renewables","2017",4.76
"KEN","Kenya","Solar","2017",0.07
"KEN","Kenya","Wind","2017",0.06
"KEN","Kenya","Bioenergy","2018",0.16
"KEN","Kenya","Coal","2018",0
"KEN","Kenya","Gas","2018",0
"KEN","Kenya","Hydro","2018",3.99
"KEN","Kenya","Nuclear","2018",0
"KEN","Kenya","Other Fossil","2018",1.55
"KEN","Kenya","Other Renewables","2018",5.13
"KEN","Kenya","Solar","2018",0.09
"KEN","Kenya","Wind","2018",0.38
"KEN","Kenya","Bioenergy","2019",0.15
"KEN","Kenya","Coal","2019",0
"KEN","Kenya","Gas","2019",0
"KEN","Kenya","Hydro","2019",3.21
"KEN","Kenya","Nuclear","2019",0
"KEN","Kenya","Other Fossil","2019",1.31
"KEN","Kenya","Other Renewables","2019",5.24
"KEN","Kenya","Solar","2019",0.09
"KEN","Kenya","Wind","2019",1.56
"KEN","Kenya","Bioenergy","2020",0.22
"KEN","Kenya","Coal","2020",0
"KEN","Kenya","Gas","2020",0
"KEN","Kenya","Hydro","2020",4.23
"KEN","Kenya","Nuclear","2020",0
"KEN","Kenya","Other Fossil","2020",0.75
"KEN","Kenya","Other Renewables","2020",5.06
"KEN","Kenya","Solar","2020",0.09
"KEN","Kenya","Wind","2020",1.33
"KEN","Kenya","Bioenergy","2021",0.25
"KEN","Kenya","Coal","2021",0
"KEN","Kenya","Gas","2021",0
"KEN","Kenya","Hydro","2021",3.67
"KEN","Kenya","Nuclear","2021",0
"KEN","Kenya","Other Fossil","2021",1.26
"KEN","Kenya","Other Renewables","2021",5.04
"KEN","Kenya","Solar","2021",0.17
"KEN","Kenya","Wind","2021",1.99
"KEN","Kenya","Bioenergy","2022",0.26
"KEN","Kenya","Coal","2022",0
"KEN","Kenya","Gas","2022",0
"KEN","Kenya","Hydro","2022",3.04
"KEN","Kenya","Nuclear","2022",0
"KEN","Kenya","Other Fossil","2022",1.58
"KEN","Kenya","Other Renewables","2022",5.52
"KEN","Kenya","Solar","2022",0.42
"KEN","Kenya","Wind","2022",2.14
"KEN","Kenya","Bioenergy","2023",0.2
"KEN","Kenya","Coal","2023",0
"KEN","Kenya","Gas","2023",0
"KEN","Kenya","Hydro","2023",2.67
"KEN","Kenya","Nuclear","2023",0
"KEN","Kenya","Other Fossil","2023",1.31
"KEN","Kenya","Other Renewables","2023",6.03
"KEN","Kenya","Solar","2023",0.58
"KEN","Kenya","Wind","2023",2.01
"KEN","Kenya","Bioenergy","2024",0.2
"KEN","Kenya","Coal","2024",0
"KEN","Kenya","Gas","2024",0
"KEN","Kenya","Hydro","2024",3.1
"KEN","Kenya","Nuclear","2024",0
"KEN","Kenya","Other Fossil","2024",1.13
"KEN","Kenya","Other Renewables","2024",6
"KEN","Kenya","Solar","2024",0.66
"KEN","Kenya","Wind","2024",2.17
"KEN","Kenya","Bioenergy","2025",0.3
"KEN","Kenya","Coal","2025",0
"KEN","Kenya","Gas","2025",0
"KEN","Kenya","Hydro","2025",2.94
"KEN","Kenya","Nuclear","2025",0
"KEN","Kenya","Other Fossil","2025",1.4
"KEN","Kenya","Other Renewables","2025",6.45
"KEN","Kenya","Solar","2025",0.65
"KEN","Kenya","Wind","2025",2.3
"KIR","Kiribati","Bioenergy","2015",0
"KIR","Kiribati","Coal","2015",0
"KIR","Kiribati","Gas","2015",0
"KIR","Kiribati","Hydro","2015",0
"KIR","Kiribati","Nuclear","2015",0
"KIR","Kiribati","Other Fossil","2015",0.03
"KIR","Kiribati","Other Renewables","2015",0
"KIR","Kiribati","Solar","2015",0
"KIR","Kiribati","Wind","2015",0
"KIR","Kiribati","Bioenergy","2016",0
"KIR","Kiribati","Coal","2016",0
"KIR","Kiribati","Gas","2016",0
"KIR","Kiribati","Hydro","2016",0
"KIR","Kiribati","Nuclear","2016",0
"KIR","Kiribati","Other Fossil","2016",0.03
"KIR","Kiribati","Other Renewables","2016",0
"KIR","Kiribati","Solar","2016",0
"KIR","Kiribati","Wind","2016",0
"KIR","Kiribati","Bioenergy","2017",0
"KIR","Kiribati","Coal","2017",0
"KIR","Kiribati","Gas","2017",0
"KIR","Kiribati","Hydro","2017",0
"KIR","Kiribati","Nuclear","2017",0
"KIR","Kiribati","Other Fossil","2017",0.03
"KIR","Kiribati","Other Renewables","2017",0
"KIR","Kiribati","Solar","2017",0
"KIR","Kiribati","Wind","2017",0
"KIR","Kiribati","Bioenergy","2018",0
"KIR","Kiribati","Coal","2018",0
"KIR","Kiribati","Gas","2018",0
"KIR","Kiribati","Hydro","2018",0
"KIR","Kiribati","Nuclear","2018",0
"KIR","Kiribati","Other Fossil","2018",0.03
"KIR","Kiribati","Other Renewables","2018",0
"KIR","Kiribati","Solar","2018",0
"KIR","Kiribati","Wind","2018",0
"KIR","Kiribati","Bioenergy","2019",0
"KIR","Kiribati","Coal","2019",0
"KIR","Kiribati","Gas","2019",0
"KIR","Kiribati","Hydro","2019",0
"KIR","Kiribati","Nuclear","2019",0
"KIR","Kiribati","Other Fossil","2019",0.03
"KIR","Kiribati","Other Renewables","2019",0
"KIR","Kiribati","Solar","2019",0.01
"KIR","Kiribati","Wind","2019",0
"KIR","Kiribati","Bioenergy","2020",0
"KIR","Kiribati","Coal","2020",0
"KIR","Kiribati","Gas","2020",0
"KIR","Kiribati","Hydro","2020",0
"KIR","Kiribati","Nuclear","2020",0
"KIR","Kiribati","Other Fossil","2020",0.03
"KIR","Kiribati","Other Renewables","2020",0
"KIR","Kiribati","Solar","2020",0.01
"KIR","Kiribati","Wind","2020",0
"KIR","Kiribati","Bioenergy","2021",0
"KIR","Kiribati","Coal","2021",0
"KIR","Kiribati","Gas","2021",0
"KIR","Kiribati","Hydro","2021",0
"KIR","Kiribati","Nuclear","2021",0
"KIR","Kiribati","Other Fossil","2021",0.03
"KIR","Kiribati","Other Renewables","2021",0
"KIR","Kiribati","Solar","2021",0.01
"KIR","Kiribati","Wind","2021",0
"KIR","Kiribati","Bioenergy","2022",0
"KIR","Kiribati","Coal","2022",0
"KIR","Kiribati","Gas","2022",0
"KIR","Kiribati","Hydro","2022",0
"KIR","Kiribati","Nuclear","2022",0
"KIR","Kiribati","Other Fossil","2022",0.03
"KIR","Kiribati","Other Renewables","2022",0
"KIR","Kiribati","Solar","2022",0.01
"KIR","Kiribati","Wind","2022",0
"KIR","Kiribati","Bioenergy","2023",0
"KIR","Kiribati","Coal","2023",0
"KIR","Kiribati","Gas","2023",0
"KIR","Kiribati","Hydro","2023",0
"KIR","Kiribati","Nuclear","2023",0
"KIR","Kiribati","Other Fossil","2023",0.03
"KIR","Kiribati","Other Renewables","2023",0
"KIR","Kiribati","Solar","2023",0.01
"KIR","Kiribati","Wind","2023",0
"KIR","Kiribati","Bioenergy","2024",0
"KIR","Kiribati","Coal","2024",0
"KIR","Kiribati","Gas","2024",0
"KIR","Kiribati","Hydro","2024",0
"KIR","Kiribati","Nuclear","2024",0
"KIR","Kiribati","Other Fossil","2024",0.03
"KIR","Kiribati","Other Renewables","2024",0
"KIR","Kiribati","Solar","2024",0.01
"KIR","Kiribati","Wind","2024",0
"PRK","Korea (the Democratic People's Republic of)","Bioenergy","2015",0
"PRK","Korea (the Democratic People's Republic of)","Coal","2015",8.19
"PRK","Korea (the Democratic People's Republic of)","Gas","2015",0
"PRK","Korea (the Democratic People's Republic of)","Hydro","2015",9.9
"PRK","Korea (the Democratic People's Republic of)","Nuclear","2015",0
"PRK","Korea (the Democratic People's Republic of)","Other Fossil","2015",0.81
"PRK","Korea (the Democratic People's Republic of)","Other Renewables","2015",0
"PRK","Korea (the Democratic People's Republic of)","Solar","2015",0.03
"PRK","Korea (the Democratic People's Republic of)","Wind","2015",0
"PRK","Korea (the Democratic People's Republic of)","Bioenergy","2016",0
"PRK","Korea (the Democratic People's Republic of)","Coal","2016",10.16
"PRK","Korea (the Democratic People's Republic of)","Gas","2016",0
"PRK","Korea (the Democratic People's Republic of)","Hydro","2016",12.67
"PRK","Korea (the Democratic People's Republic of)","Nuclear","2016",0
"PRK","Korea (the Democratic People's Republic of)","Other Fossil","2016",0.94
"PRK","Korea (the Democratic People's Republic of)","Other Renewables","2016",0
"PRK","Korea (the Democratic People's Republic of)","Solar","2016",0.04
"PRK","Korea (the Democratic People's Republic of)","Wind","2016",0
"PRK","Korea (the Democratic People's Republic of)","Bioenergy","2017",0
"PRK","Korea (the Democratic People's Republic of)","Coal","2017",10.82
"PRK","Korea (the Democratic People's Republic of)","Gas","2017",0
"PRK","Korea (the Democratic People's Republic of)","Hydro","2017",11.78
"PRK","Korea (the Democratic People's Republic of)","Nuclear","2017",0
"PRK","Korea (the Democratic People's Republic of)","Other Fossil","2017",0.78
"PRK","Korea (the Democratic People's Republic of)","Other Renewables","2017",0
"PRK","Korea (the Democratic People's Republic of)","Solar","2017",0.05
"PRK","Korea (the Democratic People's Republic of)","Wind","2017",0
"PRK","Korea (the Democratic People's Republic of)","Bioenergy","2018",0
"PRK","Korea (the Democratic People's Republic of)","Coal","2018",11.33
"PRK","Korea (the Democratic People's Republic of)","Gas","2018",0
"PRK","Korea (the Democratic People's Republic of)","Hydro","2018",12.67
"PRK","Korea (the Democratic People's Republic of)","Nuclear","2018",0
"PRK","Korea (the Democratic People's Republic of)","Other Fossil","2018",0.77
"PRK","Korea (the Democratic People's Republic of)","Other Renewables","2018",0
"PRK","Korea (the Democratic People's Republic of)","Solar","2018",0.06
"PRK","Korea (the Democratic People's Republic of)","Wind","2018",0
"PRK","Korea (the Democratic People's Republic of)","Bioenergy","2019",0
"PRK","Korea (the Democratic People's Republic of)","Coal","2019",11.87
"PRK","Korea (the Democratic People's Republic of)","Gas","2019",0
"PRK","Korea (the Democratic People's Republic of)","Hydro","2019",11
"PRK","Korea (the Democratic People's Republic of)","Nuclear","2019",0
"PRK","Korea (the Democratic People's Republic of)","Other Fossil","2019",0.93
"PRK","Korea (the Democratic People's Republic of)","Other Renewables","2019",0
"PRK","Korea (the Democratic People's Republic of)","Solar","2019",0.08
"PRK","Korea (the Democratic People's Republic of)","Wind","2019",0
"PRK","Korea (the Democratic People's Republic of)","Bioenergy","2020",0
"PRK","Korea (the Democratic People's Republic of)","Coal","2020",10.35
"PRK","Korea (the Democratic People's Republic of)","Gas","2020",0
"PRK","Korea (the Democratic People's Republic of)","Hydro","2020",12.8
"PRK","Korea (the Democratic People's Republic of)","Nuclear","2020",0
"PRK","Korea (the Democratic People's Republic of)","Other Fossil","2020",0.85
"PRK","Korea (the Democratic People's Republic of)","Other Renewables","2020",0
"PRK","Korea (the Democratic People's Republic of)","Solar","2020",0.1
"PRK","Korea (the Democratic People's Republic of)","Wind","2020",0
"PRK","Korea (the Democratic People's Republic of)","Bioenergy","2021",0
"PRK","Korea (the Democratic People's Republic of)","Coal","2021",8.89
"PRK","Korea (the Democratic People's Republic of)","Gas","2021",0
"PRK","Korea (the Democratic People's Republic of)","Hydro","2021",16.1
"PRK","Korea (the Democratic People's Republic of)","Nuclear","2021",0
"PRK","Korea (the Democratic People's Republic of)","Other Fossil","2021",0.51
"PRK","Korea (the Democratic People's Republic of)","Other Renewables","2021",0
"PRK","Korea (the Democratic People's Republic of)","Solar","2021",0.13
"PRK","Korea (the Democratic People's Republic of)","Wind","2021",0
"PRK","Korea (the Democratic People's Republic of)","Bioenergy","2022",0
"PRK","Korea (the Democratic People's Republic of)","Coal","2022",9.23
"PRK","Korea (the Democratic People's Republic of)","Gas","2022",0
"PRK","Korea (the Democratic People's Republic of)","Hydro","2022",16.6
"PRK","Korea (the Democratic People's Republic of)","Nuclear","2022",0
"PRK","Korea (the Democratic People's Republic of)","Other Fossil","2022",0.57
"PRK","Korea (the Democratic People's Republic of)","Other Renewables","2022",0
"PRK","Korea (the Democratic People's Republic of)","Solar","2022",0.15
"PRK","Korea (the Democratic People's Republic of)","Wind","2022",0
"PRK","Korea (the Democratic People's Republic of)","Bioenergy","2023",0
"PRK","Korea (the Democratic People's Republic of)","Coal","2023",9.23
"PRK","Korea (the Democratic People's Republic of)","Gas","2023",0
"PRK","Korea (the Democratic People's Republic of)","Hydro","2023",16.6
"PRK","Korea (the Democratic People's Republic of)","Nuclear","2023",0
"PRK","Korea (the Democratic People's Republic of)","Other Fossil","2023",0.74
"PRK","Korea (the Democratic People's Republic of)","Other Renewables","2023",0
"PRK","Korea (the Democratic People's Republic of)","Solar","2023",0.15
"PRK","Korea (the Democratic People's Republic of)","Wind","2023",0
"PRK","Korea (the Democratic People's Republic of)","Bioenergy","2024",0
"PRK","Korea (the Democratic People's Republic of)","Coal","2024",9.23
"PRK","Korea (the Democratic People's Republic of)","Gas","2024",0
"PRK","Korea (the Democratic People's Republic of)","Hydro","2024",17
"PRK","Korea (the Democratic People's Republic of)","Nuclear","2024",0
"PRK","Korea (the Democratic People's Republic of)","Other Fossil","2024",0.7
"PRK","Korea (the Democratic People's Republic of)","Other Renewables","2024",0
"PRK","Korea (the Democratic People's Republic of)","Solar","2024",0.17
"PRK","Korea (the Democratic People's Republic of)","Wind","2024",0
"XKX","Kosovo","Bioenergy","2015",0
"XKX","Kosovo","Coal","2015",5.96
"XKX","Kosovo","Gas","2015",0
"XKX","Kosovo","Hydro","2015",0.14
"XKX","Kosovo","Nuclear","2015",0
"XKX","Kosovo","Other Fossil","2015",0.01
"XKX","Kosovo","Other Renewables","2015",0
"XKX","Kosovo","Solar","2015",0
"XKX","Kosovo","Wind","2015",0
"XKX","Kosovo","Bioenergy","2016",0
"XKX","Kosovo","Coal","2016",5.72
"XKX","Kosovo","Gas","2016",0
"XKX","Kosovo","Hydro","2016",0.25
"XKX","Kosovo","Nuclear","2016",0
"XKX","Kosovo","Other Fossil","2016",0.01
"XKX","Kosovo","Other Renewables","2016",0
"XKX","Kosovo","Solar","2016",0
"XKX","Kosovo","Wind","2016",0
"XKX","Kosovo","Bioenergy","2017",0
"XKX","Kosovo","Coal","2017",5.73
"XKX","Kosovo","Gas","2017",0
"XKX","Kosovo","Hydro","2017",0.18
"XKX","Kosovo","Nuclear","2017",0
"XKX","Kosovo","Other Fossil","2017",0.01
"XKX","Kosovo","Other Renewables","2017",0
"XKX","Kosovo","Solar","2017",0
"XKX","Kosovo","Wind","2017",0
"XKX","Kosovo","Bioenergy","2018",0
"XKX","Kosovo","Coal","2018",5.6
"XKX","Kosovo","Gas","2018",0
"XKX","Kosovo","Hydro","2018",0.27
"XKX","Kosovo","Nuclear","2018",0
"XKX","Kosovo","Other Fossil","2018",0.01
"XKX","Kosovo","Other Renewables","2018",0
"XKX","Kosovo","Solar","2018",0
"XKX","Kosovo","Wind","2018",0.03
"XKX","Kosovo","Bioenergy","2019",0
"XKX","Kosovo","Coal","2019",6.02
"XKX","Kosovo","Gas","2019",0
"XKX","Kosovo","Hydro","2019",0.21
"XKX","Kosovo","Nuclear","2019",0
"XKX","Kosovo","Other Fossil","2019",0.02
"XKX","Kosovo","Other Renewables","2019",0
"XKX","Kosovo","Solar","2019",0.01
"XKX","Kosovo","Wind","2019",0.09
"XKX","Kosovo","Bioenergy","2020",0
"XKX","Kosovo","Coal","2020",6.33
"XKX","Kosovo","Gas","2020",0
"XKX","Kosovo","Hydro","2020",0.26
"XKX","Kosovo","Nuclear","2020",0
"XKX","Kosovo","Other Fossil","2020",0.01
"XKX","Kosovo","Other Renewables","2020",0
"XKX","Kosovo","Solar","2020",0.01
"XKX","Kosovo","Wind","2020",0.09
"XKX","Kosovo","Bioenergy","2021",0
"XKX","Kosovo","Coal","2021",6.44
"XKX","Kosovo","Gas","2021",0
"XKX","Kosovo","Hydro","2021",0.3
"XKX","Kosovo","Nuclear","2021",0
"XKX","Kosovo","Other Fossil","2021",0.02
"XKX","Kosovo","Other Renewables","2021",0
"XKX","Kosovo","Solar","2021",0.02
"XKX","Kosovo","Wind","2021",0.13
"XKX","Kosovo","Bioenergy","2022",0
"XKX","Kosovo","Coal","2022",6.44
"XKX","Kosovo","Gas","2022",0
"XKX","Kosovo","Hydro","2022",0.3
"XKX","Kosovo","Nuclear","2022",0
"XKX","Kosovo","Other Fossil","2022",0.02
"XKX","Kosovo","Other Renewables","2022",0
"XKX","Kosovo","Solar","2022",0.02
"XKX","Kosovo","Wind","2022",0.13
"XKX","Kosovo","Bioenergy","2023",0
"XKX","Kosovo","Coal","2023",5.53
"XKX","Kosovo","Gas","2023",0
"XKX","Kosovo","Hydro","2023",0.39
"XKX","Kosovo","Nuclear","2023",0
"XKX","Kosovo","Other Fossil","2023",0.01
"XKX","Kosovo","Other Renewables","2023",0
"XKX","Kosovo","Solar","2023",0.01
"XKX","Kosovo","Wind","2023",0.4
"XKX","Kosovo","Bioenergy","2024",0
"XKX","Kosovo","Coal","2024",6.16
"XKX","Kosovo","Gas","2024",0
"XKX","Kosovo","Hydro","2024",0.21
"XKX","Kosovo","Nuclear","2024",0
"XKX","Kosovo","Other Fossil","2024",0.01
"XKX","Kosovo","Other Renewables","2024",0
"XKX","Kosovo","Solar","2024",0.01
"XKX","Kosovo","Wind","2024",0.36
"XKX","Kosovo","Bioenergy","2025",0
"XKX","Kosovo","Coal","2025",5.22
"XKX","Kosovo","Gas","2025",0
"XKX","Kosovo","Hydro","2025",0.24
"XKX","Kosovo","Nuclear","2025",0
"XKX","Kosovo","Other Fossil","2025",0.01
"XKX","Kosovo","Other Renewables","2025",0
"XKX","Kosovo","Solar","2025",0.01
"XKX","Kosovo","Wind","2025",0.39
"KWT","Kuwait","Bioenergy","2015",0
"KWT","Kuwait","Coal","2015",0
"KWT","Kuwait","Gas","2015",37.77
"KWT","Kuwait","Hydro","2015",0
"KWT","Kuwait","Nuclear","2015",0
"KWT","Kuwait","Other Fossil","2015",30.52
"KWT","Kuwait","Other Renewables","2015",0
"KWT","Kuwait","Solar","2015",0
"KWT","Kuwait","Wind","2015",0.01
"KWT","Kuwait","Bioenergy","2016",0
"KWT","Kuwait","Coal","2016",0
"KWT","Kuwait","Gas","2016",40.73
"KWT","Kuwait","Hydro","2016",0
"KWT","Kuwait","Nuclear","2016",0
"KWT","Kuwait","Other Fossil","2016",29.35
"KWT","Kuwait","Other Renewables","2016",0
"KWT","Kuwait","Solar","2016",0.01
"KWT","Kuwait","Wind","2016",0.01
"KWT","Kuwait","Bioenergy","2017",0
"KWT","Kuwait","Coal","2017",0
"KWT","Kuwait","Gas","2017",36.41
"KWT","Kuwait","Hydro","2017",0
"KWT","Kuwait","Nuclear","2017",0
"KWT","Kuwait","Other Fossil","2017",32.44
"KWT","Kuwait","Other Renewables","2017",0
"KWT","Kuwait","Solar","2017",0.01
"KWT","Kuwait","Wind","2017",0.03
"KWT","Kuwait","Bioenergy","2018",0
"KWT","Kuwait","Coal","2018",0
"KWT","Kuwait","Gas","2018",39.44
"KWT","Kuwait","Hydro","2018",0
"KWT","Kuwait","Nuclear","2018",0
"KWT","Kuwait","Other Fossil","2018",34.6
"KWT","Kuwait","Other Renewables","2018",0
"KWT","Kuwait","Solar","2018",0.05
"KWT","Kuwait","Wind","2018",0.04
"KWT","Kuwait","Bioenergy","2019",0
"KWT","Kuwait","Coal","2019",0
"KWT","Kuwait","Gas","2019",42.4
"KWT","Kuwait","Hydro","2019",0
"KWT","Kuwait","Nuclear","2019",0
"KWT","Kuwait","Other Fossil","2019",32.54
"KWT","Kuwait","Other Renewables","2019",0
"KWT","Kuwait","Solar","2019",0.06
"KWT","Kuwait","Wind","2019",0.04
"KWT","Kuwait","Bioenergy","2020",0
"KWT","Kuwait","Coal","2020",0
"KWT","Kuwait","Gas","2020",39.24
"KWT","Kuwait","Hydro","2020",0
"KWT","Kuwait","Nuclear","2020",0
"KWT","Kuwait","Other Fossil","2020",35.31
"KWT","Kuwait","Other Renewables","2020",0
"KWT","Kuwait","Solar","2020",0.06
"KWT","Kuwait","Wind","2020",0.03
"KWT","Kuwait","Bioenergy","2021",0
"KWT","Kuwait","Coal","2021",0
"KWT","Kuwait","Gas","2021",41.08
"KWT","Kuwait","Hydro","2021",0
"KWT","Kuwait","Nuclear","2021",0
"KWT","Kuwait","Other Fossil","2021",39.51
"KWT","Kuwait","Other Renewables","2021",0
"KWT","Kuwait","Solar","2021",0.14
"KWT","Kuwait","Wind","2021",0.07
"KWT","Kuwait","Bioenergy","2022",0
"KWT","Kuwait","Coal","2022",0
"KWT","Kuwait","Gas","2022",43.51
"KWT","Kuwait","Hydro","2022",0
"KWT","Kuwait","Nuclear","2022",0
"KWT","Kuwait","Other Fossil","2022",39.88
"KWT","Kuwait","Other Renewables","2022",0
"KWT","Kuwait","Solar","2022",0.18
"KWT","Kuwait","Wind","2022",1.72
"KWT","Kuwait","Bioenergy","2023",0
"KWT","Kuwait","Coal","2023",0
"KWT","Kuwait","Gas","2023",55.06
"KWT","Kuwait","Hydro","2023",0
"KWT","Kuwait","Nuclear","2023",0
"KWT","Kuwait","Other Fossil","2023",32.79
"KWT","Kuwait","Other Renewables","2023",0
"KWT","Kuwait","Solar","2023",0.19
"KWT","Kuwait","Wind","2023",1.72
"KWT","Kuwait","Bioenergy","2024",0
"KWT","Kuwait","Coal","2024",0
"KWT","Kuwait","Gas","2024",57.42
"KWT","Kuwait","Hydro","2024",0
"KWT","Kuwait","Nuclear","2024",0
"KWT","Kuwait","Other Fossil","2024",33
"KWT","Kuwait","Other Renewables","2024",0
"KWT","Kuwait","Solar","2024",0.21
"KWT","Kuwait","Wind","2024",1.86
"KWT","Kuwait","Bioenergy","2025",0
"KWT","Kuwait","Coal","2025",0
"KWT","Kuwait","Gas","2025",55.52
"KWT","Kuwait","Hydro","2025",0
"KWT","Kuwait","Nuclear","2025",0
"KWT","Kuwait","Other Fossil","2025",31.63
"KWT","Kuwait","Other Renewables","2025",0
"KWT","Kuwait","Solar","2025",0.21
"KWT","Kuwait","Wind","2025",1.86
"KGZ","Kyrgyzstan","Bioenergy","2015",0
"KGZ","Kyrgyzstan","Coal","2015",1.72
"KGZ","Kyrgyzstan","Gas","2015",0.17
"KGZ","Kyrgyzstan","Hydro","2015",10.99
"KGZ","Kyrgyzstan","Nuclear","2015",0
"KGZ","Kyrgyzstan","Other Fossil","2015",0.04
"KGZ","Kyrgyzstan","Other Renewables","2015",0
"KGZ","Kyrgyzstan","Solar","2015",0
"KGZ","Kyrgyzstan","Wind","2015",0
"KGZ","Kyrgyzstan","Bioenergy","2016",0
"KGZ","Kyrgyzstan","Coal","2016",1.56
"KGZ","Kyrgyzstan","Gas","2016",0.19
"KGZ","Kyrgyzstan","Hydro","2016",11.38
"KGZ","Kyrgyzstan","Nuclear","2016",0
"KGZ","Kyrgyzstan","Other Fossil","2016",0.02
"KGZ","Kyrgyzstan","Other Renewables","2016",0
"KGZ","Kyrgyzstan","Solar","2016",0
"KGZ","Kyrgyzstan","Wind","2016",0
"KGZ","Kyrgyzstan","Bioenergy","2017",0
"KGZ","Kyrgyzstan","Coal","2017",1.16
"KGZ","Kyrgyzstan","Gas","2017",0.12
"KGZ","Kyrgyzstan","Hydro","2017",14.06
"KGZ","Kyrgyzstan","Nuclear","2017",0
"KGZ","Kyrgyzstan","Other Fossil","2017",0.03
"KGZ","Kyrgyzstan","Other Renewables","2017",0
"KGZ","Kyrgyzstan","Solar","2017",0
"KGZ","Kyrgyzstan","Wind","2017",0
"KGZ","Kyrgyzstan","Bioenergy","2018",0
"KGZ","Kyrgyzstan","Coal","2018",1.09
"KGZ","Kyrgyzstan","Gas","2018",0.08
"KGZ","Kyrgyzstan","Hydro","2018",14.17
"KGZ","Kyrgyzstan","Nuclear","2018",0
"KGZ","Kyrgyzstan","Other Fossil","2018",0.09
"KGZ","Kyrgyzstan","Other Renewables","2018",0
"KGZ","Kyrgyzstan","Solar","2018",0
"KGZ","Kyrgyzstan","Wind","2018",0
"KGZ","Kyrgyzstan","Bioenergy","2019",0
"KGZ","Kyrgyzstan","Coal","2019",1.13
"KGZ","Kyrgyzstan","Gas","2019",0.09
"KGZ","Kyrgyzstan","Hydro","2019",13.71
"KGZ","Kyrgyzstan","Nuclear","2019",0
"KGZ","Kyrgyzstan","Other Fossil","2019",0.04
"KGZ","Kyrgyzstan","Other Renewables","2019",0
"KGZ","Kyrgyzstan","Solar","2019",0
"KGZ","Kyrgyzstan","Wind","2019",0
"KGZ","Kyrgyzstan","Bioenergy","2020",0
"KGZ","Kyrgyzstan","Coal","2020",1.29
"KGZ","Kyrgyzstan","Gas","2020",0.08
"KGZ","Kyrgyzstan","Hydro","2020",13.98
"KGZ","Kyrgyzstan","Nuclear","2020",0
"KGZ","Kyrgyzstan","Other Fossil","2020",0.05
"KGZ","Kyrgyzstan","Other Renewables","2020",0
"KGZ","Kyrgyzstan","Solar","2020",0
"KGZ","Kyrgyzstan","Wind","2020",0
"KGZ","Kyrgyzstan","Bioenergy","2021",0
"KGZ","Kyrgyzstan","Coal","2021",1.97
"KGZ","Kyrgyzstan","Gas","2021",0.17
"KGZ","Kyrgyzstan","Hydro","2021",12.96
"KGZ","Kyrgyzstan","Nuclear","2021",0
"KGZ","Kyrgyzstan","Other Fossil","2021",0.04
"KGZ","Kyrgyzstan","Other Renewables","2021",0
"KGZ","Kyrgyzstan","Solar","2021",0
"KGZ","Kyrgyzstan","Wind","2021",0
"KGZ","Kyrgyzstan","Bioenergy","2022",0
"KGZ","Kyrgyzstan","Coal","2022",1.76
"KGZ","Kyrgyzstan","Gas","2022",0.12
"KGZ","Kyrgyzstan","Hydro","2022",11.9
"KGZ","Kyrgyzstan","Nuclear","2022",0
"KGZ","Kyrgyzstan","Other Fossil","2022",0.04
"KGZ","Kyrgyzstan","Other Renewables","2022",0
"KGZ","Kyrgyzstan","Solar","2022",0
"KGZ","Kyrgyzstan","Wind","2022",0
"KGZ","Kyrgyzstan","Bioenergy","2023",0
"KGZ","Kyrgyzstan","Coal","2023",1.59
"KGZ","Kyrgyzstan","Gas","2023",0.2
"KGZ","Kyrgyzstan","Hydro","2023",11.76
"KGZ","Kyrgyzstan","Nuclear","2023",0
"KGZ","Kyrgyzstan","Other Fossil","2023",0.05
"KGZ","Kyrgyzstan","Other Renewables","2023",0
"KGZ","Kyrgyzstan","Solar","2023",0
"KGZ","Kyrgyzstan","Wind","2023",0
"KGZ","Kyrgyzstan","Bioenergy","2024",0
"KGZ","Kyrgyzstan","Coal","2024",1.53
"KGZ","Kyrgyzstan","Gas","2024",0.19
"KGZ","Kyrgyzstan","Hydro","2024",14
"KGZ","Kyrgyzstan","Nuclear","2024",0
"KGZ","Kyrgyzstan","Other Fossil","2024",0.05
"KGZ","Kyrgyzstan","Other Renewables","2024",0
"KGZ","Kyrgyzstan","Solar","2024",0
"KGZ","Kyrgyzstan","Wind","2024",0
"KGZ","Kyrgyzstan","Bioenergy","2025",0
"KGZ","Kyrgyzstan","Coal","2025",1.95
"KGZ","Kyrgyzstan","Gas","2025",0.28
"KGZ","Kyrgyzstan","Hydro","2025",13.37
"KGZ","Kyrgyzstan","Nuclear","2025",0
"KGZ","Kyrgyzstan","Other Fossil","2025",0.1
"KGZ","Kyrgyzstan","Other Renewables","2025",0
"KGZ","Kyrgyzstan","Solar","2025",0
"KGZ","Kyrgyzstan","Wind","2025",0
"LAO","Lao People's Democratic Republic (the)","Bioenergy","2015",0
"LAO","Lao People's Democratic Republic (the)","Coal","2015",2.26
"LAO","Lao People's Democratic Republic (the)","Gas","2015",0
"LAO","Lao People's Democratic Republic (the)","Hydro","2015",13.9
"LAO","Lao People's Democratic Republic (the)","Nuclear","2015",0
"LAO","Lao People's Democratic Republic (the)","Other Fossil","2015",0
"LAO","Lao People's Democratic Republic (the)","Other Renewables","2015",0
"LAO","Lao People's Democratic Republic (the)","Solar","2015",0
"LAO","Lao People's Democratic Republic (the)","Wind","2015",0
"LAO","Lao People's Democratic Republic (the)","Bioenergy","2016",0
"LAO","Lao People's Democratic Republic (the)","Coal","2016",7.96
"LAO","Lao People's Democratic Republic (the)","Gas","2016",0
"LAO","Lao People's Democratic Republic (the)","Hydro","2016",17.53
"LAO","Lao People's Democratic Republic (the)","Nuclear","2016",0
"LAO","Lao People's Democratic Republic (the)","Other Fossil","2016",0
"LAO","Lao People's Democratic Republic (the)","Other Renewables","2016",0
"LAO","Lao People's Democratic Republic (the)","Solar","2016",0
"LAO","Lao People's Democratic Republic (the)","Wind","2016",0
"LAO","Lao People's Democratic Republic (the)","Bioenergy","2017",0.03
"LAO","Lao People's Democratic Republic (the)","Coal","2017",10.93
"LAO","Lao People's Democratic Republic (the)","Gas","2017",0
"LAO","Lao People's Democratic Republic (the)","Hydro","2017",20.1
"LAO","Lao People's Democratic Republic (the)","Nuclear","2017",0
"LAO","Lao People's Democratic Republic (the)","Other Fossil","2017",0
"LAO","Lao People's Democratic Republic (the)","Other Renewables","2017",0
"LAO","Lao People's Democratic Republic (the)","Solar","2017",0.01
"LAO","Lao People's Democratic Republic (the)","Wind","2017",0
"LAO","Lao People's Democratic Republic (the)","Bioenergy","2018",0.05
"LAO","Lao People's Democratic Republic (the)","Coal","2018",12.02
"LAO","Lao People's Democratic Republic (the)","Gas","2018",0
"LAO","Lao People's Democratic Republic (the)","Hydro","2018",22.33
"LAO","Lao People's Democratic Republic (the)","Nuclear","2018",0
"LAO","Lao People's Democratic Republic (the)","Other Fossil","2018",0
"LAO","Lao People's Democratic Republic (the)","Other Renewables","2018",0
"LAO","Lao People's Democratic Republic (the)","Solar","2018",0.02
"LAO","Lao People's Democratic Republic (the)","Wind","2018",0
"LAO","Lao People's Democratic Republic (the)","Bioenergy","2019",0.05
"LAO","Lao People's Democratic Republic (the)","Coal","2019",11.41
"LAO","Lao People's Democratic Republic (the)","Gas","2019",0
"LAO","Lao People's Democratic Republic (the)","Hydro","2019",19.74
"LAO","Lao People's Democratic Republic (the)","Nuclear","2019",0
"LAO","Lao People's Democratic Republic (the)","Other Fossil","2019",0
"LAO","Lao People's Democratic Republic (the)","Other Renewables","2019",0
"LAO","Lao People's Democratic Republic (the)","Solar","2019",0.04
"LAO","Lao People's Democratic Republic (the)","Wind","2019",0
"LAO","Lao People's Democratic Republic (the)","Bioenergy","2020",0.06
"LAO","Lao People's Democratic Republic (the)","Coal","2020",11.35
"LAO","Lao People's Democratic Republic (the)","Gas","2020",0
"LAO","Lao People's Democratic Republic (the)","Hydro","2020",28.51
"LAO","Lao People's Democratic Republic (the)","Nuclear","2020",0
"LAO","Lao People's Democratic Republic (the)","Other Fossil","2020",0
"LAO","Lao People's Democratic Republic (the)","Other Renewables","2020",0
"LAO","Lao People's Democratic Republic (the)","Solar","2020",0.04
"LAO","Lao People's Democratic Republic (the)","Wind","2020",0
"LAO","Lao People's Democratic Republic (the)","Bioenergy","2021",0.05
"LAO","Lao People's Democratic Republic (the)","Coal","2021",11.88
"LAO","Lao People's Democratic Republic (the)","Gas","2021",0
"LAO","Lao People's Democratic Republic (the)","Hydro","2021",32.9
"LAO","Lao People's Democratic Republic (the)","Nuclear","2021",0
"LAO","Lao People's Democratic Republic (the)","Other Fossil","2021",0
"LAO","Lao People's Democratic Republic (the)","Other Renewables","2021",0
"LAO","Lao People's Democratic Republic (the)","Solar","2021",0.07
"LAO","Lao People's Democratic Republic (the)","Wind","2021",0
"LAO","Lao People's Democratic Republic (the)","Bioenergy","2022",0.04
"LAO","Lao People's Democratic Republic (the)","Coal","2022",12.18
"LAO","Lao People's Democratic Republic (the)","Gas","2022",0
"LAO","Lao People's Democratic Republic (the)","Hydro","2022",38.74
"LAO","Lao People's Democratic Republic (the)","Nuclear","2022",0
"LAO","Lao People's Democratic Republic (the)","Other Fossil","2022",0
"LAO","Lao People's Democratic Republic (the)","Other Renewables","2022",0
"LAO","Lao People's Democratic Republic (the)","Solar","2022",0.08
"LAO","Lao People's Democratic Republic (the)","Wind","2022",0
"LAO","Lao People's Democratic Republic (the)","Bioenergy","2023",0.04
"LAO","Lao People's Democratic Republic (the)","Coal","2023",12.18
"LAO","Lao People's Democratic Republic (the)","Gas","2023",0
"LAO","Lao People's Democratic Republic (the)","Hydro","2023",40
"LAO","Lao People's Democratic Republic (the)","Nuclear","2023",0
"LAO","Lao People's Democratic Republic (the)","Other Fossil","2023",0
"LAO","Lao People's Democratic Republic (the)","Other Renewables","2023",0
"LAO","Lao People's Democratic Republic (the)","Solar","2023",0.08
"LAO","Lao People's Democratic Republic (the)","Wind","2023",0
"LAO","Lao People's Democratic Republic (the)","Bioenergy","2024",0.04
"LAO","Lao People's Democratic Republic (the)","Coal","2024",12.18
"LAO","Lao People's Democratic Republic (the)","Gas","2024",0
"LAO","Lao People's Democratic Republic (the)","Hydro","2024",40
"LAO","Lao People's Democratic Republic (the)","Nuclear","2024",0
"LAO","Lao People's Democratic Republic (the)","Other Fossil","2024",0
"LAO","Lao People's Democratic Republic (the)","Other Renewables","2024",0
"LAO","Lao People's Democratic Republic (the)","Solar","2024",0.09
"LAO","Lao People's Democratic Republic (the)","Wind","2024",0
"LVA","Latvia","Bioenergy","2015",0.77
"LVA","Latvia","Coal","2015",0
"LVA","Latvia","Gas","2015",2.76
"LVA","Latvia","Hydro","2015",1.86
"LVA","Latvia","Nuclear","2015",0
"LVA","Latvia","Other Fossil","2015",0
"LVA","Latvia","Other Renewables","2015",0
"LVA","Latvia","Solar","2015",0
"LVA","Latvia","Wind","2015",0.15
"LVA","Latvia","Bioenergy","2016",0.82
"LVA","Latvia","Coal","2016",0
"LVA","Latvia","Gas","2016",2.94
"LVA","Latvia","Hydro","2016",2.53
"LVA","Latvia","Nuclear","2016",0
"LVA","Latvia","Other Fossil","2016",0
"LVA","Latvia","Other Renewables","2016",0
"LVA","Latvia","Solar","2016",0
"LVA","Latvia","Wind","2016",0.13
"LVA","Latvia","Bioenergy","2017",0.93
"LVA","Latvia","Coal","2017",0
"LVA","Latvia","Gas","2017",2.07
"LVA","Latvia","Hydro","2017",4.38
"LVA","Latvia","Nuclear","2017",0
"LVA","Latvia","Other Fossil","2017",0
"LVA","Latvia","Other Renewables","2017",0
"LVA","Latvia","Solar","2017",0
"LVA","Latvia","Wind","2017",0.15
"LVA","Latvia","Bioenergy","2018",0.94
"LVA","Latvia","Coal","2018",0
"LVA","Latvia","Gas","2018",3.22
"LVA","Latvia","Hydro","2018",2.43
"LVA","Latvia","Nuclear","2018",0
"LVA","Latvia","Other Fossil","2018",0.01
"LVA","Latvia","Other Renewables","2018",0
"LVA","Latvia","Solar","2018",0
"LVA","Latvia","Wind","2018",0.12
"LVA","Latvia","Bioenergy","2019",0.93
"LVA","Latvia","Coal","2019",0
"LVA","Latvia","Gas","2019",3.25
"LVA","Latvia","Hydro","2019",2.11
"LVA","Latvia","Nuclear","2019",0
"LVA","Latvia","Other Fossil","2019",0
"LVA","Latvia","Other Renewables","2019",0
"LVA","Latvia","Solar","2019",0
"LVA","Latvia","Wind","2019",0.15
"LVA","Latvia","Bioenergy","2020",0.86
"LVA","Latvia","Coal","2020",0
"LVA","Latvia","Gas","2020",2.08
"LVA","Latvia","Hydro","2020",2.6
"LVA","Latvia","Nuclear","2020",0
"LVA","Latvia","Other Fossil","2020",0
"LVA","Latvia","Other Renewables","2020",0
"LVA","Latvia","Solar","2020",0
"LVA","Latvia","Wind","2020",0.18
"LVA","Latvia","Bioenergy","2021",0.86
"LVA","Latvia","Coal","2021",0
"LVA","Latvia","Gas","2021",2.13
"LVA","Latvia","Hydro","2021",2.71
"LVA","Latvia","Nuclear","2021",0
"LVA","Latvia","Other Fossil","2021",0
"LVA","Latvia","Other Renewables","2021",0
"LVA","Latvia","Solar","2021",0.01
"LVA","Latvia","Wind","2021",0.14
"LVA","Latvia","Bioenergy","2022",0.8
"LVA","Latvia","Coal","2022",0
"LVA","Latvia","Gas","2022",1.21
"LVA","Latvia","Hydro","2022",2.75
"LVA","Latvia","Nuclear","2022",0
"LVA","Latvia","Other Fossil","2022",0
"LVA","Latvia","Other Renewables","2022",0
"LVA","Latvia","Solar","2022",0.08
"LVA","Latvia","Wind","2022",0.19
"LVA","Latvia","Bioenergy","2023",0.66
"LVA","Latvia","Coal","2023",0
"LVA","Latvia","Gas","2023",1.42
"LVA","Latvia","Hydro","2023",3.79
"LVA","Latvia","Nuclear","2023",0
"LVA","Latvia","Other Fossil","2023",0
"LVA","Latvia","Other Renewables","2023",0
"LVA","Latvia","Solar","2023",0.24
"LVA","Latvia","Wind","2023",0.27
"LVA","Latvia","Bioenergy","2024",0.62
"LVA","Latvia","Coal","2024",0
"LVA","Latvia","Gas","2024",1.68
"LVA","Latvia","Hydro","2024",3.21
"LVA","Latvia","Nuclear","2024",0
"LVA","Latvia","Other Fossil","2024",0
"LVA","Latvia","Other Renewables","2024",0
"LVA","Latvia","Solar","2024",0.54
"LVA","Latvia","Wind","2024",0.28
"LVA","Latvia","Bioenergy","2025",0.66
"LVA","Latvia","Coal","2025",0
"LVA","Latvia","Gas","2025",1.65
"LVA","Latvia","Hydro","2025",2.97
"LVA","Latvia","Nuclear","2025",0
"LVA","Latvia","Other Fossil","2025",0
"LVA","Latvia","Other Renewables","2025",0
"LVA","Latvia","Solar","2025",0.82
"LVA","Latvia","Wind","2025",0.23
"LBN","Lebanon","Bioenergy","2015",0
"LBN","Lebanon","Coal","2015",0
"LBN","Lebanon","Gas","2015",0
"LBN","Lebanon","Hydro","2015",0.47
"LBN","Lebanon","Nuclear","2015",0
"LBN","Lebanon","Other Fossil","2015",18.14
"LBN","Lebanon","Other Renewables","2015",0
"LBN","Lebanon","Solar","2015",0.02
"LBN","Lebanon","Wind","2015",0.01
"LBN","Lebanon","Bioenergy","2016",0
"LBN","Lebanon","Coal","2016",0
"LBN","Lebanon","Gas","2016",0
"LBN","Lebanon","Hydro","2016",0.38
"LBN","Lebanon","Nuclear","2016",0
"LBN","Lebanon","Other Fossil","2016",18.98
"LBN","Lebanon","Other Renewables","2016",0
"LBN","Lebanon","Solar","2016",0.04
"LBN","Lebanon","Wind","2016",0.01
"LBN","Lebanon","Bioenergy","2017",0
"LBN","Lebanon","Coal","2017",0
"LBN","Lebanon","Gas","2017",0
"LBN","Lebanon","Hydro","2017",0.41
"LBN","Lebanon","Nuclear","2017",0
"LBN","Lebanon","Other Fossil","2017",20.77
"LBN","Lebanon","Other Renewables","2017",0
"LBN","Lebanon","Solar","2017",0.06
"LBN","Lebanon","Wind","2017",0.01
"LBN","Lebanon","Bioenergy","2018",0.03
"LBN","Lebanon","Coal","2018",0
"LBN","Lebanon","Gas","2018",0
"LBN","Lebanon","Hydro","2018",0.34
"LBN","Lebanon","Nuclear","2018",0
"LBN","Lebanon","Other Fossil","2018",20.81
"LBN","Lebanon","Other Renewables","2018",0
"LBN","Lebanon","Solar","2018",0.09
"LBN","Lebanon","Wind","2018",0.01
"LBN","Lebanon","Bioenergy","2019",0.03
"LBN","Lebanon","Coal","2019",0
"LBN","Lebanon","Gas","2019",0
"LBN","Lebanon","Hydro","2019",0.96
"LBN","Lebanon","Nuclear","2019",0
"LBN","Lebanon","Other Fossil","2019",20.47
"LBN","Lebanon","Other Renewables","2019",0
"LBN","Lebanon","Solar","2019",0.12
"LBN","Lebanon","Wind","2019",0.01
"LBN","Lebanon","Bioenergy","2020",0.03
"LBN","Lebanon","Coal","2020",0
"LBN","Lebanon","Gas","2020",0
"LBN","Lebanon","Hydro","2020",1.05
"LBN","Lebanon","Nuclear","2020",0
"LBN","Lebanon","Other Fossil","2020",17.02
"LBN","Lebanon","Other Renewables","2020",0
"LBN","Lebanon","Solar","2020",0.14
"LBN","Lebanon","Wind","2020",0.01
"LBN","Lebanon","Bioenergy","2021",0.03
"LBN","Lebanon","Coal","2021",0
"LBN","Lebanon","Gas","2021",0
"LBN","Lebanon","Hydro","2021",0.61
"LBN","Lebanon","Nuclear","2021",0
"LBN","Lebanon","Other Fossil","2021",9.38
"LBN","Lebanon","Other Renewables","2021",0
"LBN","Lebanon","Solar","2021",0.31
"LBN","Lebanon","Wind","2021",0.01
"LBN","Lebanon","Bioenergy","2022",0.03
"LBN","Lebanon","Coal","2022",0
"LBN","Lebanon","Gas","2022",0
"LBN","Lebanon","Hydro","2022",0.69
"LBN","Lebanon","Nuclear","2022",0
"LBN","Lebanon","Other Fossil","2022",2.38
"LBN","Lebanon","Other Renewables","2022",0
"LBN","Lebanon","Solar","2022",1.26
"LBN","Lebanon","Wind","2022",0.01
"LBN","Lebanon","Bioenergy","2023",0.03
"LBN","Lebanon","Coal","2023",0
"LBN","Lebanon","Gas","2023",0
"LBN","Lebanon","Hydro","2023",0.7
"LBN","Lebanon","Nuclear","2023",0
"LBN","Lebanon","Other Fossil","2023",4.14
"LBN","Lebanon","Other Renewables","2023",0
"LBN","Lebanon","Solar","2023",1.4
"LBN","Lebanon","Wind","2023",0.01
"LBN","Lebanon","Bioenergy","2024",0.03
"LBN","Lebanon","Coal","2024",0
"LBN","Lebanon","Gas","2024",0
"LBN","Lebanon","Hydro","2024",0.7
"LBN","Lebanon","Nuclear","2024",0
"LBN","Lebanon","Other Fossil","2024",3
"LBN","Lebanon","Other Renewables","2024",0
"LBN","Lebanon","Solar","2024",1.6
"LBN","Lebanon","Wind","2024",0.01
"LSO","Lesotho","Bioenergy","2015",0
"LSO","Lesotho","Coal","2015",0
"LSO","Lesotho","Gas","2015",0
"LSO","Lesotho","Hydro","2015",0.53
"LSO","Lesotho","Nuclear","2015",0
"LSO","Lesotho","Other Fossil","2015",0
"LSO","Lesotho","Other Renewables","2015",0
"LSO","Lesotho","Solar","2015",0
"LSO","Lesotho","Wind","2015",0
"LSO","Lesotho","Bioenergy","2016",0
"LSO","Lesotho","Coal","2016",0
"LSO","Lesotho","Gas","2016",0
"LSO","Lesotho","Hydro","2016",0.52
"LSO","Lesotho","Nuclear","2016",0
"LSO","Lesotho","Other Fossil","2016",0
"LSO","Lesotho","Other Renewables","2016",0
"LSO","Lesotho","Solar","2016",0
"LSO","Lesotho","Wind","2016",0
"LSO","Lesotho","Bioenergy","2017",0
"LSO","Lesotho","Coal","2017",0
"LSO","Lesotho","Gas","2017",0
"LSO","Lesotho","Hydro","2017",0.54
"LSO","Lesotho","Nuclear","2017",0
"LSO","Lesotho","Other Fossil","2017",0
"LSO","Lesotho","Other Renewables","2017",0
"LSO","Lesotho","Solar","2017",0
"LSO","Lesotho","Wind","2017",0
"LSO","Lesotho","Bioenergy","2018",0
"LSO","Lesotho","Coal","2018",0
"LSO","Lesotho","Gas","2018",0
"LSO","Lesotho","Hydro","2018",0.52
"LSO","Lesotho","Nuclear","2018",0
"LSO","Lesotho","Other Fossil","2018",0
"LSO","Lesotho","Other Renewables","2018",0
"LSO","Lesotho","Solar","2018",0
"LSO","Lesotho","Wind","2018",0
"LSO","Lesotho","Bioenergy","2019",0
"LSO","Lesotho","Coal","2019",0
"LSO","Lesotho","Gas","2019",0
"LSO","Lesotho","Hydro","2019",0.39
"LSO","Lesotho","Nuclear","2019",0
"LSO","Lesotho","Other Fossil","2019",0
"LSO","Lesotho","Other Renewables","2019",0
"LSO","Lesotho","Solar","2019",0
"LSO","Lesotho","Wind","2019",0
"LSO","Lesotho","Bioenergy","2020",0
"LSO","Lesotho","Coal","2020",0
"LSO","Lesotho","Gas","2020",0
"LSO","Lesotho","Hydro","2020",0.43
"LSO","Lesotho","Nuclear","2020",0
"LSO","Lesotho","Other Fossil","2020",0
"LSO","Lesotho","Other Renewables","2020",0
"LSO","Lesotho","Solar","2020",0
"LSO","Lesotho","Wind","2020",0
"LSO","Lesotho","Bioenergy","2021",0
"LSO","Lesotho","Coal","2021",0
"LSO","Lesotho","Gas","2021",0
"LSO","Lesotho","Hydro","2021",0.53
"LSO","Lesotho","Nuclear","2021",0
"LSO","Lesotho","Other Fossil","2021",0
"LSO","Lesotho","Other Renewables","2021",0
"LSO","Lesotho","Solar","2021",0
"LSO","Lesotho","Wind","2021",0
"LSO","Lesotho","Bioenergy","2022",0
"LSO","Lesotho","Coal","2022",0
"LSO","Lesotho","Gas","2022",0
"LSO","Lesotho","Hydro","2022",0.48
"LSO","Lesotho","Nuclear","2022",0
"LSO","Lesotho","Other Fossil","2022",0
"LSO","Lesotho","Other Renewables","2022",0
"LSO","Lesotho","Solar","2022",0
"LSO","Lesotho","Wind","2022",0
"LSO","Lesotho","Bioenergy","2023",0
"LSO","Lesotho","Coal","2023",0
"LSO","Lesotho","Gas","2023",0
"LSO","Lesotho","Hydro","2023",0
"LSO","Lesotho","Nuclear","2023",0
"LSO","Lesotho","Other Fossil","2023",0
"LSO","Lesotho","Other Renewables","2023",0
"LSO","Lesotho","Solar","2023",0
"LSO","Lesotho","Wind","2023",0
"LSO","Lesotho","Bioenergy","2024",0
"LSO","Lesotho","Coal","2024",0
"LSO","Lesotho","Gas","2024",0
"LSO","Lesotho","Hydro","2024",0
"LSO","Lesotho","Nuclear","2024",0
"LSO","Lesotho","Other Fossil","2024",0
"LSO","Lesotho","Other Renewables","2024",0
"LSO","Lesotho","Solar","2024",0
"LSO","Lesotho","Wind","2024",0
"LBR","Liberia","Bioenergy","2015",0
"LBR","Liberia","Coal","2015",0
"LBR","Liberia","Gas","2015",0
"LBR","Liberia","Hydro","2015",0
"LBR","Liberia","Nuclear","2015",0
"LBR","Liberia","Other Fossil","2015",0.31
"LBR","Liberia","Other Renewables","2015",0
"LBR","Liberia","Solar","2015",0
"LBR","Liberia","Wind","2015",0
"LBR","Liberia","Bioenergy","2016",0
"LBR","Liberia","Coal","2016",0
"LBR","Liberia","Gas","2016",0
"LBR","Liberia","Hydro","2016",0
"LBR","Liberia","Nuclear","2016",0
"LBR","Liberia","Other Fossil","2016",0.3
"LBR","Liberia","Other Renewables","2016",0
"LBR","Liberia","Solar","2016",0
"LBR","Liberia","Wind","2016",0
"LBR","Liberia","Bioenergy","2017",0
"LBR","Liberia","Coal","2017",0
"LBR","Liberia","Gas","2017",0
"LBR","Liberia","Hydro","2017",0
"LBR","Liberia","Nuclear","2017",0
"LBR","Liberia","Other Fossil","2017",0.35
"LBR","Liberia","Other Renewables","2017",0
"LBR","Liberia","Solar","2017",0
"LBR","Liberia","Wind","2017",0
"LBR","Liberia","Bioenergy","2018",0
"LBR","Liberia","Coal","2018",0
"LBR","Liberia","Gas","2018",0
"LBR","Liberia","Hydro","2018",0.13
"LBR","Liberia","Nuclear","2018",0
"LBR","Liberia","Other Fossil","2018",0.28
"LBR","Liberia","Other Renewables","2018",0
"LBR","Liberia","Solar","2018",0
"LBR","Liberia","Wind","2018",0
"LBR","Liberia","Bioenergy","2019",0
"LBR","Liberia","Coal","2019",0
"LBR","Liberia","Gas","2019",0
"LBR","Liberia","Hydro","2019",0.13
"LBR","Liberia","Nuclear","2019",0
"LBR","Liberia","Other Fossil","2019",0.29
"LBR","Liberia","Other Renewables","2019",0
"LBR","Liberia","Solar","2019",0
"LBR","Liberia","Wind","2019",0
"LBR","Liberia","Bioenergy","2020",0
"LBR","Liberia","Coal","2020",0
"LBR","Liberia","Gas","2020",0
"LBR","Liberia","Hydro","2020",0.13
"LBR","Liberia","Nuclear","2020",0
"LBR","Liberia","Other Fossil","2020",0.32
"LBR","Liberia","Other Renewables","2020",0
"LBR","Liberia","Solar","2020",0
"LBR","Liberia","Wind","2020",0
"LBR","Liberia","Bioenergy","2021",0
"LBR","Liberia","Coal","2021",0
"LBR","Liberia","Gas","2021",0
"LBR","Liberia","Hydro","2021",0.13
"LBR","Liberia","Nuclear","2021",0
"LBR","Liberia","Other Fossil","2021",0.25
"LBR","Liberia","Other Renewables","2021",0
"LBR","Liberia","Solar","2021",0
"LBR","Liberia","Wind","2021",0
"LBR","Liberia","Bioenergy","2022",0
"LBR","Liberia","Coal","2022",0
"LBR","Liberia","Gas","2022",0
"LBR","Liberia","Hydro","2022",0.13
"LBR","Liberia","Nuclear","2022",0
"LBR","Liberia","Other Fossil","2022",0.26
"LBR","Liberia","Other Renewables","2022",0
"LBR","Liberia","Solar","2022",0
"LBR","Liberia","Wind","2022",0
"LBR","Liberia","Bioenergy","2023",0
"LBR","Liberia","Coal","2023",0
"LBR","Liberia","Gas","2023",0
"LBR","Liberia","Hydro","2023",0.35
"LBR","Liberia","Nuclear","2023",0
"LBR","Liberia","Other Fossil","2023",0.26
"LBR","Liberia","Other Renewables","2023",0
"LBR","Liberia","Solar","2023",0
"LBR","Liberia","Wind","2023",0
"LBR","Liberia","Bioenergy","2024",0
"LBR","Liberia","Coal","2024",0
"LBR","Liberia","Gas","2024",0
"LBR","Liberia","Hydro","2024",0.3
"LBR","Liberia","Nuclear","2024",0
"LBR","Liberia","Other Fossil","2024",0.26
"LBR","Liberia","Other Renewables","2024",0
"LBR","Liberia","Solar","2024",0.01
"LBR","Liberia","Wind","2024",0
"LBY","Libya","Bioenergy","2015",0
"LBY","Libya","Coal","2015",0
"LBY","Libya","Gas","2015",20.26
"LBY","Libya","Hydro","2015",0
"LBY","Libya","Nuclear","2015",0
"LBY","Libya","Other Fossil","2015",17.24
"LBY","Libya","Other Renewables","2015",0
"LBY","Libya","Solar","2015",0.01
"LBY","Libya","Wind","2015",0
"LBY","Libya","Bioenergy","2016",0
"LBY","Libya","Coal","2016",0
"LBY","Libya","Gas","2016",22.8
"LBY","Libya","Hydro","2016",0
"LBY","Libya","Nuclear","2016",0
"LBY","Libya","Other Fossil","2016",8.61
"LBY","Libya","Other Renewables","2016",0
"LBY","Libya","Solar","2016",0.01
"LBY","Libya","Wind","2016",0
"LBY","Libya","Bioenergy","2017",0
"LBY","Libya","Coal","2017",0
"LBY","Libya","Gas","2017",22.83
"LBY","Libya","Hydro","2017",0
"LBY","Libya","Nuclear","2017",0
"LBY","Libya","Other Fossil","2017",10.44
"LBY","Libya","Other Renewables","2017",0
"LBY","Libya","Solar","2017",0.01
"LBY","Libya","Wind","2017",0
"LBY","Libya","Bioenergy","2018",0
"LBY","Libya","Coal","2018",0
"LBY","Libya","Gas","2018",22.41
"LBY","Libya","Hydro","2018",0
"LBY","Libya","Nuclear","2018",0
"LBY","Libya","Other Fossil","2018",11.76
"LBY","Libya","Other Renewables","2018",0
"LBY","Libya","Solar","2018",0.01
"LBY","Libya","Wind","2018",0
"LBY","Libya","Bioenergy","2019",0
"LBY","Libya","Coal","2019",0
"LBY","Libya","Gas","2019",23.25
"LBY","Libya","Hydro","2019",0
"LBY","Libya","Nuclear","2019",0
"LBY","Libya","Other Fossil","2019",11.37
"LBY","Libya","Other Renewables","2019",0
"LBY","Libya","Solar","2019",0.01
"LBY","Libya","Wind","2019",0
"LBY","Libya","Bioenergy","2020",0
"LBY","Libya","Coal","2020",0
"LBY","Libya","Gas","2020",21.63
"LBY","Libya","Hydro","2020",0
"LBY","Libya","Nuclear","2020",0
"LBY","Libya","Other Fossil","2020",7.86
"LBY","Libya","Other Renewables","2020",0
"LBY","Libya","Solar","2020",0.01
"LBY","Libya","Wind","2020",0
"LBY","Libya","Bioenergy","2021",0
"LBY","Libya","Coal","2021",0
"LBY","Libya","Gas","2021",26.61
"LBY","Libya","Hydro","2021",0
"LBY","Libya","Nuclear","2021",0
"LBY","Libya","Other Fossil","2021",8.17
"LBY","Libya","Other Renewables","2021",0
"LBY","Libya","Solar","2021",0.01
"LBY","Libya","Wind","2021",0
"LBY","Libya","Bioenergy","2022",0
"LBY","Libya","Coal","2022",0
"LBY","Libya","Gas","2022",26.7
"LBY","Libya","Hydro","2022",0
"LBY","Libya","Nuclear","2022",0
"LBY","Libya","Other Fossil","2022",8.4
"LBY","Libya","Other Renewables","2022",0
"LBY","Libya","Solar","2022",0.01
"LBY","Libya","Wind","2022",0
"LBY","Libya","Bioenergy","2023",0
"LBY","Libya","Coal","2023",0
"LBY","Libya","Gas","2023",24.9
"LBY","Libya","Hydro","2023",0
"LBY","Libya","Nuclear","2023",0
"LBY","Libya","Other Fossil","2023",8.84
"LBY","Libya","Other Renewables","2023",0
"LBY","Libya","Solar","2023",0.01
"LBY","Libya","Wind","2023",0
"LBY","Libya","Bioenergy","2024",0
"LBY","Libya","Coal","2024",0
"LBY","Libya","Gas","2024",25.78
"LBY","Libya","Hydro","2024",0
"LBY","Libya","Nuclear","2024",0
"LBY","Libya","Other Fossil","2024",8.8
"LBY","Libya","Other Renewables","2024",0
"LBY","Libya","Solar","2024",0.01
"LBY","Libya","Wind","2024",0
"LTU","Lithuania","Bioenergy","2015",0.45
"LTU","Lithuania","Coal","2015",0
"LTU","Lithuania","Gas","2015",1.98
"LTU","Lithuania","Hydro","2015",0.35
"LTU","Lithuania","Nuclear","2015",0
"LTU","Lithuania","Other Fossil","2015",0.57
"LTU","Lithuania","Other Renewables","2015",0
"LTU","Lithuania","Solar","2015",0.07
"LTU","Lithuania","Wind","2015",0.81
"LTU","Lithuania","Bioenergy","2016",0.44
"LTU","Lithuania","Coal","2016",0
"LTU","Lithuania","Gas","2016",0.99
"LTU","Lithuania","Hydro","2016",0.45
"LTU","Lithuania","Nuclear","2016",0
"LTU","Lithuania","Other Fossil","2016",0.54
"LTU","Lithuania","Other Renewables","2016",0
"LTU","Lithuania","Solar","2016",0.07
"LTU","Lithuania","Wind","2016",1.14
"LTU","Lithuania","Bioenergy","2017",0.5
"LTU","Lithuania","Coal","2017",0
"LTU","Lithuania","Gas","2017",0.6
"LTU","Lithuania","Hydro","2017",0.6
"LTU","Lithuania","Nuclear","2017",0
"LTU","Lithuania","Other Fossil","2017",0.43
"LTU","Lithuania","Other Renewables","2017",0
"LTU","Lithuania","Solar","2017",0.07
"LTU","Lithuania","Wind","2017",1.36
"LTU","Lithuania","Bioenergy","2018",0.54
"LTU","Lithuania","Coal","2018",0
"LTU","Lithuania","Gas","2018",0.33
"LTU","Lithuania","Hydro","2018",0.43
"LTU","Lithuania","Nuclear","2018",0
"LTU","Lithuania","Other Fossil","2018",0.39
"LTU","Lithuania","Other Renewables","2018",0
"LTU","Lithuania","Solar","2018",0.09
"LTU","Lithuania","Wind","2018",1.14
"LTU","Lithuania","Bioenergy","2019",0.53
"LTU","Lithuania","Coal","2019",0
"LTU","Lithuania","Gas","2019",0.52
"LTU","Lithuania","Hydro","2019",0.35
"LTU","Lithuania","Nuclear","2019",0
"LTU","Lithuania","Other Fossil","2019",0.35
"LTU","Lithuania","Other Renewables","2019",0
"LTU","Lithuania","Solar","2019",0.09
"LTU","Lithuania","Wind","2019",1.5
"LTU","Lithuania","Bioenergy","2020",0.59
"LTU","Lithuania","Coal","2020",0
"LTU","Lithuania","Gas","2020",1.7
"LTU","Lithuania","Hydro","2020",0.3
"LTU","Lithuania","Nuclear","2020",0
"LTU","Lithuania","Other Fossil","2020",0.43
"LTU","Lithuania","Other Renewables","2020",0
"LTU","Lithuania","Solar","2020",0.13
"LTU","Lithuania","Wind","2020",1.55
"LTU","Lithuania","Bioenergy","2021",0.69
"LTU","Lithuania","Coal","2021",0
"LTU","Lithuania","Gas","2021",1.22
"LTU","Lithuania","Hydro","2021",0.38
"LTU","Lithuania","Nuclear","2021",0
"LTU","Lithuania","Other Fossil","2021",0.46
"LTU","Lithuania","Other Renewables","2021",0
"LTU","Lithuania","Solar","2021",0.19
"LTU","Lithuania","Wind","2021",1.36
"LTU","Lithuania","Bioenergy","2022",0.71
"LTU","Lithuania","Coal","2022",0
"LTU","Lithuania","Gas","2022",0.51
"LTU","Lithuania","Hydro","2022",0.46
"LTU","Lithuania","Nuclear","2022",0
"LTU","Lithuania","Other Fossil","2022",0.51
"LTU","Lithuania","Other Renewables","2022",0
"LTU","Lithuania","Solar","2022",0.34
"LTU","Lithuania","Wind","2022",1.51
"LTU","Lithuania","Bioenergy","2023",0.76
"LTU","Lithuania","Coal","2023",0
"LTU","Lithuania","Gas","2023",0.58
"LTU","Lithuania","Hydro","2023",0.45
"LTU","Lithuania","Nuclear","2023",0
"LTU","Lithuania","Other Fossil","2023",0.28
"LTU","Lithuania","Other Renewables","2023",0
"LTU","Lithuania","Solar","2023",0.69
"LTU","Lithuania","Wind","2023",2.54
"LTU","Lithuania","Bioenergy","2024",0.98
"LTU","Lithuania","Coal","2024",0
"LTU","Lithuania","Gas","2024",0.84
"LTU","Lithuania","Hydro","2024",0.44
"LTU","Lithuania","Nuclear","2024",0
"LTU","Lithuania","Other Fossil","2024",0.32
"LTU","Lithuania","Other Renewables","2024",0
"LTU","Lithuania","Solar","2024",1.4
"LTU","Lithuania","Wind","2024",3.41
"LTU","Lithuania","Bioenergy","2025",0.89
"LTU","Lithuania","Coal","2025",0
"LTU","Lithuania","Gas","2025",1.48
"LTU","Lithuania","Hydro","2025",0.35
"LTU","Lithuania","Nuclear","2025",0
"LTU","Lithuania","Other Fossil","2025",0.51
"LTU","Lithuania","Other Renewables","2025",0
"LTU","Lithuania","Solar","2025",1.67
"LTU","Lithuania","Wind","2025",3.98
"LUX","Luxembourg","Bioenergy","2015",0.13
"LUX","Luxembourg","Coal","2015",0
"LUX","Luxembourg","Gas","2015",0.84
"LUX","Luxembourg","Hydro","2015",0.1
"LUX","Luxembourg","Nuclear","2015",0
"LUX","Luxembourg","Other Fossil","2015",0.07
"LUX","Luxembourg","Other Renewables","2015",0
"LUX","Luxembourg","Solar","2015",0.1
"LUX","Luxembourg","Wind","2015",0.1
"LUX","Luxembourg","Bioenergy","2016",0.14
"LUX","Luxembourg","Coal","2016",0
"LUX","Luxembourg","Gas","2016",0.26
"LUX","Luxembourg","Hydro","2016",0.12
"LUX","Luxembourg","Nuclear","2016",0
"LUX","Luxembourg","Other Fossil","2016",0.07
"LUX","Luxembourg","Other Renewables","2016",0
"LUX","Luxembourg","Solar","2016",0.1
"LUX","Luxembourg","Wind","2016",0.1
"LUX","Luxembourg","Bioenergy","2017",0.17
"LUX","Luxembourg","Coal","2017",0
"LUX","Luxembourg","Gas","2017",0.22
"LUX","Luxembourg","Hydro","2017",0.09
"LUX","Luxembourg","Nuclear","2017",0
"LUX","Luxembourg","Other Fossil","2017",0.08
"LUX","Luxembourg","Other Renewables","2017",0
"LUX","Luxembourg","Solar","2017",0.11
"LUX","Luxembourg","Wind","2017",0.23
"LUX","Luxembourg","Bioenergy","2018",0.22
"LUX","Luxembourg","Coal","2018",0
"LUX","Luxembourg","Gas","2018",0.2
"LUX","Luxembourg","Hydro","2018",0.09
"LUX","Luxembourg","Nuclear","2018",0
"LUX","Luxembourg","Other Fossil","2018",0.08
"LUX","Luxembourg","Other Renewables","2018",0
"LUX","Luxembourg","Solar","2018",0.12
"LUX","Luxembourg","Wind","2018",0.25
"LUX","Luxembourg","Bioenergy","2019",0.28
"LUX","Luxembourg","Coal","2019",0
"LUX","Luxembourg","Gas","2019",0.19
"LUX","Luxembourg","Hydro","2019",0.11
"LUX","Luxembourg","Nuclear","2019",0
"LUX","Luxembourg","Other Fossil","2019",0.08
"LUX","Luxembourg","Other Renewables","2019",0
"LUX","Luxembourg","Solar","2019",0.13
"LUX","Luxembourg","Wind","2019",0.28
"LUX","Luxembourg","Bioenergy","2020",0.37
"LUX","Luxembourg","Coal","2020",0
"LUX","Luxembourg","Gas","2020",0.18
"LUX","Luxembourg","Hydro","2020",0.09
"LUX","Luxembourg","Nuclear","2020",0
"LUX","Luxembourg","Other Fossil","2020",0.07
"LUX","Luxembourg","Other Renewables","2020",0
"LUX","Luxembourg","Solar","2020",0.16
"LUX","Luxembourg","Wind","2020",0.35
"LUX","Luxembourg","Bioenergy","2021",0.39
"LUX","Luxembourg","Coal","2021",0
"LUX","Luxembourg","Gas","2021",0.17
"LUX","Luxembourg","Hydro","2021",0.11
"LUX","Luxembourg","Nuclear","2021",0
"LUX","Luxembourg","Other Fossil","2021",0.07
"LUX","Luxembourg","Other Renewables","2021",0
"LUX","Luxembourg","Solar","2021",0.18
"LUX","Luxembourg","Wind","2021",0.31
"LUX","Luxembourg","Bioenergy","2022",0.39
"LUX","Luxembourg","Coal","2022",0
"LUX","Luxembourg","Gas","2022",0.1
"LUX","Luxembourg","Hydro","2022",0.06
"LUX","Luxembourg","Nuclear","2022",0
"LUX","Luxembourg","Other Fossil","2022",0.07
"LUX","Luxembourg","Other Renewables","2022",0
"LUX","Luxembourg","Solar","2022",0.28
"LUX","Luxembourg","Wind","2022",0.31
"LUX","Luxembourg","Bioenergy","2023",0.38
"LUX","Luxembourg","Coal","2023",0
"LUX","Luxembourg","Gas","2023",0.09
"LUX","Luxembourg","Hydro","2023",0.09
"LUX","Luxembourg","Nuclear","2023",0
"LUX","Luxembourg","Other Fossil","2023",0.06
"LUX","Luxembourg","Other Renewables","2023",0
"LUX","Luxembourg","Solar","2023",0.29
"LUX","Luxembourg","Wind","2023",0.5
"LUX","Luxembourg","Bioenergy","2024",0.44
"LUX","Luxembourg","Coal","2024",0
"LUX","Luxembourg","Gas","2024",0.07
"LUX","Luxembourg","Hydro","2024",0.11
"LUX","Luxembourg","Nuclear","2024",0
"LUX","Luxembourg","Other Fossil","2024",0.07
"LUX","Luxembourg","Other Renewables","2024",0
"LUX","Luxembourg","Solar","2024",0.36
"LUX","Luxembourg","Wind","2024",0.46
"LUX","Luxembourg","Bioenergy","2025",0.42
"LUX","Luxembourg","Coal","2025",0
"LUX","Luxembourg","Gas","2025",0.06
"LUX","Luxembourg","Hydro","2025",0.05
"LUX","Luxembourg","Nuclear","2025",0
"LUX","Luxembourg","Other Fossil","2025",0.07
"LUX","Luxembourg","Other Renewables","2025",0
"LUX","Luxembourg","Solar","2025",0.47
"LUX","Luxembourg","Wind","2025",0.47
"MAC","Macao","Bioenergy","2015",0.2
"MAC","Macao","Coal","2015",0
"MAC","Macao","Gas","2015",0
"MAC","Macao","Hydro","2015",0
"MAC","Macao","Nuclear","2015",0
"MAC","Macao","Other Fossil","2015",0.75
"MAC","Macao","Other Renewables","2015",0
"MAC","Macao","Solar","2015",0
"MAC","Macao","Wind","2015",0
"MAC","Macao","Bioenergy","2016",0.2
"MAC","Macao","Coal","2016",0
"MAC","Macao","Gas","2016",0
"MAC","Macao","Hydro","2016",0
"MAC","Macao","Nuclear","2016",0
"MAC","Macao","Other Fossil","2016",0.79
"MAC","Macao","Other Renewables","2016",0
"MAC","Macao","Solar","2016",0
"MAC","Macao","Wind","2016",0
"MAC","Macao","Bioenergy","2017",0.21
"MAC","Macao","Coal","2017",0
"MAC","Macao","Gas","2017",0.67
"MAC","Macao","Hydro","2017",0
"MAC","Macao","Nuclear","2017",0
"MAC","Macao","Other Fossil","2017",0.59
"MAC","Macao","Other Renewables","2017",0
"MAC","Macao","Solar","2017",0
"MAC","Macao","Wind","2017",0
"MAC","Macao","Bioenergy","2018",0.18
"MAC","Macao","Coal","2018",0
"MAC","Macao","Gas","2018",0.26
"MAC","Macao","Hydro","2018",0
"MAC","Macao","Nuclear","2018",0
"MAC","Macao","Other Fossil","2018",0.21
"MAC","Macao","Other Renewables","2018",0
"MAC","Macao","Solar","2018",0
"MAC","Macao","Wind","2018",0
"MAC","Macao","Bioenergy","2019",0.22
"MAC","Macao","Coal","2019",0
"MAC","Macao","Gas","2019",0.45
"MAC","Macao","Hydro","2019",0
"MAC","Macao","Nuclear","2019",0
"MAC","Macao","Other Fossil","2019",0.17
"MAC","Macao","Other Renewables","2019",0
"MAC","Macao","Solar","2019",0
"MAC","Macao","Wind","2019",0
"MAC","Macao","Bioenergy","2020",0.19
"MAC","Macao","Coal","2020",0
"MAC","Macao","Gas","2020",0.21
"MAC","Macao","Hydro","2020",0
"MAC","Macao","Nuclear","2020",0
"MAC","Macao","Other Fossil","2020",0.16
"MAC","Macao","Other Renewables","2020",0
"MAC","Macao","Solar","2020",0
"MAC","Macao","Wind","2020",0
"MAC","Macao","Bioenergy","2021",0.21
"MAC","Macao","Coal","2021",0
"MAC","Macao","Gas","2021",0.25
"MAC","Macao","Hydro","2021",0
"MAC","Macao","Nuclear","2021",0
"MAC","Macao","Other Fossil","2021",0.04
"MAC","Macao","Other Renewables","2021",0
"MAC","Macao","Solar","2021",0
"MAC","Macao","Wind","2021",0
"MAC","Macao","Bioenergy","2022",0.2
"MAC","Macao","Coal","2022",0
"MAC","Macao","Gas","2022",0.25
"MAC","Macao","Hydro","2022",0
"MAC","Macao","Nuclear","2022",0
"MAC","Macao","Other Fossil","2022",0.04
"MAC","Macao","Other Renewables","2022",0
"MAC","Macao","Solar","2022",0
"MAC","Macao","Wind","2022",0
"MAC","Macao","Bioenergy","2023",0.22
"MAC","Macao","Coal","2023",0
"MAC","Macao","Gas","2023",0.37
"MAC","Macao","Hydro","2023",0
"MAC","Macao","Nuclear","2023",0
"MAC","Macao","Other Fossil","2023",0.07
"MAC","Macao","Other Renewables","2023",0
"MAC","Macao","Solar","2023",0
"MAC","Macao","Wind","2023",0
"MAC","Macao","Bioenergy","2024",0.24
"MAC","Macao","Coal","2024",0
"MAC","Macao","Gas","2024",0.49
"MAC","Macao","Hydro","2024",0
"MAC","Macao","Nuclear","2024",0
"MAC","Macao","Other Fossil","2024",0.05
"MAC","Macao","Other Renewables","2024",0
"MAC","Macao","Solar","2024",0
"MAC","Macao","Wind","2024",0
"MDG","Madagascar","Bioenergy","2015",0.02
"MDG","Madagascar","Coal","2015",0.08
"MDG","Madagascar","Gas","2015",0
"MDG","Madagascar","Hydro","2015",0.93
"MDG","Madagascar","Nuclear","2015",0
"MDG","Madagascar","Other Fossil","2015",0.74
"MDG","Madagascar","Other Renewables","2015",0
"MDG","Madagascar","Solar","2015",0.02
"MDG","Madagascar","Wind","2015",0
"MDG","Madagascar","Bioenergy","2016",0.02
"MDG","Madagascar","Coal","2016",0.08
"MDG","Madagascar","Gas","2016",0
"MDG","Madagascar","Hydro","2016",0.88
"MDG","Madagascar","Nuclear","2016",0
"MDG","Madagascar","Other Fossil","2016",0.9
"MDG","Madagascar","Other Renewables","2016",0
"MDG","Madagascar","Solar","2016",0.02
"MDG","Madagascar","Wind","2016",0
"MDG","Madagascar","Bioenergy","2017",0.03
"MDG","Madagascar","Coal","2017",0.12
"MDG","Madagascar","Gas","2017",0
"MDG","Madagascar","Hydro","2017",0.78
"MDG","Madagascar","Nuclear","2017",0
"MDG","Madagascar","Other Fossil","2017",1.03
"MDG","Madagascar","Other Renewables","2017",0
"MDG","Madagascar","Solar","2017",0.02
"MDG","Madagascar","Wind","2017",0
"MDG","Madagascar","Bioenergy","2018",0.03
"MDG","Madagascar","Coal","2018",0.46
"MDG","Madagascar","Gas","2018",0
"MDG","Madagascar","Hydro","2018",0.96
"MDG","Madagascar","Nuclear","2018",0
"MDG","Madagascar","Other Fossil","2018",0.89
"MDG","Madagascar","Other Renewables","2018",0
"MDG","Madagascar","Solar","2018",0.04
"MDG","Madagascar","Wind","2018",0
"MDG","Madagascar","Bioenergy","2019",0.02
"MDG","Madagascar","Coal","2019",0.48
"MDG","Madagascar","Gas","2019",0
"MDG","Madagascar","Hydro","2019",0.89
"MDG","Madagascar","Nuclear","2019",0
"MDG","Madagascar","Other Fossil","2019",1.04
"MDG","Madagascar","Other Renewables","2019",0
"MDG","Madagascar","Solar","2019",0.04
"MDG","Madagascar","Wind","2019",0
"MDG","Madagascar","Bioenergy","2020",0.02
"MDG","Madagascar","Coal","2020",0.21
"MDG","Madagascar","Gas","2020",0
"MDG","Madagascar","Hydro","2020",0.82
"MDG","Madagascar","Nuclear","2020",0
"MDG","Madagascar","Other Fossil","2020",1.07
"MDG","Madagascar","Other Renewables","2020",0
"MDG","Madagascar","Solar","2020",0.04
"MDG","Madagascar","Wind","2020",0
"MDG","Madagascar","Bioenergy","2021",0.03
"MDG","Madagascar","Coal","2021",0.47
"MDG","Madagascar","Gas","2021",0
"MDG","Madagascar","Hydro","2021",0.77
"MDG","Madagascar","Nuclear","2021",0
"MDG","Madagascar","Other Fossil","2021",1.22
"MDG","Madagascar","Other Renewables","2021",0
"MDG","Madagascar","Solar","2021",0.04
"MDG","Madagascar","Wind","2021",0
"MDG","Madagascar","Bioenergy","2022",0.03
"MDG","Madagascar","Coal","2022",0.51
"MDG","Madagascar","Gas","2022",0
"MDG","Madagascar","Hydro","2022",0.82
"MDG","Madagascar","Nuclear","2022",0
"MDG","Madagascar","Other Fossil","2022",1.2
"MDG","Madagascar","Other Renewables","2022",0
"MDG","Madagascar","Solar","2022",0.08
"MDG","Madagascar","Wind","2022",0
"MDG","Madagascar","Bioenergy","2023",0.03
"MDG","Madagascar","Coal","2023",0.51
"MDG","Madagascar","Gas","2023",0
"MDG","Madagascar","Hydro","2023",0.98
"MDG","Madagascar","Nuclear","2023",0
"MDG","Madagascar","Other Fossil","2023",0.88
"MDG","Madagascar","Other Renewables","2023",0
"MDG","Madagascar","Solar","2023",0.08
"MDG","Madagascar","Wind","2023",0
"MDG","Madagascar","Bioenergy","2024",0.03
"MDG","Madagascar","Coal","2024",0.5
"MDG","Madagascar","Gas","2024",0
"MDG","Madagascar","Hydro","2024",0.9
"MDG","Madagascar","Nuclear","2024",0
"MDG","Madagascar","Other Fossil","2024",0.9
"MDG","Madagascar","Other Renewables","2024",0
"MDG","Madagascar","Solar","2024",0.1
"MDG","Madagascar","Wind","2024",0
"MWI","Malawi","Bioenergy","2015",0.05
"MWI","Malawi","Coal","2015",0
"MWI","Malawi","Gas","2015",0
"MWI","Malawi","Hydro","2015",1.96
"MWI","Malawi","Nuclear","2015",0
"MWI","Malawi","Other Fossil","2015",0.13
"MWI","Malawi","Other Renewables","2015",0
"MWI","Malawi","Solar","2015",0.03
"MWI","Malawi","Wind","2015",0
"MWI","Malawi","Bioenergy","2016",0.05
"MWI","Malawi","Coal","2016",0
"MWI","Malawi","Gas","2016",0
"MWI","Malawi","Hydro","2016",1.94
"MWI","Malawi","Nuclear","2016",0
"MWI","Malawi","Other Fossil","2016",0.13
"MWI","Malawi","Other Renewables","2016",0
"MWI","Malawi","Solar","2016",0.03
"MWI","Malawi","Wind","2016",0
"MWI","Malawi","Bioenergy","2017",0.05
"MWI","Malawi","Coal","2017",0
"MWI","Malawi","Gas","2017",0
"MWI","Malawi","Hydro","2017",1.82
"MWI","Malawi","Nuclear","2017",0
"MWI","Malawi","Other Fossil","2017",0
"MWI","Malawi","Other Renewables","2017",0
"MWI","Malawi","Solar","2017",0.04
"MWI","Malawi","Wind","2017",0
"MWI","Malawi","Bioenergy","2018",0.05
"MWI","Malawi","Coal","2018",0
"MWI","Malawi","Gas","2018",0
"MWI","Malawi","Hydro","2018",1.42
"MWI","Malawi","Nuclear","2018",0
"MWI","Malawi","Other Fossil","2018",0.33
"MWI","Malawi","Other Renewables","2018",0
"MWI","Malawi","Solar","2018",0.01
"MWI","Malawi","Wind","2018",0
"MWI","Malawi","Bioenergy","2019",0.05
"MWI","Malawi","Coal","2019",0
"MWI","Malawi","Gas","2019",0
"MWI","Malawi","Hydro","2019",1.67
"MWI","Malawi","Nuclear","2019",0
"MWI","Malawi","Other Fossil","2019",0.07
"MWI","Malawi","Other Renewables","2019",0
"MWI","Malawi","Solar","2019",0.01
"MWI","Malawi","Wind","2019",0
"MWI","Malawi","Bioenergy","2020",0.05
"MWI","Malawi","Coal","2020",0
"MWI","Malawi","Gas","2020",0
"MWI","Malawi","Hydro","2020",1.68
"MWI","Malawi","Nuclear","2020",0
"MWI","Malawi","Other Fossil","2020",0.01
"MWI","Malawi","Other Renewables","2020",0
"MWI","Malawi","Solar","2020",0.01
"MWI","Malawi","Wind","2020",0
"MWI","Malawi","Bioenergy","2021",0.05
"MWI","Malawi","Coal","2021",0
"MWI","Malawi","Gas","2021",0
"MWI","Malawi","Hydro","2021",1.69
"MWI","Malawi","Nuclear","2021",0
"MWI","Malawi","Other Fossil","2021",0.08
"MWI","Malawi","Other Renewables","2021",0
"MWI","Malawi","Solar","2021",0.01
"MWI","Malawi","Wind","2021",0
"MWI","Malawi","Bioenergy","2022",0.05
"MWI","Malawi","Coal","2022",0
"MWI","Malawi","Gas","2022",0
"MWI","Malawi","Hydro","2022",1.69
"MWI","Malawi","Nuclear","2022",0
"MWI","Malawi","Other Fossil","2022",0.08
"MWI","Malawi","Other Renewables","2022",0
"MWI","Malawi","Solar","2022",0.01
"MWI","Malawi","Wind","2022",0
"MWI","Malawi","Bioenergy","2023",0.05
"MWI","Malawi","Coal","2023",0
"MWI","Malawi","Gas","2023",0
"MWI","Malawi","Hydro","2023",1.69
"MWI","Malawi","Nuclear","2023",0
"MWI","Malawi","Other Fossil","2023",0.08
"MWI","Malawi","Other Renewables","2023",0
"MWI","Malawi","Solar","2023",0.01
"MWI","Malawi","Wind","2023",0
"MWI","Malawi","Bioenergy","2024",0.05
"MWI","Malawi","Coal","2024",0
"MWI","Malawi","Gas","2024",0
"MWI","Malawi","Hydro","2024",1.69
"MWI","Malawi","Nuclear","2024",0
"MWI","Malawi","Other Fossil","2024",0.08
"MWI","Malawi","Other Renewables","2024",0
"MWI","Malawi","Solar","2024",0.01
"MWI","Malawi","Wind","2024",0
"MYS","Malaysia","Bioenergy","2015",0.75
"MYS","Malaysia","Coal","2015",63.47
"MYS","Malaysia","Gas","2015",69.96
"MYS","Malaysia","Hydro","2015",13.92
"MYS","Malaysia","Other Fossil","2015",1.74
"MYS","Malaysia","Solar","2015",0.27
"MYS","Malaysia","Wind","2015",0
"MYS","Malaysia","Bioenergy","2016",0.76
"MYS","Malaysia","Coal","2016",69.15
"MYS","Malaysia","Gas","2016",65.23
"MYS","Malaysia","Hydro","2016",20.02
"MYS","Malaysia","Other Fossil","2016",1.18
"MYS","Malaysia","Solar","2016",0.31
"MYS","Malaysia","Wind","2016",0
"MYS","Malaysia","Bioenergy","2017",0.76
"MYS","Malaysia","Coal","2017",68.87
"MYS","Malaysia","Gas","2017",62.13
"MYS","Malaysia","Hydro","2017",26.85
"MYS","Malaysia","Other Fossil","2017",1.7
"MYS","Malaysia","Solar","2017",0.33
"MYS","Malaysia","Wind","2017",0
"MYS","Malaysia","Bioenergy","2018",1.35
"MYS","Malaysia","Coal","2018",77.29
"MYS","Malaysia","Gas","2018",64.05
"MYS","Malaysia","Hydro","2018",26.33
"MYS","Malaysia","Other Fossil","2018",0.93
"MYS","Malaysia","Solar","2018",0.63
"MYS","Malaysia","Wind","2018",0
"MYS","Malaysia","Bioenergy","2019",1.14
"MYS","Malaysia","Coal","2019",76.41
"MYS","Malaysia","Gas","2019",72.28
"MYS","Malaysia","Hydro","2019",26.2
"MYS","Malaysia","Other Fossil","2019",1.01
"MYS","Malaysia","Solar","2019",1.46
"MYS","Malaysia","Wind","2019",0
"MYS","Malaysia","Bioenergy","2020",1.23
"MYS","Malaysia","Coal","2020",88.88
"MYS","Malaysia","Gas","2020",53.69
"MYS","Malaysia","Hydro","2020",27.3
"MYS","Malaysia","Other Fossil","2020",0.85
"MYS","Malaysia","Solar","2020",2.06
"MYS","Malaysia","Wind","2020",0
"MYS","Malaysia","Bioenergy","2021",1.23
"MYS","Malaysia","Coal","2021",79.38
"MYS","Malaysia","Gas","2021",60.96
"MYS","Malaysia","Hydro","2021",30.2
"MYS","Malaysia","Other Fossil","2021",1.14
"MYS","Malaysia","Solar","2021",2.3
"MYS","Malaysia","Wind","2021",0
"MYS","Malaysia","Bioenergy","2022",1.23
"MYS","Malaysia","Coal","2022",77.78
"MYS","Malaysia","Gas","2022",68.45
"MYS","Malaysia","Hydro","2022",31.78
"MYS","Malaysia","Other Fossil","2022",1.64
"MYS","Malaysia","Solar","2022",2.75
"MYS","Malaysia","Wind","2022",0
"MYS","Malaysia","Bioenergy","2023",1.23
"MYS","Malaysia","Coal","2023",81.4
"MYS","Malaysia","Gas","2023",69.23
"MYS","Malaysia","Hydro","2023",31.51
"MYS","Malaysia","Other Fossil","2023",1.19
"MYS","Malaysia","Solar","2023",3.24
"MYS","Malaysia","Wind","2023",0
"MYS","Malaysia","Bioenergy","2024",1.71
"MYS","Malaysia","Coal","2024",85.3
"MYS","Malaysia","Gas","2024",71.32
"MYS","Malaysia","Hydro","2024",34.52
"MYS","Malaysia","Other Fossil","2024",1.15
"MYS","Malaysia","Solar","2024",4.12
"MYS","Malaysia","Wind","2024",0
"MYS","Malaysia","Bioenergy","2025",1.78
"MYS","Malaysia","Coal","2025",89.6
"MYS","Malaysia","Gas","2025",67.89
"MYS","Malaysia","Hydro","2025",35.24
"MYS","Malaysia","Other Fossil","2025",2.07
"MYS","Malaysia","Solar","2025",4.51
"MYS","Malaysia","Wind","2025",0
"MDV","Maldives","Bioenergy","2015",0
"MDV","Maldives","Coal","2015",0
"MDV","Maldives","Gas","2015",0
"MDV","Maldives","Hydro","2015",0
"MDV","Maldives","Nuclear","2015",0
"MDV","Maldives","Other Fossil","2015",0.61
"MDV","Maldives","Other Renewables","2015",0
"MDV","Maldives","Solar","2015",0.01
"MDV","Maldives","Wind","2015",0
"MDV","Maldives","Bioenergy","2016",0
"MDV","Maldives","Coal","2016",0
"MDV","Maldives","Gas","2016",0
"MDV","Maldives","Hydro","2016",0
"MDV","Maldives","Nuclear","2016",0
"MDV","Maldives","Other Fossil","2016",0.66
"MDV","Maldives","Other Renewables","2016",0
"MDV","Maldives","Solar","2016",0.01
"MDV","Maldives","Wind","2016",0
"MDV","Maldives","Bioenergy","2017",0
"MDV","Maldives","Coal","2017",0
"MDV","Maldives","Gas","2017",0
"MDV","Maldives","Hydro","2017",0
"MDV","Maldives","Nuclear","2017",0
"MDV","Maldives","Other Fossil","2017",0.71
"MDV","Maldives","Other Renewables","2017",0
"MDV","Maldives","Solar","2017",0.02
"MDV","Maldives","Wind","2017",0
"MDV","Maldives","Bioenergy","2018",0
"MDV","Maldives","Coal","2018",0
"MDV","Maldives","Gas","2018",0
"MDV","Maldives","Hydro","2018",0
"MDV","Maldives","Nuclear","2018",0
"MDV","Maldives","Other Fossil","2018",0.76
"MDV","Maldives","Other Renewables","2018",0
"MDV","Maldives","Solar","2018",0.03
"MDV","Maldives","Wind","2018",0
"MDV","Maldives","Bioenergy","2019",0
"MDV","Maldives","Coal","2019",0
"MDV","Maldives","Gas","2019",0
"MDV","Maldives","Hydro","2019",0
"MDV","Maldives","Nuclear","2019",0
"MDV","Maldives","Other Fossil","2019",0.78
"MDV","Maldives","Other Renewables","2019",0
"MDV","Maldives","Solar","2019",0.03
"MDV","Maldives","Wind","2019",0
"MDV","Maldives","Bioenergy","2020",0
"MDV","Maldives","Coal","2020",0
"MDV","Maldives","Gas","2020",0
"MDV","Maldives","Hydro","2020",0
"MDV","Maldives","Nuclear","2020",0
"MDV","Maldives","Other Fossil","2020",0.78
"MDV","Maldives","Other Renewables","2020",0
"MDV","Maldives","Solar","2020",0.04
"MDV","Maldives","Wind","2020",0
"MDV","Maldives","Bioenergy","2021",0
"MDV","Maldives","Coal","2021",0
"MDV","Maldives","Gas","2021",0
"MDV","Maldives","Hydro","2021",0
"MDV","Maldives","Nuclear","2021",0
"MDV","Maldives","Other Fossil","2021",0.79
"MDV","Maldives","Other Renewables","2021",0
"MDV","Maldives","Solar","2021",0.05
"MDV","Maldives","Wind","2021",0
"MDV","Maldives","Bioenergy","2022",0
"MDV","Maldives","Coal","2022",0
"MDV","Maldives","Gas","2022",0
"MDV","Maldives","Hydro","2022",0
"MDV","Maldives","Nuclear","2022",0
"MDV","Maldives","Other Fossil","2022",0.79
"MDV","Maldives","Other Renewables","2022",0
"MDV","Maldives","Solar","2022",0.06
"MDV","Maldives","Wind","2022",0
"MDV","Maldives","Bioenergy","2023",0
"MDV","Maldives","Coal","2023",0
"MDV","Maldives","Gas","2023",0
"MDV","Maldives","Hydro","2023",0
"MDV","Maldives","Nuclear","2023",0
"MDV","Maldives","Other Fossil","2023",0.79
"MDV","Maldives","Other Renewables","2023",0
"MDV","Maldives","Solar","2023",0.06
"MDV","Maldives","Wind","2023",0
"MDV","Maldives","Bioenergy","2024",0
"MDV","Maldives","Coal","2024",0
"MDV","Maldives","Gas","2024",0
"MDV","Maldives","Hydro","2024",0
"MDV","Maldives","Nuclear","2024",0
"MDV","Maldives","Other Fossil","2024",0.79
"MDV","Maldives","Other Renewables","2024",0
"MDV","Maldives","Solar","2024",0.06
"MDV","Maldives","Wind","2024",0
"MLI","Mali","Bioenergy","2015",0.06
"MLI","Mali","Coal","2015",0
"MLI","Mali","Gas","2015",0
"MLI","Mali","Hydro","2015",1.12
"MLI","Mali","Nuclear","2015",0
"MLI","Mali","Other Fossil","2015",1.3
"MLI","Mali","Other Renewables","2015",0
"MLI","Mali","Solar","2015",0.03
"MLI","Mali","Wind","2015",0
"MLI","Mali","Bioenergy","2016",0.06
"MLI","Mali","Coal","2016",0
"MLI","Mali","Gas","2016",0
"MLI","Mali","Hydro","2016",1.48
"MLI","Mali","Nuclear","2016",0
"MLI","Mali","Other Fossil","2016",1.45
"MLI","Mali","Other Renewables","2016",0
"MLI","Mali","Solar","2016",0.03
"MLI","Mali","Wind","2016",0
"MLI","Mali","Bioenergy","2017",0.06
"MLI","Mali","Coal","2017",0
"MLI","Mali","Gas","2017",0
"MLI","Mali","Hydro","2017",1.48
"MLI","Mali","Nuclear","2017",0
"MLI","Mali","Other Fossil","2017",1.87
"MLI","Mali","Other Renewables","2017",0
"MLI","Mali","Solar","2017",0.03
"MLI","Mali","Wind","2017",0
"MLI","Mali","Bioenergy","2018",0.06
"MLI","Mali","Coal","2018",0
"MLI","Mali","Gas","2018",0
"MLI","Mali","Hydro","2018",1.36
"MLI","Mali","Nuclear","2018",0
"MLI","Mali","Other Fossil","2018",2.16
"MLI","Mali","Other Renewables","2018",0
"MLI","Mali","Solar","2018",0.03
"MLI","Mali","Wind","2018",0
"MLI","Mali","Bioenergy","2019",0.06
"MLI","Mali","Coal","2019",0
"MLI","Mali","Gas","2019",0
"MLI","Mali","Hydro","2019",1.37
"MLI","Mali","Nuclear","2019",0
"MLI","Mali","Other Fossil","2019",2.35
"MLI","Mali","Other Renewables","2019",0
"MLI","Mali","Solar","2019",0.03
"MLI","Mali","Wind","2019",0
"MLI","Mali","Bioenergy","2020",0.07
"MLI","Mali","Coal","2020",0
"MLI","Mali","Gas","2020",0
"MLI","Mali","Hydro","2020",1.44
"MLI","Mali","Nuclear","2020",0
"MLI","Mali","Other Fossil","2020",2.33
"MLI","Mali","Other Renewables","2020",0
"MLI","Mali","Solar","2020",0.1
"MLI","Mali","Wind","2020",0
"MLI","Mali","Bioenergy","2021",0.07
"MLI","Mali","Coal","2021",0
"MLI","Mali","Gas","2021",0
"MLI","Mali","Hydro","2021",1.33
"MLI","Mali","Nuclear","2021",0
"MLI","Mali","Other Fossil","2021",2.4
"MLI","Mali","Other Renewables","2021",0
"MLI","Mali","Solar","2021",0.14
"MLI","Mali","Wind","2021",0
"MLI","Mali","Bioenergy","2022",0.07
"MLI","Mali","Coal","2022",0
"MLI","Mali","Gas","2022",0
"MLI","Mali","Hydro","2022",1.64
"MLI","Mali","Nuclear","2022",0
"MLI","Mali","Other Fossil","2022",2.48
"MLI","Mali","Other Renewables","2022",0
"MLI","Mali","Solar","2022",0.15
"MLI","Mali","Wind","2022",0
"MLI","Mali","Bioenergy","2023",0.07
"MLI","Mali","Coal","2023",0
"MLI","Mali","Gas","2023",0
"MLI","Mali","Hydro","2023",0.97
"MLI","Mali","Nuclear","2023",0
"MLI","Mali","Other Fossil","2023",4.82
"MLI","Mali","Other Renewables","2023",0
"MLI","Mali","Solar","2023",0.15
"MLI","Mali","Wind","2023",0
"MLI","Mali","Bioenergy","2024",0.07
"MLI","Mali","Coal","2024",0
"MLI","Mali","Gas","2024",0
"MLI","Mali","Hydro","2024",0.92
"MLI","Mali","Nuclear","2024",0
"MLI","Mali","Other Fossil","2024",4.8
"MLI","Mali","Other Renewables","2024",0
"MLI","Mali","Solar","2024",0.17
"MLI","Mali","Wind","2024",0
"MLT","Malta","Bioenergy","2015",0.01
"MLT","Malta","Coal","2015",0
"MLT","Malta","Gas","2015",0
"MLT","Malta","Hydro","2015",0
"MLT","Malta","Nuclear","2015",0
"MLT","Malta","Other Fossil","2015",1.2
"MLT","Malta","Other Renewables","2015",0
"MLT","Malta","Solar","2015",0.09
"MLT","Malta","Wind","2015",0
"MLT","Malta","Bioenergy","2016",0.01
"MLT","Malta","Coal","2016",0
"MLT","Malta","Gas","2016",0
"MLT","Malta","Hydro","2016",0
"MLT","Malta","Nuclear","2016",0
"MLT","Malta","Other Fossil","2016",0.72
"MLT","Malta","Other Renewables","2016",0
"MLT","Malta","Solar","2016",0.13
"MLT","Malta","Wind","2016",0
"MLT","Malta","Bioenergy","2017",0.01
"MLT","Malta","Coal","2017",0
"MLT","Malta","Gas","2017",1.29
"MLT","Malta","Hydro","2017",0
"MLT","Malta","Nuclear","2017",0
"MLT","Malta","Other Fossil","2017",0.19
"MLT","Malta","Other Renewables","2017",0
"MLT","Malta","Solar","2017",0.16
"MLT","Malta","Wind","2017",0
"MLT","Malta","Bioenergy","2018",0.01
"MLT","Malta","Coal","2018",0
"MLT","Malta","Gas","2018",1.75
"MLT","Malta","Hydro","2018",0
"MLT","Malta","Nuclear","2018",0
"MLT","Malta","Other Fossil","2018",0.02
"MLT","Malta","Other Renewables","2018",0
"MLT","Malta","Solar","2018",0.19
"MLT","Malta","Wind","2018",0
"MLT","Malta","Bioenergy","2019",0.01
"MLT","Malta","Coal","2019",0
"MLT","Malta","Gas","2019",1.83
"MLT","Malta","Hydro","2019",0
"MLT","Malta","Nuclear","2019",0
"MLT","Malta","Other Fossil","2019",0.03
"MLT","Malta","Other Renewables","2019",0
"MLT","Malta","Solar","2019",0.2
"MLT","Malta","Wind","2019",0
"MLT","Malta","Bioenergy","2020",0.01
"MLT","Malta","Coal","2020",0
"MLT","Malta","Gas","2020",1.84
"MLT","Malta","Hydro","2020",0
"MLT","Malta","Nuclear","2020",0
"MLT","Malta","Other Fossil","2020",0.06
"MLT","Malta","Other Renewables","2020",0
"MLT","Malta","Solar","2020",0.24
"MLT","Malta","Wind","2020",0
"MLT","Malta","Bioenergy","2021",0.01
"MLT","Malta","Coal","2021",0
"MLT","Malta","Gas","2021",1.91
"MLT","Malta","Hydro","2021",0
"MLT","Malta","Nuclear","2021",0
"MLT","Malta","Other Fossil","2021",0.04
"MLT","Malta","Other Renewables","2021",0
"MLT","Malta","Solar","2021",0.26
"MLT","Malta","Wind","2021",0
"MLT","Malta","Bioenergy","2022",0.01
"MLT","Malta","Coal","2022",0
"MLT","Malta","Gas","2022",1.94
"MLT","Malta","Hydro","2022",0
"MLT","Malta","Nuclear","2022",0
"MLT","Malta","Other Fossil","2022",0.06
"MLT","Malta","Other Renewables","2022",0
"MLT","Malta","Solar","2022",0.29
"MLT","Malta","Wind","2022",0
"MLT","Malta","Bioenergy","2023",0.01
"MLT","Malta","Coal","2023",0
"MLT","Malta","Gas","2023",2.01
"MLT","Malta","Hydro","2023",0
"MLT","Malta","Nuclear","2023",0
"MLT","Malta","Other Fossil","2023",0.02
"MLT","Malta","Other Renewables","2023",0
"MLT","Malta","Solar","2023",0.31
"MLT","Malta","Wind","2023",0
"MLT","Malta","Bioenergy","2024",0.01
"MLT","Malta","Coal","2024",0
"MLT","Malta","Gas","2024",1.84
"MLT","Malta","Hydro","2024",0
"MLT","Malta","Nuclear","2024",0
"MLT","Malta","Other Fossil","2024",0.01
"MLT","Malta","Other Renewables","2024",0
"MLT","Malta","Solar","2024",0.33
"MLT","Malta","Wind","2024",0
"MLT","Malta","Bioenergy","2025",0.01
"MLT","Malta","Coal","2025",0
"MLT","Malta","Gas","2025",1.82
"MLT","Malta","Hydro","2025",0
"MLT","Malta","Nuclear","2025",0
"MLT","Malta","Other Fossil","2025",0.02
"MLT","Malta","Other Renewables","2025",0
"MLT","Malta","Solar","2025",0.34
"MLT","Malta","Wind","2025",0
"MTQ","Martinique","Bioenergy","2015",0
"MTQ","Martinique","Other Fossil","2015",1.47
"MTQ","Martinique","Other Renewables","2015",0.01
"MTQ","Martinique","Solar","2015",0.08
"MTQ","Martinique","Wind","2015",0
"MTQ","Martinique","Bioenergy","2016",0
"MTQ","Martinique","Other Fossil","2016",1.49
"MTQ","Martinique","Other Renewables","2016",0.01
"MTQ","Martinique","Solar","2016",0.08
"MTQ","Martinique","Wind","2016",0
"MTQ","Martinique","Bioenergy","2017",0
"MTQ","Martinique","Other Fossil","2017",1.47
"MTQ","Martinique","Other Renewables","2017",0.01
"MTQ","Martinique","Solar","2017",0.08
"MTQ","Martinique","Wind","2017",0
"MTQ","Martinique","Bioenergy","2018",0.08
"MTQ","Martinique","Other Fossil","2018",1.36
"MTQ","Martinique","Other Renewables","2018",0.01
"MTQ","Martinique","Solar","2018",0.08
"MTQ","Martinique","Wind","2018",0.01
"MTQ","Martinique","Bioenergy","2019",0.24
"MTQ","Martinique","Hydro","2019",0
"MTQ","Martinique","Other Fossil","2019",1.16
"MTQ","Martinique","Other Renewables","2019",0.01
"MTQ","Martinique","Solar","2019",0.09
"MTQ","Martinique","Wind","2019",0.05
"MTQ","Martinique","Bioenergy","2020",0.22
"MTQ","Martinique","Hydro","2020",0
"MTQ","Martinique","Other Fossil","2020",1.16
"MTQ","Martinique","Other Renewables","2020",0
"MTQ","Martinique","Solar","2020",0.08
"MTQ","Martinique","Wind","2020",0.04
"MTQ","Martinique","Bioenergy","2021",0.23
"MTQ","Martinique","Hydro","2021",0
"MTQ","Martinique","Other Fossil","2021",1.13
"MTQ","Martinique","Other Renewables","2021",0.01
"MTQ","Martinique","Solar","2021",0.09
"MTQ","Martinique","Wind","2021",0.05
"MTQ","Martinique","Bioenergy","2022",0.25
"MTQ","Martinique","Hydro","2022",0
"MTQ","Martinique","Other Fossil","2022",1.1
"MTQ","Martinique","Other Renewables","2022",0.01
"MTQ","Martinique","Solar","2022",0.09
"MTQ","Martinique","Wind","2022",0.04
"MTQ","Martinique","Bioenergy","2023",0.24
"MTQ","Martinique","Hydro","2023",0
"MTQ","Martinique","Other Fossil","2023",1.12
"MTQ","Martinique","Other Renewables","2023",0.01
"MTQ","Martinique","Solar","2023",0.11
"MTQ","Martinique","Wind","2023",0.03
"MRT","Mauritania","Bioenergy","2015",0
"MRT","Mauritania","Coal","2015",0
"MRT","Mauritania","Gas","2015",0
"MRT","Mauritania","Hydro","2015",0.19
"MRT","Mauritania","Nuclear","2015",0
"MRT","Mauritania","Other Fossil","2015",0.84
"MRT","Mauritania","Other Renewables","2015",0
"MRT","Mauritania","Solar","2015",0.03
"MRT","Mauritania","Wind","2015",0.1
"MRT","Mauritania","Bioenergy","2016",0
"MRT","Mauritania","Coal","2016",0
"MRT","Mauritania","Gas","2016",0
"MRT","Mauritania","Hydro","2016",0.13
"MRT","Mauritania","Nuclear","2016",0
"MRT","Mauritania","Other Fossil","2016",0.87
"MRT","Mauritania","Other Renewables","2016",0
"MRT","Mauritania","Solar","2016",0.06
"MRT","Mauritania","Wind","2016",0.1
"MRT","Mauritania","Bioenergy","2017",0
"MRT","Mauritania","Coal","2017",0
"MRT","Mauritania","Gas","2017",0
"MRT","Mauritania","Hydro","2017",0.17
"MRT","Mauritania","Nuclear","2017",0
"MRT","Mauritania","Other Fossil","2017",1.02
"MRT","Mauritania","Other Renewables","2017",0
"MRT","Mauritania","Solar","2017",0.06
"MRT","Mauritania","Wind","2017",0.1
"MRT","Mauritania","Bioenergy","2018",0
"MRT","Mauritania","Coal","2018",0
"MRT","Mauritania","Gas","2018",0
"MRT","Mauritania","Hydro","2018",0.19
"MRT","Mauritania","Nuclear","2018",0
"MRT","Mauritania","Other Fossil","2018",1.02
"MRT","Mauritania","Other Renewables","2018",0
"MRT","Mauritania","Solar","2018",0.15
"MRT","Mauritania","Wind","2018",0.1
"MRT","Mauritania","Bioenergy","2019",0
"MRT","Mauritania","Coal","2019",0
"MRT","Mauritania","Gas","2019",0
"MRT","Mauritania","Hydro","2019",0.2
"MRT","Mauritania","Nuclear","2019",0
"MRT","Mauritania","Other Fossil","2019",1.1
"MRT","Mauritania","Other Renewables","2019",0
"MRT","Mauritania","Solar","2019",0.15
"MRT","Mauritania","Wind","2019",0.12
"MRT","Mauritania","Bioenergy","2020",0
"MRT","Mauritania","Coal","2020",0
"MRT","Mauritania","Gas","2020",0
"MRT","Mauritania","Hydro","2020",0.21
"MRT","Mauritania","Nuclear","2020",0
"MRT","Mauritania","Other Fossil","2020",1.16
"MRT","Mauritania","Other Renewables","2020",0
"MRT","Mauritania","Solar","2020",0.14
"MRT","Mauritania","Wind","2020",0.12
"MRT","Mauritania","Bioenergy","2021",0
"MRT","Mauritania","Coal","2021",0
"MRT","Mauritania","Gas","2021",0
"MRT","Mauritania","Hydro","2021",0.21
"MRT","Mauritania","Nuclear","2021",0
"MRT","Mauritania","Other Fossil","2021",1.13
"MRT","Mauritania","Other Renewables","2021",0
"MRT","Mauritania","Solar","2021",0.14
"MRT","Mauritania","Wind","2021",0.1
"MRT","Mauritania","Bioenergy","2022",0
"MRT","Mauritania","Coal","2022",0
"MRT","Mauritania","Gas","2022",0
"MRT","Mauritania","Hydro","2022",0.21
"MRT","Mauritania","Nuclear","2022",0
"MRT","Mauritania","Other Fossil","2022",1.19
"MRT","Mauritania","Other Renewables","2022",0
"MRT","Mauritania","Solar","2022",0.14
"MRT","Mauritania","Wind","2022",0.1
"MRT","Mauritania","Bioenergy","2023",0
"MRT","Mauritania","Coal","2023",0
"MRT","Mauritania","Gas","2023",0
"MRT","Mauritania","Hydro","2023",0.21
"MRT","Mauritania","Nuclear","2023",0
"MRT","Mauritania","Other Fossil","2023",1.64
"MRT","Mauritania","Other Renewables","2023",0
"MRT","Mauritania","Solar","2023",0.14
"MRT","Mauritania","Wind","2023",0.1
"MRT","Mauritania","Bioenergy","2024",0
"MRT","Mauritania","Coal","2024",0
"MRT","Mauritania","Gas","2024",0
"MRT","Mauritania","Hydro","2024",0.21
"MRT","Mauritania","Nuclear","2024",0
"MRT","Mauritania","Other Fossil","2024",1.6
"MRT","Mauritania","Other Renewables","2024",0
"MRT","Mauritania","Solar","2024",0.16
"MRT","Mauritania","Wind","2024",0.1
"MUS","Mauritius","Bioenergy","2015",0.53
"MUS","Mauritius","Coal","2015",1.18
"MUS","Mauritius","Gas","2015",0
"MUS","Mauritius","Hydro","2015",0.12
"MUS","Mauritius","Nuclear","2015",0
"MUS","Mauritius","Other Fossil","2015",1.13
"MUS","Mauritius","Other Renewables","2015",0
"MUS","Mauritius","Solar","2015",0.03
"MUS","Mauritius","Wind","2015",0
"MUS","Mauritius","Bioenergy","2016",0.52
"MUS","Mauritius","Coal","2016",1.27
"MUS","Mauritius","Gas","2016",0
"MUS","Mauritius","Hydro","2016",0.1
"MUS","Mauritius","Nuclear","2016",0
"MUS","Mauritius","Other Fossil","2016",1.11
"MUS","Mauritius","Other Renewables","2016",0
"MUS","Mauritius","Solar","2016",0.03
"MUS","Mauritius","Wind","2016",0.02
"MUS","Mauritius","Bioenergy","2017",0.48
"MUS","Mauritius","Coal","2017",1.31
"MUS","Mauritius","Gas","2017",0
"MUS","Mauritius","Hydro","2017",0.09
"MUS","Mauritius","Nuclear","2017",0
"MUS","Mauritius","Other Fossil","2017",1.18
"MUS","Mauritius","Other Renewables","2017",0
"MUS","Mauritius","Solar","2017",0.04
"MUS","Mauritius","Wind","2017",0.01
"MUS","Mauritius","Bioenergy","2018",0.46
"MUS","Mauritius","Coal","2018",1.26
"MUS","Mauritius","Gas","2018",0
"MUS","Mauritius","Hydro","2018",0.12
"MUS","Mauritius","Nuclear","2018",0
"MUS","Mauritius","Other Fossil","2018",1.22
"MUS","Mauritius","Other Renewables","2018",0
"MUS","Mauritius","Solar","2018",0.05
"MUS","Mauritius","Wind","2018",0.01
"MUS","Mauritius","Bioenergy","2019",0.46
"MUS","Mauritius","Coal","2019",1.17
"MUS","Mauritius","Gas","2019",0
"MUS","Mauritius","Hydro","2019",0.1
"MUS","Mauritius","Nuclear","2019",0
"MUS","Mauritius","Other Fossil","2019",1.36
"MUS","Mauritius","Other Renewables","2019",0
"MUS","Mauritius","Solar","2019",0.13
"MUS","Mauritius","Wind","2019",0.01
"MUS","Mauritius","Bioenergy","2020",0.41
"MUS","Mauritius","Coal","2020",1.14
"MUS","Mauritius","Gas","2020",0
"MUS","Mauritius","Hydro","2020",0.12
"MUS","Mauritius","Nuclear","2020",0
"MUS","Mauritius","Other Fossil","2020",1.06
"MUS","Mauritius","Other Renewables","2020",0
"MUS","Mauritius","Solar","2020",0.15
"MUS","Mauritius","Wind","2020",0.02
"MUS","Mauritius","Bioenergy","2021",0.37
"MUS","Mauritius","Coal","2021",1.25
"MUS","Mauritius","Gas","2021",0
"MUS","Mauritius","Hydro","2021",0.11
"MUS","Mauritius","Nuclear","2021",0
"MUS","Mauritius","Other Fossil","2021",1.1
"MUS","Mauritius","Other Renewables","2021",0
"MUS","Mauritius","Solar","2021",0.15
"MUS","Mauritius","Wind","2021",0.01
"MUS","Mauritius","Bioenergy","2022",0.3
"MUS","Mauritius","Coal","2022",0.98
"MUS","Mauritius","Gas","2022",0
"MUS","Mauritius","Hydro","2022",0.13
"MUS","Mauritius","Nuclear","2022",0
"MUS","Mauritius","Other Fossil","2022",1.53
"MUS","Mauritius","Other Renewables","2022",0
"MUS","Mauritius","Solar","2022",0.16
"MUS","Mauritius","Wind","2022",0.02
"MUS","Mauritius","Bioenergy","2023",0.32
"MUS","Mauritius","Coal","2023",1.1
"MUS","Mauritius","Gas","2023",0
"MUS","Mauritius","Hydro","2023",0.09
"MUS","Mauritius","Nuclear","2023",0
"MUS","Mauritius","Other Fossil","2023",1.6
"MUS","Mauritius","Other Renewables","2023",0
"MUS","Mauritius","Solar","2023",0.15
"MUS","Mauritius","Wind","2023",0.01
"MUS","Mauritius","Bioenergy","2024",0.32
"MUS","Mauritius","Coal","2024",1.34
"MUS","Mauritius","Gas","2024",0
"MUS","Mauritius","Hydro","2024",0.11
"MUS","Mauritius","Nuclear","2024",0
"MUS","Mauritius","Other Fossil","2024",1.46
"MUS","Mauritius","Other Renewables","2024",0
"MUS","Mauritius","Solar","2024",0.17
"MUS","Mauritius","Wind","2024",0.01
"MEX","Mexico","Bioenergy","2015",8.4
"MEX","Mexico","Coal","2015",33.76
"MEX","Mexico","Gas","2015",185.55
"MEX","Mexico","Hydro","2015",30.89
"MEX","Mexico","Nuclear","2015",11.58
"MEX","Mexico","Other Fossil","2015",31.23
"MEX","Mexico","Solar","2015",0.2
"MEX","Mexico","Wind","2015",8.75
"MEX","Mexico","Bioenergy","2016",8.32
"MEX","Mexico","Coal","2016",34.45
"MEX","Mexico","Gas","2016",192.83
"MEX","Mexico","Hydro","2016",30.03
"MEX","Mexico","Nuclear","2016",10.57
"MEX","Mexico","Other Fossil","2016",33.52
"MEX","Mexico","Solar","2016",0.25
"MEX","Mexico","Wind","2016",10.38
"MEX","Mexico","Bioenergy","2017",8.09
"MEX","Mexico","Coal","2017",30.86
"MEX","Mexico","Gas","2017",197.7
"MEX","Mexico","Hydro","2017",30.88
"MEX","Mexico","Nuclear","2017",10.88
"MEX","Mexico","Other Fossil","2017",38.87
"MEX","Mexico","Solar","2017",1.19
"MEX","Mexico","Wind","2017",10.62
"MEX","Mexico","Bioenergy","2018",7.36
"MEX","Mexico","Coal","2018",29.03
"MEX","Mexico","Gas","2018",215.77
"MEX","Mexico","Hydro","2018",32.23
"MEX","Mexico","Nuclear","2018",13.55
"MEX","Mexico","Other Fossil","2018",35.7
"MEX","Mexico","Solar","2018",3.21
"MEX","Mexico","Wind","2018",12.44
"MEX","Mexico","Bioenergy","2019",7.21
"MEX","Mexico","Coal","2019",32.68
"MEX","Mexico","Gas","2019",208.41
"MEX","Mexico","Hydro","2019",23.6
"MEX","Mexico","Nuclear","2019",11.19
"MEX","Mexico","Other Fossil","2019",34.79
"MEX","Mexico","Solar","2019",9.96
"MEX","Mexico","Wind","2019",16.73
"MEX","Mexico","Bioenergy","2020",7.01
"MEX","Mexico","Coal","2020",15.3
"MEX","Mexico","Gas","2020",209.26
"MEX","Mexico","Hydro","2020",26.82
"MEX","Mexico","Nuclear","2020",11.18
"MEX","Mexico","Other Fossil","2020",20.62
"MEX","Mexico","Solar","2020",15.84
"MEX","Mexico","Wind","2020",19.7
"MEX","Mexico","Bioenergy","2021",6.11
"MEX","Mexico","Coal","2021",7.38
"MEX","Mexico","Gas","2021",195.73
"MEX","Mexico","Hydro","2021",34.72
"MEX","Mexico","Nuclear","2021",11.92
"MEX","Mexico","Other Fossil","2021",31.47
"MEX","Mexico","Solar","2021",20.19
"MEX","Mexico","Wind","2021",21.07
"MEX","Mexico","Bioenergy","2022",6.7
"MEX","Mexico","Coal","2022",10.38
"MEX","Mexico","Gas","2022",203.16
"MEX","Mexico","Hydro","2022",35.56
"MEX","Mexico","Nuclear","2022",10.85
"MEX","Mexico","Other Fossil","2022",32.63
"MEX","Mexico","Solar","2022",20.34
"MEX","Mexico","Wind","2022",20.53
"MEX","Mexico","Bioenergy","2023",6.63
"MEX","Mexico","Coal","2023",13.53
"MEX","Mexico","Gas","2023",219.24
"MEX","Mexico","Hydro","2023",20.61
"MEX","Mexico","Nuclear","2023",12.39
"MEX","Mexico","Other Fossil","2023",35.26
"MEX","Mexico","Solar","2023",23.34
"MEX","Mexico","Wind","2023",20.7
"MEX","Mexico","Bioenergy","2024",5.99
"MEX","Mexico","Coal","2024",12.39
"MEX","Mexico","Gas","2024",221.67
"MEX","Mexico","Hydro","2024",23.54
"MEX","Mexico","Nuclear","2024",12.31
"MEX","Mexico","Other Fossil","2024",33.81
"MEX","Mexico","Solar","2024",25.72
"MEX","Mexico","Wind","2024",19.75
"MEX","Mexico","Bioenergy","2025",5.96
"MEX","Mexico","Coal","2025",10.88
"MEX","Mexico","Gas","2025",219.92
"MEX","Mexico","Hydro","2025",28.75
"MEX","Mexico","Nuclear","2025",10.16
"MEX","Mexico","Other Fossil","2025",33.58
"MEX","Mexico","Solar","2025",26.34
"MEX","Mexico","Wind","2025",21.38
"MDA","Moldova","Bioenergy","2015",0.01
"MDA","Moldova","Coal","2015",0
"MDA","Moldova","Gas","2015",5.76
"MDA","Moldova","Hydro","2015",0.26
"MDA","Moldova","Nuclear","2015",0
"MDA","Moldova","Other Fossil","2015",0.01
"MDA","Moldova","Other Renewables","2015",0
"MDA","Moldova","Solar","2015",0
"MDA","Moldova","Wind","2015",0
"MDA","Moldova","Bioenergy","2016",0.01
"MDA","Moldova","Coal","2016",0
"MDA","Moldova","Gas","2016",5.59
"MDA","Moldova","Hydro","2016",0.23
"MDA","Moldova","Nuclear","2016",0
"MDA","Moldova","Other Fossil","2016",0.02
"MDA","Moldova","Other Renewables","2016",0
"MDA","Moldova","Solar","2016",0
"MDA","Moldova","Wind","2016",0
"MDA","Moldova","Bioenergy","2017",0.02
"MDA","Moldova","Coal","2017",0
"MDA","Moldova","Gas","2017",4.63
"MDA","Moldova","Hydro","2017",0.28
"MDA","Moldova","Nuclear","2017",0
"MDA","Moldova","Other Fossil","2017",0.02
"MDA","Moldova","Other Renewables","2017",0
"MDA","Moldova","Solar","2017",0
"MDA","Moldova","Wind","2017",0.01
"MDA","Moldova","Bioenergy","2018",0.03
"MDA","Moldova","Coal","2018",0
"MDA","Moldova","Gas","2018",5.05
"MDA","Moldova","Hydro","2018",0.27
"MDA","Moldova","Nuclear","2018",0
"MDA","Moldova","Other Fossil","2018",0.01
"MDA","Moldova","Other Renewables","2018",0
"MDA","Moldova","Solar","2018",0
"MDA","Moldova","Wind","2018",0.02
"MDA","Moldova","Bioenergy","2019",0.03
"MDA","Moldova","Coal","2019",0
"MDA","Moldova","Gas","2019",5.32
"MDA","Moldova","Hydro","2019",0.3
"MDA","Moldova","Nuclear","2019",0
"MDA","Moldova","Other Fossil","2019",0
"MDA","Moldova","Other Renewables","2019",0
"MDA","Moldova","Solar","2019",0
"MDA","Moldova","Wind","2019",0.04
"MDA","Moldova","Bioenergy","2020",0.03
"MDA","Moldova","Coal","2020",0
"MDA","Moldova","Gas","2020",5.82
"MDA","Moldova","Hydro","2020",0.28
"MDA","Moldova","Nuclear","2020",0
"MDA","Moldova","Other Fossil","2020",0
"MDA","Moldova","Other Renewables","2020",0
"MDA","Moldova","Solar","2020",0
"MDA","Moldova","Wind","2020",0.05
"MDA","Moldova","Bioenergy","2021",0.03
"MDA","Moldova","Coal","2021",0
"MDA","Moldova","Gas","2021",6.18
"MDA","Moldova","Hydro","2021",0.32
"MDA","Moldova","Nuclear","2021",0
"MDA","Moldova","Other Fossil","2021",0.04
"MDA","Moldova","Other Renewables","2021",0
"MDA","Moldova","Solar","2021",0.01
"MDA","Moldova","Wind","2021",0.08
"MDA","Moldova","Bioenergy","2022",0.03
"MDA","Moldova","Coal","2022",0
"MDA","Moldova","Gas","2022",4.63
"MDA","Moldova","Hydro","2022",0.29
"MDA","Moldova","Nuclear","2022",0
"MDA","Moldova","Other Fossil","2022",0.19
"MDA","Moldova","Other Renewables","2022",0
"MDA","Moldova","Solar","2022",0.05
"MDA","Moldova","Wind","2022",0.14
"MDA","Moldova","Bioenergy","2023",0.01
"MDA","Moldova","Coal","2023",0
"MDA","Moldova","Gas","2023",5.44
"MDA","Moldova","Hydro","2023",0.32
"MDA","Moldova","Nuclear","2023",0
"MDA","Moldova","Other Fossil","2023",0.3
"MDA","Moldova","Other Renewables","2023",0
"MDA","Moldova","Solar","2023",0.09
"MDA","Moldova","Wind","2023",0.19
"MDA","Moldova","Bioenergy","2024",0.02
"MDA","Moldova","Coal","2024",0
"MDA","Moldova","Gas","2024",5.2
"MDA","Moldova","Hydro","2024",0.32
"MDA","Moldova","Nuclear","2024",0
"MDA","Moldova","Other Fossil","2024",0.22
"MDA","Moldova","Other Renewables","2024",0
"MDA","Moldova","Solar","2024",0.1
"MDA","Moldova","Wind","2024",0.21
"MDA","Moldova","Bioenergy","2025",0.02
"MDA","Moldova","Coal","2025",0
"MDA","Moldova","Gas","2025",1.85
"MDA","Moldova","Hydro","2025",0.35
"MDA","Moldova","Nuclear","2025",0
"MDA","Moldova","Other Fossil","2025",0.22
"MDA","Moldova","Other Renewables","2025",0
"MDA","Moldova","Solar","2025",0.23
"MDA","Moldova","Wind","2025",0.23
"MNG","Mongolia","Bioenergy","2015",0
"MNG","Mongolia","Coal","2015",5.06
"MNG","Mongolia","Gas","2015",0
"MNG","Mongolia","Hydro","2015",0.06
"MNG","Mongolia","Nuclear","2015",0
"MNG","Mongolia","Other Fossil","2015",0.23
"MNG","Mongolia","Other Renewables","2015",0
"MNG","Mongolia","Solar","2015",0.01
"MNG","Mongolia","Wind","2015",0.15
"MNG","Mongolia","Bioenergy","2016",0
"MNG","Mongolia","Coal","2016",5.23
"MNG","Mongolia","Gas","2016",0
"MNG","Mongolia","Hydro","2016",0.09
"MNG","Mongolia","Nuclear","2016",0
"MNG","Mongolia","Other Fossil","2016",0.19
"MNG","Mongolia","Other Renewables","2016",0
"MNG","Mongolia","Solar","2016",0.01
"MNG","Mongolia","Wind","2016",0.15
"MNG","Mongolia","Bioenergy","2017",0
"MNG","Mongolia","Coal","2017",5.5
"MNG","Mongolia","Gas","2017",0
"MNG","Mongolia","Hydro","2017",0.08
"MNG","Mongolia","Nuclear","2017",0
"MNG","Mongolia","Other Fossil","2017",0.28
"MNG","Mongolia","Other Renewables","2017",0
"MNG","Mongolia","Solar","2017",0.03
"MNG","Mongolia","Wind","2017",0.14
"MNG","Mongolia","Bioenergy","2018",0
"MNG","Mongolia","Coal","2018",5.83
"MNG","Mongolia","Gas","2018",0
"MNG","Mongolia","Hydro","2018",0.08
"MNG","Mongolia","Nuclear","2018",0
"MNG","Mongolia","Other Fossil","2018",0.3
"MNG","Mongolia","Other Renewables","2018",0
"MNG","Mongolia","Solar","2018",0.06
"MNG","Mongolia","Wind","2018",0.3
"MNG","Mongolia","Bioenergy","2019",0
"MNG","Mongolia","Coal","2019",5.88
"MNG","Mongolia","Gas","2019",0
"MNG","Mongolia","Hydro","2019",0.09
"MNG","Mongolia","Nuclear","2019",0
"MNG","Mongolia","Other Fossil","2019",0.37
"MNG","Mongolia","Other Renewables","2019",0
"MNG","Mongolia","Solar","2019",0.12
"MNG","Mongolia","Wind","2019",0.48
"MNG","Mongolia","Bioenergy","2020",0
"MNG","Mongolia","Coal","2020",5.61
"MNG","Mongolia","Gas","2020",0
"MNG","Mongolia","Hydro","2020",0.08
"MNG","Mongolia","Nuclear","2020",0
"MNG","Mongolia","Other Fossil","2020",0.35
"MNG","Mongolia","Other Renewables","2020",0
"MNG","Mongolia","Solar","2020",0.12
"MNG","Mongolia","Wind","2020",0.48
"MNG","Mongolia","Bioenergy","2021",0
"MNG","Mongolia","Coal","2021",6.27
"MNG","Mongolia","Gas","2021",0
"MNG","Mongolia","Hydro","2021",0.08
"MNG","Mongolia","Nuclear","2021",0
"MNG","Mongolia","Other Fossil","2021",0.34
"MNG","Mongolia","Other Renewables","2021",0
"MNG","Mongolia","Solar","2021",0.17
"MNG","Mongolia","Wind","2021",0.58
"MNG","Mongolia","Bioenergy","2022",0
"MNG","Mongolia","Coal","2022",6.65
"MNG","Mongolia","Gas","2022",0
"MNG","Mongolia","Hydro","2022",0.06
"MNG","Mongolia","Nuclear","2022",0
"MNG","Mongolia","Other Fossil","2022",0.34
"MNG","Mongolia","Other Renewables","2022",0
"MNG","Mongolia","Solar","2022",0.19
"MNG","Mongolia","Wind","2022",0.51
"MNG","Mongolia","Bioenergy","2023",0
"MNG","Mongolia","Coal","2023",7.06
"MNG","Mongolia","Gas","2023",0
"MNG","Mongolia","Hydro","2023",0.06
"MNG","Mongolia","Nuclear","2023",0
"MNG","Mongolia","Other Fossil","2023",0.47
"MNG","Mongolia","Other Renewables","2023",0
"MNG","Mongolia","Solar","2023",0.19
"MNG","Mongolia","Wind","2023",0.51
"MNG","Mongolia","Bioenergy","2024",0
"MNG","Mongolia","Coal","2024",7.47
"MNG","Mongolia","Gas","2024",0
"MNG","Mongolia","Hydro","2024",0.06
"MNG","Mongolia","Nuclear","2024",0
"MNG","Mongolia","Other Fossil","2024",0.57
"MNG","Mongolia","Other Renewables","2024",0
"MNG","Mongolia","Solar","2024",0.21
"MNG","Mongolia","Wind","2024",0.51
"MNG","Mongolia","Bioenergy","2025",0
"MNG","Mongolia","Coal","2025",8.31
"MNG","Mongolia","Gas","2025",0
"MNG","Mongolia","Hydro","2025",0.06
"MNG","Mongolia","Nuclear","2025",0
"MNG","Mongolia","Other Fossil","2025",0.57
"MNG","Mongolia","Other Renewables","2025",0
"MNG","Mongolia","Solar","2025",0.21
"MNG","Mongolia","Wind","2025",0.54
"MNE","Montenegro","Bioenergy","2015",0
"MNE","Montenegro","Coal","2015",1.51
"MNE","Montenegro","Gas","2015",0
"MNE","Montenegro","Hydro","2015",1.49
"MNE","Montenegro","Nuclear","2015",0
"MNE","Montenegro","Other Fossil","2015",0
"MNE","Montenegro","Other Renewables","2015",0
"MNE","Montenegro","Solar","2015",0
"MNE","Montenegro","Bioenergy","2016",0
"MNE","Montenegro","Coal","2016",1.3
"MNE","Montenegro","Gas","2016",0
"MNE","Montenegro","Hydro","2016",1.84
"MNE","Montenegro","Nuclear","2016",0
"MNE","Montenegro","Other Fossil","2016",0
"MNE","Montenegro","Other Renewables","2016",0
"MNE","Montenegro","Solar","2016",0
"MNE","Montenegro","Bioenergy","2017",0
"MNE","Montenegro","Coal","2017",1.36
"MNE","Montenegro","Gas","2017",0
"MNE","Montenegro","Hydro","2017",1.02
"MNE","Montenegro","Nuclear","2017",0
"MNE","Montenegro","Other Fossil","2017",0
"MNE","Montenegro","Other Renewables","2017",0
"MNE","Montenegro","Solar","2017",0
"MNE","Montenegro","Wind","2017",0.1
"MNE","Montenegro","Bioenergy","2018",0
"MNE","Montenegro","Coal","2018",1.55
"MNE","Montenegro","Gas","2018",0
"MNE","Montenegro","Hydro","2018",2.11
"MNE","Montenegro","Nuclear","2018",0
"MNE","Montenegro","Other Fossil","2018",0
"MNE","Montenegro","Other Renewables","2018",0
"MNE","Montenegro","Solar","2018",0
"MNE","Montenegro","Wind","2018",0.14
"MNE","Montenegro","Bioenergy","2019",0
"MNE","Montenegro","Coal","2019",1.5
"MNE","Montenegro","Gas","2019",0
"MNE","Montenegro","Hydro","2019",1.63
"MNE","Montenegro","Nuclear","2019",0
"MNE","Montenegro","Other Fossil","2019",0
"MNE","Montenegro","Other Renewables","2019",0
"MNE","Montenegro","Solar","2019",0
"MNE","Montenegro","Wind","2019",0.3
"MNE","Montenegro","Bioenergy","2020",0
"MNE","Montenegro","Coal","2020",1.62
"MNE","Montenegro","Gas","2020",0
"MNE","Montenegro","Hydro","2020",1.45
"MNE","Montenegro","Nuclear","2020",0
"MNE","Montenegro","Other Fossil","2020",0
"MNE","Montenegro","Other Renewables","2020",0
"MNE","Montenegro","Solar","2020",0
"MNE","Montenegro","Wind","2020",0.32
"MNE","Montenegro","Bioenergy","2021",0
"MNE","Montenegro","Coal","2021",1.44
"MNE","Montenegro","Gas","2021",0
"MNE","Montenegro","Hydro","2021",2.01
"MNE","Montenegro","Nuclear","2021",0
"MNE","Montenegro","Other Fossil","2021",0
"MNE","Montenegro","Other Renewables","2021",0
"MNE","Montenegro","Solar","2021",0
"MNE","Montenegro","Wind","2021",0.32
"MNE","Montenegro","Bioenergy","2022",0
"MNE","Montenegro","Coal","2022",1.55
"MNE","Montenegro","Gas","2022",0
"MNE","Montenegro","Hydro","2022",1.44
"MNE","Montenegro","Nuclear","2022",0
"MNE","Montenegro","Other Fossil","2022",0
"MNE","Montenegro","Other Renewables","2022",0
"MNE","Montenegro","Solar","2022",0
"MNE","Montenegro","Wind","2022",0.32
"MNE","Montenegro","Bioenergy","2023",0
"MNE","Montenegro","Coal","2023",1.64
"MNE","Montenegro","Gas","2023",0
"MNE","Montenegro","Hydro","2023",2.22
"MNE","Montenegro","Nuclear","2023",0
"MNE","Montenegro","Other Fossil","2023",0
"MNE","Montenegro","Other Renewables","2023",0
"MNE","Montenegro","Solar","2023",0.02
"MNE","Montenegro","Wind","2023",0.31
"MNE","Montenegro","Bioenergy","2024",0
"MNE","Montenegro","Coal","2024",1.43
"MNE","Montenegro","Gas","2024",0
"MNE","Montenegro","Hydro","2024",1.77
"MNE","Montenegro","Nuclear","2024",0
"MNE","Montenegro","Other Fossil","2024",0
"MNE","Montenegro","Other Renewables","2024",0
"MNE","Montenegro","Solar","2024",0.06
"MNE","Montenegro","Wind","2024",0.27
"MNE","Montenegro","Bioenergy","2025",0
"MNE","Montenegro","Coal","2025",0.6
"MNE","Montenegro","Gas","2025",0
"MNE","Montenegro","Hydro","2025",1.44
"MNE","Montenegro","Nuclear","2025",0
"MNE","Montenegro","Other Fossil","2025",0
"MNE","Montenegro","Other Renewables","2025",0
"MNE","Montenegro","Solar","2025",0.14
"MNE","Montenegro","Wind","2025",0.28
"MSR","Montserrat","Bioenergy","2015",0
"MSR","Montserrat","Coal","2015",0
"MSR","Montserrat","Gas","2015",0
"MSR","Montserrat","Hydro","2015",0
"MSR","Montserrat","Nuclear","2015",0
"MSR","Montserrat","Other Fossil","2015",0.01
"MSR","Montserrat","Other Renewables","2015",0
"MSR","Montserrat","Solar","2015",0
"MSR","Montserrat","Wind","2015",0
"MSR","Montserrat","Bioenergy","2016",0
"MSR","Montserrat","Coal","2016",0
"MSR","Montserrat","Gas","2016",0
"MSR","Montserrat","Hydro","2016",0
"MSR","Montserrat","Nuclear","2016",0
"MSR","Montserrat","Other Fossil","2016",0.01
"MSR","Montserrat","Other Renewables","2016",0
"MSR","Montserrat","Solar","2016",0
"MSR","Montserrat","Wind","2016",0
"MSR","Montserrat","Bioenergy","2017",0
"MSR","Montserrat","Coal","2017",0
"MSR","Montserrat","Gas","2017",0
"MSR","Montserrat","Hydro","2017",0
"MSR","Montserrat","Nuclear","2017",0
"MSR","Montserrat","Other Fossil","2017",0.01
"MSR","Montserrat","Other Renewables","2017",0
"MSR","Montserrat","Solar","2017",0
"MSR","Montserrat","Wind","2017",0
"MSR","Montserrat","Bioenergy","2018",0
"MSR","Montserrat","Coal","2018",0
"MSR","Montserrat","Gas","2018",0
"MSR","Montserrat","Hydro","2018",0
"MSR","Montserrat","Nuclear","2018",0
"MSR","Montserrat","Other Fossil","2018",0.01
"MSR","Montserrat","Other Renewables","2018",0
"MSR","Montserrat","Solar","2018",0
"MSR","Montserrat","Wind","2018",0
"MSR","Montserrat","Bioenergy","2019",0
"MSR","Montserrat","Coal","2019",0
"MSR","Montserrat","Gas","2019",0
"MSR","Montserrat","Hydro","2019",0
"MSR","Montserrat","Nuclear","2019",0
"MSR","Montserrat","Other Fossil","2019",0.01
"MSR","Montserrat","Other Renewables","2019",0
"MSR","Montserrat","Solar","2019",0
"MSR","Montserrat","Wind","2019",0
"MSR","Montserrat","Bioenergy","2020",0
"MSR","Montserrat","Coal","2020",0
"MSR","Montserrat","Gas","2020",0
"MSR","Montserrat","Hydro","2020",0
"MSR","Montserrat","Nuclear","2020",0
"MSR","Montserrat","Other Fossil","2020",0.01
"MSR","Montserrat","Other Renewables","2020",0
"MSR","Montserrat","Solar","2020",0
"MSR","Montserrat","Wind","2020",0
"MSR","Montserrat","Bioenergy","2021",0
"MSR","Montserrat","Coal","2021",0
"MSR","Montserrat","Gas","2021",0
"MSR","Montserrat","Hydro","2021",0
"MSR","Montserrat","Nuclear","2021",0
"MSR","Montserrat","Other Fossil","2021",0.01
"MSR","Montserrat","Other Renewables","2021",0
"MSR","Montserrat","Solar","2021",0
"MSR","Montserrat","Wind","2021",0
"MSR","Montserrat","Bioenergy","2022",0
"MSR","Montserrat","Coal","2022",0
"MSR","Montserrat","Gas","2022",0
"MSR","Montserrat","Hydro","2022",0
"MSR","Montserrat","Nuclear","2022",0
"MSR","Montserrat","Other Fossil","2022",0.01
"MSR","Montserrat","Other Renewables","2022",0
"MSR","Montserrat","Solar","2022",0
"MSR","Montserrat","Wind","2022",0
"MSR","Montserrat","Bioenergy","2023",0
"MSR","Montserrat","Coal","2023",0
"MSR","Montserrat","Gas","2023",0
"MSR","Montserrat","Hydro","2023",0
"MSR","Montserrat","Nuclear","2023",0
"MSR","Montserrat","Other Fossil","2023",0.01
"MSR","Montserrat","Other Renewables","2023",0
"MSR","Montserrat","Solar","2023",0
"MSR","Montserrat","Wind","2023",0
"MSR","Montserrat","Bioenergy","2024",0
"MSR","Montserrat","Coal","2024",0
"MSR","Montserrat","Gas","2024",0
"MSR","Montserrat","Hydro","2024",0
"MSR","Montserrat","Nuclear","2024",0
"MSR","Montserrat","Other Fossil","2024",0.01
"MSR","Montserrat","Other Renewables","2024",0
"MSR","Montserrat","Solar","2024",0
"MSR","Montserrat","Wind","2024",0
"MAR","Morocco","Bioenergy","2015",0.01
"MAR","Morocco","Coal","2015",17.11
"MAR","Morocco","Gas","2015",5.78
"MAR","Morocco","Hydro","2015",2.28
"MAR","Morocco","Nuclear","2015",0
"MAR","Morocco","Other Fossil","2015",2.21
"MAR","Morocco","Other Renewables","2015",0
"MAR","Morocco","Solar","2015",0
"MAR","Morocco","Wind","2015",2.52
"MAR","Morocco","Bioenergy","2016",0.01
"MAR","Morocco","Coal","2016",16.99
"MAR","Morocco","Gas","2016",5.91
"MAR","Morocco","Hydro","2016",1.66
"MAR","Morocco","Nuclear","2016",0
"MAR","Morocco","Other Fossil","2016",2.88
"MAR","Morocco","Other Renewables","2016",0
"MAR","Morocco","Solar","2016",0.4
"MAR","Morocco","Wind","2016",3.02
"MAR","Morocco","Bioenergy","2017",0.04
"MAR","Morocco","Coal","2017",17.55
"MAR","Morocco","Gas","2017",5.84
"MAR","Morocco","Hydro","2017",1.57
"MAR","Morocco","Nuclear","2017",0
"MAR","Morocco","Other Fossil","2017",3.49
"MAR","Morocco","Other Renewables","2017",0
"MAR","Morocco","Solar","2017",0.41
"MAR","Morocco","Wind","2017",3.04
"MAR","Morocco","Bioenergy","2018",0.04
"MAR","Morocco","Coal","2018",21.26
"MAR","Morocco","Gas","2018",5.2
"MAR","Morocco","Hydro","2018",2
"MAR","Morocco","Nuclear","2018",0
"MAR","Morocco","Other Fossil","2018",1.25
"MAR","Morocco","Other Renewables","2018",0
"MAR","Morocco","Solar","2018",0.95
"MAR","Morocco","Wind","2018",3.86
"MAR","Morocco","Bioenergy","2019",0.04
"MAR","Morocco","Coal","2019",26.9
"MAR","Morocco","Gas","2019",4.7
"MAR","Morocco","Hydro","2019",1.65
"MAR","Morocco","Nuclear","2019",0
"MAR","Morocco","Other Fossil","2019",0.79
"MAR","Morocco","Other Renewables","2019",0
"MAR","Morocco","Solar","2019",1.58
"MAR","Morocco","Wind","2019",4.72
"MAR","Morocco","Bioenergy","2020",0.04
"MAR","Morocco","Coal","2020",27.21
"MAR","Morocco","Gas","2020",3.46
"MAR","Morocco","Hydro","2020",1.29
"MAR","Morocco","Nuclear","2020",0
"MAR","Morocco","Other Fossil","2020",0.69
"MAR","Morocco","Other Renewables","2020",0
"MAR","Morocco","Solar","2020",1.52
"MAR","Morocco","Wind","2020",4.59
"MAR","Morocco","Bioenergy","2021",0.04
"MAR","Morocco","Coal","2021",28.28
"MAR","Morocco","Gas","2021",3.46
"MAR","Morocco","Hydro","2021",1.21
"MAR","Morocco","Nuclear","2021",0
"MAR","Morocco","Other Fossil","2021",1.38
"MAR","Morocco","Other Renewables","2021",0
"MAR","Morocco","Solar","2021",1.82
"MAR","Morocco","Wind","2021",5.11
"MAR","Morocco","Bioenergy","2022",0.04
"MAR","Morocco","Coal","2022",29
"MAR","Morocco","Gas","2022",0.69
"MAR","Morocco","Hydro","2022",0.68
"MAR","Morocco","Nuclear","2022",0
"MAR","Morocco","Other Fossil","2022",4.19
"MAR","Morocco","Other Renewables","2022",0
"MAR","Morocco","Solar","2022",1.45
"MAR","Morocco","Wind","2022",5.36
"MAR","Morocco","Bioenergy","2023",0.04
"MAR","Morocco","Coal","2023",27.15
"MAR","Morocco","Gas","2023",4.26
"MAR","Morocco","Hydro","2023",0.52
"MAR","Morocco","Nuclear","2023",0
"MAR","Morocco","Other Fossil","2023",1.83
"MAR","Morocco","Other Renewables","2023",0
"MAR","Morocco","Solar","2023",2.11
"MAR","Morocco","Wind","2023",6.55
"MAR","Morocco","Bioenergy","2024",0.04
"MAR","Morocco","Coal","2024",26.18
"MAR","Morocco","Gas","2024",4.33
"MAR","Morocco","Hydro","2024",0.81
"MAR","Morocco","Nuclear","2024",0
"MAR","Morocco","Other Fossil","2024",1.54
"MAR","Morocco","Other Renewables","2024",0
"MAR","Morocco","Solar","2024",2.41
"MAR","Morocco","Wind","2024",7.09
"MAR","Morocco","Bioenergy","2025",0.04
"MAR","Morocco","Coal","2025",27.52
"MAR","Morocco","Gas","2025",4.78
"MAR","Morocco","Hydro","2025",0.92
"MAR","Morocco","Nuclear","2025",0
"MAR","Morocco","Other Fossil","2025",1.57
"MAR","Morocco","Other Renewables","2025",0
"MAR","Morocco","Solar","2025",2.58
"MAR","Morocco","Wind","2025",6.74
"MOZ","Mozambique","Bioenergy","2015",0
"MOZ","Mozambique","Coal","2015",0
"MOZ","Mozambique","Gas","2015",1.27
"MOZ","Mozambique","Hydro","2015",17.09
"MOZ","Mozambique","Nuclear","2015",0
"MOZ","Mozambique","Other Fossil","2015",0.02
"MOZ","Mozambique","Other Renewables","2015",0
"MOZ","Mozambique","Solar","2015",0
"MOZ","Mozambique","Wind","2015",0
"MOZ","Mozambique","Bioenergy","2016",0
"MOZ","Mozambique","Coal","2016",0
"MOZ","Mozambique","Gas","2016",2.83
"MOZ","Mozambique","Hydro","2016",15.6
"MOZ","Mozambique","Nuclear","2016",0
"MOZ","Mozambique","Other Fossil","2016",0.43
"MOZ","Mozambique","Other Renewables","2016",0
"MOZ","Mozambique","Solar","2016",0
"MOZ","Mozambique","Wind","2016",0
"MOZ","Mozambique","Bioenergy","2017",0.14
"MOZ","Mozambique","Coal","2017",0
"MOZ","Mozambique","Gas","2017",2.79
"MOZ","Mozambique","Hydro","2017",14.06
"MOZ","Mozambique","Nuclear","2017",0
"MOZ","Mozambique","Other Fossil","2017",0.65
"MOZ","Mozambique","Other Renewables","2017",0
"MOZ","Mozambique","Solar","2017",0
"MOZ","Mozambique","Wind","2017",0
"MOZ","Mozambique","Bioenergy","2018",0.12
"MOZ","Mozambique","Coal","2018",0
"MOZ","Mozambique","Gas","2018",2.87
"MOZ","Mozambique","Hydro","2018",13.9
"MOZ","Mozambique","Nuclear","2018",0
"MOZ","Mozambique","Other Fossil","2018",0.25
"MOZ","Mozambique","Other Renewables","2018",0
"MOZ","Mozambique","Solar","2018",0
"MOZ","Mozambique","Wind","2018",0
"MOZ","Mozambique","Bioenergy","2019",0.11
"MOZ","Mozambique","Coal","2019",0
"MOZ","Mozambique","Gas","2019",3.78
"MOZ","Mozambique","Hydro","2019",14.93
"MOZ","Mozambique","Nuclear","2019",0
"MOZ","Mozambique","Other Fossil","2019",0.14
"MOZ","Mozambique","Other Renewables","2019",0
"MOZ","Mozambique","Solar","2019",0.03
"MOZ","Mozambique","Wind","2019",0
"MOZ","Mozambique","Bioenergy","2020",0.11
"MOZ","Mozambique","Coal","2020",0
"MOZ","Mozambique","Gas","2020",3
"MOZ","Mozambique","Hydro","2020",15.7
"MOZ","Mozambique","Nuclear","2020",0
"MOZ","Mozambique","Other Fossil","2020",0.14
"MOZ","Mozambique","Other Renewables","2020",0
"MOZ","Mozambique","Solar","2020",0.07
"MOZ","Mozambique","Wind","2020",0
"MOZ","Mozambique","Bioenergy","2021",0.11
"MOZ","Mozambique","Coal","2021",0
"MOZ","Mozambique","Gas","2021",3.04
"MOZ","Mozambique","Hydro","2021",15.47
"MOZ","Mozambique","Nuclear","2021",0
"MOZ","Mozambique","Other Fossil","2021",0.17
"MOZ","Mozambique","Other Renewables","2021",0
"MOZ","Mozambique","Solar","2021",0.07
"MOZ","Mozambique","Wind","2021",0
"MOZ","Mozambique","Bioenergy","2022",0.13
"MOZ","Mozambique","Coal","2022",0
"MOZ","Mozambique","Gas","2022",3.06
"MOZ","Mozambique","Hydro","2022",16.17
"MOZ","Mozambique","Nuclear","2022",0
"MOZ","Mozambique","Other Fossil","2022",0.13
"MOZ","Mozambique","Other Renewables","2022",0
"MOZ","Mozambique","Solar","2022",0.07
"MOZ","Mozambique","Wind","2022",0
"MOZ","Mozambique","Bioenergy","2023",0.13
"MOZ","Mozambique","Coal","2023",0
"MOZ","Mozambique","Gas","2023",3.12
"MOZ","Mozambique","Hydro","2023",16.48
"MOZ","Mozambique","Nuclear","2023",0
"MOZ","Mozambique","Other Fossil","2023",0.16
"MOZ","Mozambique","Other Renewables","2023",0
"MOZ","Mozambique","Solar","2023",0.07
"MOZ","Mozambique","Wind","2023",0
"MOZ","Mozambique","Bioenergy","2024",0.13
"MOZ","Mozambique","Coal","2024",0
"MOZ","Mozambique","Gas","2024",3.13
"MOZ","Mozambique","Hydro","2024",16.3
"MOZ","Mozambique","Nuclear","2024",0
"MOZ","Mozambique","Other Fossil","2024",0.15
"MOZ","Mozambique","Other Renewables","2024",0
"MOZ","Mozambique","Solar","2024",0.08
"MOZ","Mozambique","Wind","2024",0
"MMR","Myanmar","Bioenergy","2015",0.21
"MMR","Myanmar","Coal","2015",0.28
"MMR","Myanmar","Gas","2015",6.23
"MMR","Myanmar","Hydro","2015",9.4
"MMR","Myanmar","Nuclear","2015",0
"MMR","Myanmar","Other Fossil","2015",0.05
"MMR","Myanmar","Other Renewables","2015",0
"MMR","Myanmar","Solar","2015",0.03
"MMR","Myanmar","Wind","2015",0
"MMR","Myanmar","Bioenergy","2016",0.21
"MMR","Myanmar","Coal","2016",0.01
"MMR","Myanmar","Gas","2016",8.05
"MMR","Myanmar","Hydro","2016",9.74
"MMR","Myanmar","Nuclear","2016",0
"MMR","Myanmar","Other Fossil","2016",0.06
"MMR","Myanmar","Other Renewables","2016",0
"MMR","Myanmar","Solar","2016",0.05
"MMR","Myanmar","Wind","2016",0
"MMR","Myanmar","Bioenergy","2017",0.23
"MMR","Myanmar","Coal","2017",1.41
"MMR","Myanmar","Gas","2017",8.34
"MMR","Myanmar","Hydro","2017",10.93
"MMR","Myanmar","Nuclear","2017",0
"MMR","Myanmar","Other Fossil","2017",0.07
"MMR","Myanmar","Other Renewables","2017",0
"MMR","Myanmar","Solar","2017",0.06
"MMR","Myanmar","Wind","2017",0
"MMR","Myanmar","Bioenergy","2018",0.25
"MMR","Myanmar","Coal","2018",1.54
"MMR","Myanmar","Gas","2018",7.43
"MMR","Myanmar","Hydro","2018",12.27
"MMR","Myanmar","Nuclear","2018",0
"MMR","Myanmar","Other Fossil","2018",0.08
"MMR","Myanmar","Other Renewables","2018",0
"MMR","Myanmar","Solar","2018",0.07
"MMR","Myanmar","Wind","2018",0
"MMR","Myanmar","Bioenergy","2019",0.26
"MMR","Myanmar","Coal","2019",2.26
"MMR","Myanmar","Gas","2019",6.08
"MMR","Myanmar","Hydro","2019",10.52
"MMR","Myanmar","Nuclear","2019",0
"MMR","Myanmar","Other Fossil","2019",0.11
"MMR","Myanmar","Other Renewables","2019",0
"MMR","Myanmar","Solar","2019",0.09
"MMR","Myanmar","Wind","2019",0
"MMR","Myanmar","Bioenergy","2020",0.26
"MMR","Myanmar","Coal","2020",2.46
"MMR","Myanmar","Gas","2020",6.99
"MMR","Myanmar","Hydro","2020",8.8
"MMR","Myanmar","Nuclear","2020",0
"MMR","Myanmar","Other Fossil","2020",0.19
"MMR","Myanmar","Other Renewables","2020",0
"MMR","Myanmar","Solar","2020",0.08
"MMR","Myanmar","Wind","2020",0
"MMR","Myanmar","Bioenergy","2021",0.26
"MMR","Myanmar","Coal","2021",2.12
"MMR","Myanmar","Gas","2021",7.88
"MMR","Myanmar","Hydro","2021",9.51
"MMR","Myanmar","Nuclear","2021",0
"MMR","Myanmar","Other Fossil","2021",0.12
"MMR","Myanmar","Other Renewables","2021",0
"MMR","Myanmar","Solar","2021",0.09
"MMR","Myanmar","Wind","2021",0
"MMR","Myanmar","Bioenergy","2022",0.27
"MMR","Myanmar","Coal","2022",2.17
"MMR","Myanmar","Gas","2022",11.47
"MMR","Myanmar","Hydro","2022",9.07
"MMR","Myanmar","Nuclear","2022",0
"MMR","Myanmar","Other Fossil","2022",0.11
"MMR","Myanmar","Other Renewables","2022",0
"MMR","Myanmar","Solar","2022",0.16
"MMR","Myanmar","Wind","2022",0
"MMR","Myanmar","Bioenergy","2023",0.27
"MMR","Myanmar","Coal","2023",1.12
"MMR","Myanmar","Gas","2023",10.04
"MMR","Myanmar","Hydro","2023",9.43
"MMR","Myanmar","Nuclear","2023",0
"MMR","Myanmar","Other Fossil","2023",0.13
"MMR","Myanmar","Other Renewables","2023",0
"MMR","Myanmar","Solar","2023",0.11
"MMR","Myanmar","Wind","2023",0
"MMR","Myanmar","Bioenergy","2024",0.27
"MMR","Myanmar","Coal","2024",1.2
"MMR","Myanmar","Gas","2024",10
"MMR","Myanmar","Hydro","2024",10
"MMR","Myanmar","Nuclear","2024",0
"MMR","Myanmar","Other Fossil","2024",0.12
"MMR","Myanmar","Other Renewables","2024",0
"MMR","Myanmar","Solar","2024",0.12
"MMR","Myanmar","Wind","2024",0
"NAM","Namibia","Bioenergy","2015",0
"NAM","Namibia","Coal","2015",0.01
"NAM","Namibia","Gas","2015",0
"NAM","Namibia","Hydro","2015",1.5
"NAM","Namibia","Nuclear","2015",0
"NAM","Namibia","Other Fossil","2015",0.03
"NAM","Namibia","Other Renewables","2015",0
"NAM","Namibia","Solar","2015",0.04
"NAM","Namibia","Wind","2015",0
"NAM","Namibia","Bioenergy","2016",0
"NAM","Namibia","Coal","2016",0.05
"NAM","Namibia","Gas","2016",0
"NAM","Namibia","Hydro","2016",1.36
"NAM","Namibia","Nuclear","2016",0
"NAM","Namibia","Other Fossil","2016",0.01
"NAM","Namibia","Other Renewables","2016",0
"NAM","Namibia","Solar","2016",0.06
"NAM","Namibia","Wind","2016",0
"NAM","Namibia","Bioenergy","2017",0
"NAM","Namibia","Coal","2017",0.07
"NAM","Namibia","Gas","2017",0
"NAM","Namibia","Hydro","2017",1.59
"NAM","Namibia","Nuclear","2017",0
"NAM","Namibia","Other Fossil","2017",0
"NAM","Namibia","Other Renewables","2017",0
"NAM","Namibia","Solar","2017",0.11
"NAM","Namibia","Wind","2017",0
"NAM","Namibia","Bioenergy","2018",0
"NAM","Namibia","Coal","2018",0.02
"NAM","Namibia","Gas","2018",0
"NAM","Namibia","Hydro","2018",1.14
"NAM","Namibia","Nuclear","2018",0
"NAM","Namibia","Other Fossil","2018",0
"NAM","Namibia","Other Renewables","2018",0
"NAM","Namibia","Solar","2018",0.23
"NAM","Namibia","Wind","2018",0.02
"NAM","Namibia","Bioenergy","2019",0
"NAM","Namibia","Coal","2019",0.04
"NAM","Namibia","Gas","2019",0
"NAM","Namibia","Hydro","2019",0.95
"NAM","Namibia","Nuclear","2019",0
"NAM","Namibia","Other Fossil","2019",0.01
"NAM","Namibia","Other Renewables","2019",0
"NAM","Namibia","Solar","2019",0.36
"NAM","Namibia","Wind","2019",0.02
"NAM","Namibia","Bioenergy","2020",0
"NAM","Namibia","Coal","2020",0.06
"NAM","Namibia","Gas","2020",0
"NAM","Namibia","Hydro","2020",1.5
"NAM","Namibia","Nuclear","2020",0
"NAM","Namibia","Other Fossil","2020",0.01
"NAM","Namibia","Other Renewables","2020",0
"NAM","Namibia","Solar","2020",0.41
"NAM","Namibia","Wind","2020",0.02
"NAM","Namibia","Bioenergy","2021",0
"NAM","Namibia","Coal","2021",0.04
"NAM","Namibia","Gas","2021",0
"NAM","Namibia","Hydro","2021",0.97
"NAM","Namibia","Nuclear","2021",0
"NAM","Namibia","Other Fossil","2021",0
"NAM","Namibia","Other Renewables","2021",0
"NAM","Namibia","Solar","2021",0.48
"NAM","Namibia","Wind","2021",0.02
"NAM","Namibia","Bioenergy","2022",0
"NAM","Namibia","Coal","2022",0.02
"NAM","Namibia","Gas","2022",0
"NAM","Namibia","Hydro","2022",0.78
"NAM","Namibia","Nuclear","2022",0
"NAM","Namibia","Other Fossil","2022",0
"NAM","Namibia","Other Renewables","2022",0
"NAM","Namibia","Solar","2022",0.5
"NAM","Namibia","Wind","2022",0.02
"NAM","Namibia","Bioenergy","2023",0
"NAM","Namibia","Coal","2023",0.03
"NAM","Namibia","Gas","2023",0
"NAM","Namibia","Hydro","2023",1.32
"NAM","Namibia","Nuclear","2023",0
"NAM","Namibia","Other Fossil","2023",0.01
"NAM","Namibia","Other Renewables","2023",0
"NAM","Namibia","Solar","2023",0.51
"NAM","Namibia","Wind","2023",0.02
"NAM","Namibia","Bioenergy","2024",0
"NAM","Namibia","Coal","2024",0.04
"NAM","Namibia","Gas","2024",0
"NAM","Namibia","Hydro","2024",1
"NAM","Namibia","Nuclear","2024",0
"NAM","Namibia","Other Fossil","2024",0
"NAM","Namibia","Other Renewables","2024",0
"NAM","Namibia","Solar","2024",0.58
"NAM","Namibia","Wind","2024",0.02
"NRU","Nauru","Bioenergy","2015",0
"NRU","Nauru","Coal","2015",0
"NRU","Nauru","Gas","2015",0
"NRU","Nauru","Hydro","2015",0
"NRU","Nauru","Nuclear","2015",0
"NRU","Nauru","Other Fossil","2015",0.03
"NRU","Nauru","Other Renewables","2015",0
"NRU","Nauru","Solar","2015",0
"NRU","Nauru","Wind","2015",0
"NRU","Nauru","Bioenergy","2016",0
"NRU","Nauru","Coal","2016",0
"NRU","Nauru","Gas","2016",0
"NRU","Nauru","Hydro","2016",0
"NRU","Nauru","Nuclear","2016",0
"NRU","Nauru","Other Fossil","2016",0.03
"NRU","Nauru","Other Renewables","2016",0
"NRU","Nauru","Solar","2016",0
"NRU","Nauru","Wind","2016",0
"NRU","Nauru","Bioenergy","2017",0
"NRU","Nauru","Coal","2017",0
"NRU","Nauru","Gas","2017",0
"NRU","Nauru","Hydro","2017",0
"NRU","Nauru","Nuclear","2017",0
"NRU","Nauru","Other Fossil","2017",0.03
"NRU","Nauru","Other Renewables","2017",0
"NRU","Nauru","Solar","2017",0
"NRU","Nauru","Wind","2017",0
"NRU","Nauru","Bioenergy","2018",0
"NRU","Nauru","Coal","2018",0
"NRU","Nauru","Gas","2018",0
"NRU","Nauru","Hydro","2018",0
"NRU","Nauru","Nuclear","2018",0
"NRU","Nauru","Other Fossil","2018",0.04
"NRU","Nauru","Other Renewables","2018",0
"NRU","Nauru","Solar","2018",0
"NRU","Nauru","Wind","2018",0
"NRU","Nauru","Bioenergy","2019",0
"NRU","Nauru","Coal","2019",0
"NRU","Nauru","Gas","2019",0
"NRU","Nauru","Hydro","2019",0
"NRU","Nauru","Nuclear","2019",0
"NRU","Nauru","Other Fossil","2019",0.04
"NRU","Nauru","Other Renewables","2019",0
"NRU","Nauru","Solar","2019",0
"NRU","Nauru","Wind","2019",0
"NRU","Nauru","Bioenergy","2020",0
"NRU","Nauru","Coal","2020",0
"NRU","Nauru","Gas","2020",0
"NRU","Nauru","Hydro","2020",0
"NRU","Nauru","Nuclear","2020",0
"NRU","Nauru","Other Fossil","2020",0.04
"NRU","Nauru","Other Renewables","2020",0
"NRU","Nauru","Solar","2020",0
"NRU","Nauru","Wind","2020",0
"NRU","Nauru","Bioenergy","2021",0
"NRU","Nauru","Coal","2021",0
"NRU","Nauru","Gas","2021",0
"NRU","Nauru","Hydro","2021",0
"NRU","Nauru","Nuclear","2021",0
"NRU","Nauru","Other Fossil","2021",0.04
"NRU","Nauru","Other Renewables","2021",0
"NRU","Nauru","Solar","2021",0
"NRU","Nauru","Wind","2021",0
"NRU","Nauru","Bioenergy","2022",0
"NRU","Nauru","Coal","2022",0
"NRU","Nauru","Gas","2022",0
"NRU","Nauru","Hydro","2022",0
"NRU","Nauru","Nuclear","2022",0
"NRU","Nauru","Other Fossil","2022",0.04
"NRU","Nauru","Other Renewables","2022",0
"NRU","Nauru","Solar","2022",0
"NRU","Nauru","Wind","2022",0
"NRU","Nauru","Bioenergy","2023",0
"NRU","Nauru","Coal","2023",0
"NRU","Nauru","Gas","2023",0
"NRU","Nauru","Hydro","2023",0
"NRU","Nauru","Nuclear","2023",0
"NRU","Nauru","Other Fossil","2023",0.04
"NRU","Nauru","Other Renewables","2023",0
"NRU","Nauru","Solar","2023",0
"NRU","Nauru","Wind","2023",0
"NRU","Nauru","Bioenergy","2024",0
"NRU","Nauru","Coal","2024",0
"NRU","Nauru","Gas","2024",0
"NRU","Nauru","Hydro","2024",0
"NRU","Nauru","Nuclear","2024",0
"NRU","Nauru","Other Fossil","2024",0.04
"NRU","Nauru","Other Renewables","2024",0
"NRU","Nauru","Solar","2024",0.01
"NRU","Nauru","Wind","2024",0
"NPL","Nepal","Bioenergy","2015",0
"NPL","Nepal","Coal","2015",0
"NPL","Nepal","Gas","2015",0
"NPL","Nepal","Hydro","2015",3.43
"NPL","Nepal","Nuclear","2015",0
"NPL","Nepal","Other Fossil","2015",0
"NPL","Nepal","Other Renewables","2015",0
"NPL","Nepal","Solar","2015",0.02
"NPL","Nepal","Wind","2015",0.01
"NPL","Nepal","Bioenergy","2016",0
"NPL","Nepal","Coal","2016",0
"NPL","Nepal","Gas","2016",0
"NPL","Nepal","Hydro","2016",4.15
"NPL","Nepal","Nuclear","2016",0
"NPL","Nepal","Other Fossil","2016",0
"NPL","Nepal","Other Renewables","2016",0
"NPL","Nepal","Solar","2016",0.02
"NPL","Nepal","Wind","2016",0.01
"NPL","Nepal","Bioenergy","2017",0
"NPL","Nepal","Coal","2017",0
"NPL","Nepal","Gas","2017",0
"NPL","Nepal","Hydro","2017",4.49
"NPL","Nepal","Nuclear","2017",0
"NPL","Nepal","Other Fossil","2017",0
"NPL","Nepal","Other Renewables","2017",0
"NPL","Nepal","Solar","2017",0.08
"NPL","Nepal","Wind","2017",0.01
"NPL","Nepal","Bioenergy","2018",0
"NPL","Nepal","Coal","2018",0
"NPL","Nepal","Gas","2018",0
"NPL","Nepal","Hydro","2018",4.75
"NPL","Nepal","Nuclear","2018",0
"NPL","Nepal","Other Fossil","2018",0
"NPL","Nepal","Other Renewables","2018",0
"NPL","Nepal","Solar","2018",0.08
"NPL","Nepal","Wind","2018",0.01
"NPL","Nepal","Bioenergy","2019",0
"NPL","Nepal","Coal","2019",0
"NPL","Nepal","Gas","2019",0
"NPL","Nepal","Hydro","2019",6.06
"NPL","Nepal","Nuclear","2019",0
"NPL","Nepal","Other Fossil","2019",0
"NPL","Nepal","Other Renewables","2019",0
"NPL","Nepal","Solar","2019",0.08
"NPL","Nepal","Wind","2019",0.01
"NPL","Nepal","Bioenergy","2020",0
"NPL","Nepal","Coal","2020",0
"NPL","Nepal","Gas","2020",0
"NPL","Nepal","Hydro","2020",6.09
"NPL","Nepal","Nuclear","2020",0
"NPL","Nepal","Other Fossil","2020",0
"NPL","Nepal","Other Renewables","2020",0
"NPL","Nepal","Solar","2020",0.08
"NPL","Nepal","Wind","2020",0.01
"NPL","Nepal","Bioenergy","2021",0
"NPL","Nepal","Coal","2021",0
"NPL","Nepal","Gas","2021",0
"NPL","Nepal","Hydro","2021",9.53
"NPL","Nepal","Nuclear","2021",0
"NPL","Nepal","Other Fossil","2021",0
"NPL","Nepal","Other Renewables","2021",0
"NPL","Nepal","Solar","2021",0.09
"NPL","Nepal","Wind","2021",0.01
"NPL","Nepal","Bioenergy","2022",0
"NPL","Nepal","Coal","2022",0
"NPL","Nepal","Gas","2022",0
"NPL","Nepal","Hydro","2022",10.59
"NPL","Nepal","Nuclear","2022",0
"NPL","Nepal","Other Fossil","2022",0
"NPL","Nepal","Other Renewables","2022",0
"NPL","Nepal","Solar","2022",0.1
"NPL","Nepal","Wind","2022",0.01
"NPL","Nepal","Bioenergy","2023",0
"NPL","Nepal","Coal","2023",0
"NPL","Nepal","Gas","2023",0
"NPL","Nepal","Hydro","2023",10.59
"NPL","Nepal","Nuclear","2023",0
"NPL","Nepal","Other Fossil","2023",0
"NPL","Nepal","Other Renewables","2023",0
"NPL","Nepal","Solar","2023",0.1
"NPL","Nepal","Wind","2023",0.01
"NPL","Nepal","Bioenergy","2024",0
"NPL","Nepal","Coal","2024",0
"NPL","Nepal","Gas","2024",0
"NPL","Nepal","Hydro","2024",11
"NPL","Nepal","Nuclear","2024",0
"NPL","Nepal","Other Fossil","2024",0
"NPL","Nepal","Other Renewables","2024",0
"NPL","Nepal","Solar","2024",0.12
"NPL","Nepal","Wind","2024",0.01
"NLD","Netherlands","Bioenergy","2015",4.94
"NLD","Netherlands","Coal","2015",39.39
"NLD","Netherlands","Gas","2015",45.81
"NLD","Netherlands","Hydro","2015",0.09
"NLD","Netherlands","Nuclear","2015",4.08
"NLD","Netherlands","Other Fossil","2015",6.02
"NLD","Netherlands","Other Renewables","2015",0
"NLD","Netherlands","Solar","2015",1.11
"NLD","Netherlands","Wind","2015",7.55
"NLD","Netherlands","Bioenergy","2016",4.91
"NLD","Netherlands","Coal","2016",36.82
"NLD","Netherlands","Gas","2016",52.53
"NLD","Netherlands","Hydro","2016",0.1
"NLD","Netherlands","Nuclear","2016",3.96
"NLD","Netherlands","Other Fossil","2016",5.87
"NLD","Netherlands","Other Renewables","2016",0
"NLD","Netherlands","Solar","2016",1.6
"NLD","Netherlands","Wind","2016",8.17
"NLD","Netherlands","Bioenergy","2017",4.6
"NLD","Netherlands","Coal","2017",31.38
"NLD","Netherlands","Gas","2017",57.73
"NLD","Netherlands","Hydro","2017",0.06
"NLD","Netherlands","Nuclear","2017",3.4
"NLD","Netherlands","Other Fossil","2017",6.1
"NLD","Netherlands","Other Renewables","2017",0
"NLD","Netherlands","Solar","2017",2.2
"NLD","Netherlands","Wind","2017",10.57
"NLD","Netherlands","Bioenergy","2018",4.55
"NLD","Netherlands","Coal","2018",27.58
"NLD","Netherlands","Gas","2018",57.63
"NLD","Netherlands","Hydro","2018",0.07
"NLD","Netherlands","Nuclear","2018",3.51
"NLD","Netherlands","Other Fossil","2018",5.5
"NLD","Netherlands","Other Renewables","2018",0
"NLD","Netherlands","Solar","2018",3.71
"NLD","Netherlands","Wind","2018",10.55
"NLD","Netherlands","Bioenergy","2019",5.82
"NLD","Netherlands","Coal","2019",17.69
"NLD","Netherlands","Gas","2019",70.72
"NLD","Netherlands","Hydro","2019",0.07
"NLD","Netherlands","Nuclear","2019",3.91
"NLD","Netherlands","Other Fossil","2019",4.93
"NLD","Netherlands","Other Renewables","2019",0
"NLD","Netherlands","Solar","2019",5.4
"NLD","Netherlands","Wind","2019",11.51
"NLD","Netherlands","Bioenergy","2020",8.84
"NLD","Netherlands","Coal","2020",7.62
"NLD","Netherlands","Gas","2020",72.52
"NLD","Netherlands","Hydro","2020",0.05
"NLD","Netherlands","Nuclear","2020",4.09
"NLD","Netherlands","Other Fossil","2020",5
"NLD","Netherlands","Other Renewables","2020",0
"NLD","Netherlands","Solar","2020",8.57
"NLD","Netherlands","Wind","2020",15.27
"NLD","Netherlands","Bioenergy","2021",10.92
"NLD","Netherlands","Coal","2021",14.6
"NLD","Netherlands","Gas","2021",56.69
"NLD","Netherlands","Hydro","2021",0.09
"NLD","Netherlands","Nuclear","2021",3.83
"NLD","Netherlands","Other Fossil","2021",5.33
"NLD","Netherlands","Other Renewables","2021",0
"NLD","Netherlands","Solar","2021",11.3
"NLD","Netherlands","Wind","2021",18.13
"NLD","Netherlands","Bioenergy","2022",9.82
"NLD","Netherlands","Coal","2022",14.8
"NLD","Netherlands","Gas","2022",47.74
"NLD","Netherlands","Hydro","2022",0.05
"NLD","Netherlands","Nuclear","2022",4.16
"NLD","Netherlands","Other Fossil","2022",5.16
"NLD","Netherlands","Other Renewables","2022",0
"NLD","Netherlands","Solar","2022",16.66
"NLD","Netherlands","Wind","2022",21.57
"NLD","Netherlands","Bioenergy","2023",7.64
"NLD","Netherlands","Coal","2023",8.71
"NLD","Netherlands","Gas","2023",46.09
"NLD","Netherlands","Hydro","2023",0.07
"NLD","Netherlands","Nuclear","2023",3.99
"NLD","Netherlands","Other Fossil","2023",4.33
"NLD","Netherlands","Other Renewables","2023",0
"NLD","Netherlands","Solar","2023",19.61
"NLD","Netherlands","Wind","2023",29.52
"NLD","Netherlands","Bioenergy","2024",6.68
"NLD","Netherlands","Coal","2024",7.47
"NLD","Netherlands","Gas","2024",44.29
"NLD","Netherlands","Hydro","2024",0.09
"NLD","Netherlands","Nuclear","2024",3.57
"NLD","Netherlands","Other Fossil","2024",4.93
"NLD","Netherlands","Other Renewables","2024",0
"NLD","Netherlands","Solar","2024",21.82
"NLD","Netherlands","Wind","2024",33.48
"NLD","Netherlands","Bioenergy","2025",6.85
"NLD","Netherlands","Coal","2025",9.55
"NLD","Netherlands","Gas","2025",47.09
"NLD","Netherlands","Hydro","2025",0.05
"NLD","Netherlands","Nuclear","2025",3.99
"NLD","Netherlands","Other Fossil","2025",5.23
"NLD","Netherlands","Other Renewables","2025",0
"NLD","Netherlands","Solar","2025",28.5
"NLD","Netherlands","Wind","2025",33.7
"NCL","New Caledonia","Bioenergy","2015",0
"NCL","New Caledonia","Coal","2015",0.82
"NCL","New Caledonia","Gas","2015",0
"NCL","New Caledonia","Hydro","2015",0.34
"NCL","New Caledonia","Nuclear","2015",0
"NCL","New Caledonia","Other Fossil","2015",1.67
"NCL","New Caledonia","Other Renewables","2015",0
"NCL","New Caledonia","Solar","2015",0.01
"NCL","New Caledonia","Wind","2015",0.06
"NCL","New Caledonia","Bioenergy","2016",0
"NCL","New Caledonia","Coal","2016",1.13
"NCL","New Caledonia","Gas","2016",0
"NCL","New Caledonia","Hydro","2016",0.23
"NCL","New Caledonia","Nuclear","2016",0
"NCL","New Caledonia","Other Fossil","2016",1.72
"NCL","New Caledonia","Other Renewables","2016",0
"NCL","New Caledonia","Solar","2016",0.01
"NCL","New Caledonia","Wind","2016",0.05
"NCL","New Caledonia","Bioenergy","2017",0
"NCL","New Caledonia","Coal","2017",1.34
"NCL","New Caledonia","Gas","2017",0
"NCL","New Caledonia","Hydro","2017",0.36
"NCL","New Caledonia","Nuclear","2017",0
"NCL","New Caledonia","Other Fossil","2017",1.45
"NCL","New Caledonia","Other Renewables","2017",0
"NCL","New Caledonia","Solar","2017",0.03
"NCL","New Caledonia","Wind","2017",0.05
"NCL","New Caledonia","Bioenergy","2018",0
"NCL","New Caledonia","Coal","2018",1.43
"NCL","New Caledonia","Gas","2018",0
"NCL","New Caledonia","Hydro","2018",0.32
"NCL","New Caledonia","Nuclear","2018",0
"NCL","New Caledonia","Other Fossil","2018",1.65
"NCL","New Caledonia","Other Renewables","2018",0
"NCL","New Caledonia","Solar","2018",0.05
"NCL","New Caledonia","Wind","2018",0.05
"NCL","New Caledonia","Bioenergy","2019",0
"NCL","New Caledonia","Coal","2019",1.51
"NCL","New Caledonia","Gas","2019",0
"NCL","New Caledonia","Hydro","2019",0.28
"NCL","New Caledonia","Nuclear","2019",0
"NCL","New Caledonia","Other Fossil","2019",1.36
"NCL","New Caledonia","Other Renewables","2019",0
"NCL","New Caledonia","Solar","2019",0.12
"NCL","New Caledonia","Wind","2019",0.06
"NCL","New Caledonia","Bioenergy","2020",0
"NCL","New Caledonia","Coal","2020",1.53
"NCL","New Caledonia","Gas","2020",0
"NCL","New Caledonia","Hydro","2020",0.31
"NCL","New Caledonia","Nuclear","2020",0
"NCL","New Caledonia","Other Fossil","2020",1.2
"NCL","New Caledonia","Other Renewables","2020",0
"NCL","New Caledonia","Solar","2020",0.15
"NCL","New Caledonia","Wind","2020",0.05
"NCL","New Caledonia","Bioenergy","2021",0
"NCL","New Caledonia","Coal","2021",1.14
"NCL","New Caledonia","Gas","2021",0
"NCL","New Caledonia","Hydro","2021",0.43
"NCL","New Caledonia","Nuclear","2021",0
"NCL","New Caledonia","Other Fossil","2021",1.12
"NCL","New Caledonia","Other Renewables","2021",0
"NCL","New Caledonia","Solar","2021",0.18
"NCL","New Caledonia","Wind","2021",0.04
"NCL","New Caledonia","Bioenergy","2022",0
"NCL","New Caledonia","Coal","2022",1.14
"NCL","New Caledonia","Gas","2022",0
"NCL","New Caledonia","Hydro","2022",0.54
"NCL","New Caledonia","Nuclear","2022",0
"NCL","New Caledonia","Other Fossil","2022",1.14
"NCL","New Caledonia","Other Renewables","2022",0
"NCL","New Caledonia","Solar","2022",0.23
"NCL","New Caledonia","Wind","2022",0.04
"NCL","New Caledonia","Bioenergy","2023",0
"NCL","New Caledonia","Coal","2023",1.14
"NCL","New Caledonia","Gas","2023",0
"NCL","New Caledonia","Hydro","2023",0.54
"NCL","New Caledonia","Nuclear","2023",0
"NCL","New Caledonia","Other Fossil","2023",1.14
"NCL","New Caledonia","Other Renewables","2023",0
"NCL","New Caledonia","Solar","2023",0.23
"NCL","New Caledonia","Wind","2023",0.04
"NCL","New Caledonia","Bioenergy","2024",0
"NCL","New Caledonia","Coal","2024",1.14
"NCL","New Caledonia","Gas","2024",0
"NCL","New Caledonia","Hydro","2024",0.54
"NCL","New Caledonia","Nuclear","2024",0
"NCL","New Caledonia","Other Fossil","2024",1.14
"NCL","New Caledonia","Other Renewables","2024",0
"NCL","New Caledonia","Solar","2024",0.26
"NCL","New Caledonia","Wind","2024",0.04
"NZL","New Zealand","Bioenergy","2015",0.82
"NZL","New Zealand","Coal","2015",1.23
"NZL","New Zealand","Gas","2015",6.8
"NZL","New Zealand","Hydro","2015",24.28
"NZL","New Zealand","Nuclear","2015",0
"NZL","New Zealand","Other Fossil","2015",0.65
"NZL","New Zealand","Other Renewables","2015",7.41
"NZL","New Zealand","Solar","2015",0.04
"NZL","New Zealand","Wind","2015",2.34
"NZL","New Zealand","Bioenergy","2016",0.81
"NZL","New Zealand","Coal","2016",0.44
"NZL","New Zealand","Gas","2016",5.71
"NZL","New Zealand","Hydro","2016",25.66
"NZL","New Zealand","Nuclear","2016",0
"NZL","New Zealand","Other Fossil","2016",0.61
"NZL","New Zealand","Other Renewables","2016",7.54
"NZL","New Zealand","Solar","2016",0.06
"NZL","New Zealand","Wind","2016",2.32
"NZL","New Zealand","Bioenergy","2017",0.8
"NZL","New Zealand","Coal","2017",0.58
"NZL","New Zealand","Gas","2017",6.98
"NZL","New Zealand","Hydro","2017",24.93
"NZL","New Zealand","Nuclear","2017",0
"NZL","New Zealand","Other Fossil","2017",0.64
"NZL","New Zealand","Other Renewables","2017",7.58
"NZL","New Zealand","Solar","2017",0.08
"NZL","New Zealand","Wind","2017",2.07
"NZL","New Zealand","Bioenergy","2018",0.77
"NZL","New Zealand","Coal","2018",0.98
"NZL","New Zealand","Gas","2018",5.66
"NZL","New Zealand","Hydro","2018",26.03
"NZL","New Zealand","Nuclear","2018",0
"NZL","New Zealand","Other Fossil","2018",0.62
"NZL","New Zealand","Other Renewables","2018",7.52
"NZL","New Zealand","Solar","2018",0.1
"NZL","New Zealand","Wind","2018",2.05
"NZL","New Zealand","Bioenergy","2019",0.79
"NZL","New Zealand","Coal","2019",1.59
"NZL","New Zealand","Gas","2019",5.42
"NZL","New Zealand","Hydro","2019",25.32
"NZL","New Zealand","Nuclear","2019",0
"NZL","New Zealand","Other Fossil","2019",0.68
"NZL","New Zealand","Other Renewables","2019",7.59
"NZL","New Zealand","Solar","2019",0.13
"NZL","New Zealand","Wind","2019",2.23
"NZL","New Zealand","Bioenergy","2020",0.78
"NZL","New Zealand","Coal","2020",1.7
"NZL","New Zealand","Gas","2020",5.94
"NZL","New Zealand","Hydro","2020",24.03
"NZL","New Zealand","Nuclear","2020",0
"NZL","New Zealand","Other Fossil","2020",0.63
"NZL","New Zealand","Other Renewables","2020",7.83
"NZL","New Zealand","Solar","2020",0.16
"NZL","New Zealand","Wind","2020",2.28
"NZL","New Zealand","Bioenergy","2021",0.8
"NZL","New Zealand","Coal","2021",2.6
"NZL","New Zealand","Gas","2021",4.65
"NZL","New Zealand","Hydro","2021",23.99
"NZL","New Zealand","Nuclear","2021",0
"NZL","New Zealand","Other Fossil","2021",0.71
"NZL","New Zealand","Other Renewables","2021",7.97
"NZL","New Zealand","Solar","2021",0.21
"NZL","New Zealand","Wind","2021",2.62
"NZL","New Zealand","Bioenergy","2022",0.75
"NZL","New Zealand","Coal","2022",0.72
"NZL","New Zealand","Gas","2022",4.31
"NZL","New Zealand","Hydro","2022",25.86
"NZL","New Zealand","Nuclear","2022",0
"NZL","New Zealand","Other Fossil","2022",0.62
"NZL","New Zealand","Other Renewables","2022",7.82
"NZL","New Zealand","Solar","2022",0.28
"NZL","New Zealand","Wind","2022",2.89
"NZL","New Zealand","Bioenergy","2023",0.66
"NZL","New Zealand","Coal","2023",0.53
"NZL","New Zealand","Gas","2023",3.36
"NZL","New Zealand","Hydro","2023",26.17
"NZL","New Zealand","Nuclear","2023",0
"NZL","New Zealand","Other Fossil","2023",0.56
"NZL","New Zealand","Other Renewables","2023",7.73
"NZL","New Zealand","Solar","2023",0.37
"NZL","New Zealand","Wind","2023",3.51
"NZL","New Zealand","Bioenergy","2024",0.78
"NZL","New Zealand","Coal","2024",1.2
"NZL","New Zealand","Gas","2024",4.31
"NZL","New Zealand","Hydro","2024",23.45
"NZL","New Zealand","Nuclear","2024",0
"NZL","New Zealand","Other Fossil","2024",0.66
"NZL","New Zealand","Other Renewables","2024",8.93
"NZL","New Zealand","Solar","2024",0.37
"NZL","New Zealand","Wind","2024",4.31
"NZL","New Zealand","Bioenergy","2025",0.57
"NZL","New Zealand","Coal","2025",0.49
"NZL","New Zealand","Gas","2025",3.84
"NZL","New Zealand","Hydro","2025",23.77
"NZL","New Zealand","Nuclear","2025",0
"NZL","New Zealand","Other Fossil","2025",0.64
"NZL","New Zealand","Other Renewables","2025",9.44
"NZL","New Zealand","Solar","2025",0.37
"NZL","New Zealand","Wind","2025",4.22
"NIC","Nicaragua","Bioenergy","2015",0.46
"NIC","Nicaragua","Coal","2015",0
"NIC","Nicaragua","Gas","2015",0
"NIC","Nicaragua","Hydro","2015",0.29
"NIC","Nicaragua","Nuclear","2015",0
"NIC","Nicaragua","Other Fossil","2015",2.29
"NIC","Nicaragua","Other Renewables","2015",0.68
"NIC","Nicaragua","Solar","2015",0
"NIC","Nicaragua","Wind","2015",0.87
"NIC","Nicaragua","Bioenergy","2016",0.53
"NIC","Nicaragua","Coal","2016",0
"NIC","Nicaragua","Gas","2016",0
"NIC","Nicaragua","Hydro","2016",0.43
"NIC","Nicaragua","Nuclear","2016",0
"NIC","Nicaragua","Other Fossil","2016",2.19
"NIC","Nicaragua","Other Renewables","2016",0.71
"NIC","Nicaragua","Solar","2016",0
"NIC","Nicaragua","Wind","2016",0.73
"NIC","Nicaragua","Bioenergy","2017",0.67
"NIC","Nicaragua","Coal","2017",0
"NIC","Nicaragua","Gas","2017",0
"NIC","Nicaragua","Hydro","2017",0.47
"NIC","Nicaragua","Nuclear","2017",0
"NIC","Nicaragua","Other Fossil","2017",1.99
"NIC","Nicaragua","Other Renewables","2017",0.75
"NIC","Nicaragua","Solar","2017",0.01
"NIC","Nicaragua","Wind","2017",0.63
"NIC","Nicaragua","Bioenergy","2018",0.7
"NIC","Nicaragua","Coal","2018",0
"NIC","Nicaragua","Gas","2018",0
"NIC","Nicaragua","Hydro","2018",0.41
"NIC","Nicaragua","Nuclear","2018",0
"NIC","Nicaragua","Other Fossil","2018",1.92
"NIC","Nicaragua","Other Renewables","2018",0.8
"NIC","Nicaragua","Solar","2018",0.02
"NIC","Nicaragua","Wind","2018",0.8
"NIC","Nicaragua","Bioenergy","2019",0.84
"NIC","Nicaragua","Coal","2019",0
"NIC","Nicaragua","Gas","2019",0
"NIC","Nicaragua","Hydro","2019",0.23
"NIC","Nicaragua","Nuclear","2019",0
"NIC","Nicaragua","Other Fossil","2019",1.97
"NIC","Nicaragua","Other Renewables","2019",0.78
"NIC","Nicaragua","Solar","2019",0.03
"NIC","Nicaragua","Wind","2019",0.73
"NIC","Nicaragua","Bioenergy","2020",0.73
"NIC","Nicaragua","Coal","2020",0
"NIC","Nicaragua","Gas","2020",0
"NIC","Nicaragua","Hydro","2020",0.57
"NIC","Nicaragua","Nuclear","2020",0
"NIC","Nicaragua","Other Fossil","2020",1.14
"NIC","Nicaragua","Other Renewables","2020",0.77
"NIC","Nicaragua","Solar","2020",0.03
"NIC","Nicaragua","Wind","2020",0.55
"NIC","Nicaragua","Bioenergy","2021",0.89
"NIC","Nicaragua","Coal","2021",0
"NIC","Nicaragua","Gas","2021",0
"NIC","Nicaragua","Hydro","2021",0.6
"NIC","Nicaragua","Nuclear","2021",0
"NIC","Nicaragua","Other Fossil","2021",1.3
"NIC","Nicaragua","Other Renewables","2021",0.73
"NIC","Nicaragua","Solar","2021",0.03
"NIC","Nicaragua","Wind","2021",0.66
"NIC","Nicaragua","Bioenergy","2022",0.89
"NIC","Nicaragua","Coal","2022",0
"NIC","Nicaragua","Gas","2022",0
"NIC","Nicaragua","Hydro","2022",0.6
"NIC","Nicaragua","Nuclear","2022",0
"NIC","Nicaragua","Other Fossil","2022",1.55
"NIC","Nicaragua","Other Renewables","2022",0.69
"NIC","Nicaragua","Solar","2022",0.03
"NIC","Nicaragua","Wind","2022",0.56
"NIC","Nicaragua","Bioenergy","2023",0.89
"NIC","Nicaragua","Coal","2023",0
"NIC","Nicaragua","Gas","2023",0
"NIC","Nicaragua","Hydro","2023",0.65
"NIC","Nicaragua","Nuclear","2023",0
"NIC","Nicaragua","Other Fossil","2023",1.7
"NIC","Nicaragua","Other Renewables","2023",0.69
"NIC","Nicaragua","Solar","2023",0.03
"NIC","Nicaragua","Wind","2023",0.56
"NIC","Nicaragua","Bioenergy","2024",0.89
"NIC","Nicaragua","Coal","2024",0
"NIC","Nicaragua","Gas","2024",0
"NIC","Nicaragua","Hydro","2024",0.65
"NIC","Nicaragua","Nuclear","2024",0
"NIC","Nicaragua","Other Fossil","2024",1.7
"NIC","Nicaragua","Other Renewables","2024",0.69
"NIC","Nicaragua","Solar","2024",0.03
"NIC","Nicaragua","Wind","2024",0.56
"NER","Niger (the)","Bioenergy","2015",0
"NER","Niger (the)","Coal","2015",0.22
"NER","Niger (the)","Gas","2015",0
"NER","Niger (the)","Hydro","2015",0
"NER","Niger (the)","Nuclear","2015",0
"NER","Niger (the)","Other Fossil","2015",0.31
"NER","Niger (the)","Other Renewables","2015",0
"NER","Niger (the)","Solar","2015",0.01
"NER","Niger (the)","Wind","2015",0
"NER","Niger (the)","Bioenergy","2016",0
"NER","Niger (the)","Coal","2016",0.22
"NER","Niger (the)","Gas","2016",0
"NER","Niger (the)","Hydro","2016",0
"NER","Niger (the)","Nuclear","2016",0
"NER","Niger (the)","Other Fossil","2016",0.47
"NER","Niger (the)","Other Renewables","2016",0
"NER","Niger (the)","Solar","2016",0.01
"NER","Niger (the)","Wind","2016",0
"NER","Niger (the)","Bioenergy","2017",0
"NER","Niger (the)","Coal","2017",0.21
"NER","Niger (the)","Gas","2017",0
"NER","Niger (the)","Hydro","2017",0
"NER","Niger (the)","Nuclear","2017",0
"NER","Niger (the)","Other Fossil","2017",0.34
"NER","Niger (the)","Other Renewables","2017",0
"NER","Niger (the)","Solar","2017",0.01
"NER","Niger (the)","Wind","2017",0
"NER","Niger (the)","Bioenergy","2018",0
"NER","Niger (the)","Coal","2018",0.19
"NER","Niger (the)","Gas","2018",0.04
"NER","Niger (the)","Hydro","2018",0
"NER","Niger (the)","Nuclear","2018",0
"NER","Niger (the)","Other Fossil","2018",0.29
"NER","Niger (the)","Other Renewables","2018",0
"NER","Niger (the)","Solar","2018",0.01
"NER","Niger (the)","Wind","2018",0
"NER","Niger (the)","Bioenergy","2019",0
"NER","Niger (the)","Coal","2019",0.2
"NER","Niger (the)","Gas","2019",0.05
"NER","Niger (the)","Hydro","2019",0
"NER","Niger (the)","Nuclear","2019",0
"NER","Niger (the)","Other Fossil","2019",0.4
"NER","Niger (the)","Other Renewables","2019",0
"NER","Niger (the)","Solar","2019",0.02
"NER","Niger (the)","Wind","2019",0
"NER","Niger (the)","Bioenergy","2020",0
"NER","Niger (the)","Coal","2020",0.21
"NER","Niger (the)","Gas","2020",0.05
"NER","Niger (the)","Hydro","2020",0
"NER","Niger (the)","Nuclear","2020",0
"NER","Niger (the)","Other Fossil","2020",0.39
"NER","Niger (the)","Other Renewables","2020",0
"NER","Niger (the)","Solar","2020",0.02
"NER","Niger (the)","Wind","2020",0
"NER","Niger (the)","Bioenergy","2021",0
"NER","Niger (the)","Coal","2021",0.19
"NER","Niger (the)","Gas","2021",0.05
"NER","Niger (the)","Hydro","2021",0
"NER","Niger (the)","Nuclear","2021",0
"NER","Niger (the)","Other Fossil","2021",0.45
"NER","Niger (the)","Other Renewables","2021",0
"NER","Niger (the)","Solar","2021",0.02
"NER","Niger (the)","Wind","2021",0
"NER","Niger (the)","Bioenergy","2022",0
"NER","Niger (the)","Coal","2022",0.18
"NER","Niger (the)","Gas","2022",0.05
"NER","Niger (the)","Hydro","2022",0
"NER","Niger (the)","Nuclear","2022",0
"NER","Niger (the)","Other Fossil","2022",0.54
"NER","Niger (the)","Other Renewables","2022",0
"NER","Niger (the)","Solar","2022",0.02
"NER","Niger (the)","Wind","2022",0
"NER","Niger (the)","Bioenergy","2023",0
"NER","Niger (the)","Coal","2023",0.17
"NER","Niger (the)","Gas","2023",0.05
"NER","Niger (the)","Hydro","2023",0
"NER","Niger (the)","Nuclear","2023",0
"NER","Niger (the)","Other Fossil","2023",0.73
"NER","Niger (the)","Other Renewables","2023",0
"NER","Niger (the)","Solar","2023",0.02
"NER","Niger (the)","Wind","2023",0
"NER","Niger (the)","Bioenergy","2024",0
"NER","Niger (the)","Coal","2024",0.17
"NER","Niger (the)","Gas","2024",0.05
"NER","Niger (the)","Hydro","2024",0
"NER","Niger (the)","Nuclear","2024",0
"NER","Niger (the)","Other Fossil","2024",0.7
"NER","Niger (the)","Other Renewables","2024",0
"NER","Niger (the)","Solar","2024",0.03
"NER","Niger (the)","Wind","2024",0
"NGA","Nigeria","Bioenergy","2015",0.02
"NGA","Nigeria","Coal","2015",0
"NGA","Nigeria","Gas","2015",26.7
"NGA","Nigeria","Hydro","2015",6.42
"NGA","Nigeria","Nuclear","2015",0
"NGA","Nigeria","Other Fossil","2015",0
"NGA","Nigeria","Other Renewables","2015",0
"NGA","Nigeria","Solar","2015",0.03
"NGA","Nigeria","Wind","2015",0
"NGA","Nigeria","Bioenergy","2016",0.03
"NGA","Nigeria","Coal","2016",0
"NGA","Nigeria","Gas","2016",28.33
"NGA","Nigeria","Hydro","2016",8.15
"NGA","Nigeria","Nuclear","2016",0
"NGA","Nigeria","Other Fossil","2016",0
"NGA","Nigeria","Other Renewables","2016",0
"NGA","Nigeria","Solar","2016",0.03
"NGA","Nigeria","Wind","2016",0
"NGA","Nigeria","Bioenergy","2017",0.02
"NGA","Nigeria","Coal","2017",0
"NGA","Nigeria","Gas","2017",24.44
"NGA","Nigeria","Hydro","2017",7.75
"NGA","Nigeria","Nuclear","2017",0
"NGA","Nigeria","Other Fossil","2017",0
"NGA","Nigeria","Other Renewables","2017",0
"NGA","Nigeria","Solar","2017",0.03
"NGA","Nigeria","Wind","2017",0
"NGA","Nigeria","Bioenergy","2018",0.03
"NGA","Nigeria","Coal","2018",0
"NGA","Nigeria","Gas","2018",28.94
"NGA","Nigeria","Hydro","2018",7.7
"NGA","Nigeria","Nuclear","2018",0
"NGA","Nigeria","Other Fossil","2018",0
"NGA","Nigeria","Other Renewables","2018",0
"NGA","Nigeria","Solar","2018",0.04
"NGA","Nigeria","Wind","2018",0
"NGA","Nigeria","Bioenergy","2019",0.03
"NGA","Nigeria","Coal","2019",0
"NGA","Nigeria","Gas","2019",27.95
"NGA","Nigeria","Hydro","2019",8.43
"NGA","Nigeria","Nuclear","2019",0
"NGA","Nigeria","Other Fossil","2019",0
"NGA","Nigeria","Other Renewables","2019",0
"NGA","Nigeria","Solar","2019",0.05
"NGA","Nigeria","Wind","2019",0
"NGA","Nigeria","Bioenergy","2020",0.04
"NGA","Nigeria","Coal","2020",0
"NGA","Nigeria","Gas","2020",30.19
"NGA","Nigeria","Hydro","2020",7.69
"NGA","Nigeria","Nuclear","2020",0
"NGA","Nigeria","Other Fossil","2020",0
"NGA","Nigeria","Other Renewables","2020",0
"NGA","Nigeria","Solar","2020",0.08
"NGA","Nigeria","Wind","2020",0
"NGA","Nigeria","Bioenergy","2021",0.06
"NGA","Nigeria","Coal","2021",0
"NGA","Nigeria","Gas","2021",31.1
"NGA","Nigeria","Hydro","2021",7.94
"NGA","Nigeria","Nuclear","2021",0
"NGA","Nigeria","Other Fossil","2021",0
"NGA","Nigeria","Other Renewables","2021",0
"NGA","Nigeria","Solar","2021",0.1
"NGA","Nigeria","Wind","2021",0
"NGA","Nigeria","Bioenergy","2022",0.06
"NGA","Nigeria","Coal","2022",0
"NGA","Nigeria","Gas","2022",28.61
"NGA","Nigeria","Hydro","2022",9.23
"NGA","Nigeria","Nuclear","2022",0
"NGA","Nigeria","Other Fossil","2022",0
"NGA","Nigeria","Other Renewables","2022",0
"NGA","Nigeria","Solar","2022",0.1
"NGA","Nigeria","Wind","2022",0
"NGA","Nigeria","Bioenergy","2023",0.06
"NGA","Nigeria","Coal","2023",0
"NGA","Nigeria","Gas","2023",31.64
"NGA","Nigeria","Hydro","2023",9.11
"NGA","Nigeria","Nuclear","2023",0
"NGA","Nigeria","Other Fossil","2023",0
"NGA","Nigeria","Other Renewables","2023",0
"NGA","Nigeria","Solar","2023",0.11
"NGA","Nigeria","Wind","2023",0
"NGA","Nigeria","Bioenergy","2024",0.06
"NGA","Nigeria","Coal","2024",0
"NGA","Nigeria","Gas","2024",28.17
"NGA","Nigeria","Hydro","2024",9.2
"NGA","Nigeria","Nuclear","2024",0
"NGA","Nigeria","Other Fossil","2024",0
"NGA","Nigeria","Other Renewables","2024",0
"NGA","Nigeria","Solar","2024",0.13
"NGA","Nigeria","Wind","2024",0
"NGA","Nigeria","Bioenergy","2025",0.06
"NGA","Nigeria","Coal","2025",0
"NGA","Nigeria","Gas","2025",28.53
"NGA","Nigeria","Hydro","2025",12.82
"NGA","Nigeria","Nuclear","2025",0
"NGA","Nigeria","Other Fossil","2025",0
"NGA","Nigeria","Other Renewables","2025",0
"NGA","Nigeria","Solar","2025",0.13
"NGA","Nigeria","Wind","2025",0
"NIU","Niue","Bioenergy","2015",0
"NIU","Niue","Coal","2015",0
"NIU","Niue","Gas","2015",0
"NIU","Niue","Hydro","2015",0
"NIU","Niue","Nuclear","2015",0
"NIU","Niue","Other Fossil","2015",0
"NIU","Niue","Other Renewables","2015",0
"NIU","Niue","Solar","2015",0
"NIU","Niue","Wind","2015",0
"NIU","Niue","Bioenergy","2016",0
"NIU","Niue","Coal","2016",0
"NIU","Niue","Gas","2016",0
"NIU","Niue","Hydro","2016",0
"NIU","Niue","Nuclear","2016",0
"NIU","Niue","Other Fossil","2016",0
"NIU","Niue","Other Renewables","2016",0
"NIU","Niue","Solar","2016",0
"NIU","Niue","Wind","2016",0
"NIU","Niue","Bioenergy","2017",0
"NIU","Niue","Coal","2017",0
"NIU","Niue","Gas","2017",0
"NIU","Niue","Hydro","2017",0
"NIU","Niue","Nuclear","2017",0
"NIU","Niue","Other Fossil","2017",0
"NIU","Niue","Other Renewables","2017",0
"NIU","Niue","Solar","2017",0
"NIU","Niue","Wind","2017",0
"NIU","Niue","Bioenergy","2018",0
"NIU","Niue","Coal","2018",0
"NIU","Niue","Gas","2018",0
"NIU","Niue","Hydro","2018",0
"NIU","Niue","Nuclear","2018",0
"NIU","Niue","Other Fossil","2018",0
"NIU","Niue","Other Renewables","2018",0
"NIU","Niue","Solar","2018",0
"NIU","Niue","Wind","2018",0
"NIU","Niue","Bioenergy","2019",0
"NIU","Niue","Coal","2019",0
"NIU","Niue","Gas","2019",0
"NIU","Niue","Hydro","2019",0
"NIU","Niue","Nuclear","2019",0
"NIU","Niue","Other Fossil","2019",0
"NIU","Niue","Other Renewables","2019",0
"NIU","Niue","Solar","2019",0
"NIU","Niue","Wind","2019",0
"NIU","Niue","Bioenergy","2020",0
"NIU","Niue","Coal","2020",0
"NIU","Niue","Gas","2020",0
"NIU","Niue","Hydro","2020",0
"NIU","Niue","Nuclear","2020",0
"NIU","Niue","Other Fossil","2020",0
"NIU","Niue","Other Renewables","2020",0
"NIU","Niue","Solar","2020",0
"NIU","Niue","Wind","2020",0
"NIU","Niue","Bioenergy","2021",0
"NIU","Niue","Coal","2021",0
"NIU","Niue","Gas","2021",0
"NIU","Niue","Hydro","2021",0
"NIU","Niue","Nuclear","2021",0
"NIU","Niue","Other Fossil","2021",0
"NIU","Niue","Other Renewables","2021",0
"NIU","Niue","Solar","2021",0
"NIU","Niue","Wind","2021",0
"NIU","Niue","Bioenergy","2022",0
"NIU","Niue","Coal","2022",0
"NIU","Niue","Gas","2022",0
"NIU","Niue","Hydro","2022",0
"NIU","Niue","Nuclear","2022",0
"NIU","Niue","Other Fossil","2022",0
"NIU","Niue","Other Renewables","2022",0
"NIU","Niue","Solar","2022",0
"NIU","Niue","Wind","2022",0
"NIU","Niue","Bioenergy","2023",0
"NIU","Niue","Coal","2023",0
"NIU","Niue","Gas","2023",0
"NIU","Niue","Hydro","2023",0
"NIU","Niue","Nuclear","2023",0
"NIU","Niue","Other Fossil","2023",0
"NIU","Niue","Other Renewables","2023",0
"NIU","Niue","Solar","2023",0
"NIU","Niue","Wind","2023",0
"MKD","North Macedonia","Bioenergy","2015",0.02
"MKD","North Macedonia","Coal","2015",3.3
"MKD","North Macedonia","Gas","2015",0.18
"MKD","North Macedonia","Hydro","2015",1.87
"MKD","North Macedonia","Nuclear","2015",0
"MKD","North Macedonia","Other Fossil","2015",0.14
"MKD","North Macedonia","Other Renewables","2015",0
"MKD","North Macedonia","Solar","2015",0.02
"MKD","North Macedonia","Wind","2015",0.12
"MKD","North Macedonia","Bioenergy","2016",0.04
"MKD","North Macedonia","Coal","2016",2.89
"MKD","North Macedonia","Gas","2016",0.57
"MKD","North Macedonia","Hydro","2016",1.9
"MKD","North Macedonia","Nuclear","2016",0
"MKD","North Macedonia","Other Fossil","2016",0.1
"MKD","North Macedonia","Other Renewables","2016",0
"MKD","North Macedonia","Solar","2016",0.02
"MKD","North Macedonia","Wind","2016",0.11
"MKD","North Macedonia","Bioenergy","2017",0.05
"MKD","North Macedonia","Coal","2017",3.39
"MKD","North Macedonia","Gas","2017",0.83
"MKD","North Macedonia","Hydro","2017",1.11
"MKD","North Macedonia","Nuclear","2017",0
"MKD","North Macedonia","Other Fossil","2017",0.09
"MKD","North Macedonia","Other Renewables","2017",0
"MKD","North Macedonia","Solar","2017",0.02
"MKD","North Macedonia","Wind","2017",0.11
"MKD","North Macedonia","Bioenergy","2018",0.05
"MKD","North Macedonia","Coal","2018",2.85
"MKD","North Macedonia","Gas","2018",0.75
"MKD","North Macedonia","Hydro","2018",1.79
"MKD","North Macedonia","Nuclear","2018",0
"MKD","North Macedonia","Other Fossil","2018",0.05
"MKD","North Macedonia","Other Renewables","2018",0
"MKD","North Macedonia","Solar","2018",0.02
"MKD","North Macedonia","Wind","2018",0.1
"MKD","North Macedonia","Bioenergy","2019",0.06
"MKD","North Macedonia","Coal","2019",3.51
"MKD","North Macedonia","Gas","2019",0.96
"MKD","North Macedonia","Hydro","2019",1.16
"MKD","North Macedonia","Nuclear","2019",0
"MKD","North Macedonia","Other Fossil","2019",0.06
"MKD","North Macedonia","Other Renewables","2019",0
"MKD","North Macedonia","Solar","2019",0.02
"MKD","North Macedonia","Wind","2019",0.1
"MKD","North Macedonia","Bioenergy","2020",0.06
"MKD","North Macedonia","Coal","2020",2.63
"MKD","North Macedonia","Gas","2020",1.14
"MKD","North Macedonia","Hydro","2020",1.28
"MKD","North Macedonia","Nuclear","2020",0
"MKD","North Macedonia","Other Fossil","2020",0.09
"MKD","North Macedonia","Other Renewables","2020",0
"MKD","North Macedonia","Solar","2020",0.02
"MKD","North Macedonia","Wind","2020",0.12
"MKD","North Macedonia","Bioenergy","2021",0.05
"MKD","North Macedonia","Coal","2021",2.19
"MKD","North Macedonia","Gas","2021",1.55
"MKD","North Macedonia","Hydro","2021",1.45
"MKD","North Macedonia","Nuclear","2021",0
"MKD","North Macedonia","Other Fossil","2021",0.14
"MKD","North Macedonia","Other Renewables","2021",0
"MKD","North Macedonia","Solar","2021",0.05
"MKD","North Macedonia","Wind","2021",0.1
"MKD","North Macedonia","Bioenergy","2022",0.05
"MKD","North Macedonia","Coal","2022",2.77
"MKD","North Macedonia","Gas","2022",0.99
"MKD","North Macedonia","Hydro","2022",1.35
"MKD","North Macedonia","Nuclear","2022",0
"MKD","North Macedonia","Other Fossil","2022",0.57
"MKD","North Macedonia","Other Renewables","2022",0
"MKD","North Macedonia","Solar","2022",0.1
"MKD","North Macedonia","Wind","2022",0.11
"MKD","North Macedonia","Bioenergy","2023",0.07
"MKD","North Macedonia","Coal","2023",2.77
"MKD","North Macedonia","Gas","2023",1.38
"MKD","North Macedonia","Hydro","2023",1.62
"MKD","North Macedonia","Nuclear","2023",0
"MKD","North Macedonia","Other Fossil","2023",0.53
"MKD","North Macedonia","Other Renewables","2023",0
"MKD","North Macedonia","Solar","2023",0.37
"MKD","North Macedonia","Wind","2023",0.16
"MKD","North Macedonia","Bioenergy","2024",0.06
"MKD","North Macedonia","Coal","2024",2.36
"MKD","North Macedonia","Gas","2024",1.29
"MKD","North Macedonia","Hydro","2024",1.37
"MKD","North Macedonia","Nuclear","2024",0
"MKD","North Macedonia","Other Fossil","2024",0.17
"MKD","North Macedonia","Other Renewables","2024",0
"MKD","North Macedonia","Solar","2024",0.89
"MKD","North Macedonia","Wind","2024",0.17
"MKD","North Macedonia","Bioenergy","2025",0.02
"MKD","North Macedonia","Coal","2025",2.07
"MKD","North Macedonia","Gas","2025",1.09
"MKD","North Macedonia","Hydro","2025",1.24
"MKD","North Macedonia","Nuclear","2025",0
"MKD","North Macedonia","Other Fossil","2025",0.17
"MKD","North Macedonia","Other Renewables","2025",0
"MKD","North Macedonia","Solar","2025",2.21
"MKD","North Macedonia","Wind","2025",0.3
"NOR","Norway","Bioenergy","2015",0.25
"NOR","Norway","Coal","2015",0.04
"NOR","Norway","Gas","2015",2.2
"NOR","Norway","Hydro","2015",137.3
"NOR","Norway","Nuclear","2015",0
"NOR","Norway","Other Fossil","2015",0.69
"NOR","Norway","Other Renewables","2015",0
"NOR","Norway","Solar","2015",0
"NOR","Norway","Wind","2015",2.52
"NOR","Norway","Bioenergy","2016",0.23
"NOR","Norway","Coal","2016",0.04
"NOR","Norway","Gas","2016",2.21
"NOR","Norway","Hydro","2016",142.81
"NOR","Norway","Nuclear","2016",0
"NOR","Norway","Other Fossil","2016",0.63
"NOR","Norway","Other Renewables","2016",0
"NOR","Norway","Solar","2016",0
"NOR","Norway","Wind","2016",2.11
"NOR","Norway","Bioenergy","2017",0.26
"NOR","Norway","Coal","2017",0.04
"NOR","Norway","Gas","2017",2.06
"NOR","Norway","Hydro","2017",142.37
"NOR","Norway","Nuclear","2017",0
"NOR","Norway","Other Fossil","2017",0.69
"NOR","Norway","Other Renewables","2017",0
"NOR","Norway","Solar","2017",0
"NOR","Norway","Wind","2017",2.85
"NOR","Norway","Bioenergy","2018",0.2
"NOR","Norway","Coal","2018",0.04
"NOR","Norway","Gas","2018",2.18
"NOR","Norway","Hydro","2018",138.98
"NOR","Norway","Nuclear","2018",0
"NOR","Norway","Other Fossil","2018",0.67
"NOR","Norway","Other Renewables","2018",0
"NOR","Norway","Solar","2018",0
"NOR","Norway","Wind","2018",3.87
"NOR","Norway","Bioenergy","2019",0.25
"NOR","Norway","Coal","2019",0.04
"NOR","Norway","Gas","2019",2.06
"NOR","Norway","Hydro","2019",125.29
"NOR","Norway","Nuclear","2019",0
"NOR","Norway","Other Fossil","2019",0.66
"NOR","Norway","Other Renewables","2019",0
"NOR","Norway","Solar","2019",0.01
"NOR","Norway","Wind","2019",5.52
"NOR","Norway","Bioenergy","2020",0.24
"NOR","Norway","Coal","2020",0.04
"NOR","Norway","Gas","2020",1.61
"NOR","Norway","Hydro","2020",141.8
"NOR","Norway","Nuclear","2020",0
"NOR","Norway","Other Fossil","2020",0.64
"NOR","Norway","Other Renewables","2020",0
"NOR","Norway","Solar","2020",0.08
"NOR","Norway","Wind","2020",9.91
"NOR","Norway","Bioenergy","2021",0.22
"NOR","Norway","Coal","2021",0.04
"NOR","Norway","Gas","2021",0.31
"NOR","Norway","Hydro","2021",143.97
"NOR","Norway","Nuclear","2021",0
"NOR","Norway","Other Fossil","2021",0.72
"NOR","Norway","Other Renewables","2021",0
"NOR","Norway","Solar","2021",0.11
"NOR","Norway","Wind","2021",11.76
"NOR","Norway","Bioenergy","2022",0.24
"NOR","Norway","Coal","2022",0.04
"NOR","Norway","Gas","2022",1.15
"NOR","Norway","Hydro","2022",128.24
"NOR","Norway","Nuclear","2022",0
"NOR","Norway","Other Fossil","2022",0.78
"NOR","Norway","Other Renewables","2022",0
"NOR","Norway","Solar","2022",0.17
"NOR","Norway","Wind","2022",14.8
"NOR","Norway","Bioenergy","2023",0.25
"NOR","Norway","Coal","2023",0.03
"NOR","Norway","Gas","2023",1.53
"NOR","Norway","Hydro","2023",136.71
"NOR","Norway","Nuclear","2023",0
"NOR","Norway","Other Fossil","2023",0.79
"NOR","Norway","Other Renewables","2023",0
"NOR","Norway","Solar","2023",0.36
"NOR","Norway","Wind","2023",13.96
"NOR","Norway","Bioenergy","2024",0.24
"NOR","Norway","Coal","2024",0
"NOR","Norway","Gas","2024",1.47
"NOR","Norway","Hydro","2024",139.55
"NOR","Norway","Nuclear","2024",0
"NOR","Norway","Other Fossil","2024",0.72
"NOR","Norway","Other Renewables","2024",0
"NOR","Norway","Solar","2024",0.53
"NOR","Norway","Wind","2024",14.6
"NOR","Norway","Bioenergy","2025",0.24
"NOR","Norway","Coal","2025",0
"NOR","Norway","Gas","2025",0.9
"NOR","Norway","Hydro","2025",144.78
"NOR","Norway","Nuclear","2025",0
"NOR","Norway","Other Fossil","2025",0.71
"NOR","Norway","Other Renewables","2025",0.1
"NOR","Norway","Solar","2025",0.53
"NOR","Norway","Wind","2025",13.58
"OMN","Oman","Bioenergy","2015",0
"OMN","Oman","Coal","2015",0
"OMN","Oman","Gas","2015",31.89
"OMN","Oman","Hydro","2015",0
"OMN","Oman","Nuclear","2015",0
"OMN","Oman","Other Fossil","2015",0.86
"OMN","Oman","Other Renewables","2015",0
"OMN","Oman","Solar","2015",0
"OMN","Oman","Wind","2015",0
"OMN","Oman","Bioenergy","2016",0
"OMN","Oman","Coal","2016",0
"OMN","Oman","Gas","2016",33.29
"OMN","Oman","Hydro","2016",0
"OMN","Oman","Nuclear","2016",0
"OMN","Oman","Other Fossil","2016",0.94
"OMN","Oman","Other Renewables","2016",0
"OMN","Oman","Solar","2016",0
"OMN","Oman","Wind","2016",0
"OMN","Oman","Bioenergy","2017",0
"OMN","Oman","Coal","2017",0
"OMN","Oman","Gas","2017",35.09
"OMN","Oman","Hydro","2017",0
"OMN","Oman","Nuclear","2017",0
"OMN","Oman","Other Fossil","2017",1.04
"OMN","Oman","Other Renewables","2017",0
"OMN","Oman","Solar","2017",0.02
"OMN","Oman","Wind","2017",0
"OMN","Oman","Bioenergy","2018",0
"OMN","Oman","Coal","2018",0
"OMN","Oman","Gas","2018",36.58
"OMN","Oman","Hydro","2018",0
"OMN","Oman","Nuclear","2018",0
"OMN","Oman","Other Fossil","2018",1.13
"OMN","Oman","Other Renewables","2018",0
"OMN","Oman","Solar","2018",0.05
"OMN","Oman","Wind","2018",0
"OMN","Oman","Bioenergy","2019",0
"OMN","Oman","Coal","2019",0
"OMN","Oman","Gas","2019",37.71
"OMN","Oman","Hydro","2019",0
"OMN","Oman","Nuclear","2019",0
"OMN","Oman","Other Fossil","2019",1.12
"OMN","Oman","Other Renewables","2019",0
"OMN","Oman","Solar","2019",0.05
"OMN","Oman","Wind","2019",0.01
"OMN","Oman","Bioenergy","2020",0
"OMN","Oman","Coal","2020",0
"OMN","Oman","Gas","2020",37.2
"OMN","Oman","Hydro","2020",0
"OMN","Oman","Nuclear","2020",0
"OMN","Oman","Other Fossil","2020",0.9
"OMN","Oman","Other Renewables","2020",0
"OMN","Oman","Solar","2020",0.1
"OMN","Oman","Wind","2020",0
"OMN","Oman","Bioenergy","2021",0
"OMN","Oman","Coal","2021",0
"OMN","Oman","Gas","2021",38.8
"OMN","Oman","Hydro","2021",0
"OMN","Oman","Nuclear","2021",0
"OMN","Oman","Other Fossil","2021",1.5
"OMN","Oman","Other Renewables","2021",0
"OMN","Oman","Solar","2021",0.6
"OMN","Oman","Wind","2021",0.1
"OMN","Oman","Bioenergy","2022",0
"OMN","Oman","Coal","2022",0
"OMN","Oman","Gas","2022",38.8
"OMN","Oman","Hydro","2022",0
"OMN","Oman","Nuclear","2022",0
"OMN","Oman","Other Fossil","2022",1.7
"OMN","Oman","Other Renewables","2022",0
"OMN","Oman","Solar","2022",1.8
"OMN","Oman","Wind","2022",0.1
"OMN","Oman","Bioenergy","2023",0
"OMN","Oman","Coal","2023",0
"OMN","Oman","Gas","2023",41.2
"OMN","Oman","Hydro","2023",0
"OMN","Oman","Nuclear","2023",0
"OMN","Oman","Other Fossil","2023",1.6
"OMN","Oman","Other Renewables","2023",0
"OMN","Oman","Solar","2023",2.1
"OMN","Oman","Wind","2023",0.1
"OMN","Oman","Bioenergy","2024",0
"OMN","Oman","Coal","2024",0
"OMN","Oman","Gas","2024",44.8
"OMN","Oman","Hydro","2024",0
"OMN","Oman","Nuclear","2024",0
"OMN","Oman","Other Fossil","2024",1.9
"OMN","Oman","Other Renewables","2024",0
"OMN","Oman","Solar","2024",2.3
"OMN","Oman","Wind","2024",0.1
"OMN","Oman","Bioenergy","2025",0
"OMN","Oman","Coal","2025",0
"OMN","Oman","Gas","2025",48.54
"OMN","Oman","Hydro","2025",0
"OMN","Oman","Nuclear","2025",0
"OMN","Oman","Other Fossil","2025",1.9
"OMN","Oman","Other Renewables","2025",0
"OMN","Oman","Solar","2025",2.3
"OMN","Oman","Wind","2025",0.1
"PAK","Pakistan","Bioenergy","2015",2.15
"PAK","Pakistan","Coal","2015",0.15
"PAK","Pakistan","Gas","2015",35
"PAK","Pakistan","Hydro","2015",34.63
"PAK","Pakistan","Nuclear","2015",4.33
"PAK","Pakistan","Other Fossil","2015",35.36
"PAK","Pakistan","Solar","2015",0.38
"PAK","Pakistan","Wind","2015",0.79
"PAK","Pakistan","Bioenergy","2016",1.66
"PAK","Pakistan","Coal","2016",0.62
"PAK","Pakistan","Gas","2016",41.43
"PAK","Pakistan","Hydro","2016",32.18
"PAK","Pakistan","Nuclear","2016",5.44
"PAK","Pakistan","Other Fossil","2016",39.56
"PAK","Pakistan","Solar","2016",0.68
"PAK","Pakistan","Wind","2016",1.33
"PAK","Pakistan","Bioenergy","2017",1.7
"PAK","Pakistan","Coal","2017",10.91
"PAK","Pakistan","Gas","2017",49.2
"PAK","Pakistan","Hydro","2017",27.92
"PAK","Pakistan","Nuclear","2017",8.11
"PAK","Pakistan","Other Fossil","2017",29.5
"PAK","Pakistan","Solar","2017",0.92
"PAK","Pakistan","Wind","2017",2.1
"PAK","Pakistan","Bioenergy","2018",1.71
"PAK","Pakistan","Coal","2018",15.77
"PAK","Pakistan","Gas","2018",57.44
"PAK","Pakistan","Hydro","2018",27.34
"PAK","Pakistan","Nuclear","2018",9.29
"PAK","Pakistan","Other Fossil","2018",13.39
"PAK","Pakistan","Solar","2018",0.92
"PAK","Pakistan","Wind","2018",3.16
"PAK","Pakistan","Bioenergy","2019",1.71
"PAK","Pakistan","Coal","2019",25.86
"PAK","Pakistan","Gas","2019",46.02
"PAK","Pakistan","Hydro","2019",33.58
"PAK","Pakistan","Nuclear","2019",9.07
"PAK","Pakistan","Other Fossil","2019",13.24
"PAK","Pakistan","Solar","2019",2.61
"PAK","Pakistan","Wind","2019",2.88
"PAK","Pakistan","Bioenergy","2020",0.64
"PAK","Pakistan","Coal","2020",26.7
"PAK","Pakistan","Gas","2020",47.75
"PAK","Pakistan","Hydro","2020",33.57
"PAK","Pakistan","Nuclear","2020",10.08
"PAK","Pakistan","Other Fossil","2020",9.84
"PAK","Pakistan","Solar","2020",4.1
"PAK","Pakistan","Wind","2020",2.89
"PAK","Pakistan","Bioenergy","2021",0.77
"PAK","Pakistan","Coal","2021",26.73
"PAK","Pakistan","Gas","2021",49.07
"PAK","Pakistan","Hydro","2021",33.13
"PAK","Pakistan","Nuclear","2021",14.26
"PAK","Pakistan","Other Fossil","2021",14.83
"PAK","Pakistan","Solar","2021",5.79
"PAK","Pakistan","Wind","2021",3.74
"PAK","Pakistan","Bioenergy","2022",0.84
"PAK","Pakistan","Coal","2022",23.33
"PAK","Pakistan","Gas","2022",45.27
"PAK","Pakistan","Hydro","2022",34.67
"PAK","Pakistan","Nuclear","2022",22.57
"PAK","Pakistan","Other Fossil","2022",13.27
"PAK","Pakistan","Solar","2022",7.72
"PAK","Pakistan","Wind","2022",4.34
"PAK","Pakistan","Bioenergy","2023",0.79
"PAK","Pakistan","Coal","2023",19.98
"PAK","Pakistan","Gas","2023",42.59
"PAK","Pakistan","Hydro","2023",38.28
"PAK","Pakistan","Nuclear","2023",25.48
"PAK","Pakistan","Other Fossil","2023",5.73
"PAK","Pakistan","Solar","2023",11.36
"PAK","Pakistan","Wind","2023",4.01
"PAK","Pakistan","Bioenergy","2024",0.7
"PAK","Pakistan","Coal","2024",24.27
"PAK","Pakistan","Gas","2024",41.66
"PAK","Pakistan","Hydro","2024",40.16
"PAK","Pakistan","Nuclear","2024",24.6
"PAK","Pakistan","Other Fossil","2024",1.95
"PAK","Pakistan","Solar","2024",19.84
"PAK","Pakistan","Wind","2024",3.89
"PAK","Pakistan","Bioenergy","2025",0.55
"PAK","Pakistan","Coal","2025",28.82
"PAK","Pakistan","Gas","2025",38.73
"PAK","Pakistan","Hydro","2025",41.24
"PAK","Pakistan","Nuclear","2025",25.43
"PAK","Pakistan","Other Fossil","2025",1.28
"PAK","Pakistan","Solar","2025",36.61
"PAK","Pakistan","Wind","2025",4.46
"PSE","Palestine, State of","Bioenergy","2015",0
"PSE","Palestine, State of","Coal","2015",0
"PSE","Palestine, State of","Gas","2015",0
"PSE","Palestine, State of","Hydro","2015",0
"PSE","Palestine, State of","Nuclear","2015",0
"PSE","Palestine, State of","Other Fossil","2015",0.51
"PSE","Palestine, State of","Other Renewables","2015",0
"PSE","Palestine, State of","Solar","2015",0.01
"PSE","Palestine, State of","Wind","2015",0
"PSE","Palestine, State of","Bioenergy","2016",0
"PSE","Palestine, State of","Coal","2016",0
"PSE","Palestine, State of","Gas","2016",0
"PSE","Palestine, State of","Hydro","2016",0
"PSE","Palestine, State of","Nuclear","2016",0
"PSE","Palestine, State of","Other Fossil","2016",0.49
"PSE","Palestine, State of","Other Renewables","2016",0
"PSE","Palestine, State of","Solar","2016",0.04
"PSE","Palestine, State of","Wind","2016",0
"PSE","Palestine, State of","Bioenergy","2017",0
"PSE","Palestine, State of","Coal","2017",0
"PSE","Palestine, State of","Gas","2017",0
"PSE","Palestine, State of","Hydro","2017",0
"PSE","Palestine, State of","Nuclear","2017",0
"PSE","Palestine, State of","Other Fossil","2017",0.5
"PSE","Palestine, State of","Other Renewables","2017",0
"PSE","Palestine, State of","Solar","2017",0.05
"PSE","Palestine, State of","Wind","2017",0
"PSE","Palestine, State of","Bioenergy","2018",0
"PSE","Palestine, State of","Coal","2018",0
"PSE","Palestine, State of","Gas","2018",0
"PSE","Palestine, State of","Hydro","2018",0
"PSE","Palestine, State of","Nuclear","2018",0
"PSE","Palestine, State of","Other Fossil","2018",0.36
"PSE","Palestine, State of","Other Renewables","2018",0
"PSE","Palestine, State of","Solar","2018",0.06
"PSE","Palestine, State of","Wind","2018",0
"PSE","Palestine, State of","Bioenergy","2019",0
"PSE","Palestine, State of","Coal","2019",0
"PSE","Palestine, State of","Gas","2019",0
"PSE","Palestine, State of","Hydro","2019",0
"PSE","Palestine, State of","Nuclear","2019",0
"PSE","Palestine, State of","Other Fossil","2019",0.69
"PSE","Palestine, State of","Other Renewables","2019",0
"PSE","Palestine, State of","Solar","2019",0.12
"PSE","Palestine, State of","Wind","2019",0
"PSE","Palestine, State of","Bioenergy","2020",0
"PSE","Palestine, State of","Coal","2020",0
"PSE","Palestine, State of","Gas","2020",0
"PSE","Palestine, State of","Hydro","2020",0
"PSE","Palestine, State of","Nuclear","2020",0
"PSE","Palestine, State of","Other Fossil","2020",0.66
"PSE","Palestine, State of","Other Renewables","2020",0
"PSE","Palestine, State of","Solar","2020",0.18
"PSE","Palestine, State of","Wind","2020",0
"PSE","Palestine, State of","Bioenergy","2021",0
"PSE","Palestine, State of","Coal","2021",0
"PSE","Palestine, State of","Gas","2021",0
"PSE","Palestine, State of","Hydro","2021",0
"PSE","Palestine, State of","Nuclear","2021",0
"PSE","Palestine, State of","Other Fossil","2021",0.69
"PSE","Palestine, State of","Other Renewables","2021",0
"PSE","Palestine, State of","Solar","2021",0.22
"PSE","Palestine, State of","Wind","2021",0
"PSE","Palestine, State of","Bioenergy","2022",0
"PSE","Palestine, State of","Coal","2022",0
"PSE","Palestine, State of","Gas","2022",0
"PSE","Palestine, State of","Hydro","2022",0
"PSE","Palestine, State of","Nuclear","2022",0
"PSE","Palestine, State of","Other Fossil","2022",0.68
"PSE","Palestine, State of","Other Renewables","2022",0
"PSE","Palestine, State of","Solar","2022",0.34
"PSE","Palestine, State of","Wind","2022",0
"PSE","Palestine, State of","Bioenergy","2023",0
"PSE","Palestine, State of","Coal","2023",0
"PSE","Palestine, State of","Gas","2023",0
"PSE","Palestine, State of","Hydro","2023",0
"PSE","Palestine, State of","Nuclear","2023",0
"PSE","Palestine, State of","Other Fossil","2023",0.51
"PSE","Palestine, State of","Other Renewables","2023",0
"PSE","Palestine, State of","Solar","2023",0.34
"PSE","Palestine, State of","Wind","2023",0
"PSE","Palestine, State of","Bioenergy","2024",0
"PSE","Palestine, State of","Coal","2024",0
"PSE","Palestine, State of","Gas","2024",0
"PSE","Palestine, State of","Hydro","2024",0
"PSE","Palestine, State of","Nuclear","2024",0
"PSE","Palestine, State of","Other Fossil","2024",0.6
"PSE","Palestine, State of","Other Renewables","2024",0
"PSE","Palestine, State of","Solar","2024",0.39
"PSE","Palestine, State of","Wind","2024",0
"PAN","Panama","Bioenergy","2015",0.03
"PAN","Panama","Coal","2015",0.71
"PAN","Panama","Gas","2015",0
"PAN","Panama","Hydro","2015",6.26
"PAN","Panama","Nuclear","2015",0
"PAN","Panama","Other Fossil","2015",2.86
"PAN","Panama","Other Renewables","2015",0
"PAN","Panama","Solar","2015",0.02
"PAN","Panama","Wind","2015",0.42
"PAN","Panama","Bioenergy","2016",0.03
"PAN","Panama","Coal","2016",0.66
"PAN","Panama","Gas","2016",0
"PAN","Panama","Hydro","2016",6.52
"PAN","Panama","Nuclear","2016",0
"PAN","Panama","Other Fossil","2016",2.97
"PAN","Panama","Other Renewables","2016",0
"PAN","Panama","Solar","2016",0.07
"PAN","Panama","Wind","2016",0.63
"PAN","Panama","Bioenergy","2017",0.03
"PAN","Panama","Coal","2017",0.17
"PAN","Panama","Gas","2017",0
"PAN","Panama","Hydro","2017",7.25
"PAN","Panama","Nuclear","2017",0
"PAN","Panama","Other Fossil","2017",2.94
"PAN","Panama","Other Renewables","2017",0
"PAN","Panama","Solar","2017",0.16
"PAN","Panama","Wind","2017",0.49
"PAN","Panama","Bioenergy","2018",0.03
"PAN","Panama","Coal","2018",0.48
"PAN","Panama","Gas","2018",0.62
"PAN","Panama","Hydro","2018",7.86
"PAN","Panama","Nuclear","2018",0
"PAN","Panama","Other Fossil","2018",1.39
"PAN","Panama","Other Renewables","2018",0
"PAN","Panama","Solar","2018",0.23
"PAN","Panama","Wind","2018",0.59
"PAN","Panama","Bioenergy","2019",0.03
"PAN","Panama","Coal","2019",1.07
"PAN","Panama","Gas","2019",2.81
"PAN","Panama","Hydro","2019",5.1
"PAN","Panama","Nuclear","2019",0
"PAN","Panama","Other Fossil","2019",1.62
"PAN","Panama","Other Renewables","2019",0
"PAN","Panama","Solar","2019",0.29
"PAN","Panama","Wind","2019",0.72
"PAN","Panama","Bioenergy","2020",0.03
"PAN","Panama","Coal","2020",0.61
"PAN","Panama","Gas","2020",1.4
"PAN","Panama","Hydro","2020",7.35
"PAN","Panama","Nuclear","2020",0
"PAN","Panama","Other Fossil","2020",0.65
"PAN","Panama","Other Renewables","2020",0
"PAN","Panama","Solar","2020",0.32
"PAN","Panama","Wind","2020",0.58
"PAN","Panama","Bioenergy","2021",0.03
"PAN","Panama","Coal","2021",0.5
"PAN","Panama","Gas","2021",1.59
"PAN","Panama","Hydro","2021",8.34
"PAN","Panama","Nuclear","2021",0
"PAN","Panama","Other Fossil","2021",0.53
"PAN","Panama","Other Renewables","2021",0
"PAN","Panama","Solar","2021",0.59
"PAN","Panama","Wind","2021",0.53
"PAN","Panama","Bioenergy","2022",0.06
"PAN","Panama","Coal","2022",0.5
"PAN","Panama","Gas","2022",1.42
"PAN","Panama","Hydro","2022",8.12
"PAN","Panama","Nuclear","2022",0
"PAN","Panama","Other Fossil","2022",0.87
"PAN","Panama","Other Renewables","2022",0
"PAN","Panama","Solar","2022",0.7
"PAN","Panama","Wind","2022",0.58
"PAN","Panama","Bioenergy","2023",0.04
"PAN","Panama","Coal","2023",0.46
"PAN","Panama","Gas","2023",2.79
"PAN","Panama","Hydro","2023",6.15
"PAN","Panama","Nuclear","2023",0
"PAN","Panama","Other Fossil","2023",1.91
"PAN","Panama","Other Renewables","2023",0
"PAN","Panama","Solar","2023",0.87
"PAN","Panama","Wind","2023",0.89
"PAN","Panama","Bioenergy","2024",0.05
"PAN","Panama","Coal","2024",0.5
"PAN","Panama","Gas","2024",2.8
"PAN","Panama","Hydro","2024",7.13
"PAN","Panama","Nuclear","2024",0
"PAN","Panama","Other Fossil","2024",1
"PAN","Panama","Other Renewables","2024",0
"PAN","Panama","Solar","2024",0.99
"PAN","Panama","Wind","2024",0.96
"PNG","Papua New Guinea","Bioenergy","2015",0.02
"PNG","Papua New Guinea","Coal","2015",0
"PNG","Papua New Guinea","Gas","2015",0.68
"PNG","Papua New Guinea","Hydro","2015",1
"PNG","Papua New Guinea","Nuclear","2015",0
"PNG","Papua New Guinea","Other Fossil","2015",2.43
"PNG","Papua New Guinea","Other Renewables","2015",0.4
"PNG","Papua New Guinea","Solar","2015",0
"PNG","Papua New Guinea","Wind","2015",0
"PNG","Papua New Guinea","Bioenergy","2016",0.02
"PNG","Papua New Guinea","Coal","2016",0
"PNG","Papua New Guinea","Gas","2016",0.83
"PNG","Papua New Guinea","Hydro","2016",1
"PNG","Papua New Guinea","Nuclear","2016",0
"PNG","Papua New Guinea","Other Fossil","2016",2.52
"PNG","Papua New Guinea","Other Renewables","2016",0.4
"PNG","Papua New Guinea","Solar","2016",0
"PNG","Papua New Guinea","Wind","2016",0
"PNG","Papua New Guinea","Bioenergy","2017",0.02
"PNG","Papua New Guinea","Coal","2017",0
"PNG","Papua New Guinea","Gas","2017",0.87
"PNG","Papua New Guinea","Hydro","2017",0.79
"PNG","Papua New Guinea","Nuclear","2017",0
"PNG","Papua New Guinea","Other Fossil","2017",2.27
"PNG","Papua New Guinea","Other Renewables","2017",0.4
"PNG","Papua New Guinea","Solar","2017",0
"PNG","Papua New Guinea","Wind","2017",0
"PNG","Papua New Guinea","Bioenergy","2018",0.02
"PNG","Papua New Guinea","Coal","2018",0
"PNG","Papua New Guinea","Gas","2018",0.88
"PNG","Papua New Guinea","Hydro","2018",0.85
"PNG","Papua New Guinea","Nuclear","2018",0
"PNG","Papua New Guinea","Other Fossil","2018",2.48
"PNG","Papua New Guinea","Other Renewables","2018",0.13
"PNG","Papua New Guinea","Solar","2018",0
"PNG","Papua New Guinea","Wind","2018",0
"PNG","Papua New Guinea","Bioenergy","2019",0.02
"PNG","Papua New Guinea","Coal","2019",0
"PNG","Papua New Guinea","Gas","2019",0.61
"PNG","Papua New Guinea","Hydro","2019",1.01
"PNG","Papua New Guinea","Nuclear","2019",0
"PNG","Papua New Guinea","Other Fossil","2019",2.54
"PNG","Papua New Guinea","Other Renewables","2019",0.1
"PNG","Papua New Guinea","Solar","2019",0
"PNG","Papua New Guinea","Wind","2019",0
"PNG","Papua New Guinea","Bioenergy","2020",0.01
"PNG","Papua New Guinea","Coal","2020",0
"PNG","Papua New Guinea","Gas","2020",0.82
"PNG","Papua New Guinea","Hydro","2020",1.01
"PNG","Papua New Guinea","Nuclear","2020",0
"PNG","Papua New Guinea","Other Fossil","2020",2.16
"PNG","Papua New Guinea","Other Renewables","2020",0.1
"PNG","Papua New Guinea","Solar","2020",0
"PNG","Papua New Guinea","Wind","2020",0
"PNG","Papua New Guinea","Bioenergy","2021",0.01
"PNG","Papua New Guinea","Coal","2021",0
"PNG","Papua New Guinea","Gas","2021",0.86
"PNG","Papua New Guinea","Hydro","2021",1.01
"PNG","Papua New Guinea","Nuclear","2021",0
"PNG","Papua New Guinea","Other Fossil","2021",2.55
"PNG","Papua New Guinea","Other Renewables","2021",0.1
"PNG","Papua New Guinea","Solar","2021",0
"PNG","Papua New Guinea","Wind","2021",0
"PNG","Papua New Guinea","Bioenergy","2022",0.01
"PNG","Papua New Guinea","Coal","2022",0
"PNG","Papua New Guinea","Gas","2022",0.91
"PNG","Papua New Guinea","Hydro","2022",0.85
"PNG","Papua New Guinea","Nuclear","2022",0
"PNG","Papua New Guinea","Other Fossil","2022",2.71
"PNG","Papua New Guinea","Other Renewables","2022",0.1
"PNG","Papua New Guinea","Solar","2022",0.01
"PNG","Papua New Guinea","Wind","2022",0
"PNG","Papua New Guinea","Bioenergy","2023",0.01
"PNG","Papua New Guinea","Coal","2023",0
"PNG","Papua New Guinea","Gas","2023",0.91
"PNG","Papua New Guinea","Hydro","2023",1
"PNG","Papua New Guinea","Nuclear","2023",0
"PNG","Papua New Guinea","Other Fossil","2023",2.7
"PNG","Papua New Guinea","Other Renewables","2023",0.1
"PNG","Papua New Guinea","Solar","2023",0.01
"PNG","Papua New Guinea","Wind","2023",0
"PNG","Papua New Guinea","Bioenergy","2024",0.01
"PNG","Papua New Guinea","Coal","2024",0
"PNG","Papua New Guinea","Gas","2024",0.91
"PNG","Papua New Guinea","Hydro","2024",1
"PNG","Papua New Guinea","Nuclear","2024",0
"PNG","Papua New Guinea","Other Fossil","2024",2.7
"PNG","Papua New Guinea","Other Renewables","2024",0.1
"PNG","Papua New Guinea","Solar","2024",0.01
"PNG","Papua New Guinea","Wind","2024",0
"PRY","Paraguay","Bioenergy","2015",0.15
"PRY","Paraguay","Coal","2015",0
"PRY","Paraguay","Gas","2015",0
"PRY","Paraguay","Hydro","2015",55.74
"PRY","Paraguay","Nuclear","2015",0
"PRY","Paraguay","Other Fossil","2015",0
"PRY","Paraguay","Other Renewables","2015",0
"PRY","Paraguay","Solar","2015",0
"PRY","Paraguay","Wind","2015",0
"PRY","Paraguay","Bioenergy","2016",0.17
"PRY","Paraguay","Coal","2016",0
"PRY","Paraguay","Gas","2016",0
"PRY","Paraguay","Hydro","2016",63.77
"PRY","Paraguay","Nuclear","2016",0
"PRY","Paraguay","Other Fossil","2016",0
"PRY","Paraguay","Other Renewables","2016",0
"PRY","Paraguay","Solar","2016",0
"PRY","Paraguay","Wind","2016",0
"PRY","Paraguay","Bioenergy","2017",0.14
"PRY","Paraguay","Coal","2017",0
"PRY","Paraguay","Gas","2017",0
"PRY","Paraguay","Hydro","2017",59.68
"PRY","Paraguay","Nuclear","2017",0
"PRY","Paraguay","Other Fossil","2017",0
"PRY","Paraguay","Other Renewables","2017",0
"PRY","Paraguay","Solar","2017",0
"PRY","Paraguay","Wind","2017",0
"PRY","Paraguay","Bioenergy","2018",0.13
"PRY","Paraguay","Coal","2018",0
"PRY","Paraguay","Gas","2018",0
"PRY","Paraguay","Hydro","2018",59.21
"PRY","Paraguay","Nuclear","2018",0
"PRY","Paraguay","Other Fossil","2018",0
"PRY","Paraguay","Other Renewables","2018",0
"PRY","Paraguay","Solar","2018",0
"PRY","Paraguay","Wind","2018",0
"PRY","Paraguay","Bioenergy","2019",0.14
"PRY","Paraguay","Coal","2019",0
"PRY","Paraguay","Gas","2019",0
"PRY","Paraguay","Hydro","2019",49.45
"PRY","Paraguay","Nuclear","2019",0
"PRY","Paraguay","Other Fossil","2019",0
"PRY","Paraguay","Other Renewables","2019",0
"PRY","Paraguay","Solar","2019",0
"PRY","Paraguay","Wind","2019",0
"PRY","Paraguay","Bioenergy","2020",0.26
"PRY","Paraguay","Coal","2020",0
"PRY","Paraguay","Gas","2020",0
"PRY","Paraguay","Hydro","2020",46.37
"PRY","Paraguay","Nuclear","2020",0
"PRY","Paraguay","Other Fossil","2020",0
"PRY","Paraguay","Other Renewables","2020",0
"PRY","Paraguay","Solar","2020",0
"PRY","Paraguay","Wind","2020",0
"PRY","Paraguay","Bioenergy","2021",0.27
"PRY","Paraguay","Coal","2021",0
"PRY","Paraguay","Gas","2021",0
"PRY","Paraguay","Hydro","2021",40.57
"PRY","Paraguay","Nuclear","2021",0
"PRY","Paraguay","Other Fossil","2021",0
"PRY","Paraguay","Other Renewables","2021",0
"PRY","Paraguay","Solar","2021",0
"PRY","Paraguay","Wind","2021",0
"PRY","Paraguay","Bioenergy","2022",0.24
"PRY","Paraguay","Coal","2022",0
"PRY","Paraguay","Gas","2022",0
"PRY","Paraguay","Hydro","2022",43.87
"PRY","Paraguay","Nuclear","2022",0
"PRY","Paraguay","Other Fossil","2022",0
"PRY","Paraguay","Other Renewables","2022",0
"PRY","Paraguay","Solar","2022",0
"PRY","Paraguay","Wind","2022",0
"PRY","Paraguay","Bioenergy","2023",0.24
"PRY","Paraguay","Coal","2023",0
"PRY","Paraguay","Gas","2023",0
"PRY","Paraguay","Hydro","2023",52.8
"PRY","Paraguay","Nuclear","2023",0
"PRY","Paraguay","Other Fossil","2023",0
"PRY","Paraguay","Other Renewables","2023",0
"PRY","Paraguay","Solar","2023",0
"PRY","Paraguay","Wind","2023",0
"PRY","Paraguay","Bioenergy","2024",0.24
"PRY","Paraguay","Coal","2024",0
"PRY","Paraguay","Gas","2024",0
"PRY","Paraguay","Hydro","2024",42.17
"PRY","Paraguay","Nuclear","2024",0
"PRY","Paraguay","Other Fossil","2024",0
"PRY","Paraguay","Other Renewables","2024",0
"PRY","Paraguay","Solar","2024",0
"PRY","Paraguay","Wind","2024",0
"PRY","Paraguay","Bioenergy","2025",0.24
"PRY","Paraguay","Coal","2025",0
"PRY","Paraguay","Gas","2025",0
"PRY","Paraguay","Hydro","2025",45.11
"PRY","Paraguay","Nuclear","2025",0
"PRY","Paraguay","Other Fossil","2025",0
"PRY","Paraguay","Other Renewables","2025",0
"PRY","Paraguay","Solar","2025",0
"PRY","Paraguay","Wind","2025",0
"PER","Peru","Bioenergy","2015",0.91
"PER","Peru","Coal","2015",0.41
"PER","Peru","Gas","2015",21.73
"PER","Peru","Hydro","2015",23.71
"PER","Peru","Nuclear","2015",0
"PER","Peru","Other Fossil","2015",0.68
"PER","Peru","Other Renewables","2015",0
"PER","Peru","Solar","2015",0.23
"PER","Peru","Wind","2015",0.6
"PER","Peru","Bioenergy","2016",0.56
"PER","Peru","Coal","2016",0.99
"PER","Peru","Gas","2016",23.56
"PER","Peru","Hydro","2016",24.16
"PER","Peru","Nuclear","2016",0
"PER","Peru","Other Fossil","2016",1.06
"PER","Peru","Other Renewables","2016",0
"PER","Peru","Solar","2016",0.24
"PER","Peru","Wind","2016",1.06
"PER","Peru","Bioenergy","2017",0.47
"PER","Peru","Coal","2017",0.76
"PER","Peru","Gas","2017",19.87
"PER","Peru","Hydro","2017",29.06
"PER","Peru","Nuclear","2017",0
"PER","Peru","Other Fossil","2017",1.19
"PER","Peru","Other Renewables","2017",0
"PER","Peru","Solar","2017",0.29
"PER","Peru","Wind","2017",1.07
"PER","Peru","Bioenergy","2018",0.42
"PER","Peru","Coal","2018",0.13
"PER","Peru","Gas","2018",20.68
"PER","Peru","Hydro","2018",30.72
"PER","Peru","Nuclear","2018",0
"PER","Peru","Other Fossil","2018",0.42
"PER","Peru","Other Renewables","2018",0
"PER","Peru","Solar","2018",0.75
"PER","Peru","Wind","2018",1.5
"PER","Peru","Bioenergy","2019",0.55
"PER","Peru","Coal","2019",0.16
"PER","Peru","Gas","2019",21.73
"PER","Peru","Hydro","2019",31.45
"PER","Peru","Nuclear","2019",0
"PER","Peru","Other Fossil","2019",0.55
"PER","Peru","Other Renewables","2019",0
"PER","Peru","Solar","2019",0.78
"PER","Peru","Wind","2019",1.65
"PER","Peru","Bioenergy","2020",0.54
"PER","Peru","Coal","2020",0.14
"PER","Peru","Gas","2020",18.67
"PER","Peru","Hydro","2020",30.5
"PER","Peru","Nuclear","2020",0
"PER","Peru","Other Fossil","2020",0.54
"PER","Peru","Other Renewables","2020",0
"PER","Peru","Solar","2020",0.79
"PER","Peru","Wind","2020",1.81
"PER","Peru","Bioenergy","2021",0.58
"PER","Peru","Coal","2021",0.14
"PER","Peru","Gas","2021",21.17
"PER","Peru","Hydro","2021",31.89
"PER","Peru","Nuclear","2021",0
"PER","Peru","Other Fossil","2021",0.59
"PER","Peru","Other Renewables","2021",0
"PER","Peru","Solar","2021",0.8
"PER","Peru","Wind","2021",1.82
"PER","Peru","Bioenergy","2022",0.59
"PER","Peru","Coal","2022",0.17
"PER","Peru","Gas","2022",26.02
"PER","Peru","Hydro","2022",29.73
"PER","Peru","Nuclear","2022",0
"PER","Peru","Other Fossil","2022",0.62
"PER","Peru","Other Renewables","2022",0
"PER","Peru","Solar","2022",0.84
"PER","Peru","Wind","2022",1.93
"PER","Peru","Bioenergy","2023",0.6
"PER","Peru","Coal","2023",0.04
"PER","Peru","Gas","2023",27.44
"PER","Peru","Hydro","2023",29.73
"PER","Peru","Nuclear","2023",0
"PER","Peru","Other Fossil","2023",0.29
"PER","Peru","Other Renewables","2023",0
"PER","Peru","Solar","2023",0.84
"PER","Peru","Wind","2023",1.93
"PER","Peru","Bioenergy","2024",0.6
"PER","Peru","Coal","2024",0
"PER","Peru","Gas","2024",23.23
"PER","Peru","Hydro","2024",32
"PER","Peru","Nuclear","2024",0
"PER","Peru","Other Fossil","2024",0.42
"PER","Peru","Other Renewables","2024",0
"PER","Peru","Solar","2024",0.95
"PER","Peru","Wind","2024",2.09
"PER","Peru","Bioenergy","2025",0.65
"PER","Peru","Coal","2025",0.01
"PER","Peru","Gas","2025",21.83
"PER","Peru","Hydro","2025",33.88
"PER","Peru","Nuclear","2025",0
"PER","Peru","Other Fossil","2025",0.13
"PER","Peru","Other Renewables","2025",0
"PER","Peru","Solar","2025",1.83
"PER","Peru","Wind","2025",2.11
"PHL","Philippines (the)","Bioenergy","2015",0.35
"PHL","Philippines (the)","Coal","2015",36.69
"PHL","Philippines (the)","Gas","2015",18.88
"PHL","Philippines (the)","Hydro","2015",8.66
"PHL","Philippines (the)","Nuclear","2015",0
"PHL","Philippines (the)","Other Fossil","2015",5.89
"PHL","Philippines (the)","Other Renewables","2015",11.04
"PHL","Philippines (the)","Solar","2015",0.14
"PHL","Philippines (the)","Wind","2015",0.75
"PHL","Philippines (the)","Bioenergy","2016",0.72
"PHL","Philippines (the)","Coal","2016",43.3
"PHL","Philippines (the)","Gas","2016",19.85
"PHL","Philippines (the)","Hydro","2016",8.11
"PHL","Philippines (the)","Nuclear","2016",0
"PHL","Philippines (the)","Other Fossil","2016",5.66
"PHL","Philippines (the)","Other Renewables","2016",11.07
"PHL","Philippines (the)","Solar","2016",1.1
"PHL","Philippines (the)","Wind","2016",0.98
"PHL","Philippines (the)","Bioenergy","2017",1
"PHL","Philippines (the)","Coal","2017",46.85
"PHL","Philippines (the)","Gas","2017",20.55
"PHL","Philippines (the)","Hydro","2017",9.61
"PHL","Philippines (the)","Nuclear","2017",0
"PHL","Philippines (the)","Other Fossil","2017",3.79
"PHL","Philippines (the)","Other Renewables","2017",10.27
"PHL","Philippines (the)","Solar","2017",1.2
"PHL","Philippines (the)","Wind","2017",1.09
"PHL","Philippines (the)","Bioenergy","2018",1.09
"PHL","Philippines (the)","Coal","2018",51.93
"PHL","Philippines (the)","Gas","2018",21.33
"PHL","Philippines (the)","Hydro","2018",9.38
"PHL","Philippines (the)","Nuclear","2018",0
"PHL","Philippines (the)","Other Fossil","2018",3.17
"PHL","Philippines (the)","Other Renewables","2018",10.44
"PHL","Philippines (the)","Solar","2018",1.25
"PHL","Philippines (the)","Wind","2018",1.15
"PHL","Philippines (the)","Bioenergy","2019",1.03
"PHL","Philippines (the)","Coal","2019",57.89
"PHL","Philippines (the)","Gas","2019",22.35
"PHL","Philippines (the)","Hydro","2019",8.03
"PHL","Philippines (the)","Nuclear","2019",0
"PHL","Philippines (the)","Other Fossil","2019",3.75
"PHL","Philippines (the)","Other Renewables","2019",10.69
"PHL","Philippines (the)","Solar","2019",1.25
"PHL","Philippines (the)","Wind","2019",1.04
"PHL","Philippines (the)","Bioenergy","2020",1.25
"PHL","Philippines (the)","Coal","2020",58.18
"PHL","Philippines (the)","Gas","2020",19.5
"PHL","Philippines (the)","Hydro","2020",7.19
"PHL","Philippines (the)","Nuclear","2020",0
"PHL","Philippines (the)","Other Fossil","2020",2.47
"PHL","Philippines (the)","Other Renewables","2020",10.76
"PHL","Philippines (the)","Solar","2020",1.37
"PHL","Philippines (the)","Wind","2020",1.03
"PHL","Philippines (the)","Bioenergy","2021",1.45
"PHL","Philippines (the)","Coal","2021",62.05
"PHL","Philippines (the)","Gas","2021",18.68
"PHL","Philippines (the)","Hydro","2021",9.19
"PHL","Philippines (the)","Nuclear","2021",0
"PHL","Philippines (the)","Other Fossil","2021",1.62
"PHL","Philippines (the)","Other Renewables","2021",10.02
"PHL","Philippines (the)","Solar","2021",1.47
"PHL","Philippines (the)","Wind","2021",1.28
"PHL","Philippines (the)","Bioenergy","2022",1.32
"PHL","Philippines (the)","Coal","2022",66.43
"PHL","Philippines (the)","Gas","2022",17.88
"PHL","Philippines (the)","Hydro","2022",10.09
"PHL","Philippines (the)","Nuclear","2022",0
"PHL","Philippines (the)","Other Fossil","2022",2.52
"PHL","Philippines (the)","Other Renewables","2022",10.43
"PHL","Philippines (the)","Solar","2022",1.82
"PHL","Philippines (the)","Wind","2022",1.06
"PHL","Philippines (the)","Bioenergy","2023",1.32
"PHL","Philippines (the)","Coal","2023",73.75
"PHL","Philippines (the)","Gas","2023",16.67
"PHL","Philippines (the)","Hydro","2023",10.09
"PHL","Philippines (the)","Nuclear","2023",0
"PHL","Philippines (the)","Other Fossil","2023",1.3
"PHL","Philippines (the)","Other Renewables","2023",10.43
"PHL","Philippines (the)","Solar","2023",1.82
"PHL","Philippines (the)","Wind","2023",1.35
"PHL","Philippines (the)","Bioenergy","2024",1.32
"PHL","Philippines (the)","Coal","2024",79.36
"PHL","Philippines (the)","Gas","2024",18.05
"PHL","Philippines (the)","Hydro","2024",10.09
"PHL","Philippines (the)","Nuclear","2024",0
"PHL","Philippines (the)","Other Fossil","2024",1.34
"PHL","Philippines (the)","Other Renewables","2024",10.43
"PHL","Philippines (the)","Solar","2024",2.08
"PHL","Philippines (the)","Wind","2024",1.5
"PHL","Philippines (the)","Bioenergy","2025",1.45
"PHL","Philippines (the)","Coal","2025",72.23
"PHL","Philippines (the)","Gas","2025",21.25
"PHL","Philippines (the)","Hydro","2025",12.7
"PHL","Philippines (the)","Nuclear","2025",0
"PHL","Philippines (the)","Other Fossil","2025",0.94
"PHL","Philippines (the)","Other Renewables","2025",10.09
"PHL","Philippines (the)","Solar","2025",3
"PHL","Philippines (the)","Wind","2025",1.46
"POL","Poland","Bioenergy","2015",9.94
"POL","Poland","Coal","2015",130.52
"POL","Poland","Gas","2015",6.39
"POL","Poland","Hydro","2015",1.83
"POL","Poland","Nuclear","2015",0
"POL","Poland","Other Fossil","2015",4.7
"POL","Poland","Other Renewables","2015",0
"POL","Poland","Solar","2015",0.06
"POL","Poland","Wind","2015",10.86
"POL","Poland","Bioenergy","2016",7.96
"POL","Poland","Coal","2016",130.32
"POL","Poland","Gas","2016",7.83
"POL","Poland","Hydro","2016",2.14
"POL","Poland","Nuclear","2016",0
"POL","Poland","Other Fossil","2016",5.04
"POL","Poland","Other Renewables","2016",0
"POL","Poland","Solar","2016",0.12
"POL","Poland","Wind","2016",12.59
"POL","Poland","Bioenergy","2017",6.49
"POL","Poland","Coal","2017",131.16
"POL","Poland","Gas","2017",10.03
"POL","Poland","Hydro","2017",2.56
"POL","Poland","Nuclear","2017",0
"POL","Poland","Other Fossil","2017",4.59
"POL","Poland","Other Renewables","2017",0
"POL","Poland","Solar","2017",0.17
"POL","Poland","Wind","2017",14.91
"POL","Poland","Bioenergy","2018",6.55
"POL","Poland","Coal","2018",130.56
"POL","Poland","Gas","2018",12.63
"POL","Poland","Hydro","2018",1.97
"POL","Poland","Nuclear","2018",0
"POL","Poland","Other Fossil","2018",4.62
"POL","Poland","Other Renewables","2018",0
"POL","Poland","Solar","2018",0.3
"POL","Poland","Wind","2018",12.8
"POL","Poland","Bioenergy","2019",7.68
"POL","Poland","Coal","2019",118.14
"POL","Poland","Gas","2019",14.8
"POL","Poland","Hydro","2019",1.96
"POL","Poland","Nuclear","2019",0
"POL","Poland","Other Fossil","2019",4.82
"POL","Poland","Other Renewables","2019",0
"POL","Poland","Solar","2019",0.71
"POL","Poland","Wind","2019",15.11
"POL","Poland","Bioenergy","2020",8.35
"POL","Poland","Coal","2020",107.4
"POL","Poland","Gas","2020",17.29
"POL","Poland","Hydro","2020",2.12
"POL","Poland","Nuclear","2020",0
"POL","Poland","Other Fossil","2020",4.23
"POL","Poland","Other Renewables","2020",0
"POL","Poland","Solar","2020",1.96
"POL","Poland","Wind","2020",15.8
"POL","Poland","Bioenergy","2021",8.06
"POL","Poland","Coal","2021",127.57
"POL","Poland","Gas","2021",15.82
"POL","Poland","Hydro","2021",2.34
"POL","Poland","Nuclear","2021",0
"POL","Poland","Other Fossil","2021",4.84
"POL","Poland","Other Renewables","2021",0
"POL","Poland","Solar","2021",3.93
"POL","Poland","Wind","2021",16.23
"POL","Poland","Bioenergy","2022",7.63
"POL","Poland","Coal","2022",124.73
"POL","Poland","Gas","2022",11.36
"POL","Poland","Hydro","2022",1.97
"POL","Poland","Nuclear","2022",0
"POL","Poland","Other Fossil","2022",4.82
"POL","Poland","Other Renewables","2022",0
"POL","Poland","Solar","2022",8.31
"POL","Poland","Wind","2022",19.78
"POL","Poland","Bioenergy","2023",8.16
"POL","Poland","Coal","2023",98.85
"POL","Poland","Gas","2023",16.49
"POL","Poland","Hydro","2023",2.41
"POL","Poland","Nuclear","2023",0
"POL","Poland","Other Fossil","2023",4.32
"POL","Poland","Other Renewables","2023",0
"POL","Poland","Solar","2023",11.11
"POL","Poland","Wind","2023",24.18
"POL","Poland","Bioenergy","2024",7.95
"POL","Poland","Coal","2024",93.5
"POL","Poland","Gas","2024",20.46
"POL","Poland","Hydro","2024",2.11
"POL","Poland","Nuclear","2024",0
"POL","Poland","Other Fossil","2024",4.55
"POL","Poland","Other Renewables","2024",0
"POL","Poland","Solar","2024",17.66
"POL","Poland","Wind","2024",25.89
"POL","Poland","Bioenergy","2025",8.48
"POL","Poland","Coal","2025",87.4
"POL","Poland","Gas","2025",24.81
"POL","Poland","Hydro","2025",1.7
"POL","Poland","Nuclear","2025",0
"POL","Poland","Other Fossil","2025",6.43
"POL","Poland","Other Renewables","2025",0.23
"POL","Poland","Solar","2025",19.55
"POL","Poland","Wind","2025",23.98
"PRT","Portugal","Bioenergy","2015",3.1
"PRT","Portugal","Coal","2015",14.73
"PRT","Portugal","Gas","2015",10.56
"PRT","Portugal","Hydro","2015",8.66
"PRT","Portugal","Nuclear","2015",0
"PRT","Portugal","Other Fossil","2015",1.49
"PRT","Portugal","Other Renewables","2015",0.2
"PRT","Portugal","Solar","2015",0.8
"PRT","Portugal","Wind","2015",11.6
"PRT","Portugal","Bioenergy","2016",3.07
"PRT","Portugal","Coal","2016",12.63
"PRT","Portugal","Gas","2016",12.58
"PRT","Portugal","Hydro","2016",15.72
"PRT","Portugal","Nuclear","2016",0
"PRT","Portugal","Other Fossil","2016",1.54
"PRT","Portugal","Other Renewables","2016",0.17
"PRT","Portugal","Solar","2016",0.87
"PRT","Portugal","Wind","2016",12.47
"PRT","Portugal","Bioenergy","2017",3.22
"PRT","Portugal","Coal","2017",14.67
"PRT","Portugal","Gas","2017",18.89
"PRT","Portugal","Hydro","2017",5.9
"PRT","Portugal","Nuclear","2017",0
"PRT","Portugal","Other Fossil","2017",1.45
"PRT","Portugal","Other Renewables","2017",0.22
"PRT","Portugal","Solar","2017",0.99
"PRT","Portugal","Wind","2017",12.25
"PRT","Portugal","Bioenergy","2018",3.16
"PRT","Portugal","Coal","2018",12.01
"PRT","Portugal","Gas","2018",15.61
"PRT","Portugal","Hydro","2018",12.39
"PRT","Portugal","Nuclear","2018",0
"PRT","Portugal","Other Fossil","2018",1.32
"PRT","Portugal","Other Renewables","2018",0.23
"PRT","Portugal","Solar","2018",1.01
"PRT","Portugal","Wind","2018",12.62
"PRT","Portugal","Bioenergy","2019",3.36
"PRT","Portugal","Coal","2019",5.53
"PRT","Portugal","Gas","2019",17.26
"PRT","Portugal","Hydro","2019",8.82
"PRT","Portugal","Nuclear","2019",0
"PRT","Portugal","Other Fossil","2019",1.4
"PRT","Portugal","Other Renewables","2019",0.22
"PRT","Portugal","Solar","2019",1.34
"PRT","Portugal","Wind","2019",13.67
"PRT","Portugal","Bioenergy","2020",3.79
"PRT","Portugal","Coal","2020",2.36
"PRT","Portugal","Gas","2020",17.6
"PRT","Portugal","Hydro","2020",12.08
"PRT","Portugal","Nuclear","2020",0
"PRT","Portugal","Other Fossil","2020",1.32
"PRT","Portugal","Other Renewables","2020",0.22
"PRT","Portugal","Solar","2020",1.72
"PRT","Portugal","Wind","2020",12.3
"PRT","Portugal","Bioenergy","2021",4
"PRT","Portugal","Coal","2021",0.8
"PRT","Portugal","Gas","2021",15.57
"PRT","Portugal","Hydro","2021",11.91
"PRT","Portugal","Nuclear","2021",0
"PRT","Portugal","Other Fossil","2021",1.31
"PRT","Portugal","Other Renewables","2021",0.18
"PRT","Portugal","Solar","2021",2.24
"PRT","Portugal","Wind","2021",13.21
"PRT","Portugal","Bioenergy","2022",4.11
"PRT","Portugal","Coal","2022",0
"PRT","Portugal","Gas","2022",17.39
"PRT","Portugal","Hydro","2022",6.54
"PRT","Portugal","Nuclear","2022",0
"PRT","Portugal","Other Fossil","2022",1.33
"PRT","Portugal","Other Renewables","2022",0.19
"PRT","Portugal","Solar","2022",3.52
"PRT","Portugal","Wind","2022",13.25
"PRT","Portugal","Bioenergy","2023",3.8
"PRT","Portugal","Coal","2023",0
"PRT","Portugal","Gas","2023",10.42
"PRT","Portugal","Hydro","2023",12.04
"PRT","Portugal","Nuclear","2023",0
"PRT","Portugal","Other Fossil","2023",1.36
"PRT","Portugal","Other Renewables","2023",0.21
"PRT","Portugal","Solar","2023",5.16
"PRT","Portugal","Wind","2023",13.15
"PRT","Portugal","Bioenergy","2024",3.75
"PRT","Portugal","Coal","2024",0
"PRT","Portugal","Gas","2024",5.63
"PRT","Portugal","Hydro","2024",14.89
"PRT","Portugal","Nuclear","2024",0
"PRT","Portugal","Other Fossil","2024",1.37
"PRT","Portugal","Other Renewables","2024",0.2
"PRT","Portugal","Solar","2024",7.09
"PRT","Portugal","Wind","2024",14.34
"PRT","Portugal","Bioenergy","2025",3.43
"PRT","Portugal","Coal","2025",0
"PRT","Portugal","Gas","2025",8.42
"PRT","Portugal","Hydro","2025",15.2
"PRT","Portugal","Nuclear","2025",0
"PRT","Portugal","Other Fossil","2025",1.35
"PRT","Portugal","Other Renewables","2025",0.2
"PRT","Portugal","Solar","2025",8.86
"PRT","Portugal","Wind","2025",13.68
"PRI","Puerto Rico","Bioenergy","2015",0
"PRI","Puerto Rico","Coal","2015",3.26
"PRI","Puerto Rico","Gas","2015",6.37
"PRI","Puerto Rico","Hydro","2015",0.05
"PRI","Puerto Rico","Nuclear","2015",0
"PRI","Puerto Rico","Other Fossil","2015",10.89
"PRI","Puerto Rico","Other Renewables","2015",0
"PRI","Puerto Rico","Solar","2015",0.09
"PRI","Puerto Rico","Wind","2015",0.24
"PRI","Puerto Rico","Bioenergy","2016",0.01
"PRI","Puerto Rico","Coal","2016",3.48
"PRI","Puerto Rico","Gas","2016",6.96
"PRI","Puerto Rico","Hydro","2016",0.07
"PRI","Puerto Rico","Nuclear","2016",0
"PRI","Puerto Rico","Other Fossil","2016",9.81
"PRI","Puerto Rico","Other Renewables","2016",0
"PRI","Puerto Rico","Solar","2016",0.12
"PRI","Puerto Rico","Wind","2016",0.19
"PRI","Puerto Rico","Bioenergy","2017",0.01
"PRI","Puerto Rico","Coal","2017",2.32
"PRI","Puerto Rico","Gas","2017",5.28
"PRI","Puerto Rico","Hydro","2017",0.05
"PRI","Puerto Rico","Nuclear","2017",0
"PRI","Puerto Rico","Other Fossil","2017",8.41
"PRI","Puerto Rico","Other Renewables","2017",0
"PRI","Puerto Rico","Solar","2017",0.16
"PRI","Puerto Rico","Wind","2017",0.15
"PRI","Puerto Rico","Bioenergy","2018",0.01
"PRI","Puerto Rico","Coal","2018",2.51
"PRI","Puerto Rico","Gas","2018",6.22
"PRI","Puerto Rico","Hydro","2018",0.04
"PRI","Puerto Rico","Nuclear","2018",0
"PRI","Puerto Rico","Other Fossil","2018",8.49
"PRI","Puerto Rico","Other Renewables","2018",0
"PRI","Puerto Rico","Solar","2018",0.31
"PRI","Puerto Rico","Wind","2018",0.11
"PRI","Puerto Rico","Bioenergy","2019",0.02
"PRI","Puerto Rico","Coal","2019",3.52
"PRI","Puerto Rico","Gas","2019",7.63
"PRI","Puerto Rico","Hydro","2019",0.05
"PRI","Puerto Rico","Nuclear","2019",0
"PRI","Puerto Rico","Other Fossil","2019",7.27
"PRI","Puerto Rico","Other Renewables","2019",0
"PRI","Puerto Rico","Solar","2019",0.5
"PRI","Puerto Rico","Wind","2019",0.16
"PRI","Puerto Rico","Bioenergy","2020",0.01
"PRI","Puerto Rico","Coal","2020",3.06
"PRI","Puerto Rico","Gas","2020",5.62
"PRI","Puerto Rico","Hydro","2020",0.05
"PRI","Puerto Rico","Nuclear","2020",0
"PRI","Puerto Rico","Other Fossil","2020",9.63
"PRI","Puerto Rico","Other Renewables","2020",0
"PRI","Puerto Rico","Solar","2020",0.56
"PRI","Puerto Rico","Wind","2020",0.14
"PRI","Puerto Rico","Bioenergy","2021",0.01
"PRI","Puerto Rico","Coal","2021",3.18
"PRI","Puerto Rico","Gas","2021",5.28
"PRI","Puerto Rico","Hydro","2021",0.05
"PRI","Puerto Rico","Nuclear","2021",0
"PRI","Puerto Rico","Other Fossil","2021",10
"PRI","Puerto Rico","Other Renewables","2021",0
"PRI","Puerto Rico","Solar","2021",0.68
"PRI","Puerto Rico","Wind","2021",0.16
"PRI","Puerto Rico","Bioenergy","2022",0.01
"PRI","Puerto Rico","Coal","2022",3.24
"PRI","Puerto Rico","Gas","2022",5.39
"PRI","Puerto Rico","Hydro","2022",0.05
"PRI","Puerto Rico","Nuclear","2022",0
"PRI","Puerto Rico","Other Fossil","2022",10.2
"PRI","Puerto Rico","Other Renewables","2022",0
"PRI","Puerto Rico","Solar","2022",0.85
"PRI","Puerto Rico","Wind","2022",0.16
"PRI","Puerto Rico","Bioenergy","2023",0.01
"PRI","Puerto Rico","Coal","2023",3.24
"PRI","Puerto Rico","Gas","2023",5.39
"PRI","Puerto Rico","Hydro","2023",0.05
"PRI","Puerto Rico","Nuclear","2023",0
"PRI","Puerto Rico","Other Fossil","2023",10.2
"PRI","Puerto Rico","Other Renewables","2023",0
"PRI","Puerto Rico","Solar","2023",0.85
"PRI","Puerto Rico","Wind","2023",0.16
"PRI","Puerto Rico","Bioenergy","2024",0.01
"PRI","Puerto Rico","Coal","2024",3.2
"PRI","Puerto Rico","Gas","2024",5.4
"PRI","Puerto Rico","Hydro","2024",0.05
"PRI","Puerto Rico","Nuclear","2024",0
"PRI","Puerto Rico","Other Fossil","2024",10.2
"PRI","Puerto Rico","Other Renewables","2024",0
"PRI","Puerto Rico","Solar","2024",0.96
"PRI","Puerto Rico","Wind","2024",0.18
"PRI","Puerto Rico","Bioenergy","2025",0.01
"PRI","Puerto Rico","Coal","2025",3.06
"PRI","Puerto Rico","Gas","2025",5.75
"PRI","Puerto Rico","Hydro","2025",0.01
"PRI","Puerto Rico","Nuclear","2025",0
"PRI","Puerto Rico","Other Fossil","2025",9.57
"PRI","Puerto Rico","Other Renewables","2025",0
"PRI","Puerto Rico","Solar","2025",0.95
"PRI","Puerto Rico","Wind","2025",0.23
"QAT","Qatar","Bioenergy","2015",0.12
"QAT","Qatar","Coal","2015",0
"QAT","Qatar","Gas","2015",41.5
"QAT","Qatar","Hydro","2015",0
"QAT","Qatar","Nuclear","2015",0
"QAT","Qatar","Other Fossil","2015",0
"QAT","Qatar","Other Renewables","2015",0
"QAT","Qatar","Solar","2015",0.01
"QAT","Qatar","Wind","2015",0
"QAT","Qatar","Bioenergy","2016",0.12
"QAT","Qatar","Coal","2016",0
"QAT","Qatar","Gas","2016",42.31
"QAT","Qatar","Hydro","2016",0
"QAT","Qatar","Nuclear","2016",0
"QAT","Qatar","Other Fossil","2016",0
"QAT","Qatar","Other Renewables","2016",0
"QAT","Qatar","Solar","2016",0.01
"QAT","Qatar","Wind","2016",0
"QAT","Qatar","Bioenergy","2017",0.13
"QAT","Qatar","Coal","2017",0
"QAT","Qatar","Gas","2017",45.56
"QAT","Qatar","Hydro","2017",0
"QAT","Qatar","Nuclear","2017",0
"QAT","Qatar","Other Fossil","2017",0
"QAT","Qatar","Other Renewables","2017",0
"QAT","Qatar","Solar","2017",0.01
"QAT","Qatar","Wind","2017",0
"QAT","Qatar","Bioenergy","2018",0.14
"QAT","Qatar","Coal","2018",0
"QAT","Qatar","Gas","2018",47.91
"QAT","Qatar","Hydro","2018",0
"QAT","Qatar","Nuclear","2018",0
"QAT","Qatar","Other Fossil","2018",0
"QAT","Qatar","Other Renewables","2018",0
"QAT","Qatar","Solar","2018",0.01
"QAT","Qatar","Wind","2018",0
"QAT","Qatar","Bioenergy","2019",0.12
"QAT","Qatar","Coal","2019",0
"QAT","Qatar","Gas","2019",49.87
"QAT","Qatar","Hydro","2019",0
"QAT","Qatar","Nuclear","2019",0
"QAT","Qatar","Other Fossil","2019",0
"QAT","Qatar","Other Renewables","2019",0
"QAT","Qatar","Solar","2019",0.01
"QAT","Qatar","Wind","2019",0
"QAT","Qatar","Bioenergy","2020",0.13
"QAT","Qatar","Coal","2020",0
"QAT","Qatar","Gas","2020",49.26
"QAT","Qatar","Hydro","2020",0
"QAT","Qatar","Nuclear","2020",0
"QAT","Qatar","Other Fossil","2020",0
"QAT","Qatar","Other Renewables","2020",0
"QAT","Qatar","Solar","2020",0.01
"QAT","Qatar","Wind","2020",0
"QAT","Qatar","Bioenergy","2021",0.14
"QAT","Qatar","Coal","2021",0
"QAT","Qatar","Gas","2021",51.64
"QAT","Qatar","Hydro","2021",0
"QAT","Qatar","Nuclear","2021",0
"QAT","Qatar","Other Fossil","2021",0
"QAT","Qatar","Other Renewables","2021",0
"QAT","Qatar","Solar","2021",0.01
"QAT","Qatar","Wind","2021",0
"QAT","Qatar","Bioenergy","2022",0.13
"QAT","Qatar","Coal","2022",0
"QAT","Qatar","Gas","2022",54.03
"QAT","Qatar","Hydro","2022",0
"QAT","Qatar","Nuclear","2022",0
"QAT","Qatar","Other Fossil","2022",0
"QAT","Qatar","Other Renewables","2022",0
"QAT","Qatar","Solar","2022",0.59
"QAT","Qatar","Wind","2022",0
"QAT","Qatar","Bioenergy","2023",0.13
"QAT","Qatar","Coal","2023",0
"QAT","Qatar","Gas","2023",54.37
"QAT","Qatar","Hydro","2023",0
"QAT","Qatar","Nuclear","2023",0
"QAT","Qatar","Other Fossil","2023",0
"QAT","Qatar","Other Renewables","2023",0
"QAT","Qatar","Solar","2023",1.88
"QAT","Qatar","Wind","2023",0
"QAT","Qatar","Bioenergy","2024",0.13
"QAT","Qatar","Coal","2024",0
"QAT","Qatar","Gas","2024",54.4
"QAT","Qatar","Hydro","2024",0
"QAT","Qatar","Nuclear","2024",0
"QAT","Qatar","Other Fossil","2024",0
"QAT","Qatar","Other Renewables","2024",0
"QAT","Qatar","Solar","2024",2.15
"QAT","Qatar","Wind","2024",0
"QAT","Qatar","Bioenergy","2025",0.13
"QAT","Qatar","Coal","2025",0
"QAT","Qatar","Gas","2025",53.9
"QAT","Qatar","Hydro","2025",0
"QAT","Qatar","Nuclear","2025",0
"QAT","Qatar","Other Fossil","2025",0
"QAT","Qatar","Other Renewables","2025",0
"QAT","Qatar","Solar","2025",2.15
"QAT","Qatar","Wind","2025",0
"REU","Reunion","Bioenergy","2015",0.29
"REU","Reunion","Coal","2015",1.17
"REU","Reunion","Hydro","2015",0.5
"REU","Reunion","Other Fossil","2015",0.68
"REU","Reunion","Solar","2015",0.24
"REU","Reunion","Wind","2015",0.02
"REU","Reunion","Bioenergy","2016",0.26
"REU","Reunion","Coal","2016",1.14
"REU","Reunion","Hydro","2016",0.46
"REU","Reunion","Other Fossil","2016",0.8
"REU","Reunion","Solar","2016",0.26
"REU","Reunion","Wind","2016",0.02
"REU","Reunion","Bioenergy","2017",0.27
"REU","Reunion","Coal","2017",1.14
"REU","Reunion","Hydro","2017",0.42
"REU","Reunion","Other Fossil","2017",0.88
"REU","Reunion","Solar","2017",0.26
"REU","Reunion","Wind","2017",0.01
"REU","Reunion","Bioenergy","2018",0.21
"REU","Reunion","Coal","2018",1.06
"REU","Reunion","Hydro","2018",0.6
"REU","Reunion","Other Fossil","2018",0.82
"REU","Reunion","Solar","2018",0.25
"REU","Reunion","Wind","2018",0.01
"REU","Reunion","Bioenergy","2019",0.26
"REU","Reunion","Coal","2019",1.09
"REU","Reunion","Hydro","2019",0.42
"REU","Reunion","Other Fossil","2019",1.01
"REU","Reunion","Solar","2019",0.26
"REU","Reunion","Wind","2019",0.01
"REU","Reunion","Bioenergy","2020",0.24
"REU","Reunion","Coal","2020",1.91
"REU","Reunion","Hydro","2020",0.42
"REU","Reunion","Other Fossil","2020",0.95
"REU","Reunion","Solar","2020",0.26
"REU","Reunion","Wind","2020",0.01
"REU","Reunion","Bioenergy","2021",0.24
"REU","Reunion","Coal","2021",0.93
"REU","Reunion","Hydro","2021",0.36
"REU","Reunion","Other Fossil","2021",1.29
"REU","Reunion","Solar","2021",0.27
"REU","Reunion","Wind","2021",0
"REU","Reunion","Bioenergy","2022",0.25
"REU","Reunion","Coal","2022",0.58
"REU","Reunion","Hydro","2022",0.63
"REU","Reunion","Other Fossil","2022",1.33
"REU","Reunion","Solar","2022",0.27
"REU","Reunion","Wind","2022",0
"REU","Reunion","Bioenergy","2023",1.04
"REU","Reunion","Coal","2023",0.4
"REU","Reunion","Hydro","2023",0.39
"REU","Reunion","Other Fossil","2023",0.93
"REU","Reunion","Solar","2023",0.29
"REU","Reunion","Wind","2023",0.02
"ROU","Romania","Bioenergy","2015",0.52
"ROU","Romania","Coal","2015",18.13
"ROU","Romania","Gas","2015",9.39
"ROU","Romania","Hydro","2015",16.63
"ROU","Romania","Nuclear","2015",11.64
"ROU","Romania","Other Fossil","2015",0.31
"ROU","Romania","Other Renewables","2015",0
"ROU","Romania","Solar","2015",1.98
"ROU","Romania","Wind","2015",7.06
"ROU","Romania","Bioenergy","2016",0.53
"ROU","Romania","Coal","2016",15.88
"ROU","Romania","Gas","2016",9.65
"ROU","Romania","Hydro","2016",18.03
"ROU","Romania","Nuclear","2016",11.29
"ROU","Romania","Other Fossil","2016",0.43
"ROU","Romania","Other Renewables","2016",0
"ROU","Romania","Solar","2016",1.82
"ROU","Romania","Wind","2016",6.59
"ROU","Romania","Bioenergy","2017",0.53
"ROU","Romania","Coal","2017",16.78
"ROU","Romania","Gas","2017",10.66
"ROU","Romania","Hydro","2017",14.49
"ROU","Romania","Nuclear","2017",11.51
"ROU","Romania","Other Fossil","2017",0.3
"ROU","Romania","Other Renewables","2017",0
"ROU","Romania","Solar","2017",1.86
"ROU","Romania","Wind","2017",7.41
"ROU","Romania","Bioenergy","2018",0.44
"ROU","Romania","Coal","2018",15.65
"ROU","Romania","Gas","2018",10.52
"ROU","Romania","Hydro","2018",17.66
"ROU","Romania","Nuclear","2018",11.38
"ROU","Romania","Other Fossil","2018",0.33
"ROU","Romania","Other Renewables","2018",0
"ROU","Romania","Solar","2018",1.77
"ROU","Romania","Wind","2018",6.32
"ROU","Romania","Bioenergy","2019",0.5
"ROU","Romania","Coal","2019",13.61
"ROU","Romania","Gas","2019",8.95
"ROU","Romania","Hydro","2019",15.58
"ROU","Romania","Nuclear","2019",11.28
"ROU","Romania","Other Fossil","2019",0.29
"ROU","Romania","Other Renewables","2019",0
"ROU","Romania","Solar","2019",1.78
"ROU","Romania","Wind","2019",6.77
"ROU","Romania","Bioenergy","2020",0.55
"ROU","Romania","Coal","2020",9.36
"ROU","Romania","Gas","2020",9.46
"ROU","Romania","Hydro","2020",15.38
"ROU","Romania","Nuclear","2020",11.47
"ROU","Romania","Other Fossil","2020",0.31
"ROU","Romania","Other Renewables","2020",0
"ROU","Romania","Solar","2020",1.73
"ROU","Romania","Wind","2020",6.95
"ROU","Romania","Bioenergy","2021",0.65
"ROU","Romania","Coal","2021",10.69
"ROU","Romania","Gas","2021",9.91
"ROU","Romania","Hydro","2021",17.41
"ROU","Romania","Nuclear","2021",11.28
"ROU","Romania","Other Fossil","2021",0.34
"ROU","Romania","Other Renewables","2021",0
"ROU","Romania","Solar","2021",1.7
"ROU","Romania","Wind","2021",6.58
"ROU","Romania","Bioenergy","2022",0.65
"ROU","Romania","Coal","2022",10.37
"ROU","Romania","Gas","2022",9.33
"ROU","Romania","Hydro","2022",13.98
"ROU","Romania","Nuclear","2022",11.09
"ROU","Romania","Other Fossil","2022",0.33
"ROU","Romania","Other Renewables","2022",0
"ROU","Romania","Solar","2022",1.99
"ROU","Romania","Wind","2022",7
"ROU","Romania","Bioenergy","2023",0.44
"ROU","Romania","Coal","2023",8.06
"ROU","Romania","Gas","2023",9.15
"ROU","Romania","Hydro","2023",18.14
"ROU","Romania","Nuclear","2023",11.19
"ROU","Romania","Other Fossil","2023",0.19
"ROU","Romania","Other Renewables","2023",0
"ROU","Romania","Solar","2023",2.23
"ROU","Romania","Wind","2023",7.55
"ROU","Romania","Bioenergy","2024",0.48
"ROU","Romania","Coal","2024",7.96
"ROU","Romania","Gas","2024",9.15
"ROU","Romania","Hydro","2024",14.19
"ROU","Romania","Nuclear","2024",10.91
"ROU","Romania","Other Fossil","2024",0.18
"ROU","Romania","Other Renewables","2024",0
"ROU","Romania","Solar","2024",3.42
"ROU","Romania","Wind","2024",6.43
"ROU","Romania","Bioenergy","2025",0.49
"ROU","Romania","Coal","2025",7.56
"ROU","Romania","Gas","2025",8.43
"ROU","Romania","Hydro","2025",12.08
"ROU","Romania","Nuclear","2025",10.2
"ROU","Romania","Other Fossil","2025",0.18
"ROU","Romania","Other Renewables","2025",0
"ROU","Romania","Solar","2025",4.87
"ROU","Romania","Wind","2025",5.97
"RUS","Russian Federation (the)","Bioenergy","2015",0.48
"RUS","Russian Federation (the)","Coal","2015",158.55
"RUS","Russian Federation (the)","Gas","2015",529.76
"RUS","Russian Federation (the)","Hydro","2015",167.99
"RUS","Russian Federation (the)","Nuclear","2015",195.47
"RUS","Russian Federation (the)","Other Fossil","2015",14.81
"RUS","Russian Federation (the)","Solar","2015",0.34
"RUS","Russian Federation (the)","Wind","2015",0.15
"RUS","Russian Federation (the)","Bioenergy","2016",0.45
"RUS","Russian Federation (the)","Coal","2016",171.45
"RUS","Russian Federation (the)","Gas","2016",521.81
"RUS","Russian Federation (the)","Hydro","2016",184.61
"RUS","Russian Federation (the)","Nuclear","2016",196.61
"RUS","Russian Federation (the)","Other Fossil","2016",15.42
"RUS","Russian Federation (the)","Solar","2016",0.47
"RUS","Russian Federation (the)","Wind","2016",0.15
"RUS","Russian Federation (the)","Bioenergy","2017",0.52
"RUS","Russian Federation (the)","Coal","2017",174.01
"RUS","Russian Federation (the)","Gas","2017",516.27
"RUS","Russian Federation (the)","Hydro","2017",185.16
"RUS","Russian Federation (the)","Nuclear","2017",203.14
"RUS","Russian Federation (the)","Other Fossil","2017",11.39
"RUS","Russian Federation (the)","Solar","2017",0.54
"RUS","Russian Federation (the)","Wind","2017",0.14
"RUS","Russian Federation (the)","Bioenergy","2018",0.5
"RUS","Russian Federation (the)","Coal","2018",176.61
"RUS","Russian Federation (the)","Gas","2018",523.72
"RUS","Russian Federation (the)","Hydro","2018",190.64
"RUS","Russian Federation (the)","Nuclear","2018",204.58
"RUS","Russian Federation (the)","Other Fossil","2018",12.28
"RUS","Russian Federation (the)","Solar","2018",0.62
"RUS","Russian Federation (the)","Wind","2018",0.24
"RUS","Russian Federation (the)","Bioenergy","2019",0.54
"RUS","Russian Federation (the)","Coal","2019",187.55
"RUS","Russian Federation (the)","Gas","2019",512.33
"RUS","Russian Federation (the)","Hydro","2019",194.38
"RUS","Russian Federation (the)","Nuclear","2019",208.99
"RUS","Russian Federation (the)","Other Fossil","2019",13.07
"RUS","Russian Federation (the)","Solar","2019",0.99
"RUS","Russian Federation (the)","Wind","2019",0.31
"RUS","Russian Federation (the)","Bioenergy","2020",0.81
"RUS","Russian Federation (the)","Coal","2020",174.96
"RUS","Russian Federation (the)","Gas","2020",465.88
"RUS","Russian Federation (the)","Hydro","2020",212.44
"RUS","Russian Federation (the)","Nuclear","2020",215.91
"RUS","Russian Federation (the)","Other Fossil","2020",12.42
"RUS","Russian Federation (the)","Solar","2020",1.86
"RUS","Russian Federation (the)","Wind","2020",1.14
"RUS","Russian Federation (the)","Bioenergy","2021",0.82
"RUS","Russian Federation (the)","Coal","2021",187.14
"RUS","Russian Federation (the)","Gas","2021",513.41
"RUS","Russian Federation (the)","Hydro","2021",214.53
"RUS","Russian Federation (the)","Nuclear","2021",222.39
"RUS","Russian Federation (the)","Other Fossil","2021",13.89
"RUS","Russian Federation (the)","Solar","2021",2.31
"RUS","Russian Federation (the)","Wind","2021",2.58
"RUS","Russian Federation (the)","Bioenergy","2022",0.84
"RUS","Russian Federation (the)","Coal","2022",191.96
"RUS","Russian Federation (the)","Gas","2022",531.59
"RUS","Russian Federation (the)","Hydro","2022",197.67
"RUS","Russian Federation (the)","Nuclear","2022",223.7
"RUS","Russian Federation (the)","Other Fossil","2022",14.58
"RUS","Russian Federation (the)","Solar","2022",2.4
"RUS","Russian Federation (the)","Wind","2022",4.2
"RUS","Russian Federation (the)","Bioenergy","2023",0.85
"RUS","Russian Federation (the)","Coal","2023",204.06
"RUS","Russian Federation (the)","Gas","2023",533.35
"RUS","Russian Federation (the)","Hydro","2023",200.87
"RUS","Russian Federation (the)","Nuclear","2023",217.38
"RUS","Russian Federation (the)","Other Fossil","2023",14.36
"RUS","Russian Federation (the)","Solar","2023",2.63
"RUS","Russian Federation (the)","Wind","2023",4.75
"RUS","Russian Federation (the)","Bioenergy","2024",0.83
"RUS","Russian Federation (the)","Coal","2024",215.17
"RUS","Russian Federation (the)","Gas","2024",545.78
"RUS","Russian Federation (the)","Hydro","2024",210.54
"RUS","Russian Federation (the)","Nuclear","2024",215.71
"RUS","Russian Federation (the)","Other Fossil","2024",13.79
"RUS","Russian Federation (the)","Solar","2024",2.92
"RUS","Russian Federation (the)","Wind","2024",4.57
"RUS","Russian Federation (the)","Bioenergy","2025",0.77
"RUS","Russian Federation (the)","Coal","2025",219.52
"RUS","Russian Federation (the)","Gas","2025",533.17
"RUS","Russian Federation (the)","Hydro","2025",199.73
"RUS","Russian Federation (the)","Nuclear","2025",218.65
"RUS","Russian Federation (the)","Other Fossil","2025",14.47
"RUS","Russian Federation (the)","Solar","2025",2.84
"RUS","Russian Federation (the)","Wind","2025",3.64
"RWA","Rwanda","Bioenergy","2015",0
"RWA","Rwanda","Coal","2015",0
"RWA","Rwanda","Gas","2015",0.02
"RWA","Rwanda","Hydro","2015",0.28
"RWA","Rwanda","Nuclear","2015",0
"RWA","Rwanda","Other Fossil","2015",0.2
"RWA","Rwanda","Other Renewables","2015",0
"RWA","Rwanda","Solar","2015",0.01
"RWA","Rwanda","Wind","2015",0
"RWA","Rwanda","Bioenergy","2016",0
"RWA","Rwanda","Coal","2016",0.01
"RWA","Rwanda","Gas","2016",0.1
"RWA","Rwanda","Hydro","2016",0.3
"RWA","Rwanda","Nuclear","2016",0
"RWA","Rwanda","Other Fossil","2016",0.21
"RWA","Rwanda","Other Renewables","2016",0
"RWA","Rwanda","Solar","2016",0.02
"RWA","Rwanda","Wind","2016",0
"RWA","Rwanda","Bioenergy","2017",0
"RWA","Rwanda","Coal","2017",0.02
"RWA","Rwanda","Gas","2017",0.11
"RWA","Rwanda","Hydro","2017",0.28
"RWA","Rwanda","Nuclear","2017",0
"RWA","Rwanda","Other Fossil","2017",0.22
"RWA","Rwanda","Other Renewables","2017",0
"RWA","Rwanda","Solar","2017",0.02
"RWA","Rwanda","Wind","2017",0
"RWA","Rwanda","Bioenergy","2018",0
"RWA","Rwanda","Coal","2018",0.03
"RWA","Rwanda","Gas","2018",0.21
"RWA","Rwanda","Hydro","2018",0.31
"RWA","Rwanda","Nuclear","2018",0
"RWA","Rwanda","Other Fossil","2018",0.24
"RWA","Rwanda","Other Renewables","2018",0
"RWA","Rwanda","Solar","2018",0.03
"RWA","Rwanda","Wind","2018",0
"RWA","Rwanda","Bioenergy","2019",0
"RWA","Rwanda","Coal","2019",0.02
"RWA","Rwanda","Gas","2019",0.21
"RWA","Rwanda","Hydro","2019",0.4
"RWA","Rwanda","Nuclear","2019",0
"RWA","Rwanda","Other Fossil","2019",0.19
"RWA","Rwanda","Other Renewables","2019",0
"RWA","Rwanda","Solar","2019",0.03
"RWA","Rwanda","Wind","2019",0
"RWA","Rwanda","Bioenergy","2020",0
"RWA","Rwanda","Coal","2020",0.03
"RWA","Rwanda","Gas","2020",0.21
"RWA","Rwanda","Hydro","2020",0.53
"RWA","Rwanda","Nuclear","2020",0
"RWA","Rwanda","Other Fossil","2020",0.09
"RWA","Rwanda","Other Renewables","2020",0
"RWA","Rwanda","Solar","2020",0.03
"RWA","Rwanda","Wind","2020",0
"RWA","Rwanda","Bioenergy","2021",0
"RWA","Rwanda","Coal","2021",0.04
"RWA","Rwanda","Gas","2021",0.22
"RWA","Rwanda","Hydro","2021",0.55
"RWA","Rwanda","Nuclear","2021",0
"RWA","Rwanda","Other Fossil","2021",0.15
"RWA","Rwanda","Other Renewables","2021",0
"RWA","Rwanda","Solar","2021",0.04
"RWA","Rwanda","Wind","2021",0
"RWA","Rwanda","Bioenergy","2022",0
"RWA","Rwanda","Coal","2022",0.05
"RWA","Rwanda","Gas","2022",0.21
"RWA","Rwanda","Hydro","2022",0.56
"RWA","Rwanda","Nuclear","2022",0
"RWA","Rwanda","Other Fossil","2022",0.18
"RWA","Rwanda","Other Renewables","2022",0
"RWA","Rwanda","Solar","2022",0.04
"RWA","Rwanda","Wind","2022",0
"RWA","Rwanda","Bioenergy","2023",0
"RWA","Rwanda","Coal","2023",0.17
"RWA","Rwanda","Gas","2023",0.3
"RWA","Rwanda","Hydro","2023",0.5
"RWA","Rwanda","Nuclear","2023",0
"RWA","Rwanda","Other Fossil","2023",0.09
"RWA","Rwanda","Other Renewables","2023",0
"RWA","Rwanda","Solar","2023",0.04
"RWA","Rwanda","Wind","2023",0
"RWA","Rwanda","Bioenergy","2024",0
"RWA","Rwanda","Coal","2024",0.17
"RWA","Rwanda","Gas","2024",0.3
"RWA","Rwanda","Hydro","2024",0.52
"RWA","Rwanda","Nuclear","2024",0
"RWA","Rwanda","Other Fossil","2024",0.1
"RWA","Rwanda","Other Renewables","2024",0
"RWA","Rwanda","Solar","2024",0.04
"RWA","Rwanda","Wind","2024",0
"SHN","Saint Helena, Ascension and Tristan da Cunha","Bioenergy","2015",0
"SHN","Saint Helena, Ascension and Tristan da Cunha","Coal","2015",0
"SHN","Saint Helena, Ascension and Tristan da Cunha","Gas","2015",0
"SHN","Saint Helena, Ascension and Tristan da Cunha","Hydro","2015",0
"SHN","Saint Helena, Ascension and Tristan da Cunha","Nuclear","2015",0
"SHN","Saint Helena, Ascension and Tristan da Cunha","Other Fossil","2015",0.01
"SHN","Saint Helena, Ascension and Tristan da Cunha","Other Renewables","2015",0
"SHN","Saint Helena, Ascension and Tristan da Cunha","Solar","2015",0
"SHN","Saint Helena, Ascension and Tristan da Cunha","Wind","2015",0
"SHN","Saint Helena, Ascension and Tristan da Cunha","Bioenergy","2016",0
"SHN","Saint Helena, Ascension and Tristan da Cunha","Coal","2016",0
"SHN","Saint Helena, Ascension and Tristan da Cunha","Gas","2016",0
"SHN","Saint Helena, Ascension and Tristan da Cunha","Hydro","2016",0
"SHN","Saint Helena, Ascension and Tristan da Cunha","Nuclear","2016",0
"SHN","Saint Helena, Ascension and Tristan da Cunha","Other Fossil","2016",0.01
"SHN","Saint Helena, Ascension and Tristan da Cunha","Other Renewables","2016",0
"SHN","Saint Helena, Ascension and Tristan da Cunha","Solar","2016",0
"SHN","Saint Helena, Ascension and Tristan da Cunha","Wind","2016",0
"SHN","Saint Helena, Ascension and Tristan da Cunha","Bioenergy","2017",0
"SHN","Saint Helena, Ascension and Tristan da Cunha","Coal","2017",0
"SHN","Saint Helena, Ascension and Tristan da Cunha","Gas","2017",0
"SHN","Saint Helena, Ascension and Tristan da Cunha","Hydro","2017",0
"SHN","Saint Helena, Ascension and Tristan da Cunha","Nuclear","2017",0
"SHN","Saint Helena, Ascension and Tristan da Cunha","Other Fossil","2017",0.01
"SHN","Saint Helena, Ascension and Tristan da Cunha","Other Renewables","2017",0
"SHN","Saint Helena, Ascension and Tristan da Cunha","Solar","2017",0
"SHN","Saint Helena, Ascension and Tristan da Cunha","Wind","2017",0
"SHN","Saint Helena, Ascension and Tristan da Cunha","Bioenergy","2018",0
"SHN","Saint Helena, Ascension and Tristan da Cunha","Coal","2018",0
"SHN","Saint Helena, Ascension and Tristan da Cunha","Gas","2018",0
"SHN","Saint Helena, Ascension and Tristan da Cunha","Hydro","2018",0
"SHN","Saint Helena, Ascension and Tristan da Cunha","Nuclear","2018",0
"SHN","Saint Helena, Ascension and Tristan da Cunha","Other Fossil","2018",0.01
"SHN","Saint Helena, Ascension and Tristan da Cunha","Other Renewables","2018",0
"SHN","Saint Helena, Ascension and Tristan da Cunha","Solar","2018",0
"SHN","Saint Helena, Ascension and Tristan da Cunha","Wind","2018",0
"SHN","Saint Helena, Ascension and Tristan da Cunha","Bioenergy","2019",0
"SHN","Saint Helena, Ascension and Tristan da Cunha","Coal","2019",0
"SHN","Saint Helena, Ascension and Tristan da Cunha","Gas","2019",0
"SHN","Saint Helena, Ascension and Tristan da Cunha","Hydro","2019",0
"SHN","Saint Helena, Ascension and Tristan da Cunha","Nuclear","2019",0
"SHN","Saint Helena, Ascension and Tristan da Cunha","Other Fossil","2019",0.01
"SHN","Saint Helena, Ascension and Tristan da Cunha","Other Renewables","2019",0
"SHN","Saint Helena, Ascension and Tristan da Cunha","Solar","2019",0
"SHN","Saint Helena, Ascension and Tristan da Cunha","Wind","2019",0
"SHN","Saint Helena, Ascension and Tristan da Cunha","Bioenergy","2020",0
"SHN","Saint Helena, Ascension and Tristan da Cunha","Coal","2020",0
"SHN","Saint Helena, Ascension and Tristan da Cunha","Gas","2020",0
"SHN","Saint Helena, Ascension and Tristan da Cunha","Hydro","2020",0
"SHN","Saint Helena, Ascension and Tristan da Cunha","Nuclear","2020",0
"SHN","Saint Helena, Ascension and Tristan da Cunha","Other Fossil","2020",0.01
"SHN","Saint Helena, Ascension and Tristan da Cunha","Other Renewables","2020",0
"SHN","Saint Helena, Ascension and Tristan da Cunha","Solar","2020",0
"SHN","Saint Helena, Ascension and Tristan da Cunha","Wind","2020",0
"SHN","Saint Helena, Ascension and Tristan da Cunha","Bioenergy","2021",0
"SHN","Saint Helena, Ascension and Tristan da Cunha","Coal","2021",0
"SHN","Saint Helena, Ascension and Tristan da Cunha","Gas","2021",0
"SHN","Saint Helena, Ascension and Tristan da Cunha","Hydro","2021",0
"SHN","Saint Helena, Ascension and Tristan da Cunha","Nuclear","2021",0
"SHN","Saint Helena, Ascension and Tristan da Cunha","Other Fossil","2021",0.01
"SHN","Saint Helena, Ascension and Tristan da Cunha","Other Renewables","2021",0
"SHN","Saint Helena, Ascension and Tristan da Cunha","Solar","2021",0
"SHN","Saint Helena, Ascension and Tristan da Cunha","Wind","2021",0
"SHN","Saint Helena, Ascension and Tristan da Cunha","Bioenergy","2022",0
"SHN","Saint Helena, Ascension and Tristan da Cunha","Coal","2022",0
"SHN","Saint Helena, Ascension and Tristan da Cunha","Gas","2022",0
"SHN","Saint Helena, Ascension and Tristan da Cunha","Hydro","2022",0
"SHN","Saint Helena, Ascension and Tristan da Cunha","Nuclear","2022",0
"SHN","Saint Helena, Ascension and Tristan da Cunha","Other Fossil","2022",0.01
"SHN","Saint Helena, Ascension and Tristan da Cunha","Other Renewables","2022",0
"SHN","Saint Helena, Ascension and Tristan da Cunha","Solar","2022",0
"SHN","Saint Helena, Ascension and Tristan da Cunha","Wind","2022",0
"SHN","Saint Helena, Ascension and Tristan da Cunha","Bioenergy","2023",0
"SHN","Saint Helena, Ascension and Tristan da Cunha","Coal","2023",0
"SHN","Saint Helena, Ascension and Tristan da Cunha","Gas","2023",0
"SHN","Saint Helena, Ascension and Tristan da Cunha","Hydro","2023",0
"SHN","Saint Helena, Ascension and Tristan da Cunha","Nuclear","2023",0
"SHN","Saint Helena, Ascension and Tristan da Cunha","Other Fossil","2023",0.01
"SHN","Saint Helena, Ascension and Tristan da Cunha","Other Renewables","2023",0
"SHN","Saint Helena, Ascension and Tristan da Cunha","Solar","2023",0
"SHN","Saint Helena, Ascension and Tristan da Cunha","Wind","2023",0
"KNA","Saint Kitts and Nevis","Bioenergy","2015",0
"KNA","Saint Kitts and Nevis","Coal","2015",0
"KNA","Saint Kitts and Nevis","Gas","2015",0
"KNA","Saint Kitts and Nevis","Hydro","2015",0
"KNA","Saint Kitts and Nevis","Nuclear","2015",0
"KNA","Saint Kitts and Nevis","Other Fossil","2015",0.21
"KNA","Saint Kitts and Nevis","Other Renewables","2015",0
"KNA","Saint Kitts and Nevis","Solar","2015",0
"KNA","Saint Kitts and Nevis","Wind","2015",0.01
"KNA","Saint Kitts and Nevis","Bioenergy","2016",0
"KNA","Saint Kitts and Nevis","Coal","2016",0
"KNA","Saint Kitts and Nevis","Gas","2016",0
"KNA","Saint Kitts and Nevis","Hydro","2016",0
"KNA","Saint Kitts and Nevis","Nuclear","2016",0
"KNA","Saint Kitts and Nevis","Other Fossil","2016",0.22
"KNA","Saint Kitts and Nevis","Other Renewables","2016",0
"KNA","Saint Kitts and Nevis","Solar","2016",0
"KNA","Saint Kitts and Nevis","Wind","2016",0.01
"KNA","Saint Kitts and Nevis","Bioenergy","2017",0
"KNA","Saint Kitts and Nevis","Coal","2017",0
"KNA","Saint Kitts and Nevis","Gas","2017",0
"KNA","Saint Kitts and Nevis","Hydro","2017",0
"KNA","Saint Kitts and Nevis","Nuclear","2017",0
"KNA","Saint Kitts and Nevis","Other Fossil","2017",0.22
"KNA","Saint Kitts and Nevis","Other Renewables","2017",0
"KNA","Saint Kitts and Nevis","Solar","2017",0
"KNA","Saint Kitts and Nevis","Wind","2017",0
"KNA","Saint Kitts and Nevis","Bioenergy","2018",0
"KNA","Saint Kitts and Nevis","Coal","2018",0
"KNA","Saint Kitts and Nevis","Gas","2018",0
"KNA","Saint Kitts and Nevis","Hydro","2018",0
"KNA","Saint Kitts and Nevis","Nuclear","2018",0
"KNA","Saint Kitts and Nevis","Other Fossil","2018",0.22
"KNA","Saint Kitts and Nevis","Other Renewables","2018",0
"KNA","Saint Kitts and Nevis","Solar","2018",0
"KNA","Saint Kitts and Nevis","Wind","2018",0.01
"KNA","Saint Kitts and Nevis","Bioenergy","2019",0
"KNA","Saint Kitts and Nevis","Coal","2019",0
"KNA","Saint Kitts and Nevis","Gas","2019",0
"KNA","Saint Kitts and Nevis","Hydro","2019",0
"KNA","Saint Kitts and Nevis","Nuclear","2019",0
"KNA","Saint Kitts and Nevis","Other Fossil","2019",0.22
"KNA","Saint Kitts and Nevis","Other Renewables","2019",0
"KNA","Saint Kitts and Nevis","Solar","2019",0
"KNA","Saint Kitts and Nevis","Wind","2019",0.01
"KNA","Saint Kitts and Nevis","Bioenergy","2020",0
"KNA","Saint Kitts and Nevis","Coal","2020",0
"KNA","Saint Kitts and Nevis","Gas","2020",0
"KNA","Saint Kitts and Nevis","Hydro","2020",0
"KNA","Saint Kitts and Nevis","Nuclear","2020",0
"KNA","Saint Kitts and Nevis","Other Fossil","2020",0.21
"KNA","Saint Kitts and Nevis","Other Renewables","2020",0
"KNA","Saint Kitts and Nevis","Solar","2020",0
"KNA","Saint Kitts and Nevis","Wind","2020",0.01
"KNA","Saint Kitts and Nevis","Bioenergy","2021",0
"KNA","Saint Kitts and Nevis","Coal","2021",0
"KNA","Saint Kitts and Nevis","Gas","2021",0
"KNA","Saint Kitts and Nevis","Hydro","2021",0
"KNA","Saint Kitts and Nevis","Nuclear","2021",0
"KNA","Saint Kitts and Nevis","Other Fossil","2021",0.21
"KNA","Saint Kitts and Nevis","Other Renewables","2021",0
"KNA","Saint Kitts and Nevis","Solar","2021",0
"KNA","Saint Kitts and Nevis","Wind","2021",0.01
"KNA","Saint Kitts and Nevis","Bioenergy","2022",0
"KNA","Saint Kitts and Nevis","Coal","2022",0
"KNA","Saint Kitts and Nevis","Gas","2022",0
"KNA","Saint Kitts and Nevis","Hydro","2022",0
"KNA","Saint Kitts and Nevis","Nuclear","2022",0
"KNA","Saint Kitts and Nevis","Other Fossil","2022",0.21
"KNA","Saint Kitts and Nevis","Other Renewables","2022",0
"KNA","Saint Kitts and Nevis","Solar","2022",0
"KNA","Saint Kitts and Nevis","Wind","2022",0.01
"KNA","Saint Kitts and Nevis","Bioenergy","2023",0
"KNA","Saint Kitts and Nevis","Coal","2023",0
"KNA","Saint Kitts and Nevis","Gas","2023",0
"KNA","Saint Kitts and Nevis","Hydro","2023",0
"KNA","Saint Kitts and Nevis","Nuclear","2023",0
"KNA","Saint Kitts and Nevis","Other Fossil","2023",0.21
"KNA","Saint Kitts and Nevis","Other Renewables","2023",0
"KNA","Saint Kitts and Nevis","Solar","2023",0
"KNA","Saint Kitts and Nevis","Wind","2023",0.01
"KNA","Saint Kitts and Nevis","Bioenergy","2024",0
"KNA","Saint Kitts and Nevis","Coal","2024",0
"KNA","Saint Kitts and Nevis","Gas","2024",0
"KNA","Saint Kitts and Nevis","Hydro","2024",0
"KNA","Saint Kitts and Nevis","Nuclear","2024",0
"KNA","Saint Kitts and Nevis","Other Fossil","2024",0.21
"KNA","Saint Kitts and Nevis","Other Renewables","2024",0
"KNA","Saint Kitts and Nevis","Solar","2024",0.01
"KNA","Saint Kitts and Nevis","Wind","2024",0.01
"LCA","Saint Lucia","Bioenergy","2015",0
"LCA","Saint Lucia","Coal","2015",0
"LCA","Saint Lucia","Gas","2015",0
"LCA","Saint Lucia","Hydro","2015",0
"LCA","Saint Lucia","Nuclear","2015",0
"LCA","Saint Lucia","Other Fossil","2015",0.38
"LCA","Saint Lucia","Other Renewables","2015",0
"LCA","Saint Lucia","Solar","2015",0
"LCA","Saint Lucia","Wind","2015",0
"LCA","Saint Lucia","Bioenergy","2016",0
"LCA","Saint Lucia","Coal","2016",0
"LCA","Saint Lucia","Gas","2016",0
"LCA","Saint Lucia","Hydro","2016",0
"LCA","Saint Lucia","Nuclear","2016",0
"LCA","Saint Lucia","Other Fossil","2016",0.39
"LCA","Saint Lucia","Other Renewables","2016",0
"LCA","Saint Lucia","Solar","2016",0
"LCA","Saint Lucia","Wind","2016",0
"LCA","Saint Lucia","Bioenergy","2017",0
"LCA","Saint Lucia","Coal","2017",0
"LCA","Saint Lucia","Gas","2017",0
"LCA","Saint Lucia","Hydro","2017",0
"LCA","Saint Lucia","Nuclear","2017",0
"LCA","Saint Lucia","Other Fossil","2017",0.4
"LCA","Saint Lucia","Other Renewables","2017",0
"LCA","Saint Lucia","Solar","2017",0
"LCA","Saint Lucia","Wind","2017",0
"LCA","Saint Lucia","Bioenergy","2018",0
"LCA","Saint Lucia","Coal","2018",0
"LCA","Saint Lucia","Gas","2018",0
"LCA","Saint Lucia","Hydro","2018",0
"LCA","Saint Lucia","Nuclear","2018",0
"LCA","Saint Lucia","Other Fossil","2018",0.4
"LCA","Saint Lucia","Other Renewables","2018",0
"LCA","Saint Lucia","Solar","2018",0.01
"LCA","Saint Lucia","Wind","2018",0
"LCA","Saint Lucia","Bioenergy","2019",0
"LCA","Saint Lucia","Coal","2019",0
"LCA","Saint Lucia","Gas","2019",0
"LCA","Saint Lucia","Hydro","2019",0
"LCA","Saint Lucia","Nuclear","2019",0
"LCA","Saint Lucia","Other Fossil","2019",0.41
"LCA","Saint Lucia","Other Renewables","2019",0
"LCA","Saint Lucia","Solar","2019",0.01
"LCA","Saint Lucia","Wind","2019",0
"LCA","Saint Lucia","Bioenergy","2020",0
"LCA","Saint Lucia","Coal","2020",0
"LCA","Saint Lucia","Gas","2020",0
"LCA","Saint Lucia","Hydro","2020",0
"LCA","Saint Lucia","Nuclear","2020",0
"LCA","Saint Lucia","Other Fossil","2020",0.37
"LCA","Saint Lucia","Other Renewables","2020",0
"LCA","Saint Lucia","Solar","2020",0.01
"LCA","Saint Lucia","Wind","2020",0
"LCA","Saint Lucia","Bioenergy","2021",0
"LCA","Saint Lucia","Coal","2021",0
"LCA","Saint Lucia","Gas","2021",0
"LCA","Saint Lucia","Hydro","2021",0
"LCA","Saint Lucia","Nuclear","2021",0
"LCA","Saint Lucia","Other Fossil","2021",0.39
"LCA","Saint Lucia","Other Renewables","2021",0
"LCA","Saint Lucia","Solar","2021",0.01
"LCA","Saint Lucia","Wind","2021",0
"LCA","Saint Lucia","Bioenergy","2022",0
"LCA","Saint Lucia","Coal","2022",0
"LCA","Saint Lucia","Gas","2022",0
"LCA","Saint Lucia","Hydro","2022",0
"LCA","Saint Lucia","Nuclear","2022",0
"LCA","Saint Lucia","Other Fossil","2022",0.39
"LCA","Saint Lucia","Other Renewables","2022",0
"LCA","Saint Lucia","Solar","2022",0.01
"LCA","Saint Lucia","Wind","2022",0
"LCA","Saint Lucia","Bioenergy","2023",0
"LCA","Saint Lucia","Coal","2023",0
"LCA","Saint Lucia","Gas","2023",0
"LCA","Saint Lucia","Hydro","2023",0
"LCA","Saint Lucia","Nuclear","2023",0
"LCA","Saint Lucia","Other Fossil","2023",0.39
"LCA","Saint Lucia","Other Renewables","2023",0
"LCA","Saint Lucia","Solar","2023",0.01
"LCA","Saint Lucia","Wind","2023",0
"LCA","Saint Lucia","Bioenergy","2024",0
"LCA","Saint Lucia","Coal","2024",0
"LCA","Saint Lucia","Gas","2024",0
"LCA","Saint Lucia","Hydro","2024",0
"LCA","Saint Lucia","Nuclear","2024",0
"LCA","Saint Lucia","Other Fossil","2024",0.39
"LCA","Saint Lucia","Other Renewables","2024",0
"LCA","Saint Lucia","Solar","2024",0.01
"LCA","Saint Lucia","Wind","2024",0
"SPM","Saint Pierre and Miquelon","Bioenergy","2015",0
"SPM","Saint Pierre and Miquelon","Coal","2015",0
"SPM","Saint Pierre and Miquelon","Gas","2015",0
"SPM","Saint Pierre and Miquelon","Hydro","2015",0
"SPM","Saint Pierre and Miquelon","Nuclear","2015",0
"SPM","Saint Pierre and Miquelon","Other Fossil","2015",0.05
"SPM","Saint Pierre and Miquelon","Other Renewables","2015",0
"SPM","Saint Pierre and Miquelon","Solar","2015",0
"SPM","Saint Pierre and Miquelon","Wind","2015",0
"SPM","Saint Pierre and Miquelon","Bioenergy","2016",0
"SPM","Saint Pierre and Miquelon","Coal","2016",0
"SPM","Saint Pierre and Miquelon","Gas","2016",0
"SPM","Saint Pierre and Miquelon","Hydro","2016",0
"SPM","Saint Pierre and Miquelon","Nuclear","2016",0
"SPM","Saint Pierre and Miquelon","Other Fossil","2016",0.05
"SPM","Saint Pierre and Miquelon","Other Renewables","2016",0
"SPM","Saint Pierre and Miquelon","Solar","2016",0
"SPM","Saint Pierre and Miquelon","Wind","2016",0
"SPM","Saint Pierre and Miquelon","Bioenergy","2017",0
"SPM","Saint Pierre and Miquelon","Coal","2017",0
"SPM","Saint Pierre and Miquelon","Gas","2017",0
"SPM","Saint Pierre and Miquelon","Hydro","2017",0
"SPM","Saint Pierre and Miquelon","Nuclear","2017",0
"SPM","Saint Pierre and Miquelon","Other Fossil","2017",0.05
"SPM","Saint Pierre and Miquelon","Other Renewables","2017",0
"SPM","Saint Pierre and Miquelon","Solar","2017",0
"SPM","Saint Pierre and Miquelon","Wind","2017",0
"SPM","Saint Pierre and Miquelon","Bioenergy","2018",0
"SPM","Saint Pierre and Miquelon","Coal","2018",0
"SPM","Saint Pierre and Miquelon","Gas","2018",0
"SPM","Saint Pierre and Miquelon","Hydro","2018",0
"SPM","Saint Pierre and Miquelon","Nuclear","2018",0
"SPM","Saint Pierre and Miquelon","Other Fossil","2018",0.05
"SPM","Saint Pierre and Miquelon","Other Renewables","2018",0
"SPM","Saint Pierre and Miquelon","Solar","2018",0
"SPM","Saint Pierre and Miquelon","Wind","2018",0
"SPM","Saint Pierre and Miquelon","Bioenergy","2019",0
"SPM","Saint Pierre and Miquelon","Coal","2019",0
"SPM","Saint Pierre and Miquelon","Gas","2019",0
"SPM","Saint Pierre and Miquelon","Hydro","2019",0
"SPM","Saint Pierre and Miquelon","Nuclear","2019",0
"SPM","Saint Pierre and Miquelon","Other Fossil","2019",0.05
"SPM","Saint Pierre and Miquelon","Other Renewables","2019",0
"SPM","Saint Pierre and Miquelon","Solar","2019",0
"SPM","Saint Pierre and Miquelon","Wind","2019",0
"SPM","Saint Pierre and Miquelon","Bioenergy","2020",0
"SPM","Saint Pierre and Miquelon","Coal","2020",0
"SPM","Saint Pierre and Miquelon","Gas","2020",0
"SPM","Saint Pierre and Miquelon","Hydro","2020",0
"SPM","Saint Pierre and Miquelon","Nuclear","2020",0
"SPM","Saint Pierre and Miquelon","Other Fossil","2020",0.05
"SPM","Saint Pierre and Miquelon","Other Renewables","2020",0
"SPM","Saint Pierre and Miquelon","Solar","2020",0
"SPM","Saint Pierre and Miquelon","Wind","2020",0
"SPM","Saint Pierre and Miquelon","Bioenergy","2021",0
"SPM","Saint Pierre and Miquelon","Coal","2021",0
"SPM","Saint Pierre and Miquelon","Gas","2021",0
"SPM","Saint Pierre and Miquelon","Hydro","2021",0
"SPM","Saint Pierre and Miquelon","Nuclear","2021",0
"SPM","Saint Pierre and Miquelon","Other Fossil","2021",0.05
"SPM","Saint Pierre and Miquelon","Other Renewables","2021",0
"SPM","Saint Pierre and Miquelon","Solar","2021",0
"SPM","Saint Pierre and Miquelon","Wind","2021",0
"SPM","Saint Pierre and Miquelon","Bioenergy","2022",0
"SPM","Saint Pierre and Miquelon","Coal","2022",0
"SPM","Saint Pierre and Miquelon","Gas","2022",0
"SPM","Saint Pierre and Miquelon","Hydro","2022",0
"SPM","Saint Pierre and Miquelon","Nuclear","2022",0
"SPM","Saint Pierre and Miquelon","Other Fossil","2022",0.05
"SPM","Saint Pierre and Miquelon","Other Renewables","2022",0
"SPM","Saint Pierre and Miquelon","Solar","2022",0
"SPM","Saint Pierre and Miquelon","Wind","2022",0
"SPM","Saint Pierre and Miquelon","Bioenergy","2023",0
"SPM","Saint Pierre and Miquelon","Coal","2023",0
"SPM","Saint Pierre and Miquelon","Gas","2023",0
"SPM","Saint Pierre and Miquelon","Hydro","2023",0
"SPM","Saint Pierre and Miquelon","Nuclear","2023",0
"SPM","Saint Pierre and Miquelon","Other Fossil","2023",0.05
"SPM","Saint Pierre and Miquelon","Other Renewables","2023",0
"SPM","Saint Pierre and Miquelon","Solar","2023",0
"SPM","Saint Pierre and Miquelon","Wind","2023",0
"VCT","Saint Vincent and the Grenadines","Bioenergy","2015",0
"VCT","Saint Vincent and the Grenadines","Coal","2015",0
"VCT","Saint Vincent and the Grenadines","Gas","2015",0
"VCT","Saint Vincent and the Grenadines","Hydro","2015",0.02
"VCT","Saint Vincent and the Grenadines","Nuclear","2015",0
"VCT","Saint Vincent and the Grenadines","Other Fossil","2015",0.13
"VCT","Saint Vincent and the Grenadines","Other Renewables","2015",0
"VCT","Saint Vincent and the Grenadines","Solar","2015",0
"VCT","Saint Vincent and the Grenadines","Wind","2015",0
"VCT","Saint Vincent and the Grenadines","Bioenergy","2016",0
"VCT","Saint Vincent and the Grenadines","Coal","2016",0
"VCT","Saint Vincent and the Grenadines","Gas","2016",0
"VCT","Saint Vincent and the Grenadines","Hydro","2016",0.02
"VCT","Saint Vincent and the Grenadines","Nuclear","2016",0
"VCT","Saint Vincent and the Grenadines","Other Fossil","2016",0.14
"VCT","Saint Vincent and the Grenadines","Other Renewables","2016",0
"VCT","Saint Vincent and the Grenadines","Solar","2016",0
"VCT","Saint Vincent and the Grenadines","Wind","2016",0
"VCT","Saint Vincent and the Grenadines","Bioenergy","2017",0
"VCT","Saint Vincent and the Grenadines","Coal","2017",0
"VCT","Saint Vincent and the Grenadines","Gas","2017",0
"VCT","Saint Vincent and the Grenadines","Hydro","2017",0.02
"VCT","Saint Vincent and the Grenadines","Nuclear","2017",0
"VCT","Saint Vincent and the Grenadines","Other Fossil","2017",0.13
"VCT","Saint Vincent and the Grenadines","Other Renewables","2017",0
"VCT","Saint Vincent and the Grenadines","Solar","2017",0
"VCT","Saint Vincent and the Grenadines","Wind","2017",0
"VCT","Saint Vincent and the Grenadines","Bioenergy","2018",0
"VCT","Saint Vincent and the Grenadines","Coal","2018",0
"VCT","Saint Vincent and the Grenadines","Gas","2018",0
"VCT","Saint Vincent and the Grenadines","Hydro","2018",0.02
"VCT","Saint Vincent and the Grenadines","Nuclear","2018",0
"VCT","Saint Vincent and the Grenadines","Other Fossil","2018",0.13
"VCT","Saint Vincent and the Grenadines","Other Renewables","2018",0
"VCT","Saint Vincent and the Grenadines","Solar","2018",0
"VCT","Saint Vincent and the Grenadines","Wind","2018",0
"VCT","Saint Vincent and the Grenadines","Bioenergy","2019",0
"VCT","Saint Vincent and the Grenadines","Coal","2019",0
"VCT","Saint Vincent and the Grenadines","Gas","2019",0
"VCT","Saint Vincent and the Grenadines","Hydro","2019",0.02
"VCT","Saint Vincent and the Grenadines","Nuclear","2019",0
"VCT","Saint Vincent and the Grenadines","Other Fossil","2019",0.13
"VCT","Saint Vincent and the Grenadines","Other Renewables","2019",0
"VCT","Saint Vincent and the Grenadines","Solar","2019",0
"VCT","Saint Vincent and the Grenadines","Wind","2019",0
"VCT","Saint Vincent and the Grenadines","Bioenergy","2020",0
"VCT","Saint Vincent and the Grenadines","Coal","2020",0
"VCT","Saint Vincent and the Grenadines","Gas","2020",0
"VCT","Saint Vincent and the Grenadines","Hydro","2020",0.02
"VCT","Saint Vincent and the Grenadines","Nuclear","2020",0
"VCT","Saint Vincent and the Grenadines","Other Fossil","2020",0.13
"VCT","Saint Vincent and the Grenadines","Other Renewables","2020",0
"VCT","Saint Vincent and the Grenadines","Solar","2020",0
"VCT","Saint Vincent and the Grenadines","Wind","2020",0
"VCT","Saint Vincent and the Grenadines","Bioenergy","2021",0
"VCT","Saint Vincent and the Grenadines","Coal","2021",0
"VCT","Saint Vincent and the Grenadines","Gas","2021",0
"VCT","Saint Vincent and the Grenadines","Hydro","2021",0.02
"VCT","Saint Vincent and the Grenadines","Nuclear","2021",0
"VCT","Saint Vincent and the Grenadines","Other Fossil","2021",0.12
"VCT","Saint Vincent and the Grenadines","Other Renewables","2021",0
"VCT","Saint Vincent and the Grenadines","Solar","2021",0
"VCT","Saint Vincent and the Grenadines","Wind","2021",0
"VCT","Saint Vincent and the Grenadines","Bioenergy","2022",0
"VCT","Saint Vincent and the Grenadines","Coal","2022",0
"VCT","Saint Vincent and the Grenadines","Gas","2022",0
"VCT","Saint Vincent and the Grenadines","Hydro","2022",0.02
"VCT","Saint Vincent and the Grenadines","Nuclear","2022",0
"VCT","Saint Vincent and the Grenadines","Other Fossil","2022",0.13
"VCT","Saint Vincent and the Grenadines","Other Renewables","2022",0
"VCT","Saint Vincent and the Grenadines","Solar","2022",0
"VCT","Saint Vincent and the Grenadines","Wind","2022",0
"VCT","Saint Vincent and the Grenadines","Bioenergy","2023",0
"VCT","Saint Vincent and the Grenadines","Coal","2023",0
"VCT","Saint Vincent and the Grenadines","Gas","2023",0
"VCT","Saint Vincent and the Grenadines","Hydro","2023",0.02
"VCT","Saint Vincent and the Grenadines","Nuclear","2023",0
"VCT","Saint Vincent and the Grenadines","Other Fossil","2023",0.13
"VCT","Saint Vincent and the Grenadines","Other Renewables","2023",0
"VCT","Saint Vincent and the Grenadines","Solar","2023",0
"VCT","Saint Vincent and the Grenadines","Wind","2023",0
"VCT","Saint Vincent and the Grenadines","Bioenergy","2024",0
"VCT","Saint Vincent and the Grenadines","Coal","2024",0
"VCT","Saint Vincent and the Grenadines","Gas","2024",0
"VCT","Saint Vincent and the Grenadines","Hydro","2024",0.02
"VCT","Saint Vincent and the Grenadines","Nuclear","2024",0
"VCT","Saint Vincent and the Grenadines","Other Fossil","2024",0.13
"VCT","Saint Vincent and the Grenadines","Other Renewables","2024",0
"VCT","Saint Vincent and the Grenadines","Solar","2024",0
"VCT","Saint Vincent and the Grenadines","Wind","2024",0
"WSM","Samoa","Bioenergy","2015",0
"WSM","Samoa","Coal","2015",0
"WSM","Samoa","Gas","2015",0
"WSM","Samoa","Hydro","2015",0.03
"WSM","Samoa","Nuclear","2015",0
"WSM","Samoa","Other Fossil","2015",0.09
"WSM","Samoa","Other Renewables","2015",0
"WSM","Samoa","Solar","2015",0.01
"WSM","Samoa","Wind","2015",0
"WSM","Samoa","Bioenergy","2016",0
"WSM","Samoa","Coal","2016",0
"WSM","Samoa","Gas","2016",0
"WSM","Samoa","Hydro","2016",0.03
"WSM","Samoa","Nuclear","2016",0
"WSM","Samoa","Other Fossil","2016",0.1
"WSM","Samoa","Other Renewables","2016",0
"WSM","Samoa","Solar","2016",0.02
"WSM","Samoa","Wind","2016",0
"WSM","Samoa","Bioenergy","2017",0
"WSM","Samoa","Coal","2017",0
"WSM","Samoa","Gas","2017",0
"WSM","Samoa","Hydro","2017",0.03
"WSM","Samoa","Nuclear","2017",0
"WSM","Samoa","Other Fossil","2017",0.11
"WSM","Samoa","Other Renewables","2017",0
"WSM","Samoa","Solar","2017",0.02
"WSM","Samoa","Wind","2017",0
"WSM","Samoa","Bioenergy","2018",0
"WSM","Samoa","Coal","2018",0
"WSM","Samoa","Gas","2018",0
"WSM","Samoa","Hydro","2018",0.04
"WSM","Samoa","Nuclear","2018",0
"WSM","Samoa","Other Fossil","2018",0.09
"WSM","Samoa","Other Renewables","2018",0
"WSM","Samoa","Solar","2018",0.02
"WSM","Samoa","Wind","2018",0
"WSM","Samoa","Bioenergy","2019",0
"WSM","Samoa","Coal","2019",0
"WSM","Samoa","Gas","2019",0
"WSM","Samoa","Hydro","2019",0.05
"WSM","Samoa","Nuclear","2019",0
"WSM","Samoa","Other Fossil","2019",0.1
"WSM","Samoa","Other Renewables","2019",0
"WSM","Samoa","Solar","2019",0.02
"WSM","Samoa","Wind","2019",0
"WSM","Samoa","Bioenergy","2020",0
"WSM","Samoa","Coal","2020",0
"WSM","Samoa","Gas","2020",0
"WSM","Samoa","Hydro","2020",0.05
"WSM","Samoa","Nuclear","2020",0
"WSM","Samoa","Other Fossil","2020",0.11
"WSM","Samoa","Other Renewables","2020",0
"WSM","Samoa","Solar","2020",0.02
"WSM","Samoa","Wind","2020",0
"WSM","Samoa","Bioenergy","2021",0.01
"WSM","Samoa","Coal","2021",0
"WSM","Samoa","Gas","2021",0
"WSM","Samoa","Hydro","2021",0.05
"WSM","Samoa","Nuclear","2021",0
"WSM","Samoa","Other Fossil","2021",0.09
"WSM","Samoa","Other Renewables","2021",0
"WSM","Samoa","Solar","2021",0.02
"WSM","Samoa","Wind","2021",0
"WSM","Samoa","Bioenergy","2022",0.01
"WSM","Samoa","Coal","2022",0
"WSM","Samoa","Gas","2022",0
"WSM","Samoa","Hydro","2022",0.04
"WSM","Samoa","Nuclear","2022",0
"WSM","Samoa","Other Fossil","2022",0.09
"WSM","Samoa","Other Renewables","2022",0
"WSM","Samoa","Solar","2022",0.02
"WSM","Samoa","Wind","2022",0
"WSM","Samoa","Bioenergy","2023",0.01
"WSM","Samoa","Coal","2023",0
"WSM","Samoa","Gas","2023",0
"WSM","Samoa","Hydro","2023",0.03
"WSM","Samoa","Nuclear","2023",0
"WSM","Samoa","Other Fossil","2023",0.09
"WSM","Samoa","Other Renewables","2023",0
"WSM","Samoa","Solar","2023",0.02
"WSM","Samoa","Wind","2023",0
"WSM","Samoa","Bioenergy","2024",0.01
"WSM","Samoa","Coal","2024",0
"WSM","Samoa","Gas","2024",0
"WSM","Samoa","Hydro","2024",0.03
"WSM","Samoa","Nuclear","2024",0
"WSM","Samoa","Other Fossil","2024",0.09
"WSM","Samoa","Other Renewables","2024",0
"WSM","Samoa","Solar","2024",0.03
"WSM","Samoa","Wind","2024",0
"STP","Sao Tome and Principe","Bioenergy","2015",0
"STP","Sao Tome and Principe","Coal","2015",0
"STP","Sao Tome and Principe","Gas","2015",0
"STP","Sao Tome and Principe","Hydro","2015",0.01
"STP","Sao Tome and Principe","Nuclear","2015",0
"STP","Sao Tome and Principe","Other Fossil","2015",0.09
"STP","Sao Tome and Principe","Other Renewables","2015",0
"STP","Sao Tome and Principe","Solar","2015",0
"STP","Sao Tome and Principe","Wind","2015",0
"STP","Sao Tome and Principe","Bioenergy","2016",0
"STP","Sao Tome and Principe","Coal","2016",0
"STP","Sao Tome and Principe","Gas","2016",0
"STP","Sao Tome and Principe","Hydro","2016",0.01
"STP","Sao Tome and Principe","Nuclear","2016",0
"STP","Sao Tome and Principe","Other Fossil","2016",0.1
"STP","Sao Tome and Principe","Other Renewables","2016",0
"STP","Sao Tome and Principe","Solar","2016",0
"STP","Sao Tome and Principe","Wind","2016",0
"STP","Sao Tome and Principe","Bioenergy","2017",0
"STP","Sao Tome and Principe","Coal","2017",0
"STP","Sao Tome and Principe","Gas","2017",0
"STP","Sao Tome and Principe","Hydro","2017",0
"STP","Sao Tome and Principe","Nuclear","2017",0
"STP","Sao Tome and Principe","Other Fossil","2017",0.1
"STP","Sao Tome and Principe","Other Renewables","2017",0
"STP","Sao Tome and Principe","Solar","2017",0
"STP","Sao Tome and Principe","Wind","2017",0
"STP","Sao Tome and Principe","Bioenergy","2018",0
"STP","Sao Tome and Principe","Coal","2018",0
"STP","Sao Tome and Principe","Gas","2018",0
"STP","Sao Tome and Principe","Hydro","2018",0
"STP","Sao Tome and Principe","Nuclear","2018",0
"STP","Sao Tome and Principe","Other Fossil","2018",0.1
"STP","Sao Tome and Principe","Other Renewables","2018",0
"STP","Sao Tome and Principe","Solar","2018",0
"STP","Sao Tome and Principe","Wind","2018",0
"STP","Sao Tome and Principe","Bioenergy","2019",0
"STP","Sao Tome and Principe","Coal","2019",0
"STP","Sao Tome and Principe","Gas","2019",0
"STP","Sao Tome and Principe","Hydro","2019",0.01
"STP","Sao Tome and Principe","Nuclear","2019",0
"STP","Sao Tome and Principe","Other Fossil","2019",0.1
"STP","Sao Tome and Principe","Other Renewables","2019",0
"STP","Sao Tome and Principe","Solar","2019",0
"STP","Sao Tome and Principe","Wind","2019",0
"STP","Sao Tome and Principe","Bioenergy","2020",0
"STP","Sao Tome and Principe","Coal","2020",0
"STP","Sao Tome and Principe","Gas","2020",0
"STP","Sao Tome and Principe","Hydro","2020",0.01
"STP","Sao Tome and Principe","Nuclear","2020",0
"STP","Sao Tome and Principe","Other Fossil","2020",0.1
"STP","Sao Tome and Principe","Other Renewables","2020",0
"STP","Sao Tome and Principe","Solar","2020",0
"STP","Sao Tome and Principe","Wind","2020",0
"STP","Sao Tome and Principe","Bioenergy","2021",0
"STP","Sao Tome and Principe","Coal","2021",0
"STP","Sao Tome and Principe","Gas","2021",0
"STP","Sao Tome and Principe","Hydro","2021",0.01
"STP","Sao Tome and Principe","Nuclear","2021",0
"STP","Sao Tome and Principe","Other Fossil","2021",0.1
"STP","Sao Tome and Principe","Other Renewables","2021",0
"STP","Sao Tome and Principe","Solar","2021",0
"STP","Sao Tome and Principe","Wind","2021",0
"STP","Sao Tome and Principe","Bioenergy","2022",0
"STP","Sao Tome and Principe","Coal","2022",0
"STP","Sao Tome and Principe","Gas","2022",0
"STP","Sao Tome and Principe","Hydro","2022",0.01
"STP","Sao Tome and Principe","Nuclear","2022",0
"STP","Sao Tome and Principe","Other Fossil","2022",0.08
"STP","Sao Tome and Principe","Other Renewables","2022",0
"STP","Sao Tome and Principe","Solar","2022",0
"STP","Sao Tome and Principe","Wind","2022",0
"STP","Sao Tome and Principe","Bioenergy","2023",0
"STP","Sao Tome and Principe","Coal","2023",0
"STP","Sao Tome and Principe","Gas","2023",0
"STP","Sao Tome and Principe","Hydro","2023",0.01
"STP","Sao Tome and Principe","Nuclear","2023",0
"STP","Sao Tome and Principe","Other Fossil","2023",0.08
"STP","Sao Tome and Principe","Other Renewables","2023",0
"STP","Sao Tome and Principe","Solar","2023",0
"STP","Sao Tome and Principe","Wind","2023",0
"SAU","Saudi Arabia","Bioenergy","2015",0
"SAU","Saudi Arabia","Coal","2015",0
"SAU","Saudi Arabia","Gas","2015",165.33
"SAU","Saudi Arabia","Other Fossil","2015",185.26
"SAU","Saudi Arabia","Solar","2015",0.05
"SAU","Saudi Arabia","Wind","2015",0
"SAU","Saudi Arabia","Bioenergy","2016",0
"SAU","Saudi Arabia","Coal","2016",0
"SAU","Saudi Arabia","Gas","2016",188.56
"SAU","Saudi Arabia","Other Fossil","2016",169.05
"SAU","Saudi Arabia","Solar","2016",0.05
"SAU","Saudi Arabia","Wind","2016",0
"SAU","Saudi Arabia","Bioenergy","2017",0
"SAU","Saudi Arabia","Coal","2017",0
"SAU","Saudi Arabia","Gas","2017",222.73
"SAU","Saudi Arabia","Other Fossil","2017",172.19
"SAU","Saudi Arabia","Solar","2017",0.07
"SAU","Saudi Arabia","Wind","2017",0
"SAU","Saudi Arabia","Bioenergy","2018",0
"SAU","Saudi Arabia","Coal","2018",0
"SAU","Saudi Arabia","Gas","2018",226.68
"SAU","Saudi Arabia","Other Fossil","2018",147.93
"SAU","Saudi Arabia","Solar","2018",0.16
"SAU","Saudi Arabia","Wind","2018",0
"SAU","Saudi Arabia","Bioenergy","2019",0
"SAU","Saudi Arabia","Coal","2019",0
"SAU","Saudi Arabia","Gas","2019",223.54
"SAU","Saudi Arabia","Other Fossil","2019",154.79
"SAU","Saudi Arabia","Solar","2019",0.21
"SAU","Saudi Arabia","Wind","2019",0.01
"SAU","Saudi Arabia","Bioenergy","2020",0
"SAU","Saudi Arabia","Coal","2020",0
"SAU","Saudi Arabia","Gas","2020",231.57
"SAU","Saudi Arabia","Other Fossil","2020",148.41
"SAU","Saudi Arabia","Solar","2020",0.91
"SAU","Saudi Arabia","Wind","2020",0.01
"SAU","Saudi Arabia","Bioenergy","2021",0
"SAU","Saudi Arabia","Coal","2021",0
"SAU","Saudi Arabia","Gas","2021",242.09
"SAU","Saudi Arabia","Other Fossil","2021",149.86
"SAU","Saudi Arabia","Solar","2021",0.99
"SAU","Saudi Arabia","Wind","2021",0.01
"SAU","Saudi Arabia","Bioenergy","2022",0
"SAU","Saudi Arabia","Coal","2022",0
"SAU","Saudi Arabia","Gas","2022",247.84
"SAU","Saudi Arabia","Other Fossil","2022",159.99
"SAU","Saudi Arabia","Solar","2022",1.22
"SAU","Saudi Arabia","Wind","2022",0.79
"SAU","Saudi Arabia","Bioenergy","2023",0
"SAU","Saudi Arabia","Coal","2023",0
"SAU","Saudi Arabia","Gas","2023",265.5
"SAU","Saudi Arabia","Other Fossil","2023",159.03
"SAU","Saudi Arabia","Solar","2023",3.13
"SAU","Saudi Arabia","Wind","2023",1.59
"SAU","Saudi Arabia","Bioenergy","2024",0
"SAU","Saudi Arabia","Coal","2024",0
"SAU","Saudi Arabia","Gas","2024",287.98
"SAU","Saudi Arabia","Other Fossil","2024",156.84
"SAU","Saudi Arabia","Solar","2024",8.23
"SAU","Saudi Arabia","Wind","2024",1.59
"SEN","Senegal","Bioenergy","2015",0.07
"SEN","Senegal","Coal","2015",0.2
"SEN","Senegal","Gas","2015",0.08
"SEN","Senegal","Hydro","2015",0.33
"SEN","Senegal","Nuclear","2015",0
"SEN","Senegal","Other Fossil","2015",3.76
"SEN","Senegal","Other Renewables","2015",0
"SEN","Senegal","Solar","2015",0
"SEN","Senegal","Wind","2015",0
"SEN","Senegal","Bioenergy","2016",0.06
"SEN","Senegal","Coal","2016",0.39
"SEN","Senegal","Gas","2016",0.08
"SEN","Senegal","Hydro","2016",0.36
"SEN","Senegal","Nuclear","2016",0
"SEN","Senegal","Other Fossil","2016",3.88
"SEN","Senegal","Other Renewables","2016",0
"SEN","Senegal","Solar","2016",0.01
"SEN","Senegal","Wind","2016",0
"SEN","Senegal","Bioenergy","2017",0.08
"SEN","Senegal","Coal","2017",0.31
"SEN","Senegal","Gas","2017",0.06
"SEN","Senegal","Hydro","2017",0.36
"SEN","Senegal","Nuclear","2017",0
"SEN","Senegal","Other Fossil","2017",3.82
"SEN","Senegal","Other Renewables","2017",0
"SEN","Senegal","Solar","2017",0.09
"SEN","Senegal","Wind","2017",0
"SEN","Senegal","Bioenergy","2018",0.09
"SEN","Senegal","Coal","2018",0.49
"SEN","Senegal","Gas","2018",0.04
"SEN","Senegal","Hydro","2018",0.36
"SEN","Senegal","Nuclear","2018",0
"SEN","Senegal","Other Fossil","2018",3.71
"SEN","Senegal","Other Renewables","2018",0
"SEN","Senegal","Solar","2018",0.25
"SEN","Senegal","Wind","2018",0
"SEN","Senegal","Bioenergy","2019",0.12
"SEN","Senegal","Coal","2019",0.76
"SEN","Senegal","Gas","2019",0.06
"SEN","Senegal","Hydro","2019",0.31
"SEN","Senegal","Nuclear","2019",0
"SEN","Senegal","Other Fossil","2019",4.22
"SEN","Senegal","Other Renewables","2019",0
"SEN","Senegal","Solar","2019",0.33
"SEN","Senegal","Wind","2019",0.02
"SEN","Senegal","Bioenergy","2020",0.11
"SEN","Senegal","Coal","2020",0.15
"SEN","Senegal","Gas","2020",0.05
"SEN","Senegal","Hydro","2020",0.31
"SEN","Senegal","Nuclear","2020",0
"SEN","Senegal","Other Fossil","2020",4.84
"SEN","Senegal","Other Renewables","2020",0
"SEN","Senegal","Solar","2020",0.38
"SEN","Senegal","Wind","2020",0.22
"SEN","Senegal","Bioenergy","2021",0.1
"SEN","Senegal","Coal","2021",0.4
"SEN","Senegal","Gas","2021",0.02
"SEN","Senegal","Hydro","2021",0.31
"SEN","Senegal","Nuclear","2021",0
"SEN","Senegal","Other Fossil","2021",4.89
"SEN","Senegal","Other Renewables","2021",0
"SEN","Senegal","Solar","2021",0.54
"SEN","Senegal","Wind","2021",0.4
"SEN","Senegal","Bioenergy","2022",0.11
"SEN","Senegal","Coal","2022",0.47
"SEN","Senegal","Gas","2022",0.02
"SEN","Senegal","Hydro","2022",0.31
"SEN","Senegal","Nuclear","2022",0
"SEN","Senegal","Other Fossil","2022",5.26
"SEN","Senegal","Other Renewables","2022",0
"SEN","Senegal","Solar","2022",0.59
"SEN","Senegal","Wind","2022",0.4
"SEN","Senegal","Bioenergy","2023",0.11
"SEN","Senegal","Coal","2023",0.09
"SEN","Senegal","Gas","2023",0.02
"SEN","Senegal","Hydro","2023",0.31
"SEN","Senegal","Nuclear","2023",0
"SEN","Senegal","Other Fossil","2023",6.7
"SEN","Senegal","Other Renewables","2023",0
"SEN","Senegal","Solar","2023",0.59
"SEN","Senegal","Wind","2023",0.38
"SEN","Senegal","Bioenergy","2024",0.11
"SEN","Senegal","Coal","2024",0.1
"SEN","Senegal","Gas","2024",0.02
"SEN","Senegal","Hydro","2024",0.31
"SEN","Senegal","Nuclear","2024",0
"SEN","Senegal","Other Fossil","2024",6
"SEN","Senegal","Other Renewables","2024",0
"SEN","Senegal","Solar","2024",0.68
"SEN","Senegal","Wind","2024",0.41
"SRB","Serbia","Bioenergy","2015",0.02
"SRB","Serbia","Coal","2015",27.16
"SRB","Serbia","Gas","2015",0.22
"SRB","Serbia","Hydro","2015",10.08
"SRB","Serbia","Nuclear","2015",0
"SRB","Serbia","Other Fossil","2015",0.1
"SRB","Serbia","Other Renewables","2015",0
"SRB","Serbia","Solar","2015",0.01
"SRB","Serbia","Wind","2015",0
"SRB","Serbia","Bioenergy","2016",0.03
"SRB","Serbia","Coal","2016",27.24
"SRB","Serbia","Gas","2016",0.38
"SRB","Serbia","Hydro","2016",10.79
"SRB","Serbia","Nuclear","2016",0
"SRB","Serbia","Other Fossil","2016",0.13
"SRB","Serbia","Other Renewables","2016",0
"SRB","Serbia","Solar","2016",0.01
"SRB","Serbia","Wind","2016",0.03
"SRB","Serbia","Bioenergy","2017",0.08
"SRB","Serbia","Coal","2017",26.46
"SRB","Serbia","Gas","2017",0.55
"SRB","Serbia","Hydro","2017",9.15
"SRB","Serbia","Nuclear","2017",0
"SRB","Serbia","Other Fossil","2017",0.14
"SRB","Serbia","Other Renewables","2017",0
"SRB","Serbia","Solar","2017",0.01
"SRB","Serbia","Wind","2017",0.05
"SRB","Serbia","Bioenergy","2018",0.1
"SRB","Serbia","Coal","2018",25.02
"SRB","Serbia","Gas","2018",0.6
"SRB","Serbia","Hydro","2018",10.64
"SRB","Serbia","Nuclear","2018",0
"SRB","Serbia","Other Fossil","2018",0.15
"SRB","Serbia","Other Renewables","2018",0
"SRB","Serbia","Solar","2018",0.01
"SRB","Serbia","Wind","2018",0.15
"SRB","Serbia","Bioenergy","2019",0.14
"SRB","Serbia","Coal","2019",25.58
"SRB","Serbia","Gas","2019",0.67
"SRB","Serbia","Hydro","2019",9.46
"SRB","Serbia","Nuclear","2019",0
"SRB","Serbia","Other Fossil","2019",0.1
"SRB","Serbia","Other Renewables","2019",0
"SRB","Serbia","Solar","2019",0.01
"SRB","Serbia","Wind","2019",0.9
"SRB","Serbia","Bioenergy","2020",0.19
"SRB","Serbia","Coal","2020",26.46
"SRB","Serbia","Gas","2020",0.51
"SRB","Serbia","Hydro","2020",8.98
"SRB","Serbia","Nuclear","2020",0
"SRB","Serbia","Other Fossil","2020",0.05
"SRB","Serbia","Other Renewables","2020",0
"SRB","Serbia","Solar","2020",0.01
"SRB","Serbia","Wind","2020",0.98
"SRB","Serbia","Bioenergy","2021",0.25
"SRB","Serbia","Coal","2021",23.77
"SRB","Serbia","Gas","2021",1.07
"SRB","Serbia","Hydro","2021",11.21
"SRB","Serbia","Nuclear","2021",0
"SRB","Serbia","Other Fossil","2021",0.07
"SRB","Serbia","Other Renewables","2021",0
"SRB","Serbia","Solar","2021",0.01
"SRB","Serbia","Wind","2021",1.08
"SRB","Serbia","Bioenergy","2022",0.25
"SRB","Serbia","Coal","2022",23.49
"SRB","Serbia","Gas","2022",1.45
"SRB","Serbia","Hydro","2022",8.6
"SRB","Serbia","Nuclear","2022",0
"SRB","Serbia","Other Fossil","2022",0.08
"SRB","Serbia","Other Renewables","2022",0
"SRB","Serbia","Solar","2022",0.02
"SRB","Serbia","Wind","2022",0.95
"SRB","Serbia","Bioenergy","2023",0.25
"SRB","Serbia","Coal","2023",23.54
"SRB","Serbia","Gas","2023",1.97
"SRB","Serbia","Hydro","2023",12.38
"SRB","Serbia","Nuclear","2023",0
"SRB","Serbia","Other Fossil","2023",0.07
"SRB","Serbia","Other Renewables","2023",0
"SRB","Serbia","Solar","2023",0.05
"SRB","Serbia","Wind","2023",1.07
"SRB","Serbia","Bioenergy","2024",0.34
"SRB","Serbia","Coal","2024",23.26
"SRB","Serbia","Gas","2024",1.72
"SRB","Serbia","Hydro","2024",10.1
"SRB","Serbia","Nuclear","2024",0
"SRB","Serbia","Other Fossil","2024",0.13
"SRB","Serbia","Other Renewables","2024",0
"SRB","Serbia","Solar","2024",0.16
"SRB","Serbia","Wind","2024",1.25
"SRB","Serbia","Bioenergy","2025",0.41
"SRB","Serbia","Coal","2025",23.85
"SRB","Serbia","Gas","2025",2.51
"SRB","Serbia","Hydro","2025",8.16
"SRB","Serbia","Nuclear","2025",0
"SRB","Serbia","Other Fossil","2025",0.11
"SRB","Serbia","Other Renewables","2025",0
"SRB","Serbia","Solar","2025",0.16
"SRB","Serbia","Wind","2025",1.47
"SYC","Seychelles","Bioenergy","2015",0
"SYC","Seychelles","Coal","2015",0
"SYC","Seychelles","Gas","2015",0
"SYC","Seychelles","Hydro","2015",0
"SYC","Seychelles","Nuclear","2015",0
"SYC","Seychelles","Other Fossil","2015",0.45
"SYC","Seychelles","Other Renewables","2015",0
"SYC","Seychelles","Solar","2015",0
"SYC","Seychelles","Wind","2015",0.01
"SYC","Seychelles","Bioenergy","2016",0
"SYC","Seychelles","Coal","2016",0
"SYC","Seychelles","Gas","2016",0
"SYC","Seychelles","Hydro","2016",0
"SYC","Seychelles","Nuclear","2016",0
"SYC","Seychelles","Other Fossil","2016",0.49
"SYC","Seychelles","Other Renewables","2016",0
"SYC","Seychelles","Solar","2016",0
"SYC","Seychelles","Wind","2016",0.01
"SYC","Seychelles","Bioenergy","2017",0
"SYC","Seychelles","Coal","2017",0
"SYC","Seychelles","Gas","2017",0
"SYC","Seychelles","Hydro","2017",0
"SYC","Seychelles","Nuclear","2017",0
"SYC","Seychelles","Other Fossil","2017",0.5
"SYC","Seychelles","Other Renewables","2017",0
"SYC","Seychelles","Solar","2017",0
"SYC","Seychelles","Wind","2017",0.01
"SYC","Seychelles","Bioenergy","2018",0
"SYC","Seychelles","Coal","2018",0
"SYC","Seychelles","Gas","2018",0
"SYC","Seychelles","Hydro","2018",0
"SYC","Seychelles","Nuclear","2018",0
"SYC","Seychelles","Other Fossil","2018",0.51
"SYC","Seychelles","Other Renewables","2018",0
"SYC","Seychelles","Solar","2018",0
"SYC","Seychelles","Wind","2018",0.01
"SYC","Seychelles","Bioenergy","2019",0
"SYC","Seychelles","Coal","2019",0
"SYC","Seychelles","Gas","2019",0
"SYC","Seychelles","Hydro","2019",0
"SYC","Seychelles","Nuclear","2019",0
"SYC","Seychelles","Other Fossil","2019",0.53
"SYC","Seychelles","Other Renewables","2019",0
"SYC","Seychelles","Solar","2019",0.04
"SYC","Seychelles","Wind","2019",0
"SYC","Seychelles","Bioenergy","2020",0
"SYC","Seychelles","Coal","2020",0
"SYC","Seychelles","Gas","2020",0
"SYC","Seychelles","Hydro","2020",0
"SYC","Seychelles","Nuclear","2020",0
"SYC","Seychelles","Other Fossil","2020",0.52
"SYC","Seychelles","Other Renewables","2020",0
"SYC","Seychelles","Solar","2020",0.06
"SYC","Seychelles","Wind","2020",0.01
"SYC","Seychelles","Bioenergy","2021",0
"SYC","Seychelles","Coal","2021",0
"SYC","Seychelles","Gas","2021",0
"SYC","Seychelles","Hydro","2021",0
"SYC","Seychelles","Nuclear","2021",0
"SYC","Seychelles","Other Fossil","2021",0.52
"SYC","Seychelles","Other Renewables","2021",0
"SYC","Seychelles","Solar","2021",0.07
"SYC","Seychelles","Wind","2021",0.01
"SYC","Seychelles","Bioenergy","2022",0
"SYC","Seychelles","Coal","2022",0
"SYC","Seychelles","Gas","2022",0
"SYC","Seychelles","Hydro","2022",0
"SYC","Seychelles","Nuclear","2022",0
"SYC","Seychelles","Other Fossil","2022",0.53
"SYC","Seychelles","Other Renewables","2022",0
"SYC","Seychelles","Solar","2022",0.08
"SYC","Seychelles","Wind","2022",0.01
"SYC","Seychelles","Bioenergy","2023",0
"SYC","Seychelles","Coal","2023",0
"SYC","Seychelles","Gas","2023",0
"SYC","Seychelles","Hydro","2023",0
"SYC","Seychelles","Nuclear","2023",0
"SYC","Seychelles","Other Fossil","2023",0.53
"SYC","Seychelles","Other Renewables","2023",0
"SYC","Seychelles","Solar","2023",0.08
"SYC","Seychelles","Wind","2023",0.01
"SYC","Seychelles","Bioenergy","2024",0
"SYC","Seychelles","Coal","2024",0
"SYC","Seychelles","Gas","2024",0
"SYC","Seychelles","Hydro","2024",0
"SYC","Seychelles","Nuclear","2024",0
"SYC","Seychelles","Other Fossil","2024",0.53
"SYC","Seychelles","Other Renewables","2024",0
"SYC","Seychelles","Solar","2024",0.09
"SYC","Seychelles","Wind","2024",0.01
"SLE","Sierra Leone","Bioenergy","2015",0
"SLE","Sierra Leone","Coal","2015",0
"SLE","Sierra Leone","Gas","2015",0
"SLE","Sierra Leone","Hydro","2015",0.12
"SLE","Sierra Leone","Nuclear","2015",0
"SLE","Sierra Leone","Other Fossil","2015",0.04
"SLE","Sierra Leone","Other Renewables","2015",0
"SLE","Sierra Leone","Solar","2015",0
"SLE","Sierra Leone","Wind","2015",0
"SLE","Sierra Leone","Bioenergy","2016",0
"SLE","Sierra Leone","Coal","2016",0
"SLE","Sierra Leone","Gas","2016",0
"SLE","Sierra Leone","Hydro","2016",0.13
"SLE","Sierra Leone","Nuclear","2016",0
"SLE","Sierra Leone","Other Fossil","2016",0.08
"SLE","Sierra Leone","Other Renewables","2016",0
"SLE","Sierra Leone","Solar","2016",0
"SLE","Sierra Leone","Wind","2016",0
"SLE","Sierra Leone","Bioenergy","2017",0
"SLE","Sierra Leone","Coal","2017",0
"SLE","Sierra Leone","Gas","2017",0
"SLE","Sierra Leone","Hydro","2017",0.13
"SLE","Sierra Leone","Nuclear","2017",0
"SLE","Sierra Leone","Other Fossil","2017",0.09
"SLE","Sierra Leone","Other Renewables","2017",0
"SLE","Sierra Leone","Solar","2017",0.01
"SLE","Sierra Leone","Wind","2017",0
"SLE","Sierra Leone","Bioenergy","2018",0
"SLE","Sierra Leone","Coal","2018",0
"SLE","Sierra Leone","Gas","2018",0
"SLE","Sierra Leone","Hydro","2018",0.17
"SLE","Sierra Leone","Nuclear","2018",0
"SLE","Sierra Leone","Other Fossil","2018",0.09
"SLE","Sierra Leone","Other Renewables","2018",0
"SLE","Sierra Leone","Solar","2018",0.01
"SLE","Sierra Leone","Wind","2018",0
"SLE","Sierra Leone","Bioenergy","2019",0
"SLE","Sierra Leone","Coal","2019",0
"SLE","Sierra Leone","Gas","2019",0
"SLE","Sierra Leone","Hydro","2019",0.18
"SLE","Sierra Leone","Nuclear","2019",0
"SLE","Sierra Leone","Other Fossil","2019",0.01
"SLE","Sierra Leone","Other Renewables","2019",0
"SLE","Sierra Leone","Solar","2019",0.01
"SLE","Sierra Leone","Wind","2019",0
"SLE","Sierra Leone","Bioenergy","2020",0
"SLE","Sierra Leone","Coal","2020",0
"SLE","Sierra Leone","Gas","2020",0
"SLE","Sierra Leone","Hydro","2020",0.18
"SLE","Sierra Leone","Nuclear","2020",0
"SLE","Sierra Leone","Other Fossil","2020",0.01
"SLE","Sierra Leone","Other Renewables","2020",0
"SLE","Sierra Leone","Solar","2020",0.01
"SLE","Sierra Leone","Wind","2020",0
"SLE","Sierra Leone","Bioenergy","2021",0
"SLE","Sierra Leone","Coal","2021",0
"SLE","Sierra Leone","Gas","2021",0
"SLE","Sierra Leone","Hydro","2021",0.18
"SLE","Sierra Leone","Nuclear","2021",0
"SLE","Sierra Leone","Other Fossil","2021",0.01
"SLE","Sierra Leone","Other Renewables","2021",0
"SLE","Sierra Leone","Solar","2021",0.01
"SLE","Sierra Leone","Wind","2021",0
"SLE","Sierra Leone","Bioenergy","2022",0
"SLE","Sierra Leone","Coal","2022",0
"SLE","Sierra Leone","Gas","2022",0
"SLE","Sierra Leone","Hydro","2022",0.18
"SLE","Sierra Leone","Nuclear","2022",0
"SLE","Sierra Leone","Other Fossil","2022",0.01
"SLE","Sierra Leone","Other Renewables","2022",0
"SLE","Sierra Leone","Solar","2022",0.01
"SLE","Sierra Leone","Wind","2022",0
"SLE","Sierra Leone","Bioenergy","2023",0
"SLE","Sierra Leone","Coal","2023",0
"SLE","Sierra Leone","Gas","2023",0
"SLE","Sierra Leone","Hydro","2023",0.18
"SLE","Sierra Leone","Nuclear","2023",0
"SLE","Sierra Leone","Other Fossil","2023",0.01
"SLE","Sierra Leone","Other Renewables","2023",0
"SLE","Sierra Leone","Solar","2023",0.02
"SLE","Sierra Leone","Wind","2023",0
"SLE","Sierra Leone","Bioenergy","2024",0
"SLE","Sierra Leone","Coal","2024",0
"SLE","Sierra Leone","Gas","2024",0
"SLE","Sierra Leone","Hydro","2024",0.18
"SLE","Sierra Leone","Nuclear","2024",0
"SLE","Sierra Leone","Other Fossil","2024",0.01
"SLE","Sierra Leone","Other Renewables","2024",0
"SLE","Sierra Leone","Solar","2024",0.02
"SLE","Sierra Leone","Wind","2024",0
"SGP","Singapore","Bioenergy","2015",1.46
"SGP","Singapore","Coal","2015",0.6
"SGP","Singapore","Gas","2015",47.89
"SGP","Singapore","Other Fossil","2015",0.33
"SGP","Singapore","Solar","2015",0
"SGP","Singapore","Bioenergy","2016",1.41
"SGP","Singapore","Coal","2016",0.62
"SGP","Singapore","Gas","2016",49.11
"SGP","Singapore","Other Fossil","2016",0.36
"SGP","Singapore","Solar","2016",0.09
"SGP","Singapore","Bioenergy","2017",1.39
"SGP","Singapore","Coal","2017",0.68
"SGP","Singapore","Gas","2017",49.72
"SGP","Singapore","Other Fossil","2017",0.37
"SGP","Singapore","Solar","2017",0.12
"SGP","Singapore","Bioenergy","2018",1.35
"SGP","Singapore","Coal","2018",0.69
"SGP","Singapore","Gas","2018",50.47
"SGP","Singapore","Other Fossil","2018",0.32
"SGP","Singapore","Solar","2018",0.14
"SGP","Singapore","Bioenergy","2019",1.32
"SGP","Singapore","Coal","2019",0.65
"SGP","Singapore","Gas","2019",51.76
"SGP","Singapore","Other Fossil","2019",0.22
"SGP","Singapore","Solar","2019",0.19
"SGP","Singapore","Bioenergy","2020",1.19
"SGP","Singapore","Coal","2020",0.53
"SGP","Singapore","Gas","2020",50.84
"SGP","Singapore","Other Fossil","2020",0.21
"SGP","Singapore","Solar","2020",0.3
"SGP","Singapore","Bioenergy","2021",1.22
"SGP","Singapore","Coal","2021",0.67
"SGP","Singapore","Gas","2021",52.94
"SGP","Singapore","Other Fossil","2021",0.56
"SGP","Singapore","Solar","2021",0.4
"SGP","Singapore","Bioenergy","2022",1.66
"SGP","Singapore","Coal","2022",0.57
"SGP","Singapore","Gas","2022",52.54
"SGP","Singapore","Other Fossil","2022",1.48
"SGP","Singapore","Solar","2022",0.67
"SGP","Singapore","Bioenergy","2023",1.66
"SGP","Singapore","Coal","2023",0.57
"SGP","Singapore","Gas","2023",53.06
"SGP","Singapore","Other Fossil","2023",1.09
"SGP","Singapore","Solar","2023",0.94
"SGP","Singapore","Bioenergy","2024",1.66
"SGP","Singapore","Coal","2024",0.57
"SGP","Singapore","Gas","2024",54.93
"SGP","Singapore","Other Fossil","2024",1.17
"SGP","Singapore","Solar","2024",1.28
"SGP","Singapore","Bioenergy","2025",1.66
"SGP","Singapore","Coal","2025",0.57
"SGP","Singapore","Gas","2025",54.81
"SGP","Singapore","Other Fossil","2025",1.47
"SGP","Singapore","Solar","2025",1.64
"SVK","Slovakia","Bioenergy","2015",1.66
"SVK","Slovakia","Coal","2015",2.83
"SVK","Slovakia","Gas","2015",1.6
"SVK","Slovakia","Hydro","2015",3.87
"SVK","Slovakia","Nuclear","2015",15.15
"SVK","Slovakia","Other Fossil","2015",0.99
"SVK","Slovakia","Other Renewables","2015",0
"SVK","Slovakia","Solar","2015",0.51
"SVK","Slovakia","Wind","2015",0.01
"SVK","Slovakia","Bioenergy","2016",1.73
"SVK","Slovakia","Coal","2016",2.8
"SVK","Slovakia","Gas","2016",1.52
"SVK","Slovakia","Hydro","2016",4.36
"SVK","Slovakia","Nuclear","2016",14.77
"SVK","Slovakia","Other Fossil","2016",1.08
"SVK","Slovakia","Other Renewables","2016",0
"SVK","Slovakia","Solar","2016",0.53
"SVK","Slovakia","Wind","2016",0.01
"SVK","Slovakia","Bioenergy","2017",1.7
"SVK","Slovakia","Coal","2017",2.99
"SVK","Slovakia","Gas","2017",1.67
"SVK","Slovakia","Hydro","2017",4.32
"SVK","Slovakia","Nuclear","2017",15.08
"SVK","Slovakia","Other Fossil","2017",1.14
"SVK","Slovakia","Other Renewables","2017",0
"SVK","Slovakia","Solar","2017",0.51
"SVK","Slovakia","Wind","2017",0.01
"SVK","Slovakia","Bioenergy","2018",1.63
"SVK","Slovakia","Coal","2018",3.01
"SVK","Slovakia","Gas","2018",1.86
"SVK","Slovakia","Hydro","2018",3.59
"SVK","Slovakia","Nuclear","2018",14.84
"SVK","Slovakia","Other Fossil","2018",1.14
"SVK","Slovakia","Other Renewables","2018",0
"SVK","Slovakia","Solar","2018",0.58
"SVK","Slovakia","Wind","2018",0.01
"SVK","Slovakia","Bioenergy","2019",1.69
"SVK","Slovakia","Coal","2019",2.34
"SVK","Slovakia","Gas","2019",3.07
"SVK","Slovakia","Hydro","2019",4.36
"SVK","Slovakia","Nuclear","2019",15.28
"SVK","Slovakia","Other Fossil","2019",0.87
"SVK","Slovakia","Other Renewables","2019",0
"SVK","Slovakia","Solar","2019",0.59
"SVK","Slovakia","Wind","2019",0.01
"SVK","Slovakia","Bioenergy","2020",1.67
"SVK","Slovakia","Coal","2020",1.86
"SVK","Slovakia","Gas","2020",3.57
"SVK","Slovakia","Hydro","2020",4.52
"SVK","Slovakia","Nuclear","2020",15.44
"SVK","Slovakia","Other Fossil","2020",0.79
"SVK","Slovakia","Other Renewables","2020",0
"SVK","Slovakia","Solar","2020",0.66
"SVK","Slovakia","Wind","2020",0
"SVK","Slovakia","Bioenergy","2021",1.84
"SVK","Slovakia","Coal","2021",1.7
"SVK","Slovakia","Gas","2021",4.37
"SVK","Slovakia","Hydro","2021",4.26
"SVK","Slovakia","Nuclear","2021",15.73
"SVK","Slovakia","Other Fossil","2021",1.13
"SVK","Slovakia","Other Renewables","2021",0
"SVK","Slovakia","Solar","2021",0.67
"SVK","Slovakia","Wind","2021",0
"SVK","Slovakia","Bioenergy","2022",1.49
"SVK","Slovakia","Coal","2022",1.62
"SVK","Slovakia","Gas","2022",2.1
"SVK","Slovakia","Hydro","2022",3.68
"SVK","Slovakia","Nuclear","2022",15.92
"SVK","Slovakia","Other Fossil","2022",1.08
"SVK","Slovakia","Other Renewables","2022",0
"SVK","Slovakia","Solar","2022",0.65
"SVK","Slovakia","Wind","2022",0
"SVK","Slovakia","Bioenergy","2023",1.41
"SVK","Slovakia","Coal","2023",1.22
"SVK","Slovakia","Gas","2023",2.28
"SVK","Slovakia","Hydro","2023",4.69
"SVK","Slovakia","Nuclear","2023",18.33
"SVK","Slovakia","Other Fossil","2023",0.99
"SVK","Slovakia","Other Renewables","2023",0
"SVK","Slovakia","Solar","2023",0.61
"SVK","Slovakia","Wind","2023",0
"SVK","Slovakia","Bioenergy","2024",1.58
"SVK","Slovakia","Coal","2024",0.52
"SVK","Slovakia","Gas","2024",2.88
"SVK","Slovakia","Hydro","2024",4.83
"SVK","Slovakia","Nuclear","2024",18.23
"SVK","Slovakia","Other Fossil","2024",0.79
"SVK","Slovakia","Other Renewables","2024",0
"SVK","Slovakia","Solar","2024",0.69
"SVK","Slovakia","Wind","2024",0
"SVK","Slovakia","Bioenergy","2025",1.58
"SVK","Slovakia","Coal","2025",0.31
"SVK","Slovakia","Gas","2025",3.28
"SVK","Slovakia","Hydro","2025",3.16
"SVK","Slovakia","Nuclear","2025",19.32
"SVK","Slovakia","Other Fossil","2025",0.73
"SVK","Slovakia","Other Renewables","2025",0.01
"SVK","Slovakia","Solar","2025",0.7
"SVK","Slovakia","Wind","2025",0
"SVN","Slovenia","Bioenergy","2015",0.26
"SVN","Slovenia","Coal","2015",4.38
"SVN","Slovenia","Gas","2015",0.4
"SVN","Slovenia","Hydro","2015",3.81
"SVN","Slovenia","Nuclear","2015",5.65
"SVN","Slovenia","Other Fossil","2015",0.02
"SVN","Slovenia","Other Renewables","2015",0
"SVN","Slovenia","Solar","2015",0.27
"SVN","Slovenia","Wind","2015",0.01
"SVN","Slovenia","Bioenergy","2016",0.28
"SVN","Slovenia","Coal","2016",5.01
"SVN","Slovenia","Gas","2016",0.42
"SVN","Slovenia","Hydro","2016",4.5
"SVN","Slovenia","Nuclear","2016",5.72
"SVN","Slovenia","Other Fossil","2016",0.02
"SVN","Slovenia","Other Renewables","2016",0
"SVN","Slovenia","Solar","2016",0.27
"SVN","Slovenia","Wind","2016",0.01
"SVN","Slovenia","Bioenergy","2017",0.28
"SVN","Slovenia","Coal","2017",4.82
"SVN","Slovenia","Gas","2017",0.48
"SVN","Slovenia","Hydro","2017",3.87
"SVN","Slovenia","Nuclear","2017",6.29
"SVN","Slovenia","Other Fossil","2017",0.02
"SVN","Slovenia","Other Renewables","2017",0
"SVN","Slovenia","Solar","2017",0.28
"SVN","Slovenia","Wind","2017",0.01
"SVN","Slovenia","Bioenergy","2018",0.26
"SVN","Slovenia","Coal","2018",4.62
"SVN","Slovenia","Gas","2018",0.48
"SVN","Slovenia","Hydro","2018",4.7
"SVN","Slovenia","Nuclear","2018",5.78
"SVN","Slovenia","Other Fossil","2018",0.02
"SVN","Slovenia","Other Renewables","2018",0
"SVN","Slovenia","Solar","2018",0.25
"SVN","Slovenia","Wind","2018",0.01
"SVN","Slovenia","Bioenergy","2019",0.25
"SVN","Slovenia","Coal","2019",4.48
"SVN","Slovenia","Gas","2019",0.54
"SVN","Slovenia","Hydro","2019",4.48
"SVN","Slovenia","Nuclear","2019",5.82
"SVN","Slovenia","Other Fossil","2019",0.01
"SVN","Slovenia","Other Renewables","2019",0
"SVN","Slovenia","Solar","2019",0.3
"SVN","Slovenia","Wind","2019",0.01
"SVN","Slovenia","Bioenergy","2020",0.27
"SVN","Slovenia","Coal","2020",4.36
"SVN","Slovenia","Gas","2020",0.58
"SVN","Slovenia","Hydro","2020",4.93
"SVN","Slovenia","Nuclear","2020",6.35
"SVN","Slovenia","Other Fossil","2020",0.02
"SVN","Slovenia","Other Renewables","2020",0
"SVN","Slovenia","Solar","2020",0.37
"SVN","Slovenia","Wind","2020",0.01
"SVN","Slovenia","Bioenergy","2021",0.27
"SVN","Slovenia","Coal","2021",3.85
"SVN","Slovenia","Gas","2021",0.52
"SVN","Slovenia","Hydro","2021",4.71
"SVN","Slovenia","Nuclear","2021",5.71
"SVN","Slovenia","Other Fossil","2021",0.07
"SVN","Slovenia","Other Renewables","2021",0
"SVN","Slovenia","Solar","2021",0.45
"SVN","Slovenia","Wind","2021",0.01
"SVN","Slovenia","Bioenergy","2022",0.26
"SVN","Slovenia","Coal","2022",3.13
"SVN","Slovenia","Gas","2022",0.49
"SVN","Slovenia","Hydro","2022",3.15
"SVN","Slovenia","Nuclear","2022",5.61
"SVN","Slovenia","Other Fossil","2022",0.06
"SVN","Slovenia","Other Renewables","2022",0
"SVN","Slovenia","Solar","2022",0.65
"SVN","Slovenia","Wind","2022",0.01
"SVN","Slovenia","Bioenergy","2023",0.29
"SVN","Slovenia","Coal","2023",3.14
"SVN","Slovenia","Gas","2023",0.5
"SVN","Slovenia","Hydro","2023",5.02
"SVN","Slovenia","Nuclear","2023",5.6
"SVN","Slovenia","Other Fossil","2023",0.01
"SVN","Slovenia","Other Renewables","2023",0
"SVN","Slovenia","Solar","2023",0.98
"SVN","Slovenia","Wind","2023",0.01
"SVN","Slovenia","Bioenergy","2024",0.25
"SVN","Slovenia","Coal","2024",3.5
"SVN","Slovenia","Gas","2024",0.48
"SVN","Slovenia","Hydro","2024",5.34
"SVN","Slovenia","Nuclear","2024",5.84
"SVN","Slovenia","Other Fossil","2024",0.02
"SVN","Slovenia","Other Renewables","2024",0
"SVN","Slovenia","Solar","2024",1.27
"SVN","Slovenia","Wind","2024",0.01
"SVN","Slovenia","Bioenergy","2025",0.29
"SVN","Slovenia","Coal","2025",2.18
"SVN","Slovenia","Gas","2025",0.97
"SVN","Slovenia","Hydro","2025",4.06
"SVN","Slovenia","Nuclear","2025",5.83
"SVN","Slovenia","Other Fossil","2025",0
"SVN","Slovenia","Solar","2025",1.54
"SVN","Slovenia","Wind","2025",0.01
"SLB","Solomon Islands","Bioenergy","2015",0
"SLB","Solomon Islands","Coal","2015",0
"SLB","Solomon Islands","Gas","2015",0
"SLB","Solomon Islands","Hydro","2015",0
"SLB","Solomon Islands","Nuclear","2015",0
"SLB","Solomon Islands","Other Fossil","2015",0.09
"SLB","Solomon Islands","Other Renewables","2015",0
"SLB","Solomon Islands","Solar","2015",0
"SLB","Solomon Islands","Wind","2015",0
"SLB","Solomon Islands","Bioenergy","2016",0
"SLB","Solomon Islands","Coal","2016",0
"SLB","Solomon Islands","Gas","2016",0
"SLB","Solomon Islands","Hydro","2016",0
"SLB","Solomon Islands","Nuclear","2016",0
"SLB","Solomon Islands","Other Fossil","2016",0.1
"SLB","Solomon Islands","Other Renewables","2016",0
"SLB","Solomon Islands","Solar","2016",0
"SLB","Solomon Islands","Wind","2016",0
"SLB","Solomon Islands","Bioenergy","2017",0
"SLB","Solomon Islands","Coal","2017",0
"SLB","Solomon Islands","Gas","2017",0
"SLB","Solomon Islands","Hydro","2017",0
"SLB","Solomon Islands","Nuclear","2017",0
"SLB","Solomon Islands","Other Fossil","2017",0.1
"SLB","Solomon Islands","Other Renewables","2017",0
"SLB","Solomon Islands","Solar","2017",0
"SLB","Solomon Islands","Wind","2017",0
"SLB","Solomon Islands","Bioenergy","2018",0
"SLB","Solomon Islands","Coal","2018",0
"SLB","Solomon Islands","Gas","2018",0
"SLB","Solomon Islands","Hydro","2018",0
"SLB","Solomon Islands","Nuclear","2018",0
"SLB","Solomon Islands","Other Fossil","2018",0.1
"SLB","Solomon Islands","Other Renewables","2018",0
"SLB","Solomon Islands","Solar","2018",0
"SLB","Solomon Islands","Wind","2018",0
"SLB","Solomon Islands","Bioenergy","2019",0
"SLB","Solomon Islands","Coal","2019",0
"SLB","Solomon Islands","Gas","2019",0
"SLB","Solomon Islands","Hydro","2019",0
"SLB","Solomon Islands","Nuclear","2019",0
"SLB","Solomon Islands","Other Fossil","2019",0.1
"SLB","Solomon Islands","Other Renewables","2019",0
"SLB","Solomon Islands","Solar","2019",0
"SLB","Solomon Islands","Wind","2019",0
"SLB","Solomon Islands","Bioenergy","2020",0
"SLB","Solomon Islands","Coal","2020",0
"SLB","Solomon Islands","Gas","2020",0
"SLB","Solomon Islands","Hydro","2020",0
"SLB","Solomon Islands","Nuclear","2020",0
"SLB","Solomon Islands","Other Fossil","2020",0.1
"SLB","Solomon Islands","Other Renewables","2020",0
"SLB","Solomon Islands","Solar","2020",0
"SLB","Solomon Islands","Wind","2020",0
"SLB","Solomon Islands","Bioenergy","2021",0
"SLB","Solomon Islands","Coal","2021",0
"SLB","Solomon Islands","Gas","2021",0
"SLB","Solomon Islands","Hydro","2021",0
"SLB","Solomon Islands","Nuclear","2021",0
"SLB","Solomon Islands","Other Fossil","2021",0.1
"SLB","Solomon Islands","Other Renewables","2021",0
"SLB","Solomon Islands","Solar","2021",0
"SLB","Solomon Islands","Wind","2021",0
"SLB","Solomon Islands","Bioenergy","2022",0
"SLB","Solomon Islands","Coal","2022",0
"SLB","Solomon Islands","Gas","2022",0
"SLB","Solomon Islands","Hydro","2022",0
"SLB","Solomon Islands","Nuclear","2022",0
"SLB","Solomon Islands","Other Fossil","2022",0.1
"SLB","Solomon Islands","Other Renewables","2022",0
"SLB","Solomon Islands","Solar","2022",0.01
"SLB","Solomon Islands","Wind","2022",0
"SLB","Solomon Islands","Bioenergy","2023",0
"SLB","Solomon Islands","Coal","2023",0
"SLB","Solomon Islands","Gas","2023",0
"SLB","Solomon Islands","Hydro","2023",0
"SLB","Solomon Islands","Nuclear","2023",0
"SLB","Solomon Islands","Other Fossil","2023",0.1
"SLB","Solomon Islands","Other Renewables","2023",0
"SLB","Solomon Islands","Solar","2023",0.01
"SLB","Solomon Islands","Wind","2023",0
"SLB","Solomon Islands","Bioenergy","2024",0
"SLB","Solomon Islands","Coal","2024",0
"SLB","Solomon Islands","Gas","2024",0
"SLB","Solomon Islands","Hydro","2024",0
"SLB","Solomon Islands","Nuclear","2024",0
"SLB","Solomon Islands","Other Fossil","2024",0.1
"SLB","Solomon Islands","Other Renewables","2024",0
"SLB","Solomon Islands","Solar","2024",0.01
"SLB","Solomon Islands","Wind","2024",0
"SOM","Somalia","Bioenergy","2015",0
"SOM","Somalia","Coal","2015",0
"SOM","Somalia","Gas","2015",0
"SOM","Somalia","Hydro","2015",0
"SOM","Somalia","Nuclear","2015",0
"SOM","Somalia","Other Fossil","2015",0.35
"SOM","Somalia","Other Renewables","2015",0
"SOM","Somalia","Solar","2015",0
"SOM","Somalia","Wind","2015",0
"SOM","Somalia","Bioenergy","2016",0
"SOM","Somalia","Coal","2016",0
"SOM","Somalia","Gas","2016",0
"SOM","Somalia","Hydro","2016",0
"SOM","Somalia","Nuclear","2016",0
"SOM","Somalia","Other Fossil","2016",0.35
"SOM","Somalia","Other Renewables","2016",0
"SOM","Somalia","Solar","2016",0.01
"SOM","Somalia","Wind","2016",0
"SOM","Somalia","Bioenergy","2017",0
"SOM","Somalia","Coal","2017",0
"SOM","Somalia","Gas","2017",0
"SOM","Somalia","Hydro","2017",0
"SOM","Somalia","Nuclear","2017",0
"SOM","Somalia","Other Fossil","2017",0.35
"SOM","Somalia","Other Renewables","2017",0
"SOM","Somalia","Solar","2017",0.01
"SOM","Somalia","Wind","2017",0.01
"SOM","Somalia","Bioenergy","2018",0
"SOM","Somalia","Coal","2018",0
"SOM","Somalia","Gas","2018",0
"SOM","Somalia","Hydro","2018",0
"SOM","Somalia","Nuclear","2018",0
"SOM","Somalia","Other Fossil","2018",0.35
"SOM","Somalia","Other Renewables","2018",0
"SOM","Somalia","Solar","2018",0.01
"SOM","Somalia","Wind","2018",0.01
"SOM","Somalia","Bioenergy","2019",0
"SOM","Somalia","Coal","2019",0
"SOM","Somalia","Gas","2019",0
"SOM","Somalia","Hydro","2019",0
"SOM","Somalia","Nuclear","2019",0
"SOM","Somalia","Other Fossil","2019",0.35
"SOM","Somalia","Other Renewables","2019",0
"SOM","Somalia","Solar","2019",0.01
"SOM","Somalia","Wind","2019",0.01
"SOM","Somalia","Bioenergy","2020",0
"SOM","Somalia","Coal","2020",0
"SOM","Somalia","Gas","2020",0
"SOM","Somalia","Hydro","2020",0
"SOM","Somalia","Nuclear","2020",0
"SOM","Somalia","Other Fossil","2020",0.34
"SOM","Somalia","Other Renewables","2020",0
"SOM","Somalia","Solar","2020",0.02
"SOM","Somalia","Wind","2020",0.01
"SOM","Somalia","Bioenergy","2021",0
"SOM","Somalia","Coal","2021",0
"SOM","Somalia","Gas","2021",0
"SOM","Somalia","Hydro","2021",0
"SOM","Somalia","Nuclear","2021",0
"SOM","Somalia","Other Fossil","2021",0.34
"SOM","Somalia","Other Renewables","2021",0
"SOM","Somalia","Solar","2021",0.03
"SOM","Somalia","Wind","2021",0.01
"SOM","Somalia","Bioenergy","2022",0
"SOM","Somalia","Coal","2022",0
"SOM","Somalia","Gas","2022",0
"SOM","Somalia","Hydro","2022",0
"SOM","Somalia","Nuclear","2022",0
"SOM","Somalia","Other Fossil","2022",0.34
"SOM","Somalia","Other Renewables","2022",0
"SOM","Somalia","Solar","2022",0.07
"SOM","Somalia","Wind","2022",0.01
"SOM","Somalia","Bioenergy","2023",0
"SOM","Somalia","Coal","2023",0
"SOM","Somalia","Gas","2023",0
"SOM","Somalia","Hydro","2023",0
"SOM","Somalia","Nuclear","2023",0
"SOM","Somalia","Other Fossil","2023",0.34
"SOM","Somalia","Other Renewables","2023",0
"SOM","Somalia","Solar","2023",0.07
"SOM","Somalia","Wind","2023",0.01
"SOM","Somalia","Bioenergy","2024",0
"SOM","Somalia","Coal","2024",0
"SOM","Somalia","Gas","2024",0
"SOM","Somalia","Hydro","2024",0
"SOM","Somalia","Nuclear","2024",0
"SOM","Somalia","Other Fossil","2024",0.34
"SOM","Somalia","Other Renewables","2024",0
"SOM","Somalia","Solar","2024",0.08
"SOM","Somalia","Wind","2024",0.01
"ZAF","South Africa","Bioenergy","2015",0.32
"ZAF","South Africa","Coal","2015",227.3
"ZAF","South Africa","Gas","2015",0
"ZAF","South Africa","Hydro","2015",0.73
"ZAF","South Africa","Nuclear","2015",12.24
"ZAF","South Africa","Other Fossil","2015",3.99
"ZAF","South Africa","Solar","2015",2.4
"ZAF","South Africa","Wind","2015",3.07
"ZAF","South Africa","Bioenergy","2016",0.33
"ZAF","South Africa","Coal","2016",229.58
"ZAF","South Africa","Gas","2016",0
"ZAF","South Africa","Hydro","2016",0.62
"ZAF","South Africa","Nuclear","2016",15.03
"ZAF","South Africa","Other Fossil","2016",0.03
"ZAF","South Africa","Solar","2016",3.01
"ZAF","South Africa","Wind","2016",4.21
"ZAF","South Africa","Bioenergy","2017",0.39
"ZAF","South Africa","Coal","2017",228.7
"ZAF","South Africa","Gas","2017",0
"ZAF","South Africa","Hydro","2017",0.78
"ZAF","South Africa","Nuclear","2017",14.19
"ZAF","South Africa","Other Fossil","2017",0.12
"ZAF","South Africa","Solar","2017",3.94
"ZAF","South Africa","Wind","2017",7.02
"ZAF","South Africa","Bioenergy","2018",0.43
"ZAF","South Africa","Coal","2018",231.01
"ZAF","South Africa","Gas","2018",0
"ZAF","South Africa","Hydro","2018",1.1
"ZAF","South Africa","Nuclear","2018",11.58
"ZAF","South Africa","Other Fossil","2018",1.23
"ZAF","South Africa","Solar","2018",4.54
"ZAF","South Africa","Wind","2018",6.41
"ZAF","South Africa","Bioenergy","2019",0.43
"ZAF","South Africa","Coal","2019",225.26
"ZAF","South Africa","Gas","2019",0
"ZAF","South Africa","Hydro","2019",0.74
"ZAF","South Africa","Nuclear","2019",13.25
"ZAF","South Africa","Other Fossil","2019",1.36
"ZAF","South Africa","Solar","2019",5.4
"ZAF","South Africa","Wind","2019",6.63
"ZAF","South Africa","Bioenergy","2020",0.41
"ZAF","South Africa","Coal","2020",214.08
"ZAF","South Africa","Gas","2020",0
"ZAF","South Africa","Hydro","2020",1.47
"ZAF","South Africa","Nuclear","2020",9.9
"ZAF","South Africa","Other Fossil","2020",1.49
"ZAF","South Africa","Solar","2020",6.98
"ZAF","South Africa","Wind","2020",6.41
"ZAF","South Africa","Bioenergy","2021",0.41
"ZAF","South Africa","Coal","2021",210.92
"ZAF","South Africa","Gas","2021",0
"ZAF","South Africa","Hydro","2021",2.02
"ZAF","South Africa","Nuclear","2021",12.35
"ZAF","South Africa","Other Fossil","2021",3.27
"ZAF","South Africa","Solar","2021",7.84
"ZAF","South Africa","Wind","2021",8.65
"ZAF","South Africa","Bioenergy","2022",0.36
"ZAF","South Africa","Coal","2022",201.77
"ZAF","South Africa","Gas","2022",0
"ZAF","South Africa","Hydro","2022",3.1
"ZAF","South Africa","Nuclear","2022",10.1
"ZAF","South Africa","Other Fossil","2022",3.68
"ZAF","South Africa","Solar","2022",10.46
"ZAF","South Africa","Wind","2022",9.7
"ZAF","South Africa","Bioenergy","2023",0.47
"ZAF","South Africa","Coal","2023",192.29
"ZAF","South Africa","Gas","2023",0
"ZAF","South Africa","Hydro","2023",2
"ZAF","South Africa","Nuclear","2023",8.1
"ZAF","South Africa","Other Fossil","2023",3.68
"ZAF","South Africa","Solar","2023",14.81
"ZAF","South Africa","Wind","2023",11.6
"ZAF","South Africa","Bioenergy","2024",0.47
"ZAF","South Africa","Coal","2024",206.81
"ZAF","South Africa","Gas","2024",0
"ZAF","South Africa","Hydro","2024",1.1
"ZAF","South Africa","Nuclear","2024",7.8
"ZAF","South Africa","Other Fossil","2024",1.94
"ZAF","South Africa","Solar","2024",18.3
"ZAF","South Africa","Wind","2024",11.1
"ZAF","South Africa","Bioenergy","2025",0.47
"ZAF","South Africa","Coal","2025",197.5
"ZAF","South Africa","Gas","2025",0
"ZAF","South Africa","Hydro","2025",1.83
"ZAF","South Africa","Nuclear","2025",10.21
"ZAF","South Africa","Other Fossil","2025",1.95
"ZAF","South Africa","Solar","2025",19.48
"ZAF","South Africa","Wind","2025",11.32
"KOR","South Korea","Bioenergy","2015",7.48
"KOR","South Korea","Coal","2015",232.68
"KOR","South Korea","Gas","2015",122.03
"KOR","South Korea","Hydro","2015",2.15
"KOR","South Korea","Nuclear","2015",164.76
"KOR","South Korea","Other Fossil","2015",13.13
"KOR","South Korea","Solar","2015",4.23
"KOR","South Korea","Wind","2015",1.34
"KOR","South Korea","Bioenergy","2016",8.08
"KOR","South Korea","Coal","2016",232.91
"KOR","South Korea","Gas","2016",130.52
"KOR","South Korea","Hydro","2016",2.85
"KOR","South Korea","Nuclear","2016",161.99
"KOR","South Korea","Other Fossil","2016",17.43
"KOR","South Korea","Solar","2016",5.52
"KOR","South Korea","Wind","2016",1.68
"KOR","South Korea","Bioenergy","2017",9.61
"KOR","South Korea","Coal","2017",260.79
"KOR","South Korea","Gas","2017",135.16
"KOR","South Korea","Hydro","2017",2.81
"KOR","South Korea","Nuclear","2017",148.43
"KOR","South Korea","Other Fossil","2017",9.7
"KOR","South Korea","Solar","2017",7.74
"KOR","South Korea","Wind","2017",2.17
"KOR","South Korea","Bioenergy","2018",11.81
"KOR","South Korea","Coal","2018",257.67
"KOR","South Korea","Gas","2018",163.28
"KOR","South Korea","Hydro","2018",3.36
"KOR","South Korea","Nuclear","2018",133.51
"KOR","South Korea","Other Fossil","2018",10.65
"KOR","South Korea","Solar","2018",10.17
"KOR","South Korea","Wind","2018",2.46
"KOR","South Korea","Bioenergy","2019",13.35
"KOR","South Korea","Coal","2019",245.04
"KOR","South Korea","Gas","2019",155.41
"KOR","South Korea","Hydro","2019",2.79
"KOR","South Korea","Nuclear","2019",145.91
"KOR","South Korea","Other Fossil","2019",7.43
"KOR","South Korea","Solar","2019",14.19
"KOR","South Korea","Wind","2019",2.68
"KOR","South Korea","Bioenergy","2020",14.03
"KOR","South Korea","Coal","2020",207.97
"KOR","South Korea","Gas","2020",162.54
"KOR","South Korea","Hydro","2020",3.88
"KOR","South Korea","Nuclear","2020",160.18
"KOR","South Korea","Other Fossil","2020",6.02
"KOR","South Korea","Solar","2020",19.34
"KOR","South Korea","Wind","2020",3.15
"KOR","South Korea","Bioenergy","2021",17.15
"KOR","South Korea","Coal","2021",213.32
"KOR","South Korea","Gas","2021",181.23
"KOR","South Korea","Hydro","2021",3.05
"KOR","South Korea","Nuclear","2021",158.01
"KOR","South Korea","Other Fossil","2021",7.1
"KOR","South Korea","Solar","2021",24.72
"KOR","South Korea","Wind","2021",3.18
"KOR","South Korea","Bioenergy","2022",17.85
"KOR","South Korea","Coal","2022",209.22
"KOR","South Korea","Gas","2022",174.71
"KOR","South Korea","Hydro","2022",3.54
"KOR","South Korea","Nuclear","2022",176.05
"KOR","South Korea","Other Fossil","2022",7.12
"KOR","South Korea","Solar","2022",30.73
"KOR","South Korea","Wind","2022",3.37
"KOR","South Korea","Bioenergy","2023",18.72
"KOR","South Korea","Coal","2023",201.34
"KOR","South Korea","Gas","2023",169.61
"KOR","South Korea","Hydro","2023",3.72
"KOR","South Korea","Nuclear","2023",180.49
"KOR","South Korea","Other Fossil","2023",6.98
"KOR","South Korea","Solar","2023",33.24
"KOR","South Korea","Wind","2023",3.39
"KOR","South Korea","Bioenergy","2024",20.34
"KOR","South Korea","Coal","2024",190.78
"KOR","South Korea","Gas","2024",178.35
"KOR","South Korea","Hydro","2024",4.3
"KOR","South Korea","Nuclear","2024",188.75
"KOR","South Korea","Other Fossil","2024",6.78
"KOR","South Korea","Solar","2024",32.72
"KOR","South Korea","Wind","2024",3.36
"KOR","South Korea","Bioenergy","2025",19.69
"KOR","South Korea","Coal","2025",194.53
"KOR","South Korea","Gas","2025",174.58
"KOR","South Korea","Hydro","2025",3.8
"KOR","South Korea","Nuclear","2025",184.67
"KOR","South Korea","Other Fossil","2025",5.95
"KOR","South Korea","Solar","2025",37.8
"KOR","South Korea","Wind","2025",3.64
"SSD","South Sudan","Bioenergy","2015",0
"SSD","South Sudan","Coal","2015",0
"SSD","South Sudan","Gas","2015",0
"SSD","South Sudan","Hydro","2015",0
"SSD","South Sudan","Nuclear","2015",0
"SSD","South Sudan","Other Fossil","2015",0.58
"SSD","South Sudan","Other Renewables","2015",0
"SSD","South Sudan","Solar","2015",0
"SSD","South Sudan","Wind","2015",0
"SSD","South Sudan","Bioenergy","2016",0
"SSD","South Sudan","Coal","2016",0
"SSD","South Sudan","Gas","2016",0
"SSD","South Sudan","Hydro","2016",0
"SSD","South Sudan","Nuclear","2016",0
"SSD","South Sudan","Other Fossil","2016",0.52
"SSD","South Sudan","Other Renewables","2016",0
"SSD","South Sudan","Solar","2016",0
"SSD","South Sudan","Wind","2016",0
"SSD","South Sudan","Bioenergy","2017",0
"SSD","South Sudan","Coal","2017",0
"SSD","South Sudan","Gas","2017",0
"SSD","South Sudan","Hydro","2017",0
"SSD","South Sudan","Nuclear","2017",0
"SSD","South Sudan","Other Fossil","2017",0.54
"SSD","South Sudan","Other Renewables","2017",0
"SSD","South Sudan","Solar","2017",0
"SSD","South Sudan","Wind","2017",0
"SSD","South Sudan","Bioenergy","2018",0
"SSD","South Sudan","Coal","2018",0
"SSD","South Sudan","Gas","2018",0
"SSD","South Sudan","Hydro","2018",0
"SSD","South Sudan","Nuclear","2018",0
"SSD","South Sudan","Other Fossil","2018",0.54
"SSD","South Sudan","Other Renewables","2018",0
"SSD","South Sudan","Solar","2018",0
"SSD","South Sudan","Wind","2018",0
"SSD","South Sudan","Bioenergy","2019",0
"SSD","South Sudan","Coal","2019",0
"SSD","South Sudan","Gas","2019",0
"SSD","South Sudan","Hydro","2019",0
"SSD","South Sudan","Nuclear","2019",0
"SSD","South Sudan","Other Fossil","2019",0.55
"SSD","South Sudan","Other Renewables","2019",0
"SSD","South Sudan","Solar","2019",0
"SSD","South Sudan","Wind","2019",0
"SSD","South Sudan","Bioenergy","2020",0
"SSD","South Sudan","Coal","2020",0
"SSD","South Sudan","Gas","2020",0
"SSD","South Sudan","Hydro","2020",0
"SSD","South Sudan","Nuclear","2020",0
"SSD","South Sudan","Other Fossil","2020",0.55
"SSD","South Sudan","Other Renewables","2020",0
"SSD","South Sudan","Solar","2020",0.01
"SSD","South Sudan","Wind","2020",0
"SSD","South Sudan","Bioenergy","2021",0
"SSD","South Sudan","Coal","2021",0
"SSD","South Sudan","Gas","2021",0
"SSD","South Sudan","Hydro","2021",0
"SSD","South Sudan","Nuclear","2021",0
"SSD","South Sudan","Other Fossil","2021",0.56
"SSD","South Sudan","Other Renewables","2021",0
"SSD","South Sudan","Solar","2021",0.01
"SSD","South Sudan","Wind","2021",0
"SSD","South Sudan","Bioenergy","2022",0
"SSD","South Sudan","Coal","2022",0
"SSD","South Sudan","Gas","2022",0
"SSD","South Sudan","Hydro","2022",0
"SSD","South Sudan","Nuclear","2022",0
"SSD","South Sudan","Other Fossil","2022",0.5
"SSD","South Sudan","Other Renewables","2022",0
"SSD","South Sudan","Solar","2022",0.01
"SSD","South Sudan","Wind","2022",0
"SSD","South Sudan","Bioenergy","2023",0
"SSD","South Sudan","Coal","2023",0
"SSD","South Sudan","Gas","2023",0
"SSD","South Sudan","Hydro","2023",0
"SSD","South Sudan","Nuclear","2023",0
"SSD","South Sudan","Other Fossil","2023",0.55
"SSD","South Sudan","Other Renewables","2023",0
"SSD","South Sudan","Solar","2023",0.01
"SSD","South Sudan","Wind","2023",0
"SSD","South Sudan","Bioenergy","2024",0
"SSD","South Sudan","Coal","2024",0
"SSD","South Sudan","Gas","2024",0
"SSD","South Sudan","Hydro","2024",0
"SSD","South Sudan","Nuclear","2024",0
"SSD","South Sudan","Other Fossil","2024",0.55
"SSD","South Sudan","Other Renewables","2024",0
"SSD","South Sudan","Solar","2024",0.01
"SSD","South Sudan","Wind","2024",0
"ESP","Spain","Bioenergy","2015",5.76
"ESP","Spain","Coal","2015",51.37
"ESP","Spain","Gas","2015",52.5
"ESP","Spain","Hydro","2015",28.14
"ESP","Spain","Nuclear","2015",57.2
"ESP","Spain","Other Fossil","2015",19.02
"ESP","Spain","Other Renewables","2015",0
"ESP","Spain","Solar","2015",13.86
"ESP","Spain","Wind","2015",49.32
"ESP","Spain","Bioenergy","2016",5.69
"ESP","Spain","Coal","2016",36.43
"ESP","Spain","Gas","2016",52.83
"ESP","Spain","Hydro","2016",36.4
"ESP","Spain","Nuclear","2016",58.63
"ESP","Spain","Other Fossil","2016",18.18
"ESP","Spain","Other Renewables","2016",0
"ESP","Spain","Solar","2016",13.64
"ESP","Spain","Wind","2016",48.9
"ESP","Spain","Bioenergy","2017",6.08
"ESP","Spain","Coal","2017",45.13
"ESP","Spain","Gas","2017",64.04
"ESP","Spain","Hydro","2017",18.32
"ESP","Spain","Nuclear","2017",58.04
"ESP","Spain","Other Fossil","2017",17.24
"ESP","Spain","Other Renewables","2017",0
"ESP","Spain","Solar","2017",14.4
"ESP","Spain","Wind","2017",49.13
"ESP","Spain","Bioenergy","2018",5.91
"ESP","Spain","Coal","2018",37.34
"ESP","Spain","Gas","2018",58
"ESP","Spain","Hydro","2018",34.33
"ESP","Spain","Nuclear","2018",55.77
"ESP","Spain","Other Fossil","2018",16.42
"ESP","Spain","Other Renewables","2018",0
"ESP","Spain","Solar","2018",12.74
"ESP","Spain","Wind","2018",50.89
"ESP","Spain","Bioenergy","2019",5.57
"ESP","Spain","Coal","2019",12.86
"ESP","Spain","Gas","2019",83.71
"ESP","Spain","Hydro","2019",24.65
"ESP","Spain","Nuclear","2019",58.35
"ESP","Spain","Other Fossil","2019",14.61
"ESP","Spain","Other Renewables","2019",0.02
"ESP","Spain","Solar","2019",15.1
"ESP","Spain","Wind","2019",55.65
"ESP","Spain","Bioenergy","2020",6.14
"ESP","Spain","Coal","2020",5.52
"ESP","Spain","Gas","2020",69.74
"ESP","Spain","Hydro","2020",30.51
"ESP","Spain","Nuclear","2020",58.3
"ESP","Spain","Other Fossil","2020",12.12
"ESP","Spain","Other Renewables","2020",0.03
"ESP","Spain","Solar","2020",20.67
"ESP","Spain","Wind","2020",56.44
"ESP","Spain","Bioenergy","2021",6.94
"ESP","Spain","Coal","2021",4.86
"ESP","Spain","Gas","2021",71.5
"ESP","Spain","Hydro","2021",29.63
"ESP","Spain","Nuclear","2021",56.56
"ESP","Spain","Other Fossil","2021",12.08
"ESP","Spain","Other Renewables","2021",0.02
"ESP","Spain","Solar","2021",27.1
"ESP","Spain","Wind","2021",62.06
"ESP","Spain","Bioenergy","2022",6.8
"ESP","Spain","Coal","2022",7.86
"ESP","Spain","Gas","2022",86.1
"ESP","Spain","Hydro","2022",17.59
"ESP","Spain","Nuclear","2022",58.59
"ESP","Spain","Other Fossil","2022",11.69
"ESP","Spain","Other Renewables","2022",0.02
"ESP","Spain","Solar","2022",35.72
"ESP","Spain","Wind","2022",62.78
"ESP","Spain","Bioenergy","2023",5.9
"ESP","Spain","Coal","2023",3.62
"ESP","Spain","Gas","2023",64.36
"ESP","Spain","Hydro","2023",25
"ESP","Spain","Nuclear","2023",56.87
"ESP","Spain","Other Fossil","2023",10.48
"ESP","Spain","Other Renewables","2023",0.01
"ESP","Spain","Solar","2023",48.59
"ESP","Spain","Wind","2023",64.28
"ESP","Spain","Bioenergy","2024",6.17
"ESP","Spain","Coal","2024",2.58
"ESP","Spain","Gas","2024",52.34
"ESP","Spain","Hydro","2024",34.41
"ESP","Spain","Nuclear","2024",54.53
"ESP","Spain","Other Fossil","2024",10.41
"ESP","Spain","Other Renewables","2024",0.01
"ESP","Spain","Solar","2024",58.29
"ESP","Spain","Wind","2024",62.2
"ESP","Spain","Bioenergy","2025",6.41
"ESP","Spain","Coal","2025",0.92
"ESP","Spain","Gas","2025",62.06
"ESP","Spain","Hydro","2025",32.77
"ESP","Spain","Nuclear","2025",54.1
"ESP","Spain","Other Fossil","2025",10.03
"ESP","Spain","Other Renewables","2025",0
"ESP","Spain","Solar","2025",62.92
"ESP","Spain","Wind","2025",58.76
"LKA","Sri Lanka","Bioenergy","2015",0.06
"LKA","Sri Lanka","Coal","2015",4.46
"LKA","Sri Lanka","Hydro","2015",6
"LKA","Sri Lanka","Other Fossil","2015",2.31
"LKA","Sri Lanka","Solar","2015",0.04
"LKA","Sri Lanka","Wind","2015",0.34
"LKA","Sri Lanka","Bioenergy","2016",0.07
"LKA","Sri Lanka","Coal","2016",5.07
"LKA","Sri Lanka","Hydro","2016",4.25
"LKA","Sri Lanka","Other Fossil","2016",4.52
"LKA","Sri Lanka","Solar","2016",0.05
"LKA","Sri Lanka","Wind","2016",0.35
"LKA","Sri Lanka","Bioenergy","2017",0.07
"LKA","Sri Lanka","Coal","2017",5.12
"LKA","Sri Lanka","Hydro","2017",4.03
"LKA","Sri Lanka","Other Fossil","2017",5.15
"LKA","Sri Lanka","Solar","2017",0.15
"LKA","Sri Lanka","Wind","2017",0.37
"LKA","Sri Lanka","Bioenergy","2018",0.09
"LKA","Sri Lanka","Coal","2018",5.3
"LKA","Sri Lanka","Hydro","2018",6.41
"LKA","Sri Lanka","Other Fossil","2018",3.72
"LKA","Sri Lanka","Solar","2018",0.22
"LKA","Sri Lanka","Wind","2018",0.33
"LKA","Sri Lanka","Bioenergy","2019",0.12
"LKA","Sri Lanka","Coal","2019",5.92
"LKA","Sri Lanka","Hydro","2019",4.82
"LKA","Sri Lanka","Other Fossil","2019",5.12
"LKA","Sri Lanka","Solar","2019",0.34
"LKA","Sri Lanka","Wind","2019",0.35
"LKA","Sri Lanka","Bioenergy","2020",0.1
"LKA","Sri Lanka","Coal","2020",6.36
"LKA","Sri Lanka","Hydro","2020",4.98
"LKA","Sri Lanka","Other Fossil","2020",4.27
"LKA","Sri Lanka","Other Renewables","2020",0
"LKA","Sri Lanka","Solar","2020",0.46
"LKA","Sri Lanka","Wind","2020",0.33
"LKA","Sri Lanka","Bioenergy","2021",0.09
"LKA","Sri Lanka","Coal","2021",6.11
"LKA","Sri Lanka","Hydro","2021",7.23
"LKA","Sri Lanka","Other Fossil","2021",2.75
"LKA","Sri Lanka","Other Renewables","2021",0.04
"LKA","Sri Lanka","Solar","2021",0.64
"LKA","Sri Lanka","Wind","2021",0.65
"LKA","Sri Lanka","Bioenergy","2022",0.05
"LKA","Sri Lanka","Coal","2022",5.73
"LKA","Sri Lanka","Hydro","2022",6.77
"LKA","Sri Lanka","Other Fossil","2022",2.59
"LKA","Sri Lanka","Other Renewables","2022",0.03
"LKA","Sri Lanka","Solar","2022",0.84
"LKA","Sri Lanka","Wind","2022",0.74
"LKA","Sri Lanka","Bioenergy","2023",0.12
"LKA","Sri Lanka","Coal","2023",5.15
"LKA","Sri Lanka","Hydro","2023",5.98
"LKA","Sri Lanka","Other Fossil","2023",3.28
"LKA","Sri Lanka","Other Renewables","2023",0.04
"LKA","Sri Lanka","Solar","2023",1
"LKA","Sri Lanka","Wind","2023",0.82
"LKA","Sri Lanka","Bioenergy","2024",0.2
"LKA","Sri Lanka","Coal","2024",5.56
"LKA","Sri Lanka","Hydro","2024",7.01
"LKA","Sri Lanka","Other Fossil","2024",2.01
"LKA","Sri Lanka","Other Renewables","2024",0.04
"LKA","Sri Lanka","Solar","2024",1.37
"LKA","Sri Lanka","Wind","2024",0.87
"LKA","Sri Lanka","Bioenergy","2025",0.23
"LKA","Sri Lanka","Coal","2025",4.62
"LKA","Sri Lanka","Hydro","2025",6.59
"LKA","Sri Lanka","Other Fossil","2025",1.81
"LKA","Sri Lanka","Other Renewables","2025",0.04
"LKA","Sri Lanka","Solar","2025",3.03
"LKA","Sri Lanka","Wind","2025",0.93
"SDN","Sudan (the)","Bioenergy","2015",0.11
"SDN","Sudan (the)","Coal","2015",0
"SDN","Sudan (the)","Gas","2015",0
"SDN","Sudan (the)","Hydro","2015",8.34
"SDN","Sudan (the)","Nuclear","2015",0
"SDN","Sudan (the)","Other Fossil","2015",4.63
"SDN","Sudan (the)","Other Renewables","2015",0
"SDN","Sudan (the)","Solar","2015",0.01
"SDN","Sudan (the)","Wind","2015",0
"SDN","Sudan (the)","Bioenergy","2016",0.12
"SDN","Sudan (the)","Coal","2016",0
"SDN","Sudan (the)","Gas","2016",0
"SDN","Sudan (the)","Hydro","2016",8.05
"SDN","Sudan (the)","Nuclear","2016",0
"SDN","Sudan (the)","Other Fossil","2016",6.38
"SDN","Sudan (the)","Other Renewables","2016",0
"SDN","Sudan (the)","Solar","2016",0.02
"SDN","Sudan (the)","Wind","2016",0
"SDN","Sudan (the)","Bioenergy","2017",0.13
"SDN","Sudan (the)","Coal","2017",0
"SDN","Sudan (the)","Gas","2017",0
"SDN","Sudan (the)","Hydro","2017",9.35
"SDN","Sudan (the)","Nuclear","2017",0
"SDN","Sudan (the)","Other Fossil","2017",6.2
"SDN","Sudan (the)","Other Renewables","2017",0
"SDN","Sudan (the)","Solar","2017",0.02
"SDN","Sudan (the)","Wind","2017",0
"SDN","Sudan (the)","Bioenergy","2018",0.12
"SDN","Sudan (the)","Coal","2018",0
"SDN","Sudan (the)","Gas","2018",0
"SDN","Sudan (the)","Hydro","2018",9.66
"SDN","Sudan (the)","Nuclear","2018",0
"SDN","Sudan (the)","Other Fossil","2018",6.6
"SDN","Sudan (the)","Other Renewables","2018",0
"SDN","Sudan (the)","Solar","2018",0.02
"SDN","Sudan (the)","Wind","2018",0
"SDN","Sudan (the)","Bioenergy","2019",0.11
"SDN","Sudan (the)","Coal","2019",0
"SDN","Sudan (the)","Gas","2019",0
"SDN","Sudan (the)","Hydro","2019",10.21
"SDN","Sudan (the)","Nuclear","2019",0
"SDN","Sudan (the)","Other Fossil","2019",5.88
"SDN","Sudan (the)","Other Renewables","2019",0
"SDN","Sudan (the)","Solar","2019",0.02
"SDN","Sudan (the)","Wind","2019",0
"SDN","Sudan (the)","Bioenergy","2020",0.11
"SDN","Sudan (the)","Coal","2020",0
"SDN","Sudan (the)","Gas","2020",0
"SDN","Sudan (the)","Hydro","2020",11.01
"SDN","Sudan (the)","Nuclear","2020",0
"SDN","Sudan (the)","Other Fossil","2020",6.05
"SDN","Sudan (the)","Other Renewables","2020",0
"SDN","Sudan (the)","Solar","2020",0.03
"SDN","Sudan (the)","Wind","2020",0
"SDN","Sudan (the)","Bioenergy","2021",0.11
"SDN","Sudan (the)","Coal","2021",0
"SDN","Sudan (the)","Gas","2021",0
"SDN","Sudan (the)","Hydro","2021",10.95
"SDN","Sudan (the)","Nuclear","2021",0
"SDN","Sudan (the)","Other Fossil","2021",6.61
"SDN","Sudan (the)","Other Renewables","2021",0
"SDN","Sudan (the)","Solar","2021",0.03
"SDN","Sudan (the)","Wind","2021",0
"SDN","Sudan (the)","Bioenergy","2022",0.11
"SDN","Sudan (the)","Coal","2022",0
"SDN","Sudan (the)","Gas","2022",0
"SDN","Sudan (the)","Hydro","2022",11.8
"SDN","Sudan (the)","Nuclear","2022",0
"SDN","Sudan (the)","Other Fossil","2022",4.74
"SDN","Sudan (the)","Other Renewables","2022",0
"SDN","Sudan (the)","Solar","2022",0.13
"SDN","Sudan (the)","Wind","2022",0
"SDN","Sudan (the)","Bioenergy","2023",0.11
"SDN","Sudan (the)","Coal","2023",0
"SDN","Sudan (the)","Gas","2023",0
"SDN","Sudan (the)","Hydro","2023",11.5
"SDN","Sudan (the)","Nuclear","2023",0
"SDN","Sudan (the)","Other Fossil","2023",2.76
"SDN","Sudan (the)","Other Renewables","2023",0
"SDN","Sudan (the)","Solar","2023",0.14
"SDN","Sudan (the)","Wind","2023",0
"SDN","Sudan (the)","Bioenergy","2024",0.11
"SDN","Sudan (the)","Coal","2024",0
"SDN","Sudan (the)","Gas","2024",0
"SDN","Sudan (the)","Hydro","2024",11.5
"SDN","Sudan (the)","Nuclear","2024",0
"SDN","Sudan (the)","Other Fossil","2024",3
"SDN","Sudan (the)","Other Renewables","2024",0
"SDN","Sudan (the)","Solar","2024",0.16
"SDN","Sudan (the)","Wind","2024",0
"SUR","Suriname","Bioenergy","2015",0.01
"SUR","Suriname","Coal","2015",0
"SUR","Suriname","Gas","2015",0.01
"SUR","Suriname","Hydro","2015",0.47
"SUR","Suriname","Nuclear","2015",0
"SUR","Suriname","Other Fossil","2015",1.36
"SUR","Suriname","Other Renewables","2015",0
"SUR","Suriname","Solar","2015",0.01
"SUR","Suriname","Wind","2015",0
"SUR","Suriname","Bioenergy","2016",0.01
"SUR","Suriname","Coal","2016",0
"SUR","Suriname","Gas","2016",0.01
"SUR","Suriname","Hydro","2016",0.78
"SUR","Suriname","Nuclear","2016",0
"SUR","Suriname","Other Fossil","2016",1.01
"SUR","Suriname","Other Renewables","2016",0
"SUR","Suriname","Solar","2016",0.01
"SUR","Suriname","Wind","2016",0
"SUR","Suriname","Bioenergy","2017",0.01
"SUR","Suriname","Coal","2017",0
"SUR","Suriname","Gas","2017",0.01
"SUR","Suriname","Hydro","2017",0.92
"SUR","Suriname","Nuclear","2017",0
"SUR","Suriname","Other Fossil","2017",0.86
"SUR","Suriname","Other Renewables","2017",0
"SUR","Suriname","Solar","2017",0.01
"SUR","Suriname","Wind","2017",0
"SUR","Suriname","Bioenergy","2018",0.01
"SUR","Suriname","Coal","2018",0
"SUR","Suriname","Gas","2018",0.02
"SUR","Suriname","Hydro","2018",0.99
"SUR","Suriname","Nuclear","2018",0
"SUR","Suriname","Other Fossil","2018",0.87
"SUR","Suriname","Other Renewables","2018",0
"SUR","Suriname","Solar","2018",0.01
"SUR","Suriname","Wind","2018",0
"SUR","Suriname","Bioenergy","2019",0.01
"SUR","Suriname","Coal","2019",0
"SUR","Suriname","Gas","2019",0.02
"SUR","Suriname","Hydro","2019",0.95
"SUR","Suriname","Nuclear","2019",0
"SUR","Suriname","Other Fossil","2019",1.05
"SUR","Suriname","Other Renewables","2019",0
"SUR","Suriname","Solar","2019",0.01
"SUR","Suriname","Wind","2019",0
"SUR","Suriname","Bioenergy","2020",0.01
"SUR","Suriname","Coal","2020",0
"SUR","Suriname","Gas","2020",0.02
"SUR","Suriname","Hydro","2020",0.97
"SUR","Suriname","Nuclear","2020",0
"SUR","Suriname","Other Fossil","2020",1.04
"SUR","Suriname","Other Renewables","2020",0
"SUR","Suriname","Solar","2020",0.01
"SUR","Suriname","Wind","2020",0
"SUR","Suriname","Bioenergy","2021",0.01
"SUR","Suriname","Coal","2021",0
"SUR","Suriname","Gas","2021",0.02
"SUR","Suriname","Hydro","2021",0.99
"SUR","Suriname","Nuclear","2021",0
"SUR","Suriname","Other Fossil","2021",1.06
"SUR","Suriname","Other Renewables","2021",0
"SUR","Suriname","Solar","2021",0.01
"SUR","Suriname","Wind","2021",0
"SUR","Suriname","Bioenergy","2022",0.01
"SUR","Suriname","Coal","2022",0
"SUR","Suriname","Gas","2022",0.02
"SUR","Suriname","Hydro","2022",0.92
"SUR","Suriname","Nuclear","2022",0
"SUR","Suriname","Other Fossil","2022",1.15
"SUR","Suriname","Other Renewables","2022",0
"SUR","Suriname","Solar","2022",0.01
"SUR","Suriname","Wind","2022",0
"SUR","Suriname","Bioenergy","2023",0.01
"SUR","Suriname","Coal","2023",0
"SUR","Suriname","Gas","2023",0.02
"SUR","Suriname","Hydro","2023",0.9
"SUR","Suriname","Nuclear","2023",0
"SUR","Suriname","Other Fossil","2023",0.79
"SUR","Suriname","Other Renewables","2023",0
"SUR","Suriname","Solar","2023",0.01
"SUR","Suriname","Wind","2023",0
"SUR","Suriname","Bioenergy","2024",0.01
"SUR","Suriname","Coal","2024",0
"SUR","Suriname","Gas","2024",0.02
"SUR","Suriname","Hydro","2024",0.9
"SUR","Suriname","Nuclear","2024",0
"SUR","Suriname","Other Fossil","2024",0.8
"SUR","Suriname","Other Renewables","2024",0
"SUR","Suriname","Solar","2024",0.01
"SUR","Suriname","Wind","2024",0
"SWE","Sweden","Bioenergy","2015",10.77
"SWE","Sweden","Coal","2015",0.39
"SWE","Sweden","Gas","2015",0.45
"SWE","Sweden","Hydro","2015",75.31
"SWE","Sweden","Nuclear","2015",56.35
"SWE","Sweden","Other Fossil","2015",2.31
"SWE","Sweden","Other Renewables","2015",0
"SWE","Sweden","Solar","2015",0.1
"SWE","Sweden","Wind","2015",16.32
"SWE","Sweden","Bioenergy","2016",11.49
"SWE","Sweden","Coal","2016",0.26
"SWE","Sweden","Gas","2016",0.68
"SWE","Sweden","Hydro","2016",62.02
"SWE","Sweden","Nuclear","2016",63.1
"SWE","Sweden","Other Fossil","2016",2.72
"SWE","Sweden","Other Renewables","2016",0
"SWE","Sweden","Solar","2016",0.14
"SWE","Sweden","Wind","2016",15.48
"SWE","Sweden","Bioenergy","2017",12.08
"SWE","Sweden","Coal","2017",0.32
"SWE","Sweden","Gas","2017",0.33
"SWE","Sweden","Hydro","2017",65.14
"SWE","Sweden","Nuclear","2017",65.7
"SWE","Sweden","Other Fossil","2017",2.82
"SWE","Sweden","Other Renewables","2017",0
"SWE","Sweden","Solar","2017",0.23
"SWE","Sweden","Wind","2017",17.61
"SWE","Sweden","Bioenergy","2018",11.91
"SWE","Sweden","Coal","2018",0.34
"SWE","Sweden","Gas","2018",0.38
"SWE","Sweden","Hydro","2018",62.21
"SWE","Sweden","Nuclear","2018",68.55
"SWE","Sweden","Other Fossil","2018",2.94
"SWE","Sweden","Other Renewables","2018",0
"SWE","Sweden","Solar","2018",0.41
"SWE","Sweden","Wind","2018",16.62
"SWE","Sweden","Bioenergy","2019",13.04
"SWE","Sweden","Coal","2019",0.21
"SWE","Sweden","Gas","2019",0.29
"SWE","Sweden","Hydro","2019",65.37
"SWE","Sweden","Nuclear","2019",66.13
"SWE","Sweden","Other Fossil","2019",2.85
"SWE","Sweden","Other Renewables","2019",0
"SWE","Sweden","Solar","2019",0.68
"SWE","Sweden","Wind","2019",19.85
"SWE","Sweden","Bioenergy","2020",11.18
"SWE","Sweden","Coal","2020",0
"SWE","Sweden","Gas","2020",0.1
"SWE","Sweden","Hydro","2020",72.39
"SWE","Sweden","Nuclear","2020",49.2
"SWE","Sweden","Other Fossil","2020",2.34
"SWE","Sweden","Other Renewables","2020",0
"SWE","Sweden","Solar","2020",1.05
"SWE","Sweden","Wind","2020",27.52
"SWE","Sweden","Bioenergy","2021",13.08
"SWE","Sweden","Coal","2021",0
"SWE","Sweden","Gas","2021",0.29
"SWE","Sweden","Hydro","2021",73.89
"SWE","Sweden","Nuclear","2021",52.97
"SWE","Sweden","Other Fossil","2021",2.77
"SWE","Sweden","Other Renewables","2021",0
"SWE","Sweden","Solar","2021",1.53
"SWE","Sweden","Wind","2021",27.25
"SWE","Sweden","Bioenergy","2022",13.13
"SWE","Sweden","Coal","2022",0
"SWE","Sweden","Gas","2022",0.15
"SWE","Sweden","Hydro","2022",69.87
"SWE","Sweden","Nuclear","2022",51.94
"SWE","Sweden","Other Fossil","2022",2.73
"SWE","Sweden","Other Renewables","2022",0
"SWE","Sweden","Solar","2022",1.98
"SWE","Sweden","Wind","2022",33.25
"SWE","Sweden","Bioenergy","2023",11.7
"SWE","Sweden","Coal","2023",0
"SWE","Sweden","Gas","2023",0.16
"SWE","Sweden","Hydro","2023",66.19
"SWE","Sweden","Nuclear","2023",48.47
"SWE","Sweden","Other Fossil","2023",2.17
"SWE","Sweden","Other Renewables","2023",0
"SWE","Sweden","Solar","2023",3.11
"SWE","Sweden","Wind","2023",34.25
"SWE","Sweden","Bioenergy","2024",10.18
"SWE","Sweden","Coal","2024",0
"SWE","Sweden","Gas","2024",0.11
"SWE","Sweden","Hydro","2024",64.61
"SWE","Sweden","Nuclear","2024",50.67
"SWE","Sweden","Other Fossil","2024",1.97
"SWE","Sweden","Other Renewables","2024",0
"SWE","Sweden","Solar","2024",4.16
"SWE","Sweden","Wind","2024",40.45
"SWE","Sweden","Bioenergy","2025",9.96
"SWE","Sweden","Coal","2025",0
"SWE","Sweden","Gas","2025",0.11
"SWE","Sweden","Hydro","2025",68.24
"SWE","Sweden","Nuclear","2025",46.67
"SWE","Sweden","Other Fossil","2025",1.97
"SWE","Sweden","Other Renewables","2025",0
"SWE","Sweden","Solar","2025",4.43
"SWE","Sweden","Wind","2025",38.9
"CHE","Switzerland","Bioenergy","2015",0.52
"CHE","Switzerland","Gas","2015",0.63
"CHE","Switzerland","Hydro","2015",38.26
"CHE","Switzerland","Nuclear","2015",23.09
"CHE","Switzerland","Other Fossil","2015",1.23
"CHE","Switzerland","Other Renewables","2015",1.11
"CHE","Switzerland","Solar","2015",1.12
"CHE","Switzerland","Wind","2015",0.11
"CHE","Switzerland","Bioenergy","2016",0.58
"CHE","Switzerland","Gas","2016",0.86
"CHE","Switzerland","Hydro","2016",34.62
"CHE","Switzerland","Nuclear","2016",21.15
"CHE","Switzerland","Other Fossil","2016",1.28
"CHE","Switzerland","Other Renewables","2016",1.17
"CHE","Switzerland","Solar","2016",1.33
"CHE","Switzerland","Wind","2016",0.11
"CHE","Switzerland","Bioenergy","2017",0.69
"CHE","Switzerland","Gas","2017",0.72
"CHE","Switzerland","Hydro","2017",34.09
"CHE","Switzerland","Nuclear","2017",20.38
"CHE","Switzerland","Other Fossil","2017",1.29
"CHE","Switzerland","Other Renewables","2017",1.17
"CHE","Switzerland","Solar","2017",1.68
"CHE","Switzerland","Wind","2017",0.13
"CHE","Switzerland","Bioenergy","2018",0.67
"CHE","Switzerland","Gas","2018",0.62
"CHE","Switzerland","Hydro","2018",34.98
"CHE","Switzerland","Nuclear","2018",25.51
"CHE","Switzerland","Other Fossil","2018",1.28
"CHE","Switzerland","Other Renewables","2018",1.16
"CHE","Switzerland","Solar","2018",1.95
"CHE","Switzerland","Wind","2018",0.12
"CHE","Switzerland","Bioenergy","2019",0.71
"CHE","Switzerland","Gas","2019",0.61
"CHE","Switzerland","Hydro","2019",38.04
"CHE","Switzerland","Nuclear","2019",26.42
"CHE","Switzerland","Other Fossil","2019",1.29
"CHE","Switzerland","Other Renewables","2019",1.17
"CHE","Switzerland","Solar","2019",2.18
"CHE","Switzerland","Wind","2019",0.15
"CHE","Switzerland","Bioenergy","2020",0.81
"CHE","Switzerland","Gas","2020",0.62
"CHE","Switzerland","Hydro","2020",37.87
"CHE","Switzerland","Nuclear","2020",24.02
"CHE","Switzerland","Other Fossil","2020",1.25
"CHE","Switzerland","Other Renewables","2020",1.18
"CHE","Switzerland","Solar","2020",2.6
"CHE","Switzerland","Wind","2020",0.15
"CHE","Switzerland","Bioenergy","2021",0.96
"CHE","Switzerland","Gas","2021",0.5
"CHE","Switzerland","Hydro","2021",36.96
"CHE","Switzerland","Nuclear","2021",19.36
"CHE","Switzerland","Other Fossil","2021",1.22
"CHE","Switzerland","Other Renewables","2021",1.11
"CHE","Switzerland","Solar","2021",2.84
"CHE","Switzerland","Wind","2021",0.14
"CHE","Switzerland","Bioenergy","2022",0.99
"CHE","Switzerland","Gas","2022",0.37
"CHE","Switzerland","Hydro","2022",29.9
"CHE","Switzerland","Nuclear","2022",24.15
"CHE","Switzerland","Other Fossil","2022",1.21
"CHE","Switzerland","Other Renewables","2022",1.09
"CHE","Switzerland","Solar","2022",3.86
"CHE","Switzerland","Wind","2022",0.15
"CHE","Switzerland","Bioenergy","2023",1.04
"CHE","Switzerland","Gas","2023",0.27
"CHE","Switzerland","Hydro","2023",37.39
"CHE","Switzerland","Nuclear","2023",24.38
"CHE","Switzerland","Other Fossil","2023",1.16
"CHE","Switzerland","Other Renewables","2023",1.04
"CHE","Switzerland","Solar","2023",4.62
"CHE","Switzerland","Wind","2023",0.17
"CHE","Switzerland","Bioenergy","2024",1.04
"CHE","Switzerland","Gas","2024",0.27
"CHE","Switzerland","Hydro","2024",44.94
"CHE","Switzerland","Nuclear","2024",24.02
"CHE","Switzerland","Other Fossil","2024",1.22
"CHE","Switzerland","Other Renewables","2024",1.04
"CHE","Switzerland","Solar","2024",5.66
"CHE","Switzerland","Wind","2024",0.18
"CHE","Switzerland","Bioenergy","2025",1.04
"CHE","Switzerland","Gas","2025",0.27
"CHE","Switzerland","Hydro","2025",33.99
"CHE","Switzerland","Nuclear","2025",19.42
"CHE","Switzerland","Other Fossil","2025",1.23
"CHE","Switzerland","Other Renewables","2025",1.04
"CHE","Switzerland","Solar","2025",7.89
"CHE","Switzerland","Wind","2025",0.14
"SYR","Syrian Arab Republic (the)","Bioenergy","2015",0.03
"SYR","Syrian Arab Republic (the)","Coal","2015",0
"SYR","Syrian Arab Republic (the)","Gas","2015",12.27
"SYR","Syrian Arab Republic (the)","Hydro","2015",0.41
"SYR","Syrian Arab Republic (the)","Nuclear","2015",0
"SYR","Syrian Arab Republic (the)","Other Fossil","2015",5.3
"SYR","Syrian Arab Republic (the)","Other Renewables","2015",0
"SYR","Syrian Arab Republic (the)","Solar","2015",0
"SYR","Syrian Arab Republic (the)","Wind","2015",0
"SYR","Syrian Arab Republic (the)","Bioenergy","2016",0.03
"SYR","Syrian Arab Republic (the)","Coal","2016",0
"SYR","Syrian Arab Republic (the)","Gas","2016",10.7
"SYR","Syrian Arab Republic (the)","Hydro","2016",0.93
"SYR","Syrian Arab Republic (the)","Nuclear","2016",0
"SYR","Syrian Arab Republic (the)","Other Fossil","2016",6.51
"SYR","Syrian Arab Republic (the)","Other Renewables","2016",0
"SYR","Syrian Arab Republic (the)","Solar","2016",0
"SYR","Syrian Arab Republic (the)","Wind","2016",0
"SYR","Syrian Arab Republic (the)","Bioenergy","2017",0.03
"SYR","Syrian Arab Republic (the)","Coal","2017",0
"SYR","Syrian Arab Republic (the)","Gas","2017",10.56
"SYR","Syrian Arab Republic (the)","Hydro","2017",0.75
"SYR","Syrian Arab Republic (the)","Nuclear","2017",0
"SYR","Syrian Arab Republic (the)","Other Fossil","2017",7.1
"SYR","Syrian Arab Republic (the)","Other Renewables","2017",0
"SYR","Syrian Arab Republic (the)","Solar","2017",0
"SYR","Syrian Arab Republic (the)","Wind","2017",0
"SYR","Syrian Arab Republic (the)","Bioenergy","2018",0.03
"SYR","Syrian Arab Republic (the)","Coal","2018",0
"SYR","Syrian Arab Republic (the)","Gas","2018",10.5
"SYR","Syrian Arab Republic (the)","Hydro","2018",0.75
"SYR","Syrian Arab Republic (the)","Nuclear","2018",0
"SYR","Syrian Arab Republic (the)","Other Fossil","2018",11.04
"SYR","Syrian Arab Republic (the)","Other Renewables","2018",0
"SYR","Syrian Arab Republic (the)","Solar","2018",0
"SYR","Syrian Arab Republic (the)","Wind","2018",0
"SYR","Syrian Arab Republic (the)","Bioenergy","2019",0.03
"SYR","Syrian Arab Republic (the)","Coal","2019",0
"SYR","Syrian Arab Republic (the)","Gas","2019",10.07
"SYR","Syrian Arab Republic (the)","Hydro","2019",0.75
"SYR","Syrian Arab Republic (the)","Nuclear","2019",0
"SYR","Syrian Arab Republic (the)","Other Fossil","2019",11.47
"SYR","Syrian Arab Republic (the)","Other Renewables","2019",0
"SYR","Syrian Arab Republic (the)","Solar","2019",0
"SYR","Syrian Arab Republic (the)","Wind","2019",0
"SYR","Syrian Arab Republic (the)","Bioenergy","2020",0.03
"SYR","Syrian Arab Republic (the)","Coal","2020",0
"SYR","Syrian Arab Republic (the)","Gas","2020",8.85
"SYR","Syrian Arab Republic (the)","Hydro","2020",0.75
"SYR","Syrian Arab Republic (the)","Nuclear","2020",0
"SYR","Syrian Arab Republic (the)","Other Fossil","2020",11.38
"SYR","Syrian Arab Republic (the)","Other Renewables","2020",0
"SYR","Syrian Arab Republic (the)","Solar","2020",0.02
"SYR","Syrian Arab Republic (the)","Wind","2020",0
"SYR","Syrian Arab Republic (the)","Bioenergy","2021",0.03
"SYR","Syrian Arab Republic (the)","Coal","2021",0
"SYR","Syrian Arab Republic (the)","Gas","2021",9.42
"SYR","Syrian Arab Republic (the)","Hydro","2021",0.75
"SYR","Syrian Arab Republic (the)","Nuclear","2021",0
"SYR","Syrian Arab Republic (the)","Other Fossil","2021",11.45
"SYR","Syrian Arab Republic (the)","Other Renewables","2021",0
"SYR","Syrian Arab Republic (the)","Solar","2021",0.06
"SYR","Syrian Arab Republic (the)","Wind","2021",0
"SYR","Syrian Arab Republic (the)","Bioenergy","2022",0.03
"SYR","Syrian Arab Republic (the)","Coal","2022",0
"SYR","Syrian Arab Republic (the)","Gas","2022",7.7
"SYR","Syrian Arab Republic (the)","Hydro","2022",0.75
"SYR","Syrian Arab Republic (the)","Nuclear","2022",0
"SYR","Syrian Arab Republic (the)","Other Fossil","2022",11.5
"SYR","Syrian Arab Republic (the)","Other Renewables","2022",0
"SYR","Syrian Arab Republic (the)","Solar","2022",0.1
"SYR","Syrian Arab Republic (the)","Wind","2022",0
"SYR","Syrian Arab Republic (the)","Bioenergy","2023",0.03
"SYR","Syrian Arab Republic (the)","Coal","2023",0
"SYR","Syrian Arab Republic (the)","Gas","2023",12.95
"SYR","Syrian Arab Republic (the)","Hydro","2023",0.75
"SYR","Syrian Arab Republic (the)","Nuclear","2023",0
"SYR","Syrian Arab Republic (the)","Other Fossil","2023",11.19
"SYR","Syrian Arab Republic (the)","Other Renewables","2023",0
"SYR","Syrian Arab Republic (the)","Solar","2023",0.1
"SYR","Syrian Arab Republic (the)","Wind","2023",0
"SYR","Syrian Arab Republic (the)","Bioenergy","2024",0.03
"SYR","Syrian Arab Republic (the)","Coal","2024",0
"SYR","Syrian Arab Republic (the)","Gas","2024",13
"SYR","Syrian Arab Republic (the)","Hydro","2024",0.75
"SYR","Syrian Arab Republic (the)","Nuclear","2024",0
"SYR","Syrian Arab Republic (the)","Other Fossil","2024",11
"SYR","Syrian Arab Republic (the)","Other Renewables","2024",0
"SYR","Syrian Arab Republic (the)","Solar","2024",0.1
"SYR","Syrian Arab Republic (the)","Wind","2024",0
"TWN","Taiwan","Bioenergy","2015",1.94
"TWN","Taiwan","Coal","2015",119.82
"TWN","Taiwan","Gas","2015",80.8
"TWN","Taiwan","Hydro","2015",4.47
"TWN","Taiwan","Nuclear","2015",36.47
"TWN","Taiwan","Other Fossil","2015",12.26
"TWN","Taiwan","Solar","2015",0.85
"TWN","Taiwan","Wind","2015",1.53
"TWN","Taiwan","Bioenergy","2016",1.91
"TWN","Taiwan","Coal","2016",124.02
"TWN","Taiwan","Gas","2016",85.23
"TWN","Taiwan","Hydro","2016",6.56
"TWN","Taiwan","Nuclear","2016",31.66
"TWN","Taiwan","Other Fossil","2016",12.17
"TWN","Taiwan","Solar","2016",1.11
"TWN","Taiwan","Wind","2016",1.46
"TWN","Taiwan","Bioenergy","2017",1.86
"TWN","Taiwan","Coal","2017",130.71
"TWN","Taiwan","Gas","2017",93.41
"TWN","Taiwan","Hydro","2017",5.45
"TWN","Taiwan","Nuclear","2017",22.45
"TWN","Taiwan","Other Fossil","2017",12.99
"TWN","Taiwan","Solar","2017",1.67
"TWN","Taiwan","Wind","2017",1.72
"TWN","Taiwan","Bioenergy","2018",1.97
"TWN","Taiwan","Coal","2018",134.18
"TWN","Taiwan","Gas","2018",94.46
"TWN","Taiwan","Hydro","2018",4.48
"TWN","Taiwan","Nuclear","2018",27.68
"TWN","Taiwan","Other Fossil","2018",8.35
"TWN","Taiwan","Solar","2018",2.7
"TWN","Taiwan","Wind","2018",1.71
"TWN","Taiwan","Bioenergy","2019",1.99
"TWN","Taiwan","Coal","2019",129.24
"TWN","Taiwan","Gas","2019",93.2
"TWN","Taiwan","Hydro","2019",5.54
"TWN","Taiwan","Nuclear","2019",32.32
"TWN","Taiwan","Other Fossil","2019",5.98
"TWN","Taiwan","Solar","2019",4.02
"TWN","Taiwan","Wind","2019",1.89
"TWN","Taiwan","Bioenergy","2020",2
"TWN","Taiwan","Coal","2020",128.61
"TWN","Taiwan","Gas","2020",102.03
"TWN","Taiwan","Hydro","2020",3.02
"TWN","Taiwan","Nuclear","2020",31.44
"TWN","Taiwan","Other Fossil","2020",4.51
"TWN","Taiwan","Solar","2020",6.07
"TWN","Taiwan","Wind","2020",2.31
"TWN","Taiwan","Bioenergy","2021",2.01
"TWN","Taiwan","Coal","2021",131.49
"TWN","Taiwan","Gas","2021",110.59
"TWN","Taiwan","Hydro","2021",3.47
"TWN","Taiwan","Nuclear","2021",27.79
"TWN","Taiwan","Other Fossil","2021",5.44
"TWN","Taiwan","Solar","2021",7.97
"TWN","Taiwan","Wind","2021",2.27
"TWN","Taiwan","Bioenergy","2022",1.99
"TWN","Taiwan","Coal","2022",123.51
"TWN","Taiwan","Gas","2022",114.3
"TWN","Taiwan","Hydro","2022",5.84
"TWN","Taiwan","Nuclear","2022",23.75
"TWN","Taiwan","Other Fossil","2022",4.54
"TWN","Taiwan","Solar","2022",10.68
"TWN","Taiwan","Wind","2022",3.58
"TWN","Taiwan","Bioenergy","2023",2.01
"TWN","Taiwan","Coal","2023",121.6
"TWN","Taiwan","Gas","2023",113.91
"TWN","Taiwan","Hydro","2023",3.96
"TWN","Taiwan","Nuclear","2023",17.8
"TWN","Taiwan","Other Fossil","2023",3.85
"TWN","Taiwan","Solar","2023",12.91
"TWN","Taiwan","Wind","2023",6.24
"TWN","Taiwan","Bioenergy","2024",2.07
"TWN","Taiwan","Coal","2024",115.62
"TWN","Taiwan","Gas","2024",124.99
"TWN","Taiwan","Hydro","2024",4.21
"TWN","Taiwan","Nuclear","2024",12.18
"TWN","Taiwan","Other Fossil","2024",4.26
"TWN","Taiwan","Solar","2024",14.9
"TWN","Taiwan","Wind","2024",10.33
"TWN","Taiwan","Bioenergy","2025",2.11
"TWN","Taiwan","Coal","2025",104.55
"TWN","Taiwan","Gas","2025",140.64
"TWN","Taiwan","Hydro","2025",5.53
"TWN","Taiwan","Nuclear","2025",3.25
"TWN","Taiwan","Other Fossil","2025",4.66
"TWN","Taiwan","Solar","2025",16.14
"TWN","Taiwan","Wind","2025",12
"TJK","Tajikistan","Bioenergy","2015",0
"TJK","Tajikistan","Coal","2015",0.16
"TJK","Tajikistan","Gas","2015",0
"TJK","Tajikistan","Hydro","2015",17
"TJK","Tajikistan","Nuclear","2015",0
"TJK","Tajikistan","Other Fossil","2015",0
"TJK","Tajikistan","Other Renewables","2015",0
"TJK","Tajikistan","Solar","2015",0
"TJK","Tajikistan","Wind","2015",0
"TJK","Tajikistan","Bioenergy","2016",0
"TJK","Tajikistan","Coal","2016",0.61
"TJK","Tajikistan","Gas","2016",0
"TJK","Tajikistan","Hydro","2016",16.63
"TJK","Tajikistan","Nuclear","2016",0
"TJK","Tajikistan","Other Fossil","2016",0
"TJK","Tajikistan","Other Renewables","2016",0
"TJK","Tajikistan","Solar","2016",0
"TJK","Tajikistan","Wind","2016",0
"TJK","Tajikistan","Bioenergy","2017",0
"TJK","Tajikistan","Coal","2017",0.98
"TJK","Tajikistan","Gas","2017",0
"TJK","Tajikistan","Hydro","2017",17.13
"TJK","Tajikistan","Nuclear","2017",0
"TJK","Tajikistan","Other Fossil","2017",0
"TJK","Tajikistan","Other Renewables","2017",0
"TJK","Tajikistan","Solar","2017",0
"TJK","Tajikistan","Wind","2017",0
"TJK","Tajikistan","Bioenergy","2018",0
"TJK","Tajikistan","Coal","2018",1.35
"TJK","Tajikistan","Gas","2018",0
"TJK","Tajikistan","Hydro","2018",18.39
"TJK","Tajikistan","Nuclear","2018",0
"TJK","Tajikistan","Other Fossil","2018",0
"TJK","Tajikistan","Other Renewables","2018",0
"TJK","Tajikistan","Solar","2018",0
"TJK","Tajikistan","Wind","2018",0
"TJK","Tajikistan","Bioenergy","2019",0
"TJK","Tajikistan","Coal","2019",1.48
"TJK","Tajikistan","Gas","2019",0.31
"TJK","Tajikistan","Hydro","2019",19.17
"TJK","Tajikistan","Nuclear","2019",0
"TJK","Tajikistan","Other Fossil","2019",0
"TJK","Tajikistan","Other Renewables","2019",0
"TJK","Tajikistan","Solar","2019",0
"TJK","Tajikistan","Wind","2019",0
"TJK","Tajikistan","Bioenergy","2020",0
"TJK","Tajikistan","Coal","2020",1.66
"TJK","Tajikistan","Gas","2020",0.33
"TJK","Tajikistan","Hydro","2020",18.11
"TJK","Tajikistan","Nuclear","2020",0
"TJK","Tajikistan","Other Fossil","2020",0
"TJK","Tajikistan","Other Renewables","2020",0
"TJK","Tajikistan","Solar","2020",0
"TJK","Tajikistan","Wind","2020",0
"TJK","Tajikistan","Bioenergy","2021",0
"TJK","Tajikistan","Coal","2021",1.75
"TJK","Tajikistan","Gas","2021",0.31
"TJK","Tajikistan","Hydro","2021",18.66
"TJK","Tajikistan","Nuclear","2021",0
"TJK","Tajikistan","Other Fossil","2021",0
"TJK","Tajikistan","Other Renewables","2021",0
"TJK","Tajikistan","Solar","2021",0
"TJK","Tajikistan","Wind","2021",0
"TJK","Tajikistan","Bioenergy","2022",0
"TJK","Tajikistan","Coal","2022",1.28
"TJK","Tajikistan","Gas","2022",0.29
"TJK","Tajikistan","Hydro","2022",19.92
"TJK","Tajikistan","Nuclear","2022",0
"TJK","Tajikistan","Other Fossil","2022",0
"TJK","Tajikistan","Other Renewables","2022",0
"TJK","Tajikistan","Solar","2022",0
"TJK","Tajikistan","Wind","2022",0
"TJK","Tajikistan","Bioenergy","2023",0
"TJK","Tajikistan","Coal","2023",1.01
"TJK","Tajikistan","Gas","2023",0.22
"TJK","Tajikistan","Hydro","2023",20
"TJK","Tajikistan","Nuclear","2023",0
"TJK","Tajikistan","Other Fossil","2023",0
"TJK","Tajikistan","Other Renewables","2023",0
"TJK","Tajikistan","Solar","2023",0
"TJK","Tajikistan","Wind","2023",0
"TJK","Tajikistan","Bioenergy","2024",0
"TJK","Tajikistan","Coal","2024",1
"TJK","Tajikistan","Gas","2024",0.2
"TJK","Tajikistan","Hydro","2024",21
"TJK","Tajikistan","Nuclear","2024",0
"TJK","Tajikistan","Other Fossil","2024",0
"TJK","Tajikistan","Other Renewables","2024",0
"TJK","Tajikistan","Solar","2024",0
"TJK","Tajikistan","Wind","2024",0
"TJK","Tajikistan","Bioenergy","2025",0
"TJK","Tajikistan","Coal","2025",1.12
"TJK","Tajikistan","Gas","2025",0.27
"TJK","Tajikistan","Hydro","2025",22.55
"TJK","Tajikistan","Nuclear","2025",0
"TJK","Tajikistan","Other Fossil","2025",0
"TJK","Tajikistan","Other Renewables","2025",0
"TJK","Tajikistan","Solar","2025",0
"TJK","Tajikistan","Wind","2025",0
"TZA","Tanzania, the United Republic of","Bioenergy","2015",0.06
"TZA","Tanzania, the United Republic of","Coal","2015",0
"TZA","Tanzania, the United Republic of","Gas","2015",2.86
"TZA","Tanzania, the United Republic of","Hydro","2015",2.11
"TZA","Tanzania, the United Republic of","Nuclear","2015",0
"TZA","Tanzania, the United Republic of","Other Fossil","2015",1.48
"TZA","Tanzania, the United Republic of","Other Renewables","2015",0
"TZA","Tanzania, the United Republic of","Solar","2015",0.02
"TZA","Tanzania, the United Republic of","Wind","2015",0
"TZA","Tanzania, the United Republic of","Bioenergy","2016",0.07
"TZA","Tanzania, the United Republic of","Coal","2016",0
"TZA","Tanzania, the United Republic of","Gas","2016",4.1
"TZA","Tanzania, the United Republic of","Hydro","2016",2.37
"TZA","Tanzania, the United Republic of","Nuclear","2016",0
"TZA","Tanzania, the United Republic of","Other Fossil","2016",0.25
"TZA","Tanzania, the United Republic of","Other Renewables","2016",0
"TZA","Tanzania, the United Republic of","Solar","2016",0.03
"TZA","Tanzania, the United Republic of","Wind","2016",0
"TZA","Tanzania, the United Republic of","Bioenergy","2017",0.07
"TZA","Tanzania, the United Republic of","Coal","2017",0
"TZA","Tanzania, the United Republic of","Gas","2017",4.32
"TZA","Tanzania, the United Republic of","Hydro","2017",2.35
"TZA","Tanzania, the United Republic of","Nuclear","2017",0
"TZA","Tanzania, the United Republic of","Other Fossil","2017",0.29
"TZA","Tanzania, the United Republic of","Other Renewables","2017",0
"TZA","Tanzania, the United Republic of","Solar","2017",0.04
"TZA","Tanzania, the United Republic of","Wind","2017",0
"TZA","Tanzania, the United Republic of","Bioenergy","2018",0.06
"TZA","Tanzania, the United Republic of","Coal","2018",0
"TZA","Tanzania, the United Republic of","Gas","2018",4.87
"TZA","Tanzania, the United Republic of","Hydro","2018",2.23
"TZA","Tanzania, the United Republic of","Nuclear","2018",0
"TZA","Tanzania, the United Republic of","Other Fossil","2018",0.12
"TZA","Tanzania, the United Republic of","Other Renewables","2018",0
"TZA","Tanzania, the United Republic of","Solar","2018",0.03
"TZA","Tanzania, the United Republic of","Wind","2018",0
"TZA","Tanzania, the United Republic of","Bioenergy","2019",0.07
"TZA","Tanzania, the United Republic of","Coal","2019",0
"TZA","Tanzania, the United Republic of","Gas","2019",5.11
"TZA","Tanzania, the United Republic of","Hydro","2019",2.48
"TZA","Tanzania, the United Republic of","Nuclear","2019",0
"TZA","Tanzania, the United Republic of","Other Fossil","2019",0.08
"TZA","Tanzania, the United Republic of","Other Renewables","2019",0
"TZA","Tanzania, the United Republic of","Solar","2019",0.03
"TZA","Tanzania, the United Republic of","Wind","2019",0
"TZA","Tanzania, the United Republic of","Bioenergy","2020",0.07
"TZA","Tanzania, the United Republic of","Coal","2020",0
"TZA","Tanzania, the United Republic of","Gas","2020",4.51
"TZA","Tanzania, the United Republic of","Hydro","2020",3.14
"TZA","Tanzania, the United Republic of","Nuclear","2020",0
"TZA","Tanzania, the United Republic of","Other Fossil","2020",0.08
"TZA","Tanzania, the United Republic of","Other Renewables","2020",0
"TZA","Tanzania, the United Republic of","Solar","2020",0.03
"TZA","Tanzania, the United Republic of","Wind","2020",0
"TZA","Tanzania, the United Republic of","Bioenergy","2021",0.07
"TZA","Tanzania, the United Republic of","Coal","2021",0
"TZA","Tanzania, the United Republic of","Gas","2021",5.36
"TZA","Tanzania, the United Republic of","Hydro","2021",3.09
"TZA","Tanzania, the United Republic of","Nuclear","2021",0
"TZA","Tanzania, the United Republic of","Other Fossil","2021",0.1
"TZA","Tanzania, the United Republic of","Other Renewables","2021",0
"TZA","Tanzania, the United Republic of","Solar","2021",0.03
"TZA","Tanzania, the United Republic of","Wind","2021",0
"TZA","Tanzania, the United Republic of","Bioenergy","2022",0.07
"TZA","Tanzania, the United Republic of","Coal","2022",0
"TZA","Tanzania, the United Republic of","Gas","2022",6.68
"TZA","Tanzania, the United Republic of","Hydro","2022",2.82
"TZA","Tanzania, the United Republic of","Nuclear","2022",0
"TZA","Tanzania, the United Republic of","Other Fossil","2022",0.02
"TZA","Tanzania, the United Republic of","Other Renewables","2022",0
"TZA","Tanzania, the United Republic of","Solar","2022",0.03
"TZA","Tanzania, the United Republic of","Wind","2022",0
"TZA","Tanzania, the United Republic of","Bioenergy","2023",0.07
"TZA","Tanzania, the United Republic of","Coal","2023",0
"TZA","Tanzania, the United Republic of","Gas","2023",7.38
"TZA","Tanzania, the United Republic of","Hydro","2023",2.7
"TZA","Tanzania, the United Republic of","Nuclear","2023",0
"TZA","Tanzania, the United Republic of","Other Fossil","2023",0.39
"TZA","Tanzania, the United Republic of","Other Renewables","2023",0
"TZA","Tanzania, the United Republic of","Solar","2023",0.03
"TZA","Tanzania, the United Republic of","Wind","2023",0
"TZA","Tanzania, the United Republic of","Bioenergy","2024",0.07
"TZA","Tanzania, the United Republic of","Coal","2024",0
"TZA","Tanzania, the United Republic of","Gas","2024",5.55
"TZA","Tanzania, the United Republic of","Hydro","2024",2.8
"TZA","Tanzania, the United Republic of","Nuclear","2024",0
"TZA","Tanzania, the United Republic of","Other Fossil","2024",0.38
"TZA","Tanzania, the United Republic of","Other Renewables","2024",0
"TZA","Tanzania, the United Republic of","Solar","2024",0.04
"TZA","Tanzania, the United Republic of","Wind","2024",0
"THA","Thailand","Bioenergy","2015",7.34
"THA","Thailand","Coal","2015",34.58
"THA","Thailand","Gas","2015",128.52
"THA","Thailand","Hydro","2015",3.76
"THA","Thailand","Other Fossil","2015",0.92
"THA","Thailand","Solar","2015",2.38
"THA","Thailand","Wind","2015",0.33
"THA","Thailand","Bioenergy","2016",8.6
"THA","Thailand","Coal","2016",37.11
"THA","Thailand","Gas","2016",126.15
"THA","Thailand","Hydro","2016",3.54
"THA","Thailand","Other Fossil","2016",0.49
"THA","Thailand","Solar","2016",3.55
"THA","Thailand","Wind","2016",0.38
"THA","Thailand","Bioenergy","2017",9.29
"THA","Thailand","Coal","2017",35.73
"THA","Thailand","Gas","2017",121.04
"THA","Thailand","Hydro","2017",4.69
"THA","Thailand","Other Fossil","2017",0.33
"THA","Thailand","Solar","2017",4.54
"THA","Thailand","Wind","2017",1.11
"THA","Thailand","Bioenergy","2018",11.74
"THA","Thailand","Coal","2018",35.8
"THA","Thailand","Gas","2018",116.26
"THA","Thailand","Hydro","2018",7.6
"THA","Thailand","Other Fossil","2018",0.18
"THA","Thailand","Solar","2018",4.54
"THA","Thailand","Wind","2018",1.64
"THA","Thailand","Bioenergy","2019",12.59
"THA","Thailand","Coal","2019",35.83
"THA","Thailand","Gas","2019",121.84
"THA","Thailand","Hydro","2019",6.31
"THA","Thailand","Other Fossil","2019",1.12
"THA","Thailand","Solar","2019",5.15
"THA","Thailand","Wind","2019",3.67
"THA","Thailand","Bioenergy","2020",12.29
"THA","Thailand","Coal","2020",36.82
"THA","Thailand","Gas","2020",113.86
"THA","Thailand","Hydro","2020",4.54
"THA","Thailand","Other Fossil","2020",0.72
"THA","Thailand","Solar","2020",5.03
"THA","Thailand","Wind","2020",3.22
"THA","Thailand","Bioenergy","2021",13.41
"THA","Thailand","Coal","2021",36.06
"THA","Thailand","Gas","2021",113.11
"THA","Thailand","Hydro","2021",4.54
"THA","Thailand","Other Fossil","2021",0.72
"THA","Thailand","Solar","2021",4.99
"THA","Thailand","Wind","2021",3.53
"THA","Thailand","Bioenergy","2022",13.86
"THA","Thailand","Coal","2022",35.52
"THA","Thailand","Gas","2022",114.64
"THA","Thailand","Hydro","2022",6.6
"THA","Thailand","Other Fossil","2022",1.73
"THA","Thailand","Solar","2022",5.03
"THA","Thailand","Wind","2022",2.99
"THA","Thailand","Bioenergy","2023",14.29
"THA","Thailand","Coal","2023",30.43
"THA","Thailand","Gas","2023",129.4
"THA","Thailand","Hydro","2023",6.59
"THA","Thailand","Other Fossil","2023",0.89
"THA","Thailand","Solar","2023",5.14
"THA","Thailand","Wind","2023",3.74
"THA","Thailand","Bioenergy","2024",14.39
"THA","Thailand","Coal","2024",33.26
"THA","Thailand","Gas","2024",136.37
"THA","Thailand","Hydro","2024",6.41
"THA","Thailand","Other Fossil","2024",0.28
"THA","Thailand","Solar","2024",5.43
"THA","Thailand","Wind","2024",3.38
"THA","Thailand","Bioenergy","2025",10.19
"THA","Thailand","Coal","2025",33.56
"THA","Thailand","Gas","2025",123.34
"THA","Thailand","Hydro","2025",7.62
"THA","Thailand","Other Fossil","2025",0.14
"THA","Thailand","Solar","2025",9.98
"THA","Thailand","Wind","2025",3.41
"TLS","Timor-Leste","Bioenergy","2015",0
"TLS","Timor-Leste","Coal","2015",0
"TLS","Timor-Leste","Gas","2015",0
"TLS","Timor-Leste","Hydro","2015",0
"TLS","Timor-Leste","Nuclear","2015",0
"TLS","Timor-Leste","Other Fossil","2015",0.35
"TLS","Timor-Leste","Other Renewables","2015",0
"TLS","Timor-Leste","Solar","2015",0
"TLS","Timor-Leste","Wind","2015",0
"TLS","Timor-Leste","Bioenergy","2016",0
"TLS","Timor-Leste","Coal","2016",0
"TLS","Timor-Leste","Gas","2016",0
"TLS","Timor-Leste","Hydro","2016",0
"TLS","Timor-Leste","Nuclear","2016",0
"TLS","Timor-Leste","Other Fossil","2016",0.41
"TLS","Timor-Leste","Other Renewables","2016",0
"TLS","Timor-Leste","Solar","2016",0
"TLS","Timor-Leste","Wind","2016",0
"TLS","Timor-Leste","Bioenergy","2017",0
"TLS","Timor-Leste","Coal","2017",0
"TLS","Timor-Leste","Gas","2017",0
"TLS","Timor-Leste","Hydro","2017",0
"TLS","Timor-Leste","Nuclear","2017",0
"TLS","Timor-Leste","Other Fossil","2017",0.43
"TLS","Timor-Leste","Other Renewables","2017",0
"TLS","Timor-Leste","Solar","2017",0
"TLS","Timor-Leste","Wind","2017",0
"TLS","Timor-Leste","Bioenergy","2018",0
"TLS","Timor-Leste","Coal","2018",0
"TLS","Timor-Leste","Gas","2018",0
"TLS","Timor-Leste","Hydro","2018",0
"TLS","Timor-Leste","Nuclear","2018",0
"TLS","Timor-Leste","Other Fossil","2018",0.45
"TLS","Timor-Leste","Other Renewables","2018",0
"TLS","Timor-Leste","Solar","2018",0
"TLS","Timor-Leste","Wind","2018",0
"TLS","Timor-Leste","Bioenergy","2019",0
"TLS","Timor-Leste","Coal","2019",0
"TLS","Timor-Leste","Gas","2019",0
"TLS","Timor-Leste","Hydro","2019",0
"TLS","Timor-Leste","Nuclear","2019",0
"TLS","Timor-Leste","Other Fossil","2019",0.52
"TLS","Timor-Leste","Other Renewables","2019",0
"TLS","Timor-Leste","Solar","2019",0
"TLS","Timor-Leste","Wind","2019",0
"TLS","Timor-Leste","Bioenergy","2020",0
"TLS","Timor-Leste","Coal","2020",0
"TLS","Timor-Leste","Gas","2020",0
"TLS","Timor-Leste","Hydro","2020",0
"TLS","Timor-Leste","Nuclear","2020",0
"TLS","Timor-Leste","Other Fossil","2020",0.5
"TLS","Timor-Leste","Other Renewables","2020",0
"TLS","Timor-Leste","Solar","2020",0
"TLS","Timor-Leste","Wind","2020",0
"TLS","Timor-Leste","Bioenergy","2021",0
"TLS","Timor-Leste","Coal","2021",0
"TLS","Timor-Leste","Gas","2021",0
"TLS","Timor-Leste","Hydro","2021",0
"TLS","Timor-Leste","Nuclear","2021",0
"TLS","Timor-Leste","Other Fossil","2021",0.51
"TLS","Timor-Leste","Other Renewables","2021",0
"TLS","Timor-Leste","Solar","2021",0
"TLS","Timor-Leste","Wind","2021",0
"TLS","Timor-Leste","Bioenergy","2022",0
"TLS","Timor-Leste","Coal","2022",0
"TLS","Timor-Leste","Gas","2022",0
"TLS","Timor-Leste","Hydro","2022",0
"TLS","Timor-Leste","Nuclear","2022",0
"TLS","Timor-Leste","Other Fossil","2022",0.51
"TLS","Timor-Leste","Other Renewables","2022",0
"TLS","Timor-Leste","Solar","2022",0
"TLS","Timor-Leste","Wind","2022",0
"TLS","Timor-Leste","Bioenergy","2023",0
"TLS","Timor-Leste","Coal","2023",0
"TLS","Timor-Leste","Gas","2023",0
"TLS","Timor-Leste","Hydro","2023",0
"TLS","Timor-Leste","Nuclear","2023",0
"TLS","Timor-Leste","Other Fossil","2023",0.51
"TLS","Timor-Leste","Other Renewables","2023",0
"TLS","Timor-Leste","Solar","2023",0
"TLS","Timor-Leste","Wind","2023",0
"TLS","Timor-Leste","Bioenergy","2024",0
"TLS","Timor-Leste","Coal","2024",0
"TLS","Timor-Leste","Gas","2024",0
"TLS","Timor-Leste","Hydro","2024",0
"TLS","Timor-Leste","Nuclear","2024",0
"TLS","Timor-Leste","Other Fossil","2024",0.51
"TLS","Timor-Leste","Other Renewables","2024",0
"TLS","Timor-Leste","Solar","2024",0
"TLS","Timor-Leste","Wind","2024",0
"TGO","Togo","Bioenergy","2015",0
"TGO","Togo","Coal","2015",0
"TGO","Togo","Gas","2015",0.18
"TGO","Togo","Hydro","2015",0.06
"TGO","Togo","Nuclear","2015",0
"TGO","Togo","Other Fossil","2015",0.2
"TGO","Togo","Other Renewables","2015",0
"TGO","Togo","Solar","2015",0
"TGO","Togo","Wind","2015",0
"TGO","Togo","Bioenergy","2016",0
"TGO","Togo","Coal","2016",0
"TGO","Togo","Gas","2016",0.03
"TGO","Togo","Hydro","2016",0.2
"TGO","Togo","Nuclear","2016",0
"TGO","Togo","Other Fossil","2016",0.71
"TGO","Togo","Other Renewables","2016",0
"TGO","Togo","Solar","2016",0
"TGO","Togo","Wind","2016",0
"TGO","Togo","Bioenergy","2017",0
"TGO","Togo","Coal","2017",0
"TGO","Togo","Gas","2017",0.13
"TGO","Togo","Hydro","2017",0.21
"TGO","Togo","Nuclear","2017",0
"TGO","Togo","Other Fossil","2017",0.47
"TGO","Togo","Other Renewables","2017",0
"TGO","Togo","Solar","2017",0
"TGO","Togo","Wind","2017",0
"TGO","Togo","Bioenergy","2018",0
"TGO","Togo","Coal","2018",0
"TGO","Togo","Gas","2018",0.21
"TGO","Togo","Hydro","2018",0.2
"TGO","Togo","Nuclear","2018",0
"TGO","Togo","Other Fossil","2018",0.18
"TGO","Togo","Other Renewables","2018",0
"TGO","Togo","Solar","2018",0.01
"TGO","Togo","Wind","2018",0
"TGO","Togo","Bioenergy","2019",0
"TGO","Togo","Coal","2019",0
"TGO","Togo","Gas","2019",0.46
"TGO","Togo","Hydro","2019",0.12
"TGO","Togo","Nuclear","2019",0
"TGO","Togo","Other Fossil","2019",0.02
"TGO","Togo","Other Renewables","2019",0
"TGO","Togo","Solar","2019",0.01
"TGO","Togo","Wind","2019",0
"TGO","Togo","Bioenergy","2020",0
"TGO","Togo","Coal","2020",0
"TGO","Togo","Gas","2020",0.46
"TGO","Togo","Hydro","2020",0.08
"TGO","Togo","Nuclear","2020",0
"TGO","Togo","Other Fossil","2020",0.06
"TGO","Togo","Other Renewables","2020",0
"TGO","Togo","Solar","2020",0.01
"TGO","Togo","Wind","2020",0
"TGO","Togo","Bioenergy","2021",0
"TGO","Togo","Coal","2021",0
"TGO","Togo","Gas","2021",0.48
"TGO","Togo","Hydro","2021",0.09
"TGO","Togo","Nuclear","2021",0
"TGO","Togo","Other Fossil","2021",0.07
"TGO","Togo","Other Renewables","2021",0
"TGO","Togo","Solar","2021",0.07
"TGO","Togo","Wind","2021",0
"TGO","Togo","Bioenergy","2022",0
"TGO","Togo","Coal","2022",0
"TGO","Togo","Gas","2022",0.65
"TGO","Togo","Hydro","2022",0.08
"TGO","Togo","Nuclear","2022",0
"TGO","Togo","Other Fossil","2022",0.07
"TGO","Togo","Other Renewables","2022",0
"TGO","Togo","Solar","2022",0.1
"TGO","Togo","Wind","2022",0
"TGO","Togo","Bioenergy","2023",0
"TGO","Togo","Coal","2023",0
"TGO","Togo","Gas","2023",0.52
"TGO","Togo","Hydro","2023",0.08
"TGO","Togo","Nuclear","2023",0
"TGO","Togo","Other Fossil","2023",0
"TGO","Togo","Other Renewables","2023",0
"TGO","Togo","Solar","2023",0.11
"TGO","Togo","Wind","2023",0
"TGO","Togo","Bioenergy","2024",0
"TGO","Togo","Coal","2024",0
"TGO","Togo","Gas","2024",0.5
"TGO","Togo","Hydro","2024",0.08
"TGO","Togo","Nuclear","2024",0
"TGO","Togo","Other Fossil","2024",0
"TGO","Togo","Other Renewables","2024",0
"TGO","Togo","Solar","2024",0.13
"TGO","Togo","Wind","2024",0
"TON","Tonga","Bioenergy","2015",0
"TON","Tonga","Coal","2015",0
"TON","Tonga","Gas","2015",0
"TON","Tonga","Hydro","2015",0
"TON","Tonga","Nuclear","2015",0
"TON","Tonga","Other Fossil","2015",0.05
"TON","Tonga","Other Renewables","2015",0
"TON","Tonga","Solar","2015",0
"TON","Tonga","Wind","2015",0
"TON","Tonga","Bioenergy","2016",0
"TON","Tonga","Coal","2016",0
"TON","Tonga","Gas","2016",0
"TON","Tonga","Hydro","2016",0
"TON","Tonga","Nuclear","2016",0
"TON","Tonga","Other Fossil","2016",0.06
"TON","Tonga","Other Renewables","2016",0
"TON","Tonga","Solar","2016",0
"TON","Tonga","Wind","2016",0
"TON","Tonga","Bioenergy","2017",0
"TON","Tonga","Coal","2017",0
"TON","Tonga","Gas","2017",0
"TON","Tonga","Hydro","2017",0
"TON","Tonga","Nuclear","2017",0
"TON","Tonga","Other Fossil","2017",0.06
"TON","Tonga","Other Renewables","2017",0
"TON","Tonga","Solar","2017",0.01
"TON","Tonga","Wind","2017",0
"TON","Tonga","Bioenergy","2018",0
"TON","Tonga","Coal","2018",0
"TON","Tonga","Gas","2018",0
"TON","Tonga","Hydro","2018",0
"TON","Tonga","Nuclear","2018",0
"TON","Tonga","Other Fossil","2018",0.06
"TON","Tonga","Other Renewables","2018",0
"TON","Tonga","Solar","2018",0.01
"TON","Tonga","Wind","2018",0
"TON","Tonga","Bioenergy","2019",0
"TON","Tonga","Coal","2019",0
"TON","Tonga","Gas","2019",0
"TON","Tonga","Hydro","2019",0
"TON","Tonga","Nuclear","2019",0
"TON","Tonga","Other Fossil","2019",0.06
"TON","Tonga","Other Renewables","2019",0
"TON","Tonga","Solar","2019",0.01
"TON","Tonga","Wind","2019",0
"TON","Tonga","Bioenergy","2020",0
"TON","Tonga","Coal","2020",0
"TON","Tonga","Gas","2020",0
"TON","Tonga","Hydro","2020",0
"TON","Tonga","Nuclear","2020",0
"TON","Tonga","Other Fossil","2020",0.06
"TON","Tonga","Other Renewables","2020",0
"TON","Tonga","Solar","2020",0.01
"TON","Tonga","Wind","2020",0
"TON","Tonga","Bioenergy","2021",0
"TON","Tonga","Coal","2021",0
"TON","Tonga","Gas","2021",0
"TON","Tonga","Hydro","2021",0
"TON","Tonga","Nuclear","2021",0
"TON","Tonga","Other Fossil","2021",0.06
"TON","Tonga","Other Renewables","2021",0
"TON","Tonga","Solar","2021",0.01
"TON","Tonga","Wind","2021",0
"TON","Tonga","Bioenergy","2022",0
"TON","Tonga","Coal","2022",0
"TON","Tonga","Gas","2022",0
"TON","Tonga","Hydro","2022",0
"TON","Tonga","Nuclear","2022",0
"TON","Tonga","Other Fossil","2022",0.07
"TON","Tonga","Other Renewables","2022",0
"TON","Tonga","Solar","2022",0.01
"TON","Tonga","Wind","2022",0
"TON","Tonga","Bioenergy","2023",0
"TON","Tonga","Coal","2023",0
"TON","Tonga","Gas","2023",0
"TON","Tonga","Hydro","2023",0
"TON","Tonga","Nuclear","2023",0
"TON","Tonga","Other Fossil","2023",0.06
"TON","Tonga","Other Renewables","2023",0
"TON","Tonga","Solar","2023",0.01
"TON","Tonga","Wind","2023",0
"TON","Tonga","Bioenergy","2024",0
"TON","Tonga","Coal","2024",0
"TON","Tonga","Gas","2024",0
"TON","Tonga","Hydro","2024",0
"TON","Tonga","Nuclear","2024",0
"TON","Tonga","Other Fossil","2024",0.06
"TON","Tonga","Other Renewables","2024",0
"TON","Tonga","Solar","2024",0.01
"TON","Tonga","Wind","2024",0
"TTO","Trinidad and Tobago","Bioenergy","2015",0
"TTO","Trinidad and Tobago","Coal","2015",0
"TTO","Trinidad and Tobago","Gas","2015",9.54
"TTO","Trinidad and Tobago","Hydro","2015",0
"TTO","Trinidad and Tobago","Nuclear","2015",0
"TTO","Trinidad and Tobago","Other Fossil","2015",0.02
"TTO","Trinidad and Tobago","Other Renewables","2015",0
"TTO","Trinidad and Tobago","Solar","2015",0.01
"TTO","Trinidad and Tobago","Wind","2015",0
"TTO","Trinidad and Tobago","Bioenergy","2016",0
"TTO","Trinidad and Tobago","Coal","2016",0
"TTO","Trinidad and Tobago","Gas","2016",9.38
"TTO","Trinidad and Tobago","Hydro","2016",0
"TTO","Trinidad and Tobago","Nuclear","2016",0
"TTO","Trinidad and Tobago","Other Fossil","2016",0.03
"TTO","Trinidad and Tobago","Other Renewables","2016",0
"TTO","Trinidad and Tobago","Solar","2016",0.01
"TTO","Trinidad and Tobago","Wind","2016",0
"TTO","Trinidad and Tobago","Bioenergy","2017",0
"TTO","Trinidad and Tobago","Coal","2017",0
"TTO","Trinidad and Tobago","Gas","2017",9.28
"TTO","Trinidad and Tobago","Hydro","2017",0
"TTO","Trinidad and Tobago","Nuclear","2017",0
"TTO","Trinidad and Tobago","Other Fossil","2017",0.03
"TTO","Trinidad and Tobago","Other Renewables","2017",0
"TTO","Trinidad and Tobago","Solar","2017",0.01
"TTO","Trinidad and Tobago","Wind","2017",0
"TTO","Trinidad and Tobago","Bioenergy","2018",0
"TTO","Trinidad and Tobago","Coal","2018",0
"TTO","Trinidad and Tobago","Gas","2018",9.19
"TTO","Trinidad and Tobago","Hydro","2018",0
"TTO","Trinidad and Tobago","Nuclear","2018",0
"TTO","Trinidad and Tobago","Other Fossil","2018",0.03
"TTO","Trinidad and Tobago","Other Renewables","2018",0
"TTO","Trinidad and Tobago","Solar","2018",0.01
"TTO","Trinidad and Tobago","Wind","2018",0
"TTO","Trinidad and Tobago","Bioenergy","2019",0
"TTO","Trinidad and Tobago","Coal","2019",0
"TTO","Trinidad and Tobago","Gas","2019",9.15
"TTO","Trinidad and Tobago","Hydro","2019",0
"TTO","Trinidad and Tobago","Nuclear","2019",0
"TTO","Trinidad and Tobago","Other Fossil","2019",0.04
"TTO","Trinidad and Tobago","Other Renewables","2019",0
"TTO","Trinidad and Tobago","Solar","2019",0.01
"TTO","Trinidad and Tobago","Wind","2019",0
"TTO","Trinidad and Tobago","Bioenergy","2020",0
"TTO","Trinidad and Tobago","Coal","2020",0
"TTO","Trinidad and Tobago","Gas","2020",9.18
"TTO","Trinidad and Tobago","Hydro","2020",0
"TTO","Trinidad and Tobago","Nuclear","2020",0
"TTO","Trinidad and Tobago","Other Fossil","2020",0.04
"TTO","Trinidad and Tobago","Other Renewables","2020",0
"TTO","Trinidad and Tobago","Solar","2020",0.01
"TTO","Trinidad and Tobago","Wind","2020",0
"TTO","Trinidad and Tobago","Bioenergy","2021",0
"TTO","Trinidad and Tobago","Coal","2021",0
"TTO","Trinidad and Tobago","Gas","2021",9.22
"TTO","Trinidad and Tobago","Hydro","2021",0
"TTO","Trinidad and Tobago","Nuclear","2021",0
"TTO","Trinidad and Tobago","Other Fossil","2021",0.04
"TTO","Trinidad and Tobago","Other Renewables","2021",0
"TTO","Trinidad and Tobago","Solar","2021",0.01
"TTO","Trinidad and Tobago","Wind","2021",0
"TTO","Trinidad and Tobago","Bioenergy","2022",0
"TTO","Trinidad and Tobago","Coal","2022",0
"TTO","Trinidad and Tobago","Gas","2022",9.45
"TTO","Trinidad and Tobago","Hydro","2022",0
"TTO","Trinidad and Tobago","Nuclear","2022",0
"TTO","Trinidad and Tobago","Other Fossil","2022",0.04
"TTO","Trinidad and Tobago","Other Renewables","2022",0
"TTO","Trinidad and Tobago","Solar","2022",0.01
"TTO","Trinidad and Tobago","Wind","2022",0
"TTO","Trinidad and Tobago","Bioenergy","2023",0
"TTO","Trinidad and Tobago","Coal","2023",0
"TTO","Trinidad and Tobago","Gas","2023",9.47
"TTO","Trinidad and Tobago","Hydro","2023",0
"TTO","Trinidad and Tobago","Nuclear","2023",0
"TTO","Trinidad and Tobago","Other Fossil","2023",0.04
"TTO","Trinidad and Tobago","Other Renewables","2023",0
"TTO","Trinidad and Tobago","Solar","2023",0.01
"TTO","Trinidad and Tobago","Wind","2023",0
"TTO","Trinidad and Tobago","Bioenergy","2024",0
"TTO","Trinidad and Tobago","Coal","2024",0
"TTO","Trinidad and Tobago","Gas","2024",9.5
"TTO","Trinidad and Tobago","Hydro","2024",0
"TTO","Trinidad and Tobago","Nuclear","2024",0
"TTO","Trinidad and Tobago","Other Fossil","2024",0.04
"TTO","Trinidad and Tobago","Other Renewables","2024",0
"TTO","Trinidad and Tobago","Solar","2024",0.01
"TTO","Trinidad and Tobago","Wind","2024",0
"TUN","Tunisia","Bioenergy","2015",0
"TUN","Tunisia","Coal","2015",0
"TUN","Tunisia","Gas","2015",17.99
"TUN","Tunisia","Hydro","2015",0.07
"TUN","Tunisia","Nuclear","2015",0
"TUN","Tunisia","Other Fossil","2015",0.91
"TUN","Tunisia","Other Renewables","2015",0
"TUN","Tunisia","Solar","2015",0.06
"TUN","Tunisia","Wind","2015",0.45
"TUN","Tunisia","Bioenergy","2016",0
"TUN","Tunisia","Coal","2016",0
"TUN","Tunisia","Gas","2016",18.96
"TUN","Tunisia","Hydro","2016",0.05
"TUN","Tunisia","Nuclear","2016",0
"TUN","Tunisia","Other Fossil","2016",0.04
"TUN","Tunisia","Other Renewables","2016",0
"TUN","Tunisia","Solar","2016",0.11
"TUN","Tunisia","Wind","2016",0.47
"TUN","Tunisia","Bioenergy","2017",0
"TUN","Tunisia","Coal","2017",0
"TUN","Tunisia","Gas","2017",19.71
"TUN","Tunisia","Hydro","2017",0.02
"TUN","Tunisia","Nuclear","2017",0
"TUN","Tunisia","Other Fossil","2017",0.27
"TUN","Tunisia","Other Renewables","2017",0
"TUN","Tunisia","Solar","2017",0.13
"TUN","Tunisia","Wind","2017",0.45
"TUN","Tunisia","Bioenergy","2018",0
"TUN","Tunisia","Coal","2018",0
"TUN","Tunisia","Gas","2018",20.04
"TUN","Tunisia","Hydro","2018",0.02
"TUN","Tunisia","Nuclear","2018",0
"TUN","Tunisia","Other Fossil","2018",0.33
"TUN","Tunisia","Other Renewables","2018",0
"TUN","Tunisia","Solar","2018",0.08
"TUN","Tunisia","Wind","2018",0.45
"TUN","Tunisia","Bioenergy","2019",0
"TUN","Tunisia","Coal","2019",0
"TUN","Tunisia","Gas","2019",21.01
"TUN","Tunisia","Hydro","2019",0.07
"TUN","Tunisia","Nuclear","2019",0
"TUN","Tunisia","Other Fossil","2019",0.32
"TUN","Tunisia","Other Renewables","2019",0
"TUN","Tunisia","Solar","2019",0.12
"TUN","Tunisia","Wind","2019",0.5
"TUN","Tunisia","Bioenergy","2020",0
"TUN","Tunisia","Coal","2020",0
"TUN","Tunisia","Gas","2020",20.47
"TUN","Tunisia","Hydro","2020",0.05
"TUN","Tunisia","Nuclear","2020",0
"TUN","Tunisia","Other Fossil","2020",0.24
"TUN","Tunisia","Other Renewables","2020",0
"TUN","Tunisia","Solar","2020",0.15
"TUN","Tunisia","Wind","2020",0.47
"TUN","Tunisia","Bioenergy","2021",0
"TUN","Tunisia","Coal","2021",0
"TUN","Tunisia","Gas","2021",20.97
"TUN","Tunisia","Hydro","2021",0.03
"TUN","Tunisia","Nuclear","2021",0
"TUN","Tunisia","Other Fossil","2021",0.25
"TUN","Tunisia","Other Renewables","2021",0
"TUN","Tunisia","Solar","2021",0.22
"TUN","Tunisia","Wind","2021",0.43
"TUN","Tunisia","Bioenergy","2022",0
"TUN","Tunisia","Coal","2022",0
"TUN","Tunisia","Gas","2022",20.52
"TUN","Tunisia","Hydro","2022",0.01
"TUN","Tunisia","Nuclear","2022",0
"TUN","Tunisia","Other Fossil","2022",0.24
"TUN","Tunisia","Other Renewables","2022",0
"TUN","Tunisia","Solar","2022",0.32
"TUN","Tunisia","Wind","2022",0.32
"TUN","Tunisia","Bioenergy","2023",0
"TUN","Tunisia","Coal","2023",0
"TUN","Tunisia","Gas","2023",20.23
"TUN","Tunisia","Hydro","2023",0.01
"TUN","Tunisia","Nuclear","2023",0
"TUN","Tunisia","Other Fossil","2023",0.21
"TUN","Tunisia","Other Renewables","2023",0
"TUN","Tunisia","Solar","2023",0.49
"TUN","Tunisia","Wind","2023",0.34
"TUN","Tunisia","Bioenergy","2024",0
"TUN","Tunisia","Coal","2024",0
"TUN","Tunisia","Gas","2024",20.2
"TUN","Tunisia","Hydro","2024",0.01
"TUN","Tunisia","Nuclear","2024",0
"TUN","Tunisia","Other Fossil","2024",0.23
"TUN","Tunisia","Other Renewables","2024",0
"TUN","Tunisia","Solar","2024",0.56
"TUN","Tunisia","Wind","2024",0.37
"TUN","Tunisia","Bioenergy","2025",0
"TUN","Tunisia","Coal","2025",0
"TUN","Tunisia","Gas","2025",21.18
"TUN","Tunisia","Hydro","2025",0.01
"TUN","Tunisia","Nuclear","2025",0
"TUN","Tunisia","Other Fossil","2025",0.23
"TUN","Tunisia","Other Renewables","2025",0
"TUN","Tunisia","Solar","2025",0.56
"TUN","Tunisia","Wind","2025",0.33
"TUR","Turkey","Bioenergy","2015",1.24
"TUR","Turkey","Coal","2015",76.16
"TUR","Turkey","Gas","2015",99.22
"TUR","Turkey","Hydro","2015",67.15
"TUR","Turkey","Nuclear","2015",0
"TUR","Turkey","Other Fossil","2015",2.74
"TUR","Turkey","Other Renewables","2015",3.42
"TUR","Turkey","Solar","2015",0.19
"TUR","Turkey","Wind","2015",11.65
"TUR","Turkey","Bioenergy","2016",1.63
"TUR","Turkey","Coal","2016",92.27
"TUR","Turkey","Gas","2016",89.23
"TUR","Turkey","Hydro","2016",67.23
"TUR","Turkey","Nuclear","2016",0
"TUR","Turkey","Other Fossil","2016",2.66
"TUR","Turkey","Other Renewables","2016",4.82
"TUR","Turkey","Solar","2016",1.04
"TUR","Turkey","Wind","2016",15.52
"TUR","Turkey","Bioenergy","2017",2.1
"TUR","Turkey","Coal","2017",97.48
"TUR","Turkey","Gas","2017",110.49
"TUR","Turkey","Hydro","2017",58.22
"TUR","Turkey","Nuclear","2017",0
"TUR","Turkey","Other Fossil","2017",2.08
"TUR","Turkey","Other Renewables","2017",6.13
"TUR","Turkey","Solar","2017",2.89
"TUR","Turkey","Wind","2017",17.9
"TUR","Turkey","Bioenergy","2018",2.5
"TUR","Turkey","Coal","2018",111.8
"TUR","Turkey","Gas","2018",90.09
"TUR","Turkey","Hydro","2018",59.75
"TUR","Turkey","Nuclear","2018",0
"TUR","Turkey","Other Fossil","2018",1.44
"TUR","Turkey","Other Renewables","2018",6.91
"TUR","Turkey","Solar","2018",7.8
"TUR","Turkey","Wind","2018",19.86
"TUR","Turkey","Bioenergy","2019",3.4
"TUR","Turkey","Coal","2019",112.86
"TUR","Turkey","Gas","2019",54.88
"TUR","Turkey","Hydro","2019",88.64
"TUR","Turkey","Nuclear","2019",0
"TUR","Turkey","Other Fossil","2019",0.97
"TUR","Turkey","Other Renewables","2019",8.23
"TUR","Turkey","Solar","2019",9.57
"TUR","Turkey","Wind","2019",21.63
"TUR","Turkey","Bioenergy","2020",4.34
"TUR","Turkey","Coal","2020",106.26
"TUR","Turkey","Gas","2020",68.07
"TUR","Turkey","Hydro","2020",77.86
"TUR","Turkey","Nuclear","2020",0
"TUR","Turkey","Other Fossil","2020",0.34
"TUR","Turkey","Other Renewables","2020",9.32
"TUR","Turkey","Solar","2020",11.2
"TUR","Turkey","Wind","2020",24.61
"TUR","Turkey","Bioenergy","2021",6.15
"TUR","Turkey","Coal","2021",104.12
"TUR","Turkey","Gas","2021",107.34
"TUR","Turkey","Hydro","2021",55.51
"TUR","Turkey","Nuclear","2021",0
"TUR","Turkey","Other Fossil","2021",0.35
"TUR","Turkey","Other Renewables","2021",10.11
"TUR","Turkey","Solar","2021",13.28
"TUR","Turkey","Wind","2021",31.02
"TUR","Turkey","Bioenergy","2022",7.62
"TUR","Turkey","Coal","2022",113.62
"TUR","Turkey","Gas","2022",71.86
"TUR","Turkey","Hydro","2022",66.66
"TUR","Turkey","Nuclear","2022",0
"TUR","Turkey","Other Fossil","2022",0.73
"TUR","Turkey","Other Renewables","2022",10.22
"TUR","Turkey","Solar","2022",15.16
"TUR","Turkey","Wind","2022",34.69
"TUR","Turkey","Bioenergy","2023",8.21
"TUR","Turkey","Coal","2023",118.03
"TUR","Turkey","Gas","2023",66.48
"TUR","Turkey","Hydro","2023",63.72
"TUR","Turkey","Nuclear","2023",0
"TUR","Turkey","Other Fossil","2023",0.94
"TUR","Turkey","Other Renewables","2023",10.13
"TUR","Turkey","Solar","2023",18.4
"TUR","Turkey","Wind","2023",33.88
"TUR","Turkey","Bioenergy","2024",8.68
"TUR","Turkey","Coal","2024",121.32
"TUR","Turkey","Gas","2024",63.28
"TUR","Turkey","Hydro","2024",74.57
"TUR","Turkey","Nuclear","2024",0
"TUR","Turkey","Other Fossil","2024",0.98
"TUR","Turkey","Other Renewables","2024",10.2
"TUR","Turkey","Solar","2024",25.67
"TUR","Turkey","Wind","2024",36.53
"TUR","Turkey","Bioenergy","2025",8.48
"TUR","Turkey","Coal","2025",121.4
"TUR","Turkey","Gas","2025",78.36
"TUR","Turkey","Hydro","2025",57.27
"TUR","Turkey","Nuclear","2025",0
"TUR","Turkey","Other Fossil","2025",1.03
"TUR","Turkey","Other Renewables","2025",10.65
"TUR","Turkey","Solar","2025",37.25
"TUR","Turkey","Wind","2025",39.42
"TKM","Turkmenistan","Bioenergy","2015",0
"TKM","Turkmenistan","Coal","2015",0
"TKM","Turkmenistan","Gas","2015",22.53
"TKM","Turkmenistan","Hydro","2015",0
"TKM","Turkmenistan","Nuclear","2015",0
"TKM","Turkmenistan","Other Fossil","2015",0
"TKM","Turkmenistan","Other Renewables","2015",0
"TKM","Turkmenistan","Solar","2015",0
"TKM","Turkmenistan","Wind","2015",0
"TKM","Turkmenistan","Bioenergy","2016",0
"TKM","Turkmenistan","Coal","2016",0
"TKM","Turkmenistan","Gas","2016",22.53
"TKM","Turkmenistan","Hydro","2016",0
"TKM","Turkmenistan","Nuclear","2016",0
"TKM","Turkmenistan","Other Fossil","2016",0
"TKM","Turkmenistan","Other Renewables","2016",0
"TKM","Turkmenistan","Solar","2016",0
"TKM","Turkmenistan","Wind","2016",0
"TKM","Turkmenistan","Bioenergy","2017",0
"TKM","Turkmenistan","Coal","2017",0
"TKM","Turkmenistan","Gas","2017",23.89
"TKM","Turkmenistan","Hydro","2017",0
"TKM","Turkmenistan","Nuclear","2017",0
"TKM","Turkmenistan","Other Fossil","2017",0
"TKM","Turkmenistan","Other Renewables","2017",0
"TKM","Turkmenistan","Solar","2017",0
"TKM","Turkmenistan","Wind","2017",0
"TKM","Turkmenistan","Bioenergy","2018",0
"TKM","Turkmenistan","Coal","2018",0
"TKM","Turkmenistan","Gas","2018",25.36
"TKM","Turkmenistan","Hydro","2018",0
"TKM","Turkmenistan","Nuclear","2018",0
"TKM","Turkmenistan","Other Fossil","2018",0
"TKM","Turkmenistan","Other Renewables","2018",0
"TKM","Turkmenistan","Solar","2018",0
"TKM","Turkmenistan","Wind","2018",0
"TKM","Turkmenistan","Bioenergy","2019",0
"TKM","Turkmenistan","Coal","2019",0
"TKM","Turkmenistan","Gas","2019",22.5
"TKM","Turkmenistan","Hydro","2019",0
"TKM","Turkmenistan","Nuclear","2019",0
"TKM","Turkmenistan","Other Fossil","2019",0
"TKM","Turkmenistan","Other Renewables","2019",0
"TKM","Turkmenistan","Solar","2019",0
"TKM","Turkmenistan","Wind","2019",0
"TKM","Turkmenistan","Bioenergy","2020",0
"TKM","Turkmenistan","Coal","2020",0
"TKM","Turkmenistan","Gas","2020",25.76
"TKM","Turkmenistan","Hydro","2020",0
"TKM","Turkmenistan","Nuclear","2020",0
"TKM","Turkmenistan","Other Fossil","2020",0
"TKM","Turkmenistan","Other Renewables","2020",0
"TKM","Turkmenistan","Solar","2020",0
"TKM","Turkmenistan","Wind","2020",0
"TKM","Turkmenistan","Bioenergy","2021",0
"TKM","Turkmenistan","Coal","2021",0
"TKM","Turkmenistan","Gas","2021",28.39
"TKM","Turkmenistan","Hydro","2021",0.01
"TKM","Turkmenistan","Nuclear","2021",0
"TKM","Turkmenistan","Other Fossil","2021",0
"TKM","Turkmenistan","Other Renewables","2021",0
"TKM","Turkmenistan","Solar","2021",0
"TKM","Turkmenistan","Wind","2021",0
"TKM","Turkmenistan","Bioenergy","2022",0
"TKM","Turkmenistan","Coal","2022",0
"TKM","Turkmenistan","Gas","2022",32.59
"TKM","Turkmenistan","Hydro","2022",0.01
"TKM","Turkmenistan","Nuclear","2022",0
"TKM","Turkmenistan","Other Fossil","2022",0
"TKM","Turkmenistan","Other Renewables","2022",0
"TKM","Turkmenistan","Solar","2022",0
"TKM","Turkmenistan","Wind","2022",0
"TKM","Turkmenistan","Bioenergy","2023",0
"TKM","Turkmenistan","Coal","2023",0
"TKM","Turkmenistan","Gas","2023",32.59
"TKM","Turkmenistan","Hydro","2023",0.01
"TKM","Turkmenistan","Nuclear","2023",0
"TKM","Turkmenistan","Other Fossil","2023",0
"TKM","Turkmenistan","Other Renewables","2023",0
"TKM","Turkmenistan","Solar","2023",0
"TKM","Turkmenistan","Wind","2023",0
"TKM","Turkmenistan","Bioenergy","2024",0
"TKM","Turkmenistan","Coal","2024",0
"TKM","Turkmenistan","Gas","2024",33
"TKM","Turkmenistan","Hydro","2024",0.01
"TKM","Turkmenistan","Nuclear","2024",0
"TKM","Turkmenistan","Other Fossil","2024",0
"TKM","Turkmenistan","Other Renewables","2024",0
"TKM","Turkmenistan","Solar","2024",0
"TKM","Turkmenistan","Wind","2024",0
"TCA","Turks and Caicos Islands (the)","Bioenergy","2015",0
"TCA","Turks and Caicos Islands (the)","Coal","2015",0
"TCA","Turks and Caicos Islands (the)","Gas","2015",0
"TCA","Turks and Caicos Islands (the)","Hydro","2015",0
"TCA","Turks and Caicos Islands (the)","Nuclear","2015",0
"TCA","Turks and Caicos Islands (the)","Other Fossil","2015",0.23
"TCA","Turks and Caicos Islands (the)","Other Renewables","2015",0
"TCA","Turks and Caicos Islands (the)","Solar","2015",0
"TCA","Turks and Caicos Islands (the)","Wind","2015",0
"TCA","Turks and Caicos Islands (the)","Bioenergy","2016",0
"TCA","Turks and Caicos Islands (the)","Coal","2016",0
"TCA","Turks and Caicos Islands (the)","Gas","2016",0
"TCA","Turks and Caicos Islands (the)","Hydro","2016",0
"TCA","Turks and Caicos Islands (the)","Nuclear","2016",0
"TCA","Turks and Caicos Islands (the)","Other Fossil","2016",0.25
"TCA","Turks and Caicos Islands (the)","Other Renewables","2016",0
"TCA","Turks and Caicos Islands (the)","Solar","2016",0
"TCA","Turks and Caicos Islands (the)","Wind","2016",0
"TCA","Turks and Caicos Islands (the)","Bioenergy","2017",0
"TCA","Turks and Caicos Islands (the)","Coal","2017",0
"TCA","Turks and Caicos Islands (the)","Gas","2017",0
"TCA","Turks and Caicos Islands (the)","Hydro","2017",0
"TCA","Turks and Caicos Islands (the)","Nuclear","2017",0
"TCA","Turks and Caicos Islands (the)","Other Fossil","2017",0.29
"TCA","Turks and Caicos Islands (the)","Other Renewables","2017",0
"TCA","Turks and Caicos Islands (the)","Solar","2017",0
"TCA","Turks and Caicos Islands (the)","Wind","2017",0
"TCA","Turks and Caicos Islands (the)","Bioenergy","2018",0
"TCA","Turks and Caicos Islands (the)","Coal","2018",0
"TCA","Turks and Caicos Islands (the)","Gas","2018",0
"TCA","Turks and Caicos Islands (the)","Hydro","2018",0
"TCA","Turks and Caicos Islands (the)","Nuclear","2018",0
"TCA","Turks and Caicos Islands (the)","Other Fossil","2018",0.26
"TCA","Turks and Caicos Islands (the)","Other Renewables","2018",0
"TCA","Turks and Caicos Islands (the)","Solar","2018",0
"TCA","Turks and Caicos Islands (the)","Wind","2018",0
"TCA","Turks and Caicos Islands (the)","Bioenergy","2019",0
"TCA","Turks and Caicos Islands (the)","Coal","2019",0
"TCA","Turks and Caicos Islands (the)","Gas","2019",0
"TCA","Turks and Caicos Islands (the)","Hydro","2019",0
"TCA","Turks and Caicos Islands (the)","Nuclear","2019",0
"TCA","Turks and Caicos Islands (the)","Other Fossil","2019",0.26
"TCA","Turks and Caicos Islands (the)","Other Renewables","2019",0
"TCA","Turks and Caicos Islands (the)","Solar","2019",0
"TCA","Turks and Caicos Islands (the)","Wind","2019",0
"TCA","Turks and Caicos Islands (the)","Bioenergy","2020",0
"TCA","Turks and Caicos Islands (the)","Coal","2020",0
"TCA","Turks and Caicos Islands (the)","Gas","2020",0
"TCA","Turks and Caicos Islands (the)","Hydro","2020",0
"TCA","Turks and Caicos Islands (the)","Nuclear","2020",0
"TCA","Turks and Caicos Islands (the)","Other Fossil","2020",0.25
"TCA","Turks and Caicos Islands (the)","Other Renewables","2020",0
"TCA","Turks and Caicos Islands (the)","Solar","2020",0
"TCA","Turks and Caicos Islands (the)","Wind","2020",0
"TCA","Turks and Caicos Islands (the)","Bioenergy","2021",0
"TCA","Turks and Caicos Islands (the)","Coal","2021",0
"TCA","Turks and Caicos Islands (the)","Gas","2021",0
"TCA","Turks and Caicos Islands (the)","Hydro","2021",0
"TCA","Turks and Caicos Islands (the)","Nuclear","2021",0
"TCA","Turks and Caicos Islands (the)","Other Fossil","2021",0.26
"TCA","Turks and Caicos Islands (the)","Other Renewables","2021",0
"TCA","Turks and Caicos Islands (the)","Solar","2021",0
"TCA","Turks and Caicos Islands (the)","Wind","2021",0
"TCA","Turks and Caicos Islands (the)","Bioenergy","2022",0
"TCA","Turks and Caicos Islands (the)","Coal","2022",0
"TCA","Turks and Caicos Islands (the)","Gas","2022",0
"TCA","Turks and Caicos Islands (the)","Hydro","2022",0
"TCA","Turks and Caicos Islands (the)","Nuclear","2022",0
"TCA","Turks and Caicos Islands (the)","Other Fossil","2022",0.26
"TCA","Turks and Caicos Islands (the)","Other Renewables","2022",0
"TCA","Turks and Caicos Islands (the)","Solar","2022",0
"TCA","Turks and Caicos Islands (the)","Wind","2022",0
"TCA","Turks and Caicos Islands (the)","Bioenergy","2023",0
"TCA","Turks and Caicos Islands (the)","Coal","2023",0
"TCA","Turks and Caicos Islands (the)","Gas","2023",0
"TCA","Turks and Caicos Islands (the)","Hydro","2023",0
"TCA","Turks and Caicos Islands (the)","Nuclear","2023",0
"TCA","Turks and Caicos Islands (the)","Other Fossil","2023",0.26
"TCA","Turks and Caicos Islands (the)","Other Renewables","2023",0
"TCA","Turks and Caicos Islands (the)","Solar","2023",0
"TCA","Turks and Caicos Islands (the)","Wind","2023",0
"TCA","Turks and Caicos Islands (the)","Bioenergy","2024",0
"TCA","Turks and Caicos Islands (the)","Coal","2024",0
"TCA","Turks and Caicos Islands (the)","Gas","2024",0
"TCA","Turks and Caicos Islands (the)","Hydro","2024",0
"TCA","Turks and Caicos Islands (the)","Nuclear","2024",0
"TCA","Turks and Caicos Islands (the)","Other Fossil","2024",0.26
"TCA","Turks and Caicos Islands (the)","Other Renewables","2024",0
"TCA","Turks and Caicos Islands (the)","Solar","2024",0.01
"TCA","Turks and Caicos Islands (the)","Wind","2024",0
"UGA","Uganda","Bioenergy","2015",0.35
"UGA","Uganda","Coal","2015",0
"UGA","Uganda","Gas","2015",0
"UGA","Uganda","Hydro","2015",3.09
"UGA","Uganda","Nuclear","2015",0
"UGA","Uganda","Other Fossil","2015",0.08
"UGA","Uganda","Other Renewables","2015",0
"UGA","Uganda","Solar","2015",0.03
"UGA","Uganda","Wind","2015",0
"UGA","Uganda","Bioenergy","2016",0.36
"UGA","Uganda","Coal","2016",0
"UGA","Uganda","Gas","2016",0
"UGA","Uganda","Hydro","2016",3.3
"UGA","Uganda","Nuclear","2016",0
"UGA","Uganda","Other Fossil","2016",0.07
"UGA","Uganda","Other Renewables","2016",0
"UGA","Uganda","Solar","2016",0.04
"UGA","Uganda","Wind","2016",0
"UGA","Uganda","Bioenergy","2017",0.21
"UGA","Uganda","Coal","2017",0
"UGA","Uganda","Gas","2017",0
"UGA","Uganda","Hydro","2017",3.44
"UGA","Uganda","Nuclear","2017",0
"UGA","Uganda","Other Fossil","2017",0.07
"UGA","Uganda","Other Renewables","2017",0
"UGA","Uganda","Solar","2017",0.06
"UGA","Uganda","Wind","2017",0
"UGA","Uganda","Bioenergy","2018",0.28
"UGA","Uganda","Coal","2018",0
"UGA","Uganda","Gas","2018",0
"UGA","Uganda","Hydro","2018",3.64
"UGA","Uganda","Nuclear","2018",0
"UGA","Uganda","Other Fossil","2018",0.31
"UGA","Uganda","Other Renewables","2018",0
"UGA","Uganda","Solar","2018",0.07
"UGA","Uganda","Wind","2018",0
"UGA","Uganda","Bioenergy","2019",0.27
"UGA","Uganda","Coal","2019",0
"UGA","Uganda","Gas","2019",0
"UGA","Uganda","Hydro","2019",4.04
"UGA","Uganda","Nuclear","2019",0
"UGA","Uganda","Other Fossil","2019",0.14
"UGA","Uganda","Other Renewables","2019",0
"UGA","Uganda","Solar","2019",0.13
"UGA","Uganda","Wind","2019",0
"UGA","Uganda","Bioenergy","2020",0.26
"UGA","Uganda","Coal","2020",0
"UGA","Uganda","Gas","2020",0
"UGA","Uganda","Hydro","2020",4.08
"UGA","Uganda","Nuclear","2020",0
"UGA","Uganda","Other Fossil","2020",0.12
"UGA","Uganda","Other Renewables","2020",0
"UGA","Uganda","Solar","2020",0.14
"UGA","Uganda","Wind","2020",0
"UGA","Uganda","Bioenergy","2021",0.37
"UGA","Uganda","Coal","2021",0
"UGA","Uganda","Gas","2021",0
"UGA","Uganda","Hydro","2021",4.64
"UGA","Uganda","Nuclear","2021",0
"UGA","Uganda","Other Fossil","2021",0.13
"UGA","Uganda","Other Renewables","2021",0
"UGA","Uganda","Solar","2021",0.13
"UGA","Uganda","Wind","2021",0
"UGA","Uganda","Bioenergy","2022",0.47
"UGA","Uganda","Coal","2022",0
"UGA","Uganda","Gas","2022",0
"UGA","Uganda","Hydro","2022",4.98
"UGA","Uganda","Nuclear","2022",0
"UGA","Uganda","Other Fossil","2022",0.15
"UGA","Uganda","Other Renewables","2022",0
"UGA","Uganda","Solar","2022",0.15
"UGA","Uganda","Wind","2022",0
"UGA","Uganda","Bioenergy","2023",0.47
"UGA","Uganda","Coal","2023",0
"UGA","Uganda","Gas","2023",0
"UGA","Uganda","Hydro","2023",4.98
"UGA","Uganda","Nuclear","2023",0
"UGA","Uganda","Other Fossil","2023",0.17
"UGA","Uganda","Other Renewables","2023",0
"UGA","Uganda","Solar","2023",0.15
"UGA","Uganda","Wind","2023",0
"UGA","Uganda","Bioenergy","2024",0.47
"UGA","Uganda","Coal","2024",0
"UGA","Uganda","Gas","2024",0
"UGA","Uganda","Hydro","2024",5
"UGA","Uganda","Nuclear","2024",0
"UGA","Uganda","Other Fossil","2024",0.17
"UGA","Uganda","Other Renewables","2024",0
"UGA","Uganda","Solar","2024",0.17
"UGA","Uganda","Wind","2024",0
"UKR","Ukraine","Bioenergy","2015",0.14
"UKR","Ukraine","Coal","2015",56.53
"UKR","Ukraine","Gas","2015",10.1
"UKR","Ukraine","Hydro","2015",5.4
"UKR","Ukraine","Nuclear","2015",87.63
"UKR","Ukraine","Other Fossil","2015",2.32
"UKR","Ukraine","Other Renewables","2015",0
"UKR","Ukraine","Solar","2015",0.48
"UKR","Ukraine","Wind","2015",1.08
"UKR","Ukraine","Bioenergy","2016",0.14
"UKR","Ukraine","Coal","2016",61.29
"UKR","Ukraine","Gas","2016",9.83
"UKR","Ukraine","Hydro","2016",7.68
"UKR","Ukraine","Nuclear","2016",80.95
"UKR","Ukraine","Other Fossil","2016",3.25
"UKR","Ukraine","Other Renewables","2016",0
"UKR","Ukraine","Solar","2016",0.49
"UKR","Ukraine","Wind","2016",0.95
"UKR","Ukraine","Bioenergy","2017",0.21
"UKR","Ukraine","Coal","2017",49.33
"UKR","Ukraine","Gas","2017",7.38
"UKR","Ukraine","Hydro","2017",8.95
"UKR","Ukraine","Nuclear","2017",85.58
"UKR","Ukraine","Other Fossil","2017",2.89
"UKR","Ukraine","Other Renewables","2017",0
"UKR","Ukraine","Solar","2017",0.72
"UKR","Ukraine","Wind","2017",0.98
"UKR","Ukraine","Bioenergy","2018",0.3
"UKR","Ukraine","Coal","2018",49.06
"UKR","Ukraine","Gas","2018",10.57
"UKR","Ukraine","Hydro","2018",10.43
"UKR","Ukraine","Nuclear","2018",84.4
"UKR","Ukraine","Other Fossil","2018",2.8
"UKR","Ukraine","Other Renewables","2018",0
"UKR","Ukraine","Solar","2018",1.11
"UKR","Ukraine","Wind","2018",1.19
"UKR","Ukraine","Bioenergy","2019",0.41
"UKR","Ukraine","Coal","2019",45.53
"UKR","Ukraine","Gas","2019",11.93
"UKR","Ukraine","Hydro","2019",6.51
"UKR","Ukraine","Nuclear","2019",83
"UKR","Ukraine","Other Fossil","2019",1.81
"UKR","Ukraine","Other Renewables","2019",0
"UKR","Ukraine","Solar","2019",2.93
"UKR","Ukraine","Wind","2019",2.02
"UKR","Ukraine","Bioenergy","2020",0.76
"UKR","Ukraine","Coal","2020",40.2
"UKR","Ukraine","Gas","2020",14.19
"UKR","Ukraine","Hydro","2020",7.56
"UKR","Ukraine","Nuclear","2020",76.2
"UKR","Ukraine","Other Fossil","2020",0.25
"UKR","Ukraine","Other Renewables","2020",0
"UKR","Ukraine","Solar","2020",5.37
"UKR","Ukraine","Wind","2020",3.26
"UKR","Ukraine","Bioenergy","2021",0.91
"UKR","Ukraine","Coal","2021",37.49
"UKR","Ukraine","Gas","2021",10.32
"UKR","Ukraine","Hydro","2021",10.44
"UKR","Ukraine","Nuclear","2021",86.21
"UKR","Ukraine","Other Fossil","2021",0.75
"UKR","Ukraine","Solar","2021",6.5
"UKR","Ukraine","Wind","2021",3.82
"UKR","Ukraine","Bioenergy","2022",0.78
"UKR","Ukraine","Coal","2022",23.32
"UKR","Ukraine","Gas","2022",7.18
"UKR","Ukraine","Hydro","2022",11.02
"UKR","Ukraine","Nuclear","2022",62.18
"UKR","Ukraine","Other Fossil","2022",0.53
"UKR","Ukraine","Solar","2022",5.08
"UKR","Ukraine","Wind","2022",1.42
"ARE","United Arab Emirates","Bioenergy","2015",0
"ARE","United Arab Emirates","Coal","2015",0
"ARE","United Arab Emirates","Gas","2015",127.08
"ARE","United Arab Emirates","Nuclear","2015",0
"ARE","United Arab Emirates","Other Fossil","2015",0
"ARE","United Arab Emirates","Solar","2015",0.3
"ARE","United Arab Emirates","Wind","2015",0
"ARE","United Arab Emirates","Bioenergy","2016",0
"ARE","United Arab Emirates","Coal","2016",0
"ARE","United Arab Emirates","Gas","2016",129.29
"ARE","United Arab Emirates","Nuclear","2016",0
"ARE","United Arab Emirates","Other Fossil","2016",0
"ARE","United Arab Emirates","Solar","2016",0.32
"ARE","United Arab Emirates","Wind","2016",0
"ARE","United Arab Emirates","Bioenergy","2017",0
"ARE","United Arab Emirates","Coal","2017",0
"ARE","United Arab Emirates","Gas","2017",133.82
"ARE","United Arab Emirates","Nuclear","2017",0
"ARE","United Arab Emirates","Other Fossil","2017",0
"ARE","United Arab Emirates","Solar","2017",0.75
"ARE","United Arab Emirates","Wind","2017",0
"ARE","United Arab Emirates","Bioenergy","2018",0
"ARE","United Arab Emirates","Coal","2018",0
"ARE","United Arab Emirates","Gas","2018",134.81
"ARE","United Arab Emirates","Nuclear","2018",0
"ARE","United Arab Emirates","Other Fossil","2018",0
"ARE","United Arab Emirates","Solar","2018",1.2
"ARE","United Arab Emirates","Wind","2018",0
"ARE","United Arab Emirates","Bioenergy","2019",0
"ARE","United Arab Emirates","Coal","2019",0
"ARE","United Arab Emirates","Gas","2019",134.79
"ARE","United Arab Emirates","Nuclear","2019",0
"ARE","United Arab Emirates","Other Fossil","2019",0
"ARE","United Arab Emirates","Solar","2019",3.66
"ARE","United Arab Emirates","Wind","2019",0
"ARE","United Arab Emirates","Bioenergy","2020",0
"ARE","United Arab Emirates","Coal","2020",0.73
"ARE","United Arab Emirates","Gas","2020",129.77
"ARE","United Arab Emirates","Nuclear","2020",1.63
"ARE","United Arab Emirates","Other Fossil","2020",0
"ARE","United Arab Emirates","Solar","2020",5.18
"ARE","United Arab Emirates","Wind","2020",0
"ARE","United Arab Emirates","Bioenergy","2021",0
"ARE","United Arab Emirates","Coal","2021",3.01
"ARE","United Arab Emirates","Gas","2021",129.24
"ARE","United Arab Emirates","Nuclear","2021",10.55
"ARE","United Arab Emirates","Other Fossil","2021",0
"ARE","United Arab Emirates","Solar","2021",6.25
"ARE","United Arab Emirates","Wind","2021",0
"ARE","United Arab Emirates","Bioenergy","2022",0.01
"ARE","United Arab Emirates","Coal","2022",0
"ARE","United Arab Emirates","Gas","2022",127.57
"ARE","United Arab Emirates","Nuclear","2022",20.1
"ARE","United Arab Emirates","Other Fossil","2022",0
"ARE","United Arab Emirates","Solar","2022",7.74
"ARE","United Arab Emirates","Wind","2022",0
"ARE","United Arab Emirates","Bioenergy","2023",0.21
"ARE","United Arab Emirates","Coal","2023",0
"ARE","United Arab Emirates","Gas","2023",118.42
"ARE","United Arab Emirates","Nuclear","2023",34.44
"ARE","United Arab Emirates","Other Fossil","2023",0
"ARE","United Arab Emirates","Solar","2023",14.4
"ARE","United Arab Emirates","Wind","2023",0.06
"ARE","United Arab Emirates","Bioenergy","2024",0.21
"ARE","United Arab Emirates","Coal","2024",0
"ARE","United Arab Emirates","Gas","2024",121.01
"ARE","United Arab Emirates","Nuclear","2024",40.63
"ARE","United Arab Emirates","Other Fossil","2024",0
"ARE","United Arab Emirates","Solar","2024",15.21
"ARE","United Arab Emirates","Wind","2024",0.2
"GBR","United Kingdom","Bioenergy","2015",29.26
"GBR","United Kingdom","Coal","2015",75.88
"GBR","United Kingdom","Gas","2015",99.88
"GBR","United Kingdom","Hydro","2015",6.3
"GBR","United Kingdom","Nuclear","2015",70.34
"GBR","United Kingdom","Other Fossil","2015",9.41
"GBR","United Kingdom","Other Renewables","2015",0
"GBR","United Kingdom","Solar","2015",7.53
"GBR","United Kingdom","Wind","2015",40.27
"GBR","United Kingdom","Bioenergy","2016",30.07
"GBR","United Kingdom","Coal","2016",30.67
"GBR","United Kingdom","Gas","2016",143.13
"GBR","United Kingdom","Hydro","2016",5.37
"GBR","United Kingdom","Nuclear","2016",71.73
"GBR","United Kingdom","Other Fossil","2016",10.64
"GBR","United Kingdom","Other Renewables","2016",0
"GBR","United Kingdom","Solar","2016",10.41
"GBR","United Kingdom","Wind","2016",37.16
"GBR","United Kingdom","Bioenergy","2017",31.9
"GBR","United Kingdom","Coal","2017",22.53
"GBR","United Kingdom","Gas","2017",136.75
"GBR","United Kingdom","Hydro","2017",5.88
"GBR","United Kingdom","Nuclear","2017",70.34
"GBR","United Kingdom","Other Fossil","2017",9.71
"GBR","United Kingdom","Other Renewables","2017",0
"GBR","United Kingdom","Solar","2017",11.46
"GBR","United Kingdom","Wind","2017",49.65
"GBR","United Kingdom","Bioenergy","2018",35.11
"GBR","United Kingdom","Coal","2018",16.83
"GBR","United Kingdom","Gas","2018",131.49
"GBR","United Kingdom","Hydro","2018",5.44
"GBR","United Kingdom","Nuclear","2018",65.06
"GBR","United Kingdom","Other Fossil","2018",10.24
"GBR","United Kingdom","Other Renewables","2018",0.01
"GBR","United Kingdom","Solar","2018",12.67
"GBR","United Kingdom","Wind","2018",56.91
"GBR","United Kingdom","Bioenergy","2019",37.54
"GBR","United Kingdom","Coal","2019",6.92
"GBR","United Kingdom","Gas","2019",133.09
"GBR","United Kingdom","Hydro","2019",5.93
"GBR","United Kingdom","Nuclear","2019",56.18
"GBR","United Kingdom","Other Fossil","2019",11.26
"GBR","United Kingdom","Other Renewables","2019",0.01
"GBR","United Kingdom","Solar","2019",12.42
"GBR","United Kingdom","Wind","2019",63.84
"GBR","United Kingdom","Bioenergy","2020",38.58
"GBR","United Kingdom","Coal","2020",5.7
"GBR","United Kingdom","Gas","2020",111.89
"GBR","United Kingdom","Hydro","2020",6.88
"GBR","United Kingdom","Nuclear","2020",50.24
"GBR","United Kingdom","Other Fossil","2020",8.84
"GBR","United Kingdom","Solar","2020",12.55
"GBR","United Kingdom","Wind","2020",75.62
"GBR","United Kingdom","Bioenergy","2021",40.01
"GBR","United Kingdom","Coal","2021",6.79
"GBR","United Kingdom","Gas","2021",122.84
"GBR","United Kingdom","Hydro","2021",5.42
"GBR","United Kingdom","Nuclear","2021",46.1
"GBR","United Kingdom","Other Fossil","2021",9.68
"GBR","United Kingdom","Solar","2021",12.13
"GBR","United Kingdom","Wind","2021",64.93
"GBR","United Kingdom","Bioenergy","2022",35.85
"GBR","United Kingdom","Coal","2022",5.94
"GBR","United Kingdom","Gas","2022",125.11
"GBR","United Kingdom","Hydro","2022",5.66
"GBR","United Kingdom","Nuclear","2022",47.4
"GBR","United Kingdom","Other Fossil","2022",11.07
"GBR","United Kingdom","Solar","2022",13.34
"GBR","United Kingdom","Wind","2022",80.21
"GBR","United Kingdom","Bioenergy","2023",34.1
"GBR","United Kingdom","Coal","2023",3.78
"GBR","United Kingdom","Gas","2023",101.66
"GBR","United Kingdom","Hydro","2023",5.54
"GBR","United Kingdom","Nuclear","2023",40.6
"GBR","United Kingdom","Other Fossil","2023",10.82
"GBR","United Kingdom","Solar","2023",13.88
"GBR","United Kingdom","Wind","2023",82.15
"GBR","United Kingdom","Bioenergy","2024",40.09
"GBR","United Kingdom","Coal","2024",1.9
"GBR","United Kingdom","Gas","2024",86.3
"GBR","United Kingdom","Hydro","2024",5.76
"GBR","United Kingdom","Nuclear","2024",40.59
"GBR","United Kingdom","Other Fossil","2024",11.45
"GBR","United Kingdom","Solar","2024",14.79
"GBR","United Kingdom","Wind","2024",83.28
"GBR","United Kingdom","Bioenergy","2025",41.21
"GBR","United Kingdom","Coal","2025",0.33
"GBR","United Kingdom","Gas","2025",90.91
"GBR","United Kingdom","Hydro","2025",5.55
"GBR","United Kingdom","Nuclear","2025",36.38
"GBR","United Kingdom","Other Fossil","2025",12.77
"GBR","United Kingdom","Solar","2025",19.32
"GBR","United Kingdom","Wind","2025",85.84
"USA","United States of America","Bioenergy","2015",63.63
"USA","United States of America","Coal","2015",1352.4
"USA","United States of America","Gas","2015",1333.48
"USA","United States of America","Hydro","2015",243.99
"USA","United States of America","Nuclear","2015",797.18
"USA","United States of America","Other Fossil","2015",44.44
"USA","United States of America","Other Renewables","2015",19.12
"USA","United States of America","Solar","2015",39.03
"USA","United States of America","Wind","2015",190.72
"USA","United States of America","Bioenergy","2016",62.76
"USA","United States of America","Coal","2016",1239.15
"USA","United States of America","Gas","2016",1378.31
"USA","United States of America","Hydro","2016",261.13
"USA","United States of America","Nuclear","2016",805.69
"USA","United States of America","Other Fossil","2016",39.5
"USA","United States of America","Other Renewables","2016",19.16
"USA","United States of America","Solar","2016",54.87
"USA","United States of America","Wind","2016",226.99
"USA","United States of America","Bioenergy","2017",62.73
"USA","United States of America","Coal","2017",1205.84
"USA","United States of America","Gas","2017",1296.44
"USA","United States of America","Hydro","2017",293.84
"USA","United States of America","Nuclear","2017",804.95
"USA","United States of America","Other Fossil","2017",37.89
"USA","United States of America","Other Renewables","2017",19.04
"USA","United States of America","Solar","2017",77.28
"USA","United States of America","Wind","2017",254.3
"USA","United States of America","Bioenergy","2018",61.83
"USA","United States of America","Coal","2018",1149.49
"USA","United States of America","Gas","2018",1469.13
"USA","United States of America","Hydro","2018",286.62
"USA","United States of America","Nuclear","2018",807.08
"USA","United States of America","Other Fossil","2018",42.68
"USA","United States of America","Other Renewables","2018",18.69
"USA","United States of America","Solar","2018",93.36
"USA","United States of America","Wind","2018",272.67
"USA","United States of America","Bioenergy","2019",57.51
"USA","United States of America","Coal","2019",964.96
"USA","United States of America","Gas","2019",1585.81
"USA","United States of America","Hydro","2019",282.61
"USA","United States of America","Nuclear","2019",809.41
"USA","United States of America","Other Fossil","2019",37.44
"USA","United States of America","Other Renewables","2019",17.87
"USA","United States of America","Solar","2019",106.89
"USA","United States of America","Wind","2019",295.88
"USA","United States of America","Bioenergy","2020",54.7
"USA","United States of America","Coal","2020",773.39
"USA","United States of America","Gas","2020",1624.17
"USA","United States of America","Hydro","2020",279.95
"USA","United States of America","Nuclear","2020",789.88
"USA","United States of America","Other Fossil","2020",34.34
"USA","United States of America","Other Renewables","2020",18.09
"USA","United States of America","Solar","2020",130.72
"USA","United States of America","Wind","2020",337.94
"USA","United States of America","Bioenergy","2021",54.25
"USA","United States of America","Coal","2021",898
"USA","United States of America","Gas","2021",1579.19
"USA","United States of America","Hydro","2021",246.47
"USA","United States of America","Nuclear","2021",779.65
"USA","United States of America","Other Fossil","2021",35.2
"USA","United States of America","Other Renewables","2021",18.24
"USA","United States of America","Solar","2021",164.42
"USA","United States of America","Wind","2021",378.2
"USA","United States of America","Bioenergy","2022",51.85
"USA","United States of America","Coal","2022",831.51
"USA","United States of America","Gas","2022",1687.06
"USA","United States of America","Hydro","2022",248.76
"USA","United States of America","Nuclear","2022",771.54
"USA","United States of America","Other Fossil","2022",38.64
"USA","United States of America","Other Renewables","2022",18.16
"USA","United States of America","Solar","2022",205.07
"USA","United States of America","Wind","2022",434.3
"USA","United States of America","Bioenergy","2023",47.2
"USA","United States of America","Coal","2023",675.11
"USA","United States of America","Gas","2023",1806.06
"USA","United States of America","Hydro","2023",239.01
"USA","United States of America","Nuclear","2023",774.87
"USA","United States of America","Other Fossil","2023",33.13
"USA","United States of America","Other Renewables","2023",18.45
"USA","United States of America","Solar","2023",238.94
"USA","United States of America","Wind","2023",421.14
"USA","United States of America","Bioenergy","2024",46.42
"USA","United States of America","Coal","2024",652.16
"USA","United States of America","Gas","2024",1869.9
"USA","United States of America","Hydro","2024",237.04
"USA","United States of America","Nuclear","2024",781.86
"USA","United States of America","Other Fossil","2024",30.47
"USA","United States of America","Other Renewables","2024",17.52
"USA","United States of America","Solar","2024",303.75
"USA","United States of America","Wind","2024",451.9
"USA","United States of America","Bioenergy","2025",46.19
"USA","United States of America","Coal","2025",737.15
"USA","United States of America","Gas","2025",1807.34
"USA","United States of America","Hydro","2025",241.7
"USA","United States of America","Nuclear","2025",784.78
"USA","United States of America","Other Fossil","2025",31.72
"USA","United States of America","Other Renewables","2025",17.7
"USA","United States of America","Solar","2025",388.82
"USA","United States of America","Wind","2025",464.39
"URY","Uruguay","Bioenergy","2015",2.41
"URY","Uruguay","Coal","2015",0
"URY","Uruguay","Gas","2015",0
"URY","Uruguay","Hydro","2015",8.27
"URY","Uruguay","Nuclear","2015",0
"URY","Uruguay","Other Fossil","2015",0.94
"URY","Uruguay","Other Renewables","2015",0
"URY","Uruguay","Solar","2015",0.05
"URY","Uruguay","Wind","2015",2.07
"URY","Uruguay","Bioenergy","2016",2.45
"URY","Uruguay","Coal","2016",0
"URY","Uruguay","Gas","2016",0
"URY","Uruguay","Hydro","2016",7.84
"URY","Uruguay","Nuclear","2016",0
"URY","Uruguay","Other Fossil","2016",0.44
"URY","Uruguay","Other Renewables","2016",0
"URY","Uruguay","Solar","2016",0.15
"URY","Uruguay","Wind","2016",2.99
"URY","Uruguay","Bioenergy","2017",2.57
"URY","Uruguay","Coal","2017",0
"URY","Uruguay","Gas","2017",0.03
"URY","Uruguay","Hydro","2017",7.52
"URY","Uruguay","Nuclear","2017",0
"URY","Uruguay","Other Fossil","2017",0.19
"URY","Uruguay","Other Renewables","2017",0
"URY","Uruguay","Solar","2017",0.27
"URY","Uruguay","Wind","2017",3.77
"URY","Uruguay","Bioenergy","2018",2.55
"URY","Uruguay","Coal","2018",0
"URY","Uruguay","Gas","2018",0.01
"URY","Uruguay","Hydro","2018",6.56
"URY","Uruguay","Nuclear","2018",0
"URY","Uruguay","Other Fossil","2018",0.35
"URY","Uruguay","Other Renewables","2018",0
"URY","Uruguay","Solar","2018",0.41
"URY","Uruguay","Wind","2018",4.73
"URY","Uruguay","Bioenergy","2019",2.51
"URY","Uruguay","Coal","2019",0
"URY","Uruguay","Gas","2019",0.12
"URY","Uruguay","Hydro","2019",8.11
"URY","Uruguay","Nuclear","2019",0
"URY","Uruguay","Other Fossil","2019",0.16
"URY","Uruguay","Other Renewables","2019",0
"URY","Uruguay","Solar","2019",0.42
"URY","Uruguay","Wind","2019",4.75
"URY","Uruguay","Bioenergy","2020",2.73
"URY","Uruguay","Coal","2020",0
"URY","Uruguay","Gas","2020",0
"URY","Uruguay","Hydro","2020",4.09
"URY","Uruguay","Nuclear","2020",0
"URY","Uruguay","Other Fossil","2020",0.81
"URY","Uruguay","Other Renewables","2020",0
"URY","Uruguay","Solar","2020",0.46
"URY","Uruguay","Wind","2020",5.48
"URY","Uruguay","Bioenergy","2021",2.79
"URY","Uruguay","Coal","2021",0
"URY","Uruguay","Gas","2021",0.01
"URY","Uruguay","Hydro","2021",5.27
"URY","Uruguay","Nuclear","2021",0
"URY","Uruguay","Other Fossil","2021",2.45
"URY","Uruguay","Other Renewables","2021",0
"URY","Uruguay","Solar","2021",0.48
"URY","Uruguay","Wind","2021",4.99
"URY","Uruguay","Bioenergy","2022",2.52
"URY","Uruguay","Coal","2022",0
"URY","Uruguay","Gas","2022",0
"URY","Uruguay","Hydro","2022",5.69
"URY","Uruguay","Nuclear","2022",0
"URY","Uruguay","Other Fossil","2022",1.37
"URY","Uruguay","Other Renewables","2022",0
"URY","Uruguay","Solar","2022",0.5
"URY","Uruguay","Wind","2022",4.78
"URY","Uruguay","Bioenergy","2023",3.08
"URY","Uruguay","Coal","2023",0
"URY","Uruguay","Gas","2023",0
"URY","Uruguay","Hydro","2023",3.52
"URY","Uruguay","Nuclear","2023",0
"URY","Uruguay","Other Fossil","2023",0.97
"URY","Uruguay","Other Renewables","2023",0
"URY","Uruguay","Solar","2023",0.49
"URY","Uruguay","Wind","2023",4.76
"URY","Uruguay","Bioenergy","2024",3
"URY","Uruguay","Coal","2024",0
"URY","Uruguay","Gas","2024",0
"URY","Uruguay","Hydro","2024",4.5
"URY","Uruguay","Nuclear","2024",0
"URY","Uruguay","Other Fossil","2024",0.15
"URY","Uruguay","Other Renewables","2024",0
"URY","Uruguay","Solar","2024",0.56
"URY","Uruguay","Wind","2024",5.16
"URY","Uruguay","Bioenergy","2025",2.97
"URY","Uruguay","Coal","2025",0
"URY","Uruguay","Gas","2025",0
"URY","Uruguay","Hydro","2025",3.25
"URY","Uruguay","Nuclear","2025",0
"URY","Uruguay","Other Fossil","2025",0.26
"URY","Uruguay","Other Renewables","2025",0
"URY","Uruguay","Solar","2025",0.61
"URY","Uruguay","Wind","2025",4.85
"UZB","Uzbekistan","Bioenergy","2015",0
"UZB","Uzbekistan","Coal","2015",1.94
"UZB","Uzbekistan","Gas","2015",48.5
"UZB","Uzbekistan","Hydro","2015",6.82
"UZB","Uzbekistan","Nuclear","2015",0
"UZB","Uzbekistan","Other Fossil","2015",0.15
"UZB","Uzbekistan","Other Renewables","2015",0
"UZB","Uzbekistan","Solar","2015",0
"UZB","Uzbekistan","Wind","2015",0
"UZB","Uzbekistan","Bioenergy","2016",0
"UZB","Uzbekistan","Coal","2016",1.99
"UZB","Uzbekistan","Gas","2016",49.71
"UZB","Uzbekistan","Hydro","2016",6.86
"UZB","Uzbekistan","Nuclear","2016",0
"UZB","Uzbekistan","Other Fossil","2016",0.15
"UZB","Uzbekistan","Other Renewables","2016",0
"UZB","Uzbekistan","Solar","2016",0
"UZB","Uzbekistan","Wind","2016",0
"UZB","Uzbekistan","Bioenergy","2017",0
"UZB","Uzbekistan","Coal","2017",2.09
"UZB","Uzbekistan","Gas","2017",50.65
"UZB","Uzbekistan","Hydro","2017",7.93
"UZB","Uzbekistan","Nuclear","2017",0
"UZB","Uzbekistan","Other Fossil","2017",0.16
"UZB","Uzbekistan","Other Renewables","2017",0
"UZB","Uzbekistan","Solar","2017",0.01
"UZB","Uzbekistan","Wind","2017",0
"UZB","Uzbekistan","Bioenergy","2018",0
"UZB","Uzbekistan","Coal","2018",2.35
"UZB","Uzbekistan","Gas","2018",54.43
"UZB","Uzbekistan","Hydro","2018",5.9
"UZB","Uzbekistan","Nuclear","2018",0
"UZB","Uzbekistan","Other Fossil","2018",0.46
"UZB","Uzbekistan","Other Renewables","2018",0
"UZB","Uzbekistan","Solar","2018",0.01
"UZB","Uzbekistan","Wind","2018",0
"UZB","Uzbekistan","Bioenergy","2019",0
"UZB","Uzbekistan","Coal","2019",3.82
"UZB","Uzbekistan","Gas","2019",52.56
"UZB","Uzbekistan","Hydro","2019",6.46
"UZB","Uzbekistan","Nuclear","2019",0
"UZB","Uzbekistan","Other Fossil","2019",0.71
"UZB","Uzbekistan","Other Renewables","2019",0
"UZB","Uzbekistan","Solar","2019",0.01
"UZB","Uzbekistan","Wind","2019",0
"UZB","Uzbekistan","Bioenergy","2020",0
"UZB","Uzbekistan","Coal","2020",5.2
"UZB","Uzbekistan","Gas","2020",55.84
"UZB","Uzbekistan","Hydro","2020",5
"UZB","Uzbekistan","Nuclear","2020",0
"UZB","Uzbekistan","Other Fossil","2020",0.48
"UZB","Uzbekistan","Other Renewables","2020",0
"UZB","Uzbekistan","Solar","2020",0.01
"UZB","Uzbekistan","Wind","2020",0
"UZB","Uzbekistan","Bioenergy","2021",0
"UZB","Uzbekistan","Coal","2021",4.96
"UZB","Uzbekistan","Gas","2021",60.06
"UZB","Uzbekistan","Hydro","2021",4.97
"UZB","Uzbekistan","Nuclear","2021",0
"UZB","Uzbekistan","Other Fossil","2021",1.4
"UZB","Uzbekistan","Other Renewables","2021",0
"UZB","Uzbekistan","Solar","2021",0.05
"UZB","Uzbekistan","Wind","2021",0
"UZB","Uzbekistan","Bioenergy","2022",0
"UZB","Uzbekistan","Coal","2022",5.64
"UZB","Uzbekistan","Gas","2022",61.03
"UZB","Uzbekistan","Hydro","2022",6.48
"UZB","Uzbekistan","Nuclear","2022",0
"UZB","Uzbekistan","Other Fossil","2022",1.48
"UZB","Uzbekistan","Other Renewables","2022",0
"UZB","Uzbekistan","Solar","2022",0.44
"UZB","Uzbekistan","Wind","2022",0
"UZB","Uzbekistan","Bioenergy","2023",0
"UZB","Uzbekistan","Coal","2023",5.7
"UZB","Uzbekistan","Gas","2023",62
"UZB","Uzbekistan","Hydro","2023",6.6
"UZB","Uzbekistan","Nuclear","2023",0
"UZB","Uzbekistan","Other Fossil","2023",1.5
"UZB","Uzbekistan","Other Renewables","2023",0
"UZB","Uzbekistan","Solar","2023",0.45
"UZB","Uzbekistan","Wind","2023",0.55
"UZB","Uzbekistan","Bioenergy","2024",0
"UZB","Uzbekistan","Coal","2024",5.7
"UZB","Uzbekistan","Gas","2024",61.3
"UZB","Uzbekistan","Hydro","2024",8.2
"UZB","Uzbekistan","Nuclear","2024",0
"UZB","Uzbekistan","Other Fossil","2024",1.5
"UZB","Uzbekistan","Other Renewables","2024",0
"UZB","Uzbekistan","Solar","2024",2.9
"UZB","Uzbekistan","Wind","2024",1.9
"UZB","Uzbekistan","Bioenergy","2025",0
"UZB","Uzbekistan","Coal","2025",5.7
"UZB","Uzbekistan","Gas","2025",62.7
"UZB","Uzbekistan","Hydro","2025",6.3
"UZB","Uzbekistan","Nuclear","2025",0
"UZB","Uzbekistan","Other Fossil","2025",1.5
"UZB","Uzbekistan","Other Renewables","2025",0
"UZB","Uzbekistan","Solar","2025",6.5
"UZB","Uzbekistan","Wind","2025",4
"VUT","Vanuatu","Bioenergy","2015",0
"VUT","Vanuatu","Coal","2015",0
"VUT","Vanuatu","Gas","2015",0
"VUT","Vanuatu","Hydro","2015",0
"VUT","Vanuatu","Nuclear","2015",0
"VUT","Vanuatu","Other Fossil","2015",0.05
"VUT","Vanuatu","Other Renewables","2015",0
"VUT","Vanuatu","Solar","2015",0
"VUT","Vanuatu","Wind","2015",0.01
"VUT","Vanuatu","Bioenergy","2016",0
"VUT","Vanuatu","Coal","2016",0
"VUT","Vanuatu","Gas","2016",0
"VUT","Vanuatu","Hydro","2016",0
"VUT","Vanuatu","Nuclear","2016",0
"VUT","Vanuatu","Other Fossil","2016",0.06
"VUT","Vanuatu","Other Renewables","2016",0
"VUT","Vanuatu","Solar","2016",0
"VUT","Vanuatu","Wind","2016",0.01
"VUT","Vanuatu","Bioenergy","2017",0
"VUT","Vanuatu","Coal","2017",0
"VUT","Vanuatu","Gas","2017",0
"VUT","Vanuatu","Hydro","2017",0
"VUT","Vanuatu","Nuclear","2017",0
"VUT","Vanuatu","Other Fossil","2017",0.06
"VUT","Vanuatu","Other Renewables","2017",0
"VUT","Vanuatu","Solar","2017",0
"VUT","Vanuatu","Wind","2017",0
"VUT","Vanuatu","Bioenergy","2018",0
"VUT","Vanuatu","Coal","2018",0
"VUT","Vanuatu","Gas","2018",0
"VUT","Vanuatu","Hydro","2018",0.01
"VUT","Vanuatu","Nuclear","2018",0
"VUT","Vanuatu","Other Fossil","2018",0.06
"VUT","Vanuatu","Other Renewables","2018",0
"VUT","Vanuatu","Solar","2018",0.01
"VUT","Vanuatu","Wind","2018",0
"VUT","Vanuatu","Bioenergy","2019",0
"VUT","Vanuatu","Coal","2019",0
"VUT","Vanuatu","Gas","2019",0
"VUT","Vanuatu","Hydro","2019",0.01
"VUT","Vanuatu","Nuclear","2019",0
"VUT","Vanuatu","Other Fossil","2019",0.06
"VUT","Vanuatu","Other Renewables","2019",0
"VUT","Vanuatu","Solar","2019",0.01
"VUT","Vanuatu","Wind","2019",0.01
"VUT","Vanuatu","Bioenergy","2020",0
"VUT","Vanuatu","Coal","2020",0
"VUT","Vanuatu","Gas","2020",0
"VUT","Vanuatu","Hydro","2020",0.01
"VUT","Vanuatu","Nuclear","2020",0
"VUT","Vanuatu","Other Fossil","2020",0.06
"VUT","Vanuatu","Other Renewables","2020",0
"VUT","Vanuatu","Solar","2020",0.01
"VUT","Vanuatu","Wind","2020",0.01
"VUT","Vanuatu","Bioenergy","2021",0
"VUT","Vanuatu","Coal","2021",0
"VUT","Vanuatu","Gas","2021",0
"VUT","Vanuatu","Hydro","2021",0.01
"VUT","Vanuatu","Nuclear","2021",0
"VUT","Vanuatu","Other Fossil","2021",0.06
"VUT","Vanuatu","Other Renewables","2021",0
"VUT","Vanuatu","Solar","2021",0.01
"VUT","Vanuatu","Wind","2021",0
"VUT","Vanuatu","Bioenergy","2022",0
"VUT","Vanuatu","Coal","2022",0
"VUT","Vanuatu","Gas","2022",0
"VUT","Vanuatu","Hydro","2022",0.01
"VUT","Vanuatu","Nuclear","2022",0
"VUT","Vanuatu","Other Fossil","2022",0.06
"VUT","Vanuatu","Other Renewables","2022",0
"VUT","Vanuatu","Solar","2022",0.01
"VUT","Vanuatu","Wind","2022",0
"VUT","Vanuatu","Bioenergy","2023",0
"VUT","Vanuatu","Coal","2023",0
"VUT","Vanuatu","Gas","2023",0
"VUT","Vanuatu","Hydro","2023",0.01
"VUT","Vanuatu","Nuclear","2023",0
"VUT","Vanuatu","Other Fossil","2023",0.06
"VUT","Vanuatu","Other Renewables","2023",0
"VUT","Vanuatu","Solar","2023",0.01
"VUT","Vanuatu","Wind","2023",0
"VEN","Venezuela (Bolivarian Republic of)","Bioenergy","2015",0
"VEN","Venezuela (Bolivarian Republic of)","Coal","2015",0
"VEN","Venezuela (Bolivarian Republic of)","Gas","2015",32.66
"VEN","Venezuela (Bolivarian Republic of)","Hydro","2015",74.9
"VEN","Venezuela (Bolivarian Republic of)","Nuclear","2015",0
"VEN","Venezuela (Bolivarian Republic of)","Other Fossil","2015",19.86
"VEN","Venezuela (Bolivarian Republic of)","Other Renewables","2015",0
"VEN","Venezuela (Bolivarian Republic of)","Solar","2015",0.01
"VEN","Venezuela (Bolivarian Republic of)","Wind","2015",0.09
"VEN","Venezuela (Bolivarian Republic of)","Bioenergy","2016",0
"VEN","Venezuela (Bolivarian Republic of)","Coal","2016",0
"VEN","Venezuela (Bolivarian Republic of)","Gas","2016",35.95
"VEN","Venezuela (Bolivarian Republic of)","Hydro","2016",62.96
"VEN","Venezuela (Bolivarian Republic of)","Nuclear","2016",0
"VEN","Venezuela (Bolivarian Republic of)","Other Fossil","2016",17.93
"VEN","Venezuela (Bolivarian Republic of)","Other Renewables","2016",0
"VEN","Venezuela (Bolivarian Republic of)","Solar","2016",0.01
"VEN","Venezuela (Bolivarian Republic of)","Wind","2016",0.09
"VEN","Venezuela (Bolivarian Republic of)","Bioenergy","2017",0
"VEN","Venezuela (Bolivarian Republic of)","Coal","2017",0
"VEN","Venezuela (Bolivarian Republic of)","Gas","2017",25.96
"VEN","Venezuela (Bolivarian Republic of)","Hydro","2017",60.51
"VEN","Venezuela (Bolivarian Republic of)","Nuclear","2017",0
"VEN","Venezuela (Bolivarian Republic of)","Other Fossil","2017",17.23
"VEN","Venezuela (Bolivarian Republic of)","Other Renewables","2017",0
"VEN","Venezuela (Bolivarian Republic of)","Solar","2017",0.01
"VEN","Venezuela (Bolivarian Republic of)","Wind","2017",0.09
"VEN","Venezuela (Bolivarian Republic of)","Bioenergy","2018",0
"VEN","Venezuela (Bolivarian Republic of)","Coal","2018",0
"VEN","Venezuela (Bolivarian Republic of)","Gas","2018",24.95
"VEN","Venezuela (Bolivarian Republic of)","Hydro","2018",58.15
"VEN","Venezuela (Bolivarian Republic of)","Nuclear","2018",0
"VEN","Venezuela (Bolivarian Republic of)","Other Fossil","2018",16.56
"VEN","Venezuela (Bolivarian Republic of)","Other Renewables","2018",0
"VEN","Venezuela (Bolivarian Republic of)","Solar","2018",0.01
"VEN","Venezuela (Bolivarian Republic of)","Wind","2018",0.04
"VEN","Venezuela (Bolivarian Republic of)","Bioenergy","2019",0
"VEN","Venezuela (Bolivarian Republic of)","Coal","2019",0
"VEN","Venezuela (Bolivarian Republic of)","Gas","2019",21.3
"VEN","Venezuela (Bolivarian Republic of)","Hydro","2019",49.64
"VEN","Venezuela (Bolivarian Republic of)","Nuclear","2019",0
"VEN","Venezuela (Bolivarian Republic of)","Other Fossil","2019",14.14
"VEN","Venezuela (Bolivarian Republic of)","Other Renewables","2019",0
"VEN","Venezuela (Bolivarian Republic of)","Solar","2019",0.01
"VEN","Venezuela (Bolivarian Republic of)","Wind","2019",0.06
"VEN","Venezuela (Bolivarian Republic of)","Bioenergy","2020",0
"VEN","Venezuela (Bolivarian Republic of)","Coal","2020",0
"VEN","Venezuela (Bolivarian Republic of)","Gas","2020",11.66
"VEN","Venezuela (Bolivarian Republic of)","Hydro","2020",62.51
"VEN","Venezuela (Bolivarian Republic of)","Nuclear","2020",0
"VEN","Venezuela (Bolivarian Republic of)","Other Fossil","2020",6.31
"VEN","Venezuela (Bolivarian Republic of)","Other Renewables","2020",0
"VEN","Venezuela (Bolivarian Republic of)","Solar","2020",0.01
"VEN","Venezuela (Bolivarian Republic of)","Wind","2020",0.02
"VEN","Venezuela (Bolivarian Republic of)","Bioenergy","2021",0
"VEN","Venezuela (Bolivarian Republic of)","Coal","2021",0
"VEN","Venezuela (Bolivarian Republic of)","Gas","2021",11.78
"VEN","Venezuela (Bolivarian Republic of)","Hydro","2021",65.68
"VEN","Venezuela (Bolivarian Republic of)","Nuclear","2021",0
"VEN","Venezuela (Bolivarian Republic of)","Other Fossil","2021",5.44
"VEN","Venezuela (Bolivarian Republic of)","Other Renewables","2021",0
"VEN","Venezuela (Bolivarian Republic of)","Solar","2021",0.01
"VEN","Venezuela (Bolivarian Republic of)","Wind","2021",0.02
"VEN","Venezuela (Bolivarian Republic of)","Bioenergy","2022",0
"VEN","Venezuela (Bolivarian Republic of)","Coal","2022",0
"VEN","Venezuela (Bolivarian Republic of)","Gas","2022",12.11
"VEN","Venezuela (Bolivarian Republic of)","Hydro","2022",64.51
"VEN","Venezuela (Bolivarian Republic of)","Nuclear","2022",0
"VEN","Venezuela (Bolivarian Republic of)","Other Fossil","2022",5.71
"VEN","Venezuela (Bolivarian Republic of)","Other Renewables","2022",0
"VEN","Venezuela (Bolivarian Republic of)","Solar","2022",0.01
"VEN","Venezuela (Bolivarian Republic of)","Wind","2022",0.02
"VEN","Venezuela (Bolivarian Republic of)","Bioenergy","2023",0
"VEN","Venezuela (Bolivarian Republic of)","Coal","2023",0
"VEN","Venezuela (Bolivarian Republic of)","Gas","2023",3.69
"VEN","Venezuela (Bolivarian Republic of)","Hydro","2023",64.98
"VEN","Venezuela (Bolivarian Republic of)","Nuclear","2023",0
"VEN","Venezuela (Bolivarian Republic of)","Other Fossil","2023",3.26
"VEN","Venezuela (Bolivarian Republic of)","Other Renewables","2023",0
"VEN","Venezuela (Bolivarian Republic of)","Solar","2023",0.01
"VEN","Venezuela (Bolivarian Republic of)","Wind","2023",0.02
"VEN","Venezuela (Bolivarian Republic of)","Bioenergy","2024",0
"VEN","Venezuela (Bolivarian Republic of)","Coal","2024",0
"VEN","Venezuela (Bolivarian Republic of)","Gas","2024",3.6
"VEN","Venezuela (Bolivarian Republic of)","Hydro","2024",73
"VEN","Venezuela (Bolivarian Republic of)","Nuclear","2024",0
"VEN","Venezuela (Bolivarian Republic of)","Other Fossil","2024",3.5
"VEN","Venezuela (Bolivarian Republic of)","Other Renewables","2024",0
"VEN","Venezuela (Bolivarian Republic of)","Solar","2024",0.01
"VEN","Venezuela (Bolivarian Republic of)","Wind","2024",0.02
"VNM","Viet Nam","Bioenergy","2015",0.07
"VNM","Viet Nam","Coal","2015",56.47
"VNM","Viet Nam","Gas","2015",48.15
"VNM","Viet Nam","Hydro","2015",56.12
"VNM","Viet Nam","Nuclear","2015",0
"VNM","Viet Nam","Other Fossil","2015",0.99
"VNM","Viet Nam","Solar","2015",0.01
"VNM","Viet Nam","Wind","2015",0.12
"VNM","Viet Nam","Bioenergy","2016",0.12
"VNM","Viet Nam","Coal","2016",68.35
"VNM","Viet Nam","Gas","2016",45.37
"VNM","Viet Nam","Hydro","2016",63.94
"VNM","Viet Nam","Nuclear","2016",0
"VNM","Viet Nam","Other Fossil","2016",1.18
"VNM","Viet Nam","Solar","2016",0.01
"VNM","Viet Nam","Wind","2016",0.2
"VNM","Viet Nam","Bioenergy","2017",0.21
"VNM","Viet Nam","Coal","2017",67.71
"VNM","Viet Nam","Gas","2017",40.35
"VNM","Viet Nam","Hydro","2017",85.94
"VNM","Viet Nam","Nuclear","2017",0
"VNM","Viet Nam","Other Fossil","2017",0.15
"VNM","Viet Nam","Solar","2017",0.01
"VNM","Viet Nam","Wind","2017",0.35
"VNM","Viet Nam","Bioenergy","2018",0.49
"VNM","Viet Nam","Coal","2018",91.65
"VNM","Viet Nam","Gas","2018",40.7
"VNM","Viet Nam","Hydro","2018",83.08
"VNM","Viet Nam","Nuclear","2018",0
"VNM","Viet Nam","Other Fossil","2018",0.75
"VNM","Viet Nam","Solar","2018",0.02
"VNM","Viet Nam","Wind","2018",0.49
"VNM","Viet Nam","Bioenergy","2019",0.35
"VNM","Viet Nam","Coal","2019",120.16
"VNM","Viet Nam","Gas","2019",42.51
"VNM","Viet Nam","Hydro","2019",66.12
"VNM","Viet Nam","Nuclear","2019",0
"VNM","Viet Nam","Other Fossil","2019",2.21
"VNM","Viet Nam","Solar","2019",4.82
"VNM","Viet Nam","Wind","2019",0.72
"VNM","Viet Nam","Bioenergy","2020",0.34
"VNM","Viet Nam","Coal","2020",122.53
"VNM","Viet Nam","Gas","2020",34.66
"VNM","Viet Nam","Hydro","2020",72.87
"VNM","Viet Nam","Nuclear","2020",0
"VNM","Viet Nam","Other Fossil","2020",1.86
"VNM","Viet Nam","Solar","2020",10.76
"VNM","Viet Nam","Wind","2020",0.98
"VNM","Viet Nam","Bioenergy","2021",0.32
"VNM","Viet Nam","Coal","2021",118.03
"VNM","Viet Nam","Gas","2021",26.31
"VNM","Viet Nam","Hydro","2021",78.67
"VNM","Viet Nam","Nuclear","2021",0
"VNM","Viet Nam","Other Fossil","2021",0.79
"VNM","Viet Nam","Solar","2021",26.15
"VNM","Viet Nam","Wind","2021",3.34
"VNM","Viet Nam","Bioenergy","2022",0.38
"VNM","Viet Nam","Coal","2022",104.04
"VNM","Viet Nam","Gas","2022",29.22
"VNM","Viet Nam","Hydro","2022",95.91
"VNM","Viet Nam","Nuclear","2022",0
"VNM","Viet Nam","Other Fossil","2022",0.72
"VNM","Viet Nam","Solar","2022",25.75
"VNM","Viet Nam","Wind","2022",9.09
"VNM","Viet Nam","Bioenergy","2023",0.87
"VNM","Viet Nam","Coal","2023",129.76
"VNM","Viet Nam","Gas","2023",26.36
"VNM","Viet Nam","Hydro","2023",80.62
"VNM","Viet Nam","Nuclear","2023",0
"VNM","Viet Nam","Other Fossil","2023",1.7
"VNM","Viet Nam","Solar","2023",25.69
"VNM","Viet Nam","Wind","2023",11.59
"VNM","Viet Nam","Bioenergy","2024",1.03
"VNM","Viet Nam","Coal","2024",152.77
"VNM","Viet Nam","Gas","2024",21.83
"VNM","Viet Nam","Hydro","2024",88.72
"VNM","Viet Nam","Nuclear","2024",0
"VNM","Viet Nam","Other Fossil","2024",0.62
"VNM","Viet Nam","Solar","2024",25.86
"VNM","Viet Nam","Wind","2024",12.75
"VNM","Viet Nam","Bioenergy","2025",1.03
"VNM","Viet Nam","Coal","2025",149.22
"VNM","Viet Nam","Gas","2025",19.34
"VNM","Viet Nam","Hydro","2025",102.35
"VNM","Viet Nam","Nuclear","2025",0
"VNM","Viet Nam","Other Fossil","2025",0.62
"VNM","Viet Nam","Solar","2025",23.07
"VNM","Viet Nam","Wind","2025",14.37
"VGB","Virgin Islands (British)","Bioenergy","2015",0
"VGB","Virgin Islands (British)","Coal","2015",0
"VGB","Virgin Islands (British)","Gas","2015",0
"VGB","Virgin Islands (British)","Hydro","2015",0
"VGB","Virgin Islands (British)","Nuclear","2015",0
"VGB","Virgin Islands (British)","Other Fossil","2015",0.21
"VGB","Virgin Islands (British)","Other Renewables","2015",0
"VGB","Virgin Islands (British)","Solar","2015",0
"VGB","Virgin Islands (British)","Wind","2015",0
"VGB","Virgin Islands (British)","Bioenergy","2016",0
"VGB","Virgin Islands (British)","Coal","2016",0
"VGB","Virgin Islands (British)","Gas","2016",0
"VGB","Virgin Islands (British)","Hydro","2016",0
"VGB","Virgin Islands (British)","Nuclear","2016",0
"VGB","Virgin Islands (British)","Other Fossil","2016",0.22
"VGB","Virgin Islands (British)","Other Renewables","2016",0
"VGB","Virgin Islands (British)","Solar","2016",0
"VGB","Virgin Islands (British)","Wind","2016",0
"VGB","Virgin Islands (British)","Bioenergy","2017",0
"VGB","Virgin Islands (British)","Coal","2017",0
"VGB","Virgin Islands (British)","Gas","2017",0
"VGB","Virgin Islands (British)","Hydro","2017",0
"VGB","Virgin Islands (British)","Nuclear","2017",0
"VGB","Virgin Islands (British)","Other Fossil","2017",0.17
"VGB","Virgin Islands (British)","Other Renewables","2017",0
"VGB","Virgin Islands (British)","Solar","2017",0
"VGB","Virgin Islands (British)","Wind","2017",0
"VGB","Virgin Islands (British)","Bioenergy","2018",0
"VGB","Virgin Islands (British)","Coal","2018",0
"VGB","Virgin Islands (British)","Gas","2018",0
"VGB","Virgin Islands (British)","Hydro","2018",0
"VGB","Virgin Islands (British)","Nuclear","2018",0
"VGB","Virgin Islands (British)","Other Fossil","2018",0.16
"VGB","Virgin Islands (British)","Other Renewables","2018",0
"VGB","Virgin Islands (British)","Solar","2018",0
"VGB","Virgin Islands (British)","Wind","2018",0
"VGB","Virgin Islands (British)","Bioenergy","2019",0
"VGB","Virgin Islands (British)","Coal","2019",0
"VGB","Virgin Islands (British)","Gas","2019",0
"VGB","Virgin Islands (British)","Hydro","2019",0
"VGB","Virgin Islands (British)","Nuclear","2019",0
"VGB","Virgin Islands (British)","Other Fossil","2019",0.16
"VGB","Virgin Islands (British)","Other Renewables","2019",0
"VGB","Virgin Islands (British)","Solar","2019",0
"VGB","Virgin Islands (British)","Wind","2019",0
"VGB","Virgin Islands (British)","Bioenergy","2020",0
"VGB","Virgin Islands (British)","Coal","2020",0
"VGB","Virgin Islands (British)","Gas","2020",0
"VGB","Virgin Islands (British)","Hydro","2020",0
"VGB","Virgin Islands (British)","Nuclear","2020",0
"VGB","Virgin Islands (British)","Other Fossil","2020",0.16
"VGB","Virgin Islands (British)","Other Renewables","2020",0
"VGB","Virgin Islands (British)","Solar","2020",0
"VGB","Virgin Islands (British)","Wind","2020",0
"VGB","Virgin Islands (British)","Bioenergy","2021",0
"VGB","Virgin Islands (British)","Coal","2021",0
"VGB","Virgin Islands (British)","Gas","2021",0
"VGB","Virgin Islands (British)","Hydro","2021",0
"VGB","Virgin Islands (British)","Nuclear","2021",0
"VGB","Virgin Islands (British)","Other Fossil","2021",0.17
"VGB","Virgin Islands (British)","Other Renewables","2021",0
"VGB","Virgin Islands (British)","Solar","2021",0
"VGB","Virgin Islands (British)","Wind","2021",0
"VGB","Virgin Islands (British)","Bioenergy","2022",0
"VGB","Virgin Islands (British)","Coal","2022",0
"VGB","Virgin Islands (British)","Gas","2022",0
"VGB","Virgin Islands (British)","Hydro","2022",0
"VGB","Virgin Islands (British)","Nuclear","2022",0
"VGB","Virgin Islands (British)","Other Fossil","2022",0.17
"VGB","Virgin Islands (British)","Other Renewables","2022",0
"VGB","Virgin Islands (British)","Solar","2022",0
"VGB","Virgin Islands (British)","Wind","2022",0
"VGB","Virgin Islands (British)","Bioenergy","2023",0
"VGB","Virgin Islands (British)","Coal","2023",0
"VGB","Virgin Islands (British)","Gas","2023",0
"VGB","Virgin Islands (British)","Hydro","2023",0
"VGB","Virgin Islands (British)","Nuclear","2023",0
"VGB","Virgin Islands (British)","Other Fossil","2023",0.17
"VGB","Virgin Islands (British)","Other Renewables","2023",0
"VGB","Virgin Islands (British)","Solar","2023",0
"VGB","Virgin Islands (British)","Wind","2023",0
"VIR","Virgin Islands (U.S.)","Bioenergy","2015",0
"VIR","Virgin Islands (U.S.)","Coal","2015",0
"VIR","Virgin Islands (U.S.)","Gas","2015",0
"VIR","Virgin Islands (U.S.)","Hydro","2015",0
"VIR","Virgin Islands (U.S.)","Nuclear","2015",0
"VIR","Virgin Islands (U.S.)","Other Fossil","2015",0.77
"VIR","Virgin Islands (U.S.)","Other Renewables","2015",0
"VIR","Virgin Islands (U.S.)","Solar","2015",0.01
"VIR","Virgin Islands (U.S.)","Wind","2015",0
"VIR","Virgin Islands (U.S.)","Bioenergy","2016",0
"VIR","Virgin Islands (U.S.)","Coal","2016",0
"VIR","Virgin Islands (U.S.)","Gas","2016",0
"VIR","Virgin Islands (U.S.)","Hydro","2016",0
"VIR","Virgin Islands (U.S.)","Nuclear","2016",0
"VIR","Virgin Islands (U.S.)","Other Fossil","2016",0.76
"VIR","Virgin Islands (U.S.)","Other Renewables","2016",0
"VIR","Virgin Islands (U.S.)","Solar","2016",0.01
"VIR","Virgin Islands (U.S.)","Wind","2016",0
"VIR","Virgin Islands (U.S.)","Bioenergy","2017",0
"VIR","Virgin Islands (U.S.)","Coal","2017",0
"VIR","Virgin Islands (U.S.)","Gas","2017",0
"VIR","Virgin Islands (U.S.)","Hydro","2017",0
"VIR","Virgin Islands (U.S.)","Nuclear","2017",0
"VIR","Virgin Islands (U.S.)","Other Fossil","2017",0.59
"VIR","Virgin Islands (U.S.)","Other Renewables","2017",0
"VIR","Virgin Islands (U.S.)","Solar","2017",0.01
"VIR","Virgin Islands (U.S.)","Wind","2017",0
"VIR","Virgin Islands (U.S.)","Bioenergy","2018",0
"VIR","Virgin Islands (U.S.)","Coal","2018",0
"VIR","Virgin Islands (U.S.)","Gas","2018",0
"VIR","Virgin Islands (U.S.)","Hydro","2018",0
"VIR","Virgin Islands (U.S.)","Nuclear","2018",0
"VIR","Virgin Islands (U.S.)","Other Fossil","2018",0.61
"VIR","Virgin Islands (U.S.)","Other Renewables","2018",0
"VIR","Virgin Islands (U.S.)","Solar","2018",0.01
"VIR","Virgin Islands (U.S.)","Wind","2018",0
"VIR","Virgin Islands (U.S.)","Bioenergy","2019",0
"VIR","Virgin Islands (U.S.)","Coal","2019",0
"VIR","Virgin Islands (U.S.)","Gas","2019",0
"VIR","Virgin Islands (U.S.)","Hydro","2019",0
"VIR","Virgin Islands (U.S.)","Nuclear","2019",0
"VIR","Virgin Islands (U.S.)","Other Fossil","2019",0.65
"VIR","Virgin Islands (U.S.)","Other Renewables","2019",0
"VIR","Virgin Islands (U.S.)","Solar","2019",0.01
"VIR","Virgin Islands (U.S.)","Wind","2019",0
"VIR","Virgin Islands (U.S.)","Bioenergy","2020",0
"VIR","Virgin Islands (U.S.)","Coal","2020",0
"VIR","Virgin Islands (U.S.)","Gas","2020",0
"VIR","Virgin Islands (U.S.)","Hydro","2020",0
"VIR","Virgin Islands (U.S.)","Nuclear","2020",0
"VIR","Virgin Islands (U.S.)","Other Fossil","2020",0.63
"VIR","Virgin Islands (U.S.)","Other Renewables","2020",0
"VIR","Virgin Islands (U.S.)","Solar","2020",0.01
"VIR","Virgin Islands (U.S.)","Wind","2020",0
"VIR","Virgin Islands (U.S.)","Bioenergy","2021",0
"VIR","Virgin Islands (U.S.)","Coal","2021",0
"VIR","Virgin Islands (U.S.)","Gas","2021",0
"VIR","Virgin Islands (U.S.)","Hydro","2021",0
"VIR","Virgin Islands (U.S.)","Nuclear","2021",0
"VIR","Virgin Islands (U.S.)","Other Fossil","2021",0.64
"VIR","Virgin Islands (U.S.)","Other Renewables","2021",0
"VIR","Virgin Islands (U.S.)","Solar","2021",0.02
"VIR","Virgin Islands (U.S.)","Wind","2021",0
"VIR","Virgin Islands (U.S.)","Bioenergy","2022",0
"VIR","Virgin Islands (U.S.)","Coal","2022",0
"VIR","Virgin Islands (U.S.)","Gas","2022",0
"VIR","Virgin Islands (U.S.)","Hydro","2022",0
"VIR","Virgin Islands (U.S.)","Nuclear","2022",0
"VIR","Virgin Islands (U.S.)","Other Fossil","2022",0.66
"VIR","Virgin Islands (U.S.)","Other Renewables","2022",0
"VIR","Virgin Islands (U.S.)","Solar","2022",0.02
"VIR","Virgin Islands (U.S.)","Wind","2022",0
"VIR","Virgin Islands (U.S.)","Bioenergy","2023",0
"VIR","Virgin Islands (U.S.)","Coal","2023",0
"VIR","Virgin Islands (U.S.)","Gas","2023",0
"VIR","Virgin Islands (U.S.)","Hydro","2023",0
"VIR","Virgin Islands (U.S.)","Nuclear","2023",0
"VIR","Virgin Islands (U.S.)","Other Fossil","2023",0.66
"VIR","Virgin Islands (U.S.)","Other Renewables","2023",0
"VIR","Virgin Islands (U.S.)","Solar","2023",0.02
"VIR","Virgin Islands (U.S.)","Wind","2023",0
"YEM","Yemen","Bioenergy","2015",0
"YEM","Yemen","Coal","2015",0
"YEM","Yemen","Gas","2015",2.26
"YEM","Yemen","Hydro","2015",0
"YEM","Yemen","Nuclear","2015",0
"YEM","Yemen","Other Fossil","2015",3.38
"YEM","Yemen","Other Renewables","2015",0
"YEM","Yemen","Solar","2015",0.12
"YEM","Yemen","Wind","2015",0
"YEM","Yemen","Bioenergy","2016",0
"YEM","Yemen","Coal","2016",0
"YEM","Yemen","Gas","2016",1.58
"YEM","Yemen","Hydro","2016",0
"YEM","Yemen","Nuclear","2016",0
"YEM","Yemen","Other Fossil","2016",3.07
"YEM","Yemen","Other Renewables","2016",0
"YEM","Yemen","Solar","2016",0.16
"YEM","Yemen","Wind","2016",0
"YEM","Yemen","Bioenergy","2017",0
"YEM","Yemen","Coal","2017",0
"YEM","Yemen","Gas","2017",0.95
"YEM","Yemen","Hydro","2017",0
"YEM","Yemen","Nuclear","2017",0
"YEM","Yemen","Other Fossil","2017",2.91
"YEM","Yemen","Other Renewables","2017",0
"YEM","Yemen","Solar","2017",0.19
"YEM","Yemen","Wind","2017",0
"YEM","Yemen","Bioenergy","2018",0
"YEM","Yemen","Coal","2018",0
"YEM","Yemen","Gas","2018",0.32
"YEM","Yemen","Hydro","2018",0
"YEM","Yemen","Nuclear","2018",0
"YEM","Yemen","Other Fossil","2018",2.69
"YEM","Yemen","Other Renewables","2018",0
"YEM","Yemen","Solar","2018",0.48
"YEM","Yemen","Wind","2018",0
"YEM","Yemen","Bioenergy","2019",0
"YEM","Yemen","Coal","2019",0
"YEM","Yemen","Gas","2019",0.32
"YEM","Yemen","Hydro","2019",0
"YEM","Yemen","Nuclear","2019",0
"YEM","Yemen","Other Fossil","2019",2.48
"YEM","Yemen","Other Renewables","2019",0
"YEM","Yemen","Solar","2019",0.48
"YEM","Yemen","Wind","2019",0
"YEM","Yemen","Bioenergy","2020",0
"YEM","Yemen","Coal","2020",0
"YEM","Yemen","Gas","2020",0.41
"YEM","Yemen","Hydro","2020",0
"YEM","Yemen","Nuclear","2020",0
"YEM","Yemen","Other Fossil","2020",2.04
"YEM","Yemen","Other Renewables","2020",0
"YEM","Yemen","Solar","2020",0.49
"YEM","Yemen","Wind","2020",0
"YEM","Yemen","Bioenergy","2021",0
"YEM","Yemen","Coal","2021",0
"YEM","Yemen","Gas","2021",0.63
"YEM","Yemen","Hydro","2021",0
"YEM","Yemen","Nuclear","2021",0
"YEM","Yemen","Other Fossil","2021",1.79
"YEM","Yemen","Other Renewables","2021",0
"YEM","Yemen","Solar","2021",0.5
"YEM","Yemen","Wind","2021",0
"YEM","Yemen","Bioenergy","2022",0
"YEM","Yemen","Coal","2022",0
"YEM","Yemen","Gas","2022",0.54
"YEM","Yemen","Hydro","2022",0
"YEM","Yemen","Nuclear","2022",0
"YEM","Yemen","Other Fossil","2022",1.98
"YEM","Yemen","Other Renewables","2022",0
"YEM","Yemen","Solar","2022",0.51
"YEM","Yemen","Wind","2022",0
"YEM","Yemen","Bioenergy","2023",0
"YEM","Yemen","Coal","2023",0
"YEM","Yemen","Gas","2023",0.06
"YEM","Yemen","Hydro","2023",0
"YEM","Yemen","Nuclear","2023",0
"YEM","Yemen","Other Fossil","2023",4.54
"YEM","Yemen","Other Renewables","2023",0
"YEM","Yemen","Solar","2023",0.52
"YEM","Yemen","Wind","2023",0
"YEM","Yemen","Bioenergy","2024",0
"YEM","Yemen","Coal","2024",0
"YEM","Yemen","Gas","2024",0.06
"YEM","Yemen","Hydro","2024",0
"YEM","Yemen","Nuclear","2024",0
"YEM","Yemen","Other Fossil","2024",4.6
"YEM","Yemen","Other Renewables","2024",0
"YEM","Yemen","Solar","2024",0.59
"YEM","Yemen","Wind","2024",0
"ZMB","Zambia","Bioenergy","2015",0.07
"ZMB","Zambia","Coal","2015",0
"ZMB","Zambia","Gas","2015",0
"ZMB","Zambia","Hydro","2015",13.04
"ZMB","Zambia","Nuclear","2015",0
"ZMB","Zambia","Other Fossil","2015",0.4
"ZMB","Zambia","Other Renewables","2015",0
"ZMB","Zambia","Solar","2015",0
"ZMB","Zambia","Wind","2015",0
"ZMB","Zambia","Bioenergy","2016",0.08
"ZMB","Zambia","Coal","2016",0.33
"ZMB","Zambia","Gas","2016",0
"ZMB","Zambia","Hydro","2016",11.02
"ZMB","Zambia","Nuclear","2016",0
"ZMB","Zambia","Other Fossil","2016",0.34
"ZMB","Zambia","Other Renewables","2016",0
"ZMB","Zambia","Solar","2016",0
"ZMB","Zambia","Wind","2016",0
"ZMB","Zambia","Bioenergy","2017",0.08
"ZMB","Zambia","Coal","2017",1.28
"ZMB","Zambia","Gas","2017",0
"ZMB","Zambia","Hydro","2017",12.49
"ZMB","Zambia","Nuclear","2017",0
"ZMB","Zambia","Other Fossil","2017",0.71
"ZMB","Zambia","Other Renewables","2017",0
"ZMB","Zambia","Solar","2017",0
"ZMB","Zambia","Wind","2017",0
"ZMB","Zambia","Bioenergy","2018",0.07
"ZMB","Zambia","Coal","2018",2.04
"ZMB","Zambia","Gas","2018",0
"ZMB","Zambia","Hydro","2018",13.71
"ZMB","Zambia","Nuclear","2018",0
"ZMB","Zambia","Other Fossil","2018",0.46
"ZMB","Zambia","Other Renewables","2018",0
"ZMB","Zambia","Solar","2018",0
"ZMB","Zambia","Wind","2018",0
"ZMB","Zambia","Bioenergy","2019",0.07
"ZMB","Zambia","Coal","2019",1.67
"ZMB","Zambia","Gas","2019",0
"ZMB","Zambia","Hydro","2019",12.33
"ZMB","Zambia","Nuclear","2019",0
"ZMB","Zambia","Other Fossil","2019",0.6
"ZMB","Zambia","Other Renewables","2019",0
"ZMB","Zambia","Solar","2019",0.12
"ZMB","Zambia","Wind","2019",0
"ZMB","Zambia","Bioenergy","2020",0.08
"ZMB","Zambia","Coal","2020",1.89
"ZMB","Zambia","Gas","2020",0
"ZMB","Zambia","Hydro","2020",12.79
"ZMB","Zambia","Nuclear","2020",0
"ZMB","Zambia","Other Fossil","2020",0.32
"ZMB","Zambia","Other Renewables","2020",0
"ZMB","Zambia","Solar","2020",0.15
"ZMB","Zambia","Wind","2020",0
"ZMB","Zambia","Bioenergy","2021",0.08
"ZMB","Zambia","Coal","2021",1.3
"ZMB","Zambia","Gas","2021",0
"ZMB","Zambia","Hydro","2021",16.07
"ZMB","Zambia","Nuclear","2021",0
"ZMB","Zambia","Other Fossil","2021",0.12
"ZMB","Zambia","Other Renewables","2021",0
"ZMB","Zambia","Solar","2021",0.15
"ZMB","Zambia","Wind","2021",0
"ZMB","Zambia","Bioenergy","2022",0.08
"ZMB","Zambia","Coal","2022",2.16
"ZMB","Zambia","Gas","2022",0
"ZMB","Zambia","Hydro","2022",17.09
"ZMB","Zambia","Nuclear","2022",0
"ZMB","Zambia","Other Fossil","2022",0
"ZMB","Zambia","Other Renewables","2022",0
"ZMB","Zambia","Solar","2022",0.14
"ZMB","Zambia","Wind","2022",0
"ZMB","Zambia","Bioenergy","2023",0.08
"ZMB","Zambia","Coal","2023",2.13
"ZMB","Zambia","Gas","2023",0
"ZMB","Zambia","Hydro","2023",17.09
"ZMB","Zambia","Nuclear","2023",0
"ZMB","Zambia","Other Fossil","2023",0.01
"ZMB","Zambia","Other Renewables","2023",0
"ZMB","Zambia","Solar","2023",0.15
"ZMB","Zambia","Wind","2023",0
"ZMB","Zambia","Bioenergy","2024",0.08
"ZMB","Zambia","Coal","2024",2.13
"ZMB","Zambia","Gas","2024",0
"ZMB","Zambia","Hydro","2024",17
"ZMB","Zambia","Nuclear","2024",0
"ZMB","Zambia","Other Fossil","2024",0.34
"ZMB","Zambia","Other Renewables","2024",0
"ZMB","Zambia","Solar","2024",0.17
"ZMB","Zambia","Wind","2024",0
"ZWE","Zimbabwe","Bioenergy","2015",0.04
"ZWE","Zimbabwe","Coal","2015",4.54
"ZWE","Zimbabwe","Gas","2015",0
"ZWE","Zimbabwe","Hydro","2015",4.99
"ZWE","Zimbabwe","Nuclear","2015",0
"ZWE","Zimbabwe","Other Fossil","2015",0.01
"ZWE","Zimbabwe","Other Renewables","2015",0
"ZWE","Zimbabwe","Solar","2015",0.01
"ZWE","Zimbabwe","Wind","2015",0
"ZWE","Zimbabwe","Bioenergy","2016",0.23
"ZWE","Zimbabwe","Coal","2016",3.91
"ZWE","Zimbabwe","Gas","2016",0
"ZWE","Zimbabwe","Hydro","2016",2.98
"ZWE","Zimbabwe","Nuclear","2016",0
"ZWE","Zimbabwe","Other Fossil","2016",0.04
"ZWE","Zimbabwe","Other Renewables","2016",0
"ZWE","Zimbabwe","Solar","2016",0.01
"ZWE","Zimbabwe","Wind","2016",0
"ZWE","Zimbabwe","Bioenergy","2017",0.15
"ZWE","Zimbabwe","Coal","2017",3.38
"ZWE","Zimbabwe","Gas","2017",0
"ZWE","Zimbabwe","Hydro","2017",3.97
"ZWE","Zimbabwe","Nuclear","2017",0
"ZWE","Zimbabwe","Other Fossil","2017",0.04
"ZWE","Zimbabwe","Other Renewables","2017",0
"ZWE","Zimbabwe","Solar","2017",0.01
"ZWE","Zimbabwe","Wind","2017",0
"ZWE","Zimbabwe","Bioenergy","2018",0.19
"ZWE","Zimbabwe","Coal","2018",4.13
"ZWE","Zimbabwe","Gas","2018",0
"ZWE","Zimbabwe","Hydro","2018",5.05
"ZWE","Zimbabwe","Nuclear","2018",0
"ZWE","Zimbabwe","Other Fossil","2018",0.05
"ZWE","Zimbabwe","Other Renewables","2018",0
"ZWE","Zimbabwe","Solar","2018",0.01
"ZWE","Zimbabwe","Wind","2018",0
"ZWE","Zimbabwe","Bioenergy","2019",0.19
"ZWE","Zimbabwe","Coal","2019",4.05
"ZWE","Zimbabwe","Gas","2019",0
"ZWE","Zimbabwe","Hydro","2019",4.17
"ZWE","Zimbabwe","Nuclear","2019",0
"ZWE","Zimbabwe","Other Fossil","2019",0.05
"ZWE","Zimbabwe","Other Renewables","2019",0
"ZWE","Zimbabwe","Solar","2019",0.02
"ZWE","Zimbabwe","Wind","2019",0
"ZWE","Zimbabwe","Bioenergy","2020",0.1
"ZWE","Zimbabwe","Coal","2020",2.74
"ZWE","Zimbabwe","Gas","2020",0
"ZWE","Zimbabwe","Hydro","2020",3.81
"ZWE","Zimbabwe","Nuclear","2020",0
"ZWE","Zimbabwe","Other Fossil","2020",0.04
"ZWE","Zimbabwe","Other Renewables","2020",0
"ZWE","Zimbabwe","Solar","2020",0.02
"ZWE","Zimbabwe","Wind","2020",0
"ZWE","Zimbabwe","Bioenergy","2021",0.11
"ZWE","Zimbabwe","Coal","2021",2.51
"ZWE","Zimbabwe","Gas","2021",0
"ZWE","Zimbabwe","Hydro","2021",5.93
"ZWE","Zimbabwe","Nuclear","2021",0
"ZWE","Zimbabwe","Other Fossil","2021",0
"ZWE","Zimbabwe","Other Renewables","2021",0
"ZWE","Zimbabwe","Solar","2021",0.02
"ZWE","Zimbabwe","Wind","2021",0
"ZWE","Zimbabwe","Bioenergy","2022",0.11
"ZWE","Zimbabwe","Coal","2022",2.92
"ZWE","Zimbabwe","Gas","2022",0
"ZWE","Zimbabwe","Hydro","2022",5.88
"ZWE","Zimbabwe","Nuclear","2022",0
"ZWE","Zimbabwe","Other Fossil","2022",0
"ZWE","Zimbabwe","Other Renewables","2022",0
"ZWE","Zimbabwe","Solar","2022",0.03
"ZWE","Zimbabwe","Wind","2022",0
"ZWE","Zimbabwe","Bioenergy","2023",0.12
"ZWE","Zimbabwe","Coal","2023",4.38
"ZWE","Zimbabwe","Gas","2023",0
"ZWE","Zimbabwe","Hydro","2023",5.46
"ZWE","Zimbabwe","Nuclear","2023",0
"ZWE","Zimbabwe","Other Fossil","2023",0
"ZWE","Zimbabwe","Other Renewables","2023",0
"ZWE","Zimbabwe","Solar","2023",0.03
"ZWE","Zimbabwe","Wind","2023",0
"ZWE","Zimbabwe","Bioenergy","2024",0.12
"ZWE","Zimbabwe","Coal","2024",4.4
"ZWE","Zimbabwe","Gas","2024",0
"ZWE","Zimbabwe","Hydro","2024",5.7
"ZWE","Zimbabwe","Nuclear","2024",0
"ZWE","Zimbabwe","Other Fossil","2024",0
"ZWE","Zimbabwe","Other Renewables","2024",0
"ZWE","Zimbabwe","Solar","2024",0.04
"ZWE","Zimbabwe","Wind","2024",0
"US-AL","Alabama","Bioenergy","2015",3.28928
"US-AL","Alabama","Coal","2015",41.41043
"US-AL","Alabama","Gas","2015",55.84446
"US-AL","Alabama","Hydro","2015",9.8618
"US-AL","Alabama","Nuclear","2015",41.95138
"US-AL","Alabama","Other Fossil","2015",0.12007
"US-AL","Alabama","Other Renewables","2015",0
"US-AL","Alabama","Solar","2015",0.00321
"US-AL","Alabama","Bioenergy","2016",3.33525
"US-AL","Alabama","Coal","2016",34.25841
"US-AL","Alabama","Gas","2016",57.80362
"US-AL","Alabama","Hydro","2016",6.9848
"US-AL","Alabama","Nuclear","2016",39.90188
"US-AL","Alabama","Other Fossil","2016",0.06989
"US-AL","Alabama","Other Renewables","2016",0
"US-AL","Alabama","Solar","2016",0.03889
"US-AL","Alabama","Bioenergy","2017",3.42566
"US-AL","Alabama","Coal","2017",31.4404
"US-AL","Alabama","Gas","2017",52.98366
"US-AL","Alabama","Hydro","2017",9.23732
"US-AL","Alabama","Nuclear","2017",42.65197
"US-AL","Alabama","Other Fossil","2017",0.04454
"US-AL","Alabama","Other Renewables","2017",0
"US-AL","Alabama","Solar","2017",0.18871
"US-AL","Alabama","Bioenergy","2018",3.44638
"US-AL","Alabama","Coal","2018",31.77752
"US-AL","Alabama","Gas","2018",58.80042
"US-AL","Alabama","Hydro","2018",11.14314
"US-AL","Alabama","Nuclear","2018",39.46283
"US-AL","Alabama","Other Fossil","2018",0.07046
"US-AL","Alabama","Other Renewables","2018",0
"US-AL","Alabama","Solar","2018",0.36811
"US-AL","Alabama","Bioenergy","2019",3.35746
"US-AL","Alabama","Coal","2019",26.65507
"US-AL","Alabama","Gas","2019",57.19737
"US-AL","Alabama","Hydro","2019",11.40522
"US-AL","Alabama","Nuclear","2019",43.65686
"US-AL","Alabama","Other Fossil","2019",0.02252
"US-AL","Alabama","Other Renewables","2019",0
"US-AL","Alabama","Solar","2019",0.39911
"US-AL","Alabama","Bioenergy","2020",3.30644
"US-AL","Alabama","Coal","2020",21.72953
"US-AL","Alabama","Gas","2020",55.225
"US-AL","Alabama","Hydro","2020",13.34913
"US-AL","Alabama","Nuclear","2020",43.55065
"US-AL","Alabama","Other Fossil","2020",0.01322
"US-AL","Alabama","Other Renewables","2020",0
"US-AL","Alabama","Solar","2020",0.38358
"US-AL","Alabama","Bioenergy","2021",3.31125
"US-AL","Alabama","Coal","2021",26.90091
"US-AL","Alabama","Gas","2021",54.44788
"US-AL","Alabama","Hydro","2021",11.52081
"US-AL","Alabama","Nuclear","2021",46.03649
"US-AL","Alabama","Other Fossil","2021",0.02201
"US-AL","Alabama","Other Renewables","2021",0
"US-AL","Alabama","Solar","2021",0.51263
"US-AL","Alabama","Bioenergy","2022",3.19015
"US-AL","Alabama","Coal","2022",25.94399
"US-AL","Alabama","Gas","2022",62.21745
"US-AL","Alabama","Hydro","2022",10.18821
"US-AL","Alabama","Nuclear","2022",42.31366
"US-AL","Alabama","Other Fossil","2022",0.04087
"US-AL","Alabama","Other Renewables","2022",0
"US-AL","Alabama","Solar","2022",0.91636
"US-AL","Alabama","Bioenergy","2023",3.17072
"US-AL","Alabama","Coal","2023",19.18196
"US-AL","Alabama","Gas","2023",61.84837
"US-AL","Alabama","Hydro","2023",8.42972
"US-AL","Alabama","Nuclear","2023",45.57904
"US-AL","Alabama","Other Fossil","2023",0.02448
"US-AL","Alabama","Other Renewables","2023",0
"US-AL","Alabama","Solar","2023",1.22282
"US-AL","Alabama","Bioenergy","2024",3.26718
"US-AL","Alabama","Coal","2024",20.93617
"US-AL","Alabama","Gas","2024",64.59875
"US-AL","Alabama","Hydro","2024",8.35726
"US-AL","Alabama","Nuclear","2024",44.4872
"US-AL","Alabama","Other Fossil","2024",0.01952
"US-AL","Alabama","Other Renewables","2024",0
"US-AL","Alabama","Solar","2024",1.28224
"US-AL","Alabama","Bioenergy","2025",3.25769
"US-AL","Alabama","Coal","2025",21.66151
"US-AL","Alabama","Gas","2025",64.81873
"US-AL","Alabama","Hydro","2025",8.27638
"US-AL","Alabama","Nuclear","2025",42.67267
"US-AL","Alabama","Other Fossil","2025",0.01671
"US-AL","Alabama","Other Renewables","2025",0
"US-AL","Alabama","Solar","2025",1.36277
"US-AK","Alaska","Bioenergy","2015",0.05489
"US-AK","Alaska","Coal","2015",0.66755
"US-AK","Alaska","Gas","2015",3.08971
"US-AK","Alaska","Hydro","2015",1.56893
"US-AK","Alaska","Other Fossil","2015",0.74416
"US-AK","Alaska","Other Renewables","2015",0.00476
"US-AK","Alaska","Wind","2015",0.15969
"US-AK","Alaska","Bioenergy","2016",0.04302
"US-AK","Alaska","Coal","2016",0.59414
"US-AK","Alaska","Gas","2016",3.04049
"US-AK","Alaska","Hydro","2016",1.65915
"US-AK","Alaska","Other Fossil","2016",0.82894
"US-AK","Alaska","Other Renewables","2016",5e-04
"US-AK","Alaska","Solar","2016",0.0012
"US-AK","Alaska","Wind","2016",0.1693
"US-AK","Alaska","Bioenergy","2017",0.04356
"US-AK","Alaska","Coal","2017",0.55571
"US-AK","Alaska","Gas","2017",3.23487
"US-AK","Alaska","Hydro","2017",1.64367
"US-AK","Alaska","Other Fossil","2017",0.87797
"US-AK","Alaska","Other Renewables","2017",0.00138
"US-AK","Alaska","Solar","2017",0.00182
"US-AK","Alaska","Wind","2017",0.14169
"US-AK","Alaska","Bioenergy","2018",0.04547
"US-AK","Alaska","Coal","2018",0.62856
"US-AK","Alaska","Gas","2018",2.9479
"US-AK","Alaska","Hydro","2018",1.66422
"US-AK","Alaska","Other Fossil","2018",0.80618
"US-AK","Alaska","Other Renewables","2018",0.00279
"US-AK","Alaska","Solar","2018",0.00273
"US-AK","Alaska","Wind","2018",0.15501
"US-AK","Alaska","Bioenergy","2019",0.03755
"US-AK","Alaska","Coal","2019",0.68305
"US-AK","Alaska","Gas","2019",2.68699
"US-AK","Alaska","Hydro","2019",1.62337
"US-AK","Alaska","Other Fossil","2019",0.89729
"US-AK","Alaska","Other Renewables","2019",0.00066
"US-AK","Alaska","Solar","2019",0.00406
"US-AK","Alaska","Wind","2019",0.14259
"US-AK","Alaska","Bioenergy","2020",0.03906
"US-AK","Alaska","Coal","2020",0.72179
"US-AK","Alaska","Gas","2020",2.64076
"US-AK","Alaska","Hydro","2020",1.76395
"US-AK","Alaska","Other Fossil","2020",0.98235
"US-AK","Alaska","Other Renewables","2020",0.00012
"US-AK","Alaska","Solar","2020",0.00672
"US-AK","Alaska","Wind","2020",0.12853
"US-AK","Alaska","Bioenergy","2021",0.03807
"US-AK","Alaska","Coal","2021",0.75289
"US-AK","Alaska","Gas","2021",3.0854
"US-AK","Alaska","Hydro","2021",1.6889
"US-AK","Alaska","Other Fossil","2021",0.89834
"US-AK","Alaska","Other Renewables","2021",0
"US-AK","Alaska","Solar","2021",0.01225
"US-AK","Alaska","Wind","2021",0.13221
"US-AK","Alaska","Bioenergy","2022",0.04084
"US-AK","Alaska","Coal","2022",0.72693
"US-AK","Alaska","Gas","2022",3.22938
"US-AK","Alaska","Hydro","2022",1.71343
"US-AK","Alaska","Other Fossil","2022",0.84428
"US-AK","Alaska","Other Renewables","2022",0
"US-AK","Alaska","Solar","2022",0.01572
"US-AK","Alaska","Wind","2022",0.13928
"US-AK","Alaska","Bioenergy","2023",0.03892
"US-AK","Alaska","Coal","2023",0.73068
"US-AK","Alaska","Gas","2023",3.18241
"US-AK","Alaska","Hydro","2023",1.77339
"US-AK","Alaska","Other Fossil","2023",0.88101
"US-AK","Alaska","Other Renewables","2023",0
"US-AK","Alaska","Solar","2023",0.0185
"US-AK","Alaska","Wind","2023",0.11137
"US-AK","Alaska","Bioenergy","2024",0.043
"US-AK","Alaska","Coal","2024",0.75234
"US-AK","Alaska","Gas","2024",3.13419
"US-AK","Alaska","Hydro","2024",1.71504
"US-AK","Alaska","Other Fossil","2024",0.9148
"US-AK","Alaska","Other Renewables","2024",0.00024
"US-AK","Alaska","Solar","2024",0.02823
"US-AK","Alaska","Wind","2024",0.12337
"US-AK","Alaska","Bioenergy","2025",0.04072
"US-AK","Alaska","Coal","2025",0.78996
"US-AK","Alaska","Gas","2025",2.60104
"US-AK","Alaska","Hydro","2025",1.84982
"US-AK","Alaska","Other Fossil","2025",1.0183
"US-AK","Alaska","Other Renewables","2025",0
"US-AK","Alaska","Solar","2025",0.03423
"US-AK","Alaska","Wind","2025",0.12998
"US-AZ","Arizona","Bioenergy","2015",0.22663
"US-AZ","Arizona","Coal","2015",36.16717
"US-AZ","Arizona","Gas","2015",33.6571
"US-AZ","Arizona","Hydro","2015",6.60879
"US-AZ","Arizona","Nuclear","2015",32.5256
"US-AZ","Arizona","Other Fossil","2015",0.04812
"US-AZ","Arizona","Other Renewables","2015",0
"US-AZ","Arizona","Solar","2015",4.82669
"US-AZ","Arizona","Wind","2015",0.45204
"US-AZ","Arizona","Bioenergy","2016",0.21438
"US-AZ","Arizona","Coal","2016",30.40339
"US-AZ","Arizona","Gas","2016",34.18281
"US-AZ","Arizona","Hydro","2016",7.22639
"US-AZ","Arizona","Nuclear","2016",32.37748
"US-AZ","Arizona","Other Fossil","2016",0.05159
"US-AZ","Arizona","Other Renewables","2016",0
"US-AZ","Arizona","Solar","2016",5.36925
"US-AZ","Arizona","Wind","2016",0.54158
"US-AZ","Arizona","Bioenergy","2017",0.17125
"US-AZ","Arizona","Coal","2017",31.39614
"US-AZ","Arizona","Gas","2017",29.5907
"US-AZ","Arizona","Hydro","2017",6.78606
"US-AZ","Arizona","Nuclear","2017",32.34014
"US-AZ","Arizona","Other Fossil","2017",0.05554
"US-AZ","Arizona","Solar","2017",6.83452
"US-AZ","Arizona","Wind","2017",0.56993
"US-AZ","Arizona","Bioenergy","2018",0.21949
"US-AZ","Arizona","Coal","2018",30.74462
"US-AZ","Arizona","Gas","2018",37.16807
"US-AZ","Arizona","Hydro","2018",6.97772
"US-AZ","Arizona","Nuclear","2018",31.09726
"US-AZ","Arizona","Other Fossil","2018",0.04741
"US-AZ","Arizona","Solar","2018",7.40559
"US-AZ","Arizona","Wind","2018",0.53019
"US-AZ","Arizona","Bioenergy","2019",0.23067
"US-AZ","Arizona","Coal","2019",23.21797
"US-AZ","Arizona","Gas","2019",46.08437
"US-AZ","Arizona","Hydro","2019",6.20691
"US-AZ","Arizona","Nuclear","2019",31.92037
"US-AZ","Arizona","Other Fossil","2019",0.05931
"US-AZ","Arizona","Solar","2019",7.8496
"US-AZ","Arizona","Wind","2019",0.55437
"US-AZ","Arizona","Bioenergy","2020",0.22283
"US-AZ","Arizona","Coal","2020",13.74725
"US-AZ","Arizona","Gas","2020",50.77757
"US-AZ","Arizona","Hydro","2020",6.48585
"US-AZ","Arizona","Nuclear","2020",31.55243
"US-AZ","Arizona","Other Fossil","2020",0.03751
"US-AZ","Arizona","Solar","2020",8.74949
"US-AZ","Arizona","Wind","2020",0.64416
"US-AZ","Arizona","Bioenergy","2021",0.21012
"US-AZ","Arizona","Coal","2021",14.30057
"US-AZ","Arizona","Gas","2021",48.05313
"US-AZ","Arizona","Hydro","2021",6.06375
"US-AZ","Arizona","Nuclear","2021",31.62986
"US-AZ","Arizona","Other Fossil","2021",0.03599
"US-AZ","Arizona","Solar","2021",10.08149
"US-AZ","Arizona","Wind","2021",1.60032
"US-AZ","Arizona","Bioenergy","2022",0.20427
"US-AZ","Arizona","Coal","2022",13.44947
"US-AZ","Arizona","Gas","2022",45.05325
"US-AZ","Arizona","Hydro","2022",5.39458
"US-AZ","Arizona","Nuclear","2022",31.94279
"US-AZ","Arizona","Other Fossil","2022",0.021
"US-AZ","Arizona","Solar","2022",11.06308
"US-AZ","Arizona","Wind","2022",1.56435
"US-AZ","Arizona","Bioenergy","2023",0.19303
"US-AZ","Arizona","Coal","2023",12.06855
"US-AZ","Arizona","Gas","2023",52.8175
"US-AZ","Arizona","Hydro","2023",6.07358
"US-AZ","Arizona","Nuclear","2023",31.52259
"US-AZ","Arizona","Other Fossil","2023",-0.00799
"US-AZ","Arizona","Solar","2023",12.30931
"US-AZ","Arizona","Wind","2023",1.73335
"US-AZ","Arizona","Bioenergy","2024",0.18443
"US-AZ","Arizona","Coal","2024",9.81466
"US-AZ","Arizona","Gas","2024",55.08993
"US-AZ","Arizona","Hydro","2024",5.38245
"US-AZ","Arizona","Nuclear","2024",32.38812
"US-AZ","Arizona","Other Fossil","2024",-0.1942
"US-AZ","Arizona","Solar","2024",16.26641
"US-AZ","Arizona","Wind","2024",2.54046
"US-AZ","Arizona","Bioenergy","2025",0.21333
"US-AZ","Arizona","Coal","2025",9.21882
"US-AZ","Arizona","Gas","2025",52.72768
"US-AZ","Arizona","Hydro","2025",5.01004
"US-AZ","Arizona","Nuclear","2025",31.32181
"US-AZ","Arizona","Other Fossil","2025",-0.44274
"US-AZ","Arizona","Solar","2025",21.399
"US-AZ","Arizona","Wind","2025",3.14987
"US-AR","Arkansas","Bioenergy","2015",1.44096
"US-AR","Arkansas","Coal","2015",21.74003
"US-AR","Arkansas","Gas","2015",14.86629
"US-AR","Arkansas","Hydro","2015",3.60086
"US-AR","Arkansas","Nuclear","2015",13.83779
"US-AR","Arkansas","Other Fossil","2015",0.07257
"US-AR","Arkansas","Other Renewables","2015",0.01961
"US-AR","Arkansas","Solar","2015",0.00634
"US-AR","Arkansas","Bioenergy","2016",1.36983
"US-AR","Arkansas","Coal","2016",23.80007
"US-AR","Arkansas","Gas","2016",18.17119
"US-AR","Arkansas","Hydro","2016",3.60881
"US-AR","Arkansas","Nuclear","2016",13.42102
"US-AR","Arkansas","Other Fossil","2016",0.048
"US-AR","Arkansas","Other Renewables","2016",0.04807
"US-AR","Arkansas","Solar","2016",0.0332
"US-AR","Arkansas","Bioenergy","2017",1.43666
"US-AR","Arkansas","Coal","2017",26.28544
"US-AR","Arkansas","Gas","2017",17.31437
"US-AR","Arkansas","Hydro","2017",2.96379
"US-AR","Arkansas","Nuclear","2017",12.69108
"US-AR","Arkansas","Other Fossil","2017",0.05306
"US-AR","Arkansas","Other Renewables","2017",0.0392
"US-AR","Arkansas","Solar","2017",0.04071
"US-AR","Arkansas","Bioenergy","2018",1.36569
"US-AR","Arkansas","Coal","2018",29.9961
"US-AR","Arkansas","Gas","2018",20.62371
"US-AR","Arkansas","Hydro","2018",3.04902
"US-AR","Arkansas","Nuclear","2018",12.72082
"US-AR","Arkansas","Other Fossil","2018",0.0406
"US-AR","Arkansas","Other Renewables","2018",0.02588
"US-AR","Arkansas","Solar","2018",0.22518
"US-AR","Arkansas","Bioenergy","2019",1.33462
"US-AR","Arkansas","Coal","2019",23.3132
"US-AR","Arkansas","Gas","2019",21.7724
"US-AR","Arkansas","Hydro","2019",4.18542
"US-AR","Arkansas","Nuclear","2019",13.57495
"US-AR","Arkansas","Other Fossil","2019",0.05198
"US-AR","Arkansas","Other Renewables","2019",0.02765
"US-AR","Arkansas","Solar","2019",0.24576
"US-AR","Arkansas","Bioenergy","2020",0.93293
"US-AR","Arkansas","Coal","2020",15.421
"US-AR","Arkansas","Gas","2020",18.30733
"US-AR","Arkansas","Hydro","2020",4.5962
"US-AR","Arkansas","Nuclear","2020",15.06305
"US-AR","Arkansas","Other Fossil","2020",0.0486
"US-AR","Arkansas","Other Renewables","2020",0.01697
"US-AR","Arkansas","Solar","2020",0.35839
"US-AR","Arkansas","Bioenergy","2021",0.8586
"US-AR","Arkansas","Coal","2021",21.41888
"US-AR","Arkansas","Gas","2021",20.62913
"US-AR","Arkansas","Hydro","2021",4.11238
"US-AR","Arkansas","Nuclear","2021",13.55568
"US-AR","Arkansas","Other Fossil","2021",0.0631
"US-AR","Arkansas","Other Renewables","2021",0.00447
"US-AR","Arkansas","Solar","2021",0.63106
"US-AR","Arkansas","Bioenergy","2022",0.84131
"US-AR","Arkansas","Coal","2022",20.36087
"US-AR","Arkansas","Gas","2022",26.03743
"US-AR","Arkansas","Hydro","2022",3.53602
"US-AR","Arkansas","Nuclear","2022",14.3237
"US-AR","Arkansas","Other Fossil","2022",0.06922
"US-AR","Arkansas","Other Renewables","2022",7e-04
"US-AR","Arkansas","Solar","2022",0.96673
"US-AR","Arkansas","Bioenergy","2023",0.71348
"US-AR","Arkansas","Coal","2023",16.84444
"US-AR","Arkansas","Gas","2023",26.48747
"US-AR","Arkansas","Hydro","2023",3.32931
"US-AR","Arkansas","Nuclear","2023",14.97248
"US-AR","Arkansas","Other Fossil","2023",0.05095
"US-AR","Arkansas","Other Renewables","2023",0
"US-AR","Arkansas","Solar","2023",1.19403
"US-AR","Arkansas","Bioenergy","2024",0.79225
"US-AR","Arkansas","Coal","2024",15.66036
"US-AR","Arkansas","Gas","2024",24.72531
"US-AR","Arkansas","Hydro","2024",3.21099
"US-AR","Arkansas","Nuclear","2024",14.76278
"US-AR","Arkansas","Other Fossil","2024",0.06171
"US-AR","Arkansas","Other Renewables","2024",0
"US-AR","Arkansas","Solar","2024",2.84033
"US-AR","Arkansas","Bioenergy","2025",0.84891
"US-AR","Arkansas","Coal","2025",20.37959
"US-AR","Arkansas","Gas","2025",22.03804
"US-AR","Arkansas","Hydro","2025",3.29133
"US-AR","Arkansas","Nuclear","2025",15.19305
"US-AR","Arkansas","Other Fossil","2025",0.00579
"US-AR","Arkansas","Other Renewables","2025",0
"US-AR","Arkansas","Solar","2025",5.19333
"US-AR","Arkansas","Wind","2025",0.17621
"US-CA","California","Bioenergy","2015",6.46789
"US-CA","California","Coal","2015",0.29787
"US-CA","California","Gas","2015",116.13961
"US-CA","California","Hydro","2015",13.92115
"US-CA","California","Nuclear","2015",18.50538
"US-CA","California","Other Fossil","2015",2.44487
"US-CA","California","Other Renewables","2015",12.7246
"US-CA","California","Solar","2015",20.82866
"US-CA","California","Wind","2015",12.22956
"US-CA","California","Bioenergy","2016",5.93922
"US-CA","California","Coal","2016",0.31888
"US-CA","California","Gas","2016",97.07366
"US-CA","California","Hydro","2016",28.68277
"US-CA","California","Nuclear","2016",18.90758
"US-CA","California","Other Fossil","2016",2.18427
"US-CA","California","Other Renewables","2016",12.31415
"US-CA","California","Solar","2016",27.03693
"US-CA","California","Wind","2016",13.50904
"US-CA","California","Bioenergy","2017",5.80846
"US-CA","California","Coal","2017",0.29109
"US-CA","California","Gas","2017",88.35016
"US-CA","California","Hydro","2017",42.77059
"US-CA","California","Nuclear","2017",17.90108
"US-CA","California","Other Fossil","2017",2.28967
"US-CA","California","Other Renewables","2017",12.33704
"US-CA","California","Solar","2017",34.95817
"US-CA","California","Wind","2017",12.82295
"US-CA","California","Bioenergy","2018",5.94642
"US-CA","California","Coal","2018",0.28133
"US-CA","California","Gas","2018",89.8047
"US-CA","California","Hydro","2018",26.18209
"US-CA","California","Nuclear","2018",18.21352
"US-CA","California","Other Fossil","2018",2.35161
"US-CA","California","Other Renewables","2018",12.48663
"US-CA","California","Solar","2018",39.90383
"US-CA","California","Wind","2018",14.02395
"US-CA","California","Bioenergy","2019",5.94056
"US-CA","California","Coal","2019",0.24046
"US-CA","California","Gas","2019",85.84077
"US-CA","California","Hydro","2019",38.32415
"US-CA","California","Nuclear","2019",16.16538
"US-CA","California","Other Fossil","2019",2.29218
"US-CA","California","Other Renewables","2019",11.75833
"US-CA","California","Solar","2019",43.49302
"US-CA","California","Wind","2019",13.73507
"US-CA","California","Bioenergy","2020",5.64017
"US-CA","California","Coal","2020",0.29029
"US-CA","California","Gas","2020",92.04669
"US-CA","California","Hydro","2020",21.34035
"US-CA","California","Nuclear","2020",16.2587
"US-CA","California","Other Fossil","2020",2.27655
"US-CA","California","Other Renewables","2020",12.13006
"US-CA","California","Solar","2020",47.67988
"US-CA","California","Wind","2020",13.58309
"US-CA","California","Bioenergy","2021",5.41606
"US-CA","California","Coal","2021",0.29415
"US-CA","California","Gas","2021",97.42709
"US-CA","California","Hydro","2021",14.36015
"US-CA","California","Nuclear","2021",16.47737
"US-CA","California","Other Fossil","2021",2.02181
"US-CA","California","Other Renewables","2021",11.91852
"US-CA","California","Solar","2021",54.71248
"US-CA","California","Wind","2021",15.17701
"US-CA","California","Bioenergy","2022",5.30732
"US-CA","California","Coal","2022",0.25156
"US-CA","California","Gas","2022",96.37155
"US-CA","California","Hydro","2022",17.4891
"US-CA","California","Nuclear","2022",17.59325
"US-CA","California","Other Fossil","2022",1.76268
"US-CA","California","Other Renewables","2022",11.86771
"US-CA","California","Solar","2022",62.90992
"US-CA","California","Wind","2022",14.63806
"US-CA","California","Bioenergy","2023",5.06215
"US-CA","California","Coal","2023",0.20886
"US-CA","California","Gas","2023",94.39016
"US-CA","California","Hydro","2023",31.98864
"US-CA","California","Nuclear","2023",17.71837
"US-CA","California","Other Fossil","2023",0.97452
"US-CA","California","Other Renewables","2023",11.99196
"US-CA","California","Solar","2023",68.97809
"US-CA","California","Wind","2023",14.01919
"US-CA","California","Bioenergy","2024",4.74989
"US-CA","California","Coal","2024",0.24555
"US-CA","California","Gas","2024",86.65567
"US-CA","California","Hydro","2024",29.40824
"US-CA","California","Nuclear","2024",18.37884
"US-CA","California","Other Fossil","2024",0.15274
"US-CA","California","Other Renewables","2024",11.33467
"US-CA","California","Solar","2024",80.15183
"US-CA","California","Wind","2024",15.64835
"US-CA","California","Bioenergy","2025",4.43764
"US-CA","California","Coal","2025",0.23425
"US-CA","California","Gas","2025",73.32568
"US-CA","California","Hydro","2025",28.11553
"US-CA","California","Nuclear","2025",17.55839
"US-CA","California","Other Fossil","2025",-0.36427
"US-CA","California","Other Renewables","2025",11.50512
"US-CA","California","Solar","2025",90.10297
"US-CA","California","Wind","2025",16.25684
"US-CO","Colorado","Bioenergy","2015",0.08056
"US-CO","Colorado","Coal","2015",31.54089
"US-CO","Colorado","Gas","2015",11.64375
"US-CO","Colorado","Hydro","2015",1.34164
"US-CO","Colorado","Other Fossil","2015",0.05959
"US-CO","Colorado","Other Renewables","2015",0.03535
"US-CO","Colorado","Solar","2015",0.64259
"US-CO","Colorado","Wind","2015",7.47528
"US-CO","Colorado","Bioenergy","2016",0.1623
"US-CO","Colorado","Coal","2016",29.94868
"US-CO","Colorado","Gas","2016",12.67944
"US-CO","Colorado","Hydro","2016",1.60839
"US-CO","Colorado","Other Fossil","2016",0.06036
"US-CO","Colorado","Other Renewables","2016",0.03042
"US-CO","Colorado","Solar","2016",0.99912
"US-CO","Colorado","Wind","2016",9.4212
"US-CO","Colorado","Bioenergy","2017",0.16585
"US-CO","Colorado","Coal","2017",29.24222
"US-CO","Colorado","Gas","2017",12.53224
"US-CO","Colorado","Hydro","2017",1.57058
"US-CO","Colorado","Other Fossil","2017",0.06396
"US-CO","Colorado","Other Renewables","2017",0.02956
"US-CO","Colorado","Solar","2017",1.48513
"US-CO","Colorado","Wind","2017",9.31466
"US-CO","Colorado","Bioenergy","2018",0.16443
"US-CO","Colorado","Coal","2018",26.38206
"US-CO","Colorado","Gas","2018",16.39844
"US-CO","Colorado","Hydro","2018",1.56265
"US-CO","Colorado","Other Fossil","2018",0.07117
"US-CO","Colorado","Other Renewables","2018",0.03187
"US-CO","Colorado","Solar","2018",1.65254
"US-CO","Colorado","Wind","2018",9.74515
"US-CO","Colorado","Bioenergy","2019",0.16204
"US-CO","Colorado","Coal","2019",25.3205
"US-CO","Colorado","Gas","2019",17.09712
"US-CO","Colorado","Hydro","2019",1.61912
"US-CO","Colorado","Other Fossil","2019",0.06836
"US-CO","Colorado","Other Renewables","2019",0.0326
"US-CO","Colorado","Solar","2019",1.85166
"US-CO","Colorado","Wind","2019",10.85238
"US-CO","Colorado","Bioenergy","2020",0.16648
"US-CO","Colorado","Coal","2020",19.4784
"US-CO","Colorado","Gas","2020",18.17134
"US-CO","Colorado","Hydro","2020",1.51717
"US-CO","Colorado","Other Fossil","2020",-0.10831
"US-CO","Colorado","Other Renewables","2020",0.03301
"US-CO","Colorado","Solar","2020",2.20438
"US-CO","Colorado","Wind","2020",13.38623
"US-CO","Colorado","Bioenergy","2021",0.16908
"US-CO","Colorado","Coal","2021",23.60204
"US-CO","Colorado","Gas","2021",14.55977
"US-CO","Colorado","Hydro","2021",1.56281
"US-CO","Colorado","Other Fossil","2021",0.08912
"US-CO","Colorado","Other Renewables","2021",0.03598
"US-CO","Colorado","Solar","2021",2.78611
"US-CO","Colorado","Wind","2021",15.1257
"US-CO","Colorado","Bioenergy","2022",0.16293
"US-CO","Colorado","Coal","2022",21.723
"US-CO","Colorado","Gas","2022",15.44553
"US-CO","Colorado","Hydro","2022",1.3234
"US-CO","Colorado","Other Fossil","2022",0.0779
"US-CO","Colorado","Other Renewables","2022",0.03844
"US-CO","Colorado","Solar","2022",3.77174
"US-CO","Colorado","Wind","2022",16.91113
"US-CO","Colorado","Bioenergy","2023",0.13351
"US-CO","Colorado","Coal","2023",18.78762
"US-CO","Colorado","Gas","2023",17.21976
"US-CO","Colorado","Hydro","2023",1.62158
"US-CO","Colorado","Other Fossil","2023",0.07255
"US-CO","Colorado","Other Renewables","2023",0.03793
"US-CO","Colorado","Solar","2023",5.3192
"US-CO","Colorado","Wind","2023",16.09108
"US-CO","Colorado","Bioenergy","2024",0.08801
"US-CO","Colorado","Coal","2024",16.47772
"US-CO","Colorado","Gas","2024",17.9268
"US-CO","Colorado","Hydro","2024",1.7273
"US-CO","Colorado","Other Fossil","2024",0.03803
"US-CO","Colorado","Other Renewables","2024",0.03749
"US-CO","Colorado","Solar","2024",6.97401
"US-CO","Colorado","Wind","2024",17.60201
"US-CO","Colorado","Bioenergy","2025",0.07464
"US-CO","Colorado","Coal","2025",14.01834
"US-CO","Colorado","Gas","2025",18.11238
"US-CO","Colorado","Hydro","2025",1.90889
"US-CO","Colorado","Other Fossil","2025",0.00493
"US-CO","Colorado","Other Renewables","2025",0.03696
"US-CO","Colorado","Solar","2025",7.81981
"US-CO","Colorado","Wind","2025",17.11815
"US-CT","Connecticut","Bioenergy","2015",0.78747
"US-CT","Connecticut","Coal","2015",0.60047
"US-CT","Connecticut","Gas","2015",17.36231
"US-CT","Connecticut","Hydro","2015",0.29876
"US-CT","Connecticut","Nuclear","2015",17.41092
"US-CT","Connecticut","Other Fossil","2015",0.99326
"US-CT","Connecticut","Other Renewables","2015",0.00106
"US-CT","Connecticut","Solar","2015",0.21621
"US-CT","Connecticut","Bioenergy","2016",0.85607
"US-CT","Connecticut","Coal","2016",0.17737
"US-CT","Connecticut","Gas","2016",17.9515
"US-CT","Connecticut","Hydro","2016",0.22973
"US-CT","Connecticut","Nuclear","2016",16.57549
"US-CT","Connecticut","Other Fossil","2016",0.66913
"US-CT","Connecticut","Other Renewables","2016",0.00106
"US-CT","Connecticut","Solar","2016",0.34447
"US-CT","Connecticut","Wind","2016",0.01274
"US-CT","Connecticut","Bioenergy","2017",0.79239
"US-CT","Connecticut","Coal","2017",0.19751
"US-CT","Connecticut","Gas","2017",15.96126
"US-CT","Connecticut","Hydro","2017",0.33398
"US-CT","Connecticut","Nuclear","2017",16.49962
"US-CT","Connecticut","Other Fossil","2017",0.72532
"US-CT","Connecticut","Other Renewables","2017",0.00091
"US-CT","Connecticut","Solar","2017",0.44711
"US-CT","Connecticut","Wind","2017",0.01271
"US-CT","Connecticut","Bioenergy","2018",0.75557
"US-CT","Connecticut","Coal","2018",0.3297
"US-CT","Connecticut","Gas","2018",20.00646
"US-CT","Connecticut","Hydro","2018",0.55879
"US-CT","Connecticut","Nuclear","2018",16.88149
"US-CT","Connecticut","Other Fossil","2018",0.80369
"US-CT","Connecticut","Other Renewables","2018",0.00085
"US-CT","Connecticut","Solar","2018",0.60532
"US-CT","Connecticut","Wind","2018",0.0123
"US-CT","Connecticut","Bioenergy","2019",0.74937
"US-CT","Connecticut","Coal","2019",0.05305
"US-CT","Connecticut","Gas","2019",21.3431
"US-CT","Connecticut","Hydro","2019",0.43007
"US-CT","Connecticut","Nuclear","2019",16.7334
"US-CT","Connecticut","Other Fossil","2019",0.59038
"US-CT","Connecticut","Other Renewables","2019",0.00077
"US-CT","Connecticut","Solar","2019",0.73837
"US-CT","Connecticut","Wind","2019",0.01222
"US-CT","Connecticut","Bioenergy","2020",0.78176
"US-CT","Connecticut","Coal","2020",-0.01908
"US-CT","Connecticut","Gas","2020",23.53681
"US-CT","Connecticut","Hydro","2020",0.32727
"US-CT","Connecticut","Nuclear","2020",15.71486
"US-CT","Connecticut","Other Fossil","2020",0.62309
"US-CT","Connecticut","Other Renewables","2020",0.00071
"US-CT","Connecticut","Solar","2020",0.94884
"US-CT","Connecticut","Wind","2020",0.01218
"US-CT","Connecticut","Bioenergy","2021",0.75685
"US-CT","Connecticut","Coal","2021",0.24465
"US-CT","Connecticut","Gas","2021",24.4889
"US-CT","Connecticut","Hydro","2021",0.478
"US-CT","Connecticut","Nuclear","2021",17.21651
"US-CT","Connecticut","Other Fossil","2021",0.61708
"US-CT","Connecticut","Other Renewables","2021",0.00053
"US-CT","Connecticut","Solar","2021",1.12864
"US-CT","Connecticut","Wind","2021",0.01276
"US-CT","Connecticut","Bioenergy","2022",0.51398
"US-CT","Connecticut","Coal","2022",0
"US-CT","Connecticut","Gas","2022",24.53069
"US-CT","Connecticut","Hydro","2022",0.31354
"US-CT","Connecticut","Nuclear","2022",16.46417
"US-CT","Connecticut","Other Fossil","2022",0.80606
"US-CT","Connecticut","Other Renewables","2022",0.00061
"US-CT","Connecticut","Solar","2022",1.47032
"US-CT","Connecticut","Wind","2022",0.01283
"US-CT","Connecticut","Bioenergy","2023",0.59068
"US-CT","Connecticut","Coal","2023",0
"US-CT","Connecticut","Gas","2023",24.95202
"US-CT","Connecticut","Hydro","2023",0.46983
"US-CT","Connecticut","Nuclear","2023",13.66946
"US-CT","Connecticut","Other Fossil","2023",0.55354
"US-CT","Connecticut","Other Renewables","2023",0.00091
"US-CT","Connecticut","Solar","2023",1.65888
"US-CT","Connecticut","Wind","2023",0.00989
"US-CT","Connecticut","Bioenergy","2024",0.55089
"US-CT","Connecticut","Coal","2024",0
"US-CT","Connecticut","Gas","2024",26.03634
"US-CT","Connecticut","Hydro","2024",0.37334
"US-CT","Connecticut","Nuclear","2024",16.8703
"US-CT","Connecticut","Other Fossil","2024",0.44366
"US-CT","Connecticut","Other Renewables","2024",0.00106
"US-CT","Connecticut","Solar","2024",1.93467
"US-CT","Connecticut","Wind","2024",0.01045
"US-CT","Connecticut","Bioenergy","2025",0.59073
"US-CT","Connecticut","Coal","2025",0
"US-CT","Connecticut","Gas","2025",24.46031
"US-CT","Connecticut","Hydro","2025",0.33965
"US-CT","Connecticut","Nuclear","2025",16.70872
"US-CT","Connecticut","Other Fossil","2025",0.68082
"US-CT","Connecticut","Other Renewables","2025",0
"US-CT","Connecticut","Solar","2025",2.50491
"US-CT","Connecticut","Wind","2025",0.01225
"US-DE","Delaware","Bioenergy","2015",0.0763
"US-DE","Delaware","Coal","2015",0.59859
"US-DE","Delaware","Gas","2015",6.68927
"US-DE","Delaware","Other Fossil","2015",0.39222
"US-DE","Delaware","Solar","2015",0.12785
"US-DE","Delaware","Wind","2015",0.00513
"US-DE","Delaware","Bioenergy","2016",0.06799
"US-DE","Delaware","Coal","2016",0.47935
"US-DE","Delaware","Gas","2016",7.78747
"US-DE","Delaware","Other Fossil","2016",0.34005
"US-DE","Delaware","Solar","2016",0.11851
"US-DE","Delaware","Wind","2016",0.00532
"US-DE","Delaware","Bioenergy","2017",0.06281
"US-DE","Delaware","Coal","2017",0.3588
"US-DE","Delaware","Gas","2017",6.72319
"US-DE","Delaware","Other Fossil","2017",0.29593
"US-DE","Delaware","Solar","2017",0.14264
"US-DE","Delaware","Wind","2017",0.00497
"US-DE","Delaware","Bioenergy","2018",0.0591
"US-DE","Delaware","Coal","2018",0.27339
"US-DE","Delaware","Gas","2018",5.40015
"US-DE","Delaware","Other Fossil","2018",0.453
"US-DE","Delaware","Solar","2018",0.1595
"US-DE","Delaware","Wind","2018",0.00521
"US-DE","Delaware","Bioenergy","2019",0.06139
"US-DE","Delaware","Coal","2019",0.11912
"US-DE","Delaware","Gas","2019",4.80624
"US-DE","Delaware","Other Fossil","2019",0.21271
"US-DE","Delaware","Solar","2019",0.1783
"US-DE","Delaware","Wind","2019",0.00527
"US-DE","Delaware","Bioenergy","2020",0.07204
"US-DE","Delaware","Coal","2020",0.10227
"US-DE","Delaware","Gas","2020",4.81809
"US-DE","Delaware","Other Fossil","2020",0.15361
"US-DE","Delaware","Solar","2020",0.18261
"US-DE","Delaware","Wind","2020",0.00518
"US-DE","Delaware","Bioenergy","2021",0.07365
"US-DE","Delaware","Coal","2021",0.27673
"US-DE","Delaware","Gas","2021",3.7342
"US-DE","Delaware","Other Fossil","2021",0.15857
"US-DE","Delaware","Solar","2021",0.19592
"US-DE","Delaware","Wind","2021",0.00485
"US-DE","Delaware","Bioenergy","2022",0.07897
"US-DE","Delaware","Coal","2022",0.10475
"US-DE","Delaware","Gas","2022",4.74965
"US-DE","Delaware","Other Fossil","2022",0.30675
"US-DE","Delaware","Solar","2022",0.22193
"US-DE","Delaware","Wind","2022",0.00438
"US-DE","Delaware","Bioenergy","2023",0.0663
"US-DE","Delaware","Coal","2023",-0.0065
"US-DE","Delaware","Gas","2023",4.38264
"US-DE","Delaware","Other Fossil","2023",0.1702
"US-DE","Delaware","Solar","2023",0.34394
"US-DE","Delaware","Wind","2023",0.00416
"US-DE","Delaware","Bioenergy","2024",0.04169
"US-DE","Delaware","Coal","2024",0.14388
"US-DE","Delaware","Gas","2024",4.20567
"US-DE","Delaware","Other Fossil","2024",0.23957
"US-DE","Delaware","Solar","2024",0.36854
"US-DE","Delaware","Wind","2024",0.00263
"US-DE","Delaware","Bioenergy","2025",0.03788
"US-DE","Delaware","Coal","2025",0.25272
"US-DE","Delaware","Gas","2025",4.55632
"US-DE","Delaware","Other Fossil","2025",0.30984
"US-DE","Delaware","Solar","2025",0.405
"US-DE","Delaware","Wind","2025",0.00495
"US-FL","Florida","Bioenergy","2015",4.9195
"US-FL","Florida","Coal","2015",42.90401
"US-FL","Florida","Gas","2015",155.82416
"US-FL","Florida","Hydro","2015",0.24429
"US-FL","Florida","Nuclear","2015",28.12192
"US-FL","Florida","Other Fossil","2015",3.60729
"US-FL","Florida","Other Renewables","2015",0.74364
"US-FL","Florida","Solar","2015",0.37997
"US-FL","Florida","Bioenergy","2016",4.64314
"US-FL","Florida","Coal","2016",39.42947
"US-FL","Florida","Gas","2016",158.49544
"US-FL","Florida","Hydro","2016",0.17455
"US-FL","Florida","Nuclear","2016",29.32002
"US-FL","Florida","Other Fossil","2016",3.92706
"US-FL","Florida","Other Renewables","2016",0.85177
"US-FL","Florida","Solar","2016",0.42887
"US-FL","Florida","Bioenergy","2017",5.00919
"US-FL","Florida","Coal","2017",37.51276
"US-FL","Florida","Gas","2017",161.10459
"US-FL","Florida","Hydro","2017",0.2183
"US-FL","Florida","Nuclear","2017",29.14622
"US-FL","Florida","Other Fossil","2017",3.59503
"US-FL","Florida","Other Renewables","2017",0.84665
"US-FL","Florida","Solar","2017",1.16905
"US-FL","Florida","Bioenergy","2018",5.08447
"US-FL","Florida","Coal","2018",30.2722
"US-FL","Florida","Gas","2018",171.87222
"US-FL","Florida","Hydro","2018",0.23257
"US-FL","Florida","Nuclear","2018",29.31235
"US-FL","Florida","Other Fossil","2018",3.56065
"US-FL","Florida","Other Renewables","2018",0.54808
"US-FL","Florida","Solar","2018",2.84147
"US-FL","Florida","Bioenergy","2019",4.44913
"US-FL","Florida","Coal","2019",21.2482
"US-FL","Florida","Gas","2019",182.00684
"US-FL","Florida","Hydro","2019",0.20988
"US-FL","Florida","Nuclear","2019",29.10807
"US-FL","Florida","Other Fossil","2019",3.47895
"US-FL","Florida","Other Renewables","2019",0.38147
"US-FL","Florida","Solar","2019",4.58995
"US-FL","Florida","Bioenergy","2020",4.02538
"US-FL","Florida","Coal","2020",16.59773
"US-FL","Florida","Gas","2020",189.42047
"US-FL","Florida","Hydro","2020",0.23168
"US-FL","Florida","Nuclear","2020",29.41935
"US-FL","Florida","Other Fossil","2020",3.15303
"US-FL","Florida","Other Renewables","2020",0.3217
"US-FL","Florida","Solar","2020",7.62698
"US-FL","Florida","Bioenergy","2021",4.22788
"US-FL","Florida","Coal","2021",18.3848
"US-FL","Florida","Gas","2021",182.61984
"US-FL","Florida","Hydro","2021",0.25161
"US-FL","Florida","Nuclear","2021",29.51489
"US-FL","Florida","Other Fossil","2021",3.05059
"US-FL","Florida","Other Renewables","2021",0.33141
"US-FL","Florida","Solar","2021",10.75372
"US-FL","Florida","Bioenergy","2022",4.00587
"US-FL","Florida","Coal","2022",15.53157
"US-FL","Florida","Gas","2022",193.31002
"US-FL","Florida","Hydro","2022",0.23096
"US-FL","Florida","Nuclear","2022",30.76833
"US-FL","Florida","Other Fossil","2022",2.88966
"US-FL","Florida","Other Renewables","2022",0.34884
"US-FL","Florida","Solar","2022",13.88458
"US-FL","Florida","Bioenergy","2023",3.12377
"US-FL","Florida","Coal","2023",11.69145
"US-FL","Florida","Gas","2023",197.19064
"US-FL","Florida","Hydro","2023",0.22419
"US-FL","Florida","Nuclear","2023",29.94019
"US-FL","Florida","Other Fossil","2023",2.58653
"US-FL","Florida","Other Renewables","2023",0.32963
"US-FL","Florida","Solar","2023",17.80433
"US-FL","Florida","Bioenergy","2024",2.96538
"US-FL","Florida","Coal","2024",7.84632
"US-FL","Florida","Gas","2024",204.50727
"US-FL","Florida","Hydro","2024",0.17724
"US-FL","Florida","Nuclear","2024",29.05359
"US-FL","Florida","Other Fossil","2024",2.27412
"US-FL","Florida","Other Renewables","2024",0.32404
"US-FL","Florida","Solar","2024",23.26053
"US-FL","Florida","Bioenergy","2025",3.26011
"US-FL","Florida","Coal","2025",10.18463
"US-FL","Florida","Gas","2025",195.31084
"US-FL","Florida","Hydro","2025",0.16532
"US-FL","Florida","Nuclear","2025",30.58761
"US-FL","Florida","Other Fossil","2025",2.35595
"US-FL","Florida","Other Renewables","2025",0.32454
"US-FL","Florida","Solar","2025",30.13101
"US-GA","Georgia","Bioenergy","2015",4.73357
"US-GA","Georgia","Coal","2015",37.13063
"US-GA","Georgia","Gas","2015",50.46927
"US-GA","Georgia","Hydro","2015",2.16903
"US-GA","Georgia","Nuclear","2015",33.83846
"US-GA","Georgia","Other Fossil","2015",0.23446
"US-GA","Georgia","Other Renewables","2015",0.15095
"US-GA","Georgia","Solar","2015",0.22949
"US-GA","Georgia","Bioenergy","2016",4.57342
"US-GA","Georgia","Coal","2016",37.89047
"US-GA","Georgia","Gas","2016",52.86246
"US-GA","Georgia","Hydro","2016",2.37965
"US-GA","Georgia","Nuclear","2016",34.48066
"US-GA","Georgia","Other Fossil","2016",0.21545
"US-GA","Georgia","Other Renewables","2016",0.06536
"US-GA","Georgia","Solar","2016",1.07562
"US-GA","Georgia","Bioenergy","2017",5.01834
"US-GA","Georgia","Coal","2017",32.48706
"US-GA","Georgia","Gas","2017",52.7225
"US-GA","Georgia","Hydro","2017",1.16217
"US-GA","Georgia","Nuclear","2017",33.7088
"US-GA","Georgia","Other Fossil","2017",0.22983
"US-GA","Georgia","Other Renewables","2017",0.0408
"US-GA","Georgia","Solar","2017",2.21248
"US-GA","Georgia","Bioenergy","2018",4.99856
"US-GA","Georgia","Coal","2018",32.18055
"US-GA","Georgia","Gas","2018",51.97211
"US-GA","Georgia","Hydro","2018",3.20811
"US-GA","Georgia","Nuclear","2018",34.36268
"US-GA","Georgia","Other Fossil","2018",0.36514
"US-GA","Georgia","Other Renewables","2018",0.03437
"US-GA","Georgia","Solar","2018",2.26548
"US-GA","Georgia","Bioenergy","2019",5.37569
"US-GA","Georgia","Coal","2019",25.24531
"US-GA","Georgia","Gas","2019",58.62
"US-GA","Georgia","Hydro","2019",3.35753
"US-GA","Georgia","Nuclear","2019",33.59118
"US-GA","Georgia","Other Fossil","2019",0.20125
"US-GA","Georgia","Other Renewables","2019",0.03692
"US-GA","Georgia","Solar","2019",2.4673
"US-GA","Georgia","Bioenergy","2020",5.85522
"US-GA","Georgia","Coal","2020",13.91393
"US-GA","Georgia","Gas","2020",59.17503
"US-GA","Georgia","Hydro","2020",4.28621
"US-GA","Georgia","Nuclear","2020",32.8257
"US-GA","Georgia","Other Fossil","2020",0.1501
"US-GA","Georgia","Other Renewables","2020",0.03628
"US-GA","Georgia","Solar","2020",4.10927
"US-GA","Georgia","Bioenergy","2021",5.84558
"US-GA","Georgia","Coal","2021",19.07618
"US-GA","Georgia","Gas","2021",56.67311
"US-GA","Georgia","Hydro","2021",3.52731
"US-GA","Georgia","Nuclear","2021",33.95198
"US-GA","Georgia","Other Fossil","2021",0.1601
"US-GA","Georgia","Other Renewables","2021",0.03781
"US-GA","Georgia","Solar","2021",5.24062
"US-GA","Georgia","Bioenergy","2022",5.72742
"US-GA","Georgia","Coal","2022",16.77838
"US-GA","Georgia","Gas","2022",59.84873
"US-GA","Georgia","Hydro","2022",2.53393
"US-GA","Georgia","Nuclear","2022",34.07359
"US-GA","Georgia","Other Fossil","2022",0.44417
"US-GA","Georgia","Other Renewables","2022",0.02929
"US-GA","Georgia","Solar","2022",7.33178
"US-GA","Georgia","Bioenergy","2023",4.95141
"US-GA","Georgia","Coal","2023",16.76906
"US-GA","Georgia","Gas","2023",60.04396
"US-GA","Georgia","Hydro","2023",2.20819
"US-GA","Georgia","Nuclear","2023",37.37684
"US-GA","Georgia","Other Fossil","2023",0.26819
"US-GA","Georgia","Other Renewables","2023",0.02417
"US-GA","Georgia","Solar","2023",8.06859
"US-GA","Georgia","Bioenergy","2024",5.36614
"US-GA","Georgia","Coal","2024",17.83688
"US-GA","Georgia","Gas","2024",56.93653
"US-GA","Georgia","Hydro","2024",2.18126
"US-GA","Georgia","Nuclear","2024",47.97586
"US-GA","Georgia","Other Fossil","2024",0.22772
"US-GA","Georgia","Other Renewables","2024",0.02319
"US-GA","Georgia","Solar","2024",9.75283
"US-GA","Georgia","Bioenergy","2025",4.70746
"US-GA","Georgia","Coal","2025",20.02489
"US-GA","Georgia","Gas","2025",56.9108
"US-GA","Georgia","Hydro","2025",2.14232
"US-GA","Georgia","Nuclear","2025",51.22479
"US-GA","Georgia","Other Fossil","2025",0.22742
"US-GA","Georgia","Other Renewables","2025",0.02552
"US-GA","Georgia","Solar","2025",11.87991
"US-HI","Hawaii","Bioenergy","2015",0.32094
"US-HI","Hawaii","Coal","2015",1.33741
"US-HI","Hawaii","Hydro","2015",0.12117
"US-HI","Hawaii","Other Fossil","2015",7.44247
"US-HI","Hawaii","Other Renewables","2015",0.36187
"US-HI","Hawaii","Solar","2015",0.68685
"US-HI","Hawaii","Wind","2015",0.61277
"US-HI","Hawaii","Bioenergy","2016",0.35947
"US-HI","Hawaii","Coal","2016",1.49738
"US-HI","Hawaii","Hydro","2016",0.09085
"US-HI","Hawaii","Other Fossil","2016",7.01341
"US-HI","Hawaii","Other Renewables","2016",0.41467
"US-HI","Hawaii","Solar","2016",0.84845
"US-HI","Hawaii","Wind","2016",0.63913
"US-HI","Hawaii","Bioenergy","2017",0.29276
"US-HI","Hawaii","Coal","2017",1.37572
"US-HI","Hawaii","Hydro","2017",0.06607
"US-HI","Hawaii","Other Fossil","2017",7.04874
"US-HI","Hawaii","Other Renewables","2017",0.42635
"US-HI","Hawaii","Solar","2017",1.14612
"US-HI","Hawaii","Wind","2017",0.53205
"US-HI","Hawaii","Bioenergy","2018",0.30551
"US-HI","Hawaii","Coal","2018",1.3112
"US-HI","Hawaii","Hydro","2018",0.09652
"US-HI","Hawaii","Other Fossil","2018",7.18694
"US-HI","Hawaii","Other Renewables","2018",0.21436
"US-HI","Hawaii","Solar","2018",1.21328
"US-HI","Hawaii","Wind","2018",0.60193
"US-HI","Hawaii","Bioenergy","2019",0.29154
"US-HI","Hawaii","Coal","2019",1.30195
"US-HI","Hawaii","Hydro","2019",0.09454
"US-HI","Hawaii","Other Fossil","2019",7.26452
"US-HI","Hawaii","Other Renewables","2019",0.10825
"US-HI","Hawaii","Solar","2019",1.38059
"US-HI","Hawaii","Wind","2019",0.52931
"US-HI","Hawaii","Bioenergy","2020",0.25622
"US-HI","Hawaii","Coal","2020",1.16515
"US-HI","Hawaii","Hydro","2020",0.09882
"US-HI","Hawaii","Other Fossil","2020",6.47292
"US-HI","Hawaii","Other Renewables","2020",0.10318
"US-HI","Hawaii","Solar","2020",1.69474
"US-HI","Hawaii","Wind","2020",0.59224
"US-HI","Hawaii","Bioenergy","2021",0.28264
"US-HI","Hawaii","Coal","2021",1.08456
"US-HI","Hawaii","Hydro","2021",0.11497
"US-HI","Hawaii","Other Fossil","2021",6.35115
"US-HI","Hawaii","Other Renewables","2021",0.30399
"US-HI","Hawaii","Solar","2021",1.75803
"US-HI","Hawaii","Wind","2021",0.65789
"US-HI","Hawaii","Bioenergy","2022",0.27706
"US-HI","Hawaii","Coal","2022",0.64776
"US-HI","Hawaii","Hydro","2022",0.11008
"US-HI","Hawaii","Other Fossil","2022",6.91372
"US-HI","Hawaii","Other Renewables","2022",0.26924
"US-HI","Hawaii","Solar","2022",1.88169
"US-HI","Hawaii","Wind","2022",0.62542
"US-HI","Hawaii","Bioenergy","2023",0.28772
"US-HI","Hawaii","Hydro","2023",0.0933
"US-HI","Hawaii","Other Fossil","2023",7.33349
"US-HI","Hawaii","Other Renewables","2023",0.33474
"US-HI","Hawaii","Solar","2023",2.04024
"US-HI","Hawaii","Wind","2023",0.63422
"US-HI","Hawaii","Bioenergy","2024",0.21858
"US-HI","Hawaii","Hydro","2024",0.10048
"US-HI","Hawaii","Other Fossil","2024",7.2146
"US-HI","Hawaii","Other Renewables","2024",0.3257
"US-HI","Hawaii","Solar","2024",2.27812
"US-HI","Hawaii","Wind","2024",0.6634
"US-HI","Hawaii","Bioenergy","2025",0.18822
"US-HI","Hawaii","Hydro","2025",0.08224
"US-HI","Hawaii","Other Fossil","2025",7.31176
"US-HI","Hawaii","Other Renewables","2025",0.30379
"US-HI","Hawaii","Solar","2025",2.60824
"US-HI","Hawaii","Wind","2025",0.57344
"US-ID","Idaho","Bioenergy","2015",0.60128
"US-ID","Idaho","Coal","2015",0.07899
"US-ID","Idaho","Gas","2015",3.80359
"US-ID","Idaho","Hydro","2015",8.75662
"US-ID","Idaho","Other Fossil","2015",0.08083
"US-ID","Idaho","Other Renewables","2015",0.20882
"US-ID","Idaho","Solar","2015",0.00622
"US-ID","Idaho","Wind","2015",2.27019
"US-ID","Idaho","Bioenergy","2016",0.53157
"US-ID","Idaho","Coal","2016",0.02919
"US-ID","Idaho","Gas","2016",3.32146
"US-ID","Idaho","Hydro","2016",9.03327
"US-ID","Idaho","Other Fossil","2016",0.06523
"US-ID","Idaho","Other Renewables","2016",0.14604
"US-ID","Idaho","Solar","2016",0.0397
"US-ID","Idaho","Wind","2016",2.57842
"US-ID","Idaho","Bioenergy","2017",0.4654
"US-ID","Idaho","Coal","2017",0.02384
"US-ID","Idaho","Gas","2017",3.07941
"US-ID","Idaho","Hydro","2017",10.67041
"US-ID","Idaho","Other Fossil","2017",0.06851
"US-ID","Idaho","Other Renewables","2017",0.15666
"US-ID","Idaho","Solar","2017",0.47559
"US-ID","Idaho","Wind","2017",2.54468
"US-ID","Idaho","Bioenergy","2018",0.49054
"US-ID","Idaho","Coal","2018",0.02034
"US-ID","Idaho","Gas","2018",3.27874
"US-ID","Idaho","Hydro","2018",11.02434
"US-ID","Idaho","Other Fossil","2018",0.06403
"US-ID","Idaho","Other Renewables","2018",0.14786
"US-ID","Idaho","Solar","2018",0.5892
"US-ID","Idaho","Wind","2018",2.65505
"US-ID","Idaho","Bioenergy","2019",0.51773
"US-ID","Idaho","Coal","2019",0.02101
"US-ID","Idaho","Gas","2019",4.26668
"US-ID","Idaho","Hydro","2019",10.33324
"US-ID","Idaho","Other Fossil","2019",0.06589
"US-ID","Idaho","Other Renewables","2019",0.16197
"US-ID","Idaho","Solar","2019",0.61497
"US-ID","Idaho","Wind","2019",2.55081
"US-ID","Idaho","Bioenergy","2020",0.52129
"US-ID","Idaho","Coal","2020",0.02004
"US-ID","Idaho","Gas","2020",4.1571
"US-ID","Idaho","Hydro","2020",9.50811
"US-ID","Idaho","Other Fossil","2020",0.05284
"US-ID","Idaho","Other Renewables","2020",0.13293
"US-ID","Idaho","Solar","2020",0.65273
"US-ID","Idaho","Wind","2020",2.77057
"US-ID","Idaho","Bioenergy","2021",0.48961
"US-ID","Idaho","Coal","2021",0.01612
"US-ID","Idaho","Gas","2021",4.93545
"US-ID","Idaho","Hydro","2021",7.99522
"US-ID","Idaho","Other Fossil","2021",0.06206
"US-ID","Idaho","Other Renewables","2021",0.11943
"US-ID","Idaho","Solar","2021",0.68411
"US-ID","Idaho","Wind","2021",2.68021
"US-ID","Idaho","Bioenergy","2022",0.4604
"US-ID","Idaho","Coal","2022",0.00627
"US-ID","Idaho","Gas","2022",4.33501
"US-ID","Idaho","Hydro","2022",8.35974
"US-ID","Idaho","Other Fossil","2022",0.05056
"US-ID","Idaho","Other Renewables","2022",0.11529
"US-ID","Idaho","Solar","2022",0.71194
"US-ID","Idaho","Wind","2022",2.44169
"US-ID","Idaho","Bioenergy","2023",0.44368
"US-ID","Idaho","Coal","2023",0
"US-ID","Idaho","Gas","2023",5.68622
"US-ID","Idaho","Hydro","2023",8.37774
"US-ID","Idaho","Other Fossil","2023",0.07254
"US-ID","Idaho","Other Renewables","2023",0.1067
"US-ID","Idaho","Solar","2023",1.09183
"US-ID","Idaho","Wind","2023",2.31974
"US-ID","Idaho","Bioenergy","2024",0.405
"US-ID","Idaho","Coal","2024",0
"US-ID","Idaho","Gas","2024",6.28545
"US-ID","Idaho","Hydro","2024",9.15027
"US-ID","Idaho","Other Fossil","2024",0.06901
"US-ID","Idaho","Other Renewables","2024",0.11356
"US-ID","Idaho","Solar","2024",1.29409
"US-ID","Idaho","Wind","2024",3.0159
"US-ID","Idaho","Bioenergy","2025",0.50868
"US-ID","Idaho","Coal","2025",0
"US-ID","Idaho","Gas","2025",5.70631
"US-ID","Idaho","Hydro","2025",9.71768
"US-ID","Idaho","Other Fossil","2025",0.02686
"US-ID","Idaho","Other Renewables","2025",0.1086
"US-ID","Idaho","Solar","2025",1.93107
"US-ID","Idaho","Wind","2025",3.09981
"US-IL","Illinois","Bioenergy","2015",0.52686
"US-IL","Illinois","Coal","2015",73.7737
"US-IL","Illinois","Gas","2015",10.86388
"US-IL","Illinois","Hydro","2015",0.12446
"US-IL","Illinois","Nuclear","2015",97.28214
"US-IL","Illinois","Other Fossil","2015",0.58437
"US-IL","Illinois","Other Renewables","2015",0.00564
"US-IL","Illinois","Solar","2015",0.07617
"US-IL","Illinois","Wind","2015",10.74727
"US-IL","Illinois","Bioenergy","2016",0.46701
"US-IL","Illinois","Coal","2016",59.3378
"US-IL","Illinois","Gas","2016",17.48469
"US-IL","Illinois","Hydro","2016",0.13283
"US-IL","Illinois","Nuclear","2016",98.60704
"US-IL","Illinois","Other Fossil","2016",0.54751
"US-IL","Illinois","Other Renewables","2016",0.00684
"US-IL","Illinois","Solar","2016",0.08576
"US-IL","Illinois","Wind","2016",10.66343
"US-IL","Illinois","Bioenergy","2017",0.47406
"US-IL","Illinois","Coal","2017",57.98029
"US-IL","Illinois","Gas","2017",15.01621
"US-IL","Illinois","Hydro","2017",0.12513
"US-IL","Illinois","Nuclear","2017",97.19114
"US-IL","Illinois","Other Fossil","2017",0.48483
"US-IL","Illinois","Other Renewables","2017",0.00833
"US-IL","Illinois","Solar","2017",0.11051
"US-IL","Illinois","Wind","2017",12.26777
"US-IL","Illinois","Bioenergy","2018",0.42637
"US-IL","Illinois","Coal","2018",59.64193
"US-IL","Illinois","Gas","2018",17.24092
"US-IL","Illinois","Hydro","2018",0.14653
"US-IL","Illinois","Nuclear","2018",98.10152
"US-IL","Illinois","Other Fossil","2018",0.48105
"US-IL","Illinois","Other Renewables","2018",0.00972
"US-IL","Illinois","Solar","2018",0.16144
"US-IL","Illinois","Wind","2018",11.89898
"US-IL","Illinois","Bioenergy","2019",0.41215
"US-IL","Illinois","Coal","2019",48.78832
"US-IL","Illinois","Gas","2019",21.34559
"US-IL","Illinois","Hydro","2019",0.12381
"US-IL","Illinois","Nuclear","2019",98.73548
"US-IL","Illinois","Other Fossil","2019",0.54314
"US-IL","Illinois","Other Renewables","2019",0.00974
"US-IL","Illinois","Solar","2019",0.25075
"US-IL","Illinois","Wind","2019",14.4596
"US-IL","Illinois","Bioenergy","2020",0.39102
"US-IL","Illinois","Coal","2020",31.23786
"US-IL","Illinois","Gas","2020",24.51614
"US-IL","Illinois","Hydro","2020",0.13498
"US-IL","Illinois","Nuclear","2020",100.24607
"US-IL","Illinois","Other Fossil","2020",0.56357
"US-IL","Illinois","Other Renewables","2020",0.00845
"US-IL","Illinois","Solar","2020",0.506
"US-IL","Illinois","Wind","2020",16.22594
"US-IL","Illinois","Bioenergy","2021",0.36445
"US-IL","Illinois","Coal","2021",43.29808
"US-IL","Illinois","Gas","2021",20.6646
"US-IL","Illinois","Hydro","2021",0.12857
"US-IL","Illinois","Nuclear","2021",96.99446
"US-IL","Illinois","Other Fossil","2021",0.54122
"US-IL","Illinois","Other Renewables","2021",0.00482
"US-IL","Illinois","Solar","2021",1.43789
"US-IL","Illinois","Wind","2021",19.13309
"US-IL","Illinois","Bioenergy","2022",0.28271
"US-IL","Illinois","Coal","2022",40.55922
"US-IL","Illinois","Gas","2022",19.78929
"US-IL","Illinois","Hydro","2022",0.11524
"US-IL","Illinois","Nuclear","2022",98.86958
"US-IL","Illinois","Other Fossil","2022",0.56512
"US-IL","Illinois","Other Renewables","2022",0.00963
"US-IL","Illinois","Solar","2022",2.79494
"US-IL","Illinois","Wind","2022",23.4938
"US-IL","Illinois","Bioenergy","2023",0.24225
"US-IL","Illinois","Coal","2023",27.14958
"US-IL","Illinois","Gas","2023",28.44474
"US-IL","Illinois","Hydro","2023",0.09206
"US-IL","Illinois","Nuclear","2023",97.55946
"US-IL","Illinois","Other Fossil","2023",0.53049
"US-IL","Illinois","Other Renewables","2023",0.00772
"US-IL","Illinois","Solar","2023",3.44663
"US-IL","Illinois","Wind","2023",21.80797
"US-IL","Illinois","Bioenergy","2024",0.22436
"US-IL","Illinois","Coal","2024",26.96546
"US-IL","Illinois","Gas","2024",30.13733
"US-IL","Illinois","Hydro","2024",0.0749
"US-IL","Illinois","Nuclear","2024",99.21186
"US-IL","Illinois","Other Fossil","2024",0.43128
"US-IL","Illinois","Other Renewables","2024",0.00721
"US-IL","Illinois","Solar","2024",4.78745
"US-IL","Illinois","Wind","2024",24.91035
"US-IL","Illinois","Bioenergy","2025",0.25187
"US-IL","Illinois","Coal","2025",30.89501
"US-IL","Illinois","Gas","2025",32.5668
"US-IL","Illinois","Hydro","2025",0.08934
"US-IL","Illinois","Nuclear","2025",97.67027
"US-IL","Illinois","Other Fossil","2025",0.43032
"US-IL","Illinois","Other Renewables","2025",0.00839
"US-IL","Illinois","Solar","2025",8.75028
"US-IL","Illinois","Wind","2025",25.01088
"US-IN","Indiana","Bioenergy","2015",0.44641
"US-IN","Indiana","Coal","2015",78.23069
"US-IN","Indiana","Gas","2015",16.26299
"US-IN","Indiana","Hydro","2015",0.38124
"US-IN","Indiana","Other Fossil","2015",2.84759
"US-IN","Indiana","Other Renewables","2015",0.06054
"US-IN","Indiana","Solar","2015",0.16814
"US-IN","Indiana","Wind","2015",4.51515
"US-IN","Indiana","Bioenergy","2016",0.43279
"US-IN","Indiana","Coal","2016",72.53308
"US-IN","Indiana","Gas","2016",19.99566
"US-IN","Indiana","Hydro","2016",0.42627
"US-IN","Indiana","Other Fossil","2016",2.74901
"US-IN","Indiana","Other Renewables","2016",0.07406
"US-IN","Indiana","Solar","2016",0.24294
"US-IN","Indiana","Wind","2016",4.89947
"US-IN","Indiana","Bioenergy","2017",0.4734
"US-IN","Indiana","Coal","2017",72.38495
"US-IN","Indiana","Gas","2017",17.97592
"US-IN","Indiana","Hydro","2017",0.30608
"US-IN","Indiana","Other Fossil","2017",2.4224
"US-IN","Indiana","Other Renewables","2017",0.0802
"US-IN","Indiana","Solar","2017",0.31269
"US-IN","Indiana","Wind","2017",5.08939
"US-IN","Indiana","Bioenergy","2018",0.45989
"US-IN","Indiana","Coal","2018",77.45523
"US-IN","Indiana","Gas","2018",26.81699
"US-IN","Indiana","Hydro","2018",0.22266
"US-IN","Indiana","Other Fossil","2018",2.77707
"US-IN","Indiana","Other Renewables","2018",0.06896
"US-IN","Indiana","Solar","2018",0.38895
"US-IN","Indiana","Wind","2018",5.43715
"US-IN","Indiana","Bioenergy","2019",0.46274
"US-IN","Indiana","Coal","2019",60.7618
"US-IN","Indiana","Gas","2019",32.04189
"US-IN","Indiana","Hydro","2019",0.25598
"US-IN","Indiana","Other Fossil","2019",2.44433
"US-IN","Indiana","Other Renewables","2019",0.0639
"US-IN","Indiana","Solar","2019",0.45014
"US-IN","Indiana","Wind","2019",6.21603
"US-IN","Indiana","Bioenergy","2020",0.4475
"US-IN","Indiana","Coal","2020",47.77289
"US-IN","Indiana","Gas","2020",32.08458
"US-IN","Indiana","Hydro","2020",0.27074
"US-IN","Indiana","Other Fossil","2020",2.85097
"US-IN","Indiana","Other Renewables","2020",0.06421
"US-IN","Indiana","Solar","2020",0.52598
"US-IN","Indiana","Wind","2020",6.28755
"US-IN","Indiana","Bioenergy","2021",0.429
"US-IN","Indiana","Coal","2021",54.44794
"US-IN","Indiana","Gas","2021",27.59955
"US-IN","Indiana","Hydro","2021",0.38703
"US-IN","Indiana","Other Fossil","2021",2.87153
"US-IN","Indiana","Other Renewables","2021",0.05984
"US-IN","Indiana","Solar","2021",0.79102
"US-IN","Indiana","Wind","2021",7.85698
"US-IN","Indiana","Bioenergy","2022",0.38591
"US-IN","Indiana","Coal","2022",51.38411
"US-IN","Indiana","Gas","2022",32.1209
"US-IN","Indiana","Hydro","2022",0.37083
"US-IN","Indiana","Other Fossil","2022",2.72567
"US-IN","Indiana","Other Renewables","2022",0.04715
"US-IN","Indiana","Solar","2022",1.36337
"US-IN","Indiana","Wind","2022",9.98521
"US-IN","Indiana","Bioenergy","2023",0.25401
"US-IN","Indiana","Coal","2023",40.93163
"US-IN","Indiana","Gas","2023",34.84928
"US-IN","Indiana","Hydro","2023",0.46365
"US-IN","Indiana","Other Fossil","2023",2.8498
"US-IN","Indiana","Other Renewables","2023",0.04302
"US-IN","Indiana","Solar","2023",2.20321
"US-IN","Indiana","Wind","2023",8.84448
"US-IN","Indiana","Bioenergy","2024",0.18296
"US-IN","Indiana","Coal","2024",40.52606
"US-IN","Indiana","Gas","2024",39.85972
"US-IN","Indiana","Hydro","2024",0.37525
"US-IN","Indiana","Other Fossil","2024",2.66527
"US-IN","Indiana","Other Renewables","2024",0.04679
"US-IN","Indiana","Solar","2024",3.47811
"US-IN","Indiana","Wind","2024",10.31218
"US-IN","Indiana","Bioenergy","2025",0.17587
"US-IN","Indiana","Coal","2025",49.31424
"US-IN","Indiana","Gas","2025",39.77827
"US-IN","Indiana","Hydro","2025",0.35193
"US-IN","Indiana","Other Fossil","2025",3.104
"US-IN","Indiana","Other Renewables","2025",0.04779
"US-IN","Indiana","Solar","2025",7.15473
"US-IN","Indiana","Wind","2025",10.30872
"US-IA","Iowa","Bioenergy","2015",0.25814
"US-IA","Iowa","Coal","2015",29.81107
"US-IA","Iowa","Gas","2015",2.39813
"US-IA","Iowa","Hydro","2015",0.96015
"US-IA","Iowa","Nuclear","2015",5.24345
"US-IA","Iowa","Other Fossil","2015",0.06929
"US-IA","Iowa","Other Renewables","2015",0.13403
"US-IA","Iowa","Solar","2015",0.04103
"US-IA","Iowa","Wind","2015",17.87263
"US-IA","Iowa","Bioenergy","2016",0.25171
"US-IA","Iowa","Coal","2016",25.19835
"US-IA","Iowa","Gas","2016",2.96095
"US-IA","Iowa","Hydro","2016",0.91679
"US-IA","Iowa","Nuclear","2016",4.70267
"US-IA","Iowa","Other Fossil","2016",0.25095
"US-IA","Iowa","Other Renewables","2016",0.12802
"US-IA","Iowa","Solar","2016",0.05958
"US-IA","Iowa","Wind","2016",20.072
"US-IA","Iowa","Bioenergy","2017",0.20975
"US-IA","Iowa","Coal","2017",25.35823
"US-IA","Iowa","Gas","2017",4.56745
"US-IA","Iowa","Hydro","2017",1.03394
"US-IA","Iowa","Nuclear","2017",5.21351
"US-IA","Iowa","Other Fossil","2017",0.10624
"US-IA","Iowa","Other Renewables","2017",0.09322
"US-IA","Iowa","Solar","2017",0.09419
"US-IA","Iowa","Wind","2017",21.37275
"US-IA","Iowa","Bioenergy","2018",0.21116
"US-IA","Iowa","Coal","2018",28.553
"US-IA","Iowa","Gas","2018",7.34007
"US-IA","Iowa","Hydro","2018",0.92486
"US-IA","Iowa","Nuclear","2018",4.8954
"US-IA","Iowa","Other Fossil","2018",0.06696
"US-IA","Iowa","Other Renewables","2018",0.09813
"US-IA","Iowa","Solar","2018",0.13764
"US-IA","Iowa","Wind","2018",21.33406
"US-IA","Iowa","Bioenergy","2019",0.2156
"US-IA","Iowa","Coal","2019",22.1592
"US-IA","Iowa","Gas","2019",7.78169
"US-IA","Iowa","Hydro","2019",0.79627
"US-IA","Iowa","Nuclear","2019",5.23572
"US-IA","Iowa","Other Fossil","2019",0.06324
"US-IA","Iowa","Other Renewables","2019",0.10017
"US-IA","Iowa","Solar","2019",0.17588
"US-IA","Iowa","Wind","2019",26.30499
"US-IA","Iowa","Bioenergy","2020",0.2075
"US-IA","Iowa","Coal","2020",14.14683
"US-IA","Iowa","Gas","2020",7.03682
"US-IA","Iowa","Hydro","2020",1.02521
"US-IA","Iowa","Nuclear","2020",2.90486
"US-IA","Iowa","Other Fossil","2020",0.03683
"US-IA","Iowa","Other Renewables","2020",0.09303
"US-IA","Iowa","Solar","2020",0.23191
"US-IA","Iowa","Wind","2020",34.1823
"US-IA","Iowa","Bioenergy","2021",0.20148
"US-IA","Iowa","Coal","2021",22.10659
"US-IA","Iowa","Gas","2021",6.46364
"US-IA","Iowa","Hydro","2021",0.98007
"US-IA","Iowa","Other Fossil","2021",0.10259
"US-IA","Iowa","Other Renewables","2021",0.10048
"US-IA","Iowa","Solar","2021",0.47155
"US-IA","Iowa","Wind","2021",37.09827
"US-IA","Iowa","Bioenergy","2022",0.22014
"US-IA","Iowa","Coal","2022",18.17213
"US-IA","Iowa","Gas","2022",7.33904
"US-IA","Iowa","Hydro","2022",1.00983
"US-IA","Iowa","Other Fossil","2022",0.08186
"US-IA","Iowa","Other Renewables","2022",0.11654
"US-IA","Iowa","Solar","2022",0.69346
"US-IA","Iowa","Wind","2022",45.76137
"US-IA","Iowa","Bioenergy","2023",0.20933
"US-IA","Iowa","Coal","2023",16.41371
"US-IA","Iowa","Gas","2023",10.24148
"US-IA","Iowa","Hydro","2023",0.94808
"US-IA","Iowa","Other Fossil","2023",0.06152
"US-IA","Iowa","Other Renewables","2023",0.10781
"US-IA","Iowa","Solar","2023",0.91111
"US-IA","Iowa","Wind","2023",41.4395
"US-IA","Iowa","Bioenergy","2024",0.21731
"US-IA","Iowa","Coal","2024",14.46442
"US-IA","Iowa","Gas","2024",9.76454
"US-IA","Iowa","Hydro","2024",1.03046
"US-IA","Iowa","Other Fossil","2024",0.0422
"US-IA","Iowa","Other Renewables","2024",0.11333
"US-IA","Iowa","Solar","2024",1.14156
"US-IA","Iowa","Wind","2024",44.27716
"US-IA","Iowa","Bioenergy","2025",0.19638
"US-IA","Iowa","Coal","2025",19.1076
"US-IA","Iowa","Gas","2025",8.68783
"US-IA","Iowa","Hydro","2025",1.1355
"US-IA","Iowa","Other Fossil","2025",0.06434
"US-IA","Iowa","Other Renewables","2025",0.08885
"US-IA","Iowa","Solar","2025",1.85145
"US-IA","Iowa","Wind","2025",43.73782
"US-KS","Kansas","Bioenergy","2015",0.06194
"US-KS","Kansas","Coal","2015",24.59333
"US-KS","Kansas","Gas","2015",1.1739
"US-KS","Kansas","Hydro","2015",0.01896
"US-KS","Kansas","Nuclear","2015",8.63018
"US-KS","Kansas","Other Fossil","2015",0.0485
"US-KS","Kansas","Other Renewables","2015",6e-05
"US-KS","Kansas","Solar","2015",0.00636
"US-KS","Kansas","Wind","2015",10.9985
"US-KS","Kansas","Bioenergy","2016",0.05883
"US-KS","Kansas","Coal","2016",23.09606
"US-KS","Kansas","Gas","2016",2.02721
"US-KS","Kansas","Hydro","2016",0.03054
"US-KS","Kansas","Nuclear","2016",8.24604
"US-KS","Kansas","Other Fossil","2016",0.02832
"US-KS","Kansas","Other Renewables","2016",0
"US-KS","Kansas","Solar","2016",0.01055
"US-KS","Kansas","Wind","2016",14.11088
"US-KS","Kansas","Bioenergy","2017",0.05716
"US-KS","Kansas","Coal","2017",19.38977
"US-KS","Kansas","Gas","2017",2.14655
"US-KS","Kansas","Hydro","2017",0.02922
"US-KS","Kansas","Nuclear","2017",10.64799
"US-KS","Kansas","Other Fossil","2017",0.05925
"US-KS","Kansas","Other Renewables","2017",-0.00319
"US-KS","Kansas","Solar","2017",0.02198
"US-KS","Kansas","Wind","2017",18.59807
"US-KS","Kansas","Bioenergy","2018",0.06355
"US-KS","Kansas","Coal","2018",20.47398
"US-KS","Kansas","Gas","2018",3.00572
"US-KS","Kansas","Hydro","2018",0.02642
"US-KS","Kansas","Nuclear","2018",9.16829
"US-KS","Kansas","Other Fossil","2018",0.05703
"US-KS","Kansas","Other Renewables","2018",-0.00298
"US-KS","Kansas","Solar","2018",0.03478
"US-KS","Kansas","Wind","2018",18.9075
"US-KS","Kansas","Bioenergy","2019",0.06272
"US-KS","Kansas","Coal","2019",17.3146
"US-KS","Kansas","Gas","2019",3.02446
"US-KS","Kansas","Hydro","2019",0.02047
"US-KS","Kansas","Nuclear","2019",9.24773
"US-KS","Kansas","Other Fossil","2019",0.08314
"US-KS","Kansas","Solar","2019",0.04968
"US-KS","Kansas","Wind","2019",21.12354
"US-KS","Kansas","Bioenergy","2020",0.0637
"US-KS","Kansas","Coal","2020",16.95984
"US-KS","Kansas","Gas","2020",2.80216
"US-KS","Kansas","Hydro","2020",0.0324
"US-KS","Kansas","Nuclear","2020",10.58248
"US-KS","Kansas","Other Fossil","2020",0.07983
"US-KS","Kansas","Solar","2020",0.10555
"US-KS","Kansas","Wind","2020",23.96374
"US-KS","Kansas","Bioenergy","2021",0.05872
"US-KS","Kansas","Coal","2021",19.39617
"US-KS","Kansas","Gas","2021",2.66221
"US-KS","Kansas","Hydro","2021",0.02995
"US-KS","Kansas","Nuclear","2021",8.57473
"US-KS","Kansas","Other Fossil","2021",0.15418
"US-KS","Kansas","Solar","2021",0.1217
"US-KS","Kansas","Wind","2021",25.6937
"US-KS","Kansas","Bioenergy","2022",0.06084
"US-KS","Kansas","Coal","2022",20.22936
"US-KS","Kansas","Gas","2022",3.36254
"US-KS","Kansas","Hydro","2022",0.02367
"US-KS","Kansas","Nuclear","2022",8.98196
"US-KS","Kansas","Other Fossil","2022",-0.22272
"US-KS","Kansas","Solar","2022",0.16127
"US-KS","Kansas","Wind","2022",29.68748
"US-KS","Kansas","Bioenergy","2023",0.0656
"US-KS","Kansas","Coal","2023",16.29068
"US-KS","Kansas","Gas","2023",4.3689
"US-KS","Kansas","Hydro","2023",0.01344
"US-KS","Kansas","Nuclear","2023",10.30187
"US-KS","Kansas","Other Fossil","2023",0.0622
"US-KS","Kansas","Solar","2023",0.21014
"US-KS","Kansas","Wind","2023",27.27259
"US-KS","Kansas","Bioenergy","2024",0.05554
"US-KS","Kansas","Coal","2024",13.07918
"US-KS","Kansas","Gas","2024",5.31791
"US-KS","Kansas","Hydro","2024",0.02004
"US-KS","Kansas","Nuclear","2024",9.20423
"US-KS","Kansas","Other Fossil","2024",0.10246
"US-KS","Kansas","Solar","2024",0.28805
"US-KS","Kansas","Wind","2024",29.79519
"US-KS","Kansas","Bioenergy","2025",0.0547
"US-KS","Kansas","Coal","2025",19.34191
"US-KS","Kansas","Gas","2025",4.09868
"US-KS","Kansas","Hydro","2025",0.02333
"US-KS","Kansas","Nuclear","2025",9.26904
"US-KS","Kansas","Other Fossil","2025",0.1076
"US-KS","Kansas","Solar","2025",0.68193
"US-KS","Kansas","Wind","2025",29.63365
"US-KY","Kentucky","Bioenergy","2015",0.44113
"US-KY","Kentucky","Coal","2015",72.62043
"US-KY","Kentucky","Gas","2015",5.94973
"US-KY","Kentucky","Hydro","2015",3.40348
"US-KY","Kentucky","Other Fossil","2015",0.16447
"US-KY","Kentucky","Other Renewables","2015",0
"US-KY","Kentucky","Solar","2015",0.01385
"US-KY","Kentucky","Bioenergy","2016",0.46489
"US-KY","Kentucky","Coal","2016",66.82205
"US-KY","Kentucky","Gas","2016",8.22833
"US-KY","Kentucky","Hydro","2016",3.47793
"US-KY","Kentucky","Other Fossil","2016",0.13819
"US-KY","Kentucky","Other Renewables","2016",0
"US-KY","Kentucky","Solar","2016",0.03209
"US-KY","Kentucky","Bioenergy","2017",0.49469
"US-KY","Kentucky","Coal","2017",57.23651
"US-KY","Kentucky","Gas","2017",10.37963
"US-KY","Kentucky","Hydro","2017",4.50602
"US-KY","Kentucky","Other Fossil","2017",0.11536
"US-KY","Kentucky","Solar","2017",0.04452
"US-KY","Kentucky","Bioenergy","2018",0.43055
"US-KY","Kentucky","Coal","2018",59.16814
"US-KY","Kentucky","Gas","2018",14.615
"US-KY","Kentucky","Hydro","2018",4.41783
"US-KY","Kentucky","Other Fossil","2018",0.13379
"US-KY","Kentucky","Solar","2018",0.07114
"US-KY","Kentucky","Bioenergy","2019",0.37406
"US-KY","Kentucky","Coal","2019",51.71443
"US-KY","Kentucky","Gas","2019",15.34147
"US-KY","Kentucky","Hydro","2019",4.23154
"US-KY","Kentucky","Other Fossil","2019",0.09776
"US-KY","Kentucky","Solar","2019",0.0849
"US-KY","Kentucky","Bioenergy","2020",0.34731
"US-KY","Kentucky","Coal","2020",43.63831
"US-KY","Kentucky","Gas","2020",14.3845
"US-KY","Kentucky","Hydro","2020",5.00549
"US-KY","Kentucky","Other Fossil","2020",0.12138
"US-KY","Kentucky","Solar","2020",0.09373
"US-KY","Kentucky","Bioenergy","2021",0.41474
"US-KY","Kentucky","Coal","2021",49.86273
"US-KY","Kentucky","Gas","2021",14.57198
"US-KY","Kentucky","Hydro","2021",4.87646
"US-KY","Kentucky","Other Fossil","2021",0.13652
"US-KY","Kentucky","Solar","2021",0.1154
"US-KY","Kentucky","Bioenergy","2022",0.44757
"US-KY","Kentucky","Coal","2022",47.05333
"US-KY","Kentucky","Gas","2022",16.91763
"US-KY","Kentucky","Hydro","2022",4.52983
"US-KY","Kentucky","Other Fossil","2022",0.1343
"US-KY","Kentucky","Solar","2022",0.1479
"US-KY","Kentucky","Bioenergy","2023",0.41776
"US-KY","Kentucky","Coal","2023",43.44745
"US-KY","Kentucky","Gas","2023",15.08952
"US-KY","Kentucky","Hydro","2023",3.95467
"US-KY","Kentucky","Other Fossil","2023",0.15233
"US-KY","Kentucky","Solar","2023",0.28595
"US-KY","Kentucky","Bioenergy","2024",0.39404
"US-KY","Kentucky","Coal","2024",44.82932
"US-KY","Kentucky","Gas","2024",17.26734
"US-KY","Kentucky","Hydro","2024",4.11369
"US-KY","Kentucky","Other Fossil","2024",0.06982
"US-KY","Kentucky","Solar","2024",0.43781
"US-KY","Kentucky","Bioenergy","2025",0.40518
"US-KY","Kentucky","Coal","2025",48.68796
"US-KY","Kentucky","Gas","2025",19.08871
"US-KY","Kentucky","Hydro","2025",3.88941
"US-KY","Kentucky","Other Fossil","2025",0.10993
"US-KY","Kentucky","Solar","2025",1.75792
"US-LA","Louisiana","Bioenergy","2015",2.70474
"US-LA","Louisiana","Coal","2015",15.16496
"US-LA","Louisiana","Gas","2015",66.21083
"US-LA","Louisiana","Hydro","2015",0.99904
"US-LA","Louisiana","Nuclear","2015",15.30074
"US-LA","Louisiana","Other Fossil","2015",3.26706
"US-LA","Louisiana","Other Renewables","2015",0.09628
"US-LA","Louisiana","Solar","2015",0.15339
"US-LA","Louisiana","Bioenergy","2016",2.87627
"US-LA","Louisiana","Coal","2016",12.01365
"US-LA","Louisiana","Gas","2016",66.47914
"US-LA","Louisiana","Hydro","2016",1.10302
"US-LA","Louisiana","Nuclear","2016",17.15183
"US-LA","Louisiana","Other Fossil","2016",2.84013
"US-LA","Louisiana","Other Renewables","2016",0.08733
"US-LA","Louisiana","Solar","2016",0.19056
"US-LA","Louisiana","Bioenergy","2017",2.73862
"US-LA","Louisiana","Coal","2017",12.31593
"US-LA","Louisiana","Gas","2017",59.00109
"US-LA","Louisiana","Hydro","2017",0.90624
"US-LA","Louisiana","Nuclear","2017",15.40975
"US-LA","Louisiana","Other Fossil","2017",2.79427
"US-LA","Louisiana","Other Renewables","2017",0.08778
"US-LA","Louisiana","Solar","2017",0.20231
"US-LA","Louisiana","Bioenergy","2018",2.60715
"US-LA","Louisiana","Coal","2018",11.78672
"US-LA","Louisiana","Gas","2018",61.78177
"US-LA","Louisiana","Hydro","2018",1.17985
"US-LA","Louisiana","Nuclear","2018",17.15258
"US-LA","Louisiana","Other Fossil","2018",3.26241
"US-LA","Louisiana","Other Renewables","2018",0.07879
"US-LA","Louisiana","Solar","2018",0.23014
"US-LA","Louisiana","Bioenergy","2019",2.24801
"US-LA","Louisiana","Coal","2019",7.41881
"US-LA","Louisiana","Gas","2019",69.52295
"US-LA","Louisiana","Hydro","2019",1.36566
"US-LA","Louisiana","Nuclear","2019",13.98133
"US-LA","Louisiana","Other Fossil","2019",2.4763
"US-LA","Louisiana","Other Renewables","2019",0.08339
"US-LA","Louisiana","Solar","2019",0.2422
"US-LA","Louisiana","Bioenergy","2020",2.11571
"US-LA","Louisiana","Coal","2020",3.91842
"US-LA","Louisiana","Gas","2020",70.78155
"US-LA","Louisiana","Hydro","2020",1.20374
"US-LA","Louisiana","Nuclear","2020",16.94959
"US-LA","Louisiana","Other Fossil","2020",2.34336
"US-LA","Louisiana","Other Renewables","2020",0.05672
"US-LA","Louisiana","Solar","2020",0.29636
"US-LA","Louisiana","Bioenergy","2021",2.14007
"US-LA","Louisiana","Coal","2021",7.87295
"US-LA","Louisiana","Gas","2021",63.96118
"US-LA","Louisiana","Hydro","2021",1.10918
"US-LA","Louisiana","Nuclear","2021",17.24867
"US-LA","Louisiana","Other Fossil","2021",2.3548
"US-LA","Louisiana","Other Renewables","2021",0.08362
"US-LA","Louisiana","Solar","2021",0.4071
"US-LA","Louisiana","Bioenergy","2022",2.07668
"US-LA","Louisiana","Coal","2022",8.17286
"US-LA","Louisiana","Gas","2022",72.27501
"US-LA","Louisiana","Hydro","2022",0.91607
"US-LA","Louisiana","Nuclear","2022",16.16472
"US-LA","Louisiana","Other Fossil","2022",2.61342
"US-LA","Louisiana","Other Renewables","2022",0.07978
"US-LA","Louisiana","Solar","2022",0.4684
"US-LA","Louisiana","Bioenergy","2023",1.98795
"US-LA","Louisiana","Coal","2023",4.83363
"US-LA","Louisiana","Gas","2023",74.41445
"US-LA","Louisiana","Hydro","2023",0.70753
"US-LA","Louisiana","Nuclear","2023",12.21146
"US-LA","Louisiana","Other Fossil","2023",2.31481
"US-LA","Louisiana","Other Renewables","2023",0.08403
"US-LA","Louisiana","Solar","2023",0.59171
"US-LA","Louisiana","Bioenergy","2024",1.97766
"US-LA","Louisiana","Coal","2024",3.69981
"US-LA","Louisiana","Gas","2024",75.26334
"US-LA","Louisiana","Hydro","2024",0.8852
"US-LA","Louisiana","Nuclear","2024",14.65158
"US-LA","Louisiana","Other Fossil","2024",1.90994
"US-LA","Louisiana","Other Renewables","2024",0.07803
"US-LA","Louisiana","Solar","2024",1.53451
"US-LA","Louisiana","Bioenergy","2025",2.00544
"US-LA","Louisiana","Coal","2025",5.53121
"US-LA","Louisiana","Gas","2025",73.96634
"US-LA","Louisiana","Hydro","2025",0.83726
"US-LA","Louisiana","Nuclear","2025",15.25457
"US-LA","Louisiana","Other Fossil","2025",2.0785
"US-LA","Louisiana","Other Renewables","2025",0.08099
"US-LA","Louisiana","Solar","2025",2.79931
"US-ME","Maine","Bioenergy","2015",3.15295
"US-ME","Maine","Coal","2015",0.0919
"US-ME","Maine","Gas","2015",2.95191
"US-ME","Maine","Hydro","2015",3.36053
"US-ME","Maine","Other Fossil","2015",0.88828
"US-ME","Maine","Other Renewables","2015",0.02194
"US-ME","Maine","Solar","2015",0.01901
"US-ME","Maine","Wind","2015",1.29571
"US-ME","Maine","Bioenergy","2016",2.78817
"US-ME","Maine","Coal","2016",0.06982
"US-ME","Maine","Gas","2016",3.49834
"US-ME","Maine","Hydro","2016",2.99969
"US-ME","Maine","Other Fossil","2016",0.4913
"US-ME","Maine","Other Renewables","2016",0.0208
"US-ME","Maine","Solar","2016",0.02933
"US-ME","Maine","Wind","2016",1.6671
"US-ME","Maine","Bioenergy","2017",2.70353
"US-ME","Maine","Coal","2017",0.06794
"US-ME","Maine","Gas","2017",2.23707
"US-ME","Maine","Hydro","2017",3.38878
"US-ME","Maine","Other Fossil","2017",0.52868
"US-ME","Maine","Other Renewables","2017",0.01302
"US-ME","Maine","Solar","2017",0.04634
"US-ME","Maine","Wind","2017",2.33285
"US-ME","Maine","Bioenergy","2018",2.66182
"US-ME","Maine","Coal","2018",0.07083
"US-ME","Maine","Gas","2018",2.33072
"US-ME","Maine","Hydro","2018",3.26105
"US-ME","Maine","Other Fossil","2018",0.55995
"US-ME","Maine","Other Renewables","2018",0.01234
"US-ME","Maine","Solar","2018",0.06751
"US-ME","Maine","Wind","2018",2.38429
"US-ME","Maine","Bioenergy","2019",2.24836
"US-ME","Maine","Coal","2019",0.07105
"US-ME","Maine","Gas","2019",1.79727
"US-ME","Maine","Hydro","2019",3.49934
"US-ME","Maine","Other Fossil","2019",0.37355
"US-ME","Maine","Other Renewables","2019",0.01115
"US-ME","Maine","Solar","2019",0.08375
"US-ME","Maine","Wind","2019",2.49393
"US-ME","Maine","Bioenergy","2020",2.09392
"US-ME","Maine","Coal","2020",0.05548
"US-ME","Maine","Gas","2020",1.9042
"US-ME","Maine","Hydro","2020",3.1582
"US-ME","Maine","Other Fossil","2020",0.36723
"US-ME","Maine","Other Renewables","2020",0.01208
"US-ME","Maine","Solar","2020",0.11676
"US-ME","Maine","Wind","2020",2.39514
"US-ME","Maine","Bioenergy","2021",1.96879
"US-ME","Maine","Coal","2021",0.05
"US-ME","Maine","Gas","2021",3.34767
"US-ME","Maine","Hydro","2021",2.54091
"US-ME","Maine","Other Fossil","2021",0.29902
"US-ME","Maine","Other Renewables","2021",0.01281
"US-ME","Maine","Solar","2021",0.29315
"US-ME","Maine","Wind","2021",2.5442
"US-ME","Maine","Bioenergy","2022",1.81497
"US-ME","Maine","Coal","2022",0.04244
"US-ME","Maine","Gas","2022",4.14036
"US-ME","Maine","Hydro","2022",3.06333
"US-ME","Maine","Other Fossil","2022",0.55473
"US-ME","Maine","Other Renewables","2022",0.00922
"US-ME","Maine","Solar","2022",0.76804
"US-ME","Maine","Wind","2022",2.71638
"US-ME","Maine","Bioenergy","2023",1.45811
"US-ME","Maine","Coal","2023",0.04321
"US-ME","Maine","Gas","2023",3.97504
"US-ME","Maine","Hydro","2023",3.83164
"US-ME","Maine","Other Fossil","2023",0.34277
"US-ME","Maine","Other Renewables","2023",0.00744
"US-ME","Maine","Solar","2023",1.15172
"US-ME","Maine","Wind","2023",2.33871
"US-ME","Maine","Bioenergy","2024",1.64376
"US-ME","Maine","Coal","2024",0.02938
"US-ME","Maine","Gas","2024",6.39878
"US-ME","Maine","Hydro","2024",2.85181
"US-ME","Maine","Other Fossil","2024",0.34001
"US-ME","Maine","Other Renewables","2024",0.00977
"US-ME","Maine","Solar","2024",1.9601
"US-ME","Maine","Wind","2024",2.44624
"US-ME","Maine","Bioenergy","2025",1.74047
"US-ME","Maine","Coal","2025",0.03178
"US-ME","Maine","Gas","2025",5.56479
"US-ME","Maine","Hydro","2025",2.63922
"US-ME","Maine","Other Fossil","2025",0.43546
"US-ME","Maine","Other Renewables","2025",0.00784
"US-ME","Maine","Solar","2025",2.89153
"US-ME","Maine","Wind","2025",2.87418
"US-MD","Maryland","Bioenergy","2015",0.5144
"US-MD","Maryland","Coal","2015",13.9256
"US-MD","Maryland","Gas","2015",4.55534
"US-MD","Maryland","Hydro","2015",1.62319
"US-MD","Maryland","Nuclear","2015",14.64333
"US-MD","Maryland","Other Fossil","2015",0.55028
"US-MD","Maryland","Other Renewables","2015",0.00373
"US-MD","Maryland","Solar","2015",0.4574
"US-MD","Maryland","Wind","2015",0.4346
"US-MD","Maryland","Bioenergy","2016",0.54568
"US-MD","Maryland","Coal","2016",13.82621
"US-MD","Maryland","Gas","2016",5.42305
"US-MD","Maryland","Hydro","2016",1.39219
"US-MD","Maryland","Nuclear","2016",14.76018
"US-MD","Maryland","Other Fossil","2016",0.48361
"US-MD","Maryland","Other Renewables","2016",0.00423
"US-MD","Maryland","Solar","2016",0.72789
"US-MD","Maryland","Wind","2016",0.52711
"US-MD","Maryland","Bioenergy","2017",0.53628
"US-MD","Maryland","Coal","2017",8.51401
"US-MD","Maryland","Gas","2017",6.72904
"US-MD","Maryland","Hydro","2017",1.96546
"US-MD","Maryland","Nuclear","2017",15.10699
"US-MD","Maryland","Other Fossil","2017",0.42387
"US-MD","Maryland","Other Renewables","2017",0.0042
"US-MD","Maryland","Solar","2017",1.00202
"US-MD","Maryland","Wind","2017",0.56135
"US-MD","Maryland","Bioenergy","2018",0.52139
"US-MD","Maryland","Coal","2018",10.06692
"US-MD","Maryland","Gas","2018",13.84967
"US-MD","Maryland","Hydro","2018",2.83089
"US-MD","Maryland","Nuclear","2018",14.98793
"US-MD","Maryland","Other Fossil","2018",0.58614
"US-MD","Maryland","Other Renewables","2018",0.00568
"US-MD","Maryland","Solar","2018",1.24555
"US-MD","Maryland","Wind","2018",0.56998
"US-MD","Maryland","Bioenergy","2019",0.3905
"US-MD","Maryland","Coal","2019",5.72157
"US-MD","Maryland","Gas","2019",14.60526
"US-MD","Maryland","Hydro","2019",2.18805
"US-MD","Maryland","Nuclear","2019",15.01292
"US-MD","Maryland","Other Fossil","2019",0.3927
"US-MD","Maryland","Other Renewables","2019",0.0018
"US-MD","Maryland","Solar","2019",1.45967
"US-MD","Maryland","Wind","2019",0.52027
"US-MD","Maryland","Bioenergy","2020",0.33737
"US-MD","Maryland","Coal","2020",3.35956
"US-MD","Maryland","Gas","2020",14.09172
"US-MD","Maryland","Hydro","2020",1.6968
"US-MD","Maryland","Nuclear","2020",15.08056
"US-MD","Maryland","Other Fossil","2020",0.39022
"US-MD","Maryland","Other Renewables","2020",0.00189
"US-MD","Maryland","Solar","2020",1.52163
"US-MD","Maryland","Wind","2020",0.54568
"US-MD","Maryland","Bioenergy","2021",0.37484
"US-MD","Maryland","Coal","2021",5.17398
"US-MD","Maryland","Gas","2021",13.97717
"US-MD","Maryland","Hydro","2021",2.11715
"US-MD","Maryland","Nuclear","2021",14.99363
"US-MD","Maryland","Other Fossil","2021",0.44889
"US-MD","Maryland","Other Renewables","2021",0
"US-MD","Maryland","Solar","2021",1.65697
"US-MD","Maryland","Wind","2021",0.51743
"US-MD","Maryland","Bioenergy","2022",0.31247
"US-MD","Maryland","Coal","2022",4.63931
"US-MD","Maryland","Gas","2022",13.94964
"US-MD","Maryland","Hydro","2022",1.77968
"US-MD","Maryland","Nuclear","2022",14.81068
"US-MD","Maryland","Other Fossil","2022",0.43643
"US-MD","Maryland","Other Renewables","2022",0
"US-MD","Maryland","Solar","2022",1.99637
"US-MD","Maryland","Wind","2022",0.49761
"US-MD","Maryland","Bioenergy","2023",0.3218
"US-MD","Maryland","Coal","2023",1.70897
"US-MD","Maryland","Gas","2023",15.33621
"US-MD","Maryland","Hydro","2023",1.84909
"US-MD","Maryland","Nuclear","2023",14.98375
"US-MD","Maryland","Other Fossil","2023",0.37655
"US-MD","Maryland","Other Renewables","2023",0
"US-MD","Maryland","Solar","2023",2.32479
"US-MD","Maryland","Wind","2023",0.48153
"US-MD","Maryland","Bioenergy","2024",0.33252
"US-MD","Maryland","Coal","2024",2.46572
"US-MD","Maryland","Gas","2024",13.91009
"US-MD","Maryland","Hydro","2024",1.84823
"US-MD","Maryland","Nuclear","2024",14.72407
"US-MD","Maryland","Other Fossil","2024",0.5495
"US-MD","Maryland","Other Renewables","2024",0
"US-MD","Maryland","Solar","2024",2.51523
"US-MD","Maryland","Wind","2024",0.55832
"US-MD","Maryland","Bioenergy","2025",0.2974
"US-MD","Maryland","Coal","2025",2.29356
"US-MD","Maryland","Gas","2025",16.01526
"US-MD","Maryland","Hydro","2025",1.57479
"US-MD","Maryland","Nuclear","2025",14.79515
"US-MD","Maryland","Other Fossil","2025",0.68105
"US-MD","Maryland","Solar","2025",3.00972
"US-MD","Maryland","Wind","2025",0.685
"US-MA","Massachusetts","Bioenergy","2015",1.16687
"US-MA","Massachusetts","Coal","2015",2.25266
"US-MA","Massachusetts","Gas","2015",21.00741
"US-MA","Massachusetts","Hydro","2015",0.3533
"US-MA","Massachusetts","Nuclear","2015",4.99481
"US-MA","Massachusetts","Other Fossil","2015",1.64488
"US-MA","Massachusetts","Other Renewables","2015",0.00077
"US-MA","Massachusetts","Solar","2015",1.31355
"US-MA","Massachusetts","Wind","2015",0.21467
"US-MA","Massachusetts","Bioenergy","2016",1.20415
"US-MA","Massachusetts","Coal","2016",1.87493
"US-MA","Massachusetts","Gas","2016",21.14394
"US-MA","Massachusetts","Hydro","2016",0.21207
"US-MA","Massachusetts","Nuclear","2016",5.41432
"US-MA","Massachusetts","Other Fossil","2016",1.28021
"US-MA","Massachusetts","Other Renewables","2016",0.02711
"US-MA","Massachusetts","Solar","2016",1.86278
"US-MA","Massachusetts","Wind","2016",0.21612
"US-MA","Massachusetts","Bioenergy","2017",1.1604
"US-MA","Massachusetts","Coal","2017",1.13632
"US-MA","Massachusetts","Gas","2017",22.15256
"US-MA","Massachusetts","Hydro","2017",0.59448
"US-MA","Massachusetts","Nuclear","2017",5.04717
"US-MA","Massachusetts","Other Fossil","2017",1.09209
"US-MA","Massachusetts","Other Renewables","2017",0.02859
"US-MA","Massachusetts","Solar","2017",2.30421
"US-MA","Massachusetts","Wind","2017",0.23262
"US-MA","Massachusetts","Bioenergy","2018",1.16924
"US-MA","Massachusetts","Coal","2018",0
"US-MA","Massachusetts","Gas","2018",18.38582
"US-MA","Massachusetts","Hydro","2018",0.66984
"US-MA","Massachusetts","Nuclear","2018",4.44156
"US-MA","Massachusetts","Other Fossil","2018",1.30713
"US-MA","Massachusetts","Other Renewables","2018",0.03016
"US-MA","Massachusetts","Solar","2018",3.06162
"US-MA","Massachusetts","Wind","2018",0.22098
"US-MA","Massachusetts","Bioenergy","2019",1.0042
"US-MA","Massachusetts","Coal","2019",0
"US-MA","Massachusetts","Gas","2019",15.40657
"US-MA","Massachusetts","Hydro","2019",0.53918
"US-MA","Massachusetts","Nuclear","2019",2.1772
"US-MA","Massachusetts","Other Fossil","2019",1.01388
"US-MA","Massachusetts","Other Renewables","2019",0.02582
"US-MA","Massachusetts","Solar","2019",3.27983
"US-MA","Massachusetts","Wind","2019",0.21082
"US-MA","Massachusetts","Bioenergy","2020",1.006
"US-MA","Massachusetts","Coal","2020",0
"US-MA","Massachusetts","Gas","2020",14.17741
"US-MA","Massachusetts","Hydro","2020",0.44117
"US-MA","Massachusetts","Other Fossil","2020",0.94704
"US-MA","Massachusetts","Other Renewables","2020",0.02492
"US-MA","Massachusetts","Solar","2020",3.7261
"US-MA","Massachusetts","Wind","2020",0.23827
"US-MA","Massachusetts","Bioenergy","2021",0.97291
"US-MA","Massachusetts","Coal","2021",0
"US-MA","Massachusetts","Gas","2021",15.00993
"US-MA","Massachusetts","Hydro","2021",0.69327
"US-MA","Massachusetts","Other Fossil","2021",1.00521
"US-MA","Massachusetts","Other Renewables","2021",0.02569
"US-MA","Massachusetts","Solar","2021",4.12016
"US-MA","Massachusetts","Wind","2021",0.20863
"US-MA","Massachusetts","Bioenergy","2022",0.9369
"US-MA","Massachusetts","Coal","2022",0
"US-MA","Massachusetts","Gas","2022",15.77597
"US-MA","Massachusetts","Hydro","2022",0.47757
"US-MA","Massachusetts","Other Fossil","2022",1.68586
"US-MA","Massachusetts","Other Renewables","2022",0.02541
"US-MA","Massachusetts","Solar","2022",5.35315
"US-MA","Massachusetts","Wind","2022",0.21568
"US-MA","Massachusetts","Bioenergy","2023",0.91394
"US-MA","Massachusetts","Coal","2023",0
"US-MA","Massachusetts","Gas","2023",14.77403
"US-MA","Massachusetts","Hydro","2023",0.78573
"US-MA","Massachusetts","Other Fossil","2023",1.02554
"US-MA","Massachusetts","Other Renewables","2023",0.02629
"US-MA","Massachusetts","Solar","2023",5.72366
"US-MA","Massachusetts","Wind","2023",0.1817
"US-MA","Massachusetts","Bioenergy","2024",0.92501
"US-MA","Massachusetts","Coal","2024",0
"US-MA","Massachusetts","Gas","2024",16.20297
"US-MA","Massachusetts","Hydro","2024",0.39739
"US-MA","Massachusetts","Other Fossil","2024",1.09356
"US-MA","Massachusetts","Other Renewables","2024",0.02707
"US-MA","Massachusetts","Solar","2024",6.18485
"US-MA","Massachusetts","Wind","2024",0.16924
"US-MA","Massachusetts","Bioenergy","2025",0.87459
"US-MA","Massachusetts","Coal","2025",0
"US-MA","Massachusetts","Gas","2025",17.807
"US-MA","Massachusetts","Hydro","2025",0.38828
"US-MA","Massachusetts","Other Fossil","2025",1.24081
"US-MA","Massachusetts","Other Renewables","2025",0.0279
"US-MA","Massachusetts","Solar","2025",6.70212
"US-MA","Massachusetts","Wind","2025",0.20998
"US-MI","Michigan","Bioenergy","2015",2.48487
"US-MI","Michigan","Coal","2015",52.88403
"US-MI","Michigan","Gas","2015",20.0448
"US-MI","Michigan","Hydro","2015",1.0184
"US-MI","Michigan","Nuclear","2015",29.33379
"US-MI","Michigan","Other Fossil","2015",1.7262
"US-MI","Michigan","Other Renewables","2015",0.01594
"US-MI","Michigan","Solar","2015",0.03882
"US-MI","Michigan","Wind","2015",4.7969
"US-MI","Michigan","Bioenergy","2016",2.49508
"US-MI","Michigan","Coal","2016",40.52687
"US-MI","Michigan","Gas","2016",29.29515
"US-MI","Michigan","Hydro","2016",0.81271
"US-MI","Michigan","Nuclear","2016",31.55171
"US-MI","Michigan","Other Fossil","2016",2.03643
"US-MI","Michigan","Other Renewables","2016",0.01411
"US-MI","Michigan","Solar","2016",0.06413
"US-MI","Michigan","Wind","2016",4.69578
"US-MI","Michigan","Bioenergy","2017",2.49412
"US-MI","Michigan","Coal","2017",42.02055
"US-MI","Michigan","Gas","2017",26.13066
"US-MI","Michigan","Hydro","2017",1.0042
"US-MI","Michigan","Nuclear","2017",32.38119
"US-MI","Michigan","Other Fossil","2017",2.0213
"US-MI","Michigan","Other Renewables","2017",0.00928
"US-MI","Michigan","Solar","2017",0.12868
"US-MI","Michigan","Wind","2017",5.19127
"US-MI","Michigan","Bioenergy","2018",2.53104
"US-MI","Michigan","Coal","2018",42.33086
"US-MI","Michigan","Gas","2018",30.98689
"US-MI","Michigan","Hydro","2018",0.87074
"US-MI","Michigan","Nuclear","2018",30.47869
"US-MI","Michigan","Other Fossil","2018",1.96741
"US-MI","Michigan","Other Renewables","2018",0.01775
"US-MI","Michigan","Solar","2018",0.19735
"US-MI","Michigan","Wind","2018",5.45725
"US-MI","Michigan","Bioenergy","2019",2.3144
"US-MI","Michigan","Coal","2019",37.34149
"US-MI","Michigan","Gas","2019",34.42952
"US-MI","Michigan","Hydro","2019",0.9533
"US-MI","Michigan","Nuclear","2019",32.90927
"US-MI","Michigan","Other Fossil","2019",1.96323
"US-MI","Michigan","Other Renewables","2019",0.02048
"US-MI","Michigan","Solar","2019",0.25262
"US-MI","Michigan","Wind","2019",5.82571
"US-MI","Michigan","Bioenergy","2020",2.10154
"US-MI","Michigan","Coal","2020",27.96103
"US-MI","Michigan","Gas","2020",36.43384
"US-MI","Michigan","Hydro","2020",0.86786
"US-MI","Michigan","Nuclear","2020",30.33255
"US-MI","Michigan","Other Fossil","2020",1.1907
"US-MI","Michigan","Other Renewables","2020",0.02663
"US-MI","Michigan","Solar","2020",0.31007
"US-MI","Michigan","Wind","2020",6.73509
"US-MI","Michigan","Bioenergy","2021",2.3686
"US-MI","Michigan","Coal","2021",37.0539
"US-MI","Michigan","Gas","2021",30.51272
"US-MI","Michigan","Hydro","2021",0.62462
"US-MI","Michigan","Nuclear","2021",34.33832
"US-MI","Michigan","Other Fossil","2021",1.46211
"US-MI","Michigan","Other Renewables","2021",0.02394
"US-MI","Michigan","Solar","2021",0.61615
"US-MI","Michigan","Wind","2021",7.69689
"US-MI","Michigan","Bioenergy","2022",2.25793
"US-MI","Michigan","Coal","2022",34.48219
"US-MI","Michigan","Gas","2022",41.18379
"US-MI","Michigan","Hydro","2022",0.51779
"US-MI","Michigan","Nuclear","2022",26.01336
"US-MI","Michigan","Other Fossil","2022",1.58248
"US-MI","Michigan","Other Renewables","2022",0.0266
"US-MI","Michigan","Solar","2022",1.10507
"US-MI","Michigan","Wind","2022",9.15118
"US-MI","Michigan","Bioenergy","2023",2.02292
"US-MI","Michigan","Coal","2023",23.55451
"US-MI","Michigan","Gas","2023",54.06808
"US-MI","Michigan","Hydro","2023",0.58493
"US-MI","Michigan","Nuclear","2023",27.99611
"US-MI","Michigan","Other Fossil","2023",1.61209
"US-MI","Michigan","Other Renewables","2023",0.0246
"US-MI","Michigan","Solar","2023",1.5662
"US-MI","Michigan","Wind","2023",8.29242
"US-MI","Michigan","Bioenergy","2024",1.93695
"US-MI","Michigan","Coal","2024",25.73809
"US-MI","Michigan","Gas","2024",55.73428
"US-MI","Michigan","Hydro","2024",0.27849
"US-MI","Michigan","Nuclear","2024",26.28078
"US-MI","Michigan","Other Fossil","2024",1.12688
"US-MI","Michigan","Other Renewables","2024",0.01262
"US-MI","Michigan","Solar","2024",2.20495
"US-MI","Michigan","Wind","2024",9.83893
"US-MI","Michigan","Bioenergy","2025",2.09674
"US-MI","Michigan","Coal","2025",29.30785
"US-MI","Michigan","Gas","2025",53.14818
"US-MI","Michigan","Hydro","2025",0.69838
"US-MI","Michigan","Nuclear","2025",27.53396
"US-MI","Michigan","Other Fossil","2025",0.5308
"US-MI","Michigan","Other Renewables","2025",0.01283
"US-MI","Michigan","Solar","2025",3.27535
"US-MI","Michigan","Wind","2025",10.11558
"US-MN","Minnesota","Bioenergy","2015",1.80602
"US-MN","Minnesota","Coal","2015",24.6971
"US-MN","Minnesota","Gas","2015",7.38944
"US-MN","Minnesota","Hydro","2015",0.84905
"US-MN","Minnesota","Nuclear","2015",12.03861
"US-MN","Minnesota","Other Fossil","2015",0.41792
"US-MN","Minnesota","Other Renewables","2015",0.21395
"US-MN","Minnesota","Solar","2015",0.02838
"US-MN","Minnesota","Wind","2015",9.77885
"US-MN","Minnesota","Bioenergy","2016",1.89202
"US-MN","Minnesota","Coal","2016",23.20629
"US-MN","Minnesota","Gas","2016",8.92808
"US-MN","Minnesota","Hydro","2016",1.2085
"US-MN","Minnesota","Nuclear","2016",13.86082
"US-MN","Minnesota","Other Fossil","2016",0.43946
"US-MN","Minnesota","Other Renewables","2016",0.23969
"US-MN","Minnesota","Solar","2016",0.04701
"US-MN","Minnesota","Wind","2016",9.93349
"US-MN","Minnesota","Bioenergy","2017",1.93297
"US-MN","Minnesota","Coal","2017",22.7819
"US-MN","Minnesota","Gas","2017",6.70759
"US-MN","Minnesota","Hydro","2017",1.2577
"US-MN","Minnesota","Nuclear","2017",13.90435
"US-MN","Minnesota","Other Fossil","2017",0.43092
"US-MN","Minnesota","Other Renewables","2017",0.21562
"US-MN","Minnesota","Solar","2017",0.65473
"US-MN","Minnesota","Wind","2017",11.13727
"US-MN","Minnesota","Bioenergy","2018",1.64453
"US-MN","Minnesota","Coal","2018",23.45536
"US-MN","Minnesota","Gas","2018",8.55529
"US-MN","Minnesota","Hydro","2018",1.0535
"US-MN","Minnesota","Nuclear","2018",14.60133
"US-MN","Minnesota","Other Fossil","2018",0.45175
"US-MN","Minnesota","Other Renewables","2018",0.11813
"US-MN","Minnesota","Solar","2018",1.12275
"US-MN","Minnesota","Wind","2018",10.71365
"US-MN","Minnesota","Bioenergy","2019",1.18798
"US-MN","Minnesota","Coal","2019",17.80454
"US-MN","Minnesota","Gas","2019",12.60704
"US-MN","Minnesota","Hydro","2019",1.05603
"US-MN","Minnesota","Nuclear","2019",14.10455
"US-MN","Minnesota","Other Fossil","2019",0.40555
"US-MN","Minnesota","Other Renewables","2019",0.06713
"US-MN","Minnesota","Solar","2019",1.35313
"US-MN","Minnesota","Wind","2019",10.96487
"US-MN","Minnesota","Bioenergy","2020",1.15582
"US-MN","Minnesota","Coal","2020",14.03783
"US-MN","Minnesota","Gas","2020",11.81499
"US-MN","Minnesota","Hydro","2020",1.00184
"US-MN","Minnesota","Nuclear","2020",14.67729
"US-MN","Minnesota","Other Fossil","2020",0.35758
"US-MN","Minnesota","Other Renewables","2020",0.0616
"US-MN","Minnesota","Solar","2020",1.77338
"US-MN","Minnesota","Wind","2020",11.83114
"US-MN","Minnesota","Bioenergy","2021",1.25584
"US-MN","Minnesota","Coal","2021",15.76427
"US-MN","Minnesota","Gas","2021",12.79063
"US-MN","Minnesota","Hydro","2021",0.67912
"US-MN","Minnesota","Nuclear","2021",14.12277
"US-MN","Minnesota","Other Fossil","2021",0.41834
"US-MN","Minnesota","Other Renewables","2021",0.05914
"US-MN","Minnesota","Solar","2021",2.07675
"US-MN","Minnesota","Wind","2021",12.27131
"US-MN","Minnesota","Bioenergy","2022",1.18667
"US-MN","Minnesota","Coal","2022",16.1587
"US-MN","Minnesota","Gas","2022",8.73608
"US-MN","Minnesota","Hydro","2022",0.95043
"US-MN","Minnesota","Nuclear","2022",14.69621
"US-MN","Minnesota","Other Fossil","2022",0.24631
"US-MN","Minnesota","Other Renewables","2022",0.05258
"US-MN","Minnesota","Solar","2022",2.14436
"US-MN","Minnesota","Wind","2022",15.09123
"US-MN","Minnesota","Bioenergy","2023",1.13527
"US-MN","Minnesota","Coal","2023",12.79379
"US-MN","Minnesota","Gas","2023",13.82361
"US-MN","Minnesota","Hydro","2023",0.75036
"US-MN","Minnesota","Nuclear","2023",11.92365
"US-MN","Minnesota","Other Fossil","2023",0.35758
"US-MN","Minnesota","Other Renewables","2023",0.05798
"US-MN","Minnesota","Solar","2023",2.41687
"US-MN","Minnesota","Wind","2023",14.39825
"US-MN","Minnesota","Bioenergy","2024",1.16492
"US-MN","Minnesota","Coal","2024",11.43049
"US-MN","Minnesota","Gas","2024",15.88866
"US-MN","Minnesota","Hydro","2024",0.86776
"US-MN","Minnesota","Nuclear","2024",11.84461
"US-MN","Minnesota","Other Fossil","2024",0.33205
"US-MN","Minnesota","Other Renewables","2024",0.04905
"US-MN","Minnesota","Solar","2024",2.68867
"US-MN","Minnesota","Wind","2024",14.78146
"US-MN","Minnesota","Bioenergy","2025",1.17202
"US-MN","Minnesota","Coal","2025",14.13886
"US-MN","Minnesota","Gas","2025",12.69934
"US-MN","Minnesota","Hydro","2025",0.9212
"US-MN","Minnesota","Nuclear","2025",13.21332
"US-MN","Minnesota","Other Fossil","2025",0.2979
"US-MN","Minnesota","Other Renewables","2025",0.05954
"US-MN","Minnesota","Solar","2025",3.64919
"US-MN","Minnesota","Wind","2025",15.39949
"US-MS","Mississippi","Bioenergy","2015",1.50653
"US-MS","Mississippi","Coal","2015",6.39961
"US-MS","Mississippi","Gas","2015",45.11694
"US-MS","Mississippi","Nuclear","2015",11.71459
"US-MS","Mississippi","Other Fossil","2015",0.0202
"US-MS","Mississippi","Other Renewables","2015",0.00053
"US-MS","Mississippi","Solar","2015",0.00168
"US-MS","Mississippi","Bioenergy","2016",1.5242
"US-MS","Mississippi","Coal","2016",5.34203
"US-MS","Mississippi","Gas","2016",50.09474
"US-MS","Mississippi","Nuclear","2016",5.89727
"US-MS","Mississippi","Other Fossil","2016",0.02306
"US-MS","Mississippi","Other Renewables","2016",0.00119
"US-MS","Mississippi","Solar","2016",0.00636
"US-MS","Mississippi","Bioenergy","2017",1.47705
"US-MS","Mississippi","Coal","2017",4.62823
"US-MS","Mississippi","Gas","2017",46.15847
"US-MS","Mississippi","Nuclear","2017",7.36465
"US-MS","Mississippi","Other Fossil","2017",0.01332
"US-MS","Mississippi","Other Renewables","2017",0.0031
"US-MS","Mississippi","Solar","2017",0.09645
"US-MS","Mississippi","Bioenergy","2018",1.43928
"US-MS","Mississippi","Coal","2018",5.28004
"US-MS","Mississippi","Gas","2018",49.48181
"US-MS","Mississippi","Nuclear","2018",6.91947
"US-MS","Mississippi","Other Fossil","2018",0.02731
"US-MS","Mississippi","Other Renewables","2018",0.00396
"US-MS","Mississippi","Solar","2018",0.33678
"US-MS","Mississippi","Bioenergy","2019",1.39536
"US-MS","Mississippi","Coal","2019",4.41434
"US-MS","Mississippi","Gas","2019",48.7805
"US-MS","Mississippi","Nuclear","2019",11.03251
"US-MS","Mississippi","Other Fossil","2019",0.0137
"US-MS","Mississippi","Other Renewables","2019",0.00408
"US-MS","Mississippi","Solar","2019",0.33613
"US-MS","Mississippi","Bioenergy","2020",1.41721
"US-MS","Mississippi","Coal","2020",4.59352
"US-MS","Mississippi","Gas","2020",53.6616
"US-MS","Mississippi","Nuclear","2020",6.47093
"US-MS","Mississippi","Other Fossil","2020",0.0084
"US-MS","Mississippi","Other Renewables","2020",0.00451
"US-MS","Mississippi","Solar","2020",0.44508
"US-MS","Mississippi","Bioenergy","2021",1.36655
"US-MS","Mississippi","Coal","2021",5.53069
"US-MS","Mississippi","Gas","2021",48.62102
"US-MS","Mississippi","Nuclear","2021",11.77206
"US-MS","Mississippi","Other Fossil","2021",0.00825
"US-MS","Mississippi","Other Renewables","2021",0.00162
"US-MS","Mississippi","Solar","2021",0.44127
"US-MS","Mississippi","Bioenergy","2022",1.29736
"US-MS","Mississippi","Coal","2022",5.65137
"US-MS","Mississippi","Gas","2022",51.71917
"US-MS","Mississippi","Nuclear","2022",8.60033
"US-MS","Mississippi","Other Fossil","2022",0.00915
"US-MS","Mississippi","Other Renewables","2022",0.00039
"US-MS","Mississippi","Solar","2022",0.52592
"US-MS","Mississippi","Bioenergy","2023",1.33937
"US-MS","Mississippi","Coal","2023",4.03697
"US-MS","Mississippi","Gas","2023",55.16757
"US-MS","Mississippi","Nuclear","2023",11.74962
"US-MS","Mississippi","Other Fossil","2023",0.00706
"US-MS","Mississippi","Other Renewables","2023",0.00044
"US-MS","Mississippi","Solar","2023",0.65617
"US-MS","Mississippi","Bioenergy","2024",1.28101
"US-MS","Mississippi","Coal","2024",3.33412
"US-MS","Mississippi","Gas","2024",60.02554
"US-MS","Mississippi","Nuclear","2024",10.6534
"US-MS","Mississippi","Other Fossil","2024",0.00506
"US-MS","Mississippi","Other Renewables","2024",7e-04
"US-MS","Mississippi","Solar","2024",1.72092
"US-MS","Mississippi","Wind","2024",0.34672
"US-MS","Mississippi","Bioenergy","2025",1.32632
"US-MS","Mississippi","Coal","2025",4.18131
"US-MS","Mississippi","Gas","2025",57.7554
"US-MS","Mississippi","Nuclear","2025",11.4927
"US-MS","Mississippi","Other Fossil","2025",-0.00279
"US-MS","Mississippi","Other Renewables","2025",0
"US-MS","Mississippi","Solar","2025",2.90829
"US-MS","Mississippi","Wind","2025",0.50018
"US-MO","Missouri","Bioenergy","2015",0.1289
"US-MO","Missouri","Coal","2015",65.32552
"US-MO","Missouri","Gas","2015",4.59641
"US-MO","Missouri","Hydro","2015",1.94277
"US-MO","Missouri","Nuclear","2015",10.44008
"US-MO","Missouri","Other Fossil","2015",0.15641
"US-MO","Missouri","Other Renewables","2015",0.00263
"US-MO","Missouri","Solar","2015",0.16208
"US-MO","Missouri","Wind","2015",1.03308
"US-MO","Missouri","Bioenergy","2016",0.13864
"US-MO","Missouri","Coal","2016",60.32189
"US-MO","Missouri","Gas","2016",6.03157
"US-MO","Missouri","Hydro","2016",1.44767
"US-MO","Missouri","Nuclear","2016",9.43018
"US-MO","Missouri","Other Fossil","2016",0.087
"US-MO","Missouri","Other Renewables","2016",0.00321
"US-MO","Missouri","Solar","2016",0.19979
"US-MO","Missouri","Wind","2016",1.12188
"US-MO","Missouri","Bioenergy","2017",0.1442
"US-MO","Missouri","Coal","2017",67.51895
"US-MO","Missouri","Gas","2017",5.20529
"US-MO","Missouri","Hydro","2017",1.2813
"US-MO","Missouri","Nuclear","2017",8.30413
"US-MO","Missouri","Other Fossil","2017",0.06437
"US-MO","Missouri","Other Renewables","2017",0.00315
"US-MO","Missouri","Solar","2017",0.26055
"US-MO","Missouri","Wind","2017",2.03232
"US-MO","Missouri","Bioenergy","2018",0.13294
"US-MO","Missouri","Coal","2018",63.35514
"US-MO","Missouri","Gas","2018",7.05006
"US-MO","Missouri","Hydro","2018",0.8753
"US-MO","Missouri","Nuclear","2018",10.65528
"US-MO","Missouri","Other Fossil","2018",0.10076
"US-MO","Missouri","Other Renewables","2018",0.00303
"US-MO","Missouri","Solar","2018",0.32372
"US-MO","Missouri","Wind","2018",2.83468
"US-MO","Missouri","Bioenergy","2019",0.12015
"US-MO","Missouri","Coal","2019",55.68629
"US-MO","Missouri","Gas","2019",7.6748
"US-MO","Missouri","Hydro","2019",2.55274
"US-MO","Missouri","Nuclear","2019",9.18986
"US-MO","Missouri","Other Fossil","2019",0.09723
"US-MO","Missouri","Other Renewables","2019",0.00228
"US-MO","Missouri","Solar","2019",0.39317
"US-MO","Missouri","Wind","2019",2.85789
"US-MO","Missouri","Bioenergy","2020",0.12532
"US-MO","Missouri","Coal","2020",51.75569
"US-MO","Missouri","Gas","2020",7.56074
"US-MO","Missouri","Hydro","2020",1.85729
"US-MO","Missouri","Nuclear","2020",7.74212
"US-MO","Missouri","Other Fossil","2020",0.08087
"US-MO","Missouri","Other Renewables","2020",0.00252
"US-MO","Missouri","Solar","2020",0.46096
"US-MO","Missouri","Wind","2020",3.3451
"US-MO","Missouri","Bioenergy","2021",0.12373
"US-MO","Missouri","Coal","2021",57.85827
"US-MO","Missouri","Gas","2021",6.05897
"US-MO","Missouri","Hydro","2021",1.69893
"US-MO","Missouri","Nuclear","2021",4.29243
"US-MO","Missouri","Other Fossil","2021",0.2587
"US-MO","Missouri","Other Renewables","2021",0.00277
"US-MO","Missouri","Solar","2021",0.54906
"US-MO","Missouri","Wind","2021",6.53435
"US-MO","Missouri","Bioenergy","2022",0.11325
"US-MO","Missouri","Coal","2022",52.83238
"US-MO","Missouri","Gas","2022",8.15158
"US-MO","Missouri","Hydro","2022",1.54921
"US-MO","Missouri","Nuclear","2022",8.87477
"US-MO","Missouri","Other Fossil","2022",0.16296
"US-MO","Missouri","Other Renewables","2022",0.00295
"US-MO","Missouri","Solar","2022",0.68076
"US-MO","Missouri","Wind","2022",7.5246
"US-MO","Missouri","Bioenergy","2023",0.09907
"US-MO","Missouri","Coal","2023",40.34739
"US-MO","Missouri","Gas","2023",9.25985
"US-MO","Missouri","Hydro","2023",0.73597
"US-MO","Missouri","Nuclear","2023",9.17974
"US-MO","Missouri","Other Fossil","2023",0.13173
"US-MO","Missouri","Other Renewables","2023",0.00305
"US-MO","Missouri","Solar","2023",0.86657
"US-MO","Missouri","Wind","2023",6.77529
"US-MO","Missouri","Bioenergy","2024",0.10571
"US-MO","Missouri","Coal","2024",38.83162
"US-MO","Missouri","Gas","2024",9.09957
"US-MO","Missouri","Hydro","2024",1.16786
"US-MO","Missouri","Nuclear","2024",10.52578
"US-MO","Missouri","Other Fossil","2024",0.14752
"US-MO","Missouri","Other Renewables","2024",0.00317
"US-MO","Missouri","Solar","2024",0.94982
"US-MO","Missouri","Wind","2024",6.78996
"US-MO","Missouri","Bioenergy","2025",0.09192
"US-MO","Missouri","Coal","2025",45.94085
"US-MO","Missouri","Gas","2025",9.45818
"US-MO","Missouri","Hydro","2025",1.14181
"US-MO","Missouri","Nuclear","2025",7.11616
"US-MO","Missouri","Other Fossil","2025",0.25474
"US-MO","Missouri","Other Renewables","2025",0.0027
"US-MO","Missouri","Solar","2025",2.38841
"US-MO","Missouri","Wind","2025",6.50033
"US-MT","Montana","Bioenergy","2015",0.02128
"US-MT","Montana","Coal","2015",16.01321
"US-MT","Montana","Gas","2015",0.59921
"US-MT","Montana","Hydro","2015",9.88773
"US-MT","Montana","Other Fossil","2015",0.33335
"US-MT","Montana","Solar","2015",0.00822
"US-MT","Montana","Wind","2015",1.96473
"US-MT","Montana","Bioenergy","2016",0.02015
"US-MT","Montana","Coal","2016",14.26922
"US-MT","Montana","Gas","2016",0.47606
"US-MT","Montana","Hydro","2016",10.08253
"US-MT","Montana","Other Fossil","2016",0.35278
"US-MT","Montana","Solar","2016",0.01095
"US-MT","Montana","Wind","2016",2.14019
"US-MT","Montana","Bioenergy","2017",0.02118
"US-MT","Montana","Coal","2017",13.8641
"US-MT","Montana","Gas","2017",0.41652
"US-MT","Montana","Hydro","2017",10.94646
"US-MT","Montana","Other Fossil","2017",0.35889
"US-MT","Montana","Solar","2017",0.02883
"US-MT","Montana","Wind","2017",2.15482
"US-MT","Montana","Bioenergy","2018",0.02133
"US-MT","Montana","Coal","2018",13.36003
"US-MT","Montana","Gas","2018",0.47637
"US-MT","Montana","Hydro","2018",11.40461
"US-MT","Montana","Other Fossil","2018",0.33366
"US-MT","Montana","Solar","2018",0.05358
"US-MT","Montana","Wind","2018",2.15339
"US-MT","Montana","Bioenergy","2019",0.02014
"US-MT","Montana","Coal","2019",14.10066
"US-MT","Montana","Gas","2019",0.50721
"US-MT","Montana","Hydro","2019",10.00452
"US-MT","Montana","Other Fossil","2019",0.31274
"US-MT","Montana","Solar","2019",0.05387
"US-MT","Montana","Wind","2019",2.37336
"US-MT","Montana","Bioenergy","2020",0.0333
"US-MT","Montana","Coal","2020",8.49028
"US-MT","Montana","Gas","2020",0.2908
"US-MT","Montana","Hydro","2020",10.74754
"US-MT","Montana","Other Fossil","2020",0.25277
"US-MT","Montana","Solar","2020",0.06654
"US-MT","Montana","Wind","2020",3.05858
"US-MT","Montana","Bioenergy","2021",0.03228
"US-MT","Montana","Coal","2021",10.87645
"US-MT","Montana","Gas","2021",0.5283
"US-MT","Montana","Hydro","2021",9.25837
"US-MT","Montana","Other Fossil","2021",0.30475
"US-MT","Montana","Solar","2021",0.07613
"US-MT","Montana","Wind","2021",3.47265
"US-MT","Montana","Bioenergy","2022",0.02795
"US-MT","Montana","Coal","2022",11.65107
"US-MT","Montana","Gas","2022",0.72876
"US-MT","Montana","Hydro","2022",9.88593
"US-MT","Montana","Other Fossil","2022",0.28771
"US-MT","Montana","Solar","2022",0.08491
"US-MT","Montana","Wind","2022",4.02186
"US-MT","Montana","Bioenergy","2023",0.02744
"US-MT","Montana","Coal","2023",11.55304
"US-MT","Montana","Gas","2023",1.0017
"US-MT","Montana","Hydro","2023",8.79234
"US-MT","Montana","Other Fossil","2023",0.24295
"US-MT","Montana","Solar","2023",0.31648
"US-MT","Montana","Wind","2023",4.55698
"US-MT","Montana","Bioenergy","2024",0.03498
"US-MT","Montana","Coal","2024",9.78549
"US-MT","Montana","Gas","2024",0.99523
"US-MT","Montana","Hydro","2024",9.22004
"US-MT","Montana","Other Fossil","2024",0.2803
"US-MT","Montana","Solar","2024",0.47335
"US-MT","Montana","Wind","2024",5.81519
"US-MT","Montana","Bioenergy","2025",0.03755
"US-MT","Montana","Coal","2025",10.02402
"US-MT","Montana","Gas","2025",1.31926
"US-MT","Montana","Hydro","2025",9.79068
"US-MT","Montana","Other Fossil","2025",0.27661
"US-MT","Montana","Solar","2025",0.4963
"US-MT","Montana","Wind","2025",6.25244
"US-NE","Nebraska","Bioenergy","2015",0.07095
"US-NE","Nebraska","Coal","2015",24.18542
"US-NE","Nebraska","Gas","2015",0.43073
"US-NE","Nebraska","Hydro","2015",1.68498
"US-NE","Nebraska","Nuclear","2015",10.32473
"US-NE","Nebraska","Other Fossil","2015",0.00611
"US-NE","Nebraska","Other Renewables","2015",0.01622
"US-NE","Nebraska","Solar","2015",0.00136
"US-NE","Nebraska","Wind","2015",3.18046
"US-NE","Nebraska","Bioenergy","2016",0.09782
"US-NE","Nebraska","Coal","2016",21.89771
"US-NE","Nebraska","Gas","2016",0.53791
"US-NE","Nebraska","Hydro","2016",0.85641
"US-NE","Nebraska","Nuclear","2016",9.35059
"US-NE","Nebraska","Other Fossil","2016",-0.01794
"US-NE","Nebraska","Other Renewables","2016",0.01787
"US-NE","Nebraska","Solar","2016",0.00667
"US-NE","Nebraska","Wind","2016",3.79839
"US-NE","Nebraska","Bioenergy","2017",0.09729
"US-NE","Nebraska","Coal","2017",21.17356
"US-NE","Nebraska","Gas","2017",0.62935
"US-NE","Nebraska","Hydro","2017",1.48906
"US-NE","Nebraska","Nuclear","2017",6.91274
"US-NE","Nebraska","Other Fossil","2017",0.00564
"US-NE","Nebraska","Other Renewables","2017",0.01738
"US-NE","Nebraska","Solar","2017",0.02065
"US-NE","Nebraska","Wind","2017",5.08408
"US-NE","Nebraska","Bioenergy","2018",0.09331
"US-NE","Nebraska","Coal","2018",23.30521
"US-NE","Nebraska","Gas","2018",0.96479
"US-NE","Nebraska","Hydro","2018",1.38207
"US-NE","Nebraska","Nuclear","2018",5.63214
"US-NE","Nebraska","Other Fossil","2018",0.01247
"US-NE","Nebraska","Other Renewables","2018",0.01494
"US-NE","Nebraska","Solar","2018",0.03775
"US-NE","Nebraska","Wind","2018",5.54911
"US-NE","Nebraska","Bioenergy","2019",0.08452
"US-NE","Nebraska","Coal","2019",20.38542
"US-NE","Nebraska","Gas","2019",1.27686
"US-NE","Nebraska","Hydro","2019",1.34025
"US-NE","Nebraska","Nuclear","2019",6.9516
"US-NE","Nebraska","Other Fossil","2019",0.01617
"US-NE","Nebraska","Other Renewables","2019",0.01333
"US-NE","Nebraska","Solar","2019",0.04674
"US-NE","Nebraska","Wind","2019",7.21109
"US-NE","Nebraska","Bioenergy","2020",0.0897
"US-NE","Nebraska","Coal","2020",18.78865
"US-NE","Nebraska","Gas","2020",1.20871
"US-NE","Nebraska","Hydro","2020",1.39009
"US-NE","Nebraska","Nuclear","2020",6.18855
"US-NE","Nebraska","Other Fossil","2020",0.01403
"US-NE","Nebraska","Other Renewables","2020",0.01196
"US-NE","Nebraska","Solar","2020",0.07399
"US-NE","Nebraska","Wind","2020",9.11534
"US-NE","Nebraska","Bioenergy","2021",0.09247
"US-NE","Nebraska","Coal","2021",18.93362
"US-NE","Nebraska","Gas","2021",1.17337
"US-NE","Nebraska","Hydro","2021",1.12316
"US-NE","Nebraska","Nuclear","2021",6.88062
"US-NE","Nebraska","Other Fossil","2021",0.0551
"US-NE","Nebraska","Other Renewables","2021",0.01532
"US-NE","Nebraska","Solar","2021",0.08555
"US-NE","Nebraska","Wind","2021",9.59204
"US-NE","Nebraska","Bioenergy","2022",0.08851
"US-NE","Nebraska","Coal","2022",19.94527
"US-NE","Nebraska","Gas","2022",1.26018
"US-NE","Nebraska","Hydro","2022",1.05737
"US-NE","Nebraska","Nuclear","2022",5.6185
"US-NE","Nebraska","Other Fossil","2022",0.035
"US-NE","Nebraska","Other Renewables","2022",0.01815
"US-NE","Nebraska","Solar","2022",0.10999
"US-NE","Nebraska","Wind","2022",12.61406
"US-NE","Nebraska","Bioenergy","2023",0.08996
"US-NE","Nebraska","Coal","2023",17.91648
"US-NE","Nebraska","Gas","2023",1.41085
"US-NE","Nebraska","Hydro","2023",1.1429
"US-NE","Nebraska","Nuclear","2023",6.92605
"US-NE","Nebraska","Other Fossil","2023",0.03509
"US-NE","Nebraska","Other Renewables","2023",0.01781
"US-NE","Nebraska","Solar","2023",0.12862
"US-NE","Nebraska","Wind","2023",11.84521
"US-NE","Nebraska","Bioenergy","2024",0.08176
"US-NE","Nebraska","Coal","2024",16.35221
"US-NE","Nebraska","Gas","2024",1.38147
"US-NE","Nebraska","Hydro","2024",1.18267
"US-NE","Nebraska","Nuclear","2024",6.09573
"US-NE","Nebraska","Other Fossil","2024",0.04777
"US-NE","Nebraska","Other Renewables","2024",0.01264
"US-NE","Nebraska","Solar","2024",0.25362
"US-NE","Nebraska","Wind","2024",11.89121
"US-NE","Nebraska","Bioenergy","2025",0.07283
"US-NE","Nebraska","Coal","2025",18.33153
"US-NE","Nebraska","Gas","2025",1.58492
"US-NE","Nebraska","Hydro","2025",1.26526
"US-NE","Nebraska","Nuclear","2025",6.92198
"US-NE","Nebraska","Other Fossil","2025",0.06993
"US-NE","Nebraska","Other Renewables","2025",0.01076
"US-NE","Nebraska","Solar","2025",0.31755
"US-NE","Nebraska","Wind","2025",11.70601
"US-NV","Nevada","Bioenergy","2015",0.02569
"US-NV","Nevada","Coal","2015",2.65729
"US-NV","Nevada","Gas","2015",28.99951
"US-NV","Nevada","Hydro","2015",2.26414
"US-NV","Nevada","Other Fossil","2015",0.02252
"US-NV","Nevada","Other Renewables","2015",3.1105
"US-NV","Nevada","Solar","2015",1.84364
"US-NV","Nevada","Wind","2015",0.30972
"US-NV","Nevada","Bioenergy","2016",0.05526
"US-NV","Nevada","Coal","2016",2.16683
"US-NV","Nevada","Gas","2016",28.92161
"US-NV","Nevada","Hydro","2016",1.78922
"US-NV","Nevada","Other Fossil","2016",0.03276
"US-NV","Nevada","Other Renewables","2016",3.3534
"US-NV","Nevada","Solar","2016",3.49621
"US-NV","Nevada","Wind","2016",0.34386
"US-NV","Nevada","Bioenergy","2017",0.05768
"US-NV","Nevada","Coal","2017",1.86559
"US-NV","Nevada","Gas","2017",26.6259
"US-NV","Nevada","Hydro","2017",1.8127
"US-NV","Nevada","Other Fossil","2017",0.04031
"US-NV","Nevada","Other Renewables","2017",3.29187
"US-NV","Nevada","Solar","2017",4.55787
"US-NV","Nevada","Wind","2017",0.36136
"US-NV","Nevada","Bioenergy","2018",0.05307
"US-NV","Nevada","Coal","2018",2.48505
"US-NV","Nevada","Gas","2018",26.68861
"US-NV","Nevada","Hydro","2018",1.88127
"US-NV","Nevada","Other Fossil","2018",0.03903
"US-NV","Nevada","Other Renewables","2018",3.46198
"US-NV","Nevada","Solar","2018",5.21497
"US-NV","Nevada","Wind","2018",0.31235
"US-NV","Nevada","Bioenergy","2019",0.05428
"US-NV","Nevada","Coal","2019",2.73546
"US-NV","Nevada","Gas","2019",25.77496
"US-NV","Nevada","Hydro","2019",2.24206
"US-NV","Nevada","Other Fossil","2019",0.03386
"US-NV","Nevada","Other Renewables","2019",3.90912
"US-NV","Nevada","Solar","2019",5.49101
"US-NV","Nevada","Wind","2019",0.3294
"US-NV","Nevada","Bioenergy","2020",0.05424
"US-NV","Nevada","Coal","2020",1.9532
"US-NV","Nevada","Gas","2020",26.80132
"US-NV","Nevada","Hydro","2020",1.92337
"US-NV","Nevada","Other Fossil","2020",0.03207
"US-NV","Nevada","Other Renewables","2020",3.80092
"US-NV","Nevada","Solar","2020",6.40716
"US-NV","Nevada","Wind","2020",0.3248
"US-NV","Nevada","Bioenergy","2021",0.04996
"US-NV","Nevada","Coal","2021",2.75247
"US-NV","Nevada","Gas","2021",26.12992
"US-NV","Nevada","Hydro","2021",1.94429
"US-NV","Nevada","Other Fossil","2021",0.03537
"US-NV","Nevada","Other Renewables","2021",3.91745
"US-NV","Nevada","Solar","2021",7.6558
"US-NV","Nevada","Wind","2021",0.33994
"US-NV","Nevada","Bioenergy","2022",0.04889
"US-NV","Nevada","Coal","2022",2.73526
"US-NV","Nevada","Gas","2022",24.84442
"US-NV","Nevada","Hydro","2022",1.68578
"US-NV","Nevada","Other Fossil","2022",0.0152
"US-NV","Nevada","Other Renewables","2022",3.91713
"US-NV","Nevada","Solar","2022",10.41456
"US-NV","Nevada","Wind","2022",0.31555
"US-NV","Nevada","Bioenergy","2023",0.05367
"US-NV","Nevada","Coal","2023",2.05964
"US-NV","Nevada","Gas","2023",24.59933
"US-NV","Nevada","Hydro","2023",1.31882
"US-NV","Nevada","Other Fossil","2023",-0.00518
"US-NV","Nevada","Other Renewables","2023",4.15041
"US-NV","Nevada","Solar","2023",11.38103
"US-NV","Nevada","Wind","2023",0.29125
"US-NV","Nevada","Bioenergy","2024",0.05215
"US-NV","Nevada","Coal","2024",2.32325
"US-NV","Nevada","Gas","2024",24.99947
"US-NV","Nevada","Hydro","2024",1.6063
"US-NV","Nevada","Other Fossil","2024",-0.11258
"US-NV","Nevada","Other Renewables","2024",3.88573
"US-NV","Nevada","Solar","2024",14.49722
"US-NV","Nevada","Wind","2024",0.31934
"US-NV","Nevada","Bioenergy","2025",0.0541
"US-NV","Nevada","Coal","2025",2.58873
"US-NV","Nevada","Gas","2025",22.86577
"US-NV","Nevada","Hydro","2025",1.88457
"US-NV","Nevada","Other Fossil","2025",-0.21779
"US-NV","Nevada","Other Renewables","2025",3.87464
"US-NV","Nevada","Solar","2025",15.91143
"US-NV","Nevada","Wind","2025",0.35064
"US-NH","New Hampshire","Bioenergy","2015",1.62433
"US-NH","New Hampshire","Coal","2015",0.93666
"US-NH","New Hampshire","Gas","2015",6.05169
"US-NH","New Hampshire","Hydro","2015",1.27022
"US-NH","New Hampshire","Nuclear","2015",9.4842
"US-NH","New Hampshire","Other Fossil","2015",0.22528
"US-NH","New Hampshire","Other Renewables","2015",0.00095
"US-NH","New Hampshire","Solar","2015",0.02374
"US-NH","New Hampshire","Wind","2015",0.4235
"US-NH","New Hampshire","Bioenergy","2016",1.68937
"US-NH","New Hampshire","Coal","2016",0.42202
"US-NH","New Hampshire","Gas","2016",4.74444
"US-NH","New Hampshire","Hydro","2016",1.14539
"US-NH","New Hampshire","Nuclear","2016",10.76116
"US-NH","New Hampshire","Other Fossil","2016",0.0878
"US-NH","New Hampshire","Other Renewables","2016",0.00111
"US-NH","New Hampshire","Solar","2016",0.05151
"US-NH","New Hampshire","Wind","2016",0.43232
"US-NH","New Hampshire","Bioenergy","2017",1.61018
"US-NH","New Hampshire","Coal","2017",0.28728
"US-NH","New Hampshire","Gas","2017",3.5801
"US-NH","New Hampshire","Hydro","2017",1.4134
"US-NH","New Hampshire","Nuclear","2017",9.9907
"US-NH","New Hampshire","Other Fossil","2017",0.15358
"US-NH","New Hampshire","Other Renewables","2017",0.00119
"US-NH","New Hampshire","Solar","2017",0.08709
"US-NH","New Hampshire","Wind","2017",0.41159
"US-NH","New Hampshire","Bioenergy","2018",1.38621
"US-NH","New Hampshire","Coal","2018",0.66031
"US-NH","New Hampshire","Gas","2018",2.99154
"US-NH","New Hampshire","Hydro","2018",1.35499
"US-NH","New Hampshire","Nuclear","2018",10.0617
"US-NH","New Hampshire","Other Fossil","2018",0.22576
"US-NH","New Hampshire","Other Renewables","2018",0.00022
"US-NH","New Hampshire","Solar","2018",0.10797
"US-NH","New Hampshire","Wind","2018",0.40666
"US-NH","New Hampshire","Bioenergy","2019",1.21396
"US-NH","New Hampshire","Coal","2019",0.34302
"US-NH","New Hampshire","Gas","2019",3.58252
"US-NH","New Hampshire","Hydro","2019",1.46204
"US-NH","New Hampshire","Nuclear","2019",10.90692
"US-NH","New Hampshire","Other Fossil","2019",0.08473
"US-NH","New Hampshire","Other Renewables","2019",0
"US-NH","New Hampshire","Solar","2019",0.12983
"US-NH","New Hampshire","Wind","2019",0.4334
"US-NH","New Hampshire","Bioenergy","2020",0.86461
"US-NH","New Hampshire","Coal","2020",0.12848
"US-NH","New Hampshire","Gas","2020",3.63801
"US-NH","New Hampshire","Hydro","2020",1.22827
"US-NH","New Hampshire","Nuclear","2020",9.8652
"US-NH","New Hampshire","Other Fossil","2020",0.09727
"US-NH","New Hampshire","Other Renewables","2020",0
"US-NH","New Hampshire","Solar","2020",0.16078
"US-NH","New Hampshire","Wind","2020",0.52487
"US-NH","New Hampshire","Bioenergy","2021",0.92869
"US-NH","New Hampshire","Coal","2021",0.28416
"US-NH","New Hampshire","Gas","2021",4.46608
"US-NH","New Hampshire","Hydro","2021",1.02501
"US-NH","New Hampshire","Nuclear","2021",9.85612
"US-NH","New Hampshire","Other Fossil","2021",0.12529
"US-NH","New Hampshire","Other Renewables","2021",0
"US-NH","New Hampshire","Solar","2021",0.1968
"US-NH","New Hampshire","Wind","2021",0.50423
"US-NH","New Hampshire","Bioenergy","2022",0.85276
"US-NH","New Hampshire","Coal","2022",0.30546
"US-NH","New Hampshire","Gas","2022",4.50192
"US-NH","New Hampshire","Hydro","2022",1.20129
"US-NH","New Hampshire","Nuclear","2022",10.92153
"US-NH","New Hampshire","Other Fossil","2022",0.49521
"US-NH","New Hampshire","Other Renewables","2022",0
"US-NH","New Hampshire","Solar","2022",0.24419
"US-NH","New Hampshire","Wind","2022",0.48232
"US-NH","New Hampshire","Bioenergy","2023",0.77913
"US-NH","New Hampshire","Coal","2023",0.16014
"US-NH","New Hampshire","Gas","2023",4.22555
"US-NH","New Hampshire","Hydro","2023",1.5917
"US-NH","New Hampshire","Nuclear","2023",9.53478
"US-NH","New Hampshire","Other Fossil","2023",0.11905
"US-NH","New Hampshire","Other Renewables","2023",0
"US-NH","New Hampshire","Solar","2023",0.30249
"US-NH","New Hampshire","Wind","2023",0.41134
"US-NH","New Hampshire","Bioenergy","2024",0.66448
"US-NH","New Hampshire","Coal","2024",0.22447
"US-NH","New Hampshire","Gas","2024",4.42098
"US-NH","New Hampshire","Hydro","2024",1.4114
"US-NH","New Hampshire","Nuclear","2024",9.67686
"US-NH","New Hampshire","Other Fossil","2024",0.09621
"US-NH","New Hampshire","Other Renewables","2024",0
"US-NH","New Hampshire","Solar","2024",0.36484
"US-NH","New Hampshire","Wind","2024",0.44457
"US-NH","New Hampshire","Bioenergy","2025",0.7997
"US-NH","New Hampshire","Coal","2025",0.23943
"US-NH","New Hampshire","Gas","2025",5.31919
"US-NH","New Hampshire","Hydro","2025",1.35255
"US-NH","New Hampshire","Nuclear","2025",10.91017
"US-NH","New Hampshire","Other Fossil","2025",0.23356
"US-NH","New Hampshire","Other Renewables","2025",0
"US-NH","New Hampshire","Solar","2025",0.41185
"US-NH","New Hampshire","Wind","2025",0.47604
"US-NJ","New Jersey","Bioenergy","2015",0.94569
"US-NJ","New Jersey","Coal","2015",1.7591
"US-NJ","New Jersey","Gas","2015",36.97446
"US-NJ","New Jersey","Hydro","2015",-0.16004
"US-NJ","New Jersey","Nuclear","2015",33.26176
"US-NJ","New Jersey","Other Fossil","2015",1.1073
"US-NJ","New Jersey","Other Renewables","2015",0.00475
"US-NJ","New Jersey","Solar","2015",2.06244
"US-NJ","New Jersey","Wind","2015",0.02154
"US-NJ","New Jersey","Bioenergy","2016",0.98278
"US-NJ","New Jersey","Coal","2016",1.31454
"US-NJ","New Jersey","Gas","2016",43.80745
"US-NJ","New Jersey","Hydro","2016",-0.19454
"US-NJ","New Jersey","Nuclear","2016",29.88519
"US-NJ","New Jersey","Other Fossil","2016",0.89488
"US-NJ","New Jersey","Other Renewables","2016",0.00517
"US-NJ","New Jersey","Solar","2016",2.22006
"US-NJ","New Jersey","Wind","2016",0.02084
"US-NJ","New Jersey","Bioenergy","2017",0.92878
"US-NJ","New Jersey","Coal","2017",1.21609
"US-NJ","New Jersey","Gas","2017",37.70785
"US-NJ","New Jersey","Hydro","2017",-0.14819
"US-NJ","New Jersey","Nuclear","2017",34.0327
"US-NJ","New Jersey","Other Fossil","2017",0.8829
"US-NJ","New Jersey","Other Renewables","2017",0.00557
"US-NJ","New Jersey","Solar","2017",2.58649
"US-NJ","New Jersey","Wind","2017",0.02245
"US-NJ","New Jersey","Bioenergy","2018",0.93493
"US-NJ","New Jersey","Coal","2018",1.19329
"US-NJ","New Jersey","Gas","2018",38.86349
"US-NJ","New Jersey","Hydro","2018",-0.07956
"US-NJ","New Jersey","Nuclear","2018",31.98211
"US-NJ","New Jersey","Other Fossil","2018",1.06607
"US-NJ","New Jersey","Other Renewables","2018",0.0055
"US-NJ","New Jersey","Solar","2018",2.90266
"US-NJ","New Jersey","Wind","2018",0.0226
"US-NJ","New Jersey","Bioenergy","2019",0.79691
"US-NJ","New Jersey","Coal","2019",1.04153
"US-NJ","New Jersey","Gas","2019",40.44913
"US-NJ","New Jersey","Hydro","2019",-0.06736
"US-NJ","New Jersey","Nuclear","2019",26.63732
"US-NJ","New Jersey","Other Fossil","2019",0.90358
"US-NJ","New Jersey","Other Renewables","2019",0.00624
"US-NJ","New Jersey","Solar","2019",3.35749
"US-NJ","New Jersey","Wind","2019",0.022
"US-NJ","New Jersey","Bioenergy","2020",0.73625
"US-NJ","New Jersey","Coal","2020",0.91672
"US-NJ","New Jersey","Gas","2020",30.63098
"US-NJ","New Jersey","Hydro","2020",-0.09455
"US-NJ","New Jersey","Nuclear","2020",26.73826
"US-NJ","New Jersey","Other Fossil","2020",0.81111
"US-NJ","New Jersey","Other Renewables","2020",0.00574
"US-NJ","New Jersey","Solar","2020",3.80894
"US-NJ","New Jersey","Wind","2020",0.02001
"US-NJ","New Jersey","Bioenergy","2021",0.70776
"US-NJ","New Jersey","Coal","2021",1.02629
"US-NJ","New Jersey","Gas","2021",29.54281
"US-NJ","New Jersey","Hydro","2021",-0.10185
"US-NJ","New Jersey","Nuclear","2021",28.1421
"US-NJ","New Jersey","Other Fossil","2021",0.71909
"US-NJ","New Jersey","Other Renewables","2021",0.0045
"US-NJ","New Jersey","Solar","2021",4.04264
"US-NJ","New Jersey","Wind","2021",0.01973
"US-NJ","New Jersey","Bioenergy","2022",0.66347
"US-NJ","New Jersey","Coal","2022",0.49778
"US-NJ","New Jersey","Gas","2022",33.39432
"US-NJ","New Jersey","Hydro","2022",-0.13063
"US-NJ","New Jersey","Nuclear","2022",28.3188
"US-NJ","New Jersey","Other Fossil","2022",0.77677
"US-NJ","New Jersey","Other Renewables","2022",0.00351
"US-NJ","New Jersey","Solar","2022",4.6909
"US-NJ","New Jersey","Wind","2022",0.02163
"US-NJ","New Jersey","Bioenergy","2023",0.6708
"US-NJ","New Jersey","Coal","2023",0
"US-NJ","New Jersey","Gas","2023",33.05577
"US-NJ","New Jersey","Hydro","2023",-0.1536
"US-NJ","New Jersey","Nuclear","2023",28.33547
"US-NJ","New Jersey","Other Fossil","2023",0.75791
"US-NJ","New Jersey","Other Renewables","2023",0.00316
"US-NJ","New Jersey","Solar","2023",4.71045
"US-NJ","New Jersey","Wind","2023",0.01844
"US-NJ","New Jersey","Bioenergy","2024",0.65663
"US-NJ","New Jersey","Coal","2024",0
"US-NJ","New Jersey","Gas","2024",29.64885
"US-NJ","New Jersey","Hydro","2024",-0.22825
"US-NJ","New Jersey","Nuclear","2024",27.67678
"US-NJ","New Jersey","Other Fossil","2024",0.80549
"US-NJ","New Jersey","Other Renewables","2024",0.00233
"US-NJ","New Jersey","Solar","2024",4.99159
"US-NJ","New Jersey","Wind","2024",0.01939
"US-NJ","New Jersey","Bioenergy","2025",0.61135
"US-NJ","New Jersey","Coal","2025",0
"US-NJ","New Jersey","Gas","2025",29.61143
"US-NJ","New Jersey","Hydro","2025",-0.22895
"US-NJ","New Jersey","Nuclear","2025",27.91772
"US-NJ","New Jersey","Other Fossil","2025",0.96119
"US-NJ","New Jersey","Other Renewables","2025",0.00115
"US-NJ","New Jersey","Solar","2025",5.81342
"US-NJ","New Jersey","Wind","2025",0.02031
"US-NM","New Mexico","Bioenergy","2015",0.01957
"US-NM","New Mexico","Coal","2015",20.43953
"US-NM","New Mexico","Gas","2015",9.36462
"US-NM","New Mexico","Hydro","2015",0.09947
"US-NM","New Mexico","Other Fossil","2015",0.06362
"US-NM","New Mexico","Other Renewables","2015",0.02925
"US-NM","New Mexico","Solar","2015",0.7573
"US-NM","New Mexico","Wind","2015",2.09002
"US-NM","New Mexico","Bioenergy","2016",0.01781
"US-NM","New Mexico","Coal","2016",18.36527
"US-NM","New Mexico","Gas","2016",9.95755
"US-NM","New Mexico","Hydro","2016",0.14797
"US-NM","New Mexico","Other Fossil","2016",0.05196
"US-NM","New Mexico","Other Renewables","2016",0.03118
"US-NM","New Mexico","Solar","2016",0.90868
"US-NM","New Mexico","Wind","2016",3.60542
"US-NM","New Mexico","Bioenergy","2017",0.01759
"US-NM","New Mexico","Coal","2017",18.41448
"US-NM","New Mexico","Gas","2017",9.13166
"US-NM","New Mexico","Hydro","2017",0.19325
"US-NM","New Mexico","Other Fossil","2017",0.04026
"US-NM","New Mexico","Other Renewables","2017",0.02993
"US-NM","New Mexico","Solar","2017",1.39694
"US-NM","New Mexico","Wind","2017",4.59457
"US-NM","New Mexico","Bioenergy","2018",0.02116
"US-NM","New Mexico","Coal","2018",13.40153
"US-NM","New Mexico","Gas","2018",11.62818
"US-NM","New Mexico","Hydro","2018",0.14955
"US-NM","New Mexico","Other Fossil","2018",0.02001
"US-NM","New Mexico","Other Renewables","2018",0.02934
"US-NM","New Mexico","Solar","2018",1.59901
"US-NM","New Mexico","Wind","2018",6.09155
"US-NM","New Mexico","Bioenergy","2019",0.02258
"US-NM","New Mexico","Coal","2019",14.69167
"US-NM","New Mexico","Gas","2019",11.80319
"US-NM","New Mexico","Hydro","2019",0.15818
"US-NM","New Mexico","Other Fossil","2019",0.1828
"US-NM","New Mexico","Other Renewables","2019",0.06502
"US-NM","New Mexico","Solar","2019",1.66654
"US-NM","New Mexico","Wind","2019",6.89209
"US-NM","New Mexico","Bioenergy","2020",0.02497
"US-NM","New Mexico","Coal","2020",12.78818
"US-NM","New Mexico","Gas","2020",12.00191
"US-NM","New Mexico","Hydro","2020",0.20271
"US-NM","New Mexico","Other Fossil","2020",0.03175
"US-NM","New Mexico","Other Renewables","2020",0.05933
"US-NM","New Mexico","Solar","2020",2.11381
"US-NM","New Mexico","Wind","2020",7.22418
"US-NM","New Mexico","Bioenergy","2021",0.02568
"US-NM","New Mexico","Coal","2021",12.53632
"US-NM","New Mexico","Gas","2021",10.09319
"US-NM","New Mexico","Hydro","2021",0.12286
"US-NM","New Mexico","Other Fossil","2021",0.03283
"US-NM","New Mexico","Other Renewables","2021",0.05893
"US-NM","New Mexico","Solar","2021",2.2123
"US-NM","New Mexico","Wind","2021",10.58074
"US-NM","New Mexico","Bioenergy","2022",0.01707
"US-NM","New Mexico","Coal","2022",13.292
"US-NM","New Mexico","Gas","2022",10.97817
"US-NM","New Mexico","Hydro","2022",0.12082
"US-NM","New Mexico","Other Fossil","2022",0.01854
"US-NM","New Mexico","Other Renewables","2022",0.0546
"US-NM","New Mexico","Solar","2022",2.56644
"US-NM","New Mexico","Wind","2022",14.43455
"US-NM","New Mexico","Bioenergy","2023",0.01308
"US-NM","New Mexico","Coal","2023",7.37181
"US-NM","New Mexico","Gas","2023",14.23076
"US-NM","New Mexico","Hydro","2023",0.10779
"US-NM","New Mexico","Other Fossil","2023",-0.01772
"US-NM","New Mexico","Other Renewables","2023",0.04894
"US-NM","New Mexico","Solar","2023",3.31416
"US-NM","New Mexico","Wind","2023",14.91447
"US-NM","New Mexico","Bioenergy","2024",0.02522
"US-NM","New Mexico","Coal","2024",8.43183
"US-NM","New Mexico","Gas","2024",11.6478
"US-NM","New Mexico","Hydro","2024",0.15321
"US-NM","New Mexico","Other Fossil","2024",-0.00908
"US-NM","New Mexico","Other Renewables","2024",0.03947
"US-NM","New Mexico","Solar","2024",5.08661
"US-NM","New Mexico","Wind","2024",15.13557
"US-NM","New Mexico","Bioenergy","2025",0.01569
"US-NM","New Mexico","Coal","2025",8.18162
"US-NM","New Mexico","Gas","2025",10.50708
"US-NM","New Mexico","Hydro","2025",0.18484
"US-NM","New Mexico","Other Fossil","2025",-0.09965
"US-NM","New Mexico","Other Renewables","2025",0.07156
"US-NM","New Mexico","Solar","2025",6.9445
"US-NM","New Mexico","Wind","2025",14.21523
"US-NY","New York","Bioenergy","2015",2.24105
"US-NY","New York","Coal","2015",2.38007
"US-NY","New York","Gas","2015",56.92341
"US-NY","New York","Hydro","2015",25.59171
"US-NY","New York","Nuclear","2015",44.60287
"US-NY","New York","Other Fossil","2015",2.76507
"US-NY","New York","Other Renewables","2015",0.00582
"US-NY","New York","Solar","2015",0.68904
"US-NY","New York","Wind","2015",3.97698
"US-NY","New York","Bioenergy","2016",2.24351
"US-NY","New York","Coal","2016",1.77024
"US-NY","New York","Gas","2016",56.79334
"US-NY","New York","Hydro","2016",26.4173
"US-NY","New York","Nuclear","2016",41.57099
"US-NY","New York","Other Fossil","2016",1.50155
"US-NY","New York","Other Renewables","2016",0.00372
"US-NY","New York","Solar","2016",1.01304
"US-NY","New York","Wind","2016",3.94018
"US-NY","New York","Bioenergy","2017",2.28601
"US-NY","New York","Coal","2017",0.7703
"US-NY","New York","Gas","2017",47.27176
"US-NY","New York","Hydro","2017",29.72926
"US-NY","New York","Nuclear","2017",42.16741
"US-NY","New York","Other Fossil","2017",1.4819
"US-NY","New York","Other Renewables","2017",0.00499
"US-NY","New York","Solar","2017",1.36438
"US-NY","New York","Wind","2017",4.13595
"US-NY","New York","Bioenergy","2018",2.14174
"US-NY","New York","Coal","2018",0.69039
"US-NY","New York","Gas","2018",50.81043
"US-NY","New York","Hydro","2018",29.19928
"US-NY","New York","Nuclear","2018",42.91901
"US-NY","New York","Other Fossil","2018",2.46386
"US-NY","New York","Other Renewables","2018",0.00312
"US-NY","New York","Solar","2018",1.7942
"US-NY","New York","Wind","2018",3.99833
"US-NY","New York","Bioenergy","2019",1.94618
"US-NY","New York","Coal","2019",0.42195
"US-NY","New York","Gas","2019",47.61213
"US-NY","New York","Hydro","2019",30.30531
"US-NY","New York","Nuclear","2019",44.86502
"US-NY","New York","Other Fossil","2019",1.47317
"US-NY","New York","Other Renewables","2019",0.00042
"US-NY","New York","Solar","2019",2.37575
"US-NY","New York","Wind","2019",4.45588
"US-NY","New York","Bioenergy","2020",1.9605
"US-NY","New York","Coal","2020",0.14369
"US-NY","New York","Gas","2020",52.96559
"US-NY","New York","Hydro","2020",29.22193
"US-NY","New York","Nuclear","2020",38.43007
"US-NY","New York","Other Fossil","2020",1.34679
"US-NY","New York","Other Renewables","2020",0
"US-NY","New York","Solar","2020",3.13039
"US-NY","New York","Wind","2020",4.52173
"US-NY","New York","Bioenergy","2021",1.90331
"US-NY","New York","Coal","2021",0
"US-NY","New York","Gas","2021",56.34271
"US-NY","New York","Hydro","2021",28.38394
"US-NY","New York","Nuclear","2021",31.17658
"US-NY","New York","Other Fossil","2021",1.65041
"US-NY","New York","Other Renewables","2021",0.00034
"US-NY","New York","Solar","2021",3.8613
"US-NY","New York","Wind","2021",4.15637
"US-NY","New York","Bioenergy","2022",1.88013
"US-NY","New York","Coal","2022",0
"US-NY","New York","Gas","2022",60.31201
"US-NY","New York","Hydro","2022",26.98083
"US-NY","New York","Nuclear","2022",26.81216
"US-NY","New York","Other Fossil","2022",2.84748
"US-NY","New York","Other Renewables","2022",0
"US-NY","New York","Solar","2022",5.2565
"US-NY","New York","Wind","2022",4.56751
"US-NY","New York","Bioenergy","2023",1.62702
"US-NY","New York","Coal","2023",0
"US-NY","New York","Gas","2023",58.42792
"US-NY","New York","Hydro","2023",28.06209
"US-NY","New York","Nuclear","2023",27.52492
"US-NY","New York","Other Fossil","2023",1.36184
"US-NY","New York","Other Renewables","2023",0.00411
"US-NY","New York","Solar","2023",6.20459
"US-NY","New York","Wind","2023",4.7997
"US-NY","New York","Bioenergy","2024",1.59277
"US-NY","New York","Coal","2024",0
"US-NY","New York","Gas","2024",62.34551
"US-NY","New York","Hydro","2024",27.53572
"US-NY","New York","Nuclear","2024",27.07332
"US-NY","New York","Other Fossil","2024",1.30929
"US-NY","New York","Other Renewables","2024",0.00384
"US-NY","New York","Solar","2024",7.64953
"US-NY","New York","Wind","2024",6.0314
"US-NY","New York","Bioenergy","2025",1.48662
"US-NY","New York","Coal","2025",0
"US-NY","New York","Gas","2025",62.21552
"US-NY","New York","Hydro","2025",25.34816
"US-NY","New York","Nuclear","2025",28.40758
"US-NY","New York","Other Fossil","2025",2.21993
"US-NY","New York","Other Renewables","2025",0.0043
"US-NY","New York","Solar","2025",10.35861
"US-NY","New York","Wind","2025",6.90238
"US-NC","North Carolina","Bioenergy","2015",2.58937
"US-NC","North Carolina","Coal","2015",39.92217
"US-NC","North Carolina","Gas","2015",36.5446
"US-NC","North Carolina","Hydro","2015",4.7421
"US-NC","North Carolina","Nuclear","2015",42.09676
"US-NC","North Carolina","Other Fossil","2015",1.11987
"US-NC","North Carolina","Other Renewables","2015",0.01955
"US-NC","North Carolina","Solar","2015",1.45999
"US-NC","North Carolina","Bioenergy","2016",2.55591
"US-NC","North Carolina","Coal","2016",37.43578
"US-NC","North Carolina","Gas","2016",39.2511
"US-NC","North Carolina","Hydro","2016",4.41719
"US-NC","North Carolina","Nuclear","2016",42.78609
"US-NC","North Carolina","Other Fossil","2016",0.90573
"US-NC","North Carolina","Other Renewables","2016",0.04539
"US-NC","North Carolina","Solar","2016",3.58857
"US-NC","North Carolina","Wind","2016",0.00623
"US-NC","North Carolina","Bioenergy","2017",2.81225
"US-NC","North Carolina","Coal","2017",34.46017
"US-NC","North Carolina","Gas","2017",38.58979
"US-NC","North Carolina","Hydro","2017",3.81802
"US-NC","North Carolina","Nuclear","2017",42.37427
"US-NC","North Carolina","Other Fossil","2017",0.82876
"US-NC","North Carolina","Other Renewables","2017",0.10973
"US-NC","North Carolina","Solar","2017",5.29966
"US-NC","North Carolina","Wind","2017",0.47074
"US-NC","North Carolina","Bioenergy","2018",2.60961
"US-NC","North Carolina","Coal","2018",31.69047
"US-NC","North Carolina","Gas","2018",43.44575
"US-NC","North Carolina","Hydro","2018",6.60543
"US-NC","North Carolina","Nuclear","2018",42.07695
"US-NC","North Carolina","Other Fossil","2018",1.16814
"US-NC","North Carolina","Other Renewables","2018",0.11622
"US-NC","North Carolina","Solar","2018",6.32252
"US-NC","North Carolina","Wind","2018",0.54277
"US-NC","North Carolina","Bioenergy","2019",2.54916
"US-NC","North Carolina","Coal","2019",30.6721
"US-NC","North Carolina","Gas","2019",41.14686
"US-NC","North Carolina","Hydro","2019",6.18575
"US-NC","North Carolina","Nuclear","2019",41.91561
"US-NC","North Carolina","Other Fossil","2019",0.72991
"US-NC","North Carolina","Other Renewables","2019",0.13554
"US-NC","North Carolina","Solar","2019",7.72471
"US-NC","North Carolina","Wind","2019",0.52314
"US-NC","North Carolina","Bioenergy","2020",2.46109
"US-NC","North Carolina","Coal","2020",20.79329
"US-NC","North Carolina","Gas","2020",41.40132
"US-NC","North Carolina","Hydro","2020",7.95749
"US-NC","North Carolina","Nuclear","2020",42.32876
"US-NC","North Carolina","Other Fossil","2020",0.60147
"US-NC","North Carolina","Other Renewables","2020",0.10893
"US-NC","North Carolina","Solar","2020",8.6334
"US-NC","North Carolina","Wind","2020",0.54627
"US-NC","North Carolina","Bioenergy","2021",2.0225
"US-NC","North Carolina","Coal","2021",20.40464
"US-NC","North Carolina","Gas","2021",47.44463
"US-NC","North Carolina","Hydro","2021",5.81276
"US-NC","North Carolina","Nuclear","2021",43.11771
"US-NC","North Carolina","Other Fossil","2021",0.48326
"US-NC","North Carolina","Other Renewables","2021",0.10824
"US-NC","North Carolina","Solar","2021",10.5785
"US-NC","North Carolina","Wind","2021",0.5147
"US-NC","North Carolina","Bioenergy","2022",1.82487
"US-NC","North Carolina","Coal","2022",14.67374
"US-NC","North Carolina","Gas","2022",58.13139
"US-NC","North Carolina","Hydro","2022",4.68629
"US-NC","North Carolina","Nuclear","2022",42.64428
"US-NC","North Carolina","Other Fossil","2022",0.4858
"US-NC","North Carolina","Other Renewables","2022",0.08603
"US-NC","North Carolina","Solar","2022",11.85841
"US-NC","North Carolina","Wind","2022",0.54676
"US-NC","North Carolina","Bioenergy","2023",1.69193
"US-NC","North Carolina","Coal","2023",14.20465
"US-NC","North Carolina","Gas","2023",51.78803
"US-NC","North Carolina","Hydro","2023",4.22526
"US-NC","North Carolina","Nuclear","2023",42.33573
"US-NC","North Carolina","Other Fossil","2023",0.31952
"US-NC","North Carolina","Other Renewables","2023",0.11901
"US-NC","North Carolina","Solar","2023",12.21632
"US-NC","North Carolina","Wind","2023",0.5289
"US-NC","North Carolina","Bioenergy","2024",1.45414
"US-NC","North Carolina","Coal","2024",17.07865
"US-NC","North Carolina","Gas","2024",55.5032
"US-NC","North Carolina","Hydro","2024",4.82907
"US-NC","North Carolina","Nuclear","2024",43.34934
"US-NC","North Carolina","Other Fossil","2024",0.37707
"US-NC","North Carolina","Other Renewables","2024",0.09694
"US-NC","North Carolina","Solar","2024",12.75154
"US-NC","North Carolina","Wind","2024",0.53004
"US-NC","North Carolina","Bioenergy","2025",1.53891
"US-NC","North Carolina","Coal","2025",17.902
"US-NC","North Carolina","Gas","2025",54.2171
"US-NC","North Carolina","Hydro","2025",4.64959
"US-NC","North Carolina","Nuclear","2025",43.04674
"US-NC","North Carolina","Other Fossil","2025",0.39445
"US-NC","North Carolina","Other Renewables","2025",0.10226
"US-NC","North Carolina","Solar","2025",13.76084
"US-NC","North Carolina","Wind","2025",0.93625
"US-ND","North Dakota","Bioenergy","2015",0.00359
"US-ND","North Dakota","Coal","2015",27.73441
"US-ND","North Dakota","Gas","2015",0.71104
"US-ND","North Dakota","Hydro","2015",2.09417
"US-ND","North Dakota","Other Fossil","2015",0.10769
"US-ND","North Dakota","Other Renewables","2015",0.00359
"US-ND","North Dakota","Solar","2015",0.00028
"US-ND","North Dakota","Wind","2015",6.5057
"US-ND","North Dakota","Bioenergy","2016",0.00561
"US-ND","North Dakota","Coal","2016",26.58035
"US-ND","North Dakota","Gas","2016",1.07111
"US-ND","North Dakota","Hydro","2016",1.91201
"US-ND","North Dakota","Other Fossil","2016",0.11546
"US-ND","North Dakota","Other Renewables","2016",0.00561
"US-ND","North Dakota","Solar","2016",0.00029
"US-ND","North Dakota","Wind","2016",8.17192
"US-ND","North Dakota","Bioenergy","2017",0.002
"US-ND","North Dakota","Coal","2017",26.75646
"US-ND","North Dakota","Gas","2017",0.67603
"US-ND","North Dakota","Hydro","2017",2.58211
"US-ND","North Dakota","Other Fossil","2017",0.12924
"US-ND","North Dakota","Other Renewables","2017",0.002
"US-ND","North Dakota","Solar","2017",0.00032
"US-ND","North Dakota","Wind","2017",11.35923
"US-ND","North Dakota","Bioenergy","2018",0.00104
"US-ND","North Dakota","Coal","2018",27.54067
"US-ND","North Dakota","Gas","2018",1.01927
"US-ND","North Dakota","Hydro","2018",3.18015
"US-ND","North Dakota","Other Fossil","2018",0.14128
"US-ND","North Dakota","Other Renewables","2018",0.00104
"US-ND","North Dakota","Solar","2018",0.00036
"US-ND","North Dakota","Wind","2018",10.73291
"US-ND","North Dakota","Bioenergy","2019",0.00019
"US-ND","North Dakota","Coal","2019",25.15144
"US-ND","North Dakota","Gas","2019",1.47058
"US-ND","North Dakota","Hydro","2019",3.17929
"US-ND","North Dakota","Other Fossil","2019",0.1328
"US-ND","North Dakota","Other Renewables","2019",0.00019
"US-ND","North Dakota","Solar","2019",7e-04
"US-ND","North Dakota","Wind","2019",11.21302
"US-ND","North Dakota","Bioenergy","2020",0.00052
"US-ND","North Dakota","Coal","2020",24.49681
"US-ND","North Dakota","Gas","2020",1.48843
"US-ND","North Dakota","Hydro","2020",2.4504
"US-ND","North Dakota","Other Fossil","2020",0.10642
"US-ND","North Dakota","Other Renewables","2020",0.00052
"US-ND","North Dakota","Solar","2020",0.00082
"US-ND","North Dakota","Wind","2020",13.63385
"US-ND","North Dakota","Bioenergy","2021",0.00176
"US-ND","North Dakota","Coal","2021",24.40279
"US-ND","North Dakota","Gas","2021",1.57773
"US-ND","North Dakota","Hydro","2021",1.98905
"US-ND","North Dakota","Other Fossil","2021",0.12584
"US-ND","North Dakota","Other Renewables","2021",0.00176
"US-ND","North Dakota","Solar","2021",0.00123
"US-ND","North Dakota","Wind","2021",14.9352
"US-ND","North Dakota","Bioenergy","2022",0
"US-ND","North Dakota","Coal","2022",24.83119
"US-ND","North Dakota","Gas","2022",1.45336
"US-ND","North Dakota","Hydro","2022",1.79141
"US-ND","North Dakota","Other Fossil","2022",0.07511
"US-ND","North Dakota","Other Renewables","2022",0
"US-ND","North Dakota","Solar","2022",0.00172
"US-ND","North Dakota","Wind","2022",16.24989
"US-ND","North Dakota","Bioenergy","2023",0
"US-ND","North Dakota","Coal","2023",22.52508
"US-ND","North Dakota","Gas","2023",2.83342
"US-ND","North Dakota","Hydro","2023",2.1191
"US-ND","North Dakota","Other Fossil","2023",0.1145
"US-ND","North Dakota","Other Renewables","2023",0
"US-ND","North Dakota","Solar","2023",0.00238
"US-ND","North Dakota","Wind","2023",14.47671
"US-ND","North Dakota","Bioenergy","2024",0
"US-ND","North Dakota","Coal","2024",23.18309
"US-ND","North Dakota","Gas","2024",2.44215
"US-ND","North Dakota","Hydro","2024",2.06064
"US-ND","North Dakota","Other Fossil","2024",0.1088
"US-ND","North Dakota","Other Renewables","2024",0
"US-ND","North Dakota","Solar","2024",0.00297
"US-ND","North Dakota","Wind","2024",14.76257
"US-ND","North Dakota","Bioenergy","2025",0
"US-ND","North Dakota","Coal","2025",22.5778
"US-ND","North Dakota","Gas","2025",2.26785
"US-ND","North Dakota","Hydro","2025",2.19381
"US-ND","North Dakota","Other Fossil","2025",0.1014
"US-ND","North Dakota","Other Renewables","2025",0
"US-ND","North Dakota","Solar","2025",0.00343
"US-ND","North Dakota","Wind","2025",15.37809
"US-OH","Ohio","Bioenergy","2015",0.79876
"US-OH","Ohio","Coal","2015",71.70953
"US-OH","Ohio","Gas","2015",28.03372
"US-OH","Ohio","Hydro","2015",0.45667
"US-OH","Ohio","Nuclear","2015",17.37674
"US-OH","Ohio","Other Fossil","2015",1.16166
"US-OH","Ohio","Other Renewables","2015",0.02891
"US-OH","Ohio","Solar","2015",0.15113
"US-OH","Ohio","Wind","2015",1.20301
"US-OH","Ohio","Bioenergy","2016",0.7221
"US-OH","Ohio","Coal","2016",68.77516
"US-OH","Ohio","Gas","2016",28.9424
"US-OH","Ohio","Hydro","2016",0.50032
"US-OH","Ohio","Nuclear","2016",16.81739
"US-OH","Ohio","Other Fossil","2016",0.88915
"US-OH","Ohio","Other Renewables","2016",0.02207
"US-OH","Ohio","Solar","2016",0.17347
"US-OH","Ohio","Wind","2016",1.24534
"US-OH","Ohio","Bioenergy","2017",0.72692
"US-OH","Ohio","Coal","2017",68.34363
"US-OH","Ohio","Gas","2017",28.79951
"US-OH","Ohio","Hydro","2017",0.27735
"US-OH","Ohio","Nuclear","2017",17.68779
"US-OH","Ohio","Other Fossil","2017",0.99014
"US-OH","Ohio","Other Renewables","2017",0.01785
"US-OH","Ohio","Solar","2017",0.23413
"US-OH","Ohio","Wind","2017",1.58856
"US-OH","Ohio","Bioenergy","2018",0.70697
"US-OH","Ohio","Coal","2018",58.72696
"US-OH","Ohio","Gas","2018",44.2145
"US-OH","Ohio","Hydro","2018",0.24402
"US-OH","Ohio","Nuclear","2018",18.31501
"US-OH","Ohio","Other Fossil","2018",1.01085
"US-OH","Ohio","Other Renewables","2018",0.01543
"US-OH","Ohio","Solar","2018",0.27202
"US-OH","Ohio","Wind","2018",1.75002
"US-OH","Ohio","Bioenergy","2019",0.6853
"US-OH","Ohio","Coal","2019",46.76453
"US-OH","Ohio","Gas","2019",51.32545
"US-OH","Ohio","Hydro","2019",0.40263
"US-OH","Ohio","Nuclear","2019",17.01056
"US-OH","Ohio","Other Fossil","2019",0.94812
"US-OH","Ohio","Other Renewables","2019",0.01738
"US-OH","Ohio","Solar","2019",0.33572
"US-OH","Ohio","Wind","2019",2.04291
"US-OH","Ohio","Bioenergy","2020",0.67376
"US-OH","Ohio","Coal","2020",45.0086
"US-OH","Ohio","Gas","2020",52.38159
"US-OH","Ohio","Hydro","2020",0.37422
"US-OH","Ohio","Nuclear","2020",18.21903
"US-OH","Ohio","Other Fossil","2020",0.82586
"US-OH","Ohio","Other Renewables","2020",0.01169
"US-OH","Ohio","Solar","2020",0.40047
"US-OH","Ohio","Wind","2020",2.28914
"US-OH","Ohio","Bioenergy","2021",0.64282
"US-OH","Ohio","Coal","2021",45.66205
"US-OH","Ohio","Gas","2021",56.38078
"US-OH","Ohio","Hydro","2021",0.57829
"US-OH","Ohio","Nuclear","2021",17.48301
"US-OH","Ohio","Other Fossil","2021",0.97023
"US-OH","Ohio","Other Renewables","2021",0.01085
"US-OH","Ohio","Solar","2021",0.9502
"US-OH","Ohio","Wind","2021",2.58676
"US-OH","Ohio","Bioenergy","2022",0.53015
"US-OH","Ohio","Coal","2022",42.99271
"US-OH","Ohio","Gas","2022",68.86497
"US-OH","Ohio","Hydro","2022",0.50697
"US-OH","Ohio","Nuclear","2022",16.82679
"US-OH","Ohio","Other Fossil","2022",1.11363
"US-OH","Ohio","Other Renewables","2022",0.01
"US-OH","Ohio","Solar","2022",1.24667
"US-OH","Ohio","Wind","2022",3.15401
"US-OH","Ohio","Bioenergy","2023",0.32396
"US-OH","Ohio","Coal","2023",31.43634
"US-OH","Ohio","Gas","2023",78.70477
"US-OH","Ohio","Hydro","2023",0.50704
"US-OH","Ohio","Nuclear","2023",16.20664
"US-OH","Ohio","Other Fossil","2023",0.90791
"US-OH","Ohio","Other Renewables","2023",0.00999
"US-OH","Ohio","Solar","2023",1.79989
"US-OH","Ohio","Wind","2023",2.81932
"US-OH","Ohio","Bioenergy","2024",0.29189
"US-OH","Ohio","Coal","2024",30.07996
"US-OH","Ohio","Gas","2024",85.13666
"US-OH","Ohio","Hydro","2024",0.46754
"US-OH","Ohio","Nuclear","2024",17.94699
"US-OH","Ohio","Other Fossil","2024",0.99839
"US-OH","Ohio","Other Renewables","2024",0.0107
"US-OH","Ohio","Solar","2024",4.50988
"US-OH","Ohio","Wind","2024",2.82171
"US-OH","Ohio","Bioenergy","2025",0.28023
"US-OH","Ohio","Coal","2025",35.85705
"US-OH","Ohio","Gas","2025",80.64595
"US-OH","Ohio","Hydro","2025",0.4329
"US-OH","Ohio","Nuclear","2025",17.14186
"US-OH","Ohio","Other Fossil","2025",1.04885
"US-OH","Ohio","Other Renewables","2025",0.00945
"US-OH","Ohio","Solar","2025",8.51655
"US-OH","Ohio","Wind","2025",2.97491
"US-OK","Oklahoma","Bioenergy","2015",0.33617
"US-OK","Oklahoma","Coal","2015",24.86703
"US-OK","Oklahoma","Gas","2015",34.28633
"US-OK","Oklahoma","Hydro","2015",2.59141
"US-OK","Oklahoma","Other Fossil","2015",0.02221
"US-OK","Oklahoma","Other Renewables","2015",0.06678
"US-OK","Oklahoma","Solar","2015",0.00467
"US-OK","Oklahoma","Wind","2015",14.0309
"US-OK","Oklahoma","Bioenergy","2016",0.36241
"US-OK","Oklahoma","Coal","2016",19.15804
"US-OK","Oklahoma","Gas","2016",36.52909
"US-OK","Oklahoma","Hydro","2016",2.486
"US-OK","Oklahoma","Other Fossil","2016",0.04495
"US-OK","Oklahoma","Other Renewables","2016",0.09888
"US-OK","Oklahoma","Solar","2016",0.00939
"US-OK","Oklahoma","Wind","2016",20.06909
"US-OK","Oklahoma","Bioenergy","2017",0.29875
"US-OK","Oklahoma","Coal","2017",17.36785
"US-OK","Oklahoma","Gas","2017",30.45057
"US-OK","Oklahoma","Hydro","2017",1.91859
"US-OK","Oklahoma","Other Fossil","2017",0.06447
"US-OK","Oklahoma","Other Renewables","2017",0.04773
"US-OK","Oklahoma","Solar","2017",0.03831
"US-OK","Oklahoma","Wind","2017",23.59884
"US-OK","Oklahoma","Bioenergy","2018",0.32924
"US-OK","Oklahoma","Coal","2018",14.90675
"US-OK","Oklahoma","Gas","2018",41.61298
"US-OK","Oklahoma","Hydro","2018",1.89985
"US-OK","Oklahoma","Other Fossil","2018",0.07505
"US-OK","Oklahoma","Other Renewables","2018",0.05247
"US-OK","Oklahoma","Solar","2018",0.07276
"US-OK","Oklahoma","Wind","2018",27.33823
"US-OK","Oklahoma","Bioenergy","2019",0.31064
"US-OK","Oklahoma","Coal","2019",7.82606
"US-OK","Oklahoma","Gas","2019",44.18796
"US-OK","Oklahoma","Hydro","2019",3.79917
"US-OK","Oklahoma","Other Fossil","2019",0.02492
"US-OK","Oklahoma","Other Renewables","2019",0.04946
"US-OK","Oklahoma","Solar","2019",0.07914
"US-OK","Oklahoma","Wind","2019",29.00813
"US-OK","Oklahoma","Bioenergy","2020",0.35282
"US-OK","Oklahoma","Coal","2020",5.93751
"US-OK","Oklahoma","Gas","2020",43.75889
"US-OK","Oklahoma","Hydro","2020",2.73662
"US-OK","Oklahoma","Other Fossil","2020",0.03171
"US-OK","Oklahoma","Other Renewables","2020",0.05351
"US-OK","Oklahoma","Solar","2020",0.09297
"US-OK","Oklahoma","Wind","2020",29.41698
"US-OK","Oklahoma","Bioenergy","2021",0.31829
"US-OK","Oklahoma","Coal","2021",11.24601
"US-OK","Oklahoma","Gas","2021",33.85724
"US-OK","Oklahoma","Hydro","2021",2.67924
"US-OK","Oklahoma","Other Fossil","2021",0.03689
"US-OK","Oklahoma","Other Renewables","2021",0.06617
"US-OK","Oklahoma","Solar","2021",0.12819
"US-OK","Oklahoma","Wind","2021",32.54031
"US-OK","Oklahoma","Bioenergy","2022",0.31179
"US-OK","Oklahoma","Coal","2022",8.95403
"US-OK","Oklahoma","Gas","2022",36.02292
"US-OK","Oklahoma","Hydro","2022",1.6791
"US-OK","Oklahoma","Other Fossil","2022",0.03291
"US-OK","Oklahoma","Other Renewables","2022",0.06725
"US-OK","Oklahoma","Solar","2022",0.16682
"US-OK","Oklahoma","Wind","2022",37.55275
"US-OK","Oklahoma","Bioenergy","2023",0.26495
"US-OK","Oklahoma","Coal","2023",5.19865
"US-OK","Oklahoma","Gas","2023",45.21291
"US-OK","Oklahoma","Hydro","2023",1.43044
"US-OK","Oklahoma","Other Fossil","2023",0.0382
"US-OK","Oklahoma","Other Renewables","2023",0.06426
"US-OK","Oklahoma","Solar","2023",0.24231
"US-OK","Oklahoma","Wind","2023",37.01234
"US-OK","Oklahoma","Bioenergy","2024",0.33169
"US-OK","Oklahoma","Coal","2024",6.13541
"US-OK","Oklahoma","Gas","2024",47.74241
"US-OK","Oklahoma","Hydro","2024",1.53407
"US-OK","Oklahoma","Other Fossil","2024",0.04757
"US-OK","Oklahoma","Other Renewables","2024",0.07098
"US-OK","Oklahoma","Solar","2024",0.54003
"US-OK","Oklahoma","Wind","2024",37.96666
"US-OK","Oklahoma","Bioenergy","2025",0.31704
"US-OK","Oklahoma","Coal","2025",9.41409
"US-OK","Oklahoma","Gas","2025",40.66583
"US-OK","Oklahoma","Hydro","2025",1.70623
"US-OK","Oklahoma","Other Fossil","2025",0.03436
"US-OK","Oklahoma","Other Renewables","2025",0.06352
"US-OK","Oklahoma","Solar","2025",0.99544
"US-OK","Oklahoma","Wind","2025",38.03055
"US-OR","Oregon","Bioenergy","2015",1.11576
"US-OR","Oregon","Coal","2015",2.37736
"US-OR","Oregon","Gas","2015",16.23709
"US-OR","Oregon","Hydro","2015",31.25385
"US-OR","Oregon","Other Fossil","2015",0.0479
"US-OR","Oregon","Other Renewables","2015",0.25805
"US-OR","Oregon","Solar","2015",0.11587
"US-OR","Oregon","Wind","2015",6.63156
"US-OR","Oregon","Bioenergy","2016",1.00055
"US-OR","Oregon","Coal","2016",1.8982
"US-OR","Oregon","Gas","2016",15.30666
"US-OR","Oregon","Hydro","2016",34.54937
"US-OR","Oregon","Other Fossil","2016",0.04547
"US-OR","Oregon","Other Renewables","2016",0.24044
"US-OR","Oregon","Solar","2016",0.19225
"US-OR","Oregon","Wind","2016",7.15713
"US-OR","Oregon","Bioenergy","2017",0.98066
"US-OR","Oregon","Coal","2017",1.7281
"US-OR","Oregon","Gas","2017",15.06638
"US-OR","Oregon","Hydro","2017",38.29394
"US-OR","Oregon","Other Fossil","2017",0.04964
"US-OR","Oregon","Other Renewables","2017",0.24577
"US-OR","Oregon","Solar","2017",0.3728
"US-OR","Oregon","Wind","2017",6.22659
"US-OR","Oregon","Bioenergy","2018",1.0373
"US-OR","Oregon","Coal","2018",1.47639
"US-OR","Oregon","Gas","2018",17.92278
"US-OR","Oregon","Hydro","2018",35.44277
"US-OR","Oregon","Other Fossil","2018",0.03895
"US-OR","Oregon","Other Renewables","2018",0.24757
"US-OR","Oregon","Solar","2018",0.77637
"US-OR","Oregon","Wind","2018",7.44744
"US-OR","Oregon","Bioenergy","2019",0.9618
"US-OR","Oregon","Coal","2019",2.56916
"US-OR","Oregon","Gas","2019",20.93233
"US-OR","Oregon","Hydro","2019",30.322
"US-OR","Oregon","Other Fossil","2019",0.04239
"US-OR","Oregon","Other Renewables","2019",0.24073
"US-OR","Oregon","Solar","2019",0.90294
"US-OR","Oregon","Wind","2019",6.56889
"US-OR","Oregon","Bioenergy","2020",0.96057
"US-OR","Oregon","Coal","2020",1.63014
"US-OR","Oregon","Gas","2020",19.01991
"US-OR","Oregon","Hydro","2020",31.92064
"US-OR","Oregon","Other Fossil","2020",0.04626
"US-OR","Oregon","Other Renewables","2020",0.23333
"US-OR","Oregon","Solar","2020",1.33523
"US-OR","Oregon","Wind","2020",8.77725
"US-OR","Oregon","Bioenergy","2021",1.00513
"US-OR","Oregon","Gas","2021",21.29663
"US-OR","Oregon","Hydro","2021",27.65957
"US-OR","Oregon","Other Fossil","2021",0.03589
"US-OR","Oregon","Other Renewables","2021",0.22112
"US-OR","Oregon","Solar","2021",1.76602
"US-OR","Oregon","Wind","2021",9.37575
"US-OR","Oregon","Bioenergy","2022",0.98497
"US-OR","Oregon","Gas","2022",19.05476
"US-OR","Oregon","Hydro","2022",31.30432
"US-OR","Oregon","Other Fossil","2022",0.03714
"US-OR","Oregon","Other Renewables","2022",0.21954
"US-OR","Oregon","Solar","2022",2.01252
"US-OR","Oregon","Wind","2022",8.14919
"US-OR","Oregon","Bioenergy","2023",0.92435
"US-OR","Oregon","Gas","2023",23.38482
"US-OR","Oregon","Hydro","2023",26.32901
"US-OR","Oregon","Other Fossil","2023",0.02347
"US-OR","Oregon","Other Renewables","2023",0.21502
"US-OR","Oregon","Solar","2023",2.4158
"US-OR","Oregon","Wind","2023",8.95357
"US-OR","Oregon","Bioenergy","2024",1.08699
"US-OR","Oregon","Gas","2024",24.92582
"US-OR","Oregon","Hydro","2024",26.93275
"US-OR","Oregon","Other Fossil","2024",0.02644
"US-OR","Oregon","Other Renewables","2024",0.20225
"US-OR","Oregon","Solar","2024",2.61975
"US-OR","Oregon","Wind","2024",9.51898
"US-OR","Oregon","Bioenergy","2025",1.02349
"US-OR","Oregon","Gas","2025",22.18263
"US-OR","Oregon","Hydro","2025",29.15221
"US-OR","Oregon","Other Fossil","2025",-0.06862
"US-OR","Oregon","Other Renewables","2025",0.21459
"US-OR","Oregon","Solar","2025",3.41701
"US-OR","Oregon","Wind","2025",9.46601
"US-PA","Pennsylvania","Bioenergy","2015",2.40396
"US-PA","Pennsylvania","Coal","2015",64.63723
"US-PA","Pennsylvania","Gas","2015",59.45466
"US-PA","Pennsylvania","Hydro","2015",2.09478
"US-PA","Pennsylvania","Nuclear","2015",80.51675
"US-PA","Pennsylvania","Other Fossil","2015",1.86318
"US-PA","Pennsylvania","Other Renewables","2015",0.03023
"US-PA","Pennsylvania","Solar","2015",0.32525
"US-PA","Pennsylvania","Wind","2015",3.35267
"US-PA","Pennsylvania","Bioenergy","2016",2.39143
"US-PA","Pennsylvania","Coal","2016",54.67203
"US-PA","Pennsylvania","Gas","2016",68.04865
"US-PA","Pennsylvania","Hydro","2016",1.81268
"US-PA","Pennsylvania","Nuclear","2016",82.92401
"US-PA","Pennsylvania","Other Fossil","2016",1.55204
"US-PA","Pennsylvania","Other Renewables","2016",0.03388
"US-PA","Pennsylvania","Solar","2016",0.36132
"US-PA","Pennsylvania","Wind","2016",3.47625
"US-PA","Pennsylvania","Bioenergy","2017",2.43816
"US-PA","Pennsylvania","Coal","2017",47.63427
"US-PA","Pennsylvania","Gas","2017",72.50345
"US-PA","Pennsylvania","Hydro","2017",2.51802
"US-PA","Pennsylvania","Nuclear","2017",83.19983
"US-PA","Pennsylvania","Other Fossil","2017",1.53794
"US-PA","Pennsylvania","Other Renewables","2017",0.0356
"US-PA","Pennsylvania","Solar","2017",0.42702
"US-PA","Pennsylvania","Wind","2017",3.59056
"US-PA","Pennsylvania","Bioenergy","2018",2.26495
"US-PA","Pennsylvania","Coal","2018",44.08629
"US-PA","Pennsylvania","Gas","2018",76.39086
"US-PA","Pennsylvania","Hydro","2018",3.60261
"US-PA","Pennsylvania","Nuclear","2018",83.47674
"US-PA","Pennsylvania","Other Fossil","2018",1.86855
"US-PA","Pennsylvania","Other Renewables","2018",0.03073
"US-PA","Pennsylvania","Solar","2018",0.47888
"US-PA","Pennsylvania","Wind","2018",3.56692
"US-PA","Pennsylvania","Bioenergy","2019",1.98848
"US-PA","Pennsylvania","Coal","2019",37.92893
"US-PA","Pennsylvania","Gas","2019",98.04034
"US-PA","Pennsylvania","Hydro","2019",2.93749
"US-PA","Pennsylvania","Nuclear","2019",83.22965
"US-PA","Pennsylvania","Other Fossil","2019",1.50867
"US-PA","Pennsylvania","Other Renewables","2019",0.0305
"US-PA","Pennsylvania","Solar","2019",0.57512
"US-PA","Pennsylvania","Wind","2019",3.2505
"US-PA","Pennsylvania","Bioenergy","2020",1.91105
"US-PA","Pennsylvania","Coal","2020",23.45827
"US-PA","Pennsylvania","Gas","2020",120.76686
"US-PA","Pennsylvania","Hydro","2020",2.0782
"US-PA","Pennsylvania","Nuclear","2020",76.52139
"US-PA","Pennsylvania","Other Fossil","2020",1.5198
"US-PA","Pennsylvania","Other Renewables","2020",0.03001
"US-PA","Pennsylvania","Solar","2020",0.72903
"US-PA","Pennsylvania","Wind","2020",3.74821
"US-PA","Pennsylvania","Bioenergy","2021",1.76578
"US-PA","Pennsylvania","Coal","2021",29.29731
"US-PA","Pennsylvania","Gas","2021",126.66488
"US-PA","Pennsylvania","Hydro","2021",2.44341
"US-PA","Pennsylvania","Nuclear","2021",75.90252
"US-PA","Pennsylvania","Other Fossil","2021",1.57888
"US-PA","Pennsylvania","Other Renewables","2021",0.02743
"US-PA","Pennsylvania","Solar","2021",0.88158
"US-PA","Pennsylvania","Wind","2021",3.45517
"US-PA","Pennsylvania","Bioenergy","2022",1.59295
"US-PA","Pennsylvania","Coal","2022",23.92978
"US-PA","Pennsylvania","Gas","2022",130.16355
"US-PA","Pennsylvania","Hydro","2022",1.91087
"US-PA","Pennsylvania","Nuclear","2022",76.16602
"US-PA","Pennsylvania","Other Fossil","2022",1.68827
"US-PA","Pennsylvania","Other Renewables","2022",0.0232
"US-PA","Pennsylvania","Solar","2022",1.04654
"US-PA","Pennsylvania","Wind","2022",3.57225
"US-PA","Pennsylvania","Bioenergy","2023",1.53176
"US-PA","Pennsylvania","Coal","2023",12.83483
"US-PA","Pennsylvania","Gas","2023",139.25605
"US-PA","Pennsylvania","Hydro","2023",1.87855
"US-PA","Pennsylvania","Nuclear","2023",75.30458
"US-PA","Pennsylvania","Other Fossil","2023",1.50035
"US-PA","Pennsylvania","Other Renewables","2023",0.02655
"US-PA","Pennsylvania","Solar","2023",1.38923
"US-PA","Pennsylvania","Wind","2023",3.25832
"US-PA","Pennsylvania","Bioenergy","2024",1.48934
"US-PA","Pennsylvania","Coal","2024",13.04157
"US-PA","Pennsylvania","Gas","2024",143.91253
"US-PA","Pennsylvania","Hydro","2024",1.81198
"US-PA","Pennsylvania","Nuclear","2024",75.40447
"US-PA","Pennsylvania","Other Fossil","2024",1.48728
"US-PA","Pennsylvania","Other Renewables","2024",0.03059
"US-PA","Pennsylvania","Solar","2024",2.0692
"US-PA","Pennsylvania","Wind","2024",3.25655
"US-PA","Pennsylvania","Bioenergy","2025",1.44919
"US-PA","Pennsylvania","Coal","2025",17.58646
"US-PA","Pennsylvania","Gas","2025",143.75278
"US-PA","Pennsylvania","Hydro","2025",1.7111
"US-PA","Pennsylvania","Nuclear","2025",75.04921
"US-PA","Pennsylvania","Other Fossil","2025",1.68976
"US-PA","Pennsylvania","Other Renewables","2025",0.02962
"US-PA","Pennsylvania","Solar","2025",3.36123
"US-PA","Pennsylvania","Wind","2025",3.57725
"US-PR","Puerto Rico","Bioenergy","2016",0
"US-PR","Puerto Rico","Coal","2016",0
"US-PR","Puerto Rico","Gas","2016",0
"US-PR","Puerto Rico","Hydro","2016",0
"US-PR","Puerto Rico","Other Fossil","2016",0
"US-PR","Puerto Rico","Solar","2016",0
"US-PR","Puerto Rico","Wind","2016",0
"US-PR","Puerto Rico","Bioenergy","2017",0
"US-PR","Puerto Rico","Coal","2017",2.31555
"US-PR","Puerto Rico","Gas","2017",5.04085
"US-PR","Puerto Rico","Hydro","2017",0.00919
"US-PR","Puerto Rico","Other Fossil","2017",5.90412
"US-PR","Puerto Rico","Solar","2017",0.13133
"US-PR","Puerto Rico","Wind","2017",0.14803
"US-PR","Puerto Rico","Bioenergy","2018",0
"US-PR","Puerto Rico","Coal","2018",2.50645
"US-PR","Puerto Rico","Gas","2018",6.08621
"US-PR","Puerto Rico","Hydro","2018",0
"US-PR","Puerto Rico","Other Fossil","2018",5.90787
"US-PR","Puerto Rico","Solar","2018",0.06118
"US-PR","Puerto Rico","Wind","2018",0.10687
"US-PR","Puerto Rico","Bioenergy","2019",0
"US-PR","Puerto Rico","Coal","2019",3.53231
"US-PR","Puerto Rico","Gas","2019",7.35968
"US-PR","Puerto Rico","Hydro","2019",0
"US-PR","Puerto Rico","Other Fossil","2019",6.84568
"US-PR","Puerto Rico","Solar","2019",0.27241
"US-PR","Puerto Rico","Wind","2019",0.15611
"US-PR","Puerto Rico","Bioenergy","2020",0
"US-PR","Puerto Rico","Coal","2020",3.06586
"US-PR","Puerto Rico","Gas","2020",5.62711
"US-PR","Puerto Rico","Hydro","2020",0
"US-PR","Puerto Rico","Other Fossil","2020",9.09392
"US-PR","Puerto Rico","Solar","2020",0.28676
"US-PR","Puerto Rico","Wind","2020",0.14223
"US-PR","Puerto Rico","Bioenergy","2021",0
"US-PR","Puerto Rico","Coal","2021",3.25727
"US-PR","Puerto Rico","Gas","2021",7.9444
"US-PR","Puerto Rico","Hydro","2021",0
"US-PR","Puerto Rico","Other Fossil","2021",6.9057
"US-PR","Puerto Rico","Solar","2021",0.30586
"US-PR","Puerto Rico","Wind","2021",0.16573
"US-PR","Puerto Rico","Bioenergy","2022",0
"US-PR","Puerto Rico","Coal","2022",2.96289
"US-PR","Puerto Rico","Gas","2022",5.78226
"US-PR","Puerto Rico","Hydro","2022",0
"US-PR","Puerto Rico","Other Fossil","2022",8.62793
"US-PR","Puerto Rico","Solar","2022",0.27767
"US-PR","Puerto Rico","Wind","2022",0.15501
"US-PR","Puerto Rico","Bioenergy","2023",0
"US-PR","Puerto Rico","Coal","2023",2.65185
"US-PR","Puerto Rico","Gas","2023",7.62339
"US-PR","Puerto Rico","Hydro","2023",0.03776
"US-PR","Puerto Rico","Other Fossil","2023",6.82374
"US-PR","Puerto Rico","Solar","2023",0.2598
"US-PR","Puerto Rico","Wind","2023",0.10593
"US-PR","Puerto Rico","Bioenergy","2024",0
"US-PR","Puerto Rico","Coal","2024",2.91275
"US-PR","Puerto Rico","Gas","2024",6.63639
"US-PR","Puerto Rico","Hydro","2024",0.04744
"US-PR","Puerto Rico","Other Fossil","2024",6.35607
"US-PR","Puerto Rico","Solar","2024",0.2504
"US-PR","Puerto Rico","Wind","2024",0.14751
"US-PR","Puerto Rico","Bioenergy","2025",0
"US-PR","Puerto Rico","Coal","2025",2.77911
"US-PR","Puerto Rico","Gas","2025",7.0004
"US-PR","Puerto Rico","Hydro","2025",0
"US-PR","Puerto Rico","Other Fossil","2025",5.72409
"US-PR","Puerto Rico","Solar","2025",0.1999
"US-PR","Puerto Rico","Wind","2025",0.19021
"US-RI","Rhode Island","Bioenergy","2015",0.21124
"US-RI","Rhode Island","Coal","2015",0
"US-RI","Rhode Island","Gas","2015",6.58594
"US-RI","Rhode Island","Hydro","2015",0.00315
"US-RI","Rhode Island","Other Fossil","2015",0.11427
"US-RI","Rhode Island","Solar","2015",0.02758
"US-RI","Rhode Island","Wind","2015",0.01007
"US-RI","Rhode Island","Bioenergy","2016",0.20478
"US-RI","Rhode Island","Coal","2016",0
"US-RI","Rhode Island","Gas","2016",6.2905
"US-RI","Rhode Island","Hydro","2016",0.00213
"US-RI","Rhode Island","Other Fossil","2016",0.02628
"US-RI","Rhode Island","Solar","2016",0.04426
"US-RI","Rhode Island","Wind","2016",0.02653
"US-RI","Rhode Island","Bioenergy","2017",0.20298
"US-RI","Rhode Island","Coal","2017",0
"US-RI","Rhode Island","Gas","2017",7.18819
"US-RI","Rhode Island","Hydro","2017",0.00237
"US-RI","Rhode Island","Other Fossil","2017",0.05841
"US-RI","Rhode Island","Other Renewables","2017",0
"US-RI","Rhode Island","Solar","2017",0.06913
"US-RI","Rhode Island","Wind","2017",0.1489
"US-RI","Rhode Island","Bioenergy","2018",0.21103
"US-RI","Rhode Island","Coal","2018",0
"US-RI","Rhode Island","Gas","2018",7.89694
"US-RI","Rhode Island","Hydro","2018",0.0041
"US-RI","Rhode Island","Other Fossil","2018",0.07571
"US-RI","Rhode Island","Other Renewables","2018",0
"US-RI","Rhode Island","Solar","2018",0.12419
"US-RI","Rhode Island","Wind","2018",0.15861
"US-RI","Rhode Island","Bioenergy","2019",0.2078
"US-RI","Rhode Island","Coal","2019",0
"US-RI","Rhode Island","Gas","2019",7.14103
"US-RI","Rhode Island","Hydro","2019",0.00364
"US-RI","Rhode Island","Other Fossil","2019",0.01103
"US-RI","Rhode Island","Other Renewables","2019",0
"US-RI","Rhode Island","Solar","2019",0.23463
"US-RI","Rhode Island","Wind","2019",0.2062
"US-RI","Rhode Island","Bioenergy","2020",0.20517
"US-RI","Rhode Island","Coal","2020",0
"US-RI","Rhode Island","Gas","2020",8.27236
"US-RI","Rhode Island","Hydro","2020",0.00356
"US-RI","Rhode Island","Other Fossil","2020",0.00448
"US-RI","Rhode Island","Other Renewables","2020",-0.00253
"US-RI","Rhode Island","Solar","2020",0.49385
"US-RI","Rhode Island","Wind","2020",0.21474
"US-RI","Rhode Island","Bioenergy","2021",0.20827
"US-RI","Rhode Island","Coal","2021",0
"US-RI","Rhode Island","Gas","2021",8.64119
"US-RI","Rhode Island","Hydro","2021",0.00445
"US-RI","Rhode Island","Other Fossil","2021",0.01256
"US-RI","Rhode Island","Other Renewables","2021",0.00407
"US-RI","Rhode Island","Solar","2021",0.67065
"US-RI","Rhode Island","Wind","2021",0.17216
"US-RI","Rhode Island","Bioenergy","2022",0.21845
"US-RI","Rhode Island","Coal","2022",0
"US-RI","Rhode Island","Gas","2022",6.96377
"US-RI","Rhode Island","Hydro","2022",0.00738
"US-RI","Rhode Island","Other Fossil","2022",0.0589
"US-RI","Rhode Island","Other Renewables","2022",0.00367
"US-RI","Rhode Island","Solar","2022",0.88848
"US-RI","Rhode Island","Wind","2022",0.20934
"US-RI","Rhode Island","Bioenergy","2023",0.2471
"US-RI","Rhode Island","Coal","2023",0
"US-RI","Rhode Island","Gas","2023",9.55368
"US-RI","Rhode Island","Hydro","2023",0.00753
"US-RI","Rhode Island","Other Fossil","2023",0.03028
"US-RI","Rhode Island","Other Renewables","2023",0.00588
"US-RI","Rhode Island","Solar","2023",1.02661
"US-RI","Rhode Island","Wind","2023",0.16888
"US-RI","Rhode Island","Bioenergy","2024",0.19671
"US-RI","Rhode Island","Coal","2024",0
"US-RI","Rhode Island","Gas","2024",8.79121
"US-RI","Rhode Island","Hydro","2024",0.00273
"US-RI","Rhode Island","Other Fossil","2024",0.00797
"US-RI","Rhode Island","Other Renewables","2024",0.00014
"US-RI","Rhode Island","Solar","2024",0.88179
"US-RI","Rhode Island","Wind","2024",0.17815
"US-RI","Rhode Island","Bioenergy","2025",0.18462
"US-RI","Rhode Island","Coal","2025",0
"US-RI","Rhode Island","Gas","2025",8.38678
"US-RI","Rhode Island","Hydro","2025",0
"US-RI","Rhode Island","Other Fossil","2025",0.06684
"US-RI","Rhode Island","Other Renewables","2025",0
"US-RI","Rhode Island","Solar","2025",1.06893
"US-RI","Rhode Island","Wind","2025",0.18518
"US-SC","South Carolina","Bioenergy","2015",2.28938
"US-SC","South Carolina","Coal","2015",22.63117
"US-SC","South Carolina","Gas","2015",16.54931
"US-SC","South Carolina","Hydro","2015",1.65998
"US-SC","South Carolina","Nuclear","2015",53.15632
"US-SC","South Carolina","Other Fossil","2015",0.24183
"US-SC","South Carolina","Solar","2015",0.0114
"US-SC","South Carolina","Bioenergy","2016",2.37635
"US-SC","South Carolina","Coal","2016",21.00291
"US-SC","South Carolina","Gas","2016",16.36685
"US-SC","South Carolina","Hydro","2016",1.24947
"US-SC","South Carolina","Nuclear","2016",55.82591
"US-SC","South Carolina","Other Fossil","2016",0.15928
"US-SC","South Carolina","Solar","2016",0.04093
"US-SC","South Carolina","Bioenergy","2017",2.39971
"US-SC","South Carolina","Coal","2017",18.15174
"US-SC","South Carolina","Gas","2017",17.15634
"US-SC","South Carolina","Hydro","2017",0.81021
"US-SC","South Carolina","Nuclear","2017",54.34455
"US-SC","South Carolina","Other Fossil","2017",0.13886
"US-SC","South Carolina","Solar","2017",0.21733
"US-SC","South Carolina","Bioenergy","2018",2.29131
"US-SC","South Carolina","Coal","2018",19.49748
"US-SC","South Carolina","Gas","2018",21.6538
"US-SC","South Carolina","Hydro","2018",2.30899
"US-SC","South Carolina","Nuclear","2018",52.71647
"US-SC","South Carolina","Other Fossil","2018",0.38555
"US-SC","South Carolina","Solar","2018",0.75942
"US-SC","South Carolina","Bioenergy","2019",2.16806
"US-SC","South Carolina","Coal","2019",14.8615
"US-SC","South Carolina","Gas","2019",23.92564
"US-SC","South Carolina","Hydro","2019",2.06753
"US-SC","South Carolina","Nuclear","2019",56.10304
"US-SC","South Carolina","Other Fossil","2019",0.12318
"US-SC","South Carolina","Solar","2019",1.18713
"US-SC","South Carolina","Bioenergy","2020",2.07508
"US-SC","South Carolina","Coal","2020",12.45909
"US-SC","South Carolina","Gas","2020",24.22793
"US-SC","South Carolina","Hydro","2020",3.18421
"US-SC","South Carolina","Nuclear","2020",54.75109
"US-SC","South Carolina","Other Fossil","2020",0.10985
"US-SC","South Carolina","Solar","2020",2.09247
"US-SC","South Carolina","Bioenergy","2021",2.00467
"US-SC","South Carolina","Coal","2021",15.1884
"US-SC","South Carolina","Gas","2021",23.2423
"US-SC","South Carolina","Hydro","2021",1.77568
"US-SC","South Carolina","Nuclear","2021",53.77143
"US-SC","South Carolina","Other Fossil","2021",0.12831
"US-SC","South Carolina","Solar","2021",2.70744
"US-SC","South Carolina","Bioenergy","2022",1.99203
"US-SC","South Carolina","Coal","2022",14.24346
"US-SC","South Carolina","Gas","2022",24.14389
"US-SC","South Carolina","Hydro","2022",1.31021
"US-SC","South Carolina","Nuclear","2022",54.36975
"US-SC","South Carolina","Other Fossil","2022",0.22861
"US-SC","South Carolina","Solar","2022",2.942
"US-SC","South Carolina","Bioenergy","2023",1.74136
"US-SC","South Carolina","Coal","2023",15.15042
"US-SC","South Carolina","Gas","2023",23.69144
"US-SC","South Carolina","Hydro","2023",1.74486
"US-SC","South Carolina","Nuclear","2023",55.62234
"US-SC","South Carolina","Other Fossil","2023",0.14055
"US-SC","South Carolina","Solar","2023",3.35129
"US-SC","South Carolina","Bioenergy","2024",1.82727
"US-SC","South Carolina","Coal","2024",16.84176
"US-SC","South Carolina","Gas","2024",22.80874
"US-SC","South Carolina","Hydro","2024",2.16061
"US-SC","South Carolina","Nuclear","2024",53.77041
"US-SC","South Carolina","Other Fossil","2024",0.15098
"US-SC","South Carolina","Solar","2024",3.56256
"US-SC","South Carolina","Bioenergy","2025",1.57511
"US-SC","South Carolina","Coal","2025",18.17781
"US-SC","South Carolina","Gas","2025",22.4901
"US-SC","South Carolina","Hydro","2025",2.21371
"US-SC","South Carolina","Nuclear","2025",56.67052
"US-SC","South Carolina","Other Fossil","2025",0.10855
"US-SC","South Carolina","Solar","2025",3.97404
"US-SD","South Dakota","Bioenergy","2015",0
"US-SD","South Dakota","Coal","2015",1.49508
"US-SD","South Dakota","Gas","2015",0.77275
"US-SD","South Dakota","Hydro","2015",4.85048
"US-SD","South Dakota","Other Fossil","2015",0.0172
"US-SD","South Dakota","Other Renewables","2015",0
"US-SD","South Dakota","Solar","2015",0.00053
"US-SD","South Dakota","Wind","2015",2.49751
"US-SD","South Dakota","Bioenergy","2016",0
"US-SD","South Dakota","Coal","2016",2.08268
"US-SD","South Dakota","Gas","2016",0.91856
"US-SD","South Dakota","Hydro","2016",4.80553
"US-SD","South Dakota","Other Fossil","2016",0.00279
"US-SD","South Dakota","Other Renewables","2016",0
"US-SD","South Dakota","Solar","2016",0.00108
"US-SD","South Dakota","Wind","2016",3.71426
"US-SD","South Dakota","Bioenergy","2017",0
"US-SD","South Dakota","Coal","2017",2.06246
"US-SD","South Dakota","Gas","2017",0.65435
"US-SD","South Dakota","Hydro","2017",5.25552
"US-SD","South Dakota","Other Fossil","2017",0.00303
"US-SD","South Dakota","Other Renewables","2017",0
"US-SD","South Dakota","Solar","2017",0.00289
"US-SD","South Dakota","Wind","2017",2.9583
"US-SD","South Dakota","Bioenergy","2018",0
"US-SD","South Dakota","Coal","2018",2.33934
"US-SD","South Dakota","Gas","2018",1.16772
"US-SD","South Dakota","Hydro","2018",6.26627
"US-SD","South Dakota","Other Fossil","2018",0.0064
"US-SD","South Dakota","Other Renewables","2018",0
"US-SD","South Dakota","Solar","2018",0.00262
"US-SD","South Dakota","Wind","2018",2.835
"US-SD","South Dakota","Bioenergy","2019",0
"US-SD","South Dakota","Coal","2019",2.61707
"US-SD","South Dakota","Gas","2019",1.16962
"US-SD","South Dakota","Hydro","2019",7.91515
"US-SD","South Dakota","Other Fossil","2019",0.01364
"US-SD","South Dakota","Other Renewables","2019",0
"US-SD","South Dakota","Solar","2019",0.00303
"US-SD","South Dakota","Wind","2019",2.78933
"US-SD","South Dakota","Bioenergy","2020",0.01163
"US-SD","South Dakota","Coal","2020",1.64822
"US-SD","South Dakota","Gas","2020",1.10247
"US-SD","South Dakota","Hydro","2020",5.83061
"US-SD","South Dakota","Other Fossil","2020",0.00739
"US-SD","South Dakota","Other Renewables","2020",0
"US-SD","South Dakota","Solar","2020",0.00367
"US-SD","South Dakota","Wind","2020",5.54417
"US-SD","South Dakota","Bioenergy","2021",0.0228
"US-SD","South Dakota","Coal","2021",1.63839
"US-SD","South Dakota","Gas","2021",1.31185
"US-SD","South Dakota","Hydro","2021",4.98255
"US-SD","South Dakota","Other Fossil","2021",0.03819
"US-SD","South Dakota","Other Renewables","2021",0
"US-SD","South Dakota","Solar","2021",0.00389
"US-SD","South Dakota","Wind","2021",9.32662
"US-SD","South Dakota","Bioenergy","2022",0.02875
"US-SD","South Dakota","Coal","2022",1.8748
"US-SD","South Dakota","Gas","2022",1.42434
"US-SD","South Dakota","Hydro","2022",4.25854
"US-SD","South Dakota","Other Fossil","2022",0.01685
"US-SD","South Dakota","Other Renewables","2022",0
"US-SD","South Dakota","Solar","2022",0.00434
"US-SD","South Dakota","Wind","2022",10.29511
"US-SD","South Dakota","Bioenergy","2023",0.01664
"US-SD","South Dakota","Coal","2023",1.56274
"US-SD","South Dakota","Gas","2023",2.11578
"US-SD","South Dakota","Hydro","2023",4.29572
"US-SD","South Dakota","Other Fossil","2023",0.02306
"US-SD","South Dakota","Other Renewables","2023",0
"US-SD","South Dakota","Solar","2023",0.05023
"US-SD","South Dakota","Wind","2023",9.37558
"US-SD","South Dakota","Bioenergy","2024",0.01984
"US-SD","South Dakota","Coal","2024",1.56268
"US-SD","South Dakota","Gas","2024",2.26072
"US-SD","South Dakota","Hydro","2024",4.60052
"US-SD","South Dakota","Other Fossil","2024",0.01596
"US-SD","South Dakota","Other Renewables","2024",0
"US-SD","South Dakota","Solar","2024",0.34579
"US-SD","South Dakota","Wind","2024",12.07396
"US-SD","South Dakota","Bioenergy","2025",0.01867
"US-SD","South Dakota","Coal","2025",2.02613
"US-SD","South Dakota","Gas","2025",2.14143
"US-SD","South Dakota","Hydro","2025",4.86781
"US-SD","South Dakota","Other Fossil","2025",0
"US-SD","South Dakota","Other Renewables","2025",0
"US-SD","South Dakota","Solar","2025",0.44729
"US-SD","South Dakota","Wind","2025",12.68134
"US-TN","Tennessee","Bioenergy","2015",1.00382
"US-TN","Tennessee","Coal","2015",30.58633
"US-TN","Tennessee","Gas","2015",9.32373
"US-TN","Tennessee","Hydro","2015",9.05054
"US-TN","Tennessee","Nuclear","2015",24.96047
"US-TN","Tennessee","Other Fossil","2015",0.16775
"US-TN","Tennessee","Other Renewables","2015",0.00558
"US-TN","Tennessee","Solar","2015",0.13583
"US-TN","Tennessee","Wind","2015",0.04584
"US-TN","Tennessee","Bioenergy","2016",0.93337
"US-TN","Tennessee","Coal","2016",31.16763
"US-TN","Tennessee","Gas","2016",11.31851
"US-TN","Tennessee","Hydro","2016",6.07012
"US-TN","Tennessee","Nuclear","2016",29.57809
"US-TN","Tennessee","Other Fossil","2016",0.15655
"US-TN","Tennessee","Other Renewables","2016",0.00645
"US-TN","Tennessee","Solar","2016",0.16437
"US-TN","Tennessee","Wind","2016",0.03775
"US-TN","Tennessee","Bioenergy","2017",0.94767
"US-TN","Tennessee","Coal","2017",27.71528
"US-TN","Tennessee","Gas","2017",10.26836
"US-TN","Tennessee","Hydro","2017",8.00498
"US-TN","Tennessee","Nuclear","2017",31.8175
"US-TN","Tennessee","Other Fossil","2017",0.15675
"US-TN","Tennessee","Other Renewables","2017",0.01335
"US-TN","Tennessee","Solar","2017",0.17911
"US-TN","Tennessee","Wind","2017",0.04333
"US-TN","Tennessee","Bioenergy","2018",0.98245
"US-TN","Tennessee","Coal","2018",20.96671
"US-TN","Tennessee","Gas","2018",13.3987
"US-TN","Tennessee","Hydro","2018",9.67288
"US-TN","Tennessee","Nuclear","2018",36.17638
"US-TN","Tennessee","Other Fossil","2018",0.14919
"US-TN","Tennessee","Other Renewables","2018",0.00999
"US-TN","Tennessee","Solar","2018",0.25807
"US-TN","Tennessee","Wind","2018",0.04101
"US-TN","Tennessee","Bioenergy","2019",0.9186
"US-TN","Tennessee","Coal","2019",18.69217
"US-TN","Tennessee","Gas","2019",16.95515
"US-TN","Tennessee","Hydro","2019",9.51446
"US-TN","Tennessee","Nuclear","2019",35.72041
"US-TN","Tennessee","Other Fossil","2019",0.16202
"US-TN","Tennessee","Other Renewables","2019",0.01016
"US-TN","Tennessee","Solar","2019",0.42004
"US-TN","Tennessee","Wind","2019",0.03798
"US-TN","Tennessee","Bioenergy","2020",0.74021
"US-TN","Tennessee","Coal","2020",14.24527
"US-TN","Tennessee","Gas","2020",15.66812
"US-TN","Tennessee","Hydro","2020",12.73142
"US-TN","Tennessee","Nuclear","2020",36.6882
"US-TN","Tennessee","Other Fossil","2020",0.12895
"US-TN","Tennessee","Other Renewables","2020",0.0082
"US-TN","Tennessee","Solar","2020",0.41339
"US-TN","Tennessee","Wind","2020",0.03919
"US-TN","Tennessee","Bioenergy","2021",0.69969
"US-TN","Tennessee","Coal","2021",18.2598
"US-TN","Tennessee","Gas","2021",13.98601
"US-TN","Tennessee","Hydro","2021",10.29419
"US-TN","Tennessee","Nuclear","2021",35.33041
"US-TN","Tennessee","Other Fossil","2021",0.12036
"US-TN","Tennessee","Other Renewables","2021",0.01079
"US-TN","Tennessee","Solar","2021",0.42729
"US-TN","Tennessee","Wind","2021",0.02819
"US-TN","Tennessee","Bioenergy","2022",0.43398
"US-TN","Tennessee","Coal","2022",15.88554
"US-TN","Tennessee","Gas","2022",16.52081
"US-TN","Tennessee","Hydro","2022",8.70676
"US-TN","Tennessee","Nuclear","2022",35.6354
"US-TN","Tennessee","Other Fossil","2022",0.16172
"US-TN","Tennessee","Other Renewables","2022",0.00797
"US-TN","Tennessee","Solar","2022",0.75155
"US-TN","Tennessee","Wind","2022",0.01486
"US-TN","Tennessee","Bioenergy","2023",0.45205
"US-TN","Tennessee","Coal","2023",15.79291
"US-TN","Tennessee","Gas","2023",15.02997
"US-TN","Tennessee","Hydro","2023",7.48777
"US-TN","Tennessee","Nuclear","2023",37.93744
"US-TN","Tennessee","Other Fossil","2023",0.11337
"US-TN","Tennessee","Other Renewables","2023",0.01143
"US-TN","Tennessee","Solar","2023",1.03397
"US-TN","Tennessee","Wind","2023",0.01621
"US-TN","Tennessee","Bioenergy","2024",0.47129
"US-TN","Tennessee","Coal","2024",17.43487
"US-TN","Tennessee","Gas","2024",16.4834
"US-TN","Tennessee","Hydro","2024",8.34058
"US-TN","Tennessee","Nuclear","2024",32.18596
"US-TN","Tennessee","Other Fossil","2024",0.13315
"US-TN","Tennessee","Other Renewables","2024",0.01298
"US-TN","Tennessee","Solar","2024",1.19073
"US-TN","Tennessee","Wind","2024",0.01319
"US-TN","Tennessee","Bioenergy","2025",0.47832
"US-TN","Tennessee","Coal","2025",18.03474
"US-TN","Tennessee","Gas","2025",17.54974
"US-TN","Tennessee","Hydro","2025",7.82993
"US-TN","Tennessee","Nuclear","2025",29.33322
"US-TN","Tennessee","Other Fossil","2025",0.13569
"US-TN","Tennessee","Other Renewables","2025",0.01778
"US-TN","Tennessee","Solar","2025",1.39493
"US-TN","Tennessee","Wind","2025",0
"US-TX","Texas","Bioenergy","2015",1.44022
"US-TX","Texas","Coal","2015",121.55428
"US-TX","Texas","Gas","2015",237.73142
"US-TX","Texas","Hydro","2015",0.95641
"US-TX","Texas","Nuclear","2015",39.35468
"US-TX","Texas","Other Fossil","2015",3.42142
"US-TX","Texas","Other Renewables","2015",0.12403
"US-TX","Texas","Solar","2015",0.62424
"US-TX","Texas","Wind","2015",44.83336
"US-TX","Texas","Bioenergy","2016",1.6827
"US-TX","Texas","Coal","2016",121.23093
"US-TX","Texas","Gas","2016",225.97627
"US-TX","Texas","Hydro","2016",1.34201
"US-TX","Texas","Nuclear","2016",42.07945
"US-TX","Texas","Other Fossil","2016",3.36018
"US-TX","Texas","Other Renewables","2016",0.12599
"US-TX","Texas","Solar","2016",1.12221
"US-TX","Texas","Wind","2016",57.53079
"US-TX","Texas","Bioenergy","2017",1.57696
"US-TX","Texas","Coal","2017",134.64836
"US-TX","Texas","Gas","2017",204.512
"US-TX","Texas","Hydro","2017",1.062
"US-TX","Texas","Nuclear","2017",38.5814
"US-TX","Texas","Other Fossil","2017",3.07398
"US-TX","Texas","Other Renewables","2017",0.12474
"US-TX","Texas","Solar","2017",2.66546
"US-TX","Texas","Wind","2017",67.061
"US-TX","Texas","Bioenergy","2018",1.59008
"US-TX","Texas","Coal","2018",111.72264
"US-TX","Texas","Gas","2018",239.71308
"US-TX","Texas","Hydro","2018",1.12638
"US-TX","Texas","Nuclear","2018",41.18574
"US-TX","Texas","Other Fossil","2018",3.04028
"US-TX","Texas","Other Renewables","2018",0.1309
"US-TX","Texas","Solar","2018",3.92131
"US-TX","Texas","Wind","2018",75.70044
"US-TX","Texas","Bioenergy","2019",1.46121
"US-TX","Texas","Coal","2019",91.81673
"US-TX","Texas","Gas","2019",255.63002
"US-TX","Texas","Hydro","2019",1.47549
"US-TX","Texas","Nuclear","2019",41.29801
"US-TX","Texas","Other Fossil","2019",3.4336
"US-TX","Texas","Other Renewables","2019",0.0063
"US-TX","Texas","Solar","2019",5.36609
"US-TX","Texas","Wind","2019",83.62037
"US-TX","Texas","Bioenergy","2020",1.37551
"US-TX","Texas","Coal","2020",78.82527
"US-TX","Texas","Gas","2020",246.62948
"US-TX","Texas","Hydro","2020",1.07935
"US-TX","Texas","Nuclear","2020",41.4387
"US-TX","Texas","Other Fossil","2020",3.09547
"US-TX","Texas","Other Renewables","2020",0.09569
"US-TX","Texas","Solar","2020",10.15112
"US-TX","Texas","Wind","2020",92.441
"US-TX","Texas","Bioenergy","2021",1.28141
"US-TX","Texas","Coal","2021",88.81814
"US-TX","Texas","Gas","2021",233.12083
"US-TX","Texas","Hydro","2021",1.08247
"US-TX","Texas","Nuclear","2021",40.21126
"US-TX","Texas","Other Fossil","2021",2.84073
"US-TX","Texas","Other Renewables","2021",0.08921
"US-TX","Texas","Solar","2021",17.2053
"US-TX","Texas","Wind","2021",99.47422
"US-TX","Texas","Bioenergy","2022",1.47287
"US-TX","Texas","Coal","2022",85.33695
"US-TX","Texas","Gas","2022",256.14019
"US-TX","Texas","Hydro","2022",0.62018
"US-TX","Texas","Nuclear","2022",41.60695
"US-TX","Texas","Other Fossil","2022",3.06154
"US-TX","Texas","Other Renewables","2022",0.09971
"US-TX","Texas","Solar","2022",25.43708
"US-TX","Texas","Wind","2022",114.78691
"US-TX","Texas","Bioenergy","2023",1.28047
"US-TX","Texas","Coal","2023",71.61479
"US-TX","Texas","Gas","2023",282.15866
"US-TX","Texas","Hydro","2023",0.75803
"US-TX","Texas","Nuclear","2023",40.67987
"US-TX","Texas","Other Fossil","2023",2.73913
"US-TX","Texas","Other Renewables","2023",7e-05
"US-TX","Texas","Solar","2023",32.32475
"US-TX","Texas","Wind","2023",119.85513
"US-TX","Texas","Bioenergy","2024",0.91645
"US-TX","Texas","Coal","2024",65.54524
"US-TX","Texas","Gas","2024",293.19347
"US-TX","Texas","Hydro","2024",0.77674
"US-TX","Texas","Nuclear","2024",38.61312
"US-TX","Texas","Other Fossil","2024",2.56316
"US-TX","Texas","Other Renewables","2024",0.06454
"US-TX","Texas","Solar","2024",45.51476
"US-TX","Texas","Wind","2024",124.27751
"US-TX","Texas","Bioenergy","2025",0.92954
"US-TX","Texas","Coal","2025",68.88908
"US-TX","Texas","Gas","2025",288.17866
"US-TX","Texas","Hydro","2025",1.24667
"US-TX","Texas","Nuclear","2025",41.63166
"US-TX","Texas","Other Fossil","2025",1.89711
"US-TX","Texas","Other Renewables","2025",0.06287
"US-TX","Texas","Solar","2025",64.07319
"US-TX","Texas","Wind","2025",129.45757
"US-UT","Utah","Bioenergy","2015",0.08513
"US-UT","Utah","Coal","2015",31.65649
"US-UT","Utah","Gas","2015",8.21767
"US-UT","Utah","Hydro","2015",0.76877
"US-UT","Utah","Other Fossil","2015",0.13377
"US-UT","Utah","Other Renewables","2015",0.43945
"US-UT","Utah","Solar","2015",0.09896
"US-UT","Utah","Wind","2015",0.62592
"US-UT","Utah","Bioenergy","2016",0.08408
"US-UT","Utah","Coal","2016",25.93944
"US-UT","Utah","Gas","2016",8.69132
"US-UT","Utah","Hydro","2016",0.75954
"US-UT","Utah","Other Fossil","2016",0.2985
"US-UT","Utah","Other Renewables","2016",0.48713
"US-UT","Utah","Solar","2016",1.20327
"US-UT","Utah","Wind","2016",0.82228
"US-UT","Utah","Bioenergy","2017",0.07767
"US-UT","Utah","Coal","2017",26.38957
"US-UT","Utah","Gas","2017",5.87085
"US-UT","Utah","Hydro","2017",1.29371
"US-UT","Utah","Other Fossil","2017",0.22979
"US-UT","Utah","Other Renewables","2017",0.48693
"US-UT","Utah","Solar","2017",2.50048
"US-UT","Utah","Wind","2017",0.85825
"US-UT","Utah","Bioenergy","2018",0.07946
"US-UT","Utah","Coal","2018",25.91247
"US-UT","Utah","Gas","2018",8.72412
"US-UT","Utah","Hydro","2018",0.9271
"US-UT","Utah","Other Fossil","2018",0.26828
"US-UT","Utah","Other Renewables","2018",0.44712
"US-UT","Utah","Solar","2018",2.6181
"US-UT","Utah","Wind","2018",0.79455
"US-UT","Utah","Bioenergy","2019",0.07074
"US-UT","Utah","Coal","2019",25.24103
"US-UT","Utah","Gas","2019",9.36935
"US-UT","Utah","Hydro","2019",0.87511
"US-UT","Utah","Other Fossil","2019",0.24539
"US-UT","Utah","Other Renewables","2019",0.31076
"US-UT","Utah","Solar","2019",2.64603
"US-UT","Utah","Wind","2019",0.81868
"US-UT","Utah","Bioenergy","2020",0.07761
"US-UT","Utah","Coal","2020",22.80602
"US-UT","Utah","Gas","2020",9.46015
"US-UT","Utah","Hydro","2020",0.81672
"US-UT","Utah","Other Fossil","2020",0.17645
"US-UT","Utah","Other Renewables","2020",0.37775
"US-UT","Utah","Solar","2020",3.11723
"US-UT","Utah","Wind","2020",0.80262
"US-UT","Utah","Bioenergy","2021",0.08075
"US-UT","Utah","Coal","2021",26.37556
"US-UT","Utah","Gas","2021",10.68634
"US-UT","Utah","Hydro","2021",0.49354
"US-UT","Utah","Other Fossil","2021",0.20521
"US-UT","Utah","Other Renewables","2021",0.42194
"US-UT","Utah","Solar","2021",4.13651
"US-UT","Utah","Wind","2021",0.82523
"US-UT","Utah","Bioenergy","2022",0.07382
"US-UT","Utah","Coal","2022",22.39022
"US-UT","Utah","Gas","2022",11.10709
"US-UT","Utah","Hydro","2022",0.59536
"US-UT","Utah","Other Fossil","2022",0.17973
"US-UT","Utah","Other Renewables","2022",0.46481
"US-UT","Utah","Solar","2022",4.62894
"US-UT","Utah","Wind","2022",0.72344
"US-UT","Utah","Bioenergy","2023",0.09228
"US-UT","Utah","Coal","2023",15.60023
"US-UT","Utah","Gas","2023",11.83425
"US-UT","Utah","Hydro","2023",0.76893
"US-UT","Utah","Other Fossil","2023",0.13047
"US-UT","Utah","Other Renewables","2023",0.45804
"US-UT","Utah","Solar","2023",4.83471
"US-UT","Utah","Wind","2023",0.68347
"US-UT","Utah","Bioenergy","2024",0.07022
"US-UT","Utah","Coal","2024",15.96658
"US-UT","Utah","Gas","2024",11.64045
"US-UT","Utah","Hydro","2024",0.75869
"US-UT","Utah","Other Fossil","2024",0.1875
"US-UT","Utah","Other Renewables","2024",0.45098
"US-UT","Utah","Solar","2024",6.30601
"US-UT","Utah","Wind","2024",0.74841
"US-UT","Utah","Bioenergy","2025",0.06111
"US-UT","Utah","Coal","2025",18.00678
"US-UT","Utah","Gas","2025",11.52346
"US-UT","Utah","Hydro","2025",0.82764
"US-UT","Utah","Other Fossil","2025",0.19343
"US-UT","Utah","Other Renewables","2025",0.46825
"US-UT","Utah","Solar","2025",6.67016
"US-UT","Utah","Wind","2025",0.79896
"US-VT","Vermont","Bioenergy","2015",0.46461
"US-VT","Vermont","Gas","2015",0.00149
"US-VT","Vermont","Hydro","2015",1.1395
"US-VT","Vermont","Other Fossil","2015",0.00306
"US-VT","Vermont","Solar","2015",0.10235
"US-VT","Vermont","Wind","2015",0.32536
"US-VT","Vermont","Bioenergy","2016",0.47749
"US-VT","Vermont","Gas","2016",0.00197
"US-VT","Vermont","Hydro","2016",1.07752
"US-VT","Vermont","Other Fossil","2016",0.00402
"US-VT","Vermont","Solar","2016",0.1347
"US-VT","Vermont","Wind","2016",0.29118
"US-VT","Vermont","Bioenergy","2017",0.44787
"US-VT","Vermont","Gas","2017",0.00181
"US-VT","Vermont","Hydro","2017",1.28037
"US-VT","Vermont","Other Fossil","2017",0.00713
"US-VT","Vermont","Solar","2017",0.21011
"US-VT","Vermont","Wind","2017",0.30541
"US-VT","Vermont","Bioenergy","2018",0.42601
"US-VT","Vermont","Gas","2018",0.0018
"US-VT","Vermont","Hydro","2018",1.26819
"US-VT","Vermont","Other Fossil","2018",0.00284
"US-VT","Vermont","Solar","2018",0.2371
"US-VT","Vermont","Wind","2018",0.37335
"US-VT","Vermont","Bioenergy","2019",0.4261
"US-VT","Vermont","Gas","2019",0.00185
"US-VT","Vermont","Hydro","2019",1.33702
"US-VT","Vermont","Other Fossil","2019",6e-05
"US-VT","Vermont","Solar","2019",0.30019
"US-VT","Vermont","Wind","2019",0.37748
"US-VT","Vermont","Bioenergy","2020",0.45907
"US-VT","Vermont","Gas","2020",0.00202
"US-VT","Vermont","Hydro","2020",1.12967
"US-VT","Vermont","Other Fossil","2020",-0.00079
"US-VT","Vermont","Solar","2020",0.35674
"US-VT","Vermont","Wind","2020",0.38359
"US-VT","Vermont","Bioenergy","2021",0.49632
"US-VT","Vermont","Gas","2021",0.00205
"US-VT","Vermont","Hydro","2021",1.09277
"US-VT","Vermont","Other Fossil","2021",0.00507
"US-VT","Vermont","Solar","2021",0.35972
"US-VT","Vermont","Wind","2021",0.33819
"US-VT","Vermont","Bioenergy","2022",0.4222
"US-VT","Vermont","Gas","2022",0.0015
"US-VT","Vermont","Hydro","2022",1.14069
"US-VT","Vermont","Other Fossil","2022",0.00813
"US-VT","Vermont","Solar","2022",0.41351
"US-VT","Vermont","Wind","2022",0.40918
"US-VT","Vermont","Bioenergy","2023",0.40325
"US-VT","Vermont","Gas","2023",0.00126
"US-VT","Vermont","Hydro","2023",1.53924
"US-VT","Vermont","Other Fossil","2023",0.00532
"US-VT","Vermont","Solar","2023",0.43048
"US-VT","Vermont","Wind","2023",0.33961
"US-VT","Vermont","Bioenergy","2024",0.3977
"US-VT","Vermont","Gas","2024",0.00107
"US-VT","Vermont","Hydro","2024",1.28395
"US-VT","Vermont","Other Fossil","2024",0.00407
"US-VT","Vermont","Solar","2024",0.46232
"US-VT","Vermont","Wind","2024",0.35526
"US-VT","Vermont","Bioenergy","2025",0.42592
"US-VT","Vermont","Gas","2025",0.00109
"US-VT","Vermont","Hydro","2025",1.20552
"US-VT","Vermont","Other Fossil","2025",0
"US-VT","Vermont","Solar","2025",0.48112
"US-VT","Vermont","Wind","2025",0.38366
"US-VA","Virginia","Bioenergy","2015",4.14416
"US-VA","Virginia","Coal","2015",17.23143
"US-VA","Virginia","Gas","2015",33.28421
"US-VA","Virginia","Hydro","2015",0.12205
"US-VA","Virginia","Nuclear","2015",28.06036
"US-VA","Virginia","Other Fossil","2015",1.56939
"US-VA","Virginia","Other Renewables","2015",0.00999
"US-VA","Virginia","Solar","2015",0.02969
"US-VA","Virginia","Bioenergy","2016",4.09175
"US-VA","Virginia","Coal","2016",16.49941
"US-VA","Virginia","Gas","2016",40.90484
"US-VA","Virginia","Hydro","2016",0.30883
"US-VA","Virginia","Nuclear","2016",29.73189
"US-VA","Virginia","Other Fossil","2016",0.99725
"US-VA","Virginia","Other Renewables","2016",0.01264
"US-VA","Virginia","Solar","2016",0.06204
"US-VA","Virginia","Bioenergy","2017",3.80888
"US-VA","Virginia","Coal","2017",10.72642
"US-VA","Virginia","Gas","2017",44.50689
"US-VA","Virginia","Hydro","2017",-0.16144
"US-VA","Virginia","Nuclear","2017",30.55373
"US-VA","Virginia","Other Fossil","2017",0.66945
"US-VA","Virginia","Other Renewables","2017",0.0195
"US-VA","Virginia","Solar","2017",0.37894
"US-VA","Virginia","Bioenergy","2018",4.17328
"US-VA","Virginia","Coal","2018",9.26628
"US-VA","Virginia","Gas","2018",50.1603
"US-VA","Virginia","Hydro","2018",0.47288
"US-VA","Virginia","Nuclear","2018",29.25167
"US-VA","Virginia","Other Fossil","2018",1.42164
"US-VA","Virginia","Other Renewables","2018",0.01757
"US-VA","Virginia","Solar","2018",0.84537
"US-VA","Virginia","Bioenergy","2019",3.74639
"US-VA","Virginia","Coal","2019",3.41811
"US-VA","Virginia","Gas","2019",57.98515
"US-VA","Virginia","Hydro","2019",0.41508
"US-VA","Virginia","Nuclear","2019",29.49752
"US-VA","Virginia","Other Fossil","2019",0.81628
"US-VA","Virginia","Other Renewables","2019",0.01571
"US-VA","Virginia","Solar","2019",1.08061
"US-VA","Virginia","Bioenergy","2020",3.42045
"US-VA","Virginia","Coal","2020",3.7628
"US-VA","Virginia","Gas","2020",62.62307
"US-VA","Virginia","Hydro","2020",0.95064
"US-VA","Virginia","Nuclear","2020",30.14005
"US-VA","Virginia","Other Fossil","2020",0.78815
"US-VA","Virginia","Other Renewables","2020",0.01806
"US-VA","Virginia","Solar","2020",1.58477
"US-VA","Virginia","Bioenergy","2021",3.59444
"US-VA","Virginia","Coal","2021",3.24847
"US-VA","Virginia","Gas","2021",53.61127
"US-VA","Virginia","Hydro","2021",0.26702
"US-VA","Virginia","Nuclear","2021",28.57152
"US-VA","Virginia","Other Fossil","2021",0.86838
"US-VA","Virginia","Other Renewables","2021",0.01729
"US-VA","Virginia","Solar","2021",3.58775
"US-VA","Virginia","Wind","2021",0.04958
"US-VA","Virginia","Bioenergy","2022",3.6453
"US-VA","Virginia","Coal","2022",3.34607
"US-VA","Virginia","Gas","2022",48.80199
"US-VA","Virginia","Hydro","2022",-0.36471
"US-VA","Virginia","Nuclear","2022",28.19734
"US-VA","Virginia","Other Fossil","2022",1.17472
"US-VA","Virginia","Other Renewables","2022",0.01781
"US-VA","Virginia","Solar","2022",5.01507
"US-VA","Virginia","Wind","2022",0.05085
"US-VA","Virginia","Bioenergy","2023",3.36134
"US-VA","Virginia","Coal","2023",1.41503
"US-VA","Virginia","Gas","2023",50.6047
"US-VA","Virginia","Hydro","2023",-0.0642
"US-VA","Virginia","Nuclear","2023",29.66294
"US-VA","Virginia","Other Fossil","2023",0.61133
"US-VA","Virginia","Other Renewables","2023",0.01618
"US-VA","Virginia","Solar","2023",6.12884
"US-VA","Virginia","Wind","2023",0.04697
"US-VA","Virginia","Bioenergy","2024",3.38757
"US-VA","Virginia","Coal","2024",1.97211
"US-VA","Virginia","Gas","2024",60.99808
"US-VA","Virginia","Hydro","2024",-0.27945
"US-VA","Virginia","Nuclear","2024",28.94533
"US-VA","Virginia","Other Fossil","2024",0.62636
"US-VA","Virginia","Other Renewables","2024",0.01609
"US-VA","Virginia","Solar","2024",8.04234
"US-VA","Virginia","Wind","2024",0.05026
"US-VA","Virginia","Bioenergy","2025",3.5804
"US-VA","Virginia","Coal","2025",3.60693
"US-VA","Virginia","Gas","2025",60.69579
"US-VA","Virginia","Hydro","2025",-0.24379
"US-VA","Virginia","Nuclear","2025",28.21421
"US-VA","Virginia","Other Fossil","2025",0.96678
"US-VA","Virginia","Other Renewables","2025",0.0166
"US-VA","Virginia","Solar","2025",10.1536
"US-VA","Virginia","Wind","2025",0.04993
"US-WA","Washington","Bioenergy","2015",1.9912
"US-WA","Washington","Coal","2015",5.05192
"US-WA","Washington","Gas","2015",13.04593
"US-WA","Washington","Hydro","2015",73.44494
"US-WA","Washington","Nuclear","2015",8.16091
"US-WA","Washington","Other Fossil","2015",0.51639
"US-WA","Washington","Other Renewables","2015",0.03032
"US-WA","Washington","Solar","2015",0.05626
"US-WA","Washington","Wind","2015",7.07538
"US-WA","Washington","Bioenergy","2016",2.00756
"US-WA","Washington","Coal","2016",4.60173
"US-WA","Washington","Gas","2016",10.9822
"US-WA","Washington","Hydro","2016",78.34349
"US-WA","Washington","Nuclear","2016",9.62562
"US-WA","Washington","Other Fossil","2016",0.48341
"US-WA","Washington","Other Renewables","2016",0.02913
"US-WA","Washington","Solar","2016",0.09006
"US-WA","Washington","Wind","2016",8.04185
"US-WA","Washington","Bioenergy","2017",1.89858
"US-WA","Washington","Coal","2017",5.4895
"US-WA","Washington","Gas","2017",10.84927
"US-WA","Washington","Hydro","2017",82.18585
"US-WA","Washington","Nuclear","2017",8.12826
"US-WA","Washington","Other Fossil","2017",0.43498
"US-WA","Washington","Other Renewables","2017",0.02083
"US-WA","Washington","Solar","2017",0.1164
"US-WA","Washington","Wind","2017",6.92516
"US-WA","Washington","Bioenergy","2018",1.80318
"US-WA","Washington","Coal","2018",5.38287
"US-WA","Washington","Gas","2018",10.53508
"US-WA","Washington","Hydro","2018",80.91162
"US-WA","Washington","Nuclear","2018",9.70844
"US-WA","Washington","Other Fossil","2018",0.51376
"US-WA","Washington","Other Renewables","2018",0.02305
"US-WA","Washington","Solar","2018",0.15126
"US-WA","Washington","Wind","2018",7.90009
"US-WA","Washington","Bioenergy","2019",1.54224
"US-WA","Washington","Coal","2019",7.1701
"US-WA","Washington","Gas","2019",15.72867
"US-WA","Washington","Hydro","2019",66.02686
"US-WA","Washington","Nuclear","2019",8.8665
"US-WA","Washington","Other Fossil","2019",0.40824
"US-WA","Washington","Other Renewables","2019",0.0254
"US-WA","Washington","Solar","2019",0.24846
"US-WA","Washington","Wind","2019",6.67726
"US-WA","Washington","Bioenergy","2020",1.38816
"US-WA","Washington","Coal","2020",5.17022
"US-WA","Washington","Gas","2020",14.01444
"US-WA","Washington","Hydro","2020",76.42333
"US-WA","Washington","Nuclear","2020",9.42705
"US-WA","Washington","Other Fossil","2020",0.37981
"US-WA","Washington","Other Renewables","2020",0.02495
"US-WA","Washington","Solar","2020",0.29581
"US-WA","Washington","Wind","2020",9.2656
"US-WA","Washington","Bioenergy","2021",1.51078
"US-WA","Washington","Coal","2021",3.13252
"US-WA","Washington","Gas","2021",16.58925
"US-WA","Washington","Hydro","2021",71.38134
"US-WA","Washington","Nuclear","2021",8.51129
"US-WA","Washington","Other Fossil","2021",0.33525
"US-WA","Washington","Other Renewables","2021",0.02166
"US-WA","Washington","Solar","2021",0.3586
"US-WA","Washington","Wind","2021",9.29776
"US-WA","Washington","Bioenergy","2022",1.31282
"US-WA","Washington","Coal","2022",3.56597
"US-WA","Washington","Gas","2022",14.53232
"US-WA","Washington","Hydro","2022",78.92659
"US-WA","Washington","Nuclear","2022",9.85154
"US-WA","Washington","Other Fossil","2022",0.35705
"US-WA","Washington","Other Renewables","2022",0.01829
"US-WA","Washington","Solar","2022",0.4765
"US-WA","Washington","Wind","2022",8.06091
"US-WA","Washington","Bioenergy","2023",1.2668
"US-WA","Washington","Coal","2023",4.16261
"US-WA","Washington","Gas","2023",19.40785
"US-WA","Washington","Hydro","2023",61.44285
"US-WA","Washington","Nuclear","2023",8.43502
"US-WA","Washington","Other Fossil","2023",0.33153
"US-WA","Washington","Other Renewables","2023",0.01587
"US-WA","Washington","Solar","2023",0.88268
"US-WA","Washington","Wind","2023",7.54964
"US-WA","Washington","Bioenergy","2024",1.10982
"US-WA","Washington","Coal","2024",2.84659
"US-WA","Washington","Gas","2024",18.09748
"US-WA","Washington","Hydro","2024",60.738
"US-WA","Washington","Nuclear","2024",9.96714
"US-WA","Washington","Other Fossil","2024",0.33851
"US-WA","Washington","Other Renewables","2024",0.01888
"US-WA","Washington","Solar","2024",1.07093
"US-WA","Washington","Wind","2024",8.86334
"US-WA","Washington","Bioenergy","2025",1.1327
"US-WA","Washington","Coal","2025",3.16034
"US-WA","Washington","Gas","2025",16.29374
"US-WA","Washington","Hydro","2025",65.16671
"US-WA","Washington","Nuclear","2025",7.74811
"US-WA","Washington","Other Fossil","2025",0.3671
"US-WA","Washington","Other Renewables","2025",0.0193
"US-WA","Washington","Solar","2025",1.3504
"US-WA","Washington","Wind","2025",8.57017
"US-DC","Washington, D.C.","Bioenergy","2015",0.031
"US-DC","Washington, D.C.","Gas","2015",0.02265
"US-DC","Washington, D.C.","Other Fossil","2015",1e-04
"US-DC","Washington, D.C.","Other Renewables","2015",0.031
"US-DC","Washington, D.C.","Solar","2015",0.03244
"US-DC","Washington, D.C.","Bioenergy","2016",0.05277
"US-DC","Washington, D.C.","Gas","2016",0.0227
"US-DC","Washington, D.C.","Other Fossil","2016",0.001
"US-DC","Washington, D.C.","Other Renewables","2016",0.05277
"US-DC","Washington, D.C.","Solar","2016",0.03176
"US-DC","Washington, D.C.","Bioenergy","2017",0.04717
"US-DC","Washington, D.C.","Gas","2017",0.0197
"US-DC","Washington, D.C.","Other Fossil","2017",0
"US-DC","Washington, D.C.","Other Renewables","2017",0.04717
"US-DC","Washington, D.C.","Solar","2017",0.052
"US-DC","Washington, D.C.","Bioenergy","2018",0.05656
"US-DC","Washington, D.C.","Gas","2018",0.02277
"US-DC","Washington, D.C.","Other Fossil","2018",0
"US-DC","Washington, D.C.","Other Renewables","2018",0.05656
"US-DC","Washington, D.C.","Solar","2018",0.07131
"US-DC","Washington, D.C.","Bioenergy","2019",0.05513
"US-DC","Washington, D.C.","Gas","2019",0.11012
"US-DC","Washington, D.C.","Other Fossil","2019",0
"US-DC","Washington, D.C.","Other Renewables","2019",0.05513
"US-DC","Washington, D.C.","Solar","2019",0.10315
"US-DC","Washington, D.C.","Bioenergy","2020",0.05485
"US-DC","Washington, D.C.","Gas","2020",0.13354
"US-DC","Washington, D.C.","Other Fossil","2020",2e-05
"US-DC","Washington, D.C.","Other Renewables","2020",0.05485
"US-DC","Washington, D.C.","Solar","2020",0.13121
"US-DC","Washington, D.C.","Bioenergy","2021",0.05572
"US-DC","Washington, D.C.","Gas","2021",0.13707
"US-DC","Washington, D.C.","Other Fossil","2021",4e-05
"US-DC","Washington, D.C.","Other Renewables","2021",0.05572
"US-DC","Washington, D.C.","Solar","2021",0.16606
"US-DC","Washington, D.C.","Bioenergy","2022",0.0577
"US-DC","Washington, D.C.","Gas","2022",0.08027
"US-DC","Washington, D.C.","Other Fossil","2022",2e-05
"US-DC","Washington, D.C.","Other Renewables","2022",0.0577
"US-DC","Washington, D.C.","Solar","2022",0.19811
"US-DC","Washington, D.C.","Bioenergy","2023",0.05801
"US-DC","Washington, D.C.","Gas","2023",0.08921
"US-DC","Washington, D.C.","Other Fossil","2023",5e-05
"US-DC","Washington, D.C.","Other Renewables","2023",0.05801
"US-DC","Washington, D.C.","Solar","2023",0.2309
"US-DC","Washington, D.C.","Bioenergy","2024",0.05592
"US-DC","Washington, D.C.","Gas","2024",0.0996
"US-DC","Washington, D.C.","Other Fossil","2024",3e-05
"US-DC","Washington, D.C.","Other Renewables","2024",0.05592
"US-DC","Washington, D.C.","Solar","2024",0.28857
"US-DC","Washington, D.C.","Bioenergy","2025",0.05025
"US-DC","Washington, D.C.","Gas","2025",0.0884
"US-DC","Washington, D.C.","Other Fossil","2025",0
"US-DC","Washington, D.C.","Other Renewables","2025",0.05025
"US-DC","Washington, D.C.","Solar","2025",0.38295
"US-WV","West Virginia","Bioenergy","2015",0.00498
"US-WV","West Virginia","Coal","2015",68.05609
"US-WV","West Virginia","Gas","2015",1.30363
"US-WV","West Virginia","Hydro","2015",1.38504
"US-WV","West Virginia","Other Fossil","2015",0.16929
"US-WV","West Virginia","Solar","2015",0.00448
"US-WV","West Virginia","Wind","2015",1.37623
"US-WV","West Virginia","Coal","2016",71.51296
"US-WV","West Virginia","Gas","2016",1.22457
"US-WV","West Virginia","Hydro","2016",1.63825
"US-WV","West Virginia","Other Fossil","2016",0.13504
"US-WV","West Virginia","Solar","2016",0.00566
"US-WV","West Virginia","Wind","2016",1.43215
"US-WV","West Virginia","Coal","2017",68.34901
"US-WV","West Virginia","Gas","2017",1.52673
"US-WV","West Virginia","Hydro","2017",1.65849
"US-WV","West Virginia","Other Fossil","2017",0.14051
"US-WV","West Virginia","Solar","2017",0.0079
"US-WV","West Virginia","Wind","2017",1.68234
"US-WV","West Virginia","Coal","2018",62.03884
"US-WV","West Virginia","Gas","2018",1.42039
"US-WV","West Virginia","Hydro","2018",1.84764
"US-WV","West Virginia","Other Fossil","2018",0.17217
"US-WV","West Virginia","Solar","2018",0.00954
"US-WV","West Virginia","Wind","2018",1.76998
"US-WV","West Virginia","Bioenergy","2019",0
"US-WV","West Virginia","Coal","2019",58.18163
"US-WV","West Virginia","Gas","2019",2.24335
"US-WV","West Virginia","Hydro","2019",1.70601
"US-WV","West Virginia","Other Fossil","2019",0.16355
"US-WV","West Virginia","Solar","2019",0.01237
"US-WV","West Virginia","Wind","2019",1.6311
"US-WV","West Virginia","Bioenergy","2020",0.00646
"US-WV","West Virginia","Coal","2020",50.2164
"US-WV","West Virginia","Gas","2020",2.77667
"US-WV","West Virginia","Hydro","2020",1.59203
"US-WV","West Virginia","Other Fossil","2020",0.17218
"US-WV","West Virginia","Solar","2020",0.01537
"US-WV","West Virginia","Wind","2020",1.8978
"US-WV","West Virginia","Bioenergy","2021",0.01017
"US-WV","West Virginia","Coal","2021",59.66759
"US-WV","West Virginia","Gas","2021",2.62567
"US-WV","West Virginia","Hydro","2021",1.70456
"US-WV","West Virginia","Other Fossil","2021",0.20393
"US-WV","West Virginia","Solar","2021",0.02204
"US-WV","West Virginia","Wind","2021",1.62414
"US-WV","West Virginia","Bioenergy","2022",0.0102
"US-WV","West Virginia","Coal","2022",50.7175
"US-WV","West Virginia","Gas","2022",2.11047
"US-WV","West Virginia","Hydro","2022",1.64726
"US-WV","West Virginia","Other Fossil","2022",0.17302
"US-WV","West Virginia","Solar","2022",0.03321
"US-WV","West Virginia","Wind","2022",2.0069
"US-WV","West Virginia","Bioenergy","2023",0.00909
"US-WV","West Virginia","Coal","2023",44.79757
"US-WV","West Virginia","Gas","2023",3.67966
"US-WV","West Virginia","Hydro","2023",1.53018
"US-WV","West Virginia","Other Fossil","2023",0.18085
"US-WV","West Virginia","Solar","2023",0.0473
"US-WV","West Virginia","Wind","2023",2.08944
"US-WV","West Virginia","Bioenergy","2024",0.00762
"US-WV","West Virginia","Coal","2024",43.09787
"US-WV","West Virginia","Gas","2024",3.78225
"US-WV","West Virginia","Hydro","2024",1.36133
"US-WV","West Virginia","Other Fossil","2024",0.15708
"US-WV","West Virginia","Solar","2024",0.24685
"US-WV","West Virginia","Wind","2024",2.00285
"US-WV","West Virginia","Bioenergy","2025",0.00464
"US-WV","West Virginia","Coal","2025",46.63559
"US-WV","West Virginia","Gas","2025",3.31404
"US-WV","West Virginia","Hydro","2025",1.28466
"US-WV","West Virginia","Other Fossil","2025",0.15366
"US-WV","West Virginia","Solar","2025",0.34357
"US-WV","West Virginia","Wind","2025",1.99127
"US-WI","Wisconsin","Bioenergy","2015",1.57092
"US-WI","Wisconsin","Coal","2015",37.18055
"US-WI","Wisconsin","Gas","2015",13.39878
"US-WI","Wisconsin","Hydro","2015",2.34068
"US-WI","Wisconsin","Nuclear","2015",10.00818
"US-WI","Wisconsin","Other Fossil","2015",0.08933
"US-WI","Wisconsin","Other Renewables","2015",0.09675
"US-WI","Wisconsin","Solar","2015",0.02883
"US-WI","Wisconsin","Wind","2015",1.58938
"US-WI","Wisconsin","Bioenergy","2016",1.4698
"US-WI","Wisconsin","Coal","2016",33.36284
"US-WI","Wisconsin","Gas","2016",15.47276
"US-WI","Wisconsin","Hydro","2016",2.79526
"US-WI","Wisconsin","Nuclear","2016",10.15139
"US-WI","Wisconsin","Other Fossil","2016",0.07651
"US-WI","Wisconsin","Other Renewables","2016",0.10501
"US-WI","Wisconsin","Solar","2016",0.03729
"US-WI","Wisconsin","Wind","2016",1.51526
"US-WI","Wisconsin","Bioenergy","2017",1.45991
"US-WI","Wisconsin","Coal","2017",35.85222
"US-WI","Wisconsin","Gas","2017",13.65569
"US-WI","Wisconsin","Hydro","2017",2.65723
"US-WI","Wisconsin","Nuclear","2017",9.64898
"US-WI","Wisconsin","Other Fossil","2017",0.05989
"US-WI","Wisconsin","Other Renewables","2017",0.09813
"US-WI","Wisconsin","Solar","2017",0.07699
"US-WI","Wisconsin","Wind","2017",1.64069
"US-WI","Wisconsin","Bioenergy","2018",1.43715
"US-WI","Wisconsin","Coal","2018",33.32238
"US-WI","Wisconsin","Gas","2018",16.79866
"US-WI","Wisconsin","Hydro","2018",2.39201
"US-WI","Wisconsin","Nuclear","2018",10.12912
"US-WI","Wisconsin","Other Fossil","2018",0.07871
"US-WI","Wisconsin","Other Renewables","2018",0.09097
"US-WI","Wisconsin","Solar","2018",0.11453
"US-WI","Wisconsin","Wind","2018",1.63766
"US-WI","Wisconsin","Bioenergy","2019",1.33255
"US-WI","Wisconsin","Coal","2019",26.33539
"US-WI","Wisconsin","Gas","2019",20.33449
"US-WI","Wisconsin","Hydro","2019",2.64101
"US-WI","Wisconsin","Nuclear","2019",10.0303
"US-WI","Wisconsin","Other Fossil","2019",0.09517
"US-WI","Wisconsin","Other Renewables","2019",0.08486
"US-WI","Wisconsin","Solar","2019",0.13908
"US-WI","Wisconsin","Wind","2019",1.87781
"US-WI","Wisconsin","Bioenergy","2020",1.13564
"US-WI","Wisconsin","Coal","2020",23.7611
"US-WI","Wisconsin","Gas","2020",22.00217
"US-WI","Wisconsin","Hydro","2020",2.78776
"US-WI","Wisconsin","Nuclear","2020",9.77133
"US-WI","Wisconsin","Other Fossil","2020",0.04835
"US-WI","Wisconsin","Other Renewables","2020",0.06587
"US-WI","Wisconsin","Solar","2020",0.22251
"US-WI","Wisconsin","Wind","2020",1.76338
"US-WI","Wisconsin","Bioenergy","2021",1.07165
"US-WI","Wisconsin","Coal","2021",27.44159
"US-WI","Wisconsin","Gas","2021",21.342
"US-WI","Wisconsin","Hydro","2021",2.14488
"US-WI","Wisconsin","Nuclear","2021",9.97019
"US-WI","Wisconsin","Other Fossil","2021",0.19217
"US-WI","Wisconsin","Other Renewables","2021",0.06268
"US-WI","Wisconsin","Solar","2021",0.54885
"US-WI","Wisconsin","Wind","2021",1.59348
"US-WI","Wisconsin","Bioenergy","2022",1.15376
"US-WI","Wisconsin","Coal","2022",21.92295
"US-WI","Wisconsin","Gas","2022",23.27643
"US-WI","Wisconsin","Hydro","2022",1.99098
"US-WI","Wisconsin","Nuclear","2022",10.07702
"US-WI","Wisconsin","Other Fossil","2022",0.05281
"US-WI","Wisconsin","Other Renewables","2022",0.04984
"US-WI","Wisconsin","Solar","2022",1.02749
"US-WI","Wisconsin","Wind","2022",1.81572
"US-WI","Wisconsin","Bioenergy","2023",1.03031
"US-WI","Wisconsin","Coal","2023",21.08669
"US-WI","Wisconsin","Gas","2023",25.62119
"US-WI","Wisconsin","Hydro","2023",1.92597
"US-WI","Wisconsin","Nuclear","2023",9.68277
"US-WI","Wisconsin","Other Fossil","2023",0.14359
"US-WI","Wisconsin","Other Renewables","2023",0.03601
"US-WI","Wisconsin","Solar","2023",1.56434
"US-WI","Wisconsin","Wind","2023",1.73784
"US-WI","Wisconsin","Bioenergy","2024",1.08502
"US-WI","Wisconsin","Coal","2024",20.76313
"US-WI","Wisconsin","Gas","2024",26.24556
"US-WI","Wisconsin","Hydro","2024",2.0718
"US-WI","Wisconsin","Nuclear","2024",10.14687
"US-WI","Wisconsin","Other Fossil","2024",0.08651
"US-WI","Wisconsin","Other Renewables","2024",0.03927
"US-WI","Wisconsin","Solar","2024",3.24956
"US-WI","Wisconsin","Wind","2024",1.99412
"US-WI","Wisconsin","Bioenergy","2025",1.20398
"US-WI","Wisconsin","Coal","2025",23.34963
"US-WI","Wisconsin","Gas","2025",23.72229
"US-WI","Wisconsin","Hydro","2025",2.18716
"US-WI","Wisconsin","Nuclear","2025",10.17553
"US-WI","Wisconsin","Other Fossil","2025",0.08208
"US-WI","Wisconsin","Other Renewables","2025",0.03827
"US-WI","Wisconsin","Solar","2025",4.442
"US-WI","Wisconsin","Wind","2025",1.96352
"US-WY","Wyoming","Coal","2015",43.09119
"US-WY","Wyoming","Gas","2015",0.7223
"US-WY","Wyoming","Hydro","2015",0.86826
"US-WY","Wyoming","Other Fossil","2015",0.52806
"US-WY","Wyoming","Solar","2015",0.00273
"US-WY","Wyoming","Wind","2015",3.75671
"US-WY","Wyoming","Coal","2016",40.02688
"US-WY","Wyoming","Gas","2016",0.78814
"US-WY","Wyoming","Hydro","2016",0.97349
"US-WY","Wyoming","Other Fossil","2016",0.47879
"US-WY","Wyoming","Solar","2016",0.00341
"US-WY","Wyoming","Wind","2016",4.38934
"US-WY","Wyoming","Coal","2017",40.06857
"US-WY","Wyoming","Gas","2017",0.77899
"US-WY","Wyoming","Hydro","2017",1.12362
"US-WY","Wyoming","Other Fossil","2017",0.45001
"US-WY","Wyoming","Solar","2017",0.0047
"US-WY","Wyoming","Wind","2017",4.32065
"US-WY","Wyoming","Coal","2018",39.67929
"US-WY","Wyoming","Gas","2018",0.89612
"US-WY","Wyoming","Hydro","2018",0.9757
"US-WY","Wyoming","Other Fossil","2018",0.50304
"US-WY","Wyoming","Solar","2018",0.00715
"US-WY","Wyoming","Wind","2018",4.05716
"US-WY","Wyoming","Coal","2019",35.37583
"US-WY","Wyoming","Gas","2019",1.02925
"US-WY","Wyoming","Hydro","2019",0.99243
"US-WY","Wyoming","Other Fossil","2019",0.40519
"US-WY","Wyoming","Solar","2019",0.18935
"US-WY","Wyoming","Wind","2019",4.16282
"US-WY","Wyoming","Coal","2020",33.35911
"US-WY","Wyoming","Gas","2020",1.3737
"US-WY","Wyoming","Hydro","2020",1.086
"US-WY","Wyoming","Other Fossil","2020",0.51419
"US-WY","Wyoming","Solar","2020",0.17832
"US-WY","Wyoming","Wind","2020",5.51263
"US-WY","Wyoming","Coal","2021",32.03813
"US-WY","Wyoming","Gas","2021",1.5007
"US-WY","Wyoming","Hydro","2021",0.79045
"US-WY","Wyoming","Other Fossil","2021",0.50454
"US-WY","Wyoming","Solar","2021",0.19689
"US-WY","Wyoming","Wind","2021",8.44786
"US-WY","Wyoming","Coal","2022",33.51789
"US-WY","Wyoming","Gas","2022",1.66125
"US-WY","Wyoming","Hydro","2022",0.74475
"US-WY","Wyoming","Other Fossil","2022",0.45755
"US-WY","Wyoming","Solar","2022",0.20887
"US-WY","Wyoming","Wind","2022",9.78014
"US-WY","Wyoming","Coal","2023",30.844
"US-WY","Wyoming","Gas","2023",2.12948
"US-WY","Wyoming","Hydro","2023",0.91736
"US-WY","Wyoming","Other Fossil","2023",0.4803
"US-WY","Wyoming","Solar","2023",0.20235
"US-WY","Wyoming","Wind","2023",8.6366
"US-WY","Wyoming","Coal","2024",24.38162
"US-WY","Wyoming","Gas","2024",5.42606
"US-WY","Wyoming","Hydro","2024",1.01659
"US-WY","Wyoming","Other Fossil","2024",0.4599
"US-WY","Wyoming","Solar","2024",0.45579
"US-WY","Wyoming","Wind","2024",9.00184
"US-WY","Wyoming","Coal","2025",27.02412
"US-WY","Wyoming","Gas","2025",4.59453
"US-WY","Wyoming","Hydro","2025",1.08173
"US-WY","Wyoming","Other Fossil","2025",0.50313
"US-WY","Wyoming","Solar","2025",0.53704
"US-WY","Wyoming","Wind","2025",12.52558
