"region","c_price","discount_rate","allow_eor","early_adoption","plant_mw_th","technology","area_best_km2","area_viable_km2","biomass_processed_yr_mg","npv_min","npv_max","npv_mean","mean_co2_transport_distance_km","mean_biomass_transport_distance_km","mean_capital_cost_mg","mean_om_cost_mg","mean_biomass_cost_mg","mean_co2_transport_cost_mg","mean_net_cdr","mean_carbon_removal_revenue_mg","mean_electricity_production_mwh","mean_electricity_revenue_mg","mean_agronomic_revenue_mg","mean_lcoe_usd_mwh","mean_cost_of_co2_avoided","mean_abatement_efficiency","mean_total_capex_m"
"US",0,0.02,TRUE,TRUE,50,"BES",5512181.64640698,38575.1360108656,148914.169591735,-140.475145787571,11.0495767213946,-89.4011893089633,NA,141.661821039438,42.4633064836628,2.03823871121581,121.309273155916,0,0.490796471004637,0,1.472501178,76.4096290418336,NA,112.604879933613,400.016704428173,0,68.5291501786788
"US",0,0.02,TRUE,TRUE,50,"BECCS",NA,NA,NA,NA,NA,NA,NA,NA,53.9483651702426,2.69741825851213,NA,NA,NA,NA,1.3743344328,NA,NA,NA,NA,NA,87.0642426318861
"US",0,0.02,TRUE,TRUE,50,"BEBCS",22892.5196291482,NA,NA,-115.11258578605,-81.7839464036078,-95.3158319032209,NA,134.56282807735,73.2650919233,29.8761331729751,120.244424211602,0,0.942412447035558,0,0.75264329023612,34.0575047936323,94.0123126110245,171.891968446654,238.330991866297,1.6331062087809,116.279758519933
"China",0,0.02,TRUE,TRUE,50,"BES",5033860.70199904,NA,NA,-116.704495725455,-21.6080782074678,-42.3692191131918,NA,33.8963126669548,42.4633064836628,2.03823871121581,45.0844469000434,0,0.565358883288698,0,1.472501178,47.216772981748,NA,60.8393347546254,158.542600680731,0,68.5291501786788
"China",0,0.02,TRUE,TRUE,50,"BECCS",NA,NA,NA,NA,NA,NA,NA,NA,53.9483651702426,2.69741825851213,NA,NA,NA,NA,1.3743344328,NA,NA,NA,NA,NA,87.0642426318861
"China",0,0.02,TRUE,TRUE,50,"BEBCS",12710.0662415784,NA,NA,-74.7000897332176,-25.058710081983,-49.732363392622,NA,110.727532492654,73.2650919233,29.8761331729751,56.6091298738981,0,1.01621294042354,0,0.75264329023612,23.9442619622576,86.0737296152937,97.8904964817604,157.240878554339,1.6043841102584,116.279758519933
"Europe",0,0.02,TRUE,TRUE,50,"BES",4757393.26976032,459192.643333944,11840648.2626157,-130.285299619283,25.0893554221131,-28.7023076234373,NA,47.2981500024191,42.4633064836628,2.03823871121581,72.1107225003607,0,0.1662044862613,0,1.472501178,87.9099600718187,NA,79.1933272702908,Inf,0,68.5291501786788
"Europe",0,0.02,TRUE,TRUE,50,"BECCS",NA,NA,NA,NA,NA,NA,NA,NA,53.9483651702426,2.69741825851213,NA,NA,NA,NA,1.3743344328,NA,NA,NA,NA,NA,87.0642426318861
"Europe",0,0.02,TRUE,TRUE,50,"BEBCS",NA,NA,NA,NA,NA,NA,NA,NA,73.2650919233,29.8761331729751,NA,0,NA,NA,0.75264329023612,NA,NA,NA,NA,NA,116.279758519933
"India",0,0.02,TRUE,TRUE,50,"BES",2841243.48933042,NA,NA,-105.026461520966,-7.15658776301723,-27.8294982249609,NA,21.7753981585826,42.4633064836628,2.03823871121581,41.6261369376103,0,0.848703288132595,0,1.472501178,58.2981839075242,NA,58.4907390359245,101.489237896465,0,68.5291501786788
"India",0,0.02,TRUE,TRUE,50,"BECCS",NA,NA,NA,NA,NA,NA,NA,NA,53.9483651702426,2.69741825851213,NA,NA,NA,NA,1.3743344328,NA,NA,NA,NA,NA,87.0642426318861
"India",0,0.02,TRUE,TRUE,50,"BEBCS",68556.3586327883,NA,NA,-65.1530282585563,-15.3858586119737,-39.3987325459843,NA,61.1458716586328,73.2650919233,29.8761331729751,61.208009781053,0,1.04821842781964,0,0.75264329023612,29.4900208404,95.4604814909438,91.5290872582846,156.84212070185,2.0180673856332,116.279758519933
"US",50,0.02,TRUE,TRUE,50,"BES",4457264.92307685,145594.613985537,250774.197082127,-131.150056571048,25.5577531483939,-63.6785992218988,NA,141.765786507597,42.4633064836628,2.03823871121581,121.32486797614,0,0.491843788350275,24.5921894175136,1.472501178,77.5556245316079,NA,112.61547063497,405.218731828778,0,68.5291501786788
"US",50,0.02,TRUE,TRUE,50,"BECCS",349252.343010559,NA,NA,-102.123390670311,-15.3225947932259,-53.094609422264,118.920001013383,126.02805107096,53.9483651702426,2.69741825851213,118.964207660644,47.5033335490278,2.07054680426739,103.527340213369,1.3743344328,66.4913750027924,NA,162.342817958702,108.185269084696,1.30716338653244,87.0642426318861
"US",50,0.02,TRUE,TRUE,50,"BEBCS",728556.899948942,NA,NA,-109.322973252756,-37.1564406443252,-63.1693500061717,NA,148.657082150889,73.2650919233,29.8761331729751,122.358562322633,0,0.913954783461483,45.6977391730743,0.75264329023612,36.4432278551139,80.1894703845489,193.066647799082,248.070078507494,1.57355499922324,116.279758519933
"China",50,0.02,TRUE,TRUE,50,"BES",4392734.82427729,231355.477529833,17499076.066011,-87.6253971308637,6.76612802548229,-13.4323099597731,NA,33.3417676143156,42.4633064836628,2.03823871121581,45.0012651421473,0,0.565414337793958,28.270716889698,1.472501178,47.7997834875673,NA,60.7828446416542,158.378444245603,0,68.5291501786788
"China",50,0.02,TRUE,TRUE,50,"BECCS",219340.063304397,136459.424060092,14693913.1963829,-38.9836403491222,38.7400852002491,4.03290423377013,122.700755187531,20.2769696122183,53.9483651702426,2.69741825851213,43.0415454418328,48.2581914926767,2.11280424995715,105.640212497857,1.3743344328,46.3382120991764,NA,107.64884938657,70.024324373592,1.33384106689214,87.0642426318861
"China",50,0.02,TRUE,TRUE,50,"BEBCS",434495.880659298,58314.0143371954,4418013.69803184,-86.0922689079562,21.1981805518253,-16.8155641617964,NA,49.2125538509933,73.2650919233,29.8761331729751,47.3818830776491,0,0.994420909329372,49.7210454664687,0.75264329023612,20.382240481872,63.6042580637873,115.484787066751,151.486276356307,1.63808180068028,116.279758519933
"Europe",50,0.02,TRUE,TRUE,50,"BES",4592733.0661125,1275744.74775199,37917231.2944884,-130.991935491116,46.6176004135984,-20.6217923569148,NA,48.1370425614684,42.4633064836628,2.03823871121581,72.2365563842176,0,0.169851595597954,8.49257977989768,1.472501178,87.6237294423023,NA,79.2787831502162,Inf,0,68.5291501786788
"Europe",50,0.02,TRUE,TRUE,50,"BECCS",144358.685905688,85258.2391982765,3644951.11976256,-22.1871819885965,34.6670468894162,3.26155782766717,118.592163655339,20.6586575738206,53.9483651702426,2.69741825851213,68.1147986360731,47.437878186805,1.64382530670627,82.1912653353133,1.3743344328,93.2687527439873,NA,125.295893155208,104.810527764317,1.0377685017085,87.0642426318861
"Europe",50,0.02,TRUE,TRUE,50,"BEBCS",20301.517742037,NA,NA,-60.5419059941496,-40.1677226137547,-49.1334856792616,NA,48.3748705106489,73.2650919233,29.8761331729751,72.2722305765974,0,0.688387068942456,34.4193534471228,0.75264329023612,31.8198857058677,60.0407308406204,153.290046332649,254.833124603614,1.21946485337444,116.279758519933
"India",50,0.02,TRUE,TRUE,50,"BES",2607007.81028419,2532139.88779083,141107208.961486,-64.1184188265468,35.3466168402674,14.5577020737344,NA,22.0028123465547,42.4633064836628,2.03823871121581,41.6609455264323,0,0.8486805467138,42.4340273356899,1.472501178,58.286165459351,NA,58.5143781265695,101.533097419332,0,68.5291501786788
"India",50,0.02,TRUE,TRUE,50,"BECCS",139637.61917093,135866.384717106,7096120.92406791,-18.0265004992864,55.4494213112586,27.4274737598879,106.816796482882,25.3375068952689,53.9483651702426,2.69741825851213,43.8040743101524,45.0868315331268,2.37562168872903,118.781084436451,1.3743344328,54.1830785954713,NA,105.896123824479,61.264690161482,1.49976116712691,87.0642426318861
"India",50,0.02,TRUE,TRUE,50,"BEBCS",163154.418508043,145248.645737185,11223516.3406748,-23.5468147810574,37.0068517502536,17.934362052474,NA,31.7551490057068,73.2650919233,29.8761331729751,47.4625336000165,0,1.0567418316254,52.8370915812698,0.75264329023612,29.8667458823643,85.834283285132,86.0560058814052,142.601739874077,2.01289605256022,116.279758519933
"US",100,0.02,TRUE,TRUE,50,"BES",1082265.88026774,220917.890464124,270858.071150226,-123.493989792947,40.0659295753932,-35.8663613781001,NA,196.364748683966,42.4633064836628,2.03823871121581,129.514712302595,0,0.387090159821952,38.7090159821952,1.472501178,99.4408801371801,NA,118.177329904638,522.031464536414,0,68.5291501786788
"US",100,0.02,TRUE,TRUE,50,"BECCS",3276943.12224879,1586576.60408584,6114308.94258771,-81.2230708377118,113.782009994243,0.758521014620517,436.912883741328,114.624341519968,53.9483651702426,2.69741825851213,117.253651227995,99.3684583279287,2.08740823994984,208.740823994983,1.3743344328,65.2855900043184,NA,198.836532406406,131.87092367306,1.31780823229157,87.0642426318861
"US",100,0.02,TRUE,TRUE,50,"BEBCS",1175865.16352002,60585.5821165366,38755.4256354541,-113.280792955663,36.8441246831143,-30.974281556599,NA,166.880922937157,73.2650919233,29.8761331729751,125.092138440573,0,0.918353431575707,91.8353431575707,0.75264329023612,37.2345942556952,68.1891445669836,212.64285624556,250.294383707147,1.54082979550823,116.279758519933
"China",100,0.02,TRUE,TRUE,50,"BES",980885.816167568,845185.580336929,48914129.254049,-61.1560778941829,35.1181396783543,11.1323510543225,NA,47.9842097993508,42.4633064836628,2.03823871121581,47.1976314699027,0,0.563950093575462,56.3950093575461,1.472501178,46.4365183615558,NA,62.2744334842094,162.812193168565,0,68.5291501786788
"China",100,0.02,TRUE,TRUE,50,"BECCS",1709716.41592788,1707056.95751465,107335834.272688,-13.3336795185405,144.44003330472,56.3361051899161,445.436835859144,26.1397690130215,53.9483651702426,2.69741825851213,43.9209653519531,99.7294206989734,2.11221797001705,211.221797001706,1.3743344328,45.4104776678911,NA,145.740486958192,94.8312940754225,1.33347094066734,87.0642426318861
"China",100,0.02,TRUE,TRUE,50,"BEBCS",2355968.53614558,2293670.20906786,97514568.3370881,-53.033184847675,67.4550711856336,25.9029875626703,NA,34.5702749130397,73.2650919233,29.8761331729751,45.1855412369559,0,0.984271817308561,98.4271817308563,0.75264329023612,23.7032271039238,52.0993450611188,127.852626231376,150.83052201661,1.65207061859279,116.279758519933
"Europe",100,0.02,TRUE,TRUE,50,"BES",2866343.59226968,1785191.34587513,45424621.8705314,-130.507294019199,112.806187256433,-1.95960601865284,NA,48.4996431141883,42.4633064836628,2.03823871121581,72.2909464671263,0,0.227365371556694,22.7365371556695,1.472501178,92.0963484876782,NA,79.3157203586342,Inf,0,68.5291501786788
"Europe",100,0.02,TRUE,TRUE,50,"BECCS",1282872.8883375,954124.621043912,34400398.1215176,-76.3771908763724,116.311989124838,24.5857819654801,455.826993264758,27.5281961111904,53.9483651702426,2.69741825851213,69.1452294166791,101.705156488486,1.66336203236523,166.336203236522,1.3743344328,85.7457480628825,NA,165.531885037931,136.921670809533,1.05010229315987,87.0642426318861
"Europe",100,0.02,TRUE,TRUE,50,"BEBCS",608176.789153122,12966.1195348158,50268.5622863042,-130.527940124553,74.7032044693687,-47.9570310929144,NA,83.8062579975909,73.2650919233,29.8761331729751,77.5869386996392,0,0.746441057049728,74.6441057049728,0.75264329023612,30.4646691038049,27.6623578942262,203.370983156799,242.82065163102,1.19720715945038,116.279758519933
"India",100,0.02,TRUE,TRUE,50,"BES",1063055.83994218,1060534.19037252,47443070.2230794,-23.2103761321272,77.849821443552,55.1431426157562,NA,25.4033628204146,42.4633064836628,2.03823871121581,42.6717895722123,0,0.848340491666407,84.8340491666408,1.472501178,57.4824282162029,NA,59.2008591025323,102.773682345071,0,68.5291501786788
"India",100,0.02,TRUE,TRUE,50,"BECCS",1628793.14636597,1628793.14636597,87938160.6725004,40.9184886570129,174.316239924251,89.4320123145182,470.984696589609,22.3738458122802,53.9483651702426,2.69741825851213,42.0311818844437,104.320157220103,2.37591805483732,237.591805483733,1.3743344328,54.8373293640929,NA,147.705767743682,85.4383953637035,1.49994826694276,87.0642426318861
"India",100,0.02,TRUE,TRUE,50,"BEBCS",217950.861654909,217950.861654909,24589525.5671056,41.966586627898,87.827488103525,67.7138344379958,NA,12.6716771522877,73.2650919233,29.8761331729751,39.9007515728432,0,1.06478099407112,106.478099407112,0.75264329023612,29.988948670708,74.2887630292942,91.3490022853382,134.341277291523,2.00474799478493,116.279758519933
"US",150,0.02,TRUE,TRUE,50,"BES",237940.570092993,169973.013039315,258200.421985241,-102.234025744644,54.5741060023925,6.81731204207517,NA,200.236107991944,42.4633064836628,2.03823871121581,130.095416198792,0,0.294111705780708,44.1167558671061,1.472501178,137.297517568639,NA,118.571695562793,611.462338906818,0,68.5291501786788
"US",150,0.02,TRUE,TRUE,50,"BECCS",4674998.85885835,4579307.89932097,15118690.3796631,-67.3805739161004,242.886614781712,88.1778882152609,614.476187575274,128.743162337021,53.9483651702426,2.69741825851213,119.371474350553,114.640224597888,2.07163552262544,310.745328393817,1.3743344328,68.09004219864,NA,211.489631228278,141.342374306882,1.30785070872818,87.0642426318861
"US",150,0.02,TRUE,TRUE,50,"BEBCS",622134.737084936,257719.451292093,200196.374921216,-101.510358997986,81.7573759333258,-11.3449665285472,NA,214.242197247249,73.2650919233,29.8761331729751,132.196329587087,0,0.867138594054892,130.070789108234,0.75264329023612,40.1874184457038,53.7343806008774,241.287176061202,272.67883452439,1.42399270447773,116.279758519933
"China",150,0.02,TRUE,TRUE,50,"BES",138877.007592476,138679.186503108,12084714.3115988,-6.33502084927444,55.4262692167509,37.0090097501652,NA,32.1866865758175,42.4633064836628,2.03823871121581,44.8280029863726,0,0.565529845897813,84.8294768846719,1.472501178,41.5090810467454,NA,60.6651794347503,158.112177336576,0,68.5291501786788
"China",150,0.02,TRUE,TRUE,50,"BECCS",3051140.99695013,3051140.99695013,179223982.518629,16.5157953813912,250.139981409191,138.308001724325,675.071246535112,29.1730023415919,53.9483651702426,2.69741825851213,44.3759503512388,122.661363280843,2.11191464668419,316.787197002631,1.3743344328,45.2039017825201,NA,162.757398579557,105.921258078879,1.33327944866427,87.0642426318861
"China",150,0.02,TRUE,TRUE,50,"BEBCS",1856552.76369839,1846378.17830841,63007890.9899649,-25.7287958956871,113.711961819442,67.8019640514754,NA,43.3735453988556,73.2650919233,29.8761331729751,46.5060318098282,0,0.983855071263518,147.578260689527,0.75264329023612,23.1943884258981,46.6765718421518,136.812068080283,152.177131773557,1.65106647547567,116.279758519933
"Europe",150,0.02,TRUE,TRUE,50,"BES",615656.237426334,601743.791546512,13706056.5330693,-125.420668813152,177.875092429079,47.1715093245838,NA,44.7319210966901,42.4633064836628,2.03823871121581,71.7257881645039,0,0.410735060501867,61.6102590752801,1.472501178,101.788583608677,NA,78.9319119711985,Inf,0,68.5291501786788
"Europe",150,0.02,TRUE,TRUE,50,"BECCS",2980987.29638598,2885315.43888385,80823947.1010831,-94.6907423540214,244.157799217012,75.5951020158968,947.40961783758,34.2537102812511,53.9483651702426,2.69741825851213,70.154056542185,143.41873415656,1.73055258203891,259.582887305834,1.3743344328,86.230788837574,NA,196.617771976339,156.229317987744,1.09252056946902,87.0642426318861
"Europe",150,0.02,TRUE,TRUE,50,"BEBCS",1160749.7359479,580566.995050381,8012391.98834385,-94.3628599131944,130.814255828602,-10.0806452693308,NA,83.3624132230834,73.2650919233,29.8761331729751,77.5203619834626,0,0.758088654496553,113.713298174483,0.75264329023612,35.2618672792523,21.6057763566772,211.329606981765,239.396680872969,1.21216045556952,116.279758519933
"India",150,0.02,TRUE,TRUE,50,"BES",100604.339237408,100604.339237408,618684.881180975,17.6976665622924,105.862775218542,83.319547863985,NA,58.5977537671725,42.4633064836628,2.03823871121581,54.9563297317425,0,0.845021052571734,126.75315788576,1.472501178,56.0242649048458,NA,67.5434943024685,117.772795314013,0,68.5291501786788
"India",150,0.02,TRUE,TRUE,50,"BECCS",2793491.06451611,2793491.06451611,159016273.182944,75.9769095400477,293.183058537244,187.488626389341,641.373134751979,21.2449620575204,53.9483651702426,2.69741825851213,41.5832160951427,125.177939623125,2.37603094321282,356.404641481919,1.3743344328,54.4909240544443,NA,162.556459195935,94.0244252006791,1.50001953485657,87.0642426318861
"India",150,0.02,TRUE,TRUE,50,"BEBCS",15704.4442096688,15704.4442096688,350185.497366832,57.4163628274004,110.299840037632,95.149326534938,NA,42.7932905058489,73.2650919233,29.8761331729751,46.7126105971539,0,1.10457414047761,165.686121071642,0.75264329023612,28.6004450289725,50.7165961277528,131.718758210911,135.686542327046,1.92786705798943,116.279758519933
"US",200,0.02,TRUE,TRUE,50,"BES",53713.2210000209,51650.4726386646,127429.547018878,-94.1657196553244,69.0822824293917,45.7188497332799,NA,153.231720657349,42.4633064836628,2.03823871121581,123.044758098602,0,0.276646522484042,55.3293044968083,1.472501178,157.935848529953,NA,113.783476574904,610.721196815023,0,68.5291501786788
"US",200,0.02,TRUE,TRUE,50,"BECCS",5029047.54932043,5022228.72515222,15423528.3637014,-34.5557085655308,371.991219569181,184.447719299796,696.413604082446,134.51870985185,53.9483651702426,2.69741825851213,120.237806477778,120.805632163766,2.06313965100181,412.627930200359,1.3743344328,69.5090111697309,NA,216.606100353465,145.572899551249,1.30248715341023,87.0642426318861
"US",200,0.02,TRUE,TRUE,50,"BEBCS",452313.395715772,288525.667432328,239235.138137164,-60.8677616555639,126.670627183537,17.4925044319978,NA,214.652096267724,73.2650919233,29.8761331729751,132.257814440159,0,0.852718775196847,170.543755039369,0.75264329023612,44.5243433459939,37.8234455830681,262.508942172835,276.722929700807,1.3657762639725,116.279758519933
"China",200,0.02,TRUE,TRUE,50,"BES",4576.69250496513,4576.69250496513,285588.613549992,53.8897790899167,77.1237679309735,66.1347974663049,NA,38.7482620750155,42.4633064836628,2.03823871121581,45.8122393112523,0,0.564873688347893,112.974737669579,1.472501178,43.4738443028571,NA,61.3335906656442,159.941395684249,0,68.5291501786788
"China",200,0.02,TRUE,TRUE,50,"BECCS",3634821.65137282,3634821.65137282,208517119.730121,79.7237134436099,355.839929513662,231.186040419129,814.579772504624,28.9421953630702,53.9483651702426,2.69741825851213,44.3413293044606,135.798847267141,2.11193772738207,422.387545476414,1.3743344328,45.5844549430636,NA,172.291368351982,112.123179504946,1.33329401981191,87.0642426318861
"China",200,0.02,TRUE,TRUE,50,"BEBCS",1407172.42436332,1407172.42436332,45517191.6048319,27.0461847142924,165.248568415843,109.144001508836,NA,48.8625790897585,73.2650919233,29.8761331729751,47.3293868634639,0,0.989217420272406,197.843484054482,0.75264329023612,21.7462739993246,40.0248554147696,146.74382669421,152.141517617508,1.64377835066703,116.279758519933
"Europe",200,0.02,TRUE,TRUE,50,"BES",149152.711993652,148611.599153453,2095619.92966895,-125.915652005541,168.456122117616,151.248433835946,NA,47.5521872454104,42.4633064836628,2.03823871121581,72.1488280868113,0,0.868303508134389,173.660701626878,1.472501178,94.2381054907565,NA,79.2192054067682,Inf,0,68.5291501786788
"Europe",200,0.02,TRUE,TRUE,50,"BECCS",3683770.52419883,3658632.30022533,96542283.8655308,-103.16277006939,385.109092605975,145.231095756705,1162.36442002876,38.0725542568314,53.9483651702426,2.69741825851213,70.7268831385216,159.48569684774,1.73328791603615,346.657583207234,1.3743344328,85.4318759645108,NA,208.725297546819,165.774553329082,1.09424742174,87.0642426318861
"Europe",200,0.02,TRUE,TRUE,50,"BEBCS",924470.033567655,793530.616769988,8907786.43067021,-57.170594626757,186.925307187835,33.5840968417688,NA,86.4684710065143,73.2650919233,29.8761331729751,77.9862706509775,0,0.765389223626977,153.077844725396,0.75264329023612,36.620074347014,25.0136735166155,207.420732046467,238.930474440387,1.23992392853158,116.279758519933
"India",200,0.02,TRUE,TRUE,50,"BES",30975.7234057056,30975.7234057056,52967.7272198159,58.6057092567121,138.277459668699,107.396081120365,NA,89.3554903147972,42.4633064836628,2.03823871121581,72.4464742321511,0,0.841945278916971,168.389055783394,1.472501178,55.9550447639998,NA,79.4213418463082,138.992337024742,0,68.5291501786788
"India",200,0.02,TRUE,TRUE,50,"BECCS",2824173.10048985,2824173.10048985,159549517.58311,114.770754322102,412.049877150237,304.836314280003,661.745224950738,21.4235057448445,53.9483651702426,2.69741825851213,41.6150325289305,126.572581807743,2.37601308884408,475.202617768814,1.3743344328,54.4670942766205,NA,163.59438605301,94.6258997493089,1.50000826315914,87.0642426318861
"India",200,0.02,TRUE,TRUE,50,"BEBCS",54651.0240676642,54651.0240676642,382658.251162135,76.2216443402261,160.522438662584,141.114698432208,NA,48.227729611519,73.2650919233,29.8761331729751,48.3655203884735,0,1.15700683986955,231.40136797391,0.75264329023612,28.6241970854694,32.595878857577,157.991000743349,131.032473600677,1.8499805955627,116.279758519933
"US",0,0.08,TRUE,TRUE,50,"BES",5535074.16603613,NA,NA,-184.505849662537,-32.9811271535716,-133.46606074388,NA,141.633983766541,84.4773368987069,4.05491217113793,121.305097564982,0,0.490953871124919,0,1.472501178,76.371285890949,NA,142.504026326032,505.544428822378,0,68.5291501786788
"US",0,0.08,TRUE,TRUE,50,"BECCS",NA,NA,NA,NA,NA,NA,NA,NA,107.325938487019,5.36629692435097,NA,NA,NA,NA,1.3743344328,NA,NA,NA,NA,NA,87.0642426318861
"US",0,0.08,TRUE,TRUE,50,"BEBCS",NA,NA,NA,NA,NA,NA,NA,NA,131.537964686904,31.0390559743725,NA,0,NA,NA,0.75264329023612,NA,NA,NA,NA,NA,116.279758519933
"China",0,0.08,TRUE,TRUE,50,"BES",5046570.76824062,NA,NA,-160.735199600421,-65.638782082434,-86.4278967302967,NA,34.0769839291993,84.4773368987069,4.05491217113793,45.1115475893802,0,0.565340816162475,0,1.472501178,47.2158999289452,NA,90.759721388301,236.484191171415,0,68.5291501786788
"China",0,0.08,TRUE,TRUE,50,"BECCS",NA,NA,NA,NA,NA,NA,NA,NA,107.325938487019,5.36629692435097,NA,NA,NA,NA,1.3743344328,NA,NA,NA,NA,NA,87.0642426318861
"China",0,0.08,TRUE,TRUE,50,"BEBCS",NA,NA,NA,NA,NA,NA,NA,NA,131.537964686904,31.0390559743725,NA,0,NA,NA,0.75264329023612,NA,NA,NA,NA,NA,116.279758519933
"Europe",0,0.08,TRUE,TRUE,50,"BES",4757393.26976032,NA,NA,-174.316003494249,-18.9413484528531,-72.7330114984014,NA,47.2981500024191,84.4773368987069,4.05491217113793,72.1107225003607,0,0.1662044862613,0,1.472501178,87.9099600718187,NA,109.095309375847,Inf,0,68.5291501786788
"Europe",0,0.08,TRUE,TRUE,50,"BECCS",NA,NA,NA,NA,NA,NA,NA,NA,107.325938487019,5.36629692435097,NA,NA,NA,NA,1.3743344328,NA,NA,NA,NA,NA,87.0642426318861
"Europe",0,0.08,TRUE,TRUE,50,"BEBCS",NA,NA,NA,NA,NA,NA,NA,NA,131.537964686904,31.0390559743725,NA,0,NA,NA,0.75264329023612,NA,NA,NA,NA,NA,116.279758519933
"India",0,0.08,TRUE,TRUE,50,"BES",2909799.84796316,NA,NA,-149.057165395933,-51.1872916379834,-72.348628396418,NA,22.7280831000404,84.4773368987069,4.05491217113793,42.0999782131913,0,0.848608019638451,0,1.472501178,58.283598886615,NA,88.714514619584,153.948571344772,0,68.5291501786788
"India",0,0.08,TRUE,TRUE,50,"BECCS",NA,NA,NA,NA,NA,NA,NA,NA,107.325938487019,5.36629692435097,NA,NA,NA,NA,1.3743344328,NA,NA,NA,NA,NA,87.0642426318861
"India",0,0.08,TRUE,TRUE,50,"BEBCS",NA,NA,NA,NA,NA,NA,NA,NA,131.537964686904,31.0390559743725,NA,0,NA,NA,0.75264329023612,NA,NA,NA,NA,NA,116.279758519933
"US",50,0.08,TRUE,TRUE,50,"BES",5454613.61388908,NA,NA,-175.180760446015,-18.4729507265723,-108.879727701835,NA,141.736747466328,84.4773368987069,4.05491217113793,121.32051211995,0,0.490647820440492,24.5323910220244,1.472501178,76.4406424659376,NA,142.514494606261,506.452161287969,0,68.5291501786788
"US",50,0.08,TRUE,TRUE,50,"BECCS",80460.5521470354,NA,NA,-131.447521870677,-73.7093016878862,-103.593129351284,55.2624441964286,134.623542037237,107.325938487019,5.36629692435097,120.253531305585,40.5518547686688,2.06081270990346,103.040635495173,1.3743344328,66.8638566391683,NA,199.003688591586,133.161711159755,1.30101812493905,87.0642426318861
"US",50,0.08,TRUE,TRUE,50,"BEBCS",NA,NA,NA,NA,NA,NA,NA,NA,131.537964686904,31.0390559743725,NA,0,NA,NA,0.75264329023612,NA,NA,NA,NA,NA,116.279758519933
"China",50,0.08,TRUE,TRUE,50,"BES",4995916.33161086,NA,NA,-134.352873009004,-37.2645758494839,-58.1956922565523,NA,34.214895325338,84.4773368987069,4.05491217113793,45.1322342988008,0,0.565327025022861,28.2663512511429,1.472501178,47.2024398609685,NA,90.7737700761593,236.527206215716,0,68.5291501786788
"China",50,0.08,TRUE,TRUE,50,"BECCS",50439.4746436496,NA,NA,-74.0021645475274,-18.0252355357403,-46.0151418032042,56.9945063350806,20.6974654573113,107.325938487019,5.36629692435097,43.1046198185967,41.0781531672552,2.11276220037264,105.638110018632,1.3743344328,45.2217565753865,NA,143.251164853753,93.1845942228357,1.33381452043727,87.0642426318861
"China",50,0.08,TRUE,TRUE,50,"BEBCS",214.961986088936,NA,NA,-81.9789602159319,-76.4448949959562,-79.2119276059441,NA,196.689170837402,131.537964686904,31.0390559743725,69.5033756256103,0,1.04237087842209,52.1185439211047,0.75264329023612,25.5898718680281,75.1600528918095,208.492316919277,222.645307267565,1.5527030120644,116.279758519933
"Europe",50,0.08,TRUE,TRUE,50,"BES",4726521.96052716,9849.3194155823,151882.638285697,-175.022639366082,2.58689653863217,-64.4965163149952,NA,47.4713858207583,84.4773368987069,4.05491217113793,72.1367078731113,0,0.16683685518429,8.34184275921449,1.472501178,87.8305978687627,NA,109.112956473954,Inf,0,68.5291501786788
"Europe",50,0.08,TRUE,TRUE,50,"BECCS",30871.3092331364,NA,NA,-65.6858852418636,-22.121554439321,-44.7817556577968,52.5168139482473,20.9240090773942,107.325938487019,5.36629692435097,68.1546013616092,39.7175770770768,1.64912851911152,82.4564259555759,1.3743344328,93.3262322366835,NA,160.488166916323,133.827262049386,1.04111648933808,87.0642426318861
"Europe",50,0.08,TRUE,TRUE,50,"BEBCS",NA,NA,NA,NA,NA,NA,NA,NA,131.537964686904,31.0390559743725,NA,0,NA,NA,0.75264329023612,NA,NA,NA,NA,NA,116.279758519933
"India",50,0.08,TRUE,TRUE,50,"BES",2860851.58944095,NA,NA,-108.149122701513,-8.68408703469882,-29.7955997956347,NA,22.5444570603825,84.4773368987069,4.05491217113793,41.9861938051674,0,0.848626382242416,42.4313191121208,1.472501178,58.2915239672522,NA,88.6372417387716,153.810282358152,0,68.5291501786788
"India",50,0.08,TRUE,TRUE,50,"BECCS",48948.2585222374,NA,NA,-69.9176331808818,-1.38249830883234,-27.8967791947715,50.6272102533385,33.4860068001858,107.325938487019,5.36629692435097,48.7661568339814,39.1434086472031,2.37480683873854,118.740341936927,1.3743344328,53.9646797608568,NA,145.962871994598,84.4775589968394,1.49924674162786,87.0642426318861
"India",50,0.08,TRUE,TRUE,50,"BEBCS",NA,NA,NA,NA,NA,NA,NA,NA,131.537964686904,31.0390559743725,NA,0,NA,NA,0.75264329023612,NA,NA,NA,NA,NA,116.279758519933
"US",100,0.08,TRUE,TRUE,50,"BES",2443989.60908711,NA,NA,-167.524693667914,-3.96477429957304,-85.477832139227,NA,171.080315116939,84.4773368987069,4.05491217113793,125.722047267541,0,0.434338306225904,43.4338306225903,1.472501178,85.3426335755672,NA,145.503650209905,571.46976334691,0,68.5291501786788
"US",100,0.08,TRUE,TRUE,50,"BECCS",2985617.68392425,69954.7648105869,330023.786201823,-124.298857315642,51.7190028486177,-59.1818609932969,393.586079672635,117.53256106506,107.325938487019,5.36629692435097,117.689884159759,102.678199291769,2.09102376712525,209.102376712524,1.3743344328,64.776081157081,NA,242.34299229798,160.404713764438,1.32009076207403,87.0642426318861
"US",100,0.08,TRUE,TRUE,50,"BEBCS",105466.873025233,NA,NA,-145.924616262613,-70.4456225242487,-106.022331671202,NA,138.199253387187,131.537964686904,31.0390559743725,120.789888008078,0,0.859430479469206,85.9430479469206,0.75264329023612,33.3228786314874,58.0786504197439,299.329391721452,331.99849959349,1.42206157849044,116.279758519933
"China",100,0.08,TRUE,TRUE,50,"BES",3450721.87747659,NA,NA,-105.742049347274,-8.8903696165338,-30.4814975647093,NA,36.5834071051288,84.4773368987069,4.05491217113793,45.4875110657696,0,0.56509017384488,56.5090173844883,1.472501178,47.0292451864133,NA,91.0150444277708,237.271774862436,0,68.5291501786788
"China",100,0.08,TRUE,TRUE,50,"BECCS",1506785.19406777,568526.581526814,49304275.7451009,-69.3801315011563,87.6747125687307,-2.41402770214292,392.949193229967,25.3785329985858,107.325938487019,5.36629692435097,43.8067799497878,102.069049496208,2.11229409361849,211.229409361851,1.3743344328,44.9246277933737,NA,188.140570945729,122.413901221733,1.33351899849653,87.0642426318861
"China",100,0.08,TRUE,TRUE,50,"BEBCS",89063.6966967215,NA,NA,-106.937542989215,-15.4485375631295,-43.5518442017145,NA,98.386231504683,131.537964686904,31.0390559743725,54.7579347257024,0,1.04458598778049,104.458598778049,0.75264329023612,19.1514525192496,50.1730598879649,222.099761822857,208.160723614691,1.57675461189216,116.279758519933
"Europe",100,0.08,TRUE,TRUE,50,"BES",3698001.21011013,244197.32268947,3713884.89302565,-175.729275237915,68.7754833814671,-55.7074321502813,NA,53.1625838966213,84.4773368987069,4.05491217113793,72.9903875844912,0,0.190890400147811,19.0890400147811,1.472501178,86.7261644892701,NA,109.692704540804,Inf,0,68.5291501786788
"Europe",100,0.08,TRUE,TRUE,50,"BECCS",1021410.84729548,145402.283292268,6673135.55633342,-115.879716375834,59.5192645222509,-30.2628333082433,384.065487646257,26.038993129887,107.325938487019,5.36629692435097,68.9218489694838,101.36062530683,1.65911829710852,165.911829710852,1.3743344328,86.8000466685735,NA,205.899454262501,170.808081020649,1.0474231673665,87.0642426318861
"Europe",100,0.08,TRUE,TRUE,50,"BEBCS",37981.2123547837,NA,NA,-116.900187633713,-80.8751745706932,-90.8228480123825,NA,49.7369782637112,131.537964686904,31.0390559743725,72.4765467395567,0,0.696404096074068,69.6404096074068,0.75264329023612,31.6488394607829,42.9414703202603,255.249863478226,337.861568930655,1.21570858153535,116.279758519933
"India",100,0.08,TRUE,TRUE,50,"BES",1726568.79167808,1615928.13630266,101189982.429254,-67.2410800070934,33.8191175685858,12.4081807129185,NA,21.9143560859708,84.4773368987069,4.05491217113793,41.815458764417,0,0.848689392339855,84.8689392339854,1.472501178,57.8869493131955,NA,88.5212927376427,153.598342513093,0,68.5291501786788
"India",100,0.08,TRUE,TRUE,50,"BECCS",1183231.056285,1179005.29716154,57029261.9852138,-10.3010989716012,117.48432030416,35.6776782242467,385.929123607655,23.9241221891609,107.325938487019,5.36629692435097,42.5181729842445,101.630381421321,2.37576302719963,237.576302719965,1.3743344328,54.9421653212241,NA,186.883762559642,108.108596696383,1.49985039595937,87.0642426318861
"India",100,0.08,TRUE,TRUE,50,"BEBCS",NA,NA,NA,NA,NA,NA,NA,NA,131.537964686904,31.0390559743725,NA,0,NA,NA,0.75264329023612,NA,NA,NA,NA,NA,116.279758519933
"US",150,0.08,TRUE,TRUE,50,"BES",484121.570729802,31988.9396516281,140299.545904866,-159.868626889812,10.5434021274262,-55.6651324945515,NA,230.893325330453,84.4773368987069,4.05491217113793,134.693998799568,0,0.325283051074254,48.7924576611383,1.472501178,118.768657713722,NA,151.596651469309,752.807713753477,0,68.5291501786788
"US",150,0.08,TRUE,TRUE,50,"BECCS",4801637.59887269,3526384.42011208,12214322.6205594,-123.427025898716,180.823607636087,25.9028137562148,626.853858071511,129.008353328401,107.325938487019,5.36629692435097,119.41125299926,120.273782853515,2.0699813655245,310.497204828675,1.3743344328,67.782880191684,NA,256.398488500526,171.397444788721,1.3068064176291,87.0642426318861
"US",150,0.08,TRUE,TRUE,50,"BEBCS",249314.996433806,NA,NA,-153.714236575455,-1.18077557885886,-96.6122940122799,NA,202.588226444438,131.537964686904,31.0390559743725,130.448233966665,0,0.846965486309967,127.044822946495,0.75264329023612,33.4656681126064,35.9024695565598,341.6263566114,346.816990583347,1.34700370980658,116.279758519933
"China",150,0.08,TRUE,TRUE,50,"BES",859578.787446455,379181.771382533,21486763.6542417,-78.7174625324682,17.4995979220556,-3.84219548249527,NA,40.9333119946366,84.4773368987069,4.05491217113793,46.1399967991956,0,0.564655183355931,84.6982775033899,1.472501178,46.1317728831592,NA,91.4581583234836,238.698551301446,0,68.5291501786788
"China",150,0.08,TRUE,TRUE,50,"BECCS",3194191.84469042,3174812.94879513,185669217.220086,-35.4217298510416,193.374660673202,76.0947823397451,701.366986506261,29.0672070849411,107.325938487019,5.36629692435097,44.3600810627412,128.944592718311,2.11192522620986,316.788783931481,1.3743344328,45.3029076006786,NA,208.098481975562,135.425528049698,1.33328612765775,87.0642426318861
"China",150,0.08,TRUE,TRUE,50,"BEBCS",992800.136104173,497884.904309903,20129089.8904413,-75.1417595049153,30.8083530706788,0.365857572734196,NA,46.3989094052183,131.537964686904,31.0390559743725,46.9598364107827,0,0.985838037116386,147.875705567458,0.75264329023612,22.1469161137549,39.8800929635809,225.414570633126,212.77297862109,1.64835896833546,116.279758519933
"Europe",150,0.08,TRUE,TRUE,50,"BES",1096056.42838654,237968.163892535,3063860.06239224,-169.451372688118,133.844388554113,-9.2829392660321,NA,44.4259512417864,84.4773368987069,4.05491217113793,71.6798926862684,0,0.33196080787947,49.7941211819202,1.472501178,101.13508130815,NA,108.802725695417,Inf,0,68.5291501786788
"Europe",150,0.08,TRUE,TRUE,50,"BECCS",2843371.57586073,2092846.01876799,63747060.9267287,-139.43086088632,188.111347234396,17.9674290467884,904.839409427467,34.7245227448047,107.325938487019,5.36629692435097,70.2246784117184,143.088479179406,1.72090094817638,258.135142226454,1.3743344328,85.8376798228413,NA,237.209652339361,189.837454348557,1.08642736627298,87.0642426318861
"Europe",150,0.08,TRUE,TRUE,50,"BEBCS",817965.265512958,NA,NA,-153.798655478195,-19.9238109764696,-83.8021437692293,NA,93.9941326676624,131.537964686904,31.0390559743725,79.1151199001499,0,0.749573269478509,112.435990421777,0.75264329023612,29.727792690526,15.7262136798991,300.229776592621,322.93028525591,1.18079736360901,116.279758519933
"India",150,0.08,TRUE,TRUE,50,"BES",120620.811780794,118099.16221113,987688.246991165,-26.3330373126738,61.8320713435754,40.7680528724758,NA,55.8239580976921,84.4773368987069,4.05491217113793,53.5128410264817,0,0.845298432138682,126.794764820802,1.472501178,56.0183781479996,NA,96.4651792599968,168.110512137122,0,68.5291501786788
"India",150,0.08,TRUE,TRUE,50,"BECCS",2789179.03618239,2789179.03618239,158983068.215696,19.930457557432,236.351138917153,128.522002267844,639.550848186215,21.2209013283364,107.325938487019,5.36629692435097,41.5802379495974,128.104833054306,2.37603334928573,356.405002392857,1.3743344328,54.4943062902635,NA,205.46476874626,118.843436385609,1.500021053842,87.0642426318861
"India",150,0.08,TRUE,TRUE,50,"BEBCS",NA,NA,NA,NA,NA,NA,NA,NA,131.537964686904,31.0390559743725,NA,0,NA,NA,0.75264329023612,NA,NA,NA,NA,NA,116.279758519933
"US",200,0.08,TRUE,TRUE,50,"BES",137747.607495473,105551.020177126,203801.402962139,-138.196423530291,25.0515785544255,3.44558774963972,NA,152.463060166863,84.4773368987069,4.05491217113793,122.929459025029,0,0.283225100185491,56.6450200370982,1.472501178,158.262275807417,NA,143.607157165123,753.974910706681,0,68.5291501786788
"US",200,0.08,TRUE,TRUE,50,"BECCS",5069583.79623758,4948960.9875247,15335241.814497,-90.6021605481465,309.928212423556,122.492787041654,708.367494220202,136.110239054945,107.325938487019,5.36629692435097,120.476535858242,126.049711708511,2.06166255502465,412.332511004927,1.3743344328,69.3787590148459,NA,261.376324717611,175.717742268601,1.30155464332364,87.0642426318861
"US",200,0.08,TRUE,TRUE,50,"BEBCS",327742.762303099,20488.7378079344,11366.3499515091,-120.303557220565,43.7324756713526,-59.1121867536138,NA,216.101161516724,131.537964686904,31.0390559743725,132.475174227509,0,0.854664792199294,170.932958439858,0.75264329023612,37.8465268864068,27.1605228089052,355.93444538094,346.127669268235,1.35231881751454,116.279758519933
"China",200,0.08,TRUE,TRUE,50,"BES",109655.138828558,109655.138828558,12235990.374703,9.85907521495048,33.9091396709365,23.5209715386351,NA,13.2522257885509,84.4773368987069,4.05491217113793,41.9878338682826,0,0.56742329197654,113.484658395308,1.472501178,40.5563960814551,NA,88.6383555328655,230.02768556529,0,68.5291501786788
"China",200,0.08,TRUE,TRUE,50,"BECCS",3756626.08415503,3756626.08415503,213561861.167471,27.954659742561,299.074608777673,168.841469723032,851.031817370459,28.8371492657641,107.325938487019,5.36629692435097,44.3255723898648,142.178598550801,2.1119482319918,422.38964639836,1.3743344328,45.6482296767037,NA,217.702765215939,141.672961348273,1.33330065150997,87.0642426318861
"China",200,0.08,TRUE,TRUE,50,"BEBCS",1180289.54525747,1161549.91469728,28516568.8661495,-32.896739334855,83.623256093089,41.0460981238446,NA,54.5781756759876,131.537964686904,31.0390559743725,48.186726351398,0,0.995289766202599,199.05795324052,0.75264329023612,21.3941599333994,31.3577319626007,238.367919275265,211.890638378104,1.63582074338455,116.279758519933
"Europe",200,0.08,TRUE,TRUE,50,"BES",209976.950553419,207436.780017104,2402365.22715899,-169.946355880508,124.42541824265,102.69593803494,NA,52.6022350657451,84.4773368987069,4.05491217113793,72.9063352598617,0,0.849787470605428,169.957494121086,1.472501178,94.1770282435614,NA,109.635623211506,Inf,0,68.5291501786788
"Europe",200,0.08,TRUE,TRUE,50,"BECCS",3757765.12047659,3440300.40944506,94148825.6698938,-159.209222052006,329.062640623359,84.7839185693331,1182.316443496,38.394472216459,107.325938487019,5.36629692435097,70.7751708324658,163.042316772872,1.73138544675176,346.277089350356,1.3743344328,85.0165522357117,NA,252.129114098345,200.736233989648,1.09304636789885,87.0642426318861
"Europe",200,0.08,TRUE,TRUE,50,"BEBCS",789651.198730114,54609.8232331028,571731.719333998,-116.606390191758,74.7845765610493,-38.0342034673124,NA,90.7890754508795,131.537964686904,31.0390559743725,78.6343613176323,0,0.746944575134177,149.388915026836,0.75264329023612,36.0689333125472,17.7193301722172,296.942860855872,323.794736774433,1.20148026273404,116.279758519933
"India",200,0.08,TRUE,TRUE,50,"BES",88405.5396250629,88405.5396250629,488639.425303127,14.5750053817459,104.217444754128,79.6697974580811,NA,62.2631783148618,84.4773368987069,4.05491217113793,56.7232146113069,0,0.844654510116966,168.930902023393,1.472501178,55.9943591158394,NA,98.645397267826,172.049195745793,0,68.5291501786788
"India",200,0.08,TRUE,TRUE,50,"BECCS",2821394.30833816,2821394.30833816,159496504.136189,58.7243023394863,355.217957530146,245.928790702032,659.456796854405,21.4143917355347,107.325938487019,5.36629692435097,41.6140702048016,129.436726132229,2.37601400024501,475.202800049,1.3743344328,54.4690224014354,NA,206.458504550683,119.419608936642,1.50000883853851,87.0642426318861
"India",200,0.08,TRUE,TRUE,50,"BEBCS",NA,NA,NA,NA,NA,NA,NA,NA,131.537964686904,31.0390559743725,NA,0,NA,NA,0.75264329023612,NA,NA,NA,NA,NA,116.279758519933
"US",0,0.15,TRUE,TRUE,50,"BES",5535074.16603613,NA,NA,-247.767686784514,-96.2429642755481,-196.727897865857,NA,141.633983766541,144.841685297539,6.95240089428189,121.305097564982,0,0.490953871124919,0,1.472501178,76.371285890949,NA,185.466190341345,657.575149157352,0,68.5291501786788
"US",0,0.15,TRUE,TRUE,50,"BECCS",NA,NA,NA,NA,NA,NA,NA,NA,184.017043828448,9.20085219142243,NA,NA,NA,NA,1.3743344328,NA,NA,NA,NA,NA,87.0642426318861
"US",0,0.15,TRUE,TRUE,50,"BEBCS",NA,NA,NA,NA,NA,NA,NA,NA,214.860192386508,32.7099044135967,NA,0,NA,NA,0.75264329023612,NA,NA,NA,NA,NA,116.279758519933
"China",0,0.15,TRUE,TRUE,50,"BES",5046570.76824062,NA,NA,-223.997036722398,-128.900619204411,-149.689733852274,NA,34.0769839291993,144.841685297539,6.95240089428189,45.1115475893802,0,0.565340816162475,0,1.472501178,47.2158999289452,NA,133.721885403612,348.390286212553,0,68.5291501786788
"China",0,0.15,TRUE,TRUE,50,"BECCS",NA,NA,NA,NA,NA,NA,NA,NA,184.017043828448,9.20085219142243,NA,NA,NA,NA,1.3743344328,NA,NA,NA,NA,NA,87.0642426318861
"China",0,0.15,TRUE,TRUE,50,"BEBCS",NA,NA,NA,NA,NA,NA,NA,NA,214.860192386508,32.7099044135967,NA,0,NA,NA,0.75264329023612,NA,NA,NA,NA,NA,116.279758519933
"Europe",0,0.15,TRUE,TRUE,50,"BES",4757393.26976032,NA,NA,-237.577840616226,-82.2031855748296,-135.994848620373,NA,47.2981500024191,144.841685297539,6.95240089428189,72.1107225003607,0,0.1662044862613,0,1.472501178,87.9099600718187,NA,152.057473391158,Inf,0,68.5291501786788
"Europe",0,0.15,TRUE,TRUE,50,"BECCS",NA,NA,NA,NA,NA,NA,NA,NA,184.017043828448,9.20085219142243,NA,NA,NA,NA,1.3743344328,NA,NA,NA,NA,NA,87.0642426318861
"Europe",0,0.15,TRUE,TRUE,50,"BEBCS",NA,NA,NA,NA,NA,NA,NA,NA,214.860192386508,32.7099044135967,NA,0,NA,NA,0.75264329023612,NA,NA,NA,NA,NA,116.279758519933
"India",0,0.15,TRUE,TRUE,50,"BES",2909799.84796316,NA,NA,-212.319002517909,-114.44912875996,-135.610465518393,NA,22.7280831000404,144.841685297539,6.95240089428189,42.0999782131913,0,0.848608019638451,0,1.472501178,58.283598886615,NA,131.676678634897,228.496577712949,0,68.5291501786788
"India",0,0.15,TRUE,TRUE,50,"BECCS",NA,NA,NA,NA,NA,NA,NA,NA,184.017043828448,9.20085219142243,NA,NA,NA,NA,1.3743344328,NA,NA,NA,NA,NA,87.0642426318861
"India",0,0.15,TRUE,TRUE,50,"BEBCS",NA,NA,NA,NA,NA,NA,NA,NA,214.860192386508,32.7099044135967,NA,0,NA,NA,0.75264329023612,NA,NA,NA,NA,NA,116.279758519933
"US",50,0.15,TRUE,TRUE,50,"BES",5531896.15314825,NA,NA,-238.442597567991,-81.7347878485489,-172.177454139782,NA,141.653218215927,144.841685297539,6.95240089428189,121.30798273239,0,0.491011683284487,24.5505841642242,1.472501178,76.3740306202067,NA,185.468149706438,657.539570974175,0,68.5291501786788
"US",50,0.15,TRUE,TRUE,50,"BECCS",3178.01288788277,NA,NA,-187.433783071385,-167.369714693662,-175.607359206076,14.0394032001495,106.704223680496,184.017043828448,9.20085219142243,116.065633552074,30.127788117428,1.94352449523479,97.1762247617394,1.3743344328,66.6277337215576,NA,246.964137395491,174.698806142692,1.22697253487045,87.0642426318861
"US",50,0.15,TRUE,TRUE,50,"BEBCS",NA,NA,NA,NA,NA,NA,NA,NA,214.860192386508,32.7099044135967,NA,0,NA,NA,0.75264329023612,NA,NA,NA,NA,NA,116.279758519933
"China",50,0.15,TRUE,TRUE,50,"BES",5043853.07597057,NA,NA,-197.61471013098,-100.52641297146,-121.422746673226,NA,34.0813245726004,144.841685297539,6.95240089428189,45.1121986858903,0,0.565340382098134,28.2670191049067,1.472501178,47.2165190995973,NA,133.722327574063,348.391744757974,0,68.5291501786788
"China",50,0.15,TRUE,TRUE,50,"BECCS",2717.69227005424,NA,NA,-139.969803096236,-99.5837426351154,-118.649023755735,14.0290515669461,26.5705147151289,184.017043828448,9.20085219142243,43.9855772072693,30.123092974339,2.11217489544685,105.608744772343,1.3743344328,43.0687976734014,NA,194.51347490206,126.566360434517,1.33344374712554,87.0642426318861
"China",50,0.15,TRUE,TRUE,50,"BEBCS",NA,NA,NA,NA,NA,NA,NA,NA,214.860192386508,32.7099044135967,NA,0,NA,NA,0.75264329023612,NA,NA,NA,NA,NA,116.279758519933
"Europe",50,0.15,TRUE,TRUE,50,"BES",4756017.77937403,NA,NA,-238.284476488059,-60.6749405833444,-127.686920133698,NA,47.3057920538576,144.841685297539,6.95240089428189,72.1118688080764,0,0.166231966198648,8.31159830993238,1.472501178,87.9074365562814,NA,152.058251867761,Inf,0,68.5291501786788
"Europe",50,0.15,TRUE,TRUE,50,"BECCS",1375.49038629185,NA,NA,-128.632513608565,-103.696099576015,-117.374388566161,10.9882683192982,20.7838277704575,184.017043828448,9.20085219142243,68.1335741655686,28.7438987766939,1.64999934085498,82.4999670427492,1.3743344328,90.2210133532236,NA,211.080623492135,175.943166697593,1.04166625053976,87.0642426318861
"Europe",50,0.15,TRUE,TRUE,50,"BEBCS",NA,NA,NA,NA,NA,NA,NA,NA,214.860192386508,32.7099044135967,NA,0,NA,NA,0.75264329023612,NA,NA,NA,NA,NA,116.279758519933
"India",50,0.15,TRUE,TRUE,50,"BES",2907976.33301239,NA,NA,-171.41095982349,-71.9459241566754,-93.1747503147833,NA,22.7223134414521,144.841685297539,6.95240089428189,42.0949517182409,0,0.84860859660431,42.4304298302154,1.472501178,58.2838577650598,NA,131.673265058714,228.490464731133,0,68.5291501786788
"India",50,0.15,TRUE,TRUE,50,"BECCS",1823.51495077711,NA,NA,-127.683938398683,-83.0366924490168,-98.2230097605659,8.51071310043335,31.961700463295,184.017043828448,9.20085219142243,50.1442550694942,27.620165348852,2.37495926937223,118.747963468611,1.3743344328,54.01134320904,NA,197.173489924233,114.106835318046,1.49934297308853,87.0642426318861
"India",50,0.15,TRUE,TRUE,50,"BEBCS",NA,NA,NA,NA,NA,NA,NA,NA,214.860192386508,32.7099044135967,NA,0,NA,NA,0.75264329023612,NA,NA,NA,NA,NA,116.279758519933
"US",100,0.15,TRUE,TRUE,50,"BES",3894222.05191749,NA,NA,-230.78653078989,-67.2266114215496,-148.160134931555,NA,149.498708819971,144.841685297539,6.95240089428189,122.484806322995,0,0.471564205608223,47.1564205608225,1.472501178,78.9623370224425,NA,186.267350147286,692.706832120591,0,68.5291501786788
"US",100,0.15,TRUE,TRUE,50,"BECCS",1640852.11411897,NA,NA,-199.725286494089,-37.451042229378,-132.933105296573,269.672099261517,122.850307100469,184.017043828448,9.20085219142243,118.48754606507,95.1944150677859,2.08462654076756,208.462654076757,1.3743344328,65.504097779402,NA,296.070481421126,196.420708986146,1.31605210907044,87.0642426318861
"US",100,0.15,TRUE,TRUE,50,"BEBCS",NA,NA,NA,NA,NA,NA,NA,NA,214.860192386508,32.7099044135967,NA,0,NA,NA,0.75264329023612,NA,NA,NA,NA,NA,116.279758519933
"China",100,0.15,TRUE,TRUE,50,"BES",4160477.23027968,NA,NA,-171.232383539563,-72.1522067385104,-93.788916686464,NA,36.4972828188185,144.841685297539,6.95240089428189,45.4745924228229,0,0.565098786273511,56.5098786273514,1.472501178,46.9698833008325,NA,133.96843517815,349.196014162534,0,68.5291501786788
"China",100,0.15,TRUE,TRUE,50,"BECCS",886093.537961431,1243.72349774832,180744.103385821,-141.601402214027,6.11620546935558,-75.6678962097215,272.991001552496,23.6684459876068,184.017043828448,9.20085219142243,43.5502668981411,95.2018823708708,2.1124651023196,211.246510231961,1.3743344328,45.0556388472018,NA,241.549682061406,157.150480777788,1.3336269585351,87.0642426318861
"China",100,0.15,TRUE,TRUE,50,"BEBCS",NA,NA,NA,NA,NA,NA,NA,NA,214.860192386508,32.7099044135967,NA,0,NA,NA,0.75264329023612,NA,NA,NA,NA,NA,116.279758519933
"Europe",100,0.15,TRUE,TRUE,50,"BES",4119016.83030863,9940.26789110178,151953.225097896,-238.991112359892,5.51364625949049,-119.748014622333,NA,51.0838826324603,144.841685297539,6.95240089428189,72.6785823948662,0,0.180959282504746,18.0959282504746,1.472501178,86.6287257138703,NA,152.443116474499,Inf,0,68.5291501786788
"Europe",100,0.15,TRUE,TRUE,50,"BECCS",638376.439451776,NA,NA,-167.654818616414,-22.0552806144431,-102.129220597799,272.462121973172,22.9465130885202,184.017043828448,9.20085219142243,68.4579769632784,95.2335851180185,1.65038865298806,165.038865298806,1.3743344328,89.741372204552,NA,259.696220645523,216.561822973512,1.04191202840156,87.0642426318861
"Europe",100,0.15,TRUE,TRUE,50,"BEBCS",NA,NA,NA,NA,NA,NA,NA,NA,214.860192386508,32.7099044135967,NA,0,NA,NA,0.75264329023612,NA,NA,NA,NA,NA,116.279758519933
"India",100,0.15,TRUE,TRUE,50,"BES",2308351.67851631,NA,NA,-130.50291712907,-29.4427195533908,-50.2320652468814,NA,21.5750889198899,144.841685297539,6.95240089428189,41.6334825577928,0,0.848723319056463,84.8723319056463,1.472501178,58.3231715970856,NA,131.359873689428,227.913196492163,0,68.5291501786788
"India",100,0.15,TRUE,TRUE,50,"BECCS",601448.169446863,34355.624662898,2256030.85914887,-82.039088950219,35.830126163976,-37.4233267016157,247.474851315729,27.1829129297261,184.017043828448,9.20085219142243,43.9023799918506,92.1020869881731,2.37543714812558,237.543714812558,1.3743344328,54.2553214857191,NA,239.550399919148,138.596053656665,1.4996446642207,87.0642426318861
"India",100,0.15,TRUE,TRUE,50,"BEBCS",NA,NA,NA,NA,NA,NA,NA,NA,214.860192386508,32.7099044135967,NA,0,NA,NA,0.75264329023612,NA,NA,NA,NA,NA,116.279758519933
"US",150,0.15,TRUE,TRUE,50,"BES",797531.776241689,NA,NA,-223.130464011789,-52.7184349945503,-132.87828534325,NA,223.789447538325,144.841685297539,6.95240089428189,133.628417130749,0,0.332283328324493,49.8424992486739,1.472501178,102.701718730647,NA,193.835161279966,992.580997157489,0,68.5291501786788
"US",150,0.15,TRUE,TRUE,50,"BECCS",4686212.50037535,378556.025118497,1769955.93851015,-189.064768028823,91.6535625580909,-54.6141688948281,602.843819458137,127.363233325919,184.017043828448,9.20085219142243,119.164484998888,120.033521377103,2.07080788616056,310.621182924085,1.3743344328,67.1805505769489,NA,314.636592139281,210.184358976868,1.30732821095995,87.0642426318861
"US",150,0.15,TRUE,TRUE,50,"BEBCS",51329.8894192277,NA,NA,-198.212345145769,-162.126032494402,-178.01077058219,NA,137.0555678468,214.860192386508,32.7099044135967,120.61833517702,0,0.806308058458507,120.946208768776,0.75264329023612,30.8070772362847,38.4243753898747,438.141229537562,456.828921610135,1.29826948818314,116.279758519933
"China",150,0.15,TRUE,TRUE,50,"BES",1953400.32078432,NA,NA,-141.979299654445,-45.762239199921,-67.9311650264911,NA,41.1969521489954,144.841685297539,6.95240089428189,46.1795428223491,0,0.564628819340496,84.694322901074,1.472501178,45.3481410866144,NA,134.447178699758,350.785819183163,0,68.5291501786788
"China",150,0.15,TRUE,TRUE,50,"BECCS",3067714.9084083,1386804.68040157,99583547.6892903,-141.245719723699,111.816153573827,-3.59219768867615,674.213108422167,29.3388031225974,184.017043828448,9.20085219142243,44.4008204683897,127.857796185149,2.11189806660609,316.784709990916,1.3743344328,45.0996049938087,NA,265.929823157239,173.061938806517,1.33326898144325,87.0642426318861
"China",150,0.15,TRUE,TRUE,50,"BEBCS",25455.5390483909,NA,NA,-116.050592521505,-71.5661588866953,-85.2624556990385,NA,131.651880886884,214.860192386508,32.7099044135967,59.7477821330327,0,1.06558454970845,159.837682456268,0.75264329023612,20.2173449669931,42.0003958108382,352.514247538251,288.464880952779,1.54891059794403,116.279758519933
"Europe",150,0.15,TRUE,TRUE,50,"BES",1992677.31317131,140114.771222015,1559914.35051636,-238.469243470983,71.0212436337509,-94.5220765429246,NA,45.0773867901357,144.841685297539,6.95240089428189,71.7776080185192,0,0.250227568896179,37.534135334427,1.472501178,91.5154823330067,NA,151.831249815369,Inf,0,68.5291501786788
"Europe",150,0.15,TRUE,TRUE,50,"BECCS",2474078.02485535,114824.571343952,6028061.61960469,-217.251590728896,107.585686625896,-59.0756533124192,795.736200189206,34.0836291493585,184.017043828448,9.20085219142243,70.128544372402,136.381567047285,1.7032971827757,255.494577416353,1.3743344328,85.1577767108094,NA,290.852064751936,235.344352334292,1.07531387801496,87.0642426318861
"Europe",150,0.15,TRUE,TRUE,50,"BEBCS",290637.931733554,NA,NA,-237.859591952891,-142.480217405928,-186.397046000534,NA,145.299974664923,214.860192386508,32.7099044135967,86.8109961997388,0,0.777584776253542,116.637716438031,0.75264329023612,24.7904362130663,6.55589434821176,435.565164672878,430.568321114138,1.14755179295716,116.279758519933
"India",150,0.15,TRUE,TRUE,50,"BES",151576.643090457,NA,NA,-89.5948744346504,-1.29650680241849,-20.8091913600722,NA,50.5466158081201,144.841685297539,6.95240089428189,51.3645572127166,0,0.84582616636764,126.873924955146,1.472501178,55.4755270893199,NA,137.968408066386,240.253818628181,0,68.5291501786788
"India",150,0.15,TRUE,TRUE,50,"BECCS",2758223.20487271,2670919.39338286,154508334.203402,-28.423702276685,154.696944776969,47.7113810429827,633.35244569466,21.1347793367816,184.017043828448,9.20085219142243,41.5693503493908,128.455802341894,2.37604196148489,356.406294222731,1.3743344328,54.5481355314096,NA,264.304699090675,152.876909817833,1.50002649083641,87.0642426318861
"India",150,0.15,TRUE,TRUE,50,"BEBCS",NA,NA,NA,NA,NA,NA,NA,NA,214.860192386508,32.7099044135967,NA,0,NA,NA,0.75264329023612,NA,NA,NA,NA,NA,116.279758519933
"US",200,0.15,TRUE,TRUE,50,"BES",309352.275489375,NA,NA,-201.458260652267,-38.2102585675511,-96.4197792860331,NA,202.182203070478,144.841685297539,6.95240089428189,130.387330460572,0,0.300043359239752,60.0086718479505,1.472501178,125.752965518408,NA,191.634085505902,968.497953574321,0,68.5291501786788
"US",200,0.15,TRUE,TRUE,50,"BECCS",5051454.68274079,4052212.36210562,13754311.5349376,-172.910991397146,220.75816734556,40.7592317484031,700.895857943252,136.069556469993,184.017043828448,9.20085219142243,120.470433470499,126.897108284559,2.06236433470627,412.47286694125,1.3743344328,68.8718025820769,NA,320.580949774579,215.315349334972,1.30199768605193,87.0642426318861
"US",200,0.15,TRUE,TRUE,50,"BEBCS",174267.20780601,NA,NA,-205.296633359394,-58.7522491862778,-152.927671630303,NA,188.573778852328,214.860192386508,32.7099044135967,128.346066827849,0,0.832755946355649,166.55118927113,0.75264329023612,32.5808620553996,23.8564406711219,467.76438124677,452.145683199559,1.31562599641522,116.279758519933
"China",200,0.15,TRUE,TRUE,50,"BES",1050268.01353138,NA,NA,-115.509980417764,-18.8949779790635,-42.6770641605164,NA,40.8354569909107,144.841685297539,6.95240089428189,46.1253185486366,0,0.564664968856302,112.93299377126,1.472501178,42.3093468086864,NA,134.410354095117,350.667112419521,0,68.5291501786788
"China",200,0.15,TRUE,TRUE,50,"BECCS",3774953.29341496,3531452.63847445,205005708.540592,-54.7683966396217,217.516101678298,86.6827354973889,857.38635754423,28.9304096163341,184.017043828448,9.20085219142243,44.3395614424503,143.768279857699,2.11193890595674,422.387781191349,1.3743344328,45.6206916260549,NA,277.462114183609,180.561816352498,1.33329476386158,87.0642426318861
"China",200,0.15,TRUE,TRUE,50,"BEBCS",221349.461294732,NA,NA,-114.575165892634,-17.8843870635662,-47.235890514847,NA,98.594315689418,214.860192386508,32.7099044135967,54.7891473534126,0,1.03438397729279,206.876795458557,0.75264329023612,19.9640548090094,28.2825033711046,364.152240959233,292.510522970189,1.58638476261772,116.279758519933
"Europe",200,0.15,TRUE,TRUE,50,"BES",373452.345124593,206309.003295958,2399147.23881038,-233.208193002484,61.1635811206737,-17.5714464943584,NA,52.5321318383322,144.841685297539,6.95240089428189,72.8958197757496,0,0.540147321046924,108.029464209385,1.472501178,99.0889952638324,NA,152.590645986954,Inf,0,68.5291501786788
"Europe",200,0.15,TRUE,TRUE,50,"BECCS",3808588.38367765,2338736.18947035,71116082.8028512,-212.189602551104,248.536980014858,1.52008649977159,1195.34538348137,38.920544575575,184.017043828448,9.20085219142243,70.8540816863333,164.616043370438,1.72880071284171,345.760142568346,1.3743344328,84.4479650080905,NA,311.924092743032,248.954927642553,1.09141459144048,87.0642426318861
"Europe",200,0.15,TRUE,TRUE,50,"BEBCS",575352.540957926,NA,NA,-201.599466330587,-70.2438453298491,-132.765408598857,NA,101.487361530039,214.860192386508,32.7099044135967,80.2391042295063,0,0.7425037495136,148.50074990272,0.75264329023612,32.8919817065339,13.6510608215045,417.406418530017,442.41407443495,1.18417191429996,116.279758519933
"India",200,0.15,TRUE,TRUE,50,"BES",96384.0718581491,67882.5201600767,590659.786024407,-48.6868317402307,40.9556076321516,17.3786550434886,NA,60.1981575366642,144.841685297539,6.95240089428189,55.7906611304996,0,0.844861012194786,168.972202438957,1.472501178,55.9911999268523,NA,140.974248729817,245.781154181547,0,68.5291501786788
"India",200,0.15,TRUE,TRUE,50,"BECCS",2813415.77610507,2813415.77610507,159350734.720792,0.727435538206237,273.563763389962,164.801401640919,653.43195762301,21.3702740449884,184.017043828448,9.20085219142243,41.6038667558626,130.056075638128,2.37601841201407,475.203682402811,1.3743344328,54.4755576519719,NA,265.49421283907,153.566856089346,1.50001162374625,87.0642426318861
"India",200,0.15,TRUE,TRUE,50,"BEBCS",NA,NA,NA,NA,NA,NA,NA,NA,214.860192386508,32.7099044135967,NA,0,NA,NA,0.75264329023612,NA,NA,NA,NA,NA,116.279758519933
"US",0,0.02,FALSE,TRUE,50,"BES",5512181.64640698,38575.1360108656,148914.169591735,-140.475145787571,11.0495767213946,-89.4011893089633,NA,141.661821039438,42.4633064836628,2.03823871121581,121.309273155916,0,0.490796471004637,0,1.472501178,76.4096290418336,NA,112.604879933613,400.016704428173,0,68.5291501786788
"US",0,0.02,FALSE,TRUE,50,"BECCS",NA,NA,NA,NA,NA,NA,NA,NA,53.9483651702426,2.69741825851213,NA,NA,NA,NA,1.3743344328,NA,NA,NA,NA,NA,87.0642426318861
"US",0,0.02,FALSE,TRUE,50,"BEBCS",22892.5196291482,NA,NA,-115.11258578605,-81.7839464036078,-95.3158319032209,NA,134.56282807735,73.2650919233,29.8761331729751,120.244424211602,0,0.942412447035558,0,0.75264329023612,34.0575047936323,94.0123126110245,171.891968446654,238.330991866297,1.6331062087809,116.279758519933
"China",0,0.02,FALSE,TRUE,50,"BES",5033860.70199904,NA,NA,-116.704495725455,-21.6080782074678,-42.3692191131918,NA,33.8963126669548,42.4633064836628,2.03823871121581,45.0844469000434,0,0.565358883288698,0,1.472501178,47.216772981748,NA,60.8393347546254,158.542600680731,0,68.5291501786788
"China",0,0.02,FALSE,TRUE,50,"BECCS",NA,NA,NA,NA,NA,NA,NA,NA,53.9483651702426,2.69741825851213,NA,NA,NA,NA,1.3743344328,NA,NA,NA,NA,NA,87.0642426318861
"China",0,0.02,FALSE,TRUE,50,"BEBCS",12710.0662415784,NA,NA,-74.7000897332176,-25.058710081983,-49.732363392622,NA,110.727532492654,73.2650919233,29.8761331729751,56.6091298738981,0,1.01621294042354,0,0.75264329023612,23.9442619622576,86.0737296152937,97.8904964817604,157.240878554339,1.6043841102584,116.279758519933
"Europe",0,0.02,FALSE,TRUE,50,"BES",4757393.26976032,459192.643333944,11840648.2626157,-130.285299619283,25.0893554221131,-28.7023076234373,NA,47.2981500024191,42.4633064836628,2.03823871121581,72.1107225003607,0,0.1662044862613,0,1.472501178,87.9099600718187,NA,79.1933272702908,Inf,0,68.5291501786788
"Europe",0,0.02,FALSE,TRUE,50,"BECCS",NA,NA,NA,NA,NA,NA,NA,NA,53.9483651702426,2.69741825851213,NA,NA,NA,NA,1.3743344328,NA,NA,NA,NA,NA,87.0642426318861
"Europe",0,0.02,FALSE,TRUE,50,"BEBCS",NA,NA,NA,NA,NA,NA,NA,NA,73.2650919233,29.8761331729751,NA,0,NA,NA,0.75264329023612,NA,NA,NA,NA,NA,116.279758519933
"India",0,0.02,FALSE,TRUE,50,"BES",2841243.48933042,NA,NA,-105.026461520966,-7.15658776301723,-27.8294982249609,NA,21.7753981585826,42.4633064836628,2.03823871121581,41.6261369376103,0,0.848703288132595,0,1.472501178,58.2981839075242,NA,58.4907390359245,101.489237896465,0,68.5291501786788
"India",0,0.02,FALSE,TRUE,50,"BECCS",NA,NA,NA,NA,NA,NA,NA,NA,53.9483651702426,2.69741825851213,NA,NA,NA,NA,1.3743344328,NA,NA,NA,NA,NA,87.0642426318861
"India",0,0.02,FALSE,TRUE,50,"BEBCS",68556.3586327883,NA,NA,-65.1530282585563,-15.3858586119737,-39.3987325459843,NA,61.1458716586328,73.2650919233,29.8761331729751,61.208009781053,0,1.04821842781964,0,0.75264329023612,29.4900208404,95.4604814909438,91.5290872582846,156.84212070185,2.0180673856332,116.279758519933
"US",50,0.02,FALSE,TRUE,50,"BES",4564077.61989172,145594.613985537,250774.197082127,-131.150056571048,25.5577531483939,-63.967542161881,NA,142.607336031669,42.4633064836628,2.03823871121581,121.451100404751,0,0.494731994249165,24.7365997124581,1.472501178,77.248503725292,NA,112.701197173255,402.564965841872,0,68.5291501786788
"US",50,0.02,FALSE,TRUE,50,"BECCS",204285.869879865,NA,NA,-102.123390670311,-15.3225947932259,-45.6954113904298,118.26552902293,92.3198377559341,53.9483651702426,2.69741825851213,113.90797566339,47.3726629584173,2.03672017177783,101.836008588891,1.3743344328,70.3950020712405,NA,158.568698309166,107.479956507244,1.28580818925368,87.0642426318861
"US",50,0.02,FALSE,TRUE,50,"BEBCS",766710.676264757,NA,NA,-109.322973252756,-37.1564406443252,-63.5957821663359,NA,149.261046543728,73.2650919233,29.8761331729751,122.449156981559,0,0.913083622654576,45.6541811327289,0.75264329023612,36.3447167791484,79.9957019996214,193.444466943347,248.348404242656,1.57314386832111,116.279758519933
"China",50,0.02,FALSE,TRUE,50,"BES",4518490.84810599,231355.477529833,17499076.066011,-87.6253971308637,6.76612802548229,-13.4393959477954,NA,33.0143230168314,42.4633064836628,2.03823871121581,44.9521484525246,0,0.56544708225371,28.2723541126853,1.472501178,47.7419435869361,NA,60.7494886821776,158.280428503401,0,68.5291501786788
"China",50,0.02,FALSE,TRUE,50,"BECCS",78871.0652800825,77012.3796264678,9781293.19605974,-9.62193373896633,38.7400852002491,15.467885265569,118.587584554444,10.5598759973253,53.9483651702426,2.69741825851213,41.5839813995988,47.4369639325251,2.11377595931863,105.688797965932,1.3743344328,55.4458160605156,NA,105.990743798876,68.9132874951865,1.33445451977187,87.0642426318861
"China",50,0.02,FALSE,TRUE,50,"BEBCS",449208.854854839,58314.0143371954,4418013.69803184,-86.0922689079562,21.1981805518253,-17.0202231443591,NA,49.0134502071219,73.2650919233,29.8761331729751,47.3520175310684,0,0.994733293959913,49.7366646979956,0.75264329023612,20.3058063416216,63.4305484433673,115.675905589569,151.406195244974,1.63766513671646,116.279758519933
"Europe",50,0.02,FALSE,TRUE,50,"BES",4630555.96125263,1275744.74775199,37917231.2944884,-130.991935491116,46.6176004135984,-20.5461591972945,NA,47.9318909753811,42.4633064836628,2.03823871121581,72.2057836463046,0,0.169454130357393,8.47270651786963,1.472501178,87.6884631260373,NA,79.2578848729359,Inf,0,68.5291501786788
"Europe",50,0.02,FALSE,TRUE,50,"BECCS",106535.790765454,64423.5680312211,2540130.27873418,-22.1871819885965,34.6670468894162,3.54537315477492,119.06941138859,20.4519302813539,53.9483651702426,2.69741825851213,68.0837895422032,47.5331645307298,1.62772191449943,81.3860957249716,1.3743344328,94.4220149314913,NA,125.342662884992,105.833310519288,1.02760221874964,87.0642426318861
"Europe",50,0.02,FALSE,TRUE,50,"BEBCS",20301.517742037,NA,NA,-60.5419059941496,-40.1677226137547,-49.1334856792616,NA,48.3748705106489,73.2650919233,29.8761331729751,72.2722305765974,0,0.688387068942456,34.4193534471228,0.75264329023612,31.8198857058677,60.0407308406204,153.290046332649,254.833124603614,1.21946485337444,116.279758519933
"India",50,0.02,FALSE,TRUE,50,"BES",2691666.46187732,2616688.60937654,145063106.85664,-64.1184188265468,35.3466168402674,14.5142518401535,NA,21.9938718558566,42.4633064836628,2.03823871121581,41.6494061396563,0,0.848681440762867,42.4340720381434,1.472501178,58.2311311365401,NA,58.5065415374055,101.519210334901,0,68.5291501786788
"India",50,0.02,FALSE,TRUE,50,"BECCS",38429.3120043339,38429.3120043339,3078899.30468274,18.197523938649,55.4494213112586,34.847024807615,105.551489003799,14.4106985795423,53.9483651702426,2.69741825851213,40.1616047869314,44.8342027300497,2.3767143695606,118.83571847803,1.3743344328,57.6528972753207,NA,103.061953164604,59.5959832944454,1.50045099088422,87.0642426318861
"India",50,0.02,FALSE,TRUE,50,"BEBCS",179704.074081473,155141.531440549,11276330.7543801,-23.5468147810574,37.0068517502536,16.9776288916214,NA,34.9507763737724,73.2650919233,29.8761331729751,48.9862061996556,0,1.05582927571975,52.7914637859874,0.75264329023612,29.8320598489664,86.4815365525988,87.2204610005058,144.176080401666,2.01343167992037,116.279758519933
"US",100,0.02,FALSE,TRUE,50,"BES",1608611.3468683,220917.890464124,270858.071150226,-123.493989792947,40.0659295753932,-38.5425580186013,NA,165.625335289476,42.4633064836628,2.03823871121581,124.903800293421,0,0.431408625862928,43.1408625862928,1.472501178,87.7219248834079,NA,115.045982997713,478.147692725695,0,68.5291501786788
"US",100,0.02,FALSE,TRUE,50,"BECCS",1945452.06786479,1031462.6634031,5294468.15715912,-81.2230708377118,113.782009994243,5.50782353962649,458.972167417983,107.156677927007,53.9483651702426,2.69741825851213,116.133501689051,101.574088591274,2.12721712074724,212.721712074724,1.3743344328,67.1394851739847,NA,199.6263552461,129.817300098168,1.34294010148185,87.0642426318861
"US",100,0.02,FALSE,TRUE,50,"BEBCS",1981010.75130342,70838.0174243223,57679.6496910754,-113.280792955663,36.8441246831143,-33.4786784706725,NA,154.866672168846,73.2650919233,29.8761331729751,123.290000825327,0,0.924906497470005,92.4906497470008,0.75264329023612,36.3145238984501,64.1473738054804,215.618546290646,246.444886569071,1.54002803760046,116.279758519933
"China",100,0.02,FALSE,TRUE,50,"BES",1635513.47934595,1493801.3078466,85627837.8327246,-61.1560778941829,35.1181396783543,13.2843411543203,NA,38.5523288355983,42.4633064836628,2.03823871121581,45.7828493253396,0,0.564893281671835,56.4893281671837,1.472501178,47.0794075073501,NA,61.3136314382074,159.959135068212,0,68.5291501786788
"China",100,0.02,FALSE,TRUE,50,"BECCS",571130.120011454,571130.120011454,60315609.9554534,18.0353148274033,144.44003330472,65.0597060323467,449.973782189486,12.0979023096421,53.9483651702426,2.69741825851213,41.8146853464464,100.145950770652,2.11362215668741,211.36221566874,1.3743344328,52.3039099094592,NA,144.510982775293,93.9654914406626,1.33435742215114,87.0642426318861
"China",100,0.02,FALSE,TRUE,50,"BEBCS",2839927.1688837,2765877.79703481,107674182.973068,-53.033184847675,67.4550711856336,25.0502344447617,NA,35.7000462395778,73.2650919233,29.8761331729751,45.3550069359368,0,0.99141090720176,99.141090720176,0.75264329023612,23.2706978432176,51.134677913574,129.359492579936,149.936242261601,1.64398912998889,116.279758519933
"Europe",100,0.02,FALSE,TRUE,50,"BES",3164990.24861675,1861020.13222608,49811613.6071576,-130.507294019199,112.806187256433,-1.95565391085791,NA,46.3930505799278,42.4633064836628,2.03823871121581,71.9749575869873,0,0.221562658414227,22.1562658414229,1.472501178,92.3645830295924,NA,79.1011270633211,Inf,0,68.5291501786788
"Europe",100,0.02,FALSE,TRUE,50,"BECCS",979582.052461372,678921.925764873,22226827.6565913,-76.3771908763724,116.311989124838,20.4124109576925,463.111340187129,28.2902583944385,53.9483651702426,2.69741825851213,69.2595387591667,102.864810363599,1.64313829685512,164.313829685511,1.3743344328,84.8687138236968,NA,166.458852439166,139.201698677326,1.03733478336813,87.0642426318861
"Europe",100,0.02,FALSE,TRUE,50,"BEBCS",612820.968682207,15502.8318487712,212358.319298708,-130.527940124553,74.7032044693687,-47.6021901809305,NA,83.3203929798302,73.2650919233,29.8761331729751,77.5140589469751,0,0.746515773475632,74.6515773475633,0.75264329023612,30.6144765770047,27.7870399377558,203.108492547029,242.695851503656,1.19736379640107,116.279758519933
"India",100,0.02,FALSE,TRUE,50,"BES",1934786.94086558,1932265.29129591,90065507.0164696,-23.2103761321272,77.849821443552,57.0998739632849,NA,23.2997850181108,42.4633064836628,2.03823871121581,41.9750169128967,0,0.848550849446637,84.855084944664,1.472501178,58.7213511263926,NA,58.7276692200889,101.920564361073,0,68.5291501786788
"India",100,0.02,FALSE,TRUE,50,"BECCS",598714.977523788,598714.977523788,40521782.1417123,40.9184886570129,174.316239924251,81.6555990339062,508.445480596776,18.7358263377018,53.9483651702426,2.69741825851213,40.8103739506553,111.646949042271,2.37628185678478,237.628185678479,1.3743344328,53.1305197771108,NA,152.148633863203,87.9967607952355,1.50017793988938,87.0642426318861
"India",100,0.02,FALSE,TRUE,50,"BEBCS",376297.929573767,376297.929573767,29383467.3045036,23.4234610854716,89.3995621124809,65.8954584891126,NA,25.8198370612492,73.2650919233,29.8761331729751,44.6407400593332,0,1.05943377559777,105.943377559776,0.75264329023612,29.7089431561143,78.0251029288307,92.682500637046,139.556094545338,2.01000390170209,116.279758519933
"US",150,0.02,FALSE,TRUE,50,"BES",261868.245711651,173616.888036711,259842.762519766,-102.234025744644,54.5741060023925,4.61090259086855,NA,207.130114440256,42.4633064836628,2.03823871121581,131.129517166038,0,0.330246427947679,49.5369641921518,1.472501178,130.705000759633,NA,119.273970700292,580.84935167233,0,68.5291501786788
"US",150,0.02,FALSE,TRUE,50,"BECCS",4170338.96530067,3987646.16621045,14376048.7188276,-69.750947312518,242.886614781712,73.3824874120757,816.935942904431,121.472466891121,53.9483651702426,2.69741825851213,118.280870033668,131.43227271604,2.07229799694186,310.84469954128,1.3743344328,68.8967140492622,NA,222.914393226912,149.023331249434,1.3082689374633,87.0642426318861
"US",150,0.02,FALSE,TRUE,50,"BEBCS",1102866.95502427,524098.95604448,510025.337207922,-101.510358997986,81.7573759333258,-4.51106717851197,NA,198.456790408122,73.2650919233,29.8761331729751,129.828518561219,0,0.925127776676001,138.769166501401,0.75264329023612,37.361758307025,52.3277516705572,240.010100841084,254.693596934218,1.47967097478674,116.279758519933
"China",150,0.02,FALSE,TRUE,50,"BES",350425.326995457,350227.505906089,22592041.9571724,-6.33502084927444,55.4262692167509,40.4191689540775,NA,38.3714361144111,42.4633064836628,2.03823871121581,45.7557154171616,0,0.564911370943954,84.736705641593,1.472501178,45.9397239245254,NA,61.2952043506211,159.870485396547,0,68.5291501786788
"China",150,0.02,FALSE,TRUE,50,"BECCS",1453896.6404592,1453896.6404592,131326748.370125,44.2191162123231,250.139981409191,126.619253645533,888.087841767293,14.7493891987169,53.9483651702426,2.69741825851213,42.2124083798075,141.533070168015,2.1133570079985,317.003551199777,1.3743344328,50.0069644223417,NA,174.91467596196,113.750573605937,1.33419003030208,87.0642426318861
"China",150,0.02,FALSE,TRUE,50,"BEBCS",3242248.80078641,3232074.21539642,100397797.492894,-25.7287958956871,113.711961819442,66.7362788933315,NA,42.0549856585687,73.2650919233,29.8761331729751,46.3082478487854,0,1.00908484890529,151.362727335796,0.75264329023612,22.7827511740588,42.0402733285315,142.709303344526,148.311495710603,1.6248518327888,116.279758519933
"Europe",150,0.02,FALSE,TRUE,50,"BES",882113.737532937,849914.08630253,23525584.5395764,-125.420668813152,178.994774099268,41.7867219985947,NA,39.1267760491046,42.4633064836628,2.03823871121581,70.8850164073665,0,0.377461454758281,56.619218213742,1.472501178,100.554065387087,NA,78.3609299104032,Inf,0,68.5291501786788
"Europe",150,0.02,FALSE,TRUE,50,"BECCS",2470975.48419096,2374429.37716432,64171959.1396314,-94.6907423540214,197.956931360259,69.0732060102311,988.597493626903,35.1469964603147,53.9483651702426,2.69741825851213,70.2880494690449,147.276869628828,1.71876381540551,257.814572310826,1.3743344328,85.469336226031,NA,199.522544136483,159.386269298099,1.08507816629137,87.0642426318861
"Europe",150,0.02,FALSE,TRUE,50,"BEBCS",1404304.04803621,771807.899576555,13496377.8508751,-94.3628599131944,130.814255828602,-6.37235646974877,NA,75.1507449907334,73.2650919233,29.8761331729751,76.2886117486094,0,0.764239962985491,114.635994447823,0.75264329023612,37.5135931501755,20.9078927771391,210.62028470089,236.02493370556,1.22282029137311,116.279758519933
"India",150,0.02,FALSE,TRUE,50,"BES",152351.50829454,152351.50829454,3432370.90494453,17.6976665622924,105.862775218542,88.3060422606079,NA,46.0551815621439,42.4633064836628,2.03823871121581,50.3197017759295,0,0.846275309792237,126.941296468835,1.472501178,56.1859927625815,NA,64.3946832691824,112.111489741553,0,68.5291501786788
"India",150,0.02,FALSE,TRUE,50,"BECCS",2446419.08876352,2446419.08876352,132187374.334498,66.1982871363306,293.183058537244,158.669692999549,1000.4858951626,20.2039912189636,53.9483651702426,2.69741825851213,41.0361081698438,154.658947803788,2.37613504029666,356.420256044499,1.3743344328,54.5902763574408,NA,183.609486439395,106.19892509678,1.50008525271254,87.0642426318861
"India",150,0.02,FALSE,TRUE,50,"BEBCS",311029.250905115,311029.250905115,24365398.322048,57.4163628274004,141.792272474708,115.853786045754,NA,30.0029748742003,73.2650919233,29.8761331729751,45.9659236707943,0,1.06085683388549,159.128525082823,0.75264329023612,29.5363657793914,76.2960439506086,96.7405220521112,140.638542531654,2.00636500971406,116.279758519933
"US",200,0.02,FALSE,TRUE,50,"BES",55525.0481019852,52726.2933495253,127481.937974858,-94.1657196553244,69.0822824293917,44.4858444426774,NA,157.177758504933,42.4633064836628,2.03823871121581,123.63666377574,0,0.288718695480678,57.7437390961355,1.472501178,154.880314317161,NA,114.185449548495,601.995353184487,0,68.5291501786788
"US",200,0.02,FALSE,TRUE,50,"BECCS",4851234.07938774,4848667.0994773,15272708.6746848,-28.6086762639156,371.991219569181,164.591296389321,960.379053212708,131.905835067276,53.9483651702426,2.69741825851213,119.845875260091,142.002908738532,2.06644029283959,413.288058567915,1.3743344328,69.7978052487797,NA,231.744588381225,155.410140475337,1.30457089194418,87.0642426318861
"US",200,0.02,FALSE,TRUE,50,"BEBCS",628315.038546617,436300.038800212,367118.59249852,-60.8677616555639,126.670627183537,21.5559543133066,NA,209.771262197888,73.2650919233,29.8761331729751,131.525689329683,0,0.883455335567908,176.691067113581,0.75264329023612,41.5377581590993,37.9940434665848,261.309538676247,267.331732741941,1.39667050181129,116.279758519933
"China",200,0.02,FALSE,TRUE,50,"BES",6480.00509233162,6480.00509233162,302788.591067667,20.9934419573527,77.1237679309735,59.5229225456208,NA,55.7809822151738,42.4633064836628,2.03823871121581,48.3671473322761,0,0.563170416333877,112.634083266775,1.472501178,39.757531806,NA,63.0686711254737,165.0307100135,0,68.5291501786788
"China",200,0.02,FALSE,TRUE,50,"BECCS",2994364.5661454,2994364.5661454,197455471.931681,76.7253379463639,355.839929513662,186.3635559833,1447.68958597904,22.1487127954916,53.9483651702426,2.69741825851213,43.3223069193238,184.026013514368,2.11261707563879,422.523415127765,1.3743344328,47.8342447179751,NA,206.641190880921,134.436542971224,1.33372290128714,87.0642426318861
"China",200,0.02,FALSE,TRUE,50,"BEBCS",2045726.19700331,2045726.19700331,56561639.4257536,27.0461847142924,165.248568415843,110.513628619495,NA,52.1088034472285,73.2650919233,29.8761331729751,47.8163205170844,0,1.00511466542862,201.022933085723,0.75264329023612,21.0159751594499,39.4322659876793,148.178135741691,150.32191716018,1.62643759253843,116.279758519933
"Europe",200,0.02,FALSE,TRUE,50,"BES",156755.728831834,155936.508155582,2127906.648569,-125.915652005541,244.401706137873,147.248251591971,NA,48.5023006554641,42.4633064836628,2.03823871121581,72.2913450983194,0,0.848212160094931,169.642432018986,1.472501178,94.3987098661811,NA,79.3159910756949,Inf,0,68.5291501786788
"Europe",200,0.02,FALSE,TRUE,50,"BECCS",3378698.64173354,3353747.28847156,89860195.494411,-103.16277006939,292.75337089577,134.881330718152,1293.200856016,38.2123723963236,53.9483651702426,2.69741825851213,70.7478558594455,169.467082159306,1.73642663327916,347.285326655838,1.3743344328,84.4567255098375,NA,216.003262643066,170.994493195778,1.09622893515099,87.0642426318861
"Europe",200,0.02,FALSE,TRUE,50,"BEBCS",1221938.8991947,1090999.48239701,15557515.7675698,-57.170594626757,186.925307187835,37.0231553306692,NA,74.7264413896592,73.2650919233,29.8761331729751,76.224966208449,0,0.764325320336156,152.86506406723,0.75264329023612,40.5666062918925,22.9576762762737,207.812275825089,236.66286220208,1.24275743780505,116.279758519933
"India",200,0.02,FALSE,TRUE,50,"BES",31867.455131396,31867.455131396,62116.2141521668,58.6057092567121,139.301861320082,108.227165401191,NA,87.7676456330617,42.4633064836628,2.03823871121581,71.6471468449593,0,0.842104063385145,168.420812677029,1.472501178,55.9550447639998,NA,78.8785053453029,138.021210056289,0,68.5291501786788
"India",200,0.02,FALSE,TRUE,50,"BECCS",2802572.64363893,2802572.64363893,159106422.68423,114.770754322102,412.049877150237,268.117911718751,1137.39052332327,21.3249430943212,53.9483651702426,2.69741825851213,41.5951191291228,163.330564306597,2.37602294510913,475.204589021824,1.3743344328,54.484789561404,NA,190.325921130827,110.090603445855,1.50001448554869,87.0642426318861
"India",200,0.02,FALSE,TRUE,50,"BEBCS",75359.7491928758,75359.7491928758,816604.663109869,76.2216443402261,164.215535397263,142.906097936054,NA,44.3069265447012,73.2650919233,29.8761331729751,47.2190662413896,0,1.14596769443131,229.193538886262,0.75264329023612,28.6242013451639,35.4486490422928,152.677428718353,131.287730336581,1.8663828147967,116.279758519933
"US",0,0.08,FALSE,TRUE,50,"BES",5535074.16603613,NA,NA,-184.505849662537,-32.9811271535716,-133.46606074388,NA,141.633983766541,84.4773368987069,4.05491217113793,121.305097564982,0,0.490953871124919,0,1.472501178,76.371285890949,NA,142.504026326032,505.544428822378,0,68.5291501786788
"US",0,0.08,FALSE,TRUE,50,"BECCS",NA,NA,NA,NA,NA,NA,NA,NA,107.325938487019,5.36629692435097,NA,NA,NA,NA,1.3743344328,NA,NA,NA,NA,NA,87.0642426318861
"US",0,0.08,FALSE,TRUE,50,"BEBCS",NA,NA,NA,NA,NA,NA,NA,NA,131.537964686904,31.0390559743725,NA,0,NA,NA,0.75264329023612,NA,NA,NA,NA,NA,116.279758519933
"China",0,0.08,FALSE,TRUE,50,"BES",5046570.76824062,NA,NA,-160.735199600421,-65.638782082434,-86.4278967302967,NA,34.0769839291993,84.4773368987069,4.05491217113793,45.1115475893802,0,0.565340816162475,0,1.472501178,47.2158999289452,NA,90.759721388301,236.484191171415,0,68.5291501786788
"China",0,0.08,FALSE,TRUE,50,"BECCS",NA,NA,NA,NA,NA,NA,NA,NA,107.325938487019,5.36629692435097,NA,NA,NA,NA,1.3743344328,NA,NA,NA,NA,NA,87.0642426318861
"China",0,0.08,FALSE,TRUE,50,"BEBCS",NA,NA,NA,NA,NA,NA,NA,NA,131.537964686904,31.0390559743725,NA,0,NA,NA,0.75264329023612,NA,NA,NA,NA,NA,116.279758519933
"Europe",0,0.08,FALSE,TRUE,50,"BES",4757393.26976032,NA,NA,-174.316003494249,-18.9413484528531,-72.7330114984014,NA,47.2981500024191,84.4773368987069,4.05491217113793,72.1107225003607,0,0.1662044862613,0,1.472501178,87.9099600718187,NA,109.095309375847,Inf,0,68.5291501786788
"Europe",0,0.08,FALSE,TRUE,50,"BECCS",NA,NA,NA,NA,NA,NA,NA,NA,107.325938487019,5.36629692435097,NA,NA,NA,NA,1.3743344328,NA,NA,NA,NA,NA,87.0642426318861
"Europe",0,0.08,FALSE,TRUE,50,"BEBCS",NA,NA,NA,NA,NA,NA,NA,NA,131.537964686904,31.0390559743725,NA,0,NA,NA,0.75264329023612,NA,NA,NA,NA,NA,116.279758519933
"India",0,0.08,FALSE,TRUE,50,"BES",2909799.84796316,NA,NA,-149.057165395933,-51.1872916379834,-72.348628396418,NA,22.7280831000404,84.4773368987069,4.05491217113793,42.0999782131913,0,0.848608019638451,0,1.472501178,58.283598886615,NA,88.714514619584,153.948571344772,0,68.5291501786788
"India",0,0.08,FALSE,TRUE,50,"BECCS",NA,NA,NA,NA,NA,NA,NA,NA,107.325938487019,5.36629692435097,NA,NA,NA,NA,1.3743344328,NA,NA,NA,NA,NA,87.0642426318861
"India",0,0.08,FALSE,TRUE,50,"BEBCS",NA,NA,NA,NA,NA,NA,NA,NA,131.537964686904,31.0390559743725,NA,0,NA,NA,0.75264329023612,NA,NA,NA,NA,NA,116.279758519933
"US",50,0.08,FALSE,TRUE,50,"BES",5489285.52315418,NA,NA,-175.180760446015,-18.4729507265723,-108.962670677406,NA,142.025706073592,84.4773368987069,4.05491217113793,121.363855911039,0,0.491132814546369,24.5566407273182,1.472501178,76.3767935761611,NA,142.543930094488,505.808372946855,0,68.5291501786788
"US",50,0.08,FALSE,TRUE,50,"BECCS",45788.6428819425,NA,NA,-131.447521870677,-73.7093016878862,-95.5463181488305,54.5869481245677,94.5750772794088,107.325938487019,5.36629692435097,114.246261591911,40.3466008733619,2.02152918081778,101.076459040889,1.3743344328,70.6623206869244,NA,194.483301514967,132.667120138875,1.27621791718294,87.0642426318861
"US",50,0.08,FALSE,TRUE,50,"BEBCS",NA,NA,NA,NA,NA,NA,NA,NA,131.537964686904,31.0390559743725,NA,0,NA,NA,0.75264329023612,NA,NA,NA,NA,NA,116.279758519933
"China",50,0.08,FALSE,TRUE,50,"BES",5027801.90602932,NA,NA,-134.352873009004,-37.2645758494839,-58.2187061578183,NA,34.1611360883749,84.4773368987069,4.05491217113793,45.1241704132564,0,0.565332400946558,28.2666200473278,1.472501178,47.1710932779729,NA,90.76829375759,236.51017578733,0,68.5291501786788
"China",50,0.08,FALSE,TRUE,50,"BECCS",18553.9002252119,NA,NA,-48.8841528993384,-18.0252355357403,-33.0287120159227,54.8969954911557,8.75436839604511,107.325938487019,5.36629692435097,41.3131552594067,40.440810791632,2.11395651007876,105.697825503938,1.3743344328,55.7196639425484,NA,141.483904369808,91.9821325692526,1.3345685038376,87.0642426318861
"China",50,0.08,FALSE,TRUE,50,"BEBCS",214.961986088936,NA,NA,-81.9789602159319,-76.4448949959562,-79.2119276059441,NA,196.689170837402,131.537964686904,31.0390559743725,69.5033756256103,0,1.04237087842209,52.1185439211047,0.75264329023612,25.5898718680281,75.1600528918095,208.492316919277,222.645307267565,1.5527030120644,116.279758519933
"Europe",50,0.08,FALSE,TRUE,50,"BES",4735305.75840031,9849.3194155823,151882.638285697,-175.022639366082,2.58689653863217,-64.4783876561842,NA,47.4233613310887,84.4773368987069,4.05491217113793,72.1295041996609,0,0.166778497873108,8.33892489365539,1.472501178,87.8444407196823,NA,109.108064339701,Inf,0,68.5291501786788
"Europe",50,0.08,FALSE,TRUE,50,"BECCS",22087.5113600194,NA,NA,-65.6858852418636,-22.121554439321,-44.5156429990107,52.5828239606042,21.3196751820325,107.325938487019,5.36629692435097,68.2139512773049,39.7376346506585,1.62782744560064,81.391372280032,1.3743344328,94.7368060602911,NA,160.545945785412,135.545656095204,1.0276688419196,87.0642426318861
"Europe",50,0.08,FALSE,TRUE,50,"BEBCS",NA,NA,NA,NA,NA,NA,NA,NA,131.537964686904,31.0390559743725,NA,0,NA,NA,0.75264329023612,NA,NA,NA,NA,NA,116.279758519933
"India",50,0.08,FALSE,TRUE,50,"BES",2897347.56715083,NA,NA,-108.149122701513,-8.68408703469882,-29.9419846353359,NA,22.7736057265218,84.4773368987069,4.05491217113793,42.1095946816203,0,0.848603467375802,42.43017336879,1.472501178,58.269685747335,NA,88.72104532297,153.960758906763,0,68.5291501786788
"India",50,0.08,FALSE,TRUE,50,"BECCS",12452.28081233,NA,NA,-28.8726422286433,-1.38249830883234,-14.6536881311151,49.2003594417017,11.449520913837,107.325938487019,5.36629692435097,39.7174281370756,38.7098507046626,2.37701048732717,118.850524366359,1.3743344328,57.6153017556349,NA,139.063323811026,80.403498836515,1.50063793391867,87.0642426318861
"India",50,0.08,FALSE,TRUE,50,"BEBCS",NA,NA,NA,NA,NA,NA,NA,NA,131.537964686904,31.0390559743725,NA,0,NA,NA,0.75264329023612,NA,NA,NA,NA,NA,116.279758519933
"US",100,0.08,FALSE,TRUE,50,"BES",3689453.64658787,NA,NA,-167.524693667914,-3.96477429957304,-87.7540418048248,NA,157.182140088925,84.4773368987069,4.05491217113793,123.637321013339,0,0.453131200256571,45.313120025657,1.472501178,79.1024082527008,NA,144.087877995017,548.005046483203,0,68.5291501786788
"US",100,0.08,FALSE,TRUE,50,"BECCS",1686001.48787156,61772.7436748662,326745.941459943,-121.641295414,51.7190028486177,-51.8252427019519,398.459759241111,107.651311079455,107.325938487019,5.36629692435097,116.207696661918,102.924955755016,2.13529757130622,213.529757130622,1.3743344328,66.469887995733,NA,241.444061873834,156.362175544068,1.34804139602666,87.0642426318861
"US",100,0.08,FALSE,TRUE,50,"BEBCS",159619.031577093,NA,NA,-145.924616262613,-70.4456225242487,-102.229996267999,NA,129.861547719929,131.537964686904,31.0390559743725,119.539232157989,0,0.866727832649527,86.6727832649528,0.75264329023612,33.7430129972168,59.4704602890967,295.818477914444,327.178293599815,1.44774091039971,116.279758519933
"China",100,0.08,FALSE,TRUE,50,"BES",4431986.84363432,NA,NA,-105.742049347274,-8.8903696165338,-30.6974911597967,NA,35.0896630921677,84.4773368987069,4.05491217113793,45.263449463825,0,0.565239548246176,56.5239548246176,1.472501178,46.5742525492672,NA,90.8628804734789,236.794161141072,0,68.5291501786788
"China",100,0.08,FALSE,TRUE,50,"BECCS",483809.865826986,265404.154459449,29082893.5649614,-23.5068437744752,87.6747125687307,8.04110950635731,392.551389905915,11.8626327401165,107.325938487019,5.36629692435097,41.7793949110175,101.546949510679,2.11364568364436,211.364568364436,1.3743344328,52.6951209749867,NA,186.28550207497,121.126928524166,1.334372275028,87.0642426318861
"China",100,0.08,FALSE,TRUE,50,"BEBCS",130774.058779809,NA,NA,-106.937542989215,-15.4485375631295,-43.1152634029111,NA,78.9643959224315,131.537964686904,31.0390559743725,51.8446593883647,0,1.02734216864402,102.734216864402,0.75264329023612,18.3492384601439,50.2229613221836,218.162735066626,208.82085404486,1.59719154260013,116.279758519933
"Europe",100,0.08,FALSE,TRUE,50,"BES",3953093.11144266,244197.32268947,3713884.89302565,-175.729275237915,68.7754833814671,-55.0981281680809,NA,51.3205017624855,84.4773368987069,4.05491217113793,72.7140752643705,0,0.188637711600301,18.8637711600302,1.472501178,87.2844250060989,NA,109.505056256205,Inf,0,68.5291501786788
"Europe",100,0.08,FALSE,TRUE,50,"BECCS",766318.945962901,96369.0257426117,3923189.34021795,-115.879716375834,59.5192645222509,-33.8453087390942,390.19605781295,26.987769250957,107.325938487019,5.36629692435097,69.0641653876442,101.881321711838,1.63817035714926,163.817035714926,1.3743344328,85.9753780568224,NA,206.381878923736,173.16814972774,1.03419845779626,87.0642426318861
"Europe",100,0.08,FALSE,TRUE,50,"BEBCS",37981.2123547837,NA,NA,-116.900187633713,-80.8751745706932,-90.8228480123825,NA,49.7369782637112,131.537964686904,31.0390559743725,72.4765467395567,0,0.696404096074068,69.6404096074068,0.75264329023612,31.6488394607829,42.9414703202603,255.249863478226,337.861568930655,1.21570858153535,116.279758519933
"India",100,0.08,FALSE,TRUE,50,"BES",2538593.52010366,2391813.01975929,131399281.037185,-67.2410800070934,33.8191175685858,12.4894708975156,NA,23.3600244855315,84.4773368987069,4.05491217113793,42.2913868919774,0,0.848544825499899,84.8544825499897,1.472501178,58.458624309342,NA,88.8445034315774,154.186888922934,0,68.5291501786788
"India",100,0.08,FALSE,TRUE,50,"BECCS",371206.32785948,367420.297360452,26744070.8287249,-3.99175143595437,117.48432030416,32.1388504075308,412.621136462264,18.2100237924482,107.325938487019,5.36629692435097,40.7315035688672,105.300960089356,2.37633443703931,237.633443703931,1.3743344328,53.2301057731943,NA,188.254541903953,108.876317046323,1.50021113449451,87.0642426318861
"India",100,0.08,FALSE,TRUE,50,"BEBCS",NA,NA,NA,NA,NA,NA,NA,NA,131.537964686904,31.0390559743725,NA,0,NA,NA,0.75264329023612,NA,NA,NA,NA,NA,116.279758519933
"US",150,0.08,FALSE,TRUE,50,"BES",682118.537553887,31988.9396516281,140299.545904866,-159.868626889812,10.5434021274262,-58.2416389157236,NA,226.718058544772,84.4773368987069,4.05491217113793,134.067708781716,0,0.41107566599155,61.6613498987324,1.472501178,102.696969037105,NA,151.171327519006,643.723569269255,0,68.5291501786788
"US",150,0.08,FALSE,TRUE,50,"BECCS",4416068.03323017,2386639.71329734,9995396.26006809,-125.797399295134,180.823607636087,11.7078202723587,840.284572162523,121.67322121804,107.325938487019,5.36629692435097,118.310983182706,135.957985281602,2.06891285565347,310.336928348022,1.3743344328,68.3320958000188,NA,267.010121494264,178.674257414565,1.30613185331658,87.0642426318861
"US",150,0.08,FALSE,TRUE,50,"BEBCS",436887.595252519,NA,NA,-153.714236575455,-1.18077557885886,-86.4680738266466,NA,197.087602628699,131.537964686904,31.0390559743725,129.623140394305,0,0.902789954210556,135.418493131583,0.75264329023612,33.8048601605901,36.5087339367613,339.724581931241,326.479193167839,1.41451091840741,116.279758519933
"China",150,0.08,FALSE,TRUE,50,"BES",1567877.79993832,767676.285455891,49665904.0095396,-78.7174625324682,17.4995979220556,-2.68039806609392,NA,38.6866882681292,84.4773368987069,4.05491217113793,45.803003240219,0,0.564879845728585,84.7319768592872,1.472501178,46.9228773846808,NA,91.2293004020022,237.939320068136,0,68.5291501786788
"China",150,0.08,FALSE,TRUE,50,"BECCS",1679425.32209836,1671251.41153318,140097789.193546,-10.3118259830119,193.374660673202,61.3230513688518,960.156255710974,15.9516971856753,107.325938487019,5.36629692435097,42.3927545778512,150.262108639374,2.1132367771998,316.985516579972,1.3743344328,49.6846334174824,NA,222.178162273427,144.495478967315,1.33411412702007,87.0642426318861
"China",150,0.08,FALSE,TRUE,50,"BEBCS",1799267.64620437,1003865.72936271,30421438.173409,-75.1417595049153,30.8083530706788,0.693815529198103,NA,46.6544190842235,131.537964686904,31.0390559743725,46.9981628626337,0,1.00480881528478,150.721322292716,0.75264329023612,21.4211644243096,38.1265123360794,227.795389146488,208.840975332286,1.62744017131916,116.279758519933
"Europe",150,0.08,FALSE,TRUE,50,"BES",1570399.95142599,261312.968724707,3761328.04602046,-169.451372688118,134.964070224302,-14.9420682296806,NA,39.7934282226015,84.4773368987069,4.05491217113793,70.9850142333899,0,0.2995545248172,44.9331787225799,1.472501178,99.6420163509741,NA,108.330822200018,Inf,0,68.5291501786788
"Europe",150,0.08,FALSE,TRUE,50,"BECCS",2357987.90786453,1607567.22365069,45158278.4241739,-139.43086088632,141.160083483823,11.5471267985041,947.904913190958,35.7149024376696,107.325938487019,5.36629692435097,70.3732353656485,146.752826461609,1.70818518531641,256.227777797459,1.3743344328,85.1376462396774,NA,239.984016529861,193.225424425869,1.0783997382048,87.0642426318861
"Europe",150,0.08,FALSE,TRUE,50,"BEBCS",829005.410469598,NA,NA,-153.798655478195,-19.9238109764696,-83.366373141753,NA,93.3276109888512,131.537964686904,31.0390559743725,79.0151416483282,0,0.749982970210937,112.497445531641,0.75264329023612,29.9342468616802,15.7940967745354,300.006747504824,322.640160736313,1.18158829848258,116.279758519933
"India",150,0.08,FALSE,TRUE,50,"BES",519144.646327718,516622.996758053,28549973.585627,-26.3330373126738,72.9681123179828,50.4073533674335,NA,31.9487849690284,84.4773368987069,4.05491217113793,45.1894252699823,0,0.847685949451551,127.152892417732,1.472501178,56.97613528953,NA,90.812609414311,157.784138522443,0,68.5291501786788
"India",150,0.08,FALSE,TRUE,50,"BECCS",2357782.36104934,2357782.36104934,131307879.710021,48.73224330496,236.351138917153,104.019388666054,966.291756385389,19.8510778431648,107.325938487019,5.36629692435097,40.9776616764748,153.425880995785,2.37617033163424,356.425549745136,1.3743344328,54.6896170045524,NA,223.450545045262,129.240357009838,1.50010753259737,87.0642426318861
"India",150,0.08,FALSE,TRUE,50,"BEBCS",32872.8405861129,32872.8405861129,112903.167037701,12.7193119638707,56.0511054851644,28.9180527153614,NA,73.5305006424052,131.537964686904,31.0390559743725,70.0436690560923,0,1.04620255789779,156.930383684669,0.75264329023612,29.4763399721063,75.1320187759545,209.247425685555,222.373141088431,2.01719396775674,116.279758519933
"US",200,0.08,FALSE,TRUE,50,"BES",142415.110890439,105551.020177126,203801.402962139,-138.196423530291,25.0515785544255,2.72305208523446,NA,156.74563299453,84.4773368987069,4.05491217113793,123.57184494918,0,0.299080545083827,59.8161090167653,1.472501178,155.011037087494,NA,144.043412112655,739.661522849461,0,68.5291501786788
"US",200,0.08,FALSE,TRUE,50,"BECCS",4910308.33829088,4709862.9275405,15197800.1740764,-86.775852419505,309.928212423556,104.329206749669,978.759602383,133.608720058834,107.325938487019,5.36629692435097,120.101308008825,145.712690557274,2.06598054079526,413.196108159049,1.3743344328,69.6393325680838,NA,275.410573252043,184.62824978054,1.30428064444145,87.0642426318861
"US",200,0.08,FALSE,TRUE,50,"BEBCS",482350.716855025,20488.7378079344,11366.3499515091,-120.303557220565,43.7324756713526,-54.6953540331,NA,212.354322667688,131.537964686904,31.0390559743725,131.913148400153,0,0.877779991639242,175.555998327848,0.75264329023612,36.6049521692815,27.6338645311995,354.558803608693,337.383452789665,1.3783587451224,116.279758519933
"China",200,0.08,FALSE,TRUE,50,"BES",111558.451415925,110769.049610114,12251677.2102749,-23.0372619176135,33.9091396709365,23.1007665491544,NA,14.7536154092787,84.4773368987069,4.05491217113793,42.2130423113917,0,0.567273153014467,113.454630602894,1.472501178,40.3914273274982,NA,88.7912983260353,230.495222955997,0,68.5291501786788
"China",200,0.08,FALSE,TRUE,50,"BECCS",3188851.65754674,3188851.65754674,203879085.622837,20.6788859637483,299.074608777673,125.072839056905,1495.23263573151,22.7994523385364,107.325938487019,5.36629692435097,43.4199178507806,189.058201834338,2.11255200168451,422.510400336905,1.3743344328,47.7327938164852,NA,251.154556604724,163.399387935215,1.33368181924528,87.0642426318861
"China",200,0.08,FALSE,TRUE,50,"BEBCS",1746160.65927834,1727027.59748309,38180803.1726282,-32.896739334855,83.623256093089,42.0509549109689,NA,56.538046107581,131.537964686904,31.0390559743725,48.4807069161372,0,1.00911620788562,201.823241577124,0.75264329023612,20.5609483454689,30.7244925657871,239.599870683829,209.382730307397,1.62101629304517,116.279758519933
"Europe",200,0.08,FALSE,TRUE,50,"BES",225001.443709971,217439.753113464,2425943.05629903,-169.946355880508,200.45103155406,97.2706059278784,NA,52.7800268233821,84.4773368987069,4.05491217113793,72.9330040235072,0,0.821653641669515,164.330728333903,1.472501178,94.4051306873289,NA,109.653734411717,Inf,0,68.5291501786788
"Europe",200,0.08,FALSE,TRUE,50,"BECCS",3468746.17062819,3088926.96134341,84769397.2009323,-159.209222052006,236.706918913154,74.4807172313392,1317.75181329011,38.4821561543565,107.325938487019,5.36629692435097,70.7883234231505,172.885705301694,1.7339396178917,346.787923578345,1.3743344328,84.0590577892276,NA,259.30097917301,205.900522488536,1.09465884967911,87.0642426318861
"Europe",200,0.08,FALSE,TRUE,50,"BEBCS",1063645.65542194,80319.4772408213,1063940.14220618,-116.606390191758,74.7845765610493,-32.3854330908632,NA,77.6043063192601,131.537964686904,31.0390559743725,76.6566459478895,0,0.749119123621253,149.823824724251,0.75264329023612,40.4222633568856,16.60214543717,295.799516265069,320.313214516262,1.21270800419748,116.279758519933
"India",200,0.08,FALSE,TRUE,50,"BES",106946.261478861,106946.261478861,734675.069591803,14.5750053817459,104.217444754128,81.8579599361876,NA,57.6215865612509,84.4773368987069,4.05491217113793,54.6211274314238,0,0.845118669292326,169.023733858465,1.472501178,55.9876025789905,NA,97.21783496004,169.462630036064,0,68.5291501786788
"India",200,0.08,FALSE,TRUE,50,"BECCS",2802853.58648434,2802853.58648434,159250468.4919,58.7243023394863,355.217957530146,211.311313359488,1137.4417497389,21.3182875121123,107.325938487019,5.36629692435097,41.5940886012961,164.091690777735,2.37602361066735,475.204722133468,1.3743344328,54.4846060164237,NA,231.659781776517,133.998740232582,1.50001490572434,87.0642426318861
"India",200,0.08,FALSE,TRUE,50,"BEBCS",NA,NA,NA,NA,NA,NA,NA,NA,131.537964686904,31.0390559743725,NA,0,NA,NA,0.75264329023612,NA,NA,NA,NA,NA,116.279758519933
"US",0,0.15,FALSE,TRUE,50,"BES",5535074.16603613,NA,NA,-247.767686784514,-96.2429642755481,-196.727897865857,NA,141.633983766541,144.841685297539,6.95240089428189,121.305097564982,0,0.490953871124919,0,1.472501178,76.371285890949,NA,185.466190341345,657.575149157352,0,68.5291501786788
"US",0,0.15,FALSE,TRUE,50,"BECCS",NA,NA,NA,NA,NA,NA,NA,NA,184.017043828448,9.20085219142243,NA,NA,NA,NA,1.3743344328,NA,NA,NA,NA,NA,87.0642426318861
"US",0,0.15,FALSE,TRUE,50,"BEBCS",NA,NA,NA,NA,NA,NA,NA,NA,214.860192386508,32.7099044135967,NA,0,NA,NA,0.75264329023612,NA,NA,NA,NA,NA,116.279758519933
"China",0,0.15,FALSE,TRUE,50,"BES",5046570.76824062,NA,NA,-223.997036722398,-128.900619204411,-149.689733852274,NA,34.0769839291993,144.841685297539,6.95240089428189,45.1115475893802,0,0.565340816162475,0,1.472501178,47.2158999289452,NA,133.721885403612,348.390286212553,0,68.5291501786788
"China",0,0.15,FALSE,TRUE,50,"BECCS",NA,NA,NA,NA,NA,NA,NA,NA,184.017043828448,9.20085219142243,NA,NA,NA,NA,1.3743344328,NA,NA,NA,NA,NA,87.0642426318861
"China",0,0.15,FALSE,TRUE,50,"BEBCS",NA,NA,NA,NA,NA,NA,NA,NA,214.860192386508,32.7099044135967,NA,0,NA,NA,0.75264329023612,NA,NA,NA,NA,NA,116.279758519933
"Europe",0,0.15,FALSE,TRUE,50,"BES",4757393.26976032,NA,NA,-237.577840616226,-82.2031855748296,-135.994848620373,NA,47.2981500024191,144.841685297539,6.95240089428189,72.1107225003607,0,0.1662044862613,0,1.472501178,87.9099600718187,NA,152.057473391158,Inf,0,68.5291501786788
"Europe",0,0.15,FALSE,TRUE,50,"BECCS",NA,NA,NA,NA,NA,NA,NA,NA,184.017043828448,9.20085219142243,NA,NA,NA,NA,1.3743344328,NA,NA,NA,NA,NA,87.0642426318861
"Europe",0,0.15,FALSE,TRUE,50,"BEBCS",NA,NA,NA,NA,NA,NA,NA,NA,214.860192386508,32.7099044135967,NA,0,NA,NA,0.75264329023612,NA,NA,NA,NA,NA,116.279758519933
"India",0,0.15,FALSE,TRUE,50,"BES",2909799.84796316,NA,NA,-212.319002517909,-114.44912875996,-135.610465518393,NA,22.7280831000404,144.841685297539,6.95240089428189,42.0999782131913,0,0.848608019638451,0,1.472501178,58.283598886615,NA,131.676678634897,228.496577712949,0,68.5291501786788
"India",0,0.15,FALSE,TRUE,50,"BECCS",NA,NA,NA,NA,NA,NA,NA,NA,184.017043828448,9.20085219142243,NA,NA,NA,NA,1.3743344328,NA,NA,NA,NA,NA,87.0642426318861
"India",0,0.15,FALSE,TRUE,50,"BEBCS",NA,NA,NA,NA,NA,NA,NA,NA,214.860192386508,32.7099044135967,NA,0,NA,NA,0.75264329023612,NA,NA,NA,NA,NA,116.279758519933
"US",50,0.15,FALSE,TRUE,50,"BES",5533122.81199199,NA,NA,-238.442597567991,-81.7347878485489,-172.180743804002,NA,141.661978824554,144.841685297539,6.95240089428189,121.309296823684,0,0.491004843533825,24.5502421766911,1.472501178,76.3723970348134,NA,185.469042127655,657.53001239164,0,68.5291501786788
"US",50,0.15,FALSE,TRUE,50,"BECCS",1951.35404413878,NA,NA,-176.15535174002,-167.369714693662,-169.667315417341,15.5043193817139,60.274746170044,184.017043828448,9.20085219142243,109.101211925507,30.7922234727638,1.90356150096333,95.1780750481665,1.3743344328,68.2659409526342,NA,242.380110305086,175.085954260995,1.20174337182028,87.0642426318861
"US",50,0.15,FALSE,TRUE,50,"BEBCS",NA,NA,NA,NA,NA,NA,NA,NA,214.860192386508,32.7099044135967,NA,0,NA,NA,0.75264329023612,NA,NA,NA,NA,NA,116.279758519933
"China",50,0.15,FALSE,TRUE,50,"BES",5045533.98580141,NA,NA,-197.61471013098,-100.52641297146,-121.426031048306,NA,34.0819793559927,144.841685297539,6.95240089428189,45.1122969033992,0,0.565340316619795,28.2670158309897,1.472501178,47.2133362159427,NA,133.722394275204,348.391931082177,0,68.5291501786788
"China",50,0.15,FALSE,TRUE,50,"BECCS",1036.78243921071,NA,NA,-104.549862934687,-99.5837426351154,-102.429596087717,12.9393201828003,9.01492770671845,184.017043828448,9.20085219142243,41.3522391560078,29.6288284774637,2.1139304541477,105.696522707385,1.3743344328,56.07284485824,NA,192.237753306578,124.979983132022,1.33455205438617,87.0642426318861
"China",50,0.15,FALSE,TRUE,50,"BEBCS",NA,NA,NA,NA,NA,NA,NA,NA,214.860192386508,32.7099044135967,NA,0,NA,NA,0.75264329023612,NA,NA,NA,NA,NA,116.279758519933
"Europe",50,0.15,FALSE,TRUE,50,"BES",4756362.18505928,NA,NA,-238.284476488059,-60.6749405833444,-127.686237674315,NA,47.3038779107304,144.841685297539,6.95240089428189,72.1115816866073,0,0.166231284290004,8.3115642145002,1.472501178,87.9078659896273,NA,152.058056878804,Inf,0,68.5291501786788
"Europe",50,0.15,FALSE,TRUE,50,"BECCS",1031.08470104214,NA,NA,-128.632513608565,-103.696099576015,-118.06085933818,11.1626144922697,21.3084269523621,184.017043828448,9.20085219142243,68.2122640428543,28.822976175693,1.62549536537706,81.2747682688531,1.3743344328,90.9175086313846,NA,211.195418896019,178.564476923619,1.02619656905118,87.0642426318861
"Europe",50,0.15,FALSE,TRUE,50,"BEBCS",NA,NA,NA,NA,NA,NA,NA,NA,214.860192386508,32.7099044135967,NA,0,NA,NA,0.75264329023612,NA,NA,NA,NA,NA,116.279758519933
"India",50,0.15,FALSE,TRUE,50,"BES",2909316.29561943,NA,NA,-171.41095982349,-71.9459241566754,-93.1810773942886,NA,22.7303341700308,144.841685297539,6.95240089428189,42.1004237300016,0,0.848607794531452,42.4303897265725,1.472501178,58.2830428009581,NA,131.67698119276,228.497164159292,0,68.5291501786788
"India",50,0.15,FALSE,TRUE,50,"BECCS",483.55234373563,NA,NA,-83.8667737936262,-83.0366924490168,-83.430032787509,8.36424744129181,8.31110534667969,184.017043828448,9.20085219142243,39.246665802002,27.5537335874304,2.37732432888389,118.866216444194,1.3743344328,57.7220461776,NA,189.195794854354,109.374347813011,1.50083606621457,87.0642426318861
"India",50,0.15,FALSE,TRUE,50,"BEBCS",NA,NA,NA,NA,NA,NA,NA,NA,214.860192386508,32.7099044135967,NA,0,NA,NA,0.75264329023612,NA,NA,NA,NA,NA,116.279758519933
"US",100,0.15,FALSE,TRUE,50,"BES",4680820.94342326,NA,NA,-230.78653078989,-67.2266114215496,-149.632911853222,NA,149.576065907202,144.841685297539,6.95240089428189,122.496409886081,0,0.475835932577383,47.5835932577382,1.472501178,77.0739909669419,NA,186.275230319646,681.833480125172,0,68.5291501786788
"US",100,0.15,FALSE,TRUE,50,"BECCS",854253.222613174,NA,NA,-187.300752065913,-37.451042229378,-122.591714001396,262.276956152464,97.4323865952529,184.017043828448,9.20085219142243,114.674857989288,94.3390120976717,2.12010358331689,212.010358331689,1.3743344328,67.629693773747,NA,292.673861985211,190.91967463568,1.33844923189198,87.0642426318861
"US",100,0.15,FALSE,TRUE,50,"BEBCS",NA,NA,NA,NA,NA,NA,NA,NA,214.860192386508,32.7099044135967,NA,0,NA,NA,0.75264329023612,NA,NA,NA,NA,NA,116.279758519933
"China",100,0.15,FALSE,TRUE,50,"BES",4776975.3364399,NA,NA,-171.232383539563,-72.1522067385104,-93.9336413342789,NA,35.3021077805658,144.841685297539,6.95240089428189,45.2953161670849,0,0.565218303777337,56.5218303777336,1.472501178,46.6339306469053,NA,133.846685696101,348.794381765436,0,68.5291501786788
"China",100,0.15,FALSE,TRUE,50,"BECCS",269595.431801149,1243.72349774832,180744.103385821,-87.9871195990401,6.11620546935558,-62.9661510267375,258.570243664456,11.6481197614953,184.017043828448,9.20085219142243,41.7472179642242,93.3799926949371,2.11366713494222,211.366713494222,1.3743344328,54.0122421580727,NA,238.912086347192,155.344173968448,1.33438581751403,87.0642426318861
"China",100,0.15,FALSE,TRUE,50,"BEBCS",NA,NA,NA,NA,NA,NA,NA,NA,214.860192386508,32.7099044135967,NA,0,NA,NA,0.75264329023612,NA,NA,NA,NA,NA,116.279758519933
"Europe",100,0.15,FALSE,TRUE,50,"BES",4286076.91874389,9940.26789110178,151953.225097896,-238.991112359892,5.51364625949049,-119.368377012275,NA,49.9753509637643,144.841685297539,6.95240089428189,72.5123026445618,0,0.179482969968609,17.9482969968609,1.472501178,86.9897148272483,NA,152.33019313509,Inf,0,68.5291501786788
"Europe",100,0.15,FALSE,TRUE,50,"BECCS",471316.351016656,NA,NA,-167.654818616414,-22.0552806144431,-104.604686652999,274.424127346126,23.6148403632307,184.017043828448,9.20085219142243,68.5582260544847,95.4091437830128,1.62933239573782,162.933239573782,1.3743344328,89.6473396305805,NA,259.896905245732,219.238282335163,1.02861893670317,87.0642426318861
"Europe",100,0.15,FALSE,TRUE,50,"BEBCS",NA,NA,NA,NA,NA,NA,NA,NA,214.860192386508,32.7099044135967,NA,0,NA,NA,0.75264329023612,NA,NA,NA,NA,NA,116.279758519933
"India",100,0.15,FALSE,TRUE,50,"BES",2750773.95095877,NA,NA,-130.50291712907,-29.4427195533908,-50.7970317275387,NA,23.064447390799,144.841685297539,6.95240089428189,42.1882826452384,0,0.848574383209374,84.8574383209373,1.472501178,58.3278987885785,NA,131.736647640943,228.610225820143,0,68.5291501786788
"India",100,0.15,FALSE,TRUE,50,"BECCS",159025.897004406,13539.3807725429,1486305.04314581,-64.2640247794403,35.830126163976,-35.3379571585817,256.209438939098,16.5893716148287,184.017043828448,9.20085219142243,40.4884057422243,92.9247484868261,2.37649650225707,237.649650225707,1.3743344328,53.6434428646333,NA,237.664896151557,137.442881768687,1.50031344839462,87.0642426318861
"India",100,0.15,FALSE,TRUE,50,"BEBCS",NA,NA,NA,NA,NA,NA,NA,NA,214.860192386508,32.7099044135967,NA,0,NA,NA,0.75264329023612,NA,NA,NA,NA,NA,116.279758519933
"US",150,0.15,FALSE,TRUE,50,"BES",1274545.24144811,NA,NA,-223.130464011789,-52.7184349945503,-131.135570986982,NA,209.363046004083,144.841685297539,6.95240089428189,131.464456900612,0,0.427053279661833,64.057991949275,1.472501178,88.0649801561787,NA,192.365579956388,820.816081481775,0,68.5291501786788
"US",150,0.15,FALSE,TRUE,50,"BECCS",4204676.40772004,347036.980264875,1752892.58723574,-189.227228301919,91.6535625580909,-67.3995679309,798.405648228782,119.722484838725,184.017043828448,9.20085219142243,118.018372725809,133.910011463384,2.06518429841288,309.777644761933,1.3743344328,67.969067516235,NA,323.899532446514,217.116378408363,1.30377796616975,87.0642426318861
"US",150,0.15,FALSE,TRUE,50,"BEBCS",55852.5168684696,NA,NA,-198.212345145769,-162.126032494402,-178.684855623458,NA,138.813722626657,214.860192386508,32.7099044135967,120.882058393999,0,0.807895739047548,121.184360857132,0.75264329023612,30.8585582050278,37.7243805084859,439.421674219485,456.257497228907,1.29675916135618,116.279758519933
"China",150,0.15,FALSE,TRUE,50,"BES",3636633.25050431,NA,NA,-144.850056948146,-44.3029518696007,-68.2826097367064,NA,40.455321855884,144.841685297539,6.95240089428189,46.0682982783826,0,0.564702982369804,84.7054473554706,1.472501178,44.8743273780337,NA,134.371630682799,350.496573235968,0,68.5291501786788
"China",150,0.15,FALSE,TRUE,50,"BECCS",1383984.57494141,553715.239182346,59025903.5724049,-72.1190993478161,111.816153573827,-9.44515135094439,827.2846838338,14.7594582899369,184.017043828448,9.20085219142243,42.2139187434905,141.196159338042,2.11335600108938,317.003400163409,1.3743344328,50.1794225870581,NA,274.043904534999,178.215084104641,1.33418939462713,87.0642426318861
"China",150,0.15,FALSE,TRUE,50,"BEBCS",25952.9427955171,NA,NA,-133.756877950193,-71.5661588866953,-85.9606913471781,NA,134.445290660478,214.860192386508,32.7099044135967,60.1667935990718,0,1.0648700341431,159.730505121466,0.75264329023612,20.1144668960315,41.9312270345017,353.162868536683,289.072093380985,1.54885195757762,116.279758519933
"Europe",150,0.15,FALSE,TRUE,50,"BES",2506777.15109247,148680.607173215,1706986.74496465,-238.469243470983,71.7022331023255,-94.1807888910445,NA,41.4717375640415,144.841685297539,6.95240089428189,71.2367606346044,0,0.243815756747933,36.5723635121901,1.472501178,92.2776944231887,NA,151.463951376499,Inf,0,68.5291501786788
"Europe",150,0.15,FALSE,TRUE,50,"BECCS",1959978.18693426,49300.9852099359,2036666.82036443,-217.251590728896,59.5855383471288,-64.9115273187755,811.467561427096,35.618259671282,184.017043828448,9.20085219142243,70.3587389506911,138.171281336045,1.68362584739621,252.543877109431,1.3743344328,84.2925118784246,NA,292.321800806594,238.967058438076,1.06289510567943,87.0642426318861
"Europe",150,0.15,FALSE,TRUE,50,"BEBCS",290637.931733554,NA,NA,-237.859591952891,-142.480217405928,-186.397046000534,NA,145.299974664923,214.860192386508,32.7099044135967,86.8109961997388,0,0.777584776253542,116.637716438031,0.75264329023612,24.7904362130663,6.55589434821176,435.565164672878,430.568321114138,1.14755179295716,116.279758519933
"India",150,0.15,FALSE,TRUE,50,"BES",881435.866919037,11354.5255375789,284849.190513188,-89.5948744346504,10.2791469077372,-11.8788533766388,NA,28.9995021908463,144.841685297539,6.95240089428189,44.5578594603633,0,0.847980877729363,127.197131659405,1.472501178,57.2759606161378,NA,133.345866601531,231.583438906733,0,68.5291501786788
"India",150,0.15,FALSE,TRUE,50,"BECCS",2028363.98104408,1777209.07361826,102295507.842877,-23.6333316848172,154.696944776969,29.8041906540001,861.444557173177,19.8727101912651,184.017043828448,9.20085219142243,40.9809065286899,147.248449578787,2.37616816839943,356.425225259914,1.3743344328,54.8262175214333,NA,277.550531387186,160.531020370574,1.50010616691884,87.0642426318861
"India",150,0.15,FALSE,TRUE,50,"BEBCS",NA,NA,NA,NA,NA,NA,NA,NA,214.860192386508,32.7099044135967,NA,0,NA,NA,0.75264329023612,NA,NA,NA,NA,NA,116.279758519933
"US",200,0.15,FALSE,TRUE,50,"BES",373192.091223186,NA,NA,-201.458260652267,-38.2102585675511,-100.263758764624,NA,206.029654999083,144.841685297539,6.95240089428189,130.964448249862,0,0.334417433902518,66.8834867805035,1.472501178,115.611288896555,NA,192.026015779312,903.893107210875,0,68.5291501786788
"US",200,0.15,FALSE,TRUE,50,"BECCS",4905603.85248538,3385149.45849064,12788931.7557942,-171.764411023,220.75816734556,22.7521119099731,977.059044981368,133.307444426394,184.017043828448,9.20085219142243,120.056116663959,146.384677274953,2.06653887770175,413.307775540349,1.3743344328,69.1030263284031,NA,334.459123622697,224.053925905797,1.30463312986221,87.0642426318861
"US",200,0.15,FALSE,TRUE,50,"BEBCS",256278.222327773,NA,NA,-205.296633359394,-58.7522491862778,-152.308482931836,NA,198.377195691158,214.860192386508,32.7099044135967,129.816579353674,0,0.846171920131006,169.234384026201,0.75264329023612,32.4166532012664,23.4271559944748,470.288548042805,447.456570265637,1.33173000329785,116.279758519933
"China",200,0.15,FALSE,TRUE,50,"BES",1294430.82986585,NA,NA,-115.509980417764,-18.8949779790635,-42.744843942759,NA,44.6594818301053,144.841685297539,6.95240089428189,46.6989222745159,0,0.564282566372385,112.856513274477,1.472501178,42.8916512491037,NA,134.799897909717,351.921024319225,0,68.5291501786788
"China",200,0.15,FALSE,TRUE,50,"BECCS",3193009.32936103,2544294.49386236,181568573.090318,-59.8467746447523,217.516101678298,44.5517700108635,1487.36115066313,22.6636254723978,184.017043828448,9.20085219142243,43.3995438208599,189.015647336482,2.11256558437113,422.513116874228,1.3743344328,47.671740313844,NA,309.701246668212,201.485607930655,1.3336903941737,87.0642426318861
"China",200,0.15,FALSE,TRUE,50,"BEBCS",559130.609014194,NA,NA,-114.575165892634,-15.745109122113,-46.9743062407215,NA,75.4518831587669,214.860192386508,32.7099044135967,51.317782473815,0,1.02706537947374,205.413075894749,0.75264329023612,17.8157564589236,28.6847406795266,359.005576877759,291.24907787662,1.59757762468008,116.279758519933
"Europe",200,0.15,FALSE,TRUE,50,"BES",604048.744574622,209874.83625143,2438989.09076271,-233.208193002484,137.612105715577,-44.8144036971054,NA,45.4789989738435,144.841685297539,6.95240089428189,71.8378498460769,0,0.37934150363871,75.868300727742,1.472501178,102.949231613046,NA,151.872161040742,Inf,0,68.5291501786788
"Europe",200,0.15,FALSE,TRUE,50,"BECCS",3517163.27506149,1851414.36579331,53101960.9578218,-212.189602551104,156.181258304653,-8.68324918223869,1328.62912579571,39.0822856634232,184.017043828448,9.20085219142243,70.8783428495106,174.165295790149,1.73086845869995,346.173691739996,1.3743344328,83.4045937373119,NA,318.89001992524,253.939116512263,1.09271998655301,87.0642426318861
"Europe",200,0.15,FALSE,TRUE,50,"BEBCS",636181.250124055,NA,NA,-201.599466330587,-70.2438453298491,-130.421789777115,NA,96.4705110628817,214.860192386508,32.7099044135967,79.4865766594324,0,0.744635079461191,148.927015892238,0.75264329023612,34.3027126245655,13.4051551656233,416.733294992261,440.190997301081,1.18742654397485,116.279758519933
"India",200,0.15,FALSE,TRUE,50,"BES",116299.541692226,87249.7860872147,1009884.74337271,-48.6868317402307,40.9556076321516,19.5191167651695,NA,55.5503432154214,144.841685297539,6.95240089428189,53.7369959267576,0,0.845325793626909,169.065158725382,1.472501178,55.9850401583662,NA,139.579570590048,243.211651333797,0,68.5291501786788
"India",200,0.15,FALSE,TRUE,50,"BECCS",2793500.30627096,2793500.30627096,158929818.630473,7.22903725939761,273.563763389962,130.949872211707,1131.80290526427,21.2837003714685,184.017043828448,9.20085219142243,41.587877360341,163.942201343953,2.37602706938142,475.205413876281,1.3743344328,54.4924330595925,NA,290.138968512763,167.823824679281,1.50001708925594,87.0642426318861
"India",200,0.15,FALSE,TRUE,50,"BEBCS",NA,NA,NA,NA,NA,NA,NA,NA,214.860192386508,32.7099044135967,NA,0,NA,NA,0.75264329023612,NA,NA,NA,NA,NA,116.279758519933
"US",0,0.02,TRUE,FALSE,50,"BES",5512181.64640698,38575.1360108656,148914.169591735,-140.475145787571,11.0495767213946,-89.4011893089633,NA,141.661821039438,42.4633064836628,2.03823871121581,121.309273155916,0,0.490796471004637,0,1.472501178,76.4096290418336,NA,112.604879933613,400.016704428173,0,68.5291501786788
"US",0,0.02,TRUE,FALSE,50,"BECCS",NA,NA,NA,NA,NA,NA,NA,NA,53.9483651702426,2.69741825851213,NA,NA,NA,NA,1.3743344328,NA,NA,NA,NA,NA,87.0642426318861
"US",0,0.02,TRUE,FALSE,50,"BEBCS",22892.5196291482,NA,NA,-115.11258578605,-81.7839464036078,-95.3158319032209,NA,134.56282807735,73.2650919233,29.8761331729751,120.244424211602,0,0.942412447035558,0,0.75264329023612,34.0575047936323,94.0123126110245,171.891968446654,238.330991866297,1.6331062087809,116.279758519933
"China",0,0.02,TRUE,FALSE,50,"BES",5033860.70199904,NA,NA,-116.704495725455,-21.6080782074678,-42.3692191131918,NA,33.8963126669548,42.4633064836628,2.03823871121581,45.0844469000434,0,0.565358883288698,0,1.472501178,47.216772981748,NA,60.8393347546254,158.542600680731,0,68.5291501786788
"China",0,0.02,TRUE,FALSE,50,"BECCS",NA,NA,NA,NA,NA,NA,NA,NA,53.9483651702426,2.69741825851213,NA,NA,NA,NA,1.3743344328,NA,NA,NA,NA,NA,87.0642426318861
"China",0,0.02,TRUE,FALSE,50,"BEBCS",12710.0662415784,NA,NA,-74.7000897332176,-25.058710081983,-49.732363392622,NA,110.727532492654,73.2650919233,29.8761331729751,56.6091298738981,0,1.01621294042354,0,0.75264329023612,23.9442619622576,86.0737296152937,97.8904964817604,157.240878554339,1.6043841102584,116.279758519933
"Europe",0,0.02,TRUE,FALSE,50,"BES",4757393.26976032,459192.643333944,11840648.2626157,-130.285299619283,25.0893554221131,-28.7023076234373,NA,47.2981500024191,42.4633064836628,2.03823871121581,72.1107225003607,0,0.1662044862613,0,1.472501178,87.9099600718187,NA,79.1933272702908,Inf,0,68.5291501786788
"Europe",0,0.02,TRUE,FALSE,50,"BECCS",NA,NA,NA,NA,NA,NA,NA,NA,53.9483651702426,2.69741825851213,NA,NA,NA,NA,1.3743344328,NA,NA,NA,NA,NA,87.0642426318861
"Europe",0,0.02,TRUE,FALSE,50,"BEBCS",NA,NA,NA,NA,NA,NA,NA,NA,73.2650919233,29.8761331729751,NA,0,NA,NA,0.75264329023612,NA,NA,NA,NA,NA,116.279758519933
"India",0,0.02,TRUE,FALSE,50,"BES",2841243.48933042,NA,NA,-105.026461520966,-7.15658776301723,-27.8294982249609,NA,21.7753981585826,42.4633064836628,2.03823871121581,41.6261369376103,0,0.848703288132595,0,1.472501178,58.2981839075242,NA,58.4907390359245,101.489237896465,0,68.5291501786788
"India",0,0.02,TRUE,FALSE,50,"BECCS",NA,NA,NA,NA,NA,NA,NA,NA,53.9483651702426,2.69741825851213,NA,NA,NA,NA,1.3743344328,NA,NA,NA,NA,NA,87.0642426318861
"India",0,0.02,TRUE,FALSE,50,"BEBCS",68556.3586327883,NA,NA,-65.1530282585563,-15.3858586119737,-39.3987325459843,NA,61.1458716586328,73.2650919233,29.8761331729751,61.208009781053,0,1.04821842781964,0,0.75264329023612,29.4900208404,95.4604814909438,91.5290872582846,156.84212070185,2.0180673856332,116.279758519933
"US",50,0.02,TRUE,FALSE,50,"BES",2625491.16674935,145594.613985537,250774.197082127,-131.150056571048,25.5577531483939,-62.7656870908537,NA,158.152394613587,42.4633064836628,2.03823871121581,123.782859192037,0,0.444782040209288,22.2391020104645,1.472501178,83.2796152856001,NA,114.284733283192,450.338031196109,0,68.5291501786788
"US",50,0.02,TRUE,FALSE,50,"BECCS",2350219.18578163,NA,NA,-95.4555809762655,-10.8523090203531,-52.9129684058354,338.80819969289,120.879429921381,53.9483651702426,2.69741825851213,118.191914488207,47.8753380321934,2.09644985734394,104.822492867197,1.3743344328,64.9775746761264,NA,162.05155792787,106.986510978053,1.32351632408077,87.0642426318861
"US",50,0.02,TRUE,FALSE,50,"BEBCS",559363.813505617,NA,NA,-109.322973252756,-37.1564406443252,-62.8661690961543,NA,150.306036808209,73.2650919233,29.8761331729751,122.605905521231,0,0.911951965067579,45.5975982533789,0.75264329023612,36.58300368569,80.7003595822833,192.716487234901,248.976398783968,1.56605902020848,116.279758519933
"China",50,0.02,TRUE,FALSE,50,"BES",3472280.53471362,170828.311423902,12354738.1508828,-87.6253971308637,6.76612802548229,-14.2638439493634,NA,36.1337360289646,42.4633064836628,2.03823871121581,45.4200604043448,0,0.565135140952497,28.256757047625,1.472501178,47.4010046022355,NA,61.0672554580627,159.21289364183,0,68.5291501786788
"China",50,0.02,TRUE,FALSE,50,"BECCS",1213351.27836033,749214.674605684,65868897.544532,-60.0561042067905,38.7400852002491,2.7333686953794,337.603284721565,24.3612034524744,53.9483651702426,2.69741825851213,43.6541805178712,47.8207415932895,2.11239582657311,105.619791328656,1.3743344328,45.2342829066399,NA,107.776318489046,70.1218345717772,1.33358322384667,87.0642426318861
"China",50,0.02,TRUE,FALSE,50,"BEBCS",360938.955167109,57474.0043471988,4372455.85727151,-86.0922689079562,21.1981805518253,-16.1272613263941,NA,50.3493593202125,73.2650919233,29.8761331729751,47.552403898032,0,0.992757965364163,49.6378982682081,0.75264329023612,20.8136075805257,64.1148618191795,115.032935652646,151.91967073276,1.6403694087296,116.279758519933
"Europe",50,0.02,TRUE,FALSE,50,"BES",3901016.21181367,1107364.65151812,30701164.2769451,-130.991935491116,46.6176004135984,-21.4498018729384,NA,52.237911285546,42.4633064836628,2.03823871121581,72.8516866928295,0,0.185959922125207,9.29799610626036,1.472501178,86.6054339085115,NA,79.6965283566725,Inf,0,68.5291501786788
"Europe",50,0.02,TRUE,FALSE,50,"BECCS",836075.540204659,394761.19240539,17611558.0338339,-65.5964309044907,34.6670468894162,-1.60591813677912,327.685119973171,24.2493134021438,53.9483651702426,2.69741825851213,68.6533970103218,47.2721519715505,1.65516792578366,82.7583962891833,1.3743344328,88.2070179846496,NA,125.567204235027,104.417937339157,1.04492924607555,87.0642426318861
"Europe",50,0.02,TRUE,FALSE,50,"BEBCS",20301.517742037,NA,NA,-60.5419059941496,-40.1677226137547,-49.1334856792616,NA,48.3748705106489,73.2650919233,29.8761331729751,72.2722305765974,0,0.688387068942456,34.4193534471228,0.75264329023612,31.8198857058677,60.0407308406204,153.290046332649,254.833124603614,1.21946485337444,116.279758519933
"India",50,0.02,TRUE,FALSE,50,"BES",1889769.48660279,1825216.7582422,108417656.142634,-64.1184188265468,35.3466168402674,14.2924785483983,NA,21.9961111081675,42.4633064836628,2.03823871121581,41.7834399793298,0,0.848681216837634,42.4340608418818,1.472501178,58.1434028807245,NA,58.5975661434805,101.679700052134,0,68.5291501786788
"India",50,0.02,TRUE,FALSE,50,"BECCS",920029.470724082,906377.612939467,40630619.2416032,-16.4695986262816,55.4494213112586,26.5230572168201,335.325643800823,24.5156878191293,53.9483651702426,2.69741825851213,42.541522836766,47.6641505161498,2.37570387063663,118.785193531832,1.3743344328,54.5893204666615,NA,106.852781445986,61.8148085235968,1.49981304964435,87.0642426318861
"India",50,0.02,TRUE,FALSE,50,"BEBCS",100000.890636239,96040.3228616734,10524539.6702451,-3.32407912989424,37.0068517502536,20.500680485652,NA,20.2922239414469,73.2650919233,29.8761331729751,43.9645759492956,0,1.06108348325418,53.0541741627086,0.75264329023612,30.1704786523168,84.3818287161973,83.3382468734899,138.705456636314,2.00891438094721,116.279758519933
"US",100,0.02,TRUE,FALSE,50,"BES",729667.018929929,220171.525673694,270857.638990046,-123.493989792947,40.0659295753932,-33.3929993255383,NA,217.766597253833,42.4633064836628,2.03823871121581,132.724989588075,0,0.353530733021228,35.3530733021226,1.472501178,108.480462155292,NA,120.357482513982,586.783935927947,0,68.5291501786788
"US",100,0.02,TRUE,FALSE,50,"BECCS",4253030.46809555,3663383.0408351,13280254.5409285,-95.7603651532556,117.905465196198,35.3965614067067,534.00628379974,121.440071400258,53.9483651702426,2.69741825851213,118.276010710039,63.7216018303173,2.077242137299,207.7242137299,1.3743344328,66.315743645916,NA,173.642885074858,115.697752293395,1.31139023819381,87.0642426318861
"US",100,0.02,TRUE,FALSE,50,"BEBCS",552376.679010965,16308.6850315008,12443.1722636577,-113.280792955663,36.8441246831143,-39.0325225121652,NA,196.921428047569,73.2650919233,29.8761331729751,129.598214207135,0,0.875922123681393,87.5922123681392,0.75264329023612,38.1841458078583,67.9305586152474,218.973427154926,266.75410570448,1.48119864429678,116.279758519933
"China",100,0.02,TRUE,FALSE,50,"BES",735773.073125906,611054.214721036,37581731.8291733,-61.1560778941829,35.1181396783543,10.0854129010957,NA,49.3709033450798,42.4633064836628,2.03823871121581,47.405635501762,0,0.563811424220887,56.3811424220888,1.472501178,45.6114511756498,NA,62.4156924760306,163.268438958177,0,68.5291501786788
"China",100,0.02,TRUE,FALSE,50,"BECCS",2580278.4609712,2572485.6122536,150809881.601163,-16.7360392771367,144.44003330472,83.9906377354476,609.753262440738,29.2396862720069,53.9483651702426,2.69741825851213,44.385952940801,70.9736095768288,2.11190797829114,211.190797829118,1.3743344328,44.8051858527092,NA,125.155378371734,81.451623408282,1.33327523882018,87.0642426318861
"China",100,0.02,TRUE,FALSE,50,"BEBCS",1730519.23414399,1678946.85835908,65467209.8835495,-53.033184847675,67.4550711856336,25.6681606611088,NA,35.6017821073397,73.2650919233,29.8761331729751,45.3402673161009,0,0.978643901402408,97.8643901402411,0.75264329023612,23.8078406759513,52.4774222572928,127.555870623606,151.832662581047,1.65807284147857,116.279758519933
"Europe",100,0.02,TRUE,FALSE,50,"BES",2290624.6256147,1601919.87523597,39585348.9212078,-130.507294019199,112.145833832361,1.10484504439743,NA,50.9286087716548,42.4633064836628,2.03823871121581,72.6552913157464,0,0.243363998325984,24.3363998325984,1.472501178,93.925281722422,NA,79.5631529950645,Inf,0,68.5291501786788
"Europe",100,0.02,TRUE,FALSE,50,"BECCS",1910426.58135841,1685283.87684998,52448922.8153514,-85.4012998800632,148.968537951393,46.8359975038502,664.978562261481,32.1255413764443,53.9483651702426,2.69741825851213,69.8348312064661,78.178121465891,1.68558754146498,168.558754146498,1.3743344328,82.9359794584944,NA,148.914799205134,121.566894205338,1.06413354890465,87.0642426318861
"Europe",100,0.02,TRUE,FALSE,50,"BEBCS",556342.062787056,10850.8449087197,29934.5820246697,-130.527940124553,74.7032044693687,-48.755565885323,NA,86.2686425455847,73.2650919233,29.8761331729751,77.9562963818382,0,0.740705748476444,74.0705748476443,0.75264329023612,30.3395300146931,27.931850730456,203.503668649734,245.056062564388,1.19745485585037,116.279758519933
"India",100,0.02,TRUE,FALSE,50,"BES",554565.560215431,552043.910645766,19255964.4918013,-23.2103761321272,77.2802967319431,53.5405426974906,NA,30.3378485310463,42.4633064836628,2.03823871121581,44.2103546990118,0,0.847847043095344,84.7847043095348,1.472501178,57.4677382818463,NA,60.2457242271154,104.659458473409,0,68.5291501786788
"India",100,0.02,TRUE,FALSE,50,"BECCS",2324331.54845454,2324331.54845454,138591636.36297,21.7263502815773,174.316239924251,119.674354999124,628.910389279241,20.9666396762994,53.9483651702426,2.69741825851213,41.6165540637695,74.3019000219314,2.37605877545093,237.605877545092,1.3743344328,54.6327149684919,NA,125.562041811673,72.6254941429927,1.50003710571397,87.0642426318861
"India",100,0.02,TRUE,FALSE,50,"BEBCS",30902.7392932365,30902.7392932365,2123155.60791414,41.966586627898,79.4597842015862,60.1881857516101,NA,20.2824695359181,73.2650919233,29.8761331729751,41.0423704303877,0,1.06358355800592,106.358355800593,0.75264329023612,27.529164433381,70.4842610442994,97.9206689788498,135.570815074996,2.00416548940485,116.279758519933
"US",150,0.02,TRUE,FALSE,50,"BES",230439.48159942,169262.446846364,258190.882448291,-102.234025744644,54.5741060023925,7.53591455564178,NA,197.648587863493,42.4633064836628,2.03823871121581,129.707288179524,0,0.29123845315539,43.6857679733085,1.472501178,138.058979956735,NA,118.30811138027,614.323352498049,0,68.5291501786788
"US",150,0.02,TRUE,FALSE,50,"BECCS",4864652.02434822,4804213.3833474,15271797.4168065,-70.8632248172462,247.148782340234,127.497986076239,643.657419480706,130.799262916339,53.9483651702426,2.69741825851213,119.679889437451,74.7576857388688,2.06836582565729,310.254873848595,1.3743344328,68.3264708327183,NA,182.694512058123,122.400985680533,1.30578650609677,87.0642426318861
"US",150,0.02,TRUE,FALSE,50,"BEBCS",439982.660088704,102910.637674671,66784.4531931103,-101.510358997986,81.7573759333258,-23.2410200644585,NA,226.560922777701,73.2650919233,29.8761331729751,134.044138416655,0,0.86180100895505,129.270151343257,0.75264329023612,40.2714260240837,44.4027660811303,256.140724208569,276.598890519586,1.37925507778244,116.279758519933
"China",150,0.02,TRUE,FALSE,50,"BES",138877.007592476,138679.186503108,12084714.3115988,-6.33502084927444,55.4262692167509,37.0090097501652,NA,32.1866865758175,42.4633064836628,2.03823871121581,44.8280029863726,0,0.565529845897813,84.8294768846719,1.472501178,41.5090810467454,NA,60.6651794347503,158.112177336576,0,68.5291501786788
"China",150,0.02,TRUE,FALSE,50,"BECCS",3135209.16110861,3135209.16110861,182305745.610217,19.8932521530583,250.139981409191,175.255487738913,698.009342949955,29.3185876210196,53.9483651702426,2.69741825851213,44.397788143153,85.6161581486791,2.11190008815625,316.785013223439,1.3743344328,45.1302042360496,NA,135.818273388012,88.3903536481838,1.33327025767441,87.0642426318861
"China",150,0.02,TRUE,FALSE,50,"BEBCS",1772484.59953994,1762310.01414997,59926127.8983764,-25.7287958956871,113.711961819442,67.4982035046164,NA,43.7935719488127,73.2650919233,29.8761331729751,46.5690357923219,0,0.983168865533346,147.475329830001,0.75264329023612,23.1971716198728,46.535962943338,137.082598468248,152.342252394876,1.6517515148687,116.279758519933
"Europe",150,0.02,TRUE,FALSE,50,"BES",590240.267404105,576418.189306076,12703276.4975645,-125.420668813152,177.875092429079,47.5805958087402,NA,45.7421989417114,42.4633064836628,2.03823871121581,71.8773298412571,0,0.412730553394473,61.909583009171,1.472501178,102.049887835696,NA,79.0348264401424,Inf,0,68.5291501786788
"Europe",150,0.02,TRUE,FALSE,50,"BECCS",3043133.7019677,2992860.03609686,82432899.8075457,-93.048058537644,289.919831340356,105.366559108073,965.086444168075,34.7633271346429,53.9483651702426,2.69741825851213,70.2304990701937,113.394714617143,1.73086813148815,259.63021972322,1.3743344328,86.0073365009568,NA,174.827168250874,138.601749018795,1.0927197799799,87.0642426318861
"Europe",150,0.02,TRUE,FALSE,50,"BEBCS",1124019.30038849,565134.996936318,7827380.81158534,-94.3628599131944,130.814255828602,-9.81072202583554,NA,83.3430493283017,73.2650919233,29.8761331729751,77.5174573992457,0,0.757893284285691,113.683992642853,0.75264329023612,35.2371703997064,21.9267974271306,210.899222948753,239.485072264983,1.21291276881104,116.279758519933
"India",150,0.02,TRUE,FALSE,50,"BES",100152.604259767,100152.604259767,614773.331633196,17.6976665622924,105.862775218542,83.2611538788479,NA,58.7027310290562,42.4633064836628,2.03823871121581,55.0071263925558,0,0.845010554845545,126.751583226832,1.472501178,56.0182422394503,NA,67.5779911582756,117.83449365196,0,68.5291501786788
"India",150,0.02,TRUE,FALSE,50,"BECCS",2794841.78886703,2794841.78886703,159024004.581291,90.9480322243485,293.183058537244,223.948832121631,642.001676646983,21.2564296363458,53.9483651702426,2.69741825851213,41.5847424924446,88.7151519334231,2.37602979645493,356.404469468237,1.3743344328,54.490040508019,NA,136.026336379966,78.6796867508924,1.50001881089326,87.0642426318861
"India",150,0.02,TRUE,FALSE,50,"BEBCS",14805.4548363956,14805.4548363956,346365.64856752,57.4163628274004,110.299840037632,95.0725039772777,NA,42.3598292512105,73.2650919233,29.8761331729751,46.78555333505,0,1.10543191324505,165.814786986757,0.75264329023612,28.6004450289725,50.5840503928734,131.991780604708,135.642760065646,1.92671375857668,116.279758519933
"US",200,0.02,TRUE,FALSE,50,"BES",53713.2210000209,51650.4726386646,127429.547018878,-94.1657196553244,69.0822824293917,45.7188497332799,NA,153.231720657349,42.4633064836628,2.03823871121581,123.044758098602,0,0.276646522484042,55.3293044968083,1.472501178,157.935848529953,NA,113.783476574904,610.721196815023,0,68.5291501786788
"US",200,0.02,TRUE,FALSE,50,"BECCS",5032322.64407654,5025503.81990833,15426937.6293661,-34.5557085655308,376.392099484271,225.201768964807,697.207615400363,134.568949437332,53.9483651702426,2.69741825851213,120.2453424156,80.0036695267603,2.06297472368548,412.594944737092,1.3743344328,69.5016195988246,NA,186.923058347399,125.799600020098,1.30238303262972,87.0642426318861
"US",200,0.02,TRUE,FALSE,50,"BEBCS",449038.300959656,285250.572676211,235825.87247243,-60.8677616555639,126.670627183537,17.3960422573584,NA,214.700695665174,73.2650919233,29.8761331729751,132.265104349776,0,0.852772273854795,170.554454770959,0.75264329023612,44.6134888941246,37.634428038326,262.769766200507,276.718732161505,1.36583666341786,116.279758519933
"China",200,0.02,TRUE,FALSE,50,"BES",4576.69250496513,4576.69250496513,285588.613549992,53.8897790899167,77.1237679309735,66.1347974663049,NA,38.7482620750155,42.4633064836628,2.03823871121581,45.8122393112523,0,0.564873688347893,112.974737669579,1.472501178,43.4738443028571,NA,61.3335906656442,159.941395684249,0,68.5291501786788
"China",200,0.02,TRUE,FALSE,50,"BECCS",3635516.24383579,3635516.24383579,208542098.352895,79.7237134436099,355.839929513662,265.304701404354,814.784741502173,28.9423243827507,53.9483651702426,2.69741825851213,44.3413486574127,101.676835517883,2.1119377144801,422.387542896021,1.3743344328,45.581126112381,NA,147.463355910509,95.9652497485153,1.33329401166673,87.0642426318861
"China",200,0.02,TRUE,FALSE,50,"BEBCS",1406477.83190035,1406477.83190035,45492212.9820574,27.0461847142924,165.248568415843,109.126456293123,NA,48.8730105730125,73.2650919233,29.8761331729751,47.330951585952,0,0.989178666595465,197.835733319093,0.75264329023612,21.7497874858654,40.013112170392,146.761508333093,152.148565683297,1.64381493662096,116.279758519933
"Europe",200,0.02,TRUE,FALSE,50,"BES",149152.711993652,148611.599153453,2095619.92966895,-125.915652005541,168.456122117616,151.248433835946,NA,47.5521872454104,42.4633064836628,2.03823871121581,72.1488280868113,0,0.868303508134389,173.660701626878,1.472501178,94.2381054907565,NA,79.2192054067682,Inf,0,68.5291501786788
"Europe",200,0.02,TRUE,FALSE,50,"BECCS",3686059.11443664,3666258.9793112,96588377.0476964,-103.16277006939,430.871124729318,171.277347568174,1162.80902107121,38.0738671840445,53.9483651702426,2.69741825851213,70.7270800776035,133.414832185109,1.73323489387833,346.64697877567,1.3743344328,85.4180644839935,NA,189.755629683347,150.446187431061,1.09421394815552,87.0642426318861
"Europe",200,0.02,TRUE,FALSE,50,"BEBCS",922181.443329848,791299.562681208,8863152.44504053,-57.170594626757,186.925307187835,33.5633893532856,NA,86.5735811111708,73.2650919233,29.8761331729751,78.002037166676,0,0.765477622211825,153.095524442366,0.75264329023612,36.6290533245489,24.9820738493263,207.483665156483,238.928263613023,1.23999188514657,116.279758519933
"India",200,0.02,TRUE,FALSE,50,"BES",30975.7234057056,30975.7234057056,52967.7272198159,58.6057092567121,138.277459668699,107.396081120365,NA,89.3554903147972,42.4633064836628,2.03823871121581,72.4464742321511,0,0.841945278916971,168.389055783394,1.472501178,55.9550447639998,NA,79.4213418463082,138.992337024742,0,68.5291501786788
"India",200,0.02,TRUE,FALSE,50,"BECCS",2824173.10048985,2824173.10048985,159549517.58311,114.770754322102,412.049877150237,340.95232834158,661.745224950738,21.4235057448445,53.9483651702426,2.69741825851213,41.6150325289305,90.4565677461648,2.37601308884408,475.202617768814,1.3743344328,54.4670942766205,NA,137.31547373034,79.4263934369032,1.50000826315914,87.0642426318861
"India",200,0.02,TRUE,FALSE,50,"BEBCS",54651.0240676642,54651.0240676642,382658.251162135,76.2216443402261,160.522438662584,141.114698432208,NA,48.227729611519,73.2650919233,29.8761331729751,48.3655203884735,0,1.15700683986955,231.40136797391,0.75264329023612,28.6241970854694,32.595878857577,157.991000743349,131.032473600677,1.8499805955627,116.279758519933
"US",0,0.08,TRUE,FALSE,50,"BES",5535074.16603613,NA,NA,-184.505849662537,-32.9811271535716,-133.46606074388,NA,141.633983766541,84.4773368987069,4.05491217113793,121.305097564982,0,0.490953871124919,0,1.472501178,76.371285890949,NA,142.504026326032,505.544428822378,0,68.5291501786788
"US",0,0.08,TRUE,FALSE,50,"BECCS",NA,NA,NA,NA,NA,NA,NA,NA,107.325938487019,5.36629692435097,NA,NA,NA,NA,1.3743344328,NA,NA,NA,NA,NA,87.0642426318861
"US",0,0.08,TRUE,FALSE,50,"BEBCS",NA,NA,NA,NA,NA,NA,NA,NA,131.537964686904,31.0390559743725,NA,0,NA,NA,0.75264329023612,NA,NA,NA,NA,NA,116.279758519933
"China",0,0.08,TRUE,FALSE,50,"BES",5046570.76824062,NA,NA,-160.735199600421,-65.638782082434,-86.4278967302967,NA,34.0769839291993,84.4773368987069,4.05491217113793,45.1115475893802,0,0.565340816162475,0,1.472501178,47.2158999289452,NA,90.759721388301,236.484191171415,0,68.5291501786788
"China",0,0.08,TRUE,FALSE,50,"BECCS",NA,NA,NA,NA,NA,NA,NA,NA,107.325938487019,5.36629692435097,NA,NA,NA,NA,1.3743344328,NA,NA,NA,NA,NA,87.0642426318861
"China",0,0.08,TRUE,FALSE,50,"BEBCS",NA,NA,NA,NA,NA,NA,NA,NA,131.537964686904,31.0390559743725,NA,0,NA,NA,0.75264329023612,NA,NA,NA,NA,NA,116.279758519933
"Europe",0,0.08,TRUE,FALSE,50,"BES",4757393.26976032,NA,NA,-174.316003494249,-18.9413484528531,-72.7330114984014,NA,47.2981500024191,84.4773368987069,4.05491217113793,72.1107225003607,0,0.1662044862613,0,1.472501178,87.9099600718187,NA,109.095309375847,Inf,0,68.5291501786788
"Europe",0,0.08,TRUE,FALSE,50,"BECCS",NA,NA,NA,NA,NA,NA,NA,NA,107.325938487019,5.36629692435097,NA,NA,NA,NA,1.3743344328,NA,NA,NA,NA,NA,87.0642426318861
"Europe",0,0.08,TRUE,FALSE,50,"BEBCS",NA,NA,NA,NA,NA,NA,NA,NA,131.537964686904,31.0390559743725,NA,0,NA,NA,0.75264329023612,NA,NA,NA,NA,NA,116.279758519933
"India",0,0.08,TRUE,FALSE,50,"BES",2909799.84796316,NA,NA,-149.057165395933,-51.1872916379834,-72.348628396418,NA,22.7280831000404,84.4773368987069,4.05491217113793,42.0999782131913,0,0.848608019638451,0,1.472501178,58.283598886615,NA,88.714514619584,153.948571344772,0,68.5291501786788
"India",0,0.08,TRUE,FALSE,50,"BECCS",NA,NA,NA,NA,NA,NA,NA,NA,107.325938487019,5.36629692435097,NA,NA,NA,NA,1.3743344328,NA,NA,NA,NA,NA,87.0642426318861
"India",0,0.08,TRUE,FALSE,50,"BEBCS",NA,NA,NA,NA,NA,NA,NA,NA,131.537964686904,31.0390559743725,NA,0,NA,NA,0.75264329023612,NA,NA,NA,NA,NA,116.279758519933
"US",50,0.08,TRUE,FALSE,50,"BES",5134018.11610033,NA,NA,-175.180760446015,-18.4729507265723,-108.77456784796,NA,142.800599194415,84.4773368987069,4.05491217113793,121.480089879163,0,0.489052126494098,24.4526063247047,1.472501178,76.7851647763445,NA,142.622866512238,510.612113977075,0,68.5291501786788
"US",50,0.08,TRUE,FALSE,50,"BECCS",401056.049935913,NA,NA,-152.559435537373,-73.4528727760396,-105.1110000823,126.467648816811,126.696209964046,107.325938487019,5.36629692435097,119.064431494607,42.8933511756974,2.06410623470829,103.205311735414,1.3743344328,66.3337062639597,NA,199.842201087923,133.599511294802,1.30309737039664,87.0642426318861
"US",50,0.08,TRUE,FALSE,50,"BEBCS",NA,NA,NA,NA,NA,NA,NA,NA,131.537964686904,31.0390559743725,NA,0,NA,NA,0.75264329023612,NA,NA,NA,NA,NA,116.279758519933
"China",50,0.08,TRUE,FALSE,50,"BES",4774480.22056018,NA,NA,-134.352873009004,-37.2645758494839,-58.3580351561985,NA,34.8004007436544,84.4773368987069,4.05491217113793,45.2200601115482,0,0.565268474481028,28.2634237240514,1.472501178,47.1308503011584,NA,90.8334140438924,236.710200389461,0,68.5291501786788
"China",50,0.08,TRUE,FALSE,50,"BECCS",271875.585694701,NA,NA,-83.7059599513583,-18.0252355357403,-48.7395108117579,136.38969543882,22.1493357040886,107.325938487019,5.36629692435097,43.3224003556133,43.71854136912,2.11261701334796,105.630850667398,1.3743344328,45.3628156569478,NA,145.330839691746,94.5443761435446,1.33372286196209,87.0642426318861
"China",50,0.08,TRUE,FALSE,50,"BEBCS",214.961986088936,NA,NA,-81.9789602159319,-76.4448949959562,-79.2119276059441,NA,196.689170837402,131.537964686904,31.0390559743725,69.5033756256103,0,1.04237087842209,52.1185439211047,0.75264329023612,25.5898718680281,75.1600528918095,208.492316919277,222.645307267565,1.5527030120644,116.279758519933
"Europe",50,0.08,TRUE,FALSE,50,"BES",4602011.80918915,9849.3194155823,151882.638285697,-175.022639366082,2.58689653863217,-64.7736905690852,NA,48.2040059628781,84.4773368987069,4.05491217113793,72.2466008944291,0,0.169681895518774,8.48409477593872,1.472501178,87.5210646192693,NA,109.18758664944,Inf,0,68.5291501786788
"Europe",50,0.08,TRUE,FALSE,50,"BECCS",155381.460571075,NA,NA,-66.9620791259474,-22.121554439321,-48.5071600016905,123.545103981721,20.5983263083726,107.325938487019,5.36629692435097,68.1057489462558,42.6230902299442,1.64332434219089,82.1662171095442,1.3743344328,92.7476974763369,NA,162.566744494921,136.021422332625,1.03745223623162,87.0642426318861
"Europe",50,0.08,TRUE,FALSE,50,"BEBCS",NA,NA,NA,NA,NA,NA,NA,NA,131.537964686904,31.0390559743725,NA,0,NA,NA,0.75264329023612,NA,NA,NA,NA,NA,116.279758519933
"India",50,0.08,TRUE,FALSE,50,"BES",2732835.40848175,NA,NA,-108.149122701513,-8.68408703469882,-29.5331195789989,NA,22.0643942687585,84.4773368987069,4.05491217113793,41.7396408587781,0,0.848674388521579,42.4337194260789,1.472501178,58.3050509235407,NA,88.4698035390115,153.509094619971,0,68.5291501786788
"India",50,0.08,TRUE,FALSE,50,"BECCS",176964.439481431,NA,NA,-68.1230973009426,-1.38249830883234,-29.3724905299423,115.156665350326,33.0071453853003,107.325938487019,5.36629692435097,47.6808015375247,41.8301207830461,2.37485472488002,118.742736244001,1.3743344328,54.0879309579991,NA,147.128059158049,85.149198403121,1.49927697277779,87.0642426318861
"India",50,0.08,TRUE,FALSE,50,"BEBCS",NA,NA,NA,NA,NA,NA,NA,NA,131.537964686904,31.0390559743725,NA,0,NA,NA,0.75264329023612,NA,NA,NA,NA,NA,116.279758519933
"US",100,0.08,TRUE,FALSE,50,"BES",1767328.1891624,NA,NA,-167.524693667914,-3.96477429957304,-87.4054263471116,NA,195.998951212978,84.4773368987069,4.05491217113793,129.459842681947,0,0.400937942118727,40.0937942118729,1.472501178,90.4928711928067,NA,148.042049139733,623.456987960818,0,68.5291501786788
"US",100,0.08,TRUE,FALSE,50,"BECCS",3682219.46594812,535645.989793876,2575988.52987634,-124.56698407514,55.6778867766869,-30.6184007095169,462.654557455567,115.565007354446,107.325938487019,5.36629692435097,117.394751103167,74.4330230589252,2.08670134752766,208.670134752765,1.3743344328,65.231474111184,NA,221.57635165485,146.951732436206,1.31736196182302,87.0642426318861
"US",100,0.08,TRUE,FALSE,50,"BEBCS",85526.5109260327,NA,NA,-145.924616262613,-70.4456225242487,-110.856400236439,NA,145.491246460862,131.537964686904,31.0390559743725,121.883686969129,0,0.834363302998966,83.4363302998966,0.75264329023612,33.4726202560553,56.6953568380147,302.620582349091,341.867292997675,1.38360344872583,116.279758519933
"China",100,0.08,TRUE,FALSE,50,"BES",3038225.80380664,NA,NA,-105.742049347274,-8.8903696165338,-30.7453672369482,NA,37.3507495862296,84.4773368987069,4.05491217113793,45.6026124379346,0,0.565013439596772,56.5013439596775,1.472501178,46.8881503111473,NA,91.0932116807986,237.518552391841,0,68.5291501786788
"China",100,0.08,TRUE,FALSE,50,"BECCS",1928338.87309492,1475609.37154774,98459306.9058889,-62.3289521735336,87.6747125687307,22.916395826979,475.583770978174,26.7210715902578,107.325938487019,5.36629692435097,44.0081607385386,76.4280538381638,2.11215983975932,211.215983975933,1.3743344328,44.8288618391175,NA,169.630072873244,110.378204284747,1.33343424227231,87.0642426318861
"China",100,0.08,TRUE,FALSE,50,"BEBCS",80006.0913395489,NA,NA,-106.937542989215,-15.4485375631295,-43.6549246521247,NA,105.718913280428,131.537964686904,31.0390559743725,55.8578369920642,0,1.0499618576374,104.996185763739,0.75264329023612,19.4122066590807,50.3715405783949,223.297436189486,208.146209423118,1.57005566111452,116.279758519933
"Europe",100,0.08,TRUE,FALSE,50,"BES",3466462.48993886,244197.32268947,3713884.89302565,-175.729275237915,68.7754833814671,-55.2340841103939,NA,54.3266317746887,84.4773368987069,4.05491217113793,73.1649947662011,0,0.196554841787737,19.6554841787737,1.472501178,86.8076755468653,NA,109.811283177153,Inf,0,68.5291501786788
"Europe",100,0.08,TRUE,FALSE,50,"BECCS",1253619.80622686,630862.287331893,25795425.4920029,-121.708383851772,59.5192645222509,-4.68240363892143,458.433734199849,27.9400222474977,107.325938487019,5.36629692435097,69.2070033371252,74.628859518821,1.66373046792347,166.373046792346,1.3743344328,85.4726478360504,NA,186.656240391707,154.393135573852,1.05033489136583,87.0642426318861
"Europe",100,0.08,TRUE,FALSE,50,"BEBCS",37310.9735945363,NA,NA,-114.706029481812,-80.8751745706932,-90.229211022691,NA,48.729906662469,131.537964686904,31.0390559743725,72.3254859993703,0,0.694081562605562,69.4081562605563,0.75264329023612,31.8049984193591,43.4601409580397,254.36002444471,338.674725787924,1.21724900777016,116.279758519933
"India",100,0.08,TRUE,FALSE,50,"BES",1253002.33785046,1168832.44488071,66875921.2549128,-67.2410800070934,33.8191175685858,11.70786592583,NA,23.4526550531454,84.4773368987069,4.05491217113793,42.2461868394744,0,0.848535562443138,84.8535562443134,1.472501178,57.6327455908357,NA,88.8138073254016,154.137245890533,0,68.5291501786788
"India",100,0.08,TRUE,FALSE,50,"BECCS",1656797.51011264,1655638.61285197,92087070.3399539,-2.64419683614551,117.48432030416,59.5548310118461,489.386746094733,22.1776751353889,107.325938487019,5.36629692435097,41.9889134775745,78.2172612438707,2.37593767190501,237.593767190502,1.3743344328,54.8594739541658,NA,169.462690138906,98.0230740845368,1.4999606514552,87.0642426318861
"India",100,0.08,TRUE,FALSE,50,"BEBCS",NA,NA,NA,NA,NA,NA,NA,NA,131.537964686904,31.0390559743725,NA,0,NA,NA,0.75264329023612,NA,NA,NA,NA,NA,116.279758519933
"US",150,0.08,TRUE,FALSE,50,"BES",484121.570729802,31988.9396516281,140299.545904866,-159.868626889812,10.5434021274262,-55.6651324945515,NA,230.893325330453,84.4773368987069,4.05491217113793,134.693998799568,0,0.325283051074254,48.7924576611383,1.472501178,118.768657713722,NA,151.596651469309,752.807713753477,0,68.5291501786788
"US",150,0.08,TRUE,FALSE,50,"BECCS",4801637.59887269,3858652.25283062,13797543.7396155,-123.427025898716,184.921203920723,52.3781556179446,626.853858071511,129.008353328401,107.325938487019,5.36629692435097,119.41125299926,93.7984409917852,2.0699813655245,310.497204828675,1.3743344328,67.782880191684,NA,237.134369644251,158.655714970939,1.3068064176291,87.0642426318861
"US",150,0.08,TRUE,FALSE,50,"BEBCS",249314.996433806,NA,NA,-153.714236575455,-1.18077557885886,-96.6122940122799,NA,202.588226444438,131.537964686904,31.0390559743725,130.448233966665,0,0.846965486309967,127.044822946495,0.75264329023612,33.4656681126064,35.9024695565598,341.6263566114,346.816990583347,1.34700370980658,116.279758519933
"China",150,0.08,TRUE,FALSE,50,"BES",859578.787446455,379181.771382533,21486763.6542417,-78.7174625324682,17.4995979220556,-3.84219548249527,NA,40.9333119946366,84.4773368987069,4.05491217113793,46.1399967991956,0,0.564655183355931,84.6982775033899,1.472501178,46.1317728831592,NA,91.4581583234836,238.698551301446,0,68.5291501786788
"China",150,0.08,TRUE,FALSE,50,"BECCS",3194191.84469042,3174812.94879513,185669217.220086,-35.4217298510416,193.374660673202,96.5042988857536,701.366986506261,29.0672070849411,107.325938487019,5.36629692435097,44.3600810627412,108.535076172302,2.11192522620986,316.788783931481,1.3743344328,45.3029076006786,NA,193.248008860057,125.762782338078,1.33328612765775,87.0642426318861
"China",150,0.08,TRUE,FALSE,50,"BEBCS",992800.136104173,497884.904309903,20129089.8904413,-75.1417595049153,30.8083530706788,0.365857572734196,NA,46.3989094052183,131.537964686904,31.0390559743725,46.9598364107827,0,0.985838037116386,147.875705567458,0.75264329023612,22.1469161137549,39.8800929635809,225.414570633126,212.77297862109,1.64835896833546,116.279758519933
"Europe",150,0.08,TRUE,FALSE,50,"BES",1096056.42838654,237968.163892535,3063860.06239224,-169.451372688118,133.844388554113,-9.2829392660321,NA,44.4259512417864,84.4773368987069,4.05491217113793,71.6798926862684,0,0.33196080787947,49.7941211819202,1.472501178,101.13508130815,NA,108.802725695417,Inf,0,68.5291501786788
"Europe",150,0.08,TRUE,FALSE,50,"BECCS",2843371.57586073,2115815.85465354,64205889.7915104,-139.43086088632,196.965288464225,32.4707750189563,904.839409427467,34.7245227448047,107.325938487019,5.36629692435097,70.2246784117184,128.585133207238,1.72090094817638,258.135142226454,1.3743344328,85.8376798228413,NA,226.656656193711,181.100914074236,1.08642736627298,87.0642426318861
"Europe",150,0.08,TRUE,FALSE,50,"BEBCS",817965.265512958,NA,NA,-153.798655478195,-19.9238109764696,-83.8021437692293,NA,93.9941326676624,131.537964686904,31.0390559743725,79.1151199001499,0,0.749573269478509,112.435990421777,0.75264329023612,29.727792690526,15.7262136798991,300.229776592621,322.93028525591,1.18079736360901,116.279758519933
"India",150,0.08,TRUE,FALSE,50,"BES",120620.811780794,118099.16221113,987688.246991165,-26.3330373126738,61.8320713435754,40.7680528724758,NA,55.8239580976921,84.4773368987069,4.05491217113793,53.5128410264817,0,0.845298432138682,126.794764820802,1.472501178,56.0183781479996,NA,96.4651792599968,168.110512137122,0,68.5291501786788
"India",150,0.08,TRUE,FALSE,50,"BECCS",2789179.03618239,2789179.03618239,158983068.215696,19.930457557432,236.351138917153,148.138544343631,639.550848186215,21.2209013283364,107.325938487019,5.36629692435097,41.5802379495974,108.48829097852,2.37603334928573,356.405002392857,1.3743344328,54.4943062902635,NA,191.191283626762,110.58714319923,1.500021053842,87.0642426318861
"India",150,0.08,TRUE,FALSE,50,"BEBCS",NA,NA,NA,NA,NA,NA,NA,NA,131.537964686904,31.0390559743725,NA,0,NA,NA,0.75264329023612,NA,NA,NA,NA,NA,116.279758519933
"US",200,0.08,TRUE,FALSE,50,"BES",137747.607495473,105551.020177126,203801.402962139,-138.196423530291,25.0515785544255,3.44558774963972,NA,152.463060166863,84.4773368987069,4.05491217113793,122.929459025029,0,0.283225100185491,56.6450200370982,1.472501178,158.262275807417,NA,143.607157165123,753.974910706681,0,68.5291501786788
"US",200,0.08,TRUE,FALSE,50,"BECCS",5069583.79623758,4948960.9875247,15335241.814497,-90.6021605481465,314.164521064759,147.547344839402,708.367494220202,136.110239054945,107.325938487019,5.36629692435097,120.476535858242,100.995153910763,2.06166255502465,412.332511004927,1.3743344328,69.3787590148459,NA,243.146003771126,163.6597900869,1.30155464332364,87.0642426318861
"US",200,0.08,TRUE,FALSE,50,"BEBCS",327742.762303099,20488.7378079344,11366.3499515091,-120.303557220565,43.7324756713526,-59.1121867536138,NA,216.101161516724,131.537964686904,31.0390559743725,132.475174227509,0,0.854664792199294,170.932958439858,0.75264329023612,37.8465268864068,27.1605228089052,355.93444538094,346.127669268235,1.35231881751454,116.279758519933
"China",200,0.08,TRUE,FALSE,50,"BES",109655.138828558,109655.138828558,12235990.374703,9.85907521495048,33.9091396709365,23.5209715386351,NA,13.2522257885509,84.4773368987069,4.05491217113793,41.9878338682826,0,0.56742329197654,113.484658395308,1.472501178,40.5563960814551,NA,88.6383555328655,230.02768556529,0,68.5291501786788
"China",200,0.08,TRUE,FALSE,50,"BECCS",3756626.08415503,3756626.08415503,213561861.167471,27.954659742561,299.074608777673,186.511468143824,851.031817370459,28.8371492657641,107.325938487019,5.36629692435097,44.3255723898648,124.508600130008,2.1119482319918,422.38964639836,1.3743344328,45.6482296767037,NA,204.845633793572,133.307221715004,1.33330065150997,87.0642426318861
"China",200,0.08,TRUE,FALSE,50,"BEBCS",1180289.54525747,1161549.91469728,28516568.8661495,-32.896739334855,83.623256093089,41.0460981238446,NA,54.5781756759876,131.537964686904,31.0390559743725,48.186726351398,0,0.995289766202599,199.05795324052,0.75264329023612,21.3941599333994,31.3577319626007,238.367919275265,211.890638378104,1.63582074338455,116.279758519933
"Europe",200,0.08,TRUE,FALSE,50,"BES",209976.950553419,207436.780017104,2402365.22715899,-169.946355880508,124.42541824265,102.69593803494,NA,52.6022350657451,84.4773368987069,4.05491217113793,72.9063352598617,0,0.849787470605428,169.957494121086,1.472501178,94.1770282435614,NA,109.635623211506,Inf,0,68.5291501786788
"Europe",200,0.08,TRUE,FALSE,50,"BECCS",3757765.12047659,3440300.40944506,94148825.6698938,-159.209222052006,337.916581853188,95.7996869008429,1182.316443496,38.394472216459,107.325938487019,5.36629692435097,70.7751708324658,152.026548441363,1.73138544675176,346.277089350356,1.3743344328,85.0165522357117,NA,244.113766400863,194.100544276013,1.09304636789885,87.0642426318861
"Europe",200,0.08,TRUE,FALSE,50,"BEBCS",789651.198730114,54609.8232331028,571731.719333998,-116.606390191758,74.7845765610493,-38.0342034673124,NA,90.7890754508795,131.537964686904,31.0390559743725,78.6343613176323,0,0.746944575134177,149.388915026836,0.75264329023612,36.0689333125472,17.7193301722172,296.942860855872,323.794736774433,1.20148026273404,116.279758519933
"India",200,0.08,TRUE,FALSE,50,"BES",88405.5396250629,88405.5396250629,488639.425303127,14.5750053817459,104.217444754128,79.6697974580811,NA,62.2631783148618,84.4773368987069,4.05491217113793,56.7232146113069,0,0.844654510116966,168.930902023393,1.472501178,55.9943591158394,NA,98.645397267826,172.049195745793,0,68.5291501786788
"India",200,0.08,TRUE,FALSE,50,"BECCS",2821394.30833816,2821394.30833816,159496504.136189,58.7243023394863,355.217957530146,265.314345186638,659.456796854405,21.4143917355347,107.325938487019,5.36629692435097,41.6140702048016,110.051171647624,2.37601400024501,475.202800049,1.3743344328,54.4690224014354,NA,192.353091761813,111.260534784477,1.50000883853851,87.0642426318861
"India",200,0.08,TRUE,FALSE,50,"BEBCS",NA,NA,NA,NA,NA,NA,NA,NA,131.537964686904,31.0390559743725,NA,0,NA,NA,0.75264329023612,NA,NA,NA,NA,NA,116.279758519933
"US",0,0.15,TRUE,FALSE,50,"BES",5535074.16603613,NA,NA,-247.767686784514,-96.2429642755481,-196.727897865857,NA,141.633983766541,144.841685297539,6.95240089428189,121.305097564982,0,0.490953871124919,0,1.472501178,76.371285890949,NA,185.466190341345,657.575149157352,0,68.5291501786788
"US",0,0.15,TRUE,FALSE,50,"BECCS",NA,NA,NA,NA,NA,NA,NA,NA,184.017043828448,9.20085219142243,NA,NA,NA,NA,1.3743344328,NA,NA,NA,NA,NA,87.0642426318861
"US",0,0.15,TRUE,FALSE,50,"BEBCS",NA,NA,NA,NA,NA,NA,NA,NA,214.860192386508,32.7099044135967,NA,0,NA,NA,0.75264329023612,NA,NA,NA,NA,NA,116.279758519933
"China",0,0.15,TRUE,FALSE,50,"BES",5046570.76824062,NA,NA,-223.997036722398,-128.900619204411,-149.689733852274,NA,34.0769839291993,144.841685297539,6.95240089428189,45.1115475893802,0,0.565340816162475,0,1.472501178,47.2158999289452,NA,133.721885403612,348.390286212553,0,68.5291501786788
"China",0,0.15,TRUE,FALSE,50,"BECCS",NA,NA,NA,NA,NA,NA,NA,NA,184.017043828448,9.20085219142243,NA,NA,NA,NA,1.3743344328,NA,NA,NA,NA,NA,87.0642426318861
"China",0,0.15,TRUE,FALSE,50,"BEBCS",NA,NA,NA,NA,NA,NA,NA,NA,214.860192386508,32.7099044135967,NA,0,NA,NA,0.75264329023612,NA,NA,NA,NA,NA,116.279758519933
"Europe",0,0.15,TRUE,FALSE,50,"BES",4757393.26976032,NA,NA,-237.577840616226,-82.2031855748296,-135.994848620373,NA,47.2981500024191,144.841685297539,6.95240089428189,72.1107225003607,0,0.1662044862613,0,1.472501178,87.9099600718187,NA,152.057473391158,Inf,0,68.5291501786788
"Europe",0,0.15,TRUE,FALSE,50,"BECCS",NA,NA,NA,NA,NA,NA,NA,NA,184.017043828448,9.20085219142243,NA,NA,NA,NA,1.3743344328,NA,NA,NA,NA,NA,87.0642426318861
"Europe",0,0.15,TRUE,FALSE,50,"BEBCS",NA,NA,NA,NA,NA,NA,NA,NA,214.860192386508,32.7099044135967,NA,0,NA,NA,0.75264329023612,NA,NA,NA,NA,NA,116.279758519933
"India",0,0.15,TRUE,FALSE,50,"BES",2909799.84796316,NA,NA,-212.319002517909,-114.44912875996,-135.610465518393,NA,22.7280831000404,144.841685297539,6.95240089428189,42.0999782131913,0,0.848608019638451,0,1.472501178,58.283598886615,NA,131.676678634897,228.496577712949,0,68.5291501786788
"India",0,0.15,TRUE,FALSE,50,"BECCS",NA,NA,NA,NA,NA,NA,NA,NA,184.017043828448,9.20085219142243,NA,NA,NA,NA,1.3743344328,NA,NA,NA,NA,NA,87.0642426318861
"India",0,0.15,TRUE,FALSE,50,"BEBCS",NA,NA,NA,NA,NA,NA,NA,NA,214.860192386508,32.7099044135967,NA,0,NA,NA,0.75264329023612,NA,NA,NA,NA,NA,116.279758519933
"US",50,0.15,TRUE,FALSE,50,"BES",5531896.15314825,NA,NA,-238.442597567991,-81.7347878485489,-172.177454139782,NA,141.653218215927,144.841685297539,6.95240089428189,121.30798273239,0,0.491011683284487,24.5505841642242,1.472501178,76.3740306202067,NA,185.468149706438,657.539570974175,0,68.5291501786788
"US",50,0.15,TRUE,FALSE,50,"BECCS",3178.01288788277,NA,NA,-187.433783071385,-167.369714693662,-175.607359206076,14.0394032001495,106.704223680496,184.017043828448,9.20085219142243,116.065633552074,30.127788117428,1.94352449523479,97.1762247617394,1.3743344328,66.6277337215576,NA,246.964137395491,174.698806142692,1.22697253487045,87.0642426318861
"US",50,0.15,TRUE,FALSE,50,"BEBCS",NA,NA,NA,NA,NA,NA,NA,NA,214.860192386508,32.7099044135967,NA,0,NA,NA,0.75264329023612,NA,NA,NA,NA,NA,116.279758519933
"China",50,0.15,TRUE,FALSE,50,"BES",5043853.07597057,NA,NA,-197.61471013098,-100.52641297146,-121.422746673226,NA,34.0813245726004,144.841685297539,6.95240089428189,45.1121986858903,0,0.565340382098134,28.2670191049067,1.472501178,47.2165190995973,NA,133.722327574063,348.391744757974,0,68.5291501786788
"China",50,0.15,TRUE,FALSE,50,"BECCS",2717.69227005424,NA,NA,-139.969803096236,-99.5837426351154,-118.649023755735,14.0290515669461,26.5705147151289,184.017043828448,9.20085219142243,43.9855772072693,30.123092974339,2.11217489544685,105.608744772343,1.3743344328,43.0687976734014,NA,194.51347490206,126.566360434517,1.33344374712554,87.0642426318861
"China",50,0.15,TRUE,FALSE,50,"BEBCS",NA,NA,NA,NA,NA,NA,NA,NA,214.860192386508,32.7099044135967,NA,0,NA,NA,0.75264329023612,NA,NA,NA,NA,NA,116.279758519933
"Europe",50,0.15,TRUE,FALSE,50,"BES",4756017.77937403,NA,NA,-238.284476488059,-60.6749405833444,-127.686920133698,NA,47.3057920538576,144.841685297539,6.95240089428189,72.1118688080764,0,0.166231966198648,8.31159830993238,1.472501178,87.9074365562814,NA,152.058251867761,Inf,0,68.5291501786788
"Europe",50,0.15,TRUE,FALSE,50,"BECCS",1375.49038629185,NA,NA,-128.632513608565,-103.696099576015,-117.374388566161,10.9882683192982,20.7838277704575,184.017043828448,9.20085219142243,68.1335741655686,28.7438987766939,1.64999934085498,82.4999670427492,1.3743344328,90.2210133532236,NA,211.080623492135,175.943166697593,1.04166625053976,87.0642426318861
"Europe",50,0.15,TRUE,FALSE,50,"BEBCS",NA,NA,NA,NA,NA,NA,NA,NA,214.860192386508,32.7099044135967,NA,0,NA,NA,0.75264329023612,NA,NA,NA,NA,NA,116.279758519933
"India",50,0.15,TRUE,FALSE,50,"BES",2907976.33301239,NA,NA,-171.41095982349,-71.9459241566754,-93.1747503147833,NA,22.7223134414521,144.841685297539,6.95240089428189,42.0949517182409,0,0.84860859660431,42.4304298302154,1.472501178,58.2838577650598,NA,131.673265058714,228.490464731133,0,68.5291501786788
"India",50,0.15,TRUE,FALSE,50,"BECCS",1823.51495077711,NA,NA,-127.683938398683,-83.0366924490168,-98.2230097605659,8.51071310043335,31.961700463295,184.017043828448,9.20085219142243,50.1442550694942,27.620165348852,2.37495926937223,118.747963468611,1.3743344328,54.01134320904,NA,197.173489924233,114.106835318046,1.49934297308853,87.0642426318861
"India",50,0.15,TRUE,FALSE,50,"BEBCS",NA,NA,NA,NA,NA,NA,NA,NA,214.860192386508,32.7099044135967,NA,0,NA,NA,0.75264329023612,NA,NA,NA,NA,NA,116.279758519933
"US",100,0.15,TRUE,FALSE,50,"BES",3058674.31976207,NA,NA,-230.78653078989,-67.2266114215496,-149.33661997885,NA,157.86586920133,144.841685297539,6.95240089428189,123.739880380199,0,0.444533953386511,44.453395338651,1.472501178,81.743951254522,NA,187.119691779304,731.294349990965,0,68.5291501786788
"US",100,0.15,TRUE,FALSE,50,"BECCS",2476399.84627449,NA,NA,-193.338971102428,-31.5806730264647,-116.253186448479,345.237215853055,121.347267331636,184.017043828448,9.20085219142243,118.262090099746,79.342209704,2.09556281988998,209.556281988998,1.3743344328,65.0127273861429,NA,284.371974168888,187.781918087268,1.32295632568812,87.0642426318861
"US",100,0.15,TRUE,FALSE,50,"BEBCS",NA,NA,NA,NA,NA,NA,NA,NA,214.860192386508,32.7099044135967,NA,0,NA,NA,0.75264329023612,NA,NA,NA,NA,NA,116.279758519933
"China",100,0.15,TRUE,FALSE,50,"BES",3816847.46998232,NA,NA,-171.232383539563,-72.1522067385104,-94.0636213384733,NA,37.4537189757163,144.841685297539,6.95240089428189,45.6180578463575,0,0.565003142657821,56.5003142657825,1.472501178,46.8482084339244,NA,134.065864929432,349.516169968347,0,68.5291501786788
"China",100,0.15,TRUE,FALSE,50,"BECCS",1229723.29825882,1243.72349774832,180744.103385821,-139.418070769038,6.11620546935558,-59.1531443643612,338.595597840294,24.5249409630339,184.017043828448,9.20085219142243,43.6787411444552,78.5334031173717,2.11237945282205,211.237945282206,1.3743344328,45.0389506351315,NA,229.514762021248,149.327209374049,1.33357288688262,87.0642426318861
"China",100,0.15,TRUE,FALSE,50,"BEBCS",NA,NA,NA,NA,NA,NA,NA,NA,214.860192386508,32.7099044135967,NA,0,NA,NA,0.75264329023612,NA,NA,NA,NA,NA,116.279758519933
"Europe",100,0.15,TRUE,FALSE,50,"BES",3906758.77039399,9940.26789110178,151953.225097896,-238.991112359892,5.51364625949049,-119.621646578517,NA,52.3066435589429,144.841685297539,6.95240089428189,72.8619965338391,0,0.185670195394376,18.5670195394376,1.472501178,86.4674166077095,NA,152.56767606176,Inf,0,68.5291501786788
"Europe",100,0.15,TRUE,FALSE,50,"BECCS",850634.499366373,NA,NA,-171.681532394367,-22.0552806144431,-85.7869843820549,331.742013384634,24.3267068728953,184.017043828448,9.20085219142243,68.6650060309346,77.6919733890552,1.65563454477618,165.563454477618,1.3743344328,88.2244365801724,NA,247.083146092781,205.397267380855,1.04522382877285,87.0642426318861
"Europe",100,0.15,TRUE,FALSE,50,"BEBCS",NA,NA,NA,NA,NA,NA,NA,NA,214.860192386508,32.7099044135967,NA,0,NA,NA,0.75264329023612,NA,NA,NA,NA,NA,116.279758519933
"India",100,0.15,TRUE,FALSE,50,"BES",1957987.89724708,NA,NA,-130.50291712907,-29.4427195533908,-50.4935950391042,NA,21.539382504172,144.841685297539,6.95240089428189,41.6971958683325,0,0.848726889698034,84.8726889698036,1.472501178,58.1249980512467,NA,131.403142456538,227.988654633677,0,68.5291501786788
"India",100,0.15,TRUE,FALSE,50,"BECCS",951811.950716043,133980.537701088,7414162.74825495,-72.1825319226865,35.830126163976,-22.0319771703805,335.988460798558,25.1886619994202,184.017043828448,9.20085219142243,42.9337270497331,78.1484499620941,2.3756365732186,237.563657321862,1.3743344328,54.7044385394596,NA,228.692569676335,132.301952366156,1.49977056390064,87.0642426318861
"India",100,0.15,TRUE,FALSE,50,"BEBCS",NA,NA,NA,NA,NA,NA,NA,NA,214.860192386508,32.7099044135967,NA,0,NA,NA,0.75264329023612,NA,NA,NA,NA,NA,116.279758519933
"US",150,0.15,TRUE,FALSE,50,"BES",797531.776241689,NA,NA,-223.130464011789,-52.7184349945503,-132.87828534325,NA,223.789447538325,144.841685297539,6.95240089428189,133.628417130749,0,0.332283328324493,49.8424992486739,1.472501178,102.701718730647,NA,193.835161279966,992.580997157489,0,68.5291501786788
"US",150,0.15,TRUE,FALSE,50,"BECCS",4686212.50037535,911437.881445603,3718037.51149153,-189.064768028823,97.5239317610042,-42.68238905022,602.843819458137,127.363233325919,184.017043828448,9.20085219142243,119.164484998888,108.101741532496,2.07080788616056,310.621182924085,1.3743344328,67.1805505769489,NA,305.95473162568,204.458236569118,1.30732821095995,87.0642426318861
"US",150,0.15,TRUE,FALSE,50,"BEBCS",51329.8894192277,NA,NA,-198.212345145769,-162.126032494402,-178.01077058219,NA,137.0555678468,214.860192386508,32.7099044135967,120.61833517702,0,0.806308058458507,120.946208768776,0.75264329023612,30.8070772362847,38.4243753898747,438.141229537562,456.828921610135,1.29826948818314,116.279758519933
"China",150,0.15,TRUE,FALSE,50,"BES",1953400.32078432,NA,NA,-141.979299654445,-45.762239199921,-67.9311650264911,NA,41.1969521489954,144.841685297539,6.95240089428189,46.1795428223491,0,0.564628819340496,84.694322901074,1.472501178,45.3481410866144,NA,134.447178699758,350.785819183163,0,68.5291501786788
"China",150,0.15,TRUE,FALSE,50,"BECCS",3067714.9084083,1461764.42780531,100884671.973666,-141.245719723699,111.816153573827,5.61966780949553,674.213108422167,29.3388031225974,184.017043828448,9.20085219142243,44.4008204683897,118.645930686977,2.11189806660609,316.784709990916,1.3743344328,45.0996049938087,NA,259.22704013855,168.701114990037,1.33326898144325,87.0642426318861
"China",150,0.15,TRUE,FALSE,50,"BEBCS",25455.5390483909,NA,NA,-116.050592521505,-71.5661588866953,-85.2624556990385,NA,131.651880886884,214.860192386508,32.7099044135967,59.7477821330327,0,1.06558454970845,159.837682456268,0.75264329023612,20.2173449669931,42.0003958108382,352.514247538251,288.464880952779,1.54891059794403,116.279758519933
"Europe",150,0.15,TRUE,FALSE,50,"BES",1992677.31317131,140114.771222015,1559914.35051636,-238.469243470983,71.0212436337509,-94.5220765429246,NA,45.0773867901357,144.841685297539,6.95240089428189,71.7776080185192,0,0.250227568896179,37.534135334427,1.472501178,91.5154823330067,NA,151.831249815369,Inf,0,68.5291501786788
"Europe",150,0.15,TRUE,FALSE,50,"BECCS",2474078.02485535,401441.573694791,18514812.6948532,-217.251590728896,107.585686625896,-51.4127527450163,795.736200189206,34.0836291493585,184.017043828448,9.20085219142243,70.128544372402,128.718666479883,1.7032971827757,255.494577416353,1.3743344328,85.1577767108094,NA,285.276347237684,230.704381424076,1.07531387801496,87.0642426318861
"Europe",150,0.15,TRUE,FALSE,50,"BEBCS",290637.931733554,NA,NA,-237.859591952891,-142.480217405928,-186.397046000534,NA,145.299974664923,214.860192386508,32.7099044135967,86.8109961997388,0,0.777584776253542,116.637716438031,0.75264329023612,24.7904362130663,6.55589434821176,435.565164672878,430.568321114138,1.14755179295716,116.279758519933
"India",150,0.15,TRUE,FALSE,50,"BES",151576.643090457,NA,NA,-89.5948744346504,-1.29650680241849,-20.8091913600722,NA,50.5466158081201,144.841685297539,6.95240089428189,51.3645572127166,0,0.84582616636764,126.873924955146,1.472501178,55.4755270893199,NA,137.968408066386,240.253818628181,0,68.5291501786788
"India",150,0.15,TRUE,FALSE,50,"BECCS",2758223.20487271,2670919.39338286,154508334.203402,-28.423702276685,154.696944776969,55.4853970425719,633.35244569466,21.1347793367816,184.017043828448,9.20085219142243,41.5693503493908,120.681786342304,2.37604196148489,356.406294222731,1.3743344328,54.5481355314096,NA,258.648131217488,149.604504529018,1.50002649083641,87.0642426318861
"India",150,0.15,TRUE,FALSE,50,"BEBCS",NA,NA,NA,NA,NA,NA,NA,NA,214.860192386508,32.7099044135967,NA,0,NA,NA,0.75264329023612,NA,NA,NA,NA,NA,116.279758519933
"US",200,0.15,TRUE,FALSE,50,"BES",309352.275489375,NA,NA,-201.458260652267,-38.2102585675511,-96.4197792860331,NA,202.182203070478,144.841685297539,6.95240089428189,130.387330460572,0,0.300043359239752,60.0086718479505,1.472501178,125.752965518408,NA,191.634085505902,968.497953574321,0,68.5291501786788
"US",200,0.15,TRUE,FALSE,50,"BECCS",5051454.68274079,4115496.90365643,13871086.4922237,-172.910991397146,226.628536548473,51.823771386256,700.895857943252,136.069556469993,184.017043828448,9.20085219142243,120.470433470499,115.832568646707,2.06236433470627,412.47286694125,1.3743344328,68.8718025820769,NA,312.530114858574,210.005419955043,1.30199768605193,87.0642426318861
"US",200,0.15,TRUE,FALSE,50,"BEBCS",174267.20780601,NA,NA,-205.296633359394,-58.7522491862778,-152.927671630303,NA,188.573778852328,214.860192386508,32.7099044135967,128.346066827849,0,0.832755946355649,166.55118927113,0.75264329023612,32.5808620553996,23.8564406711219,467.76438124677,452.145683199559,1.31562599641522,116.279758519933
"China",200,0.15,TRUE,FALSE,50,"BES",1050268.01353138,NA,NA,-115.509980417764,-18.8949779790635,-42.6770641605164,NA,40.8354569909107,144.841685297539,6.95240089428189,46.1253185486366,0,0.564664968856302,112.93299377126,1.472501178,42.3093468086864,NA,134.410354095117,350.667112419521,0,68.5291501786788
"China",200,0.15,TRUE,FALSE,50,"BECCS",3774953.29341496,3531452.63847445,205005708.540592,-54.7683966396217,217.516101678298,94.3415823161361,857.38635754423,28.9304096163341,184.017043828448,9.20085219142243,44.3395614424503,136.109433038951,2.11193890595674,422.387781191349,1.3743344328,45.6206916260549,NA,271.889346277952,176.936179219542,1.33329476386158,87.0642426318861
"China",200,0.15,TRUE,FALSE,50,"BEBCS",221349.461294732,NA,NA,-114.575165892634,-17.8843870635662,-47.235890514847,NA,98.594315689418,214.860192386508,32.7099044135967,54.7891473534126,0,1.03438397729279,206.876795458557,0.75264329023612,19.9640548090094,28.2825033711046,364.152240959233,292.510522970189,1.58638476261772,116.279758519933
"Europe",200,0.15,TRUE,FALSE,50,"BES",373452.345124593,206309.003295958,2399147.23881038,-233.208193002484,61.1635811206737,-17.5714464943584,NA,52.5321318383322,144.841685297539,6.95240089428189,72.8958197757496,0,0.540147321046924,108.029464209385,1.472501178,99.0889952638324,NA,152.590645986954,Inf,0,68.5291501786788
"Europe",200,0.15,TRUE,FALSE,50,"BECCS",3808588.38367765,2343898.57754751,71331824.2528578,-212.189602551104,248.536980014858,6.51276094637931,1195.34538348137,38.920544575575,184.017043828448,9.20085219142243,70.8540816863333,159.623368923831,1.72880071284171,345.760142568346,1.3743344328,84.4479650080905,NA,308.291298331823,245.931808134126,1.09141459144048,87.0642426318861
"Europe",200,0.15,TRUE,FALSE,50,"BEBCS",575352.540957926,NA,NA,-201.599466330587,-70.2438453298491,-132.765408598857,NA,101.487361530039,214.860192386508,32.7099044135967,80.2391042295063,0,0.7425037495136,148.50074990272,0.75264329023612,32.8919817065339,13.6510608215045,417.406418530017,442.41407443495,1.18417191429996,116.279758519933
"India",200,0.15,TRUE,FALSE,50,"BES",96384.0718581491,67882.5201600767,590659.786024407,-48.6868317402307,40.9556076321516,17.3786550434886,NA,60.1981575366642,144.841685297539,6.95240089428189,55.7906611304996,0,0.844861012194786,168.972202438957,1.472501178,55.9911999268523,NA,140.974248729817,245.781154181547,0,68.5291501786788
"India",200,0.15,TRUE,FALSE,50,"BECCS",2813415.77610507,2813415.77610507,159350734.720792,0.727435538206237,273.563763389962,172.420729624985,653.43195762301,21.3702740449884,184.017043828448,9.20085219142243,41.6038667558626,122.436747654061,2.37601841201407,475.203682402811,1.3743344328,54.4755576519719,NA,259.950199822858,150.359565392544,1.50001162374625,87.0642426318861
"India",200,0.15,TRUE,FALSE,50,"BEBCS",NA,NA,NA,NA,NA,NA,NA,NA,214.860192386508,32.7099044135967,NA,0,NA,NA,0.75264329023612,NA,NA,NA,NA,NA,116.279758519933
"US",0,0.02,FALSE,FALSE,50,"BES",5512181.64640698,38575.1360108656,148914.169591735,-140.475145787571,11.0495767213946,-89.4011893089633,NA,141.661821039438,42.4633064836628,2.03823871121581,121.309273155916,0,0.490796471004637,0,1.472501178,76.4096290418336,NA,112.604879933613,400.016704428173,0,68.5291501786788
"US",0,0.02,FALSE,FALSE,50,"BECCS",NA,NA,NA,NA,NA,NA,NA,NA,53.9483651702426,2.69741825851213,NA,NA,NA,NA,1.3743344328,NA,NA,NA,NA,NA,87.0642426318861
"US",0,0.02,FALSE,FALSE,50,"BEBCS",22892.5196291482,NA,NA,-115.11258578605,-81.7839464036078,-95.3158319032209,NA,134.56282807735,73.2650919233,29.8761331729751,120.244424211602,0,0.942412447035558,0,0.75264329023612,34.0575047936323,94.0123126110245,171.891968446654,238.330991866297,1.6331062087809,116.279758519933
"China",0,0.02,FALSE,FALSE,50,"BES",5033860.70199904,NA,NA,-116.704495725455,-21.6080782074678,-42.3692191131918,NA,33.8963126669548,42.4633064836628,2.03823871121581,45.0844469000434,0,0.565358883288698,0,1.472501178,47.216772981748,NA,60.8393347546254,158.542600680731,0,68.5291501786788
"China",0,0.02,FALSE,FALSE,50,"BECCS",NA,NA,NA,NA,NA,NA,NA,NA,53.9483651702426,2.69741825851213,NA,NA,NA,NA,1.3743344328,NA,NA,NA,NA,NA,87.0642426318861
"China",0,0.02,FALSE,FALSE,50,"BEBCS",12710.0662415784,NA,NA,-74.7000897332176,-25.058710081983,-49.732363392622,NA,110.727532492654,73.2650919233,29.8761331729751,56.6091298738981,0,1.01621294042354,0,0.75264329023612,23.9442619622576,86.0737296152937,97.8904964817604,157.240878554339,1.6043841102584,116.279758519933
"Europe",0,0.02,FALSE,FALSE,50,"BES",4757393.26976032,459192.643333944,11840648.2626157,-130.285299619283,25.0893554221131,-28.7023076234373,NA,47.2981500024191,42.4633064836628,2.03823871121581,72.1107225003607,0,0.1662044862613,0,1.472501178,87.9099600718187,NA,79.1933272702908,Inf,0,68.5291501786788
"Europe",0,0.02,FALSE,FALSE,50,"BECCS",NA,NA,NA,NA,NA,NA,NA,NA,53.9483651702426,2.69741825851213,NA,NA,NA,NA,1.3743344328,NA,NA,NA,NA,NA,87.0642426318861
"Europe",0,0.02,FALSE,FALSE,50,"BEBCS",NA,NA,NA,NA,NA,NA,NA,NA,73.2650919233,29.8761331729751,NA,0,NA,NA,0.75264329023612,NA,NA,NA,NA,NA,116.279758519933
"India",0,0.02,FALSE,FALSE,50,"BES",2841243.48933042,NA,NA,-105.026461520966,-7.15658776301723,-27.8294982249609,NA,21.7753981585826,42.4633064836628,2.03823871121581,41.6261369376103,0,0.848703288132595,0,1.472501178,58.2981839075242,NA,58.4907390359245,101.489237896465,0,68.5291501786788
"India",0,0.02,FALSE,FALSE,50,"BECCS",NA,NA,NA,NA,NA,NA,NA,NA,53.9483651702426,2.69741825851213,NA,NA,NA,NA,1.3743344328,NA,NA,NA,NA,NA,87.0642426318861
"India",0,0.02,FALSE,FALSE,50,"BEBCS",68556.3586327883,NA,NA,-65.1530282585563,-15.3858586119737,-39.3987325459843,NA,61.1458716586328,73.2650919233,29.8761331729751,61.208009781053,0,1.04821842781964,0,0.75264329023612,29.4900208404,95.4604814909438,91.5290872582846,156.84212070185,2.0180673856332,116.279758519933
"US",50,0.02,FALSE,FALSE,50,"BES",3548059.71592567,145594.613985537,250774.197082127,-131.150056571048,25.5577531483939,-65.6592544679066,NA,153.88471500664,42.4633064836628,2.03823871121581,123.142707250996,0,0.458817712526787,22.9408856263393,1.472501178,79.0441123516289,NA,113.849995470682,435.066858897648,0,68.5291501786788
"US",50,0.02,FALSE,FALSE,50,"BECCS",1284697.05789826,NA,NA,-95.4555809762655,-10.8523090203531,-46.034294832754,336.903676268918,102.999328715187,53.9483651702426,2.69741825851213,115.509899307278,47.7689344817024,2.14212107399631,107.106053699816,1.3743344328,66.7842686851683,NA,160.022634934403,103.347236142964,1.35234916287646,87.0642426318861
"US",50,0.02,FALSE,FALSE,50,"BEBCS",702317.392212571,NA,NA,-109.322973252756,-37.1564406443252,-63.5933850299416,NA,148.43604079024,73.2650919233,29.8761331729751,122.325406118536,0,0.910408833819953,45.5204416909977,0.75264329023612,36.3227278119954,80.0300766818767,193.234373334156,248.897387197686,1.56540492252887,116.279758519933
"China",50,0.02,FALSE,FALSE,50,"BES",4206030.76265306,170828.311423902,12354738.1508828,-87.6253971308637,6.76612802548229,-14.3013710691028,NA,34.5398105502601,42.4633064836628,2.03823871121581,45.1809715825389,0,0.565294533500367,28.2647266750182,1.472501178,47.116419033309,NA,60.9048862692443,158.731862895332,0,68.5291501786788
"China",50,0.02,FALSE,FALSE,50,"BECCS",391436.32143305,353492.557030183,39186861.141101,-7.17785524616301,38.7400852002491,12.7943009248529,336.143638048106,11.5772675124036,53.9483651702426,2.69741825851213,41.7365901268605,47.7314589277832,2.11367422016713,105.683711008356,1.3743344328,53.2244223998932,NA,106.316067615153,69.127986843781,1.33439029050955,87.0642426318861
"China",50,0.02,FALSE,FALSE,50,"BEBCS",449103.684154984,58314.0143371954,4418013.69803184,-86.0922689079562,21.1981805518253,-17.0226596146851,NA,49.0197078449184,73.2650919233,29.8761331729751,47.3529561767378,0,0.994739501121791,49.7369750560895,0.75264329023612,20.3042633070519,63.4302832951866,115.677505011056,151.406221192452,1.63765750555389,116.279758519933
"Europe",50,0.02,FALSE,FALSE,50,"BES",4118597.96025474,1142839.22826472,33548796.1139318,-130.991935491116,46.6176004135984,-20.8398434898149,NA,50.7186109116867,42.4633064836628,2.03823871121581,72.6237916367503,0,0.184055879540369,9.20279397701841,1.472501178,87.0826993647828,NA,79.5417610400253,Inf,0,68.5291501786788
"Europe",50,0.02,FALSE,FALSE,50,"BECCS",618493.791763668,250237.906669853,9169836.61448211,-65.5964309044907,34.6670468894162,-3.44913888947671,330.192727864693,25.0571792428459,53.9483651702426,2.69741825851213,68.7745768864273,47.4108455701513,1.63361570555263,81.6807852776317,1.3743344328,87.7012817182159,NA,125.756294654727,105.808638147732,1.03132304643475,87.0642426318861
"Europe",50,0.02,FALSE,FALSE,50,"BEBCS",20301.517742037,NA,NA,-60.5419059941496,-40.1677226137547,-49.1334856792616,NA,48.3748705106489,73.2650919233,29.8761331729751,72.2722305765974,0,0.688387068942456,34.4193534471228,0.75264329023612,31.8198857058677,60.0407308406204,153.290046332649,254.833124603614,1.21946485337444,116.279758519933
"India",50,0.02,FALSE,FALSE,50,"BES",2465089.13603945,2399646.01665584,130397776.763878,-64.1184188265468,35.3466168402674,14.6205334566109,NA,22.2909476887095,42.4633064836628,2.03823871121581,41.7248809448638,0,0.848651733179581,42.432586658979,1.472501178,58.414372937368,NA,58.5577977308366,101.612245938846,0,68.5291501786788
"India",50,0.02,FALSE,FALSE,50,"BECCS",267593.198754673,266789.596939947,18001259.5244831,-0.975795772894742,55.4494213112586,25.9290532118215,353.700677817878,18.0627509588686,53.9483651702426,2.69741825851213,40.7094126438303,48.6607559342469,2.37634916432266,118.817458216134,1.3743344328,53.1275470025212,NA,106.24484733992,61.4459497170098,1.50022043202189,87.0642426318861
"India",50,0.02,FALSE,FALSE,50,"BEBCS",177117.513169028,152554.970528105,11152333.9378736,-23.5468147810574,37.0068517502536,17.039025255663,NA,35.1323956601396,73.2650919233,29.8761331729751,49.0916415272387,0,1.05576673666526,52.7883368332631,0.75264329023612,29.8637307099363,86.619824335978,87.1768115636182,144.285231608584,2.01348319407529,116.279758519933
"US",100,0.02,FALSE,FALSE,50,"BES",1068921.2515532,220171.525673694,270857.638990046,-123.493989792947,40.0659295753932,-37.0808182422373,NA,191.794576606554,42.4633064836628,2.03823871121581,128.829186490983,0,0.430182712894947,43.0182712894949,1.472501178,93.2316421541314,NA,117.711777943217,507.433482806547,0,68.5291501786788
"US",100,0.02,FALSE,FALSE,50,"BECCS",3349542.30853676,2361707.14756665,10213424.9823854,-78.7053788701864,117.905465196198,25.6633485911264,664.785500541107,116.235149476716,53.9483651702426,2.69741825851213,117.495272421507,75.8209341875899,2.07880897000798,207.880897000799,1.3743344328,67.7444416281843,NA,181.878576329192,121.326403898682,1.31237940025757,87.0642426318861
"US",100,0.02,FALSE,FALSE,50,"BEBCS",1116610.60594662,30784.9350552982,34686.7184879077,-113.280792955663,36.8441246831143,-36.4183363336855,NA,166.215594159069,73.2650919233,29.8761331729751,124.99233912386,0,0.926015833895748,92.6015833895749,0.75264329023612,36.2201251591266,62.8935193377488,219.546293743677,248.595727941338,1.51400790811677,116.279758519933
"China",100,0.02,FALSE,FALSE,50,"BES",1555973.40144649,1414261.22994717,77368651.4595477,-61.1560778941829,35.1181396783543,12.8469283991565,NA,39.6734516696758,42.4633064836628,2.03823871121581,45.9510177504512,0,0.564781169388427,56.4781169388429,1.472501178,46.8213744056391,NA,61.4278374080388,160.293170644803,0,68.5291501786788
"China",100,0.02,FALSE,FALSE,50,"BECCS",916097.939007162,916097.939007162,91492428.9969217,11.4077810290568,144.44003330472,89.1832315620163,651.972638257258,13.4467536174758,53.9483651702426,2.69741825851213,42.0170130426213,74.979002041814,2.11348727155664,211.348727155663,1.3743344328,51.476302919548,NA,126.346102061505,82.1601928400779,1.33427226739686,87.0642426318861
"China",100,0.02,FALSE,FALSE,50,"BEBCS",2574499.42778732,2500450.05593857,84756550.3047777,-53.033184847675,67.4550711856336,24.3175666474902,NA,37.6365139810297,73.2650919233,29.8761331729751,45.6454770971544,0,0.994017321924816,99.4017321924814,0.75264329023612,22.8435215967297,50.8590150517034,130.111685591463,149.843626343616,1.6407928280033,116.279758519933
"Europe",100,0.02,FALSE,FALSE,50,"BES",2726660.25631971,1779275.96160546,48181440.9904465,-130.507294019199,112.806187256433,1.30342816502668,NA,47.3410090731788,42.4633064836628,2.03823871121581,72.1171513609747,0,0.239247717369265,23.9247717369265,1.472501178,93.9973529839553,NA,79.1976932162806,Inf,0,68.5291501786788
"Europe",100,0.02,FALSE,FALSE,50,"BECCS",1469212.65058058,1232951.17883232,35489758.3245052,-85.4012998800632,116.311989124838,41.3396276134976,674.922660974698,33.4554539135208,53.9483651702426,2.69741825851213,70.0343180870284,79.4083312535193,1.65899107443354,165.899107443353,1.3743344328,81.5289529394759,NA,149.955082147966,124.176145045526,1.04734285002117,87.0642426318861
"Europe",100,0.02,FALSE,FALSE,50,"BEBCS",561520.362859917,13650.5041593119,194728.726100797,-130.527940124553,74.7032044693687,-48.3100164104676,NA,85.6577393098917,73.2650919233,29.8761331729751,77.8646608964843,0,0.740931314957473,74.093131495747,0.75264329023612,30.5202276055122,28.0825104810358,203.181742925985,244.862156137086,1.19777710630778,116.279758519933
"India",100,0.02,FALSE,FALSE,50,"BES",1317865.11398201,1315343.46441235,57483893.8215186,-23.2103761321272,77.2802967319431,55.4600744827814,NA,24.7879845080592,42.4633064836628,2.03823871121581,42.420535205107,0,0.848402029497643,84.8402029497644,1.472501178,57.5419519330035,NA,59.0302280898991,102.467170741609,0,68.5291501786788
"India",100,0.02,FALSE,FALSE,50,"BECCS",1279516.15823209,1279516.15823209,78417706.9828812,45.8388110199274,174.316239924251,103.852289310322,795.20129667862,19.1883996170107,53.9483651702426,2.69741825851213,40.8782599425514,91.4304811985463,2.37623659945685,237.623659945686,1.3743344328,55.1831539344934,NA,137.488023337148,79.5188447858221,1.50014936834398,87.0642426318861
"India",100,0.02,FALSE,FALSE,50,"BEBCS",312418.575748954,312418.575748954,24069155.6582858,23.4234610854716,89.3995621124809,66.3395120085285,NA,28.0394207015582,73.2650919233,29.8761331729751,45.5285863032743,0,1.05828302410904,105.828302410903,0.75264329023612,29.6720531733494,79.5089678238249,91.8906000663706,140.553209814811,2.01136528463582,116.279758519933
"US",150,0.02,FALSE,FALSE,50,"BES",254363.863018769,172906.32184376,259833.222982816,-102.234025744644,54.5741060023925,5.20097170144755,NA,205.168482960943,42.4633064836628,2.03823871121581,130.835272444141,0,0.329117067926972,49.3675601890457,1.472501178,131.170229151421,NA,119.07414422389,582.3444363329,0,68.5291501786788
"US",150,0.02,FALSE,FALSE,50,"BECCS",4502207.19059661,4398359.24908232,15082105.2472116,-57.4155388228191,247.148782340234,107.913413502347,860.702528438386,123.894707199877,53.9483651702426,2.69741825851213,118.644206079982,95.7711052725907,2.06740980497592,310.111470746389,1.3743344328,68.8630375372864,NA,197.230811010883,132.320188114533,1.30518295768682,87.0642426318861
"US",150,0.02,FALSE,FALSE,50,"BEBCS",778503.112421075,253384.142796023,153755.486534895,-101.510358997986,81.7573759333258,-14.0929775185448,NA,215.974695616861,73.2650919233,29.8761331729751,132.456204342529,0,0.927047481752136,139.05712226282,0.75264329023612,37.5249072370518,44.9224224203889,253.340472826905,257.136443385578,1.45481848996246,116.279758519933
"China",150,0.02,FALSE,FALSE,50,"BES",346343.924409968,346146.103320599,22136191.0944844,-6.33502084927444,55.4262692167509,40.3385467693911,NA,38.6915203446235,42.4633064836628,2.03823871121581,45.8037280516935,0,0.564879362520933,84.7319043781397,1.472501178,45.911915637824,NA,61.3278105279534,159.965277885022,0,68.5291501786788
"China",150,0.02,FALSE,FALSE,50,"BECCS",1645190.92280632,1645190.92280632,139747155.579497,42.7419157200062,250.139981409191,149.309966752755,985.220414416118,15.7411611585151,53.9483651702426,2.69741825851213,42.3611741737772,118.075974243497,2.11325783080251,316.988674620379,1.3743344328,49.4042239784123,NA,157.954953805352,102.727678338665,1.33412741843593,87.0642426318861
"China",150,0.02,FALSE,FALSE,50,"BEBCS",3055035.92102477,3044861.33563481,92433241.14621,-25.7287958956871,113.711961819442,66.348058200945,NA,43.2622749463498,73.2650919233,29.8761331729751,46.4893412419527,0,1.00884967722102,151.327451583155,0.75264329023612,22.6611016013844,41.9900713546264,143.016614085315,148.529869345141,1.62492643667219,116.279758519933
"Europe",150,0.02,FALSE,FALSE,50,"BES",860564.78988572,828365.138655316,22612440.4951597,-125.420668813152,178.994774099268,41.8096899269989,NA,39.6162222502796,42.4633064836628,2.03823871121581,70.9584333375427,0,0.376874603705609,56.5311905558413,1.472501178,100.738477903569,NA,78.4107885667312,Inf,0,68.5291501786788
"Europe",150,0.02,FALSE,FALSE,50,"BECCS",2534407.68042241,2483256.03848845,65954863.783234,-93.048058537644,197.956931360259,97.3079132938542,1008.29909628572,35.6970425199683,53.9483651702426,2.69741825851213,70.3705563779929,118.790671593803,1.7195778557687,257.936678365305,1.3743344328,85.1782463291004,NA,178.855310275361,142.455438752055,1.08559208066207,87.0642426318861
"Europe",150,0.02,FALSE,FALSE,50,"BEBCS",1362420.79945205,752218.773634646,13047487.307365,-94.3628599131944,130.814255828602,-6.22198685393841,NA,75.1289333350908,73.2650919233,29.8761331729751,76.2853400002632,0,0.763775731139119,114.566359670867,0.75264329023612,37.5447376437223,21.0934809280126,210.369355872227,236.178259998981,1.22326552372114,116.279758519933
"India",150,0.02,FALSE,FALSE,50,"BES",136650.110995783,136650.110995783,2885971.38096926,17.6976665622924,105.862775218542,87.2031577469879,NA,48.2995281599006,42.4633064836628,2.03823871121581,51.268006147062,0,0.846050875132462,126.907631269869,1.472501178,56.0650778190596,NA,65.0386925136576,113.266233452936,0,68.5291501786788
"India",150,0.02,FALSE,FALSE,50,"BECCS",2505546.4933255,2505546.4933255,137359946.643999,74.6087490075607,293.183058537244,184.799627783944,1020.25054956436,20.1349763107804,53.9483651702426,2.69741825851213,41.0256194991141,128.561627868218,2.37614194178748,356.421291268122,1.3743344328,54.6113673119133,NA,164.61279394359,95.2113310749865,1.50008960971431,87.0642426318861
"India",150,0.02,FALSE,FALSE,50,"BEBCS",267603.243641863,267603.243641863,19739225.5365219,57.4163628274004,141.792272474708,114.928772419217,NA,32.5522632261158,73.2650919233,29.8761331729751,46.9087639048845,0,1.06045383752747,159.06807562912,0.75264329023612,29.3385920607953,76.572093730462,97.6264536253904,141.591335384064,2.00626997522406,116.279758519933
"US",200,0.02,FALSE,FALSE,50,"BES",55525.0481019852,52726.2933495253,127481.937974858,-94.1657196553244,69.0822824293917,44.4858444426774,NA,157.177758504933,42.4633064836628,2.03823871121581,123.63666377574,0,0.288718695480678,57.7437390961355,1.472501178,154.880314317161,NA,114.185449548495,601.995353184487,0,68.5291501786788
"US",200,0.02,FALSE,FALSE,50,"BECCS",4852324.02016726,4849757.04025682,15272896.1051138,-28.6086762639156,376.392099484271,200.821881053581,960.571548894448,131.931611529798,53.9483651702426,2.69741825851213,119.84974172947,105.755389557584,2.06638215894275,413.276431788548,1.3743344328,69.7963639808369,NA,205.372802994366,137.867935307939,1.30453419125173,87.0642426318861
"US",200,0.02,FALSE,FALSE,50,"BEBCS",627225.097767103,435210.098020698,366931.162069531,-60.8677616555639,126.670627183537,21.5326558317901,NA,209.719262448199,73.2650919233,29.8761331729751,131.51788936723,0,0.883542362010423,176.708472402084,0.75264329023612,41.5490296987487,37.9342681944626,261.378595705445,267.297711384684,1.3967190668625,116.279758519933
"China",200,0.02,FALSE,FALSE,50,"BES",6480.00509233162,6480.00509233162,302788.591067667,20.9934419573527,77.1237679309735,59.5229225456208,NA,55.7809822151738,42.4633064836628,2.03823871121581,48.3671473322761,0,0.563170416333877,112.634083266775,1.472501178,39.757531806,NA,63.0686711254737,165.0307100135,0,68.5291501786788
"China",200,0.02,FALSE,FALSE,50,"BECCS",2994364.5661454,2994364.5661454,197455471.931681,76.7253379463639,355.839929513662,203.36715215781,1447.68958597904,22.1487127954916,53.9483651702426,2.69741825851213,43.3223069193238,167.022417339856,2.11261707563879,422.523415127765,1.3743344328,47.8342447179751,NA,194.268950348558,126.390328286753,1.33372290128714,87.0642426318861
"China",200,0.02,FALSE,FALSE,50,"BEBCS",2045726.19700331,2045726.19700331,56561639.4257536,27.0461847142924,165.248568415843,110.513628619495,NA,52.1088034472285,73.2650919233,29.8761331729751,47.8163205170844,0,1.00511466542862,201.022933085723,0.75264329023612,21.0159751594499,39.4322659876793,148.178135741691,150.32191716018,1.62643759253843,116.279758519933
"Europe",200,0.02,FALSE,FALSE,50,"BES",156755.728831834,155936.508155582,2127906.648569,-125.915652005541,244.401706137873,147.248251591971,NA,48.5023006554641,42.4633064836628,2.03823871121581,72.2913450983194,0,0.848212160094931,169.642432018986,1.472501178,94.3987098661811,NA,79.3159910756949,Inf,0,68.5291501786788
"Europe",200,0.02,FALSE,FALSE,50,"BECCS",3380987.23197134,3361373.96755744,89906288.6765766,-103.16277006939,292.75337089577,157.702825035993,1293.60438257588,38.2137066738395,53.9483651702426,2.69741825851213,70.7480560010729,146.619271385789,1.73636766602779,347.273533205565,1.3743344328,84.4424026460623,NA,199.378771480941,157.431843365335,1.09619170835089,87.0642426318861
"Europe",200,0.02,FALSE,FALSE,50,"BEBCS",1219650.30895689,1088768.42830823,15512881.7819401,-57.170594626757,186.925307187835,37.0132801861044,NA,74.7866199550923,73.2650919233,29.8761331729751,76.2339929932639,0,0.764391431837918,152.878286367583,0.75264329023612,40.5804543352463,22.9297575728177,207.861363472252,236.657172775704,1.24281468469668,116.279758519933
"India",200,0.02,FALSE,FALSE,50,"BES",31867.455131396,31867.455131396,62116.2141521668,58.6057092567121,139.301861320082,108.227165401191,NA,87.7676456330617,42.4633064836628,2.03823871121581,71.6471468449593,0,0.842104063385145,168.420812677029,1.472501178,55.9550447639998,NA,78.8785053453029,138.021210056289,0,68.5291501786788
"India",200,0.02,FALSE,FALSE,50,"BECCS",2802572.64363893,2802572.64363893,159106422.68423,114.770754322102,412.049877150237,292.664335084215,1137.39052332327,21.3249430943212,53.9483651702426,2.69741825851213,41.5951191291228,138.784140941131,2.37602294510913,475.204589021824,1.3743344328,54.484789561404,NA,172.465331466742,99.7604188888581,1.50001448554869,87.0642426318861
"India",200,0.02,FALSE,FALSE,50,"BEBCS",75359.7491928758,75359.7491928758,816604.663109869,76.2216443402261,164.215535397263,142.906097936054,NA,44.3069265447012,73.2650919233,29.8761331729751,47.2190662413896,0,1.14596769443131,229.193538886262,0.75264329023612,28.6242013451639,35.4486490422928,152.677428718353,131.287730336581,1.8663828147967,116.279758519933
"US",0,0.08,FALSE,FALSE,50,"BES",5535074.16603613,NA,NA,-184.505849662537,-32.9811271535716,-133.46606074388,NA,141.633983766541,84.4773368987069,4.05491217113793,121.305097564982,0,0.490953871124919,0,1.472501178,76.371285890949,NA,142.504026326032,505.544428822378,0,68.5291501786788
"US",0,0.08,FALSE,FALSE,50,"BECCS",NA,NA,NA,NA,NA,NA,NA,NA,107.325938487019,5.36629692435097,NA,NA,NA,NA,1.3743344328,NA,NA,NA,NA,NA,87.0642426318861
"US",0,0.08,FALSE,FALSE,50,"BEBCS",NA,NA,NA,NA,NA,NA,NA,NA,131.537964686904,31.0390559743725,NA,0,NA,NA,0.75264329023612,NA,NA,NA,NA,NA,116.279758519933
"China",0,0.08,FALSE,FALSE,50,"BES",5046570.76824062,NA,NA,-160.735199600421,-65.638782082434,-86.4278967302967,NA,34.0769839291993,84.4773368987069,4.05491217113793,45.1115475893802,0,0.565340816162475,0,1.472501178,47.2158999289452,NA,90.759721388301,236.484191171415,0,68.5291501786788
"China",0,0.08,FALSE,FALSE,50,"BECCS",NA,NA,NA,NA,NA,NA,NA,NA,107.325938487019,5.36629692435097,NA,NA,NA,NA,1.3743344328,NA,NA,NA,NA,NA,87.0642426318861
"China",0,0.08,FALSE,FALSE,50,"BEBCS",NA,NA,NA,NA,NA,NA,NA,NA,131.537964686904,31.0390559743725,NA,0,NA,NA,0.75264329023612,NA,NA,NA,NA,NA,116.279758519933
"Europe",0,0.08,FALSE,FALSE,50,"BES",4757393.26976032,NA,NA,-174.316003494249,-18.9413484528531,-72.7330114984014,NA,47.2981500024191,84.4773368987069,4.05491217113793,72.1107225003607,0,0.1662044862613,0,1.472501178,87.9099600718187,NA,109.095309375847,Inf,0,68.5291501786788
"Europe",0,0.08,FALSE,FALSE,50,"BECCS",NA,NA,NA,NA,NA,NA,NA,NA,107.325938487019,5.36629692435097,NA,NA,NA,NA,1.3743344328,NA,NA,NA,NA,NA,87.0642426318861
"Europe",0,0.08,FALSE,FALSE,50,"BEBCS",NA,NA,NA,NA,NA,NA,NA,NA,131.537964686904,31.0390559743725,NA,0,NA,NA,0.75264329023612,NA,NA,NA,NA,NA,116.279758519933
"India",0,0.08,FALSE,FALSE,50,"BES",2909799.84796316,NA,NA,-149.057165395933,-51.1872916379834,-72.348628396418,NA,22.7280831000404,84.4773368987069,4.05491217113793,42.0999782131913,0,0.848608019638451,0,1.472501178,58.283598886615,NA,88.714514619584,153.948571344772,0,68.5291501786788
"India",0,0.08,FALSE,FALSE,50,"BECCS",NA,NA,NA,NA,NA,NA,NA,NA,107.325938487019,5.36629692435097,NA,NA,NA,NA,1.3743344328,NA,NA,NA,NA,NA,87.0642426318861
"India",0,0.08,FALSE,FALSE,50,"BEBCS",NA,NA,NA,NA,NA,NA,NA,NA,131.537964686904,31.0390559743725,NA,0,NA,NA,0.75264329023612,NA,NA,NA,NA,NA,116.279758519933
"US",50,0.08,FALSE,FALSE,50,"BES",5312703.58369919,NA,NA,-175.180760446015,-18.4729507265723,-109.155971709583,NA,143.671509663477,84.4773368987069,4.05491217113793,121.610726449522,0,0.491455422360714,24.5727711180355,1.472501178,76.4142326917496,NA,142.711583976312,506.930093644407,0,68.5291501786788
"US",50,0.08,FALSE,FALSE,50,"BECCS",222370.582336941,NA,NA,-152.559435537373,-73.4528727760396,-97.458966820905,123.532060130738,92.6947860182665,107.325938487019,5.36629692435097,113.96421790274,42.6377149698638,2.03036203737525,101.518101868762,1.3743344328,70.3170995943062,NA,195.945151236099,133.257309101974,1.28179421551468,87.0642426318861
"US",50,0.08,FALSE,FALSE,50,"BEBCS",NA,NA,NA,NA,NA,NA,NA,NA,131.537964686904,31.0390559743725,NA,0,NA,NA,0.75264329023612,NA,NA,NA,NA,NA,116.279758519933
"China",50,0.08,FALSE,FALSE,50,"BES",4958753.06587035,NA,NA,-134.352873009004,-37.2645758494839,-58.4296132400843,NA,34.4713036139332,84.4773368987069,4.05491217113793,45.17069554209,0,0.565301384194001,28.2650692097,1.472501178,47.0082621621671,NA,90.7998897451034,236.606256010496,0,68.5291501786788
"China",50,0.08,FALSE,FALSE,50,"BECCS",87602.7403843876,NA,NA,-52.2399823057257,-18.0252355357403,-36.0718135366068,126.148133883956,10.6708331827017,107.325938487019,5.36629692435097,41.6006249774052,42.8432780251156,2.1137648636001,105.688243180005,1.3743344328,55.3760816972793,NA,143.441169564715,93.263172023552,1.33444751489905,87.0642426318861
"China",50,0.08,FALSE,FALSE,50,"BEBCS",214.961986088936,NA,NA,-81.9789602159319,-76.4448949959562,-79.2119276059441,NA,196.689170837402,131.537964686904,31.0390559743725,69.5033756256103,0,1.04237087842209,52.1185439211047,0.75264329023612,25.5898718680281,75.1600528918095,208.492316919277,222.645307267565,1.5527030120644,116.279758519933
"Europe",50,0.08,FALSE,FALSE,50,"BES",4643024.56737118,9849.3194155823,151882.638285697,-175.022639366082,2.58689653863217,-64.6914424069573,NA,47.9821453997658,84.4773368987069,4.05491217113793,72.2133218099623,0,0.169240452991165,8.46202264955822,1.472501178,87.5921058233102,NA,109.164986270599,Inf,0,68.5291501786788
"Europe",50,0.08,FALSE,FALSE,50,"BECCS",114368.702388935,NA,NA,-66.9620791259474,-22.121554439321,-48.306878950527,123.869523920098,20.3417039969849,107.325938487019,5.36629692435097,68.0672555995477,42.6541345190802,1.62731684726127,81.3658423630636,1.3743344328,93.7409042164088,NA,162.561324374902,137.292549768747,1.02734649448313,87.0642426318861
"Europe",50,0.08,FALSE,FALSE,50,"BEBCS",NA,NA,NA,NA,NA,NA,NA,NA,131.537964686904,31.0390559743725,NA,0,NA,NA,0.75264329023612,NA,NA,NA,NA,NA,116.279758519933
"India",50,0.08,FALSE,FALSE,50,"BES",2869921.46386035,NA,NA,-108.149122701513,-8.68408703469882,-29.9894091414451,NA,22.8353864078523,84.4773368987069,4.05491217113793,42.1250865472921,0,0.84859728930767,42.4298644653834,1.472501178,58.238062010304,NA,88.731566106181,153.980220917713,0,68.5291501786788
"India",50,0.08,FALSE,FALSE,50,"BECCS",39878.3841028158,NA,NA,-26.5058277489321,-1.38249830883234,-17.5945928383328,108.462805865028,14.504097460111,107.325938487019,5.36629692435097,40.1756146190167,41.2174060724311,2.37670502967254,118.835251483627,1.3743344328,57.6554117808581,NA,141.22127152661,81.6617209074079,1.50044509449024,87.0642426318861
"India",50,0.08,FALSE,FALSE,50,"BEBCS",NA,NA,NA,NA,NA,NA,NA,NA,131.537964686904,31.0390559743725,NA,0,NA,NA,0.75264329023612,NA,NA,NA,NA,NA,116.279758519933
"US",100,0.08,FALSE,FALSE,50,"BES",3134430.81184319,NA,NA,-167.524693667914,-3.96477429957304,-88.7419567387318,NA,162.40770460291,84.4773368987069,4.05491217113793,124.421155690436,0,0.441256952821023,44.1256952821023,1.472501178,80.0857527394462,NA,144.620193139351,568.952278719097,0,68.5291501786788
"US",100,0.08,FALSE,FALSE,50,"BECCS",2259279.0155721,475764.633309098,2504891.86758915,-124.56698407514,55.6778867766869,-28.4866220081182,489.3304943034,112.546430922905,107.325938487019,5.36629692435097,116.941964638436,77.6514697249484,2.11881869088905,211.881869088905,1.3743344328,66.9171786777337,NA,223.58871497435,146.076933223144,1.33763806242996,87.0642426318861
"US",100,0.08,FALSE,FALSE,50,"BEBCS",141364.338621241,NA,NA,-145.924616262613,-70.4456225242487,-103.256858401506,NA,127.839964647869,131.537964686904,31.0390559743725,119.23599469718,0,0.861348327227146,86.1348327227146,0.75264329023612,33.6823875942258,58.7389366400096,296.387520638712,328.884743465512,1.4313508804011,116.279758519933
"China",100,0.08,FALSE,FALSE,50,"BES",4282423.34160538,NA,NA,-105.742049347274,-8.8903696165338,-31.071710998307,NA,35.789994442905,84.4773368987069,4.05491217113793,45.3684991664356,0,0.565169515111104,56.5169515111101,1.472501178,46.3120857268742,NA,90.9342214708104,237.01141891969,0,68.5291501786788
"China",100,0.08,FALSE,FALSE,50,"BECCS",633373.367855966,522640.574671844,55727954.5079572,-33.6821478597925,87.6747125687307,31.9572492883473,481.307353716348,12.3684410887731,107.325938487019,5.36629692435097,41.855266163316,77.1145744913857,2.1135951028095,211.359510280949,1.3743344328,52.2598150734714,NA,168.563102646053,109.606361787312,1.33434034268276,87.0642426318861
"China",100,0.08,FALSE,FALSE,50,"BEBCS",130774.058779809,NA,NA,-106.937542989215,-15.4485375631295,-43.1152634029111,NA,78.9643959224315,131.537964686904,31.0390559743725,51.8446593883647,0,1.02734216864402,102.734216864402,0.75264329023612,18.3492384601439,50.2229613221836,218.162735066626,208.82085404486,1.59719154260013,116.279758519933
"Europe",100,0.08,FALSE,FALSE,50,"BES",3768072.4617784,244197.32268947,3713884.89302565,-175.729275237915,68.7754833814671,-54.5278509486819,NA,52.0808717421351,84.4773368987069,4.05491217113793,72.8281307613179,0,0.193888124872452,19.3888124872453,1.472501178,87.4437163952323,NA,109.582513238007,Inf,0,68.5291501786788
"Europe",100,0.08,FALSE,FALSE,50,"BECCS",952009.834387428,411529.114570281,14782658.2165607,-121.708383851772,59.5192645222509,-8.89680332735614,467.351380238727,28.8756812703427,107.325938487019,5.36629692435097,69.3473521905523,75.6571194730864,1.64310128400874,164.310128400873,1.3743344328,84.4897753467727,NA,187.506549297458,156.832773352299,1.03731141667219,87.0642426318861
"Europe",100,0.08,FALSE,FALSE,50,"BEBCS",37310.9735945363,NA,NA,-114.706029481812,-80.8751745706932,-90.229211022691,NA,48.729906662469,131.537964686904,31.0390559743725,72.3254859993703,0,0.694081562605562,69.4081562605563,0.75264329023612,31.8049984193591,43.4601409580397,254.36002444471,338.674725787924,1.21724900777016,116.279758519933
"India",100,0.08,FALSE,FALSE,50,"BES",2324635.30138757,2204325.56344881,121077567.278651,-67.2410800070934,33.8191175685858,12.4522749143642,NA,23.6009778846811,84.4773368987069,4.05491217113793,42.3981039273576,0,0.848520730159985,84.8520730159983,1.472501178,58.5305548955628,NA,88.9169767422781,154.318040177408,0,68.5291501786788
"India",100,0.08,FALSE,FALSE,50,"BECCS",585164.546575592,584005.649314927,37808449.4476437,-2.64419683614551,117.48432030416,52.5725987149828,540.022513747812,19.1216447839273,107.325938487019,5.36629692435097,40.8682467175892,84.9369740317636,2.37624327494016,237.624327494016,1.3743344328,53.4457273816917,NA,173.536695631514,100.368200208867,1.50015358266424,87.0642426318861
"India",100,0.08,FALSE,FALSE,50,"BEBCS",NA,NA,NA,NA,NA,NA,NA,NA,131.537964686904,31.0390559743725,NA,0,NA,NA,0.75264329023612,NA,NA,NA,NA,NA,116.279758519933
"US",150,0.08,FALSE,FALSE,50,"BES",682118.537553887,31988.9396516281,140299.545904866,-159.868626889812,10.5434021274262,-58.2416389157236,NA,226.718058544772,84.4773368987069,4.05491217113793,134.067708781716,0,0.41107566599155,61.6613498987324,1.472501178,102.696969037105,NA,151.171327519006,643.723569269255,0,68.5291501786788
"US",150,0.08,FALSE,FALSE,50,"BECCS",4416068.03323017,2646470.25167088,11353520.6288073,-125.797399295134,184.921203920723,28.8323578465515,840.284572162523,121.67322121804,107.325938487019,5.36629692435097,118.310983182706,118.83344770741,2.06891285565347,310.336928348022,1.3743344328,68.3320958000188,NA,254.549880984024,170.588767374,1.30613185331658,87.0642426318861
"US",150,0.08,FALSE,FALSE,50,"BEBCS",436887.595252519,NA,NA,-153.714236575455,-1.18077557885886,-86.4680738266466,NA,197.087602628699,131.537964686904,31.0390559743725,129.623140394305,0,0.902789954210556,135.418493131583,0.75264329023612,33.8048601605901,36.5087339367613,339.724581931241,326.479193167839,1.41451091840741,116.279758519933
"China",150,0.08,FALSE,FALSE,50,"BES",1567877.79993832,767676.285455891,49665904.0095396,-78.7174625324682,17.4995979220556,-2.68039806609392,NA,38.6866882681292,84.4773368987069,4.05491217113793,45.803003240219,0,0.564879845728585,84.7319768592872,1.472501178,46.9228773846808,NA,91.2293004020022,237.939320068136,0,68.5291501786788
"China",150,0.08,FALSE,FALSE,50,"BECCS",1679425.32209836,1671251.41153318,140097789.193546,-10.3118259830119,193.374660673202,73.4681452706827,960.156255710974,15.9516971856753,107.325938487019,5.36629692435097,42.3927545778512,138.117014737543,2.1132367771998,316.985516579972,1.3743344328,49.6846334174824,NA,213.341089133167,138.749300801093,1.33411412702007,87.0642426318861
"China",150,0.08,FALSE,FALSE,50,"BEBCS",1799267.64620437,1003865.72936271,30421438.173409,-75.1417595049153,30.8083530706788,0.693815529198103,NA,46.6544190842235,131.537964686904,31.0390559743725,46.9981628626337,0,1.00480881528478,150.721322292716,0.75264329023612,21.4211644243096,38.1265123360794,227.795389146488,208.840975332286,1.62744017131916,116.279758519933
"Europe",150,0.08,FALSE,FALSE,50,"BES",1570399.95142599,261312.968724707,3761328.04602046,-169.451372688118,134.964070224302,-14.9420682296806,NA,39.7934282226015,84.4773368987069,4.05491217113793,70.9850142333899,0,0.2995545248172,44.9331787225799,1.472501178,99.6420163509741,NA,108.330822200018,Inf,0,68.5291501786788
"Europe",150,0.08,FALSE,FALSE,50,"BECCS",2357987.90786453,1630537.05953625,45617107.2889556,-139.43086088632,141.160083483823,24.7019200258467,947.904913190958,35.7149024376696,107.325938487019,5.36629692435097,70.3732353656485,133.598033234265,1.70818518531641,256.227777797459,1.3743344328,85.1376462396774,NA,230.412260985218,185.207652446995,1.0783997382048,87.0642426318861
"Europe",150,0.08,FALSE,FALSE,50,"BEBCS",829005.410469598,NA,NA,-153.798655478195,-19.9238109764696,-83.366373141753,NA,93.3276109888512,131.537964686904,31.0390559743725,79.0151416483282,0,0.749982970210937,112.497445531641,0.75264329023612,29.9342468616802,15.7940967745354,300.006747504824,322.640160736313,1.18158829848258,116.279758519933
"India",150,0.08,FALSE,FALSE,50,"BES",519144.646327718,516622.996758053,28549973.585627,-26.3330373126738,72.9681123179828,50.4073533674335,NA,31.9487849690284,84.4773368987069,4.05491217113793,45.1894252699823,0,0.847685949451551,127.152892417732,1.472501178,56.97613528953,NA,90.812609414311,157.784138522443,0,68.5291501786788
"India",150,0.08,FALSE,FALSE,50,"BECCS",2357782.36104934,2357782.36104934,131307879.710021,48.73224330496,236.351138917153,111.94511921546,966.291756385389,19.8510778431648,107.325938487019,5.36629692435097,40.9776616764748,145.50015044638,2.37617033163424,356.425549745136,1.3743344328,54.6896170045524,NA,217.683585882887,125.90494739494,1.50010753259737,87.0642426318861
"India",150,0.08,FALSE,FALSE,50,"BEBCS",32872.8405861129,32872.8405861129,112903.167037701,12.7193119638707,56.0511054851644,28.9180527153614,NA,73.5305006424052,131.537964686904,31.0390559743725,70.0436690560923,0,1.04620255789779,156.930383684669,0.75264329023612,29.4763399721063,75.1320187759545,209.247425685555,222.373141088431,2.01719396775674,116.279758519933
"US",200,0.08,FALSE,FALSE,50,"BES",142415.110890439,105551.020177126,203801.402962139,-138.196423530291,25.0515785544255,2.72305208523446,NA,156.74563299453,84.4773368987069,4.05491217113793,123.57184494918,0,0.299080545083827,59.8161090167653,1.472501178,155.011037087494,NA,144.043412112655,739.661522849461,0,68.5291501786788
"US",200,0.08,FALSE,FALSE,50,"BECCS",4910308.33829088,4709862.9275405,15197800.1740764,-86.775852419505,314.164521064759,119.613331695714,978.759602383,133.608720058834,107.325938487019,5.36629692435097,120.101308008825,130.428565611228,2.06598054079526,413.196108159049,1.3743344328,69.6393325680838,NA,264.289462857606,177.411725568158,1.30428064444145,87.0642426318861
"US",200,0.08,FALSE,FALSE,50,"BEBCS",482350.716855025,20488.7378079344,11366.3499515091,-120.303557220565,43.7324756713526,-54.6953540331,NA,212.354322667688,131.537964686904,31.0390559743725,131.913148400153,0,0.877779991639242,175.555998327848,0.75264329023612,36.6049521692815,27.6338645311995,354.558803608693,337.383452789665,1.3783587451224,116.279758519933
"China",200,0.08,FALSE,FALSE,50,"BES",111558.451415925,110769.049610114,12251677.2102749,-23.0372619176135,33.9091396709365,23.1007665491544,NA,14.7536154092787,84.4773368987069,4.05491217113793,42.2130423113917,0,0.567273153014467,113.454630602894,1.472501178,40.3914273274982,NA,88.7912983260353,230.495222955997,0,68.5291501786788
"China",200,0.08,FALSE,FALSE,50,"BECCS",3188851.65754674,3188851.65754674,203879085.622837,20.6788859637483,299.074608777673,131.262053031601,1495.23263573151,22.7994523385364,107.325938487019,5.36629692435097,43.4199178507806,182.868987859642,2.11255200168451,422.510400336905,1.3743344328,47.7327938164852,NA,246.651130199197,160.471100472397,1.33368181924528,87.0642426318861
"China",200,0.08,FALSE,FALSE,50,"BEBCS",1746160.65927834,1727027.59748309,38180803.1726282,-32.896739334855,83.623256093089,42.0509549109689,NA,56.538046107581,131.537964686904,31.0390559743725,48.4807069161372,0,1.00911620788562,201.823241577124,0.75264329023612,20.5609483454689,30.7244925657871,239.599870683829,209.382730307397,1.62101629304517,116.279758519933
"Europe",200,0.08,FALSE,FALSE,50,"BES",225001.443709971,217439.753113464,2425943.05629903,-169.946355880508,200.45103155406,97.2706059278784,NA,52.7800268233821,84.4773368987069,4.05491217113793,72.9330040235072,0,0.821653641669515,164.330728333903,1.472501178,94.4051306873289,NA,109.653734411717,Inf,0,68.5291501786788
"Europe",200,0.08,FALSE,FALSE,50,"BECCS",3468746.17062819,3088926.96134341,84769397.2009323,-159.209222052006,236.706918913154,83.5466657468269,1317.75181329011,38.4821561543565,107.325938487019,5.36629692435097,70.7883234231505,163.819756786207,1.7339396178917,346.787923578345,1.3743344328,84.0590577892276,NA,252.704368989112,200.374878207158,1.09465884967911,87.0642426318861
"Europe",200,0.08,FALSE,FALSE,50,"BEBCS",1063645.65542194,80319.4772408213,1063940.14220618,-116.606390191758,74.7845765610493,-32.3854330908632,NA,77.6043063192601,131.537964686904,31.0390559743725,76.6566459478895,0,0.749119123621253,149.823824724251,0.75264329023612,40.4222633568856,16.60214543717,295.799516265069,320.313214516262,1.21270800419748,116.279758519933
"India",200,0.08,FALSE,FALSE,50,"BES",106946.261478861,106946.261478861,734675.069591803,14.5750053817459,104.217444754128,81.8579599361876,NA,57.6215865612509,84.4773368987069,4.05491217113793,54.6211274314238,0,0.845118669292326,169.023733858465,1.472501178,55.9876025789905,NA,97.21783496004,169.462630036064,0,68.5291501786788
"India",200,0.08,FALSE,FALSE,50,"BECCS",2802853.58648434,2802853.58648434,159250468.4919,58.7243023394863,355.217957530146,217.925904660984,1137.4417497389,21.3182875121123,107.325938487019,5.36629692435097,41.5940886012961,157.47709947624,2.37602361066735,475.204722133468,1.3743344328,54.4846060164237,NA,226.846840221951,131.215101388428,1.50001490572434,87.0642426318861
"India",200,0.08,FALSE,FALSE,50,"BEBCS",NA,NA,NA,NA,NA,NA,NA,NA,131.537964686904,31.0390559743725,NA,0,NA,NA,0.75264329023612,NA,NA,NA,NA,NA,116.279758519933
"US",0,0.15,FALSE,FALSE,50,"BES",5535074.16603613,NA,NA,-247.767686784514,-96.2429642755481,-196.727897865857,NA,141.633983766541,144.841685297539,6.95240089428189,121.305097564982,0,0.490953871124919,0,1.472501178,76.371285890949,NA,185.466190341345,657.575149157352,0,68.5291501786788
"US",0,0.15,FALSE,FALSE,50,"BECCS",NA,NA,NA,NA,NA,NA,NA,NA,184.017043828448,9.20085219142243,NA,NA,NA,NA,1.3743344328,NA,NA,NA,NA,NA,87.0642426318861
"US",0,0.15,FALSE,FALSE,50,"BEBCS",NA,NA,NA,NA,NA,NA,NA,NA,214.860192386508,32.7099044135967,NA,0,NA,NA,0.75264329023612,NA,NA,NA,NA,NA,116.279758519933
"China",0,0.15,FALSE,FALSE,50,"BES",5046570.76824062,NA,NA,-223.997036722398,-128.900619204411,-149.689733852274,NA,34.0769839291993,144.841685297539,6.95240089428189,45.1115475893802,0,0.565340816162475,0,1.472501178,47.2158999289452,NA,133.721885403612,348.390286212553,0,68.5291501786788
"China",0,0.15,FALSE,FALSE,50,"BECCS",NA,NA,NA,NA,NA,NA,NA,NA,184.017043828448,9.20085219142243,NA,NA,NA,NA,1.3743344328,NA,NA,NA,NA,NA,87.0642426318861
"China",0,0.15,FALSE,FALSE,50,"BEBCS",NA,NA,NA,NA,NA,NA,NA,NA,214.860192386508,32.7099044135967,NA,0,NA,NA,0.75264329023612,NA,NA,NA,NA,NA,116.279758519933
"Europe",0,0.15,FALSE,FALSE,50,"BES",4757393.26976032,NA,NA,-237.577840616226,-82.2031855748296,-135.994848620373,NA,47.2981500024191,144.841685297539,6.95240089428189,72.1107225003607,0,0.1662044862613,0,1.472501178,87.9099600718187,NA,152.057473391158,Inf,0,68.5291501786788
"Europe",0,0.15,FALSE,FALSE,50,"BECCS",NA,NA,NA,NA,NA,NA,NA,NA,184.017043828448,9.20085219142243,NA,NA,NA,NA,1.3743344328,NA,NA,NA,NA,NA,87.0642426318861
"Europe",0,0.15,FALSE,FALSE,50,"BEBCS",NA,NA,NA,NA,NA,NA,NA,NA,214.860192386508,32.7099044135967,NA,0,NA,NA,0.75264329023612,NA,NA,NA,NA,NA,116.279758519933
"India",0,0.15,FALSE,FALSE,50,"BES",2909799.84796316,NA,NA,-212.319002517909,-114.44912875996,-135.610465518393,NA,22.7280831000404,144.841685297539,6.95240089428189,42.0999782131913,0,0.848608019638451,0,1.472501178,58.283598886615,NA,131.676678634897,228.496577712949,0,68.5291501786788
"India",0,0.15,FALSE,FALSE,50,"BECCS",NA,NA,NA,NA,NA,NA,NA,NA,184.017043828448,9.20085219142243,NA,NA,NA,NA,1.3743344328,NA,NA,NA,NA,NA,87.0642426318861
"India",0,0.15,FALSE,FALSE,50,"BEBCS",NA,NA,NA,NA,NA,NA,NA,NA,214.860192386508,32.7099044135967,NA,0,NA,NA,0.75264329023612,NA,NA,NA,NA,NA,116.279758519933
"US",50,0.15,FALSE,FALSE,50,"BES",5533122.81199199,NA,NA,-238.442597567991,-81.7347878485489,-172.180743804002,NA,141.661978824554,144.841685297539,6.95240089428189,121.309296823684,0,0.491004843533825,24.5502421766911,1.472501178,76.3723970348134,NA,185.469042127655,657.53001239164,0,68.5291501786788
"US",50,0.15,FALSE,FALSE,50,"BECCS",1951.35404413878,NA,NA,-176.15535174002,-167.369714693662,-169.667315417341,15.5043193817139,60.274746170044,184.017043828448,9.20085219142243,109.101211925507,30.7922234727638,1.90356150096333,95.1780750481665,1.3743344328,68.2659409526342,NA,242.380110305086,175.085954260995,1.20174337182028,87.0642426318861
"US",50,0.15,FALSE,FALSE,50,"BEBCS",NA,NA,NA,NA,NA,NA,NA,NA,214.860192386508,32.7099044135967,NA,0,NA,NA,0.75264329023612,NA,NA,NA,NA,NA,116.279758519933
"China",50,0.15,FALSE,FALSE,50,"BES",5045533.98580141,NA,NA,-197.61471013098,-100.52641297146,-121.426031048306,NA,34.0819793559927,144.841685297539,6.95240089428189,45.1122969033992,0,0.565340316619795,28.2670158309897,1.472501178,47.2133362159427,NA,133.722394275204,348.391931082177,0,68.5291501786788
"China",50,0.15,FALSE,FALSE,50,"BECCS",1036.78243921071,NA,NA,-104.549862934687,-99.5837426351154,-102.429596087717,12.9393201828003,9.01492770671845,184.017043828448,9.20085219142243,41.3522391560078,29.6288284774637,2.1139304541477,105.696522707385,1.3743344328,56.07284485824,NA,192.237753306578,124.979983132022,1.33455205438617,87.0642426318861
"China",50,0.15,FALSE,FALSE,50,"BEBCS",NA,NA,NA,NA,NA,NA,NA,NA,214.860192386508,32.7099044135967,NA,0,NA,NA,0.75264329023612,NA,NA,NA,NA,NA,116.279758519933
"Europe",50,0.15,FALSE,FALSE,50,"BES",4756362.18505928,NA,NA,-238.284476488059,-60.6749405833444,-127.686237674315,NA,47.3038779107304,144.841685297539,6.95240089428189,72.1115816866073,0,0.166231284290004,8.3115642145002,1.472501178,87.9078659896273,NA,152.058056878804,Inf,0,68.5291501786788
"Europe",50,0.15,FALSE,FALSE,50,"BECCS",1031.08470104214,NA,NA,-128.632513608565,-103.696099576015,-118.06085933818,11.1626144922697,21.3084269523621,184.017043828448,9.20085219142243,68.2122640428543,28.822976175693,1.62549536537706,81.2747682688531,1.3743344328,90.9175086313846,NA,211.195418896019,178.564476923619,1.02619656905118,87.0642426318861
"Europe",50,0.15,FALSE,FALSE,50,"BEBCS",NA,NA,NA,NA,NA,NA,NA,NA,214.860192386508,32.7099044135967,NA,0,NA,NA,0.75264329023612,NA,NA,NA,NA,NA,116.279758519933
"India",50,0.15,FALSE,FALSE,50,"BES",2909316.29561943,NA,NA,-171.41095982349,-71.9459241566754,-93.1810773942886,NA,22.7303341700308,144.841685297539,6.95240089428189,42.1004237300016,0,0.848607794531452,42.4303897265725,1.472501178,58.2830428009581,NA,131.67698119276,228.497164159292,0,68.5291501786788
"India",50,0.15,FALSE,FALSE,50,"BECCS",483.55234373563,NA,NA,-83.8667737936262,-83.0366924490168,-83.430032787509,8.36424744129181,8.31110534667969,184.017043828448,9.20085219142243,39.246665802002,27.5537335874304,2.37732432888389,118.866216444194,1.3743344328,57.7220461776,NA,189.195794854354,109.374347813011,1.50083606621457,87.0642426318861
"India",50,0.15,FALSE,FALSE,50,"BEBCS",NA,NA,NA,NA,NA,NA,NA,NA,214.860192386508,32.7099044135967,NA,0,NA,NA,0.75264329023612,NA,NA,NA,NA,NA,116.279758519933
"US",100,0.15,FALSE,FALSE,50,"BES",4166523.59059689,NA,NA,-230.78653078989,-67.2266114215496,-151.25067278204,NA,153.397415990029,144.841685297539,6.95240089428189,123.069612398504,0,0.456973831990832,45.6973831990832,1.472501178,77.915642609202,NA,186.664501663526,707.62628090452,0,68.5291501786788
"US",100,0.15,FALSE,FALSE,50,"BECCS",1368550.57543958,NA,NA,-186.353117607822,-31.5806730264647,-107.722559565269,347.209386823935,104.792171305374,184.017043828448,9.20085219142243,115.778825695806,79.5766011113969,2.14085205933845,214.085205933845,1.3743344328,66.7655573279634,NA,282.735638104777,182.656642865103,1.35154801725912,87.0642426318861
"US",100,0.15,FALSE,FALSE,50,"BEBCS",NA,NA,NA,NA,NA,NA,NA,NA,214.860192386508,32.7099044135967,NA,0,NA,NA,0.75264329023612,NA,NA,NA,NA,NA,116.279758519933
"China",100,0.15,FALSE,FALSE,50,"BES",4655341.10260433,NA,NA,-171.232383539563,-72.1522067385104,-94.2495427234259,NA,35.9120102176401,144.841685297539,6.95240089428189,45.3868015326459,0,0.56515731353363,56.5157313533626,1.472501178,46.4156136476895,NA,133.908814926915,348.995518164519,0,68.5291501786788
"China",100,0.15,FALSE,FALSE,50,"BECCS",391229.665636429,1243.72349774832,180744.103385821,-86.0777308117635,6.11620546935558,-48.5603043853865,336.016702338959,11.5775442678631,184.017043828448,9.20085219142243,41.7366316401794,78.1995995492408,2.11367419249158,211.367419249158,1.3743344328,53.2264035747448,NA,227.858750923737,148.156463809277,1.33439027303761,87.0642426318861
"China",100,0.15,FALSE,FALSE,50,"BEBCS",NA,NA,NA,NA,NA,NA,NA,NA,214.860192386508,32.7099044135967,NA,0,NA,NA,0.75264329023612,NA,NA,NA,NA,NA,116.279758519933
"Europe",100,0.15,FALSE,FALSE,50,"BES",4128938.69412249,9940.26789110178,151953.225097896,-238.991112359892,5.51364625949049,-119.087800035097,NA,50.7614505884291,144.841685297539,6.95240089428189,72.6302175882617,0,0.183763799941954,18.3763799941953,1.472501178,86.9601237507785,NA,152.410271131265,Inf,0,68.5291501786788
"Europe",100,0.15,FALSE,FALSE,50,"BECCS",628454.575637947,NA,NA,-171.681532394367,-22.0552806144431,-88.8383605677113,333.898908227622,25.1174657397841,184.017043828448,9.20085219142243,68.7836198609681,77.963359768487,1.63399546975062,163.399546975062,1.3743344328,87.7269681065431,NA,247.366919969179,208.074779748993,1.03156279655974,87.0642426318861
"Europe",100,0.15,FALSE,FALSE,50,"BEBCS",NA,NA,NA,NA,NA,NA,NA,NA,214.860192386508,32.7099044135967,NA,0,NA,NA,0.75264329023612,NA,NA,NA,NA,NA,116.279758519933
"India",100,0.15,FALSE,FALSE,50,"BES",2637214.35594254,NA,NA,-130.50291712907,-29.4427195533908,-50.7699088931007,NA,23.1960828626999,144.841685297539,6.95240089428189,42.2383335734383,0,0.848561219662182,84.8561219662182,1.472501178,58.4063889059353,NA,131.77063805735,228.673174592192,0,68.5291501786788
"India",100,0.15,FALSE,FALSE,50,"BECCS",272585.49202064,44951.9374921649,3572909.07419191,-65.314796074285,35.830126163976,-23.7243013223848,356.582526062531,17.9848312682351,184.017043828448,9.20085219142243,40.6977246902352,80.6808719669317,2.37635695629173,237.635695629174,1.3743344328,53.2364957254812,NA,228.908252001003,132.386873591439,1.50022535119427,87.0642426318861
"India",100,0.15,FALSE,FALSE,50,"BEBCS",NA,NA,NA,NA,NA,NA,NA,NA,214.860192386508,32.7099044135967,NA,0,NA,NA,0.75264329023612,NA,NA,NA,NA,NA,116.279758519933
"US",150,0.15,FALSE,FALSE,50,"BES",1274545.24144811,NA,NA,-223.130464011789,-52.7184349945503,-131.135570986982,NA,209.363046004083,144.841685297539,6.95240089428189,131.464456900612,0,0.427053279661833,64.057991949275,1.472501178,88.0649801561787,NA,192.365579956388,820.816081481775,0,68.5291501786788
"US",150,0.15,FALSE,FALSE,50,"BECCS",4204676.40772004,698243.767829625,3434174.07212219,-189.227228301919,97.5239317610042,-60.0945667881224,798.405648228782,119.722484838725,184.017043828448,9.20085219142243,118.018372725809,126.605010320607,2.06518429841288,309.777644761933,1.3743344328,67.969067516235,NA,318.584231477233,213.679037191123,1.30377796616975,87.0642426318861
"US",150,0.15,FALSE,FALSE,50,"BEBCS",55852.5168684696,NA,NA,-198.212345145769,-162.126032494402,-178.684855623458,NA,138.813722626657,214.860192386508,32.7099044135967,120.882058393999,0,0.807895739047548,121.184360857132,0.75264329023612,30.8585582050278,37.7243805084859,439.421674219485,456.257497228907,1.29675916135618,116.279758519933
"China",150,0.15,FALSE,FALSE,50,"BES",3636633.25050431,NA,NA,-144.850056948146,-44.3029518696007,-68.2826097367064,NA,40.455321855884,144.841685297539,6.95240089428189,46.0682982783826,0,0.564702982369804,84.7054473554706,1.472501178,44.8743273780337,NA,134.371630682799,350.496573235968,0,68.5291501786788
"China",150,0.15,FALSE,FALSE,50,"BECCS",1383984.57494141,553715.239182346,59025903.5724049,-72.1190993478161,111.816153573827,-3.13087467784657,827.2846838338,14.7594582899369,184.017043828448,9.20085219142243,42.2139187434905,134.881882664944,2.11335600108938,317.003400163409,1.3743344328,50.1794225870581,NA,269.449479391889,175.227713743601,1.33418939462713,87.0642426318861
"China",150,0.15,FALSE,FALSE,50,"BEBCS",25952.9427955171,NA,NA,-133.756877950193,-71.5661588866953,-85.9606913471781,NA,134.445290660478,214.860192386508,32.7099044135967,60.1667935990718,0,1.0648700341431,159.730505121466,0.75264329023612,20.1144668960315,41.9312270345017,353.162868536683,289.072093380985,1.54885195757762,116.279758519933
"Europe",150,0.15,FALSE,FALSE,50,"BES",2506777.15109247,148680.607173215,1706986.74496465,-238.469243470983,71.7022331023255,-94.1807888910445,NA,41.4717375640415,144.841685297539,6.95240089428189,71.2367606346044,0,0.243815756747933,36.5723635121901,1.472501178,92.2776944231887,NA,151.463951376499,Inf,0,68.5291501786788
"Europe",150,0.15,FALSE,FALSE,50,"BECCS",1959978.18693426,246246.584520388,10030004.9194814,-217.251590728896,59.5855383471288,-57.8220744999534,811.467561427096,35.618259671282,184.017043828448,9.20085219142243,70.3587389506911,131.081828517223,1.68362584739621,252.543877109431,1.3743344328,84.2925118784246,NA,287.163338172157,234.623167087837,1.06289510567943,87.0642426318861
"Europe",150,0.15,FALSE,FALSE,50,"BEBCS",290637.931733554,NA,NA,-237.859591952891,-142.480217405928,-186.397046000534,NA,145.299974664923,214.860192386508,32.7099044135967,86.8109961997388,0,0.777584776253542,116.637716438031,0.75264329023612,24.7904362130663,6.55589434821176,435.565164672878,430.568321114138,1.14755179295716,116.279758519933
"India",150,0.15,FALSE,FALSE,50,"BES",881435.866919037,11354.5255375789,284849.190513188,-89.5948744346504,10.2791469077372,-11.8788533766388,NA,28.9995021908463,144.841685297539,6.95240089428189,44.5578594603633,0,0.847980877729363,127.197131659405,1.472501178,57.2759606161378,NA,133.345866601531,231.583438906733,0,68.5291501786788
"India",150,0.15,FALSE,FALSE,50,"BECCS",2028363.98104408,1777209.07361826,102295507.842877,-23.6333316848172,154.696944776969,32.6932299278174,861.444557173177,19.8727101912651,184.017043828448,9.20085219142243,40.9809065286899,144.359410304969,2.37616816839943,356.425225259914,1.3743344328,54.8262175214333,NA,275.448394378269,159.315282859328,1.50010616691884,87.0642426318861
"India",150,0.15,FALSE,FALSE,50,"BEBCS",NA,NA,NA,NA,NA,NA,NA,NA,214.860192386508,32.7099044135967,NA,0,NA,NA,0.75264329023612,NA,NA,NA,NA,NA,116.279758519933
"US",200,0.15,FALSE,FALSE,50,"BES",373192.091223186,NA,NA,-201.458260652267,-38.2102585675511,-100.263758764624,NA,206.029654999083,144.841685297539,6.95240089428189,130.964448249862,0,0.334417433902518,66.8834867805035,1.472501178,115.611288896555,NA,192.026015779312,903.893107210875,0,68.5291501786788
"US",200,0.15,FALSE,FALSE,50,"BECCS",4905603.85248538,3385149.45849064,12788931.7557942,-171.764411023,226.628536548473,28.9488586195683,977.059044981368,133.307444426394,184.017043828448,9.20085219142243,120.056116663959,140.187930565358,2.06653887770175,413.307775540349,1.3743344328,69.1030263284031,NA,329.950216211441,221.138069705179,1.30463312986221,87.0642426318861
"US",200,0.15,FALSE,FALSE,50,"BEBCS",256278.222327773,NA,NA,-205.296633359394,-58.7522491862778,-152.308482931836,NA,198.377195691158,214.860192386508,32.7099044135967,129.816579353674,0,0.846171920131006,169.234384026201,0.75264329023612,32.4166532012664,23.4271559944748,470.288548042805,447.456570265637,1.33173000329785,116.279758519933
"China",200,0.15,FALSE,FALSE,50,"BES",1294430.82986585,NA,NA,-115.509980417764,-18.8949779790635,-42.744843942759,NA,44.6594818301053,144.841685297539,6.95240089428189,46.6989222745159,0,0.564282566372385,112.856513274477,1.472501178,42.8916512491037,NA,134.799897909717,351.921024319225,0,68.5291501786788
"China",200,0.15,FALSE,FALSE,50,"BECCS",3193009.32936103,2544294.49386236,181568573.090318,-59.8467746447523,217.516101678298,47.1849828648082,1487.36115066313,22.6636254723978,184.017043828448,9.20085219142243,43.3995438208599,186.382434482538,2.11256558437113,422.513116874228,1.3743344328,47.671740313844,NA,307.785255340992,200.239799037343,1.3336903941737,87.0642426318861
"China",200,0.15,FALSE,FALSE,50,"BEBCS",559130.609014194,NA,NA,-114.575165892634,-15.745109122113,-46.9743062407215,NA,75.4518831587669,214.860192386508,32.7099044135967,51.317782473815,0,1.02706537947374,205.413075894749,0.75264329023612,17.8157564589236,28.6847406795266,359.005576877759,291.24907787662,1.59757762468008,116.279758519933
"Europe",200,0.15,FALSE,FALSE,50,"BES",604048.744574622,209874.83625143,2438989.09076271,-233.208193002484,137.612105715577,-44.8144036971054,NA,45.4789989738435,144.841685297539,6.95240089428189,71.8378498460769,0,0.37934150363871,75.868300727742,1.472501178,102.949231613046,NA,151.872161040742,Inf,0,68.5291501786788
"Europe",200,0.15,FALSE,FALSE,50,"BECCS",3517163.27506149,1856576.75387048,53317702.4078285,-212.189602551104,156.181258304653,-4.66615049611652,1328.62912579571,39.0822856634232,184.017043828448,9.20085219142243,70.8783428495106,170.148197104027,1.73086845869995,346.173691739996,1.3743344328,83.4045937373119,NA,315.967078761686,251.477736109338,1.09271998655301,87.0642426318861
"Europe",200,0.15,FALSE,FALSE,50,"BEBCS",636181.250124055,NA,NA,-201.599466330587,-70.2438453298491,-130.421789777115,NA,96.4705110628817,214.860192386508,32.7099044135967,79.4865766594324,0,0.744635079461191,148.927015892238,0.75264329023612,34.3027126245655,13.4051551656233,416.733294992261,440.190997301081,1.18742654397485,116.279758519933
"India",200,0.15,FALSE,FALSE,50,"BES",116299.541692226,87249.7860872147,1009884.74337271,-48.6868317402307,40.9556076321516,19.5191167651695,NA,55.5503432154214,144.841685297539,6.95240089428189,53.7369959267576,0,0.845325793626909,169.065158725382,1.472501178,55.9850401583662,NA,139.579570590048,243.211651333797,0,68.5291501786788
"India",200,0.15,FALSE,FALSE,50,"BECCS",2793500.30627096,2793500.30627096,158929818.630473,7.22903725939761,273.563763389962,133.022418273757,1131.80290526427,21.2837003714685,184.017043828448,9.20085219142243,41.587877360341,161.869655281903,2.37602706938142,475.205413876281,1.3743344328,54.4924330595925,NA,288.630932322598,166.951675929261,1.50001708925594,87.0642426318861
"India",200,0.15,FALSE,FALSE,50,"BEBCS",NA,NA,NA,NA,NA,NA,NA,NA,214.860192386508,32.7099044135967,NA,0,NA,NA,0.75264329023612,NA,NA,NA,NA,NA,116.279758519933
"US",0,0.02,TRUE,TRUE,150,"BES",5076823.9897176,278902.473532287,293357.267769579,-89.0904994119968,23.4085905872032,-61.7041927235824,NA,43.3333333333333,30.5405906419817,1.46594835081512,106.56,0,0.501615886227775,0,1.472501178,76.8623462692188,NA,94.1028374462848,324.753094646241,0,147.863242123301
"US",0,0.02,TRUE,TRUE,150,"BECCS",NA,NA,NA,NA,NA,NA,NA,43.3333333333333,38.8009100775612,1.94004550387806,106.56,NA,NA,NA,1.3743344328,NA,NA,NA,NA,NA,187.855841711075
"US",0,0.02,TRUE,TRUE,150,"BEBCS",514892.835777373,NA,NA,-78.1792538044593,-28.1051465686847,-60.7411524465629,NA,43.3333333333333,52.6939460458064,21.4876049172528,106.56,0,0.936734270750361,0,0.75264329023612,36.2170071817497,83.7833913347472,128.823522226437,194.07928632664,1.61939530149302,250.893262841323
"China",0,0.02,TRUE,TRUE,150,"BES",4797012.96462248,NA,NA,-49.0565154327968,-13.7164871607968,-30.8919772462299,NA,43.3333333333333,30.5405906419817,1.46594835081512,46.5,0,0.564415181222182,0,1.472501178,47.6145617465822,NA,53.3150941851381,139.09359918838,0,147.863242123301
"China",0,0.02,TRUE,TRUE,150,"BECCS",NA,NA,NA,NA,NA,NA,NA,43.3333333333333,38.8009100775612,1.94004550387806,46.5,NA,NA,NA,1.3743344328,NA,NA,NA,NA,NA,187.855841711075
"China",0,0.02,TRUE,TRUE,150,"BEBCS",250252.65239321,653.487732883385,6090.21790008542,-49.0308676327364,5.20546504441408,-33.5190573012839,NA,43.3333333333333,52.6939460458064,21.4876049172528,46.5,0,0.991632912072864,0,0.75264329023612,20.1172475305902,67.0452461311853,71.2639115071991,121.976023895159,1.64222776885475,250.893262841323
"Europe",0,0.02,TRUE,TRUE,150,"BES",4773967.01445712,805617.632859772,20750128.787084,-59.3475036527968,37.8375740952032,-15.8968004849471,NA,43.3333333333333,30.5405906419817,1.46594835081512,71.516,0,0.165451759489716,0,1.472501178,87.6257385078582,NA,70.3038751611762,1822.04383590432,0,147.863242123301
"Europe",0,0.02,TRUE,TRUE,150,"BECCS",NA,NA,NA,NA,NA,NA,NA,43.3333333333333,38.8009100775612,1.94004550387806,71.516,NA,NA,NA,1.3743344328,NA,NA,NA,NA,NA,187.855841711075
"Europe",0,0.02,TRUE,TRUE,150,"BEBCS",1817.33527030305,NA,NA,-9.27792601045059,-4.56681106298788,-7.39364854082011,NA,43.3333333333333,52.6939460458064,21.4876049172528,71.516,0,1.12405917853367,0,0.75264329023612,48.1691705751117,90.1347318471274,73.8235759711623,129.623411107915,2.0364847679915,250.893262841323
"India",0,0.02,TRUE,TRUE,150,"BES",2617097.88404485,306404.614937141,12533742.9203961,-32.3315036527968,0.0635222632031684,-18.2056771598438,NA,43.3333333333333,30.5405906419817,1.46594835081512,44.5,0,0.846547494614865,0,1.472501178,58.3008618329469,NA,51.9568609763087,90.3747745749454,0,147.863242123301
"India",0,0.02,TRUE,TRUE,150,"BECCS",NA,NA,NA,NA,NA,NA,NA,43.3333333333333,38.8009100775612,1.94004550387806,44.5,NA,NA,NA,1.3743344328,NA,NA,NA,NA,NA,187.855841711075
"India",0,0.02,TRUE,TRUE,150,"BEBCS",294283.719362962,62239.9782338841,807938.808752026,-32.3248538733973,19.0260916092751,-7.66507660225427,NA,43.3333333333333,52.6939460458064,21.4876049172528,44.5,0,1.05651317506172,0,0.75264329023612,29.7091594722136,81.307314888592,49.6573032129762,112.336500872834,2.00895191888111,250.893262841323
"US",50,0.02,TRUE,TRUE,150,"BES",3033935.46378804,319082.202312874,297871.018153874,-71.3350994113601,38.155719456362,-33.5737261425146,NA,43.3333333333333,30.5405906419817,1.46594835081512,106.56,0,0.486575732209693,24.3287866104847,1.472501178,80.6640262397993,NA,94.1028374462848,341.451347002564,0,147.863242123301
"US",50,0.02,TRUE,TRUE,150,"BECCS",793379.386665942,30211.9040886592,20780.6932151257,-70.9785910094067,22.6032700519648,-24.5794346738197,193.02260625102,43.3333333333333,38.8009100775612,1.94004550387806,106.56,48.5939877611407,2.10191172506445,105.095586253223,1.3743344328,66.2199224155391,NA,142.538045083738,93.7703937555853,1.32696447289419,187.855841711075
"US",50,0.02,TRUE,TRUE,150,"BEBCS",1764401.97504134,12360.5978998033,723.152028680985,-71.2279297836983,45.1269958902586,-26.9974184578327,NA,43.3333333333333,52.6939460458064,21.4876049172528,106.56,0,0.948739912364711,47.4369956182355,0.75264329023612,36.3295167683681,69.9776201186237,147.166569185366,191.898378439632,1.60320257271922,250.893262841323
"China",50,0.02,TRUE,TRUE,150,"BES",2232410.29070297,650941.657359945,58081675.8330435,-20.8357563716938,14.5042719003062,-2.48250895174683,NA,43.3333333333333,30.5405906419817,1.46594835081512,46.5,0,0.564415181221772,28.2207590610958,1.472501178,47.8032709799442,NA,53.3150941851381,139.093599188491,0,147.863242123301
"China",50,0.02,TRUE,TRUE,150,"BECCS",470253.73355238,441861.946961035,36736525.0404908,-17.3756317536883,49.7092012951258,16.4178600797559,193.973894286569,43.3333333333333,38.8009100775612,1.94004550387806,46.5,48.7163789975405,2.11049861358512,105.524930679243,1.3743344328,46.8502639794857,NA,98.9259465048745,64.4195327605705,1.33238548837449,187.855841711075
"China",50,0.02,TRUE,TRUE,150,"BEBCS",2344601.59276047,1672626.77358166,84299940.0141036,-20.6303332818103,58.118478103549,6.0968242276522,NA,43.3333333333333,52.6939460458064,21.4876049172528,46.5,0,0.983706535971647,49.1853267985828,0.75264329023612,23.4868136015094,54.1062347906174,88.4553373903805,122.892281040541,1.64982741140711,250.893262841323
"Europe",50,0.02,TRUE,TRUE,150,"BES",4220020.64156303,1914638.70528303,47328185.776304,-58.1060465324832,56.83257379625,-7.25764246945355,NA,43.3333333333333,30.5405906419817,1.46594835081512,71.516,0,0.176518750301789,8.82593751508911,1.472501178,87.4389590082672,NA,70.3038751611762,1793.91442144368,0,147.863242123301
"Europe",50,0.02,TRUE,TRUE,150,"BECCS",379662.553890275,284857.919098538,12834557.2097437,-35.9470167565948,49.1090349204204,12.0004708909425,200.078924431016,43.3333333333333,38.8009100775612,1.94004550387806,71.516,49.5018426633424,1.64355759776323,82.1778798881587,1.3743344328,91.581389247568,NA,117.699734783784,98.526150279942,1.03759949353745,187.855841711075
"Europe",50,0.02,TRUE,TRUE,150,"BEBCS",176101.154274122,14136.6686236111,45120.3018936864,-54.4930465631675,51.5990489614866,-24.2260994007067,NA,43.3333333333333,52.6939460458064,21.4876049172528,71.516,0,0.72987075238202,36.4935376191011,0.75264329023612,33.7091966401596,51.2687173030919,125.462931623748,202.612856524393,1.27550020538578,250.893262841323
"India",50,0.02,TRUE,TRUE,150,"BES",2028500.87307017,2028500.87307017,100439015.164364,9.99587107795907,42.3908969939591,24.4742513333231,NA,43.3333333333333,30.5405906419817,1.46594835081512,44.5,0,0.84654749461515,42.3273747307554,1.472501178,58.6534155953592,NA,51.9568609763087,90.3747745749293,0,147.863242123301
"India",50,0.02,TRUE,TRUE,150,"BECCS",320843.942920461,320843.942920461,15838541.3058073,10.4758431866836,66.4423446872411,39.2739548683186,194.455557230856,43.3333333333333,38.8009100775612,1.94004550387806,44.5,48.7783490014469,2.37382210608511,118.691105304264,1.3743344328,54.6021541469456,NA,97.5157875582308,56.4571811170398,1.49862506697306,187.855841711075
"India",50,0.02,TRUE,TRUE,150,"BEBCS",562036.78741714,562036.78741714,43713895.2933626,10.011823128832,71.4488328164718,36.2120840412885,NA,43.3333333333333,52.6939460458064,21.4876049172528,44.5,0,1.05865037706297,52.9325188531483,0.75264329023612,29.062961260842,72.8981548903579,60.830139146445,112.109506427927,2.00486047772513,250.893262841323
"US",100,0.02,TRUE,TRUE,150,"BES",694916.009491965,416089.718018105,485600.032420859,-59.7997002249801,64.211655575074,9.14351096474394,NA,43.3333333333333,30.5405906419817,1.46594835081512,106.56,0,0.387009239845161,38.7009239845156,1.472501178,109.009125973024,NA,94.1028374462848,411.381905415537,0,147.863242123301
"US",100,0.02,TRUE,TRUE,150,"BECCS",3443688.33037477,3109264.23392943,10286804.5835673,-48.5298773694925,152.285985466926,46.3543008418136,446.997435806841,43.3333333333333,38.8009100775612,1.94004550387806,106.56,81.2699935996732,2.09339247559726,209.339247559691,1.3743344328,65.5860024632235,NA,166.31392165256,110.04544187835,1.32158615883661,187.855841711075
"US",100,0.02,TRUE,TRUE,150,"BEBCS",1453112.48562863,1051176.80371126,1144568.07150735,-57.0548648559201,89.7339698775282,11.9749612972886,NA,43.3333333333333,52.6939460458064,21.4876049172528,106.56,0,0.931938846469556,93.193884646956,0.75264329023612,38.3544712297131,61.1681563836794,158.871268940519,195.256073966876,1.54990935409233,250.893262841323
"China",100,0.02,TRUE,TRUE,150,"BES",326054.631448484,326054.631448484,15324803.6285177,7.3850026894093,42.7250309614093,22.2672235323743,NA,43.3333333333333,30.5405906419817,1.46594835081512,46.5,0,0.56441518122209,56.4415181222062,1.472501178,44.3322444029652,NA,53.3150941851381,139.09359918849,0,147.863242123301
"China",100,0.02,TRUE,TRUE,150,"BECCS",1734524.39224214,1734524.39224214,107019663.656175,16.0980978955432,155.234131974378,87.6058578621538,448.235627297693,43.3333333333333,38.8009100775612,1.94004550387806,46.5,81.43335568865,2.11049861358408,211.049861358481,1.3743344328,45.2303077737405,NA,122.731634487568,79.9215456406144,1.33238548837465,187.855841711075
"China",100,0.02,TRUE,TRUE,150,"BEBCS",2986686.5933253,2986686.5933253,131975946.648982,7.497496085275,111.123728793654,49.5408328191194,NA,43.3333333333333,52.6939460458064,21.4876049172528,46.5,0,0.985817760739761,98.5817760739759,0.75264329023612,23.8860013063672,47.7546064018301,96.8944326047862,122.655074218423,1.64788138747833,250.893262841323
"Europe",100,0.02,TRUE,TRUE,150,"BES",2226911.32020385,1803586.39376621,45531509.7039551,-56.8645894121696,122.947611193297,22.4195600169977,NA,43.3333333333333,30.5405906419817,1.46594835081512,71.516,0,0.269894102520845,26.9894102520866,1.472501178,98.9526887577111,NA,70.3038751611762,939.926070760087,0,147.863242123301
"Europe",100,0.02,TRUE,TRUE,150,"BECCS",1322550.4370594,1243631.87969723,41969376.7920178,-50.5146094788454,130.687010130403,54.7760758278711,468.786340999377,43.3333333333333,38.8009100775612,1.94004550387806,71.516,85.6954175769211,1.66385812953328,166.385812953357,1.3743344328,86.3426360329133,NA,144.035082316217,119.05017384054,1.05041548581641,187.855841711075
"Europe",100,0.02,TRUE,TRUE,150,"BEBCS",1226322.59246404,399220.176587064,5579497.09388902,-42.936962589036,107.764908985961,-14.8092590497475,NA,43.3333333333333,52.6939460458064,21.4876049172528,71.516,0,0.772894957911426,77.2894957911418,0.75264329023612,32.3625728193384,21.2362233028349,165.365624426392,189.746861409866,1.21414069892983,250.893262841323
"India",100,0.02,TRUE,TRUE,150,"BES",761223.346042054,761223.346042054,31554696.057989,52.3232458087149,84.718271724715,66.0592511156903,NA,43.3333333333333,30.5405906419817,1.46594835081512,44.5,0,0.846547494615148,84.6547494615128,1.472501178,57.9110406469753,NA,51.9568609763087,90.3747745748967,0,147.863242123301
"India",100,0.02,TRUE,TRUE,150,"BECCS",1744723.96813038,1744723.96813038,93834222.6498021,55.4626194959742,185.133449991502,117.081027517818,492.004120081829,43.3333333333333,38.8009100775612,1.94004550387806,44.5,89.8019639114374,2.37382210608489,237.382210608564,1.3743344328,54.7417364021781,NA,127.365592620897,73.7388530691327,1.49862506697278,187.855841711075
"India",100,0.02,TRUE,TRUE,150,"BEBCS",405434.28923529,405434.28923529,34602533.0557432,52.4870910152048,109.542515345136,82.7315446031974,NA,43.3333333333333,52.6939460458064,21.4876049172528,44.5,0,1.0655561205397,106.555612053971,0.75264329023612,29.3471561553465,65.5103273569412,70.6459810323121,111.397402752015,1.99237060153995,250.893262841323
"US",150,0.02,TRUE,TRUE,150,"BES",133039.904135513,130616.560593075,207047.602558809,-50.5436558416952,66.9195206345737,62.4683701300838,NA,43.3333333333333,30.5405906419817,1.46594835081512,106.56,0,0.302387567351512,45.3581351027267,1.472501178,155.676774020155,NA,94.1028374462848,469.377444229865,0,147.863242123301
"US",150,0.02,TRUE,TRUE,150,"BECCS",4598637.33419141,4594285.91464954,15065189.8360762,-13.8465760843491,281.968700881887,134.916014822333,600.561871204248,43.3333333333333,38.8009100775612,1.94004550387806,106.56,98.1020694971607,2.0817995789202,312.269936838033,1.3743344328,68.0491030629118,NA,178.561359754794,118.830562582148,1.3142674109345,187.855841711075
"US",150,0.02,TRUE,TRUE,150,"BEBCS",860039.587168128,755730.428860433,538513.704141139,-24.2491368121661,135.395038973402,47.9056372964339,NA,43.3333333333333,52.6939460458064,21.4876049172528,106.56,0,0.892080216126959,133.812032419044,0.75264329023612,42.1867265586382,52.6484292818112,170.191009928571,203.913184891466,1.4736212772467,250.893262841323
"China",150,0.02,TRUE,TRUE,150,"BES",15840.1567241985,15840.1567241985,1546561.98664493,35.6057617505124,63.8777843681124,47.4619004871164,NA,43.3333333333333,30.5405906419817,1.46594835081512,46.5,0,0.56441518122206,84.6622771833094,1.472501178,41.3061622966041,NA,53.3150941851381,139.093599188484,0,147.863242123301
"China",150,0.02,TRUE,TRUE,150,"BECCS",2892359.00460878,2892359.00460878,173067064.435416,56.2376590147777,260.759062653629,166.960002202739,644.267519507736,43.3333333333333,38.8009100775612,1.94004550387806,46.5,107.580307533535,2.11049861358379,316.574792037837,1.3743344328,45.2064732799506,NA,141.756808579739,92.3105383064142,1.33238548837399,187.855841711075
"China",150,0.02,TRUE,TRUE,150,"BEBCS",2139066.45568292,2139066.45568292,79706787.5116141,44.4449190227071,164.128979483758,94.972009384324,NA,43.3333333333333,52.6939460458064,21.4876049172528,46.5,0,0.98385000978165,147.577501467246,0.75264329023612,23.1970210089595,44.8790378711764,100.715058614423,122.940694681566,1.65057437647249,250.893262841323
"Europe",150,0.02,TRUE,TRUE,150,"BES",384558.625606427,374659.872080424,10092838.9395322,-55.623132291856,189.062648590344,65.081079779526,NA,43.3333333333333,30.5405906419817,1.46594835081512,71.516,0,0.48311279633854,72.4669194507784,1.472501178,96.136699321544,NA,70.3038751611762,587.240643210136,0,147.863242123301
"Europe",150,0.02,TRUE,TRUE,150,"BECCS",2922517.42954175,2917224.49786907,81510741.6509277,-53.5440467819906,261.290646160537,99.4574294078297,936.41191989961,43.3333333333333,38.8009100775612,1.94004550387806,71.516,134.89104138395,1.73375720051482,260.063580077269,1.3743344328,86.5418462959734,NA,179.831044807529,142.268487262251,1.0945436871937,187.855841711075
"Europe",150,0.02,TRUE,TRUE,150,"BEBCS",1468708.29457917,1398386.94004029,15617656.8506773,-6.08135781708779,163.930769010436,29.1736222329863,NA,43.3333333333333,52.6939460458064,21.4876049172528,71.516,0,0.77570167069234,116.35525060385,0.75264329023612,38.35355588762,20.1623667045756,166.792404698254,189.62991797344,1.24038663367492,250.893262841323
"India",150,0.02,TRUE,TRUE,150,"BES",32184.4662203883,32184.4662203883,48223.5982081092,106.430629963471,106.430629963471,106.43062996347,NA,43.3333333333333,30.5405906419817,1.46594835081512,44.5,0,0.846547494615121,126.982124192268,1.472501178,55.9550447639998,NA,51.9568609763087,90.3747745749105,0,147.863242123301
"India",150,0.02,TRUE,TRUE,150,"BECCS",2788423.86683015,2788423.86683015,158966246.11048,112.15025436124,303.824555295763,211.039977315688,639.65375154285,43.3333333333333,38.8009100775612,1.94004550387806,44.5,114.292854654094,2.37382210608488,356.073315912846,1.3743344328,54.5004716384408,NA,145.185775364015,84.0559238723211,1.49862506697277,187.855841711075
"India",150,0.02,TRUE,TRUE,150,"BEBCS",90773.2703572949,90773.2703572949,976982.054847242,106.511228124416,153.250893815818,118.237092644913,NA,43.3333333333333,52.6939460458064,21.4876049172528,44.5,0,1.13234896773906,169.852345160859,0.75264329023612,28.5533482165874,38.5129502305266,106.516063814748,104.985941180955,1.88689363564345,250.893262841323
"US",200,0.02,TRUE,TRUE,150,"BES",18643.7761261359,16942.7899758995,47830.706251133,-41.2876114584103,81.4231639836972,70.2343763128535,NA,43.3333333333333,30.5405906419817,1.46594835081512,106.56,0,0.282967885516483,56.5935771032965,1.472501178,152.207338202354,NA,94.1028374462848,495.619798836897,0,147.863242123301
"US",200,0.02,TRUE,TRUE,150,"BECCS",5033127.64504363,5032765.88283251,15370163.5820515,-2.07653874230391,411.651416296848,231.243544940335,683.78894996527,43.3333333333333,38.8009100775612,1.94004550387806,106.56,105.748375844459,2.07560950372497,415.121900744942,1.3743344328,69.1709756212518,NA,184.125002900749,123.003898624745,1.31035953517992,187.855841711075
"US",200,0.02,TRUE,TRUE,150,"BEBCS",539945.404325253,539945.404325253,439332.467853543,16.4942004959517,181.056108069276,78.2583954278993,NA,43.3333333333333,52.6939460458064,21.4876049172528,106.56,0,0.866838974395468,173.367794879094,0.75264329023612,47.8025775479997,37.829573963865,189.880091742211,209.339016220884,1.39845069047781,250.893262841323
"China",200,0.02,TRUE,TRUE,150,"BES",3501.60457241151,3501.60457241151,132130.992247714,69.7165255236154,84.4415373036154,79.1037205333654,NA,43.3333333333333,30.5405906419817,1.46594835081512,46.5,0,0.564415181222061,112.883036244412,1.472501178,44.72722328175,NA,53.3150941851381,139.093599188484,0,147.863242123301
"China",200,0.02,TRUE,TRUE,150,"BECCS",3509749.74113592,3509749.74113592,201895718.96735,86.0249998869006,366.283993332881,258.051411490345,780.70604689254,43.3333333333333,38.8009100775612,1.94004550387806,46.5,122.337909173172,2.11049861358473,422.099722716959,1.3743344328,45.5305535279442,NA,152.494807488469,99.3030099169825,1.33238548837352,187.855841711075
"China",200,0.02,TRUE,TRUE,150,"BEBCS",1534014.27130747,1534014.27130747,52292563.974078,88.6596198153139,217.134230173863,140.120388595274,NA,43.3333333333333,52.6939460458064,21.4876049172528,46.5,0,0.987370824831901,197.474164966379,0.75264329023612,22.0771012843876,41.2506733075654,105.535887565774,122.509487758725,1.64684060042273,250.893262841323
"Europe",200,0.02,TRUE,TRUE,150,"BES",91164.0063309303,90119.2054739287,1435992.22735574,-54.3816751715424,176.251703330316,164.073177588497,NA,43.3333333333333,30.5405906419817,1.46594835081512,71.516,0,0.870595210084674,174.119042016934,1.472501178,93.4766745643591,NA,70.3038751611762,214.065870972015,0,147.863242123301
"Europe",200,0.02,TRUE,TRUE,150,"BECCS",3535505.1338441,3534006.53958498,94506222.024113,-42.3710170918665,402.183569953336,171.591896276306,1121.75672884311,43.3333333333333,38.8009100775612,1.94004550387806,71.516,150.24079964629,1.73740655969508,347.48131193921,1.3743344328,86.6083395649852,NA,190.999911639358,150.909885510958,1.09684757556505,187.855841711075
"Europe",200,0.02,TRUE,TRUE,150,"BEBCS",1149115.2095523,1149115.2095523,11763469.9973188,27.9860741743037,220.09662903491,71.003203687479,NA,43.3333333333333,52.6939460458064,21.4876049172528,71.516,0,0.784632412110632,156.926482422125,0.75264329023612,36.0960447983517,23.678227430065,162.121054045028,188.434750897511,1.26473692162038,250.893262841323
"India",200,0.02,TRUE,TRUE,150,"BES",8767.74822051151,8767.74822051151,8966.12649938962,148.758004694227,148.758004694227,148.758004694227,NA,43.3333333333333,30.5405906419817,1.46594835081512,44.5,0,0.846547494615117,169.309498923023,1.472501178,55.955044764,NA,51.9568609763087,90.3747745749108,0,147.863242123301
"India",200,0.02,TRUE,TRUE,150,"BECCS",2814817.13007552,2814817.13007552,159247244.815362,159.347648007786,422.515660600024,328.559272592332,654.598694026063,43.3333333333333,38.8009100775612,1.94004550387806,44.5,115.43856790533,2.37382210608487,474.764421217134,1.3743344328,54.4743748620584,NA,146.019424892028,84.5385688221256,1.4986250669728,187.855841711075
"India",200,0.02,TRUE,TRUE,150,"BEBCS",87796.7251118391,87796.7251118391,735240.821673922,151.438427336311,196.003333700501,170.461231501109,NA,43.3333333333333,52.6939460458064,21.4876049172528,44.5,0,1.16373910292787,232.747820585574,0.75264329023612,28.6208117600739,27.7741501185197,120.784177609582,102.23857799352,1.8452154419129,250.893262841323
"US",0,0.08,TRUE,TRUE,150,"BES",5591716.82549485,NA,NA,-120.758398454221,-8.25930845502111,-93.8957719651155,NA,43.3333333333333,60.7580515601347,2.91638647488646,106.56,0,0.502275542548143,0,1.472501178,76.3386660699158,NA,115.609033512788,395.940969902025,0,147.863242123301
"US",0,0.08,TRUE,TRUE,150,"BECCS",NA,NA,NA,NA,NA,NA,NA,43.3333333333333,77.1912934726282,3.85956467363141,106.56,NA,NA,NA,1.3743344328,NA,NA,NA,NA,NA,187.855841711075
"US",0,0.08,TRUE,TRUE,150,"BEBCS",NA,NA,NA,NA,NA,NA,NA,43.3333333333333,94.6051418517715,22.3240058517718,106.56,0,NA,NA,0.75264329023612,NA,NA,NA,NA,NA,250.893262841323
"China",0,0.08,TRUE,TRUE,150,"BES",5047265.61701538,NA,NA,-80.7244144750211,-45.3843862030211,-62.9609573806616,NA,43.3333333333333,60.7580515601347,2.91638647488646,46.5,0,0.564415181222222,0,1.472501178,47.2134806543875,NA,74.8212902516409,195.201053586963,0,147.863242123301
"China",0,0.08,TRUE,TRUE,150,"BECCS",NA,NA,NA,NA,NA,NA,NA,43.3333333333333,77.1912934726282,3.85956467363141,46.5,NA,NA,NA,1.3743344328,NA,NA,NA,NA,NA,187.855841711075
"China",0,0.08,TRUE,TRUE,150,"BEBCS",NA,NA,NA,NA,NA,NA,NA,43.3333333333333,94.6051418517715,22.3240058517718,46.5,0,NA,NA,0.75264329023612,NA,NA,NA,NA,NA,250.893262841323
"Europe",0,0.08,TRUE,TRUE,150,"BES",4775784.34972742,62077.7171582741,244183.980609254,-91.0154026950212,6.16967505297887,-47.562694608875,NA,43.3333333333333,60.7580515601347,2.91638647488646,71.516,0,0.165682801090056,0,1.472501178,87.6277434261666,NA,91.8100712276789,2378.73621510317,0,147.863242123301
"Europe",0,0.08,TRUE,TRUE,150,"BECCS",NA,NA,NA,NA,NA,NA,NA,43.3333333333333,77.1912934726282,3.85956467363141,71.516,NA,NA,NA,1.3743344328,NA,NA,NA,NA,NA,187.855841711075
"Europe",0,0.08,TRUE,TRUE,150,"BEBCS",NA,NA,NA,NA,NA,NA,NA,43.3333333333333,94.6051418517715,22.3240058517718,71.516,0,NA,NA,0.75264329023612,NA,NA,NA,NA,NA,250.893262841323
"India",0,0.08,TRUE,TRUE,150,"BES",2911381.60340781,NA,NA,-63.9994026950211,-31.6043767790211,-49.8920200028401,NA,43.3333333333333,60.7580515601347,2.91638647488646,44.5,0,0.846547494614705,0,1.472501178,58.282418032174,NA,73.4630570428115,127.78307032166,0,147.863242123301
"India",0,0.08,TRUE,TRUE,150,"BECCS",NA,NA,NA,NA,NA,NA,NA,43.3333333333333,77.1912934726282,3.85956467363141,44.5,NA,NA,NA,1.3743344328,NA,NA,NA,NA,NA,187.855841711075
"India",0,0.08,TRUE,TRUE,150,"BEBCS",NA,NA,NA,NA,NA,NA,NA,43.3333333333333,94.6051418517715,22.3240058517718,44.5,0,NA,NA,0.75264329023612,NA,NA,NA,NA,NA,250.893262841323
"US",50,0.08,TRUE,TRUE,150,"BES",5201007.5590613,253021.542102403,293166.536016144,-103.002998453584,6.4878204141377,-68.2874115008618,NA,43.3333333333333,60.7580515601347,2.91638647488646,106.56,0,0.502435493766885,25.1217746883438,1.472501178,76.8252518458164,NA,115.609033512788,395.921656598737,0,147.863242123301
"US",50,0.08,TRUE,TRUE,150,"BECCS",286201.871711684,NA,NA,-82.7698364887458,-21.5836646506794,-61.9270796929814,105.881603317159,43.3333333333333,77.1912934726282,3.85956467363141,106.56,44.4919707369126,2.074014240569,103.700712028448,1.3743344328,66.4750371617403,NA,168.883805385198,112.548067703955,1.30935242460164,187.855841711075
"US",50,0.08,TRUE,TRUE,150,"BEBCS",104507.394721968,NA,NA,-100.453918152843,-47.5847678148008,-78.7071583242619,NA,43.3333333333333,94.6051418517715,22.3240058517718,106.56,0,0.908639354593577,45.4319677296789,0.75264329023612,33.7709115214745,65.579110128128,209.807274739506,247.930021815524,1.54242278007234,250.893262841323
"China",50,0.08,TRUE,TRUE,150,"BES",4769455.67745767,NA,NA,-52.5036554139181,-17.1636271419181,-34.5936822742448,NA,43.3333333333333,60.7580515601347,2.91638647488646,46.5,0,0.564415181222174,28.2207590610963,1.472501178,47.3599966996968,NA,74.8212902516409,195.201053586917,0,147.863242123301
"China",50,0.08,TRUE,TRUE,150,"BECCS",181939.545644457,7358.01164058607,1140137.75630691,-49.5479871090996,8.93606400807732,-21.671337500501,110.159781998235,43.3333333333333,77.1912934726282,3.85956467363141,46.5,45.3296523779592,2.11049861358506,105.524930679248,1.3743344328,45.6842423444655,NA,125.792169939307,81.9145340401586,1.33238548837439,187.855841711075
"China",50,0.08,TRUE,TRUE,150,"BEBCS",95870.3939136352,NA,NA,-52.4572502682731,-9.70842347290062,-41.2198181122151,NA,43.3333333333333,94.6051418517715,22.3240058517718,46.5,0,1.02344871002148,51.1724355010739,0.75264329023612,18.659281570437,52.3776125198171,147.548694878934,160.033000635284,1.60993574283206,250.893262841323
"Europe",50,0.08,TRUE,TRUE,150,"BES",4663016.40694165,367614.280393799,5756637.41408369,-89.7739455747075,25.1646747540257,-39.454293583644,NA,43.3333333333333,60.7580515601347,2.91638647488646,71.516,0,0.16818826138774,8.40941306938698,1.472501178,87.3267313820268,NA,91.8100712276789,2371.32850374245,0,147.863242123301
"Europe",50,0.08,TRUE,TRUE,150,"BECCS",112572.699874268,4784.10258689709,73489.6071093179,-44.980229147424,8.32870452594682,-21.1367827312628,103.744083356078,43.3333333333333,77.1912934726282,3.85956467363141,71.516,44.0734372061164,1.64214756405546,82.1073782027734,1.3743344328,93.3961344183395,NA,143.080381790152,119.812821614663,1.03670932074211,187.855841711075
"Europe",50,0.08,TRUE,TRUE,150,"BEBCS",195.242911395454,NA,NA,-70.4637909365752,-69.882607866795,-70.1731994016851,NA,43.3333333333333,94.6051418517715,22.3240058517718,71.516,0,0.686875845033607,34.3437922516804,0.75264329023612,31.6110181899171,52.3171378602609,180.866569342,274.351186527573,1.22049704838225,250.893262841323
"India",50,0.08,TRUE,TRUE,150,"BES",2764312.62612443,307232.604435811,12561077.6187952,-21.6720279642652,10.7229979517348,-7.54378417328602,NA,43.3333333333333,60.7580515601347,2.91638647488646,44.5,0,0.846547494614778,42.3273747307471,1.472501178,58.303279130976,NA,73.4630570428115,127.78307032166,0,147.863242123301
"India",50,0.08,TRUE,TRUE,150,"BECCS",133513.299498376,88916.5493230206,4275031.55500605,-9.87454711020567,25.6262914778734,4.69096381924641,95.7139849772726,43.3333333333333,77.1912934726282,3.85956467363141,44.5,42.5011171865069,2.37382210608527,118.691105304259,1.3743344328,54.0518338477529,NA,122.278807342683,70.7938370368909,1.49862506697303,187.855841711075
"India",50,0.08,TRUE,TRUE,150,"BEBCS",13555.6777850277,439.045989887844,230.470191495101,-9.02279385605806,1.59823461294872,-4.98048309045579,NA,43.3333333333333,94.6051418517715,22.3240058517718,44.5,0,1.04921576518935,52.4607882594675,0.75264329023612,29.4791407726954,74.5087355809246,115.486862435656,153.857779643123,2.02305048831363,250.893262841323
"US",100,0.08,TRUE,TRUE,150,"BES",1444684.04417359,284784.327456442,293554.318012727,-91.4675992672044,32.5437565328497,-33.1834046014316,NA,43.3333333333333,60.7580515601347,2.91638647488646,106.56,0,0.429574154625519,42.957415462553,1.472501178,94.0936179710399,NA,115.609033512788,450.755787887297,0,147.863242123301
"US",100,0.08,TRUE,TRUE,150,"BECCS",3258694.85865267,1206248.73180911,4022158.44042419,-90.2325266529075,108.099050764282,-10.4082032866582,422.965544220609,43.3333333333333,77.1912934726282,3.85956467363141,106.56,97.7131358993221,2.09832124078321,209.832124078294,1.3743344328,65.083666680619,NA,207.608852136722,136.967588694481,1.3246977530197,187.855841711075
"US",100,0.08,TRUE,TRUE,150,"BEBCS",888337.922669049,1957.54207455203,187.295462336618,-91.3657586357037,23.4840171898603,-42.3663284759689,NA,43.3333333333333,94.6051418517715,22.3240058517718,106.56,0,0.919968085556199,91.9968085556197,0.75264329023612,36.4669130651702,52.6590976067841,226.973457829095,244.330782075795,1.5445273643176,250.893262841323
"China",100,0.08,TRUE,TRUE,150,"BES",1612344.49510311,412998.568660853,33242061.5466866,-24.282896352815,11.057131919185,-5.59899510145554,NA,43.3333333333333,60.7580515601347,2.91638647488646,46.5,0,0.564415181222032,56.4415181222123,1.472501178,48.1339248113577,NA,74.8212902516409,195.201053586918,0,147.863242123301
"China",100,0.08,TRUE,TRUE,150,"BECCS",1641262.20020961,1499533.22631667,99328321.3138527,-21.2158777366151,114.460994687329,31.5668566989799,423.973353109667,43.3333333333333,77.1912934726282,3.85956467363141,46.5,97.2580212910136,2.11049861358413,211.049861358481,1.3743344328,45.3258747777497,NA,163.576545906123,106.519321069535,1.33238548837465,187.855841711075
"China",100,0.08,TRUE,TRUE,150,"BEBCS",1793658.92170312,855653.833382968,41463816.8816847,-24.2312623389308,43.2968272172039,-1.0699841489855,NA,43.3333333333333,94.6051418517715,22.3240058517718,46.5,0,0.987642703431866,98.7642703431865,0.75264329023612,22.9878575178941,40.6070356934764,163.187679480323,165.814341998588,1.64612992178402,250.893262841323
"Europe",100,0.08,TRUE,TRUE,150,"BES",2782598.86787953,477376.619435335,7813338.39716272,-88.5324884543939,91.2797121510726,-13.5049516615091,NA,43.3333333333333,60.7580515601347,2.91638647488646,71.516,0,0.246443227522452,24.6443227522476,1.472501178,97.0411636212673,NA,91.8100712276789,1366.1289473749,0,147.863242123301
"Europe",100,0.08,TRUE,TRUE,150,"BECCS",1138334.45299215,558324.135402619,23597878.3929719,-82.5493163100232,89.9066797359292,3.97208271057053,418.544959417866,43.3333333333333,77.1912934726282,3.85956467363141,71.516,96.5840725497111,1.66140341200992,166.140341201029,1.3743344328,86.9826722055458,NA,181.288429329653,150.107609047501,1.04886579041024,187.855841711075
"Europe",100,0.08,TRUE,TRUE,150,"BEBCS",854851.028855634,NA,NA,-85.6845593295201,-11.0425966550748,-70.084771219408,NA,43.3333333333333,94.6051418517715,22.3240058517718,71.516,0,0.764812826373963,76.4812826373957,0.75264329023612,27.7400079115793,14.1390859351638,231.591863010813,247.238936739876,1.18086175237901,250.893262841323
"India",100,0.08,TRUE,TRUE,150,"BES",1418483.251284,1418483.251284,79447595.0347652,20.6553467664907,53.0503726824907,34.0951255764132,NA,43.3333333333333,60.7580515601347,2.91638647488646,44.5,0,0.846547494615149,84.6547494615363,1.472501178,57.6148141499225,NA,73.4630570428115,127.78307032166,0,147.863242123301
"India",100,0.08,TRUE,TRUE,150,"BECCS",1463652.20797918,1463652.20797918,76850420.6011263,20.6725864716531,144.317396782134,66.3950240710678,440.507148089806,43.3333333333333,77.1912934726282,3.85956467363141,44.5,100.404481155378,2.3738221060849,237.382210608562,1.3743344328,54.9681527641881,NA,164.410738688463,95.1862983845374,1.49862506697298,187.855841711075
"India",100,0.08,TRUE,TRUE,150,"BEBCS",29246.144144562,29246.144144562,3693436.12764264,20.8096834732313,42.8202732802635,38.4614988773358,NA,43.3333333333333,94.6051418517715,22.3240058517718,44.5,0,1.06120540592258,106.120540592258,0.75264329023612,30.7548514731428,63.0152545154781,130.757683573038,152.119088887882,1.99992394138428,250.893262841323
"US",150,0.08,TRUE,TRUE,150,"BES",247614.399624322,229700.025768822,278768.465189565,-82.2115548839195,35.2516215923494,24.1783864598255,NA,43.3333333333333,60.7580515601347,2.91638647488646,106.56,0,0.327624441384195,49.1436662076301,1.472501178,145.269158287216,NA,115.609033512788,550.941379606717,0,147.863242123301
"US",150,0.08,TRUE,TRUE,150,"BECCS",4780205.97447209,4709511.93264486,14923776.6634197,-54.1564786491695,237.781766179243,77.6120550991194,621.063981414414,43.3333333333333,77.1912934726282,3.85956467363141,106.56,114.842617265075,2.08053970309442,312.080955464158,1.3743344328,67.984575046302,NA,220.072689872968,146.396872069673,1.31347203478186,187.855841711075
"US",150,0.08,TRUE,TRUE,150,"BEBCS",563896.451398639,187596.21788122,71927.5333904295,-66.9967335526503,69.1450862857342,-16.3385885045664,NA,43.3333333333333,94.6051418517715,22.3240058517718,106.56,0,0.888110202461775,133.216530369266,0.75264329023612,38.7665834163197,35.1674454133906,250.213752960014,253.208089235904,1.43399973441595,250.893262841323
"China",150,0.08,TRUE,TRUE,150,"BES",108552.180977162,108552.180977162,11631525.4344802,3.93786270828808,32.2098853258881,15.1992956304707,NA,43.3333333333333,60.7580515601347,2.91638647488646,46.5,0,0.564415181222061,84.6622771833076,1.472501178,40.7114564821832,NA,74.8212902516409,195.201053586963,0,147.863242123301
"China",150,0.08,TRUE,TRUE,150,"BECCS",3074314.08675967,3074314.08675967,180464799.032179,19.7954014228612,219.985925366581,111.542127342943,677.431679854529,43.3333333333333,77.1912934726282,3.85956467363141,46.5,122.731291680829,2.11049861358399,316.574792037882,1.3743344328,45.249485132268,NA,182.111532574483,118.589108856102,1.33238548837383,187.855841711075
"China",150,0.08,TRUE,TRUE,150,"BEBCS",1864399.34927891,1864399.34927891,62224089.4670164,10.6813529190785,96.3020779073084,42.3896388286645,NA,43.3333333333333,94.6051418517715,22.3240058517718,46.5,0,0.985390196237552,147.808529435631,0.75264329023612,23.1162495701932,34.8940075263809,170.778298092366,166.244337667421,1.64906206397853,250.893262841323
"Europe",150,0.08,TRUE,TRUE,150,"BES",674759.369922372,600746.033061904,14622365.6020492,-87.2910313340803,157.39474954812,29.8185855555694,NA,43.3333333333333,60.7580515601347,2.91638647488646,71.516,0,0.429119967767722,64.3679951651541,1.472501178,100.641028425426,NA,91.8100712276789,958.091940119693,0,147.863242123301
"Europe",150,0.08,TRUE,TRUE,150,"BECCS",2874887.55928299,2622415.11844761,76816818.225855,-85.1349908263032,217.826527826114,51.9571614014351,916.599754609956,43.3333333333333,77.1912934726282,3.85956467363141,71.516,140.937612071816,1.72706266537838,259.059399806801,1.3743344328,86.4022318127383,NA,213.561170566106,170.066437497493,1.090317339254,187.855841711075
"Europe",150,0.08,TRUE,TRUE,150,"BEBCS",1226137.42052197,168575.973601829,2060344.36593517,-49.6446741201019,74.4053289694018,-24.0229413307254,NA,43.3333333333333,94.6051418517715,22.3240058517718,71.516,0,0.758834168542584,113.825125281386,0.75264329023612,35.2857759718507,15.311305119586,230.034393224494,249.3503814453,1.20557773607656,250.893262841323
"India",150,0.08,TRUE,TRUE,150,"BES",116801.662666932,116801.662666932,867982.829871973,74.7627309212465,83.5977379892466,74.8281148773459,NA,43.3333333333333,60.7580515601347,2.91638647488646,44.5,0,0.846547494615127,126.982124192265,1.472501178,56.0204287200995,NA,73.4630570428115,127.783070321649,0,147.863242123301
"India",150,0.08,TRUE,TRUE,150,"BECCS",2791945.06500958,2791945.06500958,159000860.379375,74.8332443379236,263.008502086396,160.121320163526,640.672896336325,43.3333333333333,77.1912934726282,3.85956467363141,44.5,124.893130903731,2.37382210608488,356.073315912847,1.3743344328,54.4919933007361,NA,182.229290828251,105.502425142973,1.49862506697278,187.855841711075
"India",150,0.08,TRUE,TRUE,150,"BEBCS",2634.87573132671,2634.87573132671,122608.554288323,74.8499189424464,82.3916724181827,76.7068401285847,NA,43.3333333333333,94.6051418517715,22.3240058517718,44.5,0,1.0955536051651,164.333040774765,0.75264329023612,28.6004450289726,45.20250202839,154.42460881926,147.587351925961,1.94457346369947,250.893262841323
"US",200,0.08,TRUE,TRUE,150,"BES",68442.9419702014,66380.1936088451,153779.115485717,-72.9555105006345,49.7552649414729,46.1749174360751,NA,43.3333333333333,60.7580515601347,2.91638647488646,106.56,0,0.288145687280528,57.6291374561056,1.472501178,158.780218014991,NA,115.609033512788,592.88543964941,0,147.863242123301
"US",200,0.08,TRUE,TRUE,150,"BECCS",5081140.80758391,5079711.40306252,15422748.4728217,-19.7858265366165,367.464481594204,175.950863827722,698.078326721881,43.3333333333333,77.1912934726282,3.85956467363141,106.56,120.613393139519,2.07375695513753,414.751391027454,1.3743344328,69.4237240860053,NA,224.271650283707,149.857410820587,1.30918999693029,187.855841711075
"US",200,0.08,TRUE,TRUE,150,"BEBCS",442133.075940848,336017.153159392,214623.771695232,-26.2533962445325,114.806155381608,22.8978639582597,NA,43.3333333333333,94.6051418517715,22.3240058517718,106.56,0,0.871956197091107,174.391239418221,0.75264329023612,43.7306144277916,28.2651578157896,259.384481892488,257.286107552307,1.39164154463792,250.893262841323
"China",200,0.08,TRUE,TRUE,150,"BES",3838.16929194852,3838.16929194852,164604.723244209,38.0486264813912,52.7736382613911,47.8933486428769,NA,43.3333333333333,60.7580515601347,2.91638647488646,46.5,0,0.564415181222061,112.883036244412,1.472501178,45.1847504334857,NA,74.8212902516409,195.20105358696,0,147.863242123301
"China",200,0.08,TRUE,TRUE,150,"BECCS",3654223.18837913,3654223.18837913,209451224.510367,52.776219148252,325.510856045833,204.144318197019,818.719205018929,43.3333333333333,77.1912934726282,3.85956467363141,46.5,136.012250740593,2.11049861358494,422.099722716959,1.3743344328,45.6077043668604,NA,191.775089524524,124.881915197825,1.33238548837344,187.855841711075
"China",200,0.08,TRUE,TRUE,150,"BEBCS",1389204.25934479,1389204.25934479,44704584.7000638,45.9120230748298,149.307328597413,86.6783952369945,NA,43.3333333333333,94.6051418517715,22.3240058517718,46.5,0,0.990559925039556,198.11198500791,0.75264329023612,21.6601263778089,30.3354315548192,176.835053039494,165.360083781349,1.64330689923397,250.893262841323
"Europe",200,0.08,TRUE,TRUE,150,"BES",176024.831594562,174074.461976533,2244731.8616769,-86.0495742137667,144.583804288091,131.216361215364,NA,43.3333333333333,60.7580515601347,2.91638647488646,71.516,0,0.862997838095088,172.599567619018,1.472501178,93.8072316313664,NA,91.8100712276789,225.357555845548,0,147.863242123301
"Europe",200,0.08,TRUE,TRUE,150,"BECCS",3598730.7387753,3580317.78708636,95504388.2616525,-82.6809196566869,358.719451618913,123.2981361956,1137.18349674897,43.3333333333333,77.1912934726282,3.85956467363141,71.516,157.544645995108,1.73579958330839,347.15991666187,1.3743344328,86.2497236752601,NA,225.644862516877,178.842396918732,1.09583307027045,187.855841711075
"Europe",200,0.08,TRUE,TRUE,150,"BEBCS",1001028.77935746,748449.438519524,8983649.56350556,-15.5772421287103,154.804992942153,16.7858025645396,NA,43.3333333333333,94.6051418517715,22.3240058517718,71.516,0,0.764397300161563,152.879460032312,0.75264329023612,35.3048872226702,17.046603013106,227.728788542932,248.287257764769,1.22192779202028,250.893262841323
"India",200,0.08,TRUE,TRUE,150,"BES",29218.4060070879,29218.4060070879,60401.8825316236,117.090105652002,122.980110364002,117.111602019564,NA,43.3333333333333,60.7580515601347,2.91638647488646,44.5,0,0.846547494615121,169.309498923023,1.472501178,55.9765411315619,NA,73.4630570428115,127.783070321651,0,147.863242123301
"India",200,0.08,TRUE,TRUE,150,"BECCS",2823743.17524931,2823743.17524931,159543331.146579,117.69309534531,381.699607390657,277.367751717084,661.359216084099,43.3333333333333,77.1912934726282,3.85956467363141,44.5,126.313267028575,2.37382210608487,474.764421217134,1.3743344328,54.4674556748767,NA,183.262617281369,106.1006739002,1.49862506697281,187.855841711075
"India",200,0.08,TRUE,TRUE,150,"BEBCS",58420.0221514685,58420.0221514685,387718.734424256,117.09484079542,136.178399637276,123.793666737313,NA,43.3333333333333,94.6051418517715,22.3240058517718,44.5,0,1.16189237736988,232.378475473975,0.75264329023612,28.6171087180555,24.2272302488259,182.293417392553,139.170043852756,1.84528444726938,250.893262841323
"US",0,0.15,TRUE,TRUE,150,"BES",5591716.82549485,NA,NA,-166.257772638503,-53.7586826393029,-139.395146149385,NA,43.3333333333333,104.173484942083,5.00032727721998,106.56,0,0.502275542548143,0,1.472501178,76.3386660699158,NA,146.508414011811,501.76601066593,0,147.863242123301
"US",0,0.15,TRUE,TRUE,150,"BECCS",NA,NA,NA,NA,NA,NA,NA,43.3333333333333,132.349307486794,6.61746537433969,106.56,NA,NA,NA,1.3743344328,NA,NA,NA,NA,NA,187.855841711075
"US",0,0.15,TRUE,TRUE,150,"BEBCS",NA,NA,NA,NA,NA,NA,NA,43.3333333333333,154.5324122006,23.5257186347077,106.56,0,NA,NA,0.75264329023612,NA,NA,NA,NA,NA,250.893262841323
"China",0,0.15,TRUE,TRUE,150,"BES",5047265.61701538,NA,NA,-126.223788659303,-90.8837603873029,-108.460331564911,NA,43.3333333333333,104.173484942083,5.00032727721998,46.5,0,0.564415181222222,0,1.472501178,47.2134806543875,NA,105.720670750664,275.814360418759,0,147.863242123301
"China",0,0.15,TRUE,TRUE,150,"BECCS",NA,NA,NA,NA,NA,NA,NA,43.3333333333333,132.349307486794,6.61746537433969,46.5,NA,NA,NA,1.3743344328,NA,NA,NA,NA,NA,187.855841711075
"China",0,0.15,TRUE,TRUE,150,"BEBCS",NA,NA,NA,NA,NA,NA,NA,43.3333333333333,154.5324122006,23.5257186347077,46.5,0,NA,NA,0.75264329023612,NA,NA,NA,NA,NA,250.893262841323
"Europe",0,0.15,TRUE,TRUE,150,"BES",4775784.34972742,NA,NA,-136.514776879303,-39.3296991313028,-93.0620687931351,NA,43.3333333333333,104.173484942083,5.00032727721998,71.516,0,0.165682801090056,0,1.472501178,87.6277434261666,NA,122.709451726702,3179.31805143382,0,147.863242123301
"Europe",0,0.15,TRUE,TRUE,150,"BECCS",NA,NA,NA,NA,NA,NA,NA,43.3333333333333,132.349307486794,6.61746537433969,71.516,NA,NA,NA,1.3743344328,NA,NA,NA,NA,NA,187.855841711075
"Europe",0,0.15,TRUE,TRUE,150,"BEBCS",NA,NA,NA,NA,NA,NA,NA,43.3333333333333,154.5324122006,23.5257186347077,71.516,0,NA,NA,0.75264329023612,NA,NA,NA,NA,NA,250.893262841323
"India",0,0.15,TRUE,TRUE,150,"BES",2911381.60340781,NA,NA,-109.498776879303,-77.1037509633029,-95.3913941871157,NA,43.3333333333333,104.173484942083,5.00032727721998,44.5,0,0.846547494614705,0,1.472501178,58.282418032174,NA,104.362437541835,181.530053773495,0,147.863242123301
"India",0,0.15,TRUE,TRUE,150,"BECCS",NA,NA,NA,NA,NA,NA,NA,43.3333333333333,132.349307486794,6.61746537433969,44.5,NA,NA,NA,1.3743344328,NA,NA,NA,NA,NA,187.855841711075
"India",0,0.15,TRUE,TRUE,150,"BEBCS",NA,NA,NA,NA,NA,NA,NA,43.3333333333333,154.5324122006,23.5257186347077,44.5,0,NA,NA,0.75264329023612,NA,NA,NA,NA,NA,250.893262841323
"US",50,0.15,TRUE,TRUE,150,"BES",5542019.93913236,NA,NA,-148.502372637866,-39.011553770144,-114.238695061902,NA,43.3333333333333,104.173484942083,5.00032727721998,106.56,0,0.502295717400889,25.1147858700434,1.472501178,76.38033128738,NA,146.508414011811,502.011905378209,0,147.863242123301
"US",50,0.15,TRUE,TRUE,150,"BECCS",49696.8863625319,NA,NA,-128.573110256966,-85.0699689808584,-112.799886609985,44.1193049822667,43.3333333333333,132.349307486794,6.61746537433969,106.56,36.6549635195131,2.05037763818574,102.518881909287,1.3743344328,66.8629678613745,NA,205.322467112858,138.277845075472,1.29443032713746,187.855841711075
"US",50,0.15,TRUE,TRUE,150,"BEBCS",NA,NA,NA,NA,NA,NA,NA,43.3333333333333,154.5324122006,23.5257186347077,106.56,0,NA,NA,0.75264329023612,NA,NA,NA,NA,NA,250.893262841323
"China",50,0.15,TRUE,TRUE,150,"BES",5013130.63043597,NA,NA,-98.0030295981998,-62.6630013261998,-80.2463156898917,NA,43.3333333333333,104.173484942083,5.00032727721998,46.5,0,0.564415181222216,28.2207590610998,1.472501178,47.2067374683321,NA,105.720670750664,275.814360418755,0,147.863242123301
"China",50,0.15,TRUE,TRUE,150,"BECCS",34134.9865793701,NA,NA,-95.0410080908844,-49.6454108039065,-72.5161997506966,47.0246198000002,43.3333333333333,132.349307486794,6.61746537433969,46.5,37.5041139900935,2.11049861358504,105.524930679252,1.3743344328,44.9297564212785,NA,162.239176673291,105.648440333478,1.33238548837438,187.855841711075
"China",50,0.15,TRUE,TRUE,150,"BEBCS",NA,NA,NA,NA,NA,NA,NA,43.3333333333333,154.5324122006,23.5257186347077,46.5,0,NA,NA,0.75264329023612,NA,NA,NA,NA,NA,250.893262841323
"Europe",50,0.15,TRUE,TRUE,150,"BES",4755962.87179941,NA,NA,-135.273319758989,-20.334699430256,-84.8073259582655,NA,43.3333333333333,104.173484942083,5.00032727721998,71.516,0,0.166089454588454,8.30447272942269,1.472501178,87.5780135316593,NA,122.709451726702,3178.11023490568,0,147.863242123301
"Europe",50,0.15,TRUE,TRUE,150,"BECCS",19821.4779280369,NA,NA,-90.3648190126311,-50.2631051012972,-71.1883103680055,41.802543086079,43.3333333333333,132.349307486794,6.61746537433969,71.516,35.9778322694458,1.64747928067424,82.3739640337124,1.3743344328,92.8983307288619,NA,179.330881369575,149.694536344172,1.04007530345596,187.855841711075
"Europe",50,0.15,TRUE,TRUE,150,"BEBCS",NA,NA,NA,NA,NA,NA,NA,43.3333333333333,154.5324122006,23.5257186347077,71.516,0,NA,NA,0.75264329023612,NA,NA,NA,NA,NA,250.893262841323
"India",50,0.15,TRUE,TRUE,150,"BES",2876784.9311641,NA,NA,-67.171402148547,-34.776376232547,-53.058201208943,NA,43.3333333333333,104.173484942083,5.00032727721998,44.5,0,0.846547494614721,42.3273747307463,1.472501178,58.2882362795946,NA,104.362437541835,181.53005377349,0,147.863242123301
"India",50,0.15,TRUE,TRUE,150,"BECCS",34596.6722437053,NA,NA,-55.3795654828666,-33.0168434905188,-46.6813572796376,41.365599155426,43.3333333333333,132.349307486794,6.61746537433969,44.5,35.850124544945,2.37382210608522,118.691105304261,1.3743344328,53.9444348221799,NA,159.580442846981,92.3897780056334,1.49862506697299,187.855841711075
"India",50,0.15,TRUE,TRUE,150,"BEBCS",NA,NA,NA,NA,NA,NA,NA,43.3333333333333,154.5324122006,23.5257186347077,44.5,0,NA,NA,0.75264329023612,NA,NA,NA,NA,NA,250.893262841323
"US",100,0.15,TRUE,TRUE,150,"BES",2952728.61872858,NA,NA,-136.966973451486,-12.955617651432,-86.7939553983292,NA,43.3333333333333,104.173484942083,5.00032727721998,106.56,0,0.463837492922918,46.3837492922924,1.472501178,82.5561075286845,NA,146.508414011811,537.746950874232,0,147.863242123301
"US",100,0.15,TRUE,TRUE,150,"BECCS",2603823.13036904,28233.8155038434,11218.413342687,-135.7480514691,44.6127464341027,-69.9864370674472,356.528718136219,43.3333333333333,132.349307486794,6.61746537433969,106.56,99.0954890192777,2.09795296536884,209.795296536882,1.3743344328,64.840528276077,NA,250.755750314932,165.393324380275,1.32446525591477,187.855841711075
"US",100,0.15,TRUE,TRUE,150,"BEBCS",35165.0763977415,NA,NA,-136.799516075992,-96.9001129632325,-130.912681544192,NA,43.3333333333333,154.5324122006,23.5257186347077,106.56,0,0.813050353074859,81.305035307486,0.75264329023612,30.8285595208433,41.5718544627867,322.923594118898,350.601037292643,1.31886379994671,250.893262841323
"China",100,0.15,TRUE,TRUE,150,"BES",3700955.07515818,NA,NA,-69.7822705370967,-34.4422422650967,-52.3250727767139,NA,43.3333333333333,104.173484942083,5.00032727721998,46.5,0,0.564415181221907,56.441518122157,1.472501178,46.9072213203792,NA,105.720670750664,275.814360418548,0,147.863242123301
"China",100,0.15,TRUE,TRUE,150,"BECCS",1312122.09859732,174444.139360425,16553316.4164372,-66.8194191360594,55.8795198753453,-27.7125698646746,354.597570375271,43.3333333333333,132.349307486794,6.61746537433969,46.5,98.2933616468666,2.11049861358433,211.049861358481,1.3743344328,44.9977032848243,NA,206.470948944997,134.451703820826,1.33238548837463,187.855841711075
"China",100,0.15,TRUE,TRUE,150,"BEBCS",34188.4432603196,NA,NA,-69.7730695277607,-36.4974502062593,-57.137057821995,NA,43.3333333333333,154.5324122006,23.5257186347077,46.5,0,1.07285382457654,107.285382457654,0.75264329023612,19.5641915504149,40.5714990052435,244.453958756935,209.340939935299,1.56304056769978,250.893262841323
"Europe",100,0.15,TRUE,TRUE,150,"BES",3862798.87838206,151715.466456931,1713097.25813441,-134.031862638676,45.7803379667909,-75.7536679987136,NA,43.3333333333333,104.173484942083,5.00032727721998,71.516,0,0.187023533860588,18.7023533860594,1.472501178,86.2337908345253,NA,122.709451726702,3076.16102573801,0,147.863242123301
"Europe",100,0.15,TRUE,TRUE,150,"BECCS",904649.637040994,36732.4228475042,1474769.24701511,-127.952423194087,31.3148701086852,-55.2493447814498,348.110591732041,43.3333333333333,132.349307486794,6.61746537433969,71.516,97.7919777349355,1.65425950097918,165.42595009794,1.3743344328,87.5994557166872,NA,224.308394840989,186.609372031675,1.0443557455676,187.855841711075
"Europe",100,0.15,TRUE,TRUE,150,"BEBCS",8335.83430445278,NA,NA,-133.176879008139,-109.077995403268,-118.699159087353,NA,43.3333333333333,154.5324122006,23.5257186347077,71.516,0,0.730749458598153,73.0749458598154,0.75264329023612,29.0109777327378,28.7890481554015,293.346244554497,343.121474630011,1.19625509133084,250.893262841323
"India",100,0.15,TRUE,TRUE,150,"BES",1943602.19717938,210662.012965063,8519313.2058107,-24.8440274177911,7.55099849820891,-10.8486027038484,NA,43.3333333333333,104.173484942083,5.00032727721998,44.5,0,0.84654749461515,84.654749461513,1.472501178,58.1704600539424,NA,104.362437541835,181.530053773459,0,147.863242123301
"India",100,0.15,TRUE,TRUE,150,"BECCS",967779.406228397,623885.670642995,26255921.323656,-24.7537501243243,85.6742618137422,11.8613474148667,339.947423111273,43.3333333333333,132.349307486794,6.61746537433969,44.5,96.6621443877296,2.37382210608493,237.382210608557,1.3743344328,54.6080540552111,NA,203.828784729014,118.007544259851,1.4986250669731,187.855841711075
"India",100,0.15,TRUE,TRUE,150,"BEBCS",NA,NA,NA,NA,NA,NA,NA,43.3333333333333,154.5324122006,23.5257186347077,44.5,0,NA,NA,0.75264329023612,NA,NA,NA,NA,NA,250.893262841323
"US",150,0.15,TRUE,TRUE,150,"BES",528973.232715056,2190.21809235306,22.1622700011058,-127.710929068201,13.10031846728,-42.245684606956,NA,43.3333333333333,104.173484942083,5.00032727721998,106.56,0,0.370634941957304,55.595241293595,1.472501178,117.892886318751,NA,146.508414011811,646.364933617215,0,147.863242123301
"US",150,0.15,TRUE,TRUE,150,"BECCS",4810774.53458701,3013788.95011619,8661152.76654473,-116.27407808084,174.295461849064,14.3768066303613,621.096903610229,43.3333333333333,132.349307486794,6.61746537433969,106.56,119.637202056153,2.0795876408182,311.938146122721,1.3743344328,67.6026354249311,NA,265.702412893287,176.763544370941,1.31287098536504,187.855841711075
"US",150,0.15,TRUE,TRUE,150,"BEBCS",251969.05819304,NA,NA,-127.674284417057,-9.47554556483158,-98.1412797266658,NA,43.3333333333333,154.5324122006,23.5257186347077,106.56,0,0.858065955989218,128.709893398383,0.75264329023612,32.5970338947751,25.1699238154836,344.716030004638,332.793271813044,1.35992247547684,250.893262841323
"China",150,0.15,TRUE,TRUE,150,"BES",1243817.86676308,NA,NA,-41.5615114759937,-6.22148320399367,-23.2156853289878,NA,43.3333333333333,104.173484942083,5.00032727721998,46.5,0,0.564415181222099,84.6622771832925,1.472501178,47.7958497070109,NA,105.720670750664,275.814360418513,0,147.863242123301
"China",150,0.15,TRUE,TRUE,150,"BECCS",3160594.06000784,2941704.29898519,174932705.495742,-38.2603483750206,161.404450554597,48.315256261456,693.163240339493,43.3333333333333,132.349307486794,6.61746537433969,46.5,128.064675580465,2.11049861358416,316.574792037901,1.3743344328,45.2719126652913,NA,228.133299260229,148.557997822616,1.33238548837376,187.855841711075
"China",150,0.15,TRUE,TRUE,150,"BEBCS",642853.690244889,24632.872981812,47772.6855818124,-41.3616068464443,16.5078004838452,-24.8817529423893,NA,43.3333333333333,154.5324122006,23.5257186347077,46.5,0,1.00769556652656,151.154334978985,0.75264329023612,19.9304481807012,28.591594733231,260.37106640597,223.399042072983,1.62593513950551,250.893262841323
"Europe",150,0.15,TRUE,TRUE,150,"BES",1170993.72209745,234881.084377642,3365179.79067025,-132.790405518362,111.895375363838,-28.7947582174481,NA,43.3333333333333,104.173484942083,5.00032727721998,71.516,0,0.336106005837457,50.4159008756214,1.472501178,101.479153126228,NA,122.709451726702,1564.76596274741,0,147.863242123301
"Europe",150,0.15,TRUE,TRUE,150,"BECCS",2719090.38433342,1085508.49337175,37101746.5698928,-130.523957701822,159.91061311124,-7.56412099797984,869.320803907555,43.3333333333333,132.349307486794,6.61746537433969,71.516,140.369984436272,1.71548886175545,257.323329263374,1.3743344328,85.965307036106,NA,255.289214127156,204.959794948442,1.08301064504755,187.855841711075
"Europe",150,0.15,TRUE,TRUE,150,"BEBCS",885700.243296526,NA,NA,-108.61798911099,-41.7615206410947,-94.9175609865837,NA,43.3333333333333,154.5324122006,23.5257186347077,71.516,0,0.756634668725278,113.49520030879,0.75264329023612,29.6008194571207,11.5605500828184,316.236899790636,330.990985582057,1.1867802647989,250.893262841323
"India",150,0.15,TRUE,TRUE,150,"BES",127129.521016065,127129.521016065,1078020.6566357,26.3183543809648,38.0983638049648,29.2809313460791,NA,43.3333333333333,104.173484942083,5.00032727721998,44.5,0,0.846547494615129,126.982124192265,1.472501178,55.9726193731147,NA,104.362437541835,181.530053773496,0,147.863242123301
"India",150,0.15,TRUE,TRUE,150,"BECCS",2784252.08239177,2784252.08239177,158913431.106899,22.0511475566457,204.365367118003,99.2940980920301,638.072969720775,43.3333333333333,132.349307486794,6.61746537433969,44.5,127.812743796517,2.37382210608488,356.073315912846,1.3743344328,54.5002988369009,NA,226.494737546134,131.130094314859,1.49862506697277,187.855841711075
"India",150,0.15,TRUE,TRUE,150,"BEBCS",NA,NA,NA,NA,NA,NA,NA,43.3333333333333,154.5324122006,23.5257186347077,44.5,0,NA,NA,0.75264329023612,NA,NA,NA,NA,NA,250.893262841323
"US",200,0.15,TRUE,TRUE,150,"BES",153470.899546357,149174.737640453,249140.163593682,-118.454884684916,4.25589075719114,1.95093286208547,NA,43.3333333333333,104.173484942083,5.00032727721998,106.56,0,0.291799096763731,58.3598193527461,1.472501178,159.324925728643,NA,146.508414011811,742.95802529327,0,147.863242123301
"US",200,0.15,TRUE,TRUE,150,"BECCS",5101931.9186401,5012275.96819403,15323878.1661252,-77.7017412514904,303.978177264025,112.830678600328,703.28162216151,43.3333333333333,132.349307486794,6.61746537433969,106.56,125.482884504,2.07321423872025,414.642847743999,1.3743344328,69.1974882214229,NA,269.955877194503,180.338859985169,1.30884737292947,187.855841711075
"US",200,0.15,TRUE,TRUE,150,"BEBCS",336314.007308485,17796.3768583533,4445.29442801619,-87.3823793762969,36.1855235310424,-52.2561578526231,NA,43.3333333333333,154.5324122006,23.5257186347077,106.56,0,0.874365200840262,174.873040168052,0.75264329023612,37.1608339804745,20.3280988341575,351.149123933911,326.711470246263,1.38067085900392,250.893262841323
"China",200,0.15,TRUE,TRUE,150,"BES",95446.9293990353,19713.2001906557,1848177.50188421,-7.4507477028906,7.27426407710939,-2.15569296179967,NA,43.3333333333333,104.173484942083,5.00032727721998,46.5,0,0.564415181222057,112.883036244413,1.472501178,40.6350830130914,NA,105.720670750664,275.814360418588,0,147.863242123301
"China",200,0.15,TRUE,TRUE,150,"BECCS",3747857.41362673,3747857.41362673,213284042.449271,6.98309075149689,266.929381233849,140.546633016829,847.305714126062,43.3333333333333,132.349307486794,6.61746537433969,46.5,141.741059080058,2.11049861358506,422.099722716959,1.3743344328,45.6547422410075,NA,238.084576891925,155.038164836969,1.33238548837338,187.855841711075
"China",200,0.15,TRUE,TRUE,150,"BEBCS",1203961.27399007,1185420.97658185,28258303.8197237,-4.4402620927745,69.5130511739498,20.085290377949,NA,43.3333333333333,154.5324122006,23.5257186347077,46.5,0,0.996089482654439,199.217896530887,0.75264329023612,21.3935059694369,24.0320187129348,266.429150068506,225.947390561186,1.637440586211,250.893262841323
"Europe",200,0.15,TRUE,TRUE,150,"BES",213548.363057829,209683.575218342,2411259.49602796,-131.548948398048,99.0844301038098,81.1996830364443,NA,43.3333333333333,104.173484942083,5.00032727721998,71.516,0,0.840387921161869,168.077584232376,1.472501178,93.8119110233748,NA,122.709451726702,313.318337489265,0,147.863242123301
"Europe",200,0.15,TRUE,TRUE,150,"BECCS",3669579.87346862,3262686.83760722,91895788.1332499,-129.758703023905,300.803536904039,61.0353832374555,1155.17807937076,43.3333333333333,132.349307486794,6.61746537433969,71.516,161.072201362262,1.73386511409418,346.773022819024,1.3743344328,85.8173346419914,NA,270.352663337125,214.814747119188,1.09461181445341,187.855841711075
"Europe",200,0.15,TRUE,TRUE,150,"BEBCS",892656.113200818,97.9466045133972,361.94132704624,-77.3133252496372,1.43177968620762,-50.7198614331357,NA,43.3333333333333,154.5324122006,23.5257186347077,71.516,0,0.756152259135526,151.230451827105,0.75264329023612,34.9549952430233,12.6688223320489,314.764393141594,331.432721388599,1.20270512477437,250.893262841323
"India",200,0.15,TRUE,TRUE,150,"BES",91977.8241197592,91977.8241197592,517880.225664464,71.5907314677207,80.4257385357207,71.6286203869223,NA,43.3333333333333,104.173484942083,5.00032727721998,44.5,0,0.846547494615121,169.309498923026,1.472501178,55.9929336831996,NA,104.362437541835,181.530053773499,0,147.863242123301
"India",200,0.15,TRUE,TRUE,150,"BECCS",2819403.77928811,2819403.77928811,159473571.537871,71.7449996245763,323.056472422264,216.600408088175,657.888080694369,43.3333333333333,132.349307486794,6.61746537433969,44.5,129.167892921436,2.37382210608487,474.764421217134,1.3743344328,54.470652653703,NA,227.480777837767,131.700966547216,1.4986250669728,187.855841711075
"India",200,0.15,TRUE,TRUE,150,"BEBCS",NA,NA,NA,NA,NA,NA,NA,43.3333333333333,154.5324122006,23.5257186347077,44.5,0,NA,NA,0.75264329023612,NA,NA,NA,NA,NA,250.893262841323
"US",0,0.02,FALSE,TRUE,150,"BES",5076823.9897176,278902.473532287,293357.267769579,-89.0904994119968,23.4085905872032,-61.7041927235824,NA,43.3333333333333,30.5405906419817,1.46594835081512,106.56,0,0.501615886227775,0,1.472501178,76.8623462692188,NA,94.1028374462848,324.753094646241,0,147.863242123301
"US",0,0.02,FALSE,TRUE,150,"BECCS",NA,NA,NA,NA,NA,NA,NA,43.3333333333333,38.8009100775612,1.94004550387806,106.56,NA,NA,NA,1.3743344328,NA,NA,NA,NA,NA,187.855841711075
"US",0,0.02,FALSE,TRUE,150,"BEBCS",514892.835777373,NA,NA,-78.1792538044593,-28.1051465686847,-60.7411524465629,NA,43.3333333333333,52.6939460458064,21.4876049172528,106.56,0,0.936734270750361,0,0.75264329023612,36.2170071817497,83.7833913347472,128.823522226437,194.07928632664,1.61939530149302,250.893262841323
"China",0,0.02,FALSE,TRUE,150,"BES",4797012.96462248,NA,NA,-49.0565154327968,-13.7164871607968,-30.8919772462299,NA,43.3333333333333,30.5405906419817,1.46594835081512,46.5,0,0.564415181222182,0,1.472501178,47.6145617465822,NA,53.3150941851381,139.09359918838,0,147.863242123301
"China",0,0.02,FALSE,TRUE,150,"BECCS",NA,NA,NA,NA,NA,NA,NA,43.3333333333333,38.8009100775612,1.94004550387806,46.5,NA,NA,NA,1.3743344328,NA,NA,NA,NA,NA,187.855841711075
"China",0,0.02,FALSE,TRUE,150,"BEBCS",250252.65239321,653.487732883385,6090.21790008542,-49.0308676327364,5.20546504441408,-33.5190573012839,NA,43.3333333333333,52.6939460458064,21.4876049172528,46.5,0,0.991632912072864,0,0.75264329023612,20.1172475305902,67.0452461311853,71.2639115071991,121.976023895159,1.64222776885475,250.893262841323
"Europe",0,0.02,FALSE,TRUE,150,"BES",4773967.01445712,805617.632859772,20750128.787084,-59.3475036527968,37.8375740952032,-15.8968004849471,NA,43.3333333333333,30.5405906419817,1.46594835081512,71.516,0,0.165451759489716,0,1.472501178,87.6257385078582,NA,70.3038751611762,1822.04383590432,0,147.863242123301
"Europe",0,0.02,FALSE,TRUE,150,"BECCS",NA,NA,NA,NA,NA,NA,NA,43.3333333333333,38.8009100775612,1.94004550387806,71.516,NA,NA,NA,1.3743344328,NA,NA,NA,NA,NA,187.855841711075
"Europe",0,0.02,FALSE,TRUE,150,"BEBCS",1817.33527030305,NA,NA,-9.27792601045059,-4.56681106298788,-7.39364854082011,NA,43.3333333333333,52.6939460458064,21.4876049172528,71.516,0,1.12405917853367,0,0.75264329023612,48.1691705751117,90.1347318471274,73.8235759711623,129.623411107915,2.0364847679915,250.893262841323
"India",0,0.02,FALSE,TRUE,150,"BES",2617097.88404485,306404.614937141,12533742.9203961,-32.3315036527968,0.0635222632031684,-18.2056771598438,NA,43.3333333333333,30.5405906419817,1.46594835081512,44.5,0,0.846547494614865,0,1.472501178,58.3008618329469,NA,51.9568609763087,90.3747745749454,0,147.863242123301
"India",0,0.02,FALSE,TRUE,150,"BECCS",NA,NA,NA,NA,NA,NA,NA,43.3333333333333,38.8009100775612,1.94004550387806,44.5,NA,NA,NA,1.3743344328,NA,NA,NA,NA,NA,187.855841711075
"India",0,0.02,FALSE,TRUE,150,"BEBCS",294283.719362962,62239.9782338841,807938.808752026,-32.3248538733973,19.0260916092751,-7.66507660225427,NA,43.3333333333333,52.6939460458064,21.4876049172528,44.5,0,1.05651317506172,0,0.75264329023612,29.7091594722136,81.307314888592,49.6573032129762,112.336500872834,2.00895191888111,250.893262841323
"US",50,0.02,FALSE,TRUE,150,"BES",3209310.8751732,319082.202312874,297871.018153874,-71.3350994113601,38.155719456362,-34.131659330201,NA,43.3333333333333,30.5405906419817,1.46594835081512,106.56,0,0.493912555268998,24.6956277634489,1.472501178,79.7392518991477,NA,94.1028374462848,336.258451862258,0,147.863242123301
"US",50,0.02,FALSE,TRUE,150,"BECCS",477148.176020279,27179.4958334821,20732.9820070812,-70.9785910094067,22.6032700519648,-21.9833864765523,193.383398234558,43.3333333333333,38.8009100775612,1.94004550387806,106.56,48.640406695573,2.093836570308,104.691828515401,1.3743344328,69.2661472850591,NA,142.571820657808,94.2364686935726,1.32186652165912,187.855841711075
"US",50,0.02,FALSE,TRUE,150,"BEBCS",1905257.77430181,12360.5978998033,723.152028680985,-71.2279297836983,45.1269958902586,-27.588710142006,NA,43.3333333333333,52.6939460458064,21.4876049172528,106.56,0,0.948854890924578,47.4427445462289,0.75264329023612,36.2260620050802,69.484034269745,147.822372346414,191.856617204671,1.60291258746913,250.893262841323
"China",50,0.02,FALSE,TRUE,150,"BES",2466021.87422506,650941.657359945,58081675.8330435,-20.8357563716938,14.5042719003062,-2.46266749253516,NA,43.3333333333333,30.5405906419817,1.46594835081512,46.5,0,0.564415181221712,28.2207590610909,1.472501178,47.8231124391577,NA,53.3150941851381,139.093599188503,0,147.863242123301
"China",50,0.02,FALSE,TRUE,150,"BECCS",160932.477879292,160932.477879292,18178977.9760315,5.73713258351427,49.7092012951258,25.4508136692857,186.026093772578,43.3333333333333,38.8009100775612,1.94004550387806,46.5,47.6938273673144,2.11049861358504,105.52493067925,1.3743344328,54.860665938788,NA,98.181912443134,63.935025628633,1.33238548837443,187.855841711075
"China",50,0.02,FALSE,TRUE,150,"BEBCS",2420311.26491136,1719438.16704411,84913687.3426347,-20.6303332818103,58.118478103549,5.89515517862342,NA,43.3333333333333,52.6939460458064,21.4876049172528,46.5,0,0.98471964806103,49.2359824030517,0.75264329023612,23.3990555735815,53.9416681650465,88.673988945115,122.763398889988,1.64869316461092,250.893262841323
"Europe",50,0.02,FALSE,TRUE,150,"BES",4322265.9755972,1927313.57056477,48237278.4622202,-58.1060465324832,56.83257379625,-7.11246564731914,NA,43.3333333333333,30.5405906419817,1.46594835081512,71.516,0,0.175357523260503,8.76787616302494,1.472501178,87.6421971824716,NA,70.3038751611762,1783.03330859667,0,147.863242123301
"Europe",50,0.02,FALSE,TRUE,150,"BECCS",277417.219856141,188190.864082807,7777533.21697875,-35.9470167565948,49.1090349204204,11.4463966764298,200.650690415366,43.3333333333333,38.8009100775612,1.94004550387806,71.516,49.5754051839891,1.62484515302369,81.2422576511849,1.3743344328,92.0364997906741,NA,117.753260707963,99.6030394979323,1.0257860814544,187.855841711075
"Europe",50,0.02,FALSE,TRUE,150,"BEBCS",176101.154274122,14136.6686236111,45120.3018936864,-54.4930465631675,51.5990489614866,-24.2260994007067,NA,43.3333333333333,52.6939460458064,21.4876049172528,71.516,0,0.72987075238202,36.4935376191011,0.75264329023612,33.7091966401596,51.2687173030919,125.462931623748,202.612856524393,1.27550020538578,250.893262841323
"India",50,0.02,FALSE,TRUE,150,"BES",2222566.17932943,2222566.17932943,108098534.023947,9.99587107795907,42.3908969939591,24.4152771032426,NA,43.3333333333333,30.5405906419817,1.46594835081512,44.5,0,0.846547494615137,42.3273747307527,1.472501178,58.5944413652757,NA,51.9568609763087,90.3747745749356,0,147.863242123301
"India",50,0.02,FALSE,TRUE,150,"BECCS",97250.3076476194,97250.3076476194,7136300.53320563,10.4758431866836,66.4423446872411,41.1948594318003,192.35233055542,43.3333333333333,38.8009100775612,1.94004550387806,44.5,48.5077511345382,2.37382210608525,118.691105304261,1.3743344328,56.2524608435176,NA,97.3188938033697,56.3431886379003,1.498625066973,187.855841711075
"India",50,0.02,FALSE,TRUE,150,"BEBCS",591565.116430763,591565.116430763,44756617.2063815,10.011823128832,71.4488328164718,35.9204896402551,NA,43.3333333333333,52.6939460458064,21.4876049172528,44.5,0,1.05870467018627,52.9352335093136,0.75264329023612,29.053610764143,72.6131963298573,61.2087495242922,112.103920892116,2.00476305025593,250.893262841323
"US",100,0.02,FALSE,TRUE,150,"BES",934773.533509003,425535.481250508,486981.871971946,-59.7997002249801,64.211655575074,1.7600520172983,NA,43.3333333333333,30.5405906419817,1.46594835081512,106.56,0,0.434045707266808,43.4045707266812,1.472501178,96.9220202834147,NA,94.1028374462848,380.266865034329,0,147.863242123301
"US",100,0.02,FALSE,TRUE,150,"BECCS",2078710.62588436,1850921.90088259,7461220.78235467,-44.2181089894443,152.285985466926,48.5677005881154,472.08439949794,43.3333333333333,38.8009100775612,1.94004550387806,106.56,84.4976432587952,2.12913063343872,212.913063343884,1.3743344328,67.4532360844639,NA,168.662440020497,109.695690753928,1.34414812717105,187.855841711075
"US",100,0.02,FALSE,TRUE,150,"BEBCS",2578232.66610199,1738871.65290402,2192198.83195301,-58.4488879798585,89.7339698775282,7.50539403384869,NA,43.3333333333333,52.6939460458064,21.4876049172528,106.56,0,0.942521651182003,94.2521651182004,0.75264329023612,36.7174365257412,57.2773433529674,164.040800219395,193.272082350388,1.55231276673163,250.893262841323
"China",100,0.02,FALSE,TRUE,150,"BES",705122.322572607,705122.322572607,39163330.3734635,7.3850026894093,42.7250309614093,24.2802206804827,NA,43.3333333333333,30.5405906419817,1.46594835081512,46.5,0,0.564415181222097,56.4415181222106,1.472501178,46.3452415510691,NA,53.3150941851381,139.093599188487,0,147.863242123301
"China",100,0.02,FALSE,TRUE,150,"BECCS",553734.078880234,553734.078880234,58525238.9212918,29.8694452116416,155.234131974378,96.0118494768487,438.456230343989,43.3333333333333,38.8009100775612,1.94004550387806,46.5,80.171095413344,2.11049861358512,211.049861358485,1.3743344328,52.3740391131275,NA,121.81318243894,79.3234593556096,1.3323854883745,187.855841711075
"China",100,0.02,FALSE,TRUE,150,"BEBCS",3788409.21556299,3788409.21556299,156631844.638919,7.497496085275,111.123728793654,48.2849356621001,NA,43.3333333333333,52.6939460458064,21.4876049172528,46.5,0,0.996686860457717,99.6686860457721,0.75264329023612,23.5674192179051,45.7303813614761,99.5839205290318,121.327508724138,1.63647683371465,250.893262841323
"Europe",100,0.02,FALSE,TRUE,150,"BES",2444271.39914668,1992407.97825,53737388.7129547,-56.8645894121696,122.947611193297,21.384867038383,NA,43.3333333333333,30.5405906419817,1.46594835081512,71.516,0,0.263236188548184,26.3236188548197,1.472501178,98.5837871763689,NA,70.3038751611762,948.160159042218,0,147.863242123301
"Europe",100,0.02,FALSE,TRUE,150,"BECCS",1001044.62523221,924592.900530706,29170467.0576649,-50.5146094788454,130.687010130403,51.0060148382903,472.475141446693,43.3333333333333,38.8009100775612,1.94004550387806,71.516,86.6519672936648,1.64270843247384,164.270843247444,1.3743344328,85.6440944660036,NA,144.731091740063,121.009579642625,1.03706340433954,187.855841711075
"Europe",100,0.02,FALSE,TRUE,150,"BEBCS",1330468.32534832,493956.537125828,9835176.12067589,-42.936962589036,107.764908985961,-13.1230138372462,NA,43.3333333333333,52.6939460458064,21.4876049172528,71.516,0,0.772890549340039,77.2890549340033,0.75264329023612,33.5496515056735,21.7358306861369,164.701820749691,189.686209684789,1.21587486068695,250.893262841323
"India",100,0.02,FALSE,TRUE,150,"BES",1462324.19260556,1462324.19260556,60640915.1900013,52.3232458087149,84.718271724715,67.0693047585205,NA,43.3333333333333,30.5405906419817,1.46594835081512,44.5,0,0.84654749461515,84.654749461534,1.472501178,58.9210942897917,NA,51.9568609763087,90.3747745749022,0,147.863242123301
"India",100,0.02,FALSE,TRUE,150,"BECCS",704928.816888119,704928.816888119,46283302.5247291,55.4626194959742,185.133449991502,104.740199626017,550.535392525862,43.3333333333333,38.8009100775612,1.94004550387806,44.5,101.556545034334,2.37382210608497,237.382210608551,1.3743344328,54.1554896332684,NA,135.918518926432,78.6906062324229,1.49862506697291,187.855841711075
"India",100,0.02,FALSE,TRUE,150,"BEBCS",744128.593914065,744128.593914065,53067234.048804,52.4870910152048,123.871574023669,83.9113999771915,NA,43.3333333333333,52.6939460458064,21.4876049172528,44.5,0,1.06153258568561,106.153258568561,0.75264329023612,29.2848447914544,67.1548475802358,68.4609881616804,111.816127819266,1.99977984653314,250.893262841323
"US",150,0.02,FALSE,TRUE,150,"BES",143323.823724557,140532.950718387,208072.328320859,-50.5436558416952,66.9195206345737,60.993042965953,NA,43.3333333333333,30.5405906419817,1.46594835081512,106.56,0,0.337480010883249,50.6220016324872,1.472501178,148.937580326264,NA,94.1028374462848,448.383264597547,0,147.863242123301
"US",150,0.02,FALSE,TRUE,150,"BECCS",3882127.45727645,3859025.4463122,14028457.0709064,-24.9200803782884,281.968700881887,117.149043884292,772.568121334666,43.3333333333333,38.8009100775612,1.94004550387806,106.56,117.1850161515,2.08285490281699,312.428235422531,1.3743344328,69.2067801947165,NA,192.446587541353,128.189432523579,1.31493365076821,187.855841711075
"US",150,0.02,FALSE,TRUE,150,"BEBCS",1566265.54449434,1443742.52878301,1551971.64283046,-24.2491368121661,135.395038973402,51.4034856581987,NA,43.3333333333333,52.6939460458064,21.4876049172528,106.56,0,0.944076825760797,141.61152386412,0.75264329023612,38.4270155246179,52.1064972325225,170.911048300425,193.622366553054,1.51968284519746,250.893262841323
"China",150,0.02,FALSE,TRUE,150,"BES",18390.569847376,18390.569847376,1593398.2844332,35.6057617505124,63.8777843681124,47.6836180036986,NA,43.3333333333333,30.5405906419817,1.46594835081512,46.5,0,0.56441518122206,84.6622771833095,1.472501178,41.5278798131864,NA,53.3150941851381,139.093599188484,0,147.863242123301
"China",150,0.02,FALSE,TRUE,150,"BECCS",1226373.13681827,1226373.13681827,117993940.562407,54.3006088747636,260.759062653629,156.197911729234,782.802116693579,43.3333333333333,38.8009100775612,1.94004550387806,46.5,123.750403960942,2.11049861358451,316.574792037724,1.3743344328,50.6144792338649,NA,153.522573914209,99.9722805711663,1.33238548837462,187.855841711075
"China",150,0.02,FALSE,TRUE,150,"BEBCS",3802501.91035031,3802501.91035031,134733075.086834,44.4449190227071,164.128979483758,92.599011434872,NA,43.3333333333333,52.6939460458064,21.4876049172528,46.5,0,1.01105856049105,151.658784073659,0.75264329023612,23.0305216572975,38.5912566669696,109.069323225264,119.647924409981,1.62243091406613,250.893262841323
"Europe",150,0.02,FALSE,TRUE,150,"BES",460679.010906102,450780.257380097,12663905.9392104,-55.623132291856,189.062648590344,66.7345445331437,NA,43.3333333333333,30.5405906419817,1.46594835081512,71.516,0,0.495279994994972,74.291999249243,1.472501178,95.9650842767018,NA,70.3038751611762,537.217137772233,0,147.863242123301
"Europe",150,0.02,FALSE,TRUE,150,"BECCS",2349205.14429776,2343912.21262508,61669950.040546,-53.5440467819906,212.264985340385,93.7897454568326,960.257423400706,43.3333333333333,38.8009100775612,1.94004550387806,71.516,138.065033643972,1.72160610017658,258.240915026626,1.3743344328,85.870819655713,NA,182.140520714027,144.8817016527,1.08687253799029,187.855841711075
"Europe",150,0.02,FALSE,TRUE,150,"BEBCS",1965900.19452328,1895578.83998441,32887381.461381,-6.08135781708779,163.930769010436,31.4359236523338,NA,43.3333333333333,52.6939460458064,21.4876049172528,71.516,0,0.782266295897943,117.339944384691,0.75264329023612,40.951333200195,18.8421970304995,168.546448999454,187.930259719962,1.25399557040595,250.893262841323
"India",150,0.02,FALSE,TRUE,150,"BES",35810.9493872097,35810.9493872097,198548.499028792,106.430629963471,108.197631377071,106.498591556301,NA,43.3333333333333,30.5405906419817,1.46594835081512,44.5,0,0.846547494615119,126.982124192268,1.472501178,56.0230063568306,NA,51.9568609763087,90.3747745749105,0,147.863242123301
"India",150,0.02,FALSE,TRUE,150,"BECCS",2368652.55763987,2368652.55763987,126870600.390569,107.473856668369,303.824555295763,176.54247992136,975.51882959832,43.3333333333333,38.8009100775612,1.94004550387806,44.5,148.881931029044,2.37382210608488,356.073315912844,1.3743344328,54.5920506190626,NA,170.353649754297,98.6269720929449,1.49862506697251,187.855841711075
"India",150,0.02,FALSE,TRUE,150,"BEBCS",506918.096380757,506918.096380757,32922302.8739359,106.511228124416,176.294315230865,136.893635637039,NA,43.3333333333333,52.6939460458064,21.4876049172528,44.5,0,1.07274894916481,160.912342374721,0.75264329023612,29.4005726812954,65.26227154408,70.9755605503644,110.748497745069,1.98236964305816,250.893262841323
"US",200,0.02,FALSE,TRUE,150,"BES",19741.5447283595,17318.201185921,47838.3730850311,-41.2876114584103,81.4231639836972,66.7055633864273,NA,43.3333333333333,30.5405906419817,1.46594835081512,106.56,0,0.286927054273872,57.3854108547744,1.472501178,147.88669152445,NA,94.1028374462848,490.750092110421,0,147.863242123301
"US",200,0.02,FALSE,TRUE,150,"BECCS",4808216.01967261,4808216.01967261,15227203.6432991,23.2012492722019,411.651416296848,206.439469332637,931.750432500008,43.3333333333333,38.8009100775612,1.94004550387806,106.56,131.245143018115,2.07732185981574,415.464371963088,1.3743344328,69.5211959690625,NA,202.677086414883,135.302795712848,1.3114405680655,187.855841711075
"US",200,0.02,FALSE,TRUE,150,"BEBCS",763759.261094165,763759.261094165,582272.315237622,16.4942004959517,181.056108069276,83.2953550574383,NA,43.3333333333333,52.6939460458064,21.4876049172528,106.56,0,0.908038551195812,181.607710239162,0.75264329023612,43.6535644098048,38.775631371532,188.623111948543,200.817746818011,1.44046720157918,250.893262841323
"China",200,0.02,FALSE,TRUE,150,"BES",5404.91715977801,5404.91715977801,149330.969765389,63.8265208116154,84.4415373036154,74.1906637183077,NA,43.3333333333333,30.5405906419817,1.46594835081512,46.5,0,0.564415181222061,112.883036244412,1.472501178,39.8141664666923,NA,53.3150941851381,139.093599188484,0,147.863242123301
"China",200,0.02,FALSE,TRUE,150,"BECCS",2669814.03638721,2669814.03638721,185736236.825325,86.0249998869006,366.283993332881,210.583215537097,1347.53306134535,43.3333333333333,38.8009100775612,1.94004550387806,46.5,172.411036062581,2.11049861358385,422.09972271696,1.3743344328,48.1354844641088,NA,188.929263101572,123.028743052789,1.33238548837437,187.855841711075
"China",200,0.02,FALSE,TRUE,150,"BEBCS",2372046.66346882,2372046.66346882,68434846.1385853,88.6596198153139,217.134230173863,141.197634400465,NA,43.3333333333333,52.6939460458064,21.4876049172528,46.5,0,1.00831079911026,201.662159822053,0.75264329023612,21.5770741887025,38.6399513527666,109.004624999122,119.987062241062,1.62534205528805,250.893262841323
"Europe",200,0.02,FALSE,TRUE,150,"BES",94122.1873903668,92890.515821834,1454601.23360132,-54.3816751715424,255.177685987391,161.505797245961,NA,43.3333333333333,30.5405906419817,1.46594835081512,71.516,0,0.856302862726815,171.260572545362,1.472501178,93.7677636933951,NA,70.3038751611762,240.8884994551,0,147.863242123301
"Europe",200,0.02,FALSE,TRUE,150,"BECCS",3174433.73111168,3172935.13685257,85143130.7351983,-42.3710170918665,306.673632473528,161.564028808843,1235.20924594289,43.3333333333333,38.8009100775612,1.94004550387806,71.516,160.069353847008,1.74107992801351,348.21598560286,1.3743344328,85.6743526345451,NA,198.151412734106,155.948522803649,1.09916662122066,187.855841711075
"Europe",200,0.02,FALSE,TRUE,150,"BEBCS",1507228.43122526,1507228.43122526,21107302.3515624,27.9860741743037,220.09662903491,72.166852915611,NA,43.3333333333333,52.6939460458064,21.4876049172528,71.516,0,0.781396143289804,156.279228657959,0.75264329023612,39.7782354940526,21.8069397266569,164.607341676477,188.871652804276,1.26421213142938,250.893262841323
"India",200,0.02,FALSE,TRUE,150,"BES",8767.74822051151,8767.74822051151,8966.12649938962,148.758004694227,148.758004694227,148.758004694227,NA,43.3333333333333,30.5405906419817,1.46594835081512,44.5,0,0.846547494615117,169.309498923023,1.472501178,55.955044764,NA,51.9568609763087,90.3747745749108,0,147.863242123301
"India",200,0.02,FALSE,TRUE,150,"BECCS",2780137.08689731,2780137.08689731,158958908.764077,166.538098251927,422.515660600024,284.90397033275,1127.51151767692,43.3333333333333,38.8009100775612,1.94004550387806,44.5,159.114047542663,2.37382210608488,474.764421217133,1.3743344328,54.4945522398098,NA,177.798792850052,102.937369442177,1.49862506697277,187.855841711075
"India",200,0.02,FALSE,TRUE,150,"BEBCS",122476.768289997,122476.768289997,1023576.8729585,151.438427336311,228.717056438062,177.558084310151,NA,43.3333333333333,52.6939460458064,21.4876049172528,44.5,0,1.14218462295988,228.436924591976,0.75264329023612,28.7228909753951,39.0798197058393,105.762892315491,104.226978157561,1.87690641187775,250.893262841323
"US",0,0.08,FALSE,TRUE,150,"BES",5591716.82549485,NA,NA,-120.758398454221,-8.25930845502111,-93.8957719651155,NA,43.3333333333333,60.7580515601347,2.91638647488646,106.56,0,0.502275542548143,0,1.472501178,76.3386660699158,NA,115.609033512788,395.940969902025,0,147.863242123301
"US",0,0.08,FALSE,TRUE,150,"BECCS",NA,NA,NA,NA,NA,NA,NA,43.3333333333333,77.1912934726282,3.85956467363141,106.56,NA,NA,NA,1.3743344328,NA,NA,NA,NA,NA,187.855841711075
"US",0,0.08,FALSE,TRUE,150,"BEBCS",NA,NA,NA,NA,NA,NA,NA,43.3333333333333,94.6051418517715,22.3240058517718,106.56,0,NA,NA,0.75264329023612,NA,NA,NA,NA,NA,250.893262841323
"China",0,0.08,FALSE,TRUE,150,"BES",5047265.61701538,NA,NA,-80.7244144750211,-45.3843862030211,-62.9609573806616,NA,43.3333333333333,60.7580515601347,2.91638647488646,46.5,0,0.564415181222222,0,1.472501178,47.2134806543875,NA,74.8212902516409,195.201053586963,0,147.863242123301
"China",0,0.08,FALSE,TRUE,150,"BECCS",NA,NA,NA,NA,NA,NA,NA,43.3333333333333,77.1912934726282,3.85956467363141,46.5,NA,NA,NA,1.3743344328,NA,NA,NA,NA,NA,187.855841711075
"China",0,0.08,FALSE,TRUE,150,"BEBCS",NA,NA,NA,NA,NA,NA,NA,43.3333333333333,94.6051418517715,22.3240058517718,46.5,0,NA,NA,0.75264329023612,NA,NA,NA,NA,NA,250.893262841323
"Europe",0,0.08,FALSE,TRUE,150,"BES",4775784.34972742,62077.7171582741,244183.980609254,-91.0154026950212,6.16967505297887,-47.562694608875,NA,43.3333333333333,60.7580515601347,2.91638647488646,71.516,0,0.165682801090056,0,1.472501178,87.6277434261666,NA,91.8100712276789,2378.73621510317,0,147.863242123301
"Europe",0,0.08,FALSE,TRUE,150,"BECCS",NA,NA,NA,NA,NA,NA,NA,43.3333333333333,77.1912934726282,3.85956467363141,71.516,NA,NA,NA,1.3743344328,NA,NA,NA,NA,NA,187.855841711075
"Europe",0,0.08,FALSE,TRUE,150,"BEBCS",NA,NA,NA,NA,NA,NA,NA,43.3333333333333,94.6051418517715,22.3240058517718,71.516,0,NA,NA,0.75264329023612,NA,NA,NA,NA,NA,250.893262841323
"India",0,0.08,FALSE,TRUE,150,"BES",2911381.60340781,NA,NA,-63.9994026950211,-31.6043767790211,-49.8920200028401,NA,43.3333333333333,60.7580515601347,2.91638647488646,44.5,0,0.846547494614705,0,1.472501178,58.282418032174,NA,73.4630570428115,127.78307032166,0,147.863242123301
"India",0,0.08,FALSE,TRUE,150,"BECCS",NA,NA,NA,NA,NA,NA,NA,43.3333333333333,77.1912934726282,3.85956467363141,44.5,NA,NA,NA,1.3743344328,NA,NA,NA,NA,NA,187.855841711075
"India",0,0.08,FALSE,TRUE,150,"BEBCS",NA,NA,NA,NA,NA,NA,NA,43.3333333333333,94.6051418517715,22.3240058517718,44.5,0,NA,NA,0.75264329023612,NA,NA,NA,NA,NA,250.893262841323
"US",50,0.08,FALSE,TRUE,150,"BES",5315629.07228045,253021.542102403,293166.536016144,-103.002998453584,6.4878204141377,-68.4451389004634,NA,43.3333333333333,60.7580515601347,2.91638647488646,106.56,0,0.504272515498685,25.2136257749336,1.472501178,76.5756733596247,NA,115.609033512788,393.96576443028,0,147.863242123301
"US",50,0.08,FALSE,TRUE,150,"BECCS",166351.445890856,NA,NA,-82.7698364887458,-21.5836646506794,-59.7856908447404,105.592736285856,43.3333333333333,77.1912934726282,3.85956467363141,106.56,44.4354096096516,2.03585843759713,101.792921879856,1.3743344328,70.467655031315,NA,168.842650098748,114.701536747228,1.2852641651497,187.855841711075
"US",50,0.08,FALSE,TRUE,150,"BEBCS",109736.307323596,NA,NA,-100.453918152843,-47.5847678148008,-78.7990195344582,NA,43.3333333333333,94.6051418517715,22.3240058517718,106.56,0,0.908698259956729,45.4349129978365,0.75264329023612,33.7576832067622,65.4975319644865,209.915663620002,247.824852849602,1.54364954510195,250.893262841323
"China",50,0.08,FALSE,TRUE,150,"BES",4882607.08611115,NA,NA,-52.5036554139181,-17.1636271419181,-34.6690933046197,NA,43.3333333333333,60.7580515601347,2.91638647488646,46.5,0,0.564415181222196,28.2207590610981,1.472501178,47.2845856693224,NA,74.8212902516409,195.201053586937,0,147.863242123301
"China",50,0.08,FALSE,TRUE,150,"BECCS",63925.8838250847,7358.01164058607,1140137.75630691,-30.3266034601143,8.93606400807732,-10.7780248568664,105.184096334819,43.3333333333333,77.1912934726282,3.85956467363141,46.5,44.3553965456119,2.11049861358501,105.524930679252,1.3743344328,55.6032991557537,NA,125.083277104277,81.4529105043381,1.33238548837438,187.855841711075
"China",50,0.08,FALSE,TRUE,150,"BEBCS",100732.647079448,NA,NA,-52.4572502682731,-9.70842347290062,-41.4658451218055,NA,43.3333333333333,94.6051418517715,22.3240058517718,46.5,0,1.02192825446317,51.0964127231584,0.75264329023612,18.547387116785,52.3195027417942,147.625902473523,160.258898420088,1.61127112986824,250.893262841323
"Europe",50,0.08,FALSE,TRUE,150,"BES",4692217.00362857,367614.280393799,5756637.41408369,-89.7739455747075,25.1646747540257,-39.4179871603148,NA,43.3333333333333,60.7580515601347,2.91638647488646,71.516,0,0.167900487599443,8.39502437997217,1.472501178,87.37742649477,NA,91.8100712276789,2365.54161742081,0,147.863242123301
"Europe",50,0.08,FALSE,TRUE,150,"BECCS",83372.1031873008,4784.10258689709,73489.6071093179,-44.980229147424,8.32870452594682,-20.9470863611438,104.615752083085,43.3333333333333,77.1912934726282,3.85956467363141,71.516,44.2441128473463,1.62553465615987,81.2767328079943,1.3743344328,94.5871518244672,NA,143.204569642218,121.078131083545,1.02622137383834,187.855841711075
"Europe",50,0.08,FALSE,TRUE,150,"BEBCS",195.242911395454,NA,NA,-70.4637909365752,-69.882607866795,-70.1731994016851,NA,43.3333333333333,94.6051418517715,22.3240058517718,71.516,0,0.686875845033607,34.3437922516804,0.75264329023612,31.6110181899171,52.3171378602609,180.866569342,274.351186527573,1.22049704838225,250.893262841323
"India",50,0.08,FALSE,TRUE,150,"BES",2843751.11826195,307921.761233617,12586256.8762003,-21.6720279642652,10.7229979517348,-7.59440407841358,NA,43.3333333333333,60.7580515601347,2.91638647488646,44.5,0,0.846547494614737,42.3273747307465,1.472501178,58.2526592258483,NA,73.4630570428115,127.78307032166,0,147.863242123301
"India",50,0.08,FALSE,TRUE,150,"BECCS",32510.7436540281,26710.6314389127,2445975.68518835,-5.40332890370286,25.6262914778734,8.73281864241249,93.3984610919172,43.3333333333333,77.1912934726282,3.85956467363141,44.5,42.0477298942119,2.37382210608522,118.691105304261,1.3743344328,57.6403013786228,NA,121.948911444367,70.6028423995369,1.49862506697299,187.855841711075
"India",50,0.08,FALSE,TRUE,150,"BEBCS",35119.7414918592,990.50470263866,975.861452061702,-9.02279385605806,1.59823461294872,-4.56155788698189,NA,43.3333333333333,94.6051418517715,22.3240058517718,44.5,0,1.0493642004352,52.4682100217601,0.75264329023612,29.4856292759797,74.9137505188215,114.948739073433,153.835565888476,2.02274565031168,250.893262841323
"US",100,0.08,FALSE,TRUE,150,"BES",2201345.69489426,284784.327456442,293554.318012727,-91.4675992672044,32.5437565328497,-39.1674132010841,NA,43.3333333333333,60.7580515601347,2.91638647488646,106.56,0,0.467267528066433,46.7267528066437,1.472501178,84.3402720272926,NA,115.609033512788,427.007883261745,0,147.863242123301
"US",100,0.08,FALSE,TRUE,150,"BECCS",1896221.95666549,776102.617724098,3679537.75183085,-85.1174026301286,108.099050764282,-5.91951961354955,435.485790609335,43.3333333333333,77.1912934726282,3.85956467363141,106.56,99.0952086896722,2.13944031899022,213.944031899033,1.3743344328,66.842515323348,NA,208.614482758618,134.835261715508,1.35065676703941,187.855841711075
"US",100,0.08,FALSE,TRUE,150,"BEBCS",1494149.17393557,1957.54207455203,187.295462336618,-91.3657586357037,23.4840171898603,-45.4198903755116,NA,43.3333333333333,94.6051418517715,22.3240058517718,106.56,0,0.921817919495169,92.1817919495171,0.75264329023612,35.7896379298559,50.0978274486597,230.376491100434,243.762810818092,1.54023035747892,250.893262841323
"China",100,0.08,FALSE,TRUE,150,"BES",2282093.04502988,412998.568660853,33242061.5466866,-24.282896352815,11.057131919185,-5.66862964097328,NA,43.3333333333333,60.7580515601347,2.91638647488646,46.5,0,0.564415181221757,56.441518122189,1.472501178,48.0642902718365,NA,74.8212902516409,195.201053586876,0,147.863242123301
"China",100,0.08,FALSE,TRUE,150,"BECCS",550052.927139736,538524.000919509,57016115.6515759,-3.5259143904272,114.460994687329,37.8018110738318,433.49417484006,43.3333333333333,77.1912934726282,3.85956467363141,46.5,98.1383434065912,2.11049861358512,211.049861358485,1.3743344328,52.4411512681783,NA,164.217090226753,106.936436773811,1.3323854883745,187.855841711075
"China",100,0.08,FALSE,TRUE,150,"BEBCS",2215119.64484618,983931.701499716,44279097.095007,-24.2312623389308,43.2968272172039,-1.55244378239992,NA,43.3333333333333,94.6051418517715,22.3240058517718,46.5,0,0.994188076760817,99.418807676082,0.75264329023612,22.5264877698936,39.9314084751651,164.085352025971,164.696826756268,1.63890514009498,250.893262841323
"Europe",100,0.08,FALSE,TRUE,150,"BES",3062365.95007969,477376.619435335,7813338.39716272,-88.5324884543939,91.2797121510726,-14.4570556921717,NA,43.3333333333333,60.7580515601347,2.91638647488646,71.516,0,0.238423237519265,23.8423237519277,1.472501178,96.8910585909286,NA,91.8100712276789,1381.79661333408,0,147.863242123301
"Europe",100,0.08,FALSE,TRUE,150,"BECCS",856369.021833044,376809.183381203,13893722.4319811,-82.5493163100232,89.9066797359292,0.53831833539925,424.011019690651,43.3333333333333,77.1912934726282,3.85956467363141,71.516,97.3325631319188,1.64079981478434,164.079981478489,1.3743344328,86.357758135126,NA,181.833049739609,152.254884389461,1.03585846892952,187.855841711075
"Europe",100,0.08,FALSE,TRUE,150,"BEBCS",857049.37781462,NA,NA,-85.6845593295201,-11.0425966550748,-69.9861962153155,NA,43.3333333333333,94.6051418517715,22.3240058517718,71.516,0,0.764784541588112,76.4784541588106,0.75264329023612,27.7915412391149,14.1889560903058,231.525602996555,247.246348378356,1.1809336646374,250.893262841323
"India",100,0.08,FALSE,TRUE,150,"BES",2305768.66453717,2305768.66453717,120383283.841899,20.6553467664907,53.0503726824907,35.1524905219267,NA,43.3333333333333,60.7580515601347,2.91638647488646,44.5,0,0.846547494615056,84.6547494615029,1.472501178,58.6721790954255,NA,73.4630570428115,127.78307032166,0,147.863242123301
"India",100,0.08,FALSE,TRUE,150,"BECCS",489332.607933423,489332.607933423,34332500.7441017,20.6725864716531,144.317396782134,58.3666527700448,465.179233711156,43.3333333333333,77.1912934726282,3.85956467363141,44.5,106.094440353669,2.37382210608502,237.382210608542,1.3743344328,52.6297406614531,NA,168.550894870607,97.5832594641837,1.49862506697292,187.855841711075
"India",100,0.08,FALSE,TRUE,150,"BEBCS",116280.330937237,116280.330937237,5275667.17753395,20.8096834732313,54.0209758201455,41.4468291346982,NA,43.3333333333333,94.6051418517715,22.3240058517718,44.5,0,1.05321425308318,105.321425308318,0.75264329023612,29.7512792221946,67.8032723077292,124.396080600734,153.27692371931,2.01531078416337,250.893262841323
"US",150,0.08,FALSE,TRUE,150,"BES",273455.28047097,248622.412784821,280469.767209161,-82.2115548839195,35.2516215923494,22.4832121485822,NA,43.3333333333333,60.7580515601347,2.91638647488646,106.56,0,0.36755704505021,55.1335567575326,1.472501178,137.58409342607,NA,115.609033512788,520.627095402012,0,147.863242123301
"US",150,0.08,FALSE,TRUE,150,"BECCS",4324373.67825901,4102105.77799631,13899219.4655831,-65.2299829431088,237.781766179243,61.2838980418354,824.58456106782,43.3333333333333,77.1912934726282,3.85956467363141,106.56,131.863113499887,2.08030705926013,312.046058888998,1.3743344328,68.7118107989901,NA,232.457227310579,154.713068322422,1.31332516367427,187.855841711075
"US",150,0.08,FALSE,TRUE,150,"BEBCS",993887.866765411,374911.056759602,196332.946363204,-66.9967335526503,69.1450862857342,-9.92196265243428,NA,43.3333333333333,94.6051418517715,22.3240058517718,106.56,0,0.943507730455594,141.526159568339,0.75264329023612,36.5477631015821,35.4932623811893,249.780856032578,239.623374096584,1.49195433677384,250.893262841323
"China",150,0.08,FALSE,TRUE,150,"BES",136184.951132638,136184.951132638,14428916.2485004,3.93786270828808,32.2098853258881,16.8363960112812,NA,43.3333333333333,60.7580515601347,2.91638647488646,46.5,0,0.564415181222071,84.6622771833073,1.472501178,42.3485568629945,NA,74.8212902516409,195.201053586963,0,147.863242123301
"China",150,0.08,FALSE,TRUE,150,"BECCS",1452458.0674492,1452458.0674492,130791661.548938,22.9178846349919,219.985925366581,98.5620464672271,870.49330481933,43.3333333333333,77.1912934726282,3.85956467363141,46.5,140.602588787565,2.11049861358432,316.574792037724,1.3743344328,50.1407013633037,NA,195.115133939781,127.056916885779,1.33238548837463,187.855841711075
"China",150,0.08,FALSE,TRUE,150,"BEBCS",3458622.5984341,3458622.5984341,109099836.136236,10.3421188434752,96.3020779073084,41.2146858595889,NA,43.3333333333333,94.6051418517715,22.3240058517718,46.5,0,1.01403272028557,152.104908042837,0.75264329023612,22.8801655791854,29.6587599411046,177.734113221782,161.55278918788,1.61946298381393,250.893262841323
"Europe",150,0.08,FALSE,TRUE,150,"BES",884315.924450479,688209.381514388,17248342.8421769,-87.2910313340803,157.39474954812,25.2938192499008,NA,43.3333333333333,60.7580515601347,2.91638647488646,71.516,0,0.403963551106321,60.5945326659476,1.472501178,99.8897246189671,NA,91.8100712276789,947.114855261669,0,147.863242123301
"Europe",150,0.08,FALSE,TRUE,150,"BECCS",2366189.27475035,2110829.44339898,59022976.1351584,-85.1349908263032,171.484654945912,45.7988458795459,954.706110582845,43.3333333333333,77.1912934726282,3.85956467363141,71.516,144.624187158731,1.7149993200226,257.249898003528,1.3743344328,85.7399931811049,NA,216.243614517833,173.158806492181,1.08270159092339,187.855841711075
"Europe",150,0.08,FALSE,TRUE,150,"BEBCS",1525279.15052645,235374.018386385,3660364.39666073,-49.6446741201019,74.4053289694018,-20.9424487068026,NA,43.3333333333333,94.6051418517715,22.3240058517718,71.516,0,0.766069802917083,114.910470437562,0.75264329023612,37.7672543331294,14.8249742260485,230.680557084381,247.162622924406,1.21933104713261,250.893262841323
"India",150,0.08,FALSE,TRUE,150,"BES",262025.03302476,262025.03302476,11259397.5072891,74.7627309212465,89.4877427012466,75.2539699599822,NA,43.3333333333333,60.7580515601347,2.91638647488646,44.5,0,0.846547494615141,126.982124192268,1.472501178,56.4462838027404,NA,73.4630570428115,127.783070321656,0,147.863242123301
"India",150,0.08,FALSE,TRUE,150,"BECCS",2431149.01593664,2431149.01593664,133552375.877679,74.794990602572,263.008502086396,131.087601555508,992.472167421722,43.3333333333333,77.1912934726282,3.85956467363141,44.5,154.070342558502,2.37382210608488,356.073315912845,1.3743344328,54.6354863474897,NA,203.459357512475,117.793662797209,1.49862506697248,187.855841711075
"India",150,0.08,FALSE,TRUE,150,"BEBCS",218207.554446437,218207.554446437,15179678.3785657,74.7746370473341,106.443717027342,87.9623805334472,NA,43.3333333333333,94.6051418517715,22.3240058517718,44.5,0,1.05543229105516,158.314843658274,0.75264329023612,29.5416247122726,61.5350598664441,132.724345161916,152.961300239605,2.01117976155014,250.893262841323
"US",200,0.08,FALSE,TRUE,150,"BES",69902.4682740883,67479.1247316498,153828.24303312,-72.9555105006345,58.9035574054562,45.6280901009753,NA,43.3333333333333,60.7580515601347,2.91638647488646,106.56,0,0.29512847717328,59.0256954346559,1.472501178,156.836832701341,NA,115.609033512788,587.258663838259,0,147.863242123301
"US",200,0.08,FALSE,TRUE,150,"BECCS",4900845.35328438,4900477.82382065,15266692.1561525,-17.1086532926184,367.464481594204,155.796310257295,958.500030677833,43.3333333333333,77.1912934726282,3.85956467363141,106.56,141.693204744019,2.07692153218663,415.384306437269,1.3743344328,69.7160667102624,NA,239.609846796439,159.792407537392,1.31118783597643,187.855841711075
"US",200,0.08,FALSE,TRUE,150,"BEBCS",620969.003936656,497413.856409782,357977.158301787,-26.2533962445325,114.806155381608,26.2252008101702,NA,43.3333333333333,94.6051418517715,22.3240058517718,106.56,0,0.902298165776033,180.459633155206,0.75264329023612,40.8780508025741,28.3766645559334,259.236328389241,249.389294375893,1.42249440018153,250.893262841323
"China",200,0.08,FALSE,TRUE,150,"BES",5741.48187931502,5741.48187931502,181804.700761884,32.1586217693911,52.7736382613911,43.0819032352821,NA,43.3333333333333,60.7580515601347,2.91638647488646,46.5,0,0.564415181222061,112.883036244412,1.472501178,40.3733050258909,NA,74.8212902516409,195.20105358696,0,147.863242123301
"China",200,0.08,FALSE,TRUE,150,"BECCS",2934041.00005835,2934041.00005835,195122198.464567,52.776219148252,325.510856045833,160.885649935455,1409.34846973821,43.3333333333333,77.1912934726282,3.85956467363141,46.5,181.64004992196,2.11049861358381,422.09972271696,1.3743344328,47.9768352866632,NA,224.975013860558,146.501355688174,1.33238548837408,187.855841711075
"China",200,0.08,FALSE,TRUE,150,"BEBCS",2107483.13507811,2107483.13507811,59016410.7683466,45.9120230748298,149.307328597413,88.2835999994683,NA,43.3333333333333,94.6051418517715,22.3240058517718,46.5,0,1.00967886323368,201.935772646737,0.75264329023612,21.0978716386206,28.6791034176526,179.035734502619,162.25683871164,1.6238389944459,250.893262841323
"Europe",200,0.08,FALSE,TRUE,150,"BES",181899.879033176,178760.404015054,2263644.95410746,-86.0495742137667,223.509786945166,128.937586346954,NA,43.3333333333333,60.7580515601347,2.91638647488646,71.516,0,0.850837536575473,170.167507315095,1.472501178,93.9605170668804,NA,91.8100712276789,244.89813325853,0,147.863242123301
"Europe",200,0.08,FALSE,TRUE,150,"BECCS",3257473.47534603,3239249.79680789,87199640.3030089,-82.6809196566869,266.363729908708,113.776573615422,1256.81895958145,43.3333333333333,77.1912934726282,3.85956467363141,71.516,166.811875380094,1.73939555286593,347.87911057333,1.3743344328,85.2761965685616,NA,232.387929680018,183.538614787312,1.09810325307192,187.855841711075
"Europe",200,0.08,FALSE,TRUE,150,"BEBCS",1336410.99534806,1083831.65451008,17258997.3787471,-15.5772421287103,154.804992942153,19.7976519600218,NA,43.3333333333333,94.6051418517715,22.3240058517718,71.516,0,0.764550774375803,152.910154875159,0.75264329023612,39.4507269186701,15.8819178697364,229.27624822068,248.159039628504,1.22977749653541,250.893262841323
"India",200,0.08,FALSE,TRUE,150,"BES",30753.8840733739,30753.8840733739,84812.171682951,117.090105652002,122.980110364002,117.110557057252,NA,43.3333333333333,60.7580515601347,2.91638647488646,44.5,0,0.846547494615121,169.309498923023,1.472501178,55.9754961692498,NA,73.4630570428115,127.783070321651,0,147.863242123301
"India",200,0.08,FALSE,TRUE,150,"BECCS",2803039.43027669,2803039.43027669,159174434.084056,117.143009676364,381.699607390657,240.412740360795,1137.62710389245,43.3333333333333,77.1912934726282,3.85956467363141,44.5,163.28524521124,2.37382210608488,474.764421217134,1.3743344328,54.4844225012529,NA,210.164350440554,121.675547050083,1.49862506697279,187.855841711075
"India",200,0.08,FALSE,TRUE,150,"BEBCS",77588.2890577908,77588.2890577908,732205.507796654,117.09484079542,136.178399637276,123.708128392197,NA,43.3333333333333,94.6051418517715,22.3240058517718,44.5,0,1.15091621107621,230.183242215242,0.75264329023612,28.6193135237141,26.3347203567837,179.493299281759,140.492832541033,1.86016293903312,250.893262841323
"US",0,0.15,FALSE,TRUE,150,"BES",5591716.82549485,NA,NA,-166.257772638503,-53.7586826393029,-139.395146149385,NA,43.3333333333333,104.173484942083,5.00032727721998,106.56,0,0.502275542548143,0,1.472501178,76.3386660699158,NA,146.508414011811,501.76601066593,0,147.863242123301
"US",0,0.15,FALSE,TRUE,150,"BECCS",NA,NA,NA,NA,NA,NA,NA,43.3333333333333,132.349307486794,6.61746537433969,106.56,NA,NA,NA,1.3743344328,NA,NA,NA,NA,NA,187.855841711075
"US",0,0.15,FALSE,TRUE,150,"BEBCS",NA,NA,NA,NA,NA,NA,NA,43.3333333333333,154.5324122006,23.5257186347077,106.56,0,NA,NA,0.75264329023612,NA,NA,NA,NA,NA,250.893262841323
"China",0,0.15,FALSE,TRUE,150,"BES",5047265.61701538,NA,NA,-126.223788659303,-90.8837603873029,-108.460331564911,NA,43.3333333333333,104.173484942083,5.00032727721998,46.5,0,0.564415181222222,0,1.472501178,47.2134806543875,NA,105.720670750664,275.814360418759,0,147.863242123301
"China",0,0.15,FALSE,TRUE,150,"BECCS",NA,NA,NA,NA,NA,NA,NA,43.3333333333333,132.349307486794,6.61746537433969,46.5,NA,NA,NA,1.3743344328,NA,NA,NA,NA,NA,187.855841711075
"China",0,0.15,FALSE,TRUE,150,"BEBCS",NA,NA,NA,NA,NA,NA,NA,43.3333333333333,154.5324122006,23.5257186347077,46.5,0,NA,NA,0.75264329023612,NA,NA,NA,NA,NA,250.893262841323
"Europe",0,0.15,FALSE,TRUE,150,"BES",4775784.34972742,NA,NA,-136.514776879303,-39.3296991313028,-93.0620687931351,NA,43.3333333333333,104.173484942083,5.00032727721998,71.516,0,0.165682801090056,0,1.472501178,87.6277434261666,NA,122.709451726702,3179.31805143382,0,147.863242123301
"Europe",0,0.15,FALSE,TRUE,150,"BECCS",NA,NA,NA,NA,NA,NA,NA,43.3333333333333,132.349307486794,6.61746537433969,71.516,NA,NA,NA,1.3743344328,NA,NA,NA,NA,NA,187.855841711075
"Europe",0,0.15,FALSE,TRUE,150,"BEBCS",NA,NA,NA,NA,NA,NA,NA,43.3333333333333,154.5324122006,23.5257186347077,71.516,0,NA,NA,0.75264329023612,NA,NA,NA,NA,NA,250.893262841323
"India",0,0.15,FALSE,TRUE,150,"BES",2911381.60340781,NA,NA,-109.498776879303,-77.1037509633029,-95.3913941871157,NA,43.3333333333333,104.173484942083,5.00032727721998,44.5,0,0.846547494614705,0,1.472501178,58.282418032174,NA,104.362437541835,181.530053773495,0,147.863242123301
"India",0,0.15,FALSE,TRUE,150,"BECCS",NA,NA,NA,NA,NA,NA,NA,43.3333333333333,132.349307486794,6.61746537433969,44.5,NA,NA,NA,1.3743344328,NA,NA,NA,NA,NA,187.855841711075
"India",0,0.15,FALSE,TRUE,150,"BEBCS",NA,NA,NA,NA,NA,NA,NA,43.3333333333333,154.5324122006,23.5257186347077,44.5,0,NA,NA,0.75264329023612,NA,NA,NA,NA,NA,250.893262841323
"US",50,0.15,FALSE,TRUE,150,"BES",5563016.33252298,NA,NA,-148.502372637866,-39.011553770144,-114.264302990788,NA,43.3333333333333,104.173484942083,5.00032727721998,106.56,0,0.502521981485461,25.1260990742721,1.472501178,76.343410154265,NA,146.508414011811,501.646105904471,0,147.863242123301
"US",50,0.15,FALSE,TRUE,150,"BECCS",28700.4929718897,NA,NA,-128.226444331855,-85.0699689808584,-111.243234565962,43.5521353912354,43.3333333333333,132.349307486794,6.61746537433969,106.56,36.4891941088511,2.00771106681053,100.385553340527,1.3743344328,70.387179063496,NA,205.201849156482,141.107332796104,1.26749436036018,187.855841711075
"US",50,0.15,FALSE,TRUE,150,"BEBCS",NA,NA,NA,NA,NA,NA,NA,43.3333333333333,154.5324122006,23.5257186347077,106.56,0,NA,NA,0.75264329023612,NA,NA,NA,NA,NA,250.893262841323
"China",50,0.15,FALSE,TRUE,150,"BES",5034725.0618729,NA,NA,-98.0030295981998,-62.6630013261998,-80.2700049056656,NA,43.3333333333333,104.173484942083,5.00032727721998,46.5,0,0.56441518122222,28.2207590611001,1.472501178,47.1830482525581,NA,105.720670750664,275.814360418758,0,147.863242123301
"China",50,0.15,FALSE,TRUE,150,"BECCS",12540.5551424902,NA,NA,-70.6974254778895,-49.6454108039065,-61.0011629161699,44.8815321331182,43.3333333333333,132.349307486794,6.61746537433969,46.5,36.877743350423,2.11049861358504,105.524930679252,1.3743344328,55.818422616135,NA,161.783413778379,105.351652344309,1.33238548837439,187.855841711075
"China",50,0.15,FALSE,TRUE,150,"BEBCS",NA,NA,NA,NA,NA,NA,NA,43.3333333333333,154.5324122006,23.5257186347077,46.5,0,NA,NA,0.75264329023612,NA,NA,NA,NA,NA,250.893262841323
"Europe",50,0.15,FALSE,TRUE,150,"BES",4761474.40665293,NA,NA,-135.273319758989,-20.334699430256,-84.8004453919954,NA,43.3333333333333,104.173484942083,5.00032727721998,71.516,0,0.166057153069156,8.30285765345781,1.472501178,87.5865091738943,NA,122.709451726702,3176.27558060708,0,147.863242123301
"Europe",50,0.15,FALSE,TRUE,150,"BECCS",14309.9430745093,NA,NA,-90.3648190126311,-50.2631051012972,-71.04080305533,42.083039906507,43.3333333333333,132.349307486794,6.61746537433969,71.516,36.0598144373022,1.62532000587038,81.2660002935185,1.3743344328,94.2357839495869,NA,179.390533638994,151.691980501061,1.0260858622919,187.855841711075
"Europe",50,0.15,FALSE,TRUE,150,"BEBCS",NA,NA,NA,NA,NA,NA,NA,43.3333333333333,154.5324122006,23.5257186347077,71.516,0,NA,NA,0.75264329023612,NA,NA,NA,NA,NA,250.893262841323
"India",50,0.15,FALSE,TRUE,150,"BES",2902556.37086371,NA,NA,-67.171402148547,-34.776376232547,-53.0739632045326,NA,43.3333333333333,104.173484942083,5.00032727721998,44.5,0,0.846547494614709,42.3273747307461,1.472501178,58.2724742840053,NA,104.362437541835,181.530053773494,0,147.863242123301
"India",50,0.15,FALSE,TRUE,150,"BECCS",8825.23254409984,NA,NA,-49.2981128658955,-33.0168434905188,-42.5419692710216,39.8701484170679,43.3333333333333,132.349307486794,6.61746537433969,44.5,35.4130418954312,2.37382210608522,118.691105304261,1.3743344328,57.6467401812822,NA,159.262410613281,92.2056518875079,1.49862506697299,187.855841711075
"India",50,0.15,FALSE,TRUE,150,"BEBCS",NA,NA,NA,NA,NA,NA,NA,43.3333333333333,154.5324122006,23.5257186347077,44.5,0,NA,NA,0.75264329023612,NA,NA,NA,NA,NA,250.893262841323
"US",100,0.15,FALSE,TRUE,150,"BES",4111564.95882035,NA,NA,-136.966973451486,-12.955617651432,-90.2499053628851,NA,43.3333333333333,104.173484942083,5.00032727721998,106.56,0,0.472689433884874,47.2689433884833,1.472501178,78.2149634679324,NA,146.508414011811,529.202884806441,0,147.863242123301
"US",100,0.15,FALSE,TRUE,150,"BECCS",1442217.75944873,20640.4491609145,10896.4466784224,-130.74472360721,44.6127464341027,-63.7922015399397,357.580741142551,43.3333333333333,132.349307486794,6.61746537433969,106.56,98.9916553141828,2.1417693987723,214.176939877218,1.3743344328,66.5492867581553,NA,250.680198322188,161.79907475547,1.35212714568958,187.855841711075
"US",100,0.15,FALSE,TRUE,150,"BEBCS",37934.1072261853,NA,NA,-136.799516075992,-96.9001129632325,-129.426522565347,NA,43.3333333333333,154.5324122006,23.5257186347077,106.56,0,0.817626795278385,81.7626795278385,0.75264329023612,31.0702006736661,42.3587280684566,321.878113987901,348.764391277899,1.3308143733394,250.893262841323
"China",100,0.15,FALSE,TRUE,150,"BES",4591968.20197774,NA,NA,-69.7822705370967,-34.4422422650967,-52.796963819413,NA,43.3333333333333,104.173484942083,5.00032727721998,46.5,0,0.564415181222146,56.441518122188,1.472501178,46.4353302776835,NA,105.720670750664,275.814360418708,0,147.863242123301
"China",100,0.15,FALSE,TRUE,150,"BECCS",418367.051769469,82304.3526756932,10301381.8271518,-49.1648586829378,55.8795198753453,-18.896193330827,352.677534700706,43.3333333333333,132.349307486794,6.61746537433969,46.5,97.5457658718665,2.11049861358511,211.049861358487,1.3743344328,53.0664840436679,NA,205.926979619076,134.097476734304,1.33238548837443,187.855841711075
"China",100,0.15,FALSE,TRUE,150,"BEBCS",36930.3632683897,NA,NA,-69.7730695277607,-36.4974502062593,-57.8724937239021,NA,43.3333333333333,154.5324122006,23.5257186347077,46.5,0,1.06677382465562,106.677382465562,0.75264329023612,19.307477461925,40.7007771839183,244.282193220256,210.609048406192,1.56858672265405,250.893262841323
"Europe",100,0.15,FALSE,TRUE,150,"BES",4094723.24347089,151715.466456931,1713097.25813441,-134.031862638676,45.7803379667909,-75.4458984513047,NA,43.3333333333333,104.173484942083,5.00032727721998,71.516,0,0.184821713537293,18.4821713537303,1.472501178,86.7617424142465,NA,122.709451726702,3026.65334436039,0,147.863242123301
"Europe",100,0.15,FALSE,TRUE,150,"BECCS",672725.271952168,26566.7331260959,959884.334720265,-127.952423194087,31.3148701086852,-58.3409729675182,351.828343432151,43.3333333333333,132.349307486794,6.61746537433969,71.516,98.1326340260925,1.63347700523979,163.347700524016,1.3743344328,86.9267333957086,NA,224.556264852121,188.952622158639,1.031235483106,187.855841711075
"Europe",100,0.15,FALSE,TRUE,150,"BEBCS",8335.83430445278,NA,NA,-133.176879008139,-109.077995403268,-118.699159087353,NA,43.3333333333333,154.5324122006,23.5257186347077,71.516,0,0.730749458598153,73.0749458598154,0.75264329023612,29.0109777327378,28.7890481554015,293.346244554497,343.121474630011,1.19625509133084,250.893262841323
"India",100,0.15,FALSE,TRUE,150,"BES",2630267.20311968,307921.761233617,12586256.8762003,-24.8440274177911,7.55099849820891,-10.6021727673631,NA,43.3333333333333,104.173484942083,5.00032727721998,44.5,0,0.846547494614845,84.6547494614964,1.472501178,58.4168899904228,NA,104.362437541835,181.530053773454,0,147.863242123301
"India",100,0.15,FALSE,TRUE,150,"BECCS",281114.400288139,148618.640321067,10897626.7523801,-24.7537501243243,85.6742618137422,7.63123175411731,363.22214172483,43.3333333333333,132.349307486794,6.61746537433969,44.5,99.4513813548349,2.37382210608516,237.38221060852,1.3743344328,53.1671753615647,NA,205.858303091166,119.182542571626,1.49862506697306,187.855841711075
"India",100,0.15,FALSE,TRUE,150,"BEBCS",NA,NA,NA,NA,NA,NA,NA,43.3333333333333,154.5324122006,23.5257186347077,44.5,0,NA,NA,0.75264329023612,NA,NA,NA,NA,NA,250.893262841323
"US",150,0.15,FALSE,TRUE,150,"BES",811693.237078761,2190.21809235306,22.1622700011058,-127.710929068201,13.10031846728,-47.2673313084045,NA,43.3333333333333,104.173484942083,5.00032727721998,106.56,0,0.464764517682394,69.7146776523615,1.472501178,98.7518032585393,NA,146.508414011811,543.106081085032,0,147.863242123301
"US",150,0.15,FALSE,TRUE,150,"BECCS",4392003.70660721,1930081.27512881,6556474.53313753,-123.145897657983,174.295461849064,-0.551626176256466,826.315103433037,43.3333333333333,132.349307486794,6.61746537433969,106.56,134.834452302627,2.0771587545845,311.573813187653,1.3743344328,68.2357857998569,NA,276.760311090243,184.410522322492,1.31133759759118,187.855841711075
"US",150,0.15,FALSE,TRUE,150,"BEBCS",388019.881809441,NA,NA,-127.674284417057,-9.47554556483158,-91.9140229100518,NA,43.3333333333333,154.5324122006,23.5257186347077,106.56,0,0.892699267453306,133.904890117996,0.75264329023612,33.0647838716111,25.7344339356489,343.965993264142,321.072375361565,1.40101423938141,250.893262841323
"China",150,0.15,FALSE,TRUE,150,"BES",2024035.51412131,NA,NA,-41.5615114759937,-6.22148320399367,-23.2030480952082,NA,43.3333333333333,104.173484942083,5.00032727721998,46.5,0,0.564415181221839,84.6622771832793,1.472501178,47.8084869407897,NA,105.720670750664,275.814360418444,0,147.863242123301
"China",150,0.15,FALSE,TRUE,150,"BECCS",1590904.11906452,1210025.76756629,113246394.269244,-38.4463552597861,161.404450554597,33.7993695296129,918.808335473739,43.3333333333333,132.349307486794,6.61746537433969,46.5,147.160487690496,2.11049861358423,316.574792037723,1.3743344328,49.8518380434928,NA,242.027888273127,157.606007609077,1.33238548837464,187.855841711075
"China",150,0.15,FALSE,TRUE,150,"BEBCS",1432325.98383,24632.872981812,47772.6855818124,-41.3616068464443,16.5078004838452,-23.5840564370079,NA,43.3333333333333,154.5324122006,23.5257186347077,46.5,0,1.0180218701974,152.70328052961,0.75264329023612,20.2932789545466,27.9775149141425,261.186963959373,220.919900139362,1.61414021647902,250.893262841323
"Europe",150,0.15,FALSE,TRUE,150,"BES",1629343.05516049,248845.870371753,3736004.09368583,-132.790405518362,111.895375363838,-34.9087162803723,NA,43.3333333333333,104.173484942083,5.00032727721998,71.516,0,0.305713536978388,45.8570305467652,1.472501178,99.924065392177,NA,122.709451726702,1544.65737606544,0,147.863242123301
"Europe",150,0.15,FALSE,TRUE,150,"BECCS",2236544.73439973,748733.906386047,23906139.470157,-130.523957701822,112.892845318668,-13.7717927515233,908.707169617507,43.3333333333333,132.349307486794,6.61746537433969,71.516,143.817577643188,1.70147307246664,255.220960870112,1.3743344328,85.3075968827776,NA,257.797768904387,208.411447776293,1.07416229322379,187.855841711075
"Europe",150,0.15,FALSE,TRUE,150,"BEBCS",909896.560166997,NA,NA,-108.61798911099,-41.7615206410947,-94.3844906149449,NA,43.3333333333333,154.5324122006,23.5257186347077,71.516,0,0.756995589635832,113.549338445374,0.75264329023612,30.0271469838478,11.6131547911463,316.167006510498,330.82662021893,1.18756913835415,250.893262841323
"India",150,0.15,FALSE,TRUE,150,"BES",653570.953215249,653570.953215249,34183766.0510227,26.3183543809648,49.8783732289648,30.4454944719726,NA,43.3333333333333,104.173484942083,5.00032727721998,44.5,0,0.846547494615147,126.982124192281,1.472501178,57.1371824990048,NA,104.362437541835,181.530053773515,0,147.863242123301
"India",150,0.15,FALSE,TRUE,150,"BECCS",2257810.65019254,2257810.65019254,125807685.712511,22.0511475566457,204.365367118003,75.9928671829212,932.593401694098,43.3333333333333,132.349307486794,6.61746537433969,44.5,151.335806246923,2.37382210608488,356.073315912844,1.3743344328,54.7221303781971,NA,243.610704292656,141.039456263298,1.49862506697254,187.855841711075
"India",150,0.15,FALSE,TRUE,150,"BEBCS",NA,NA,NA,NA,NA,NA,NA,43.3333333333333,154.5324122006,23.5257186347077,44.5,0,NA,NA,0.75264329023612,NA,NA,NA,NA,NA,250.893262841323
"US",200,0.15,FALSE,TRUE,150,"BES",158120.058894877,153463.301807891,249317.755942426,-118.454884684916,13.4041832211744,2.07242336378632,NA,43.3333333333333,104.173484942083,5.00032727721998,106.56,0,0.30750478643304,61.5009572866078,1.472501178,156.305278296482,NA,146.508414011811,728.754960351117,0,147.863242123301
"US",200,0.15,FALSE,TRUE,150,"BECCS",4938374.5389881,4722239.21903705,15013516.7322505,-75.0245680074924,303.978177264025,94.3775647108246,969.809624888033,43.3333333333333,132.349307486794,6.61746537433969,106.56,144.970552212818,2.07705743848887,415.41148769772,1.3743344328,69.4634020870161,NA,284.135590111333,189.362943711407,1.31127363540966,187.855841711075
"US",200,0.15,FALSE,TRUE,150,"BEBCS",495222.227612105,17796.3768583533,4445.29442801619,-87.3823793762969,36.1855235310424,-47.9670175167202,NA,43.3333333333333,154.5324122006,23.5257186347077,106.56,0,0.898884789641978,179.776957928396,0.75264329023612,36.1168786993247,20.7572766908673,350.578896493798,318.527532609909,1.40839037446356,250.893262841323
"China",200,0.15,FALSE,TRUE,150,"BES",97437.6392278989,19891.6903739944,1849162.11407985,-13.3407524148906,7.27426407710939,-2.33897278014062,NA,43.3333333333333,104.173484942083,5.00032727721998,46.5,0,0.564415181222057,112.883036244413,1.472501178,40.4518031947505,NA,105.720670750664,275.814360418588,0,147.863242123301
"China",200,0.15,FALSE,TRUE,150,"BECCS",3098728.10541832,3098728.10541832,200751501.654563,1.50150474075474,266.929381233849,98.067774091712,1455.19648781642,43.3333333333333,132.349307486794,6.61746537433969,46.5,186.415459282759,2.11049861358378,422.09972271696,1.3743344328,47.8502835185917,NA,270.590784359698,176.205864220962,1.33238548837392,187.855841711075
"China",200,0.15,FALSE,TRUE,150,"BEBCS",1851099.8723696,1832559.57496139,40772672.8041024,-4.4402620927745,69.5130511739498,21.4237389138907,NA,43.3333333333333,154.5324122006,23.5257186347077,46.5,0,1.01319687747081,202.639375494162,0.75264329023612,20.7690359560132,22.5734582990223,268.367067316736,222.143627090063,1.62010930473932,250.893262841323
"Europe",200,0.15,FALSE,TRUE,150,"BES",225686.267582497,219318.416492693,2434770.16211198,-131.548948398048,178.010412760885,77.720811975291,NA,43.3333333333333,104.173484942083,5.00032727721998,71.516,0,0.822312968963513,164.462593792705,1.472501178,93.9480304018935,NA,122.709451726702,332.324078125337,0,147.863242123301
"Europe",200,0.15,FALSE,TRUE,150,"BECCS",3347159.16037951,2849511.30819608,78448727.9519884,-129.758703023905,208.447815193834,51.4874358428819,1280.56875954647,43.3333333333333,132.349307486794,6.61746537433969,71.516,170.281782824865,1.73714847773281,347.429695546696,1.3743344328,84.8222959823013,NA,277.053784434586,219.46107957256,1.09668464503333,187.855841711075
"Europe",200,0.15,FALSE,TRUE,150,"BEBCS",1202938.92176521,97.9466045133972,361.94132704624,-77.3133252496372,1.43177968620762,-46.8941514946767,NA,43.3333333333333,154.5324122006,23.5257186347077,71.516,0,0.756513459423426,151.302691884684,0.75264329023612,39.3880204063875,11.9892670495619,315.667284712272,331.278255583225,1.21333315978741,250.893262841323
"India",200,0.15,FALSE,TRUE,150,"BES",113391.304227242,113391.304227242,983828.146239995,71.5907314677207,80.4257385357207,71.6215252185924,NA,43.3333333333333,104.173484942083,5.00032727721998,44.5,0,0.846547494615127,169.309498923024,1.472501178,55.9858385148703,NA,104.362437541835,181.530053773497,0,147.863242123301
"India",200,0.15,FALSE,TRUE,150,"BECCS",2797990.2991806,2797990.2991806,159007623.617295,71.776654971256,323.056472422264,181.929573877357,1134.42826855344,43.3333333333333,132.349307486794,6.61746537433969,44.5,163.856725383437,2.37382210608488,474.764421217134,1.3743344328,54.4886509048863,NA,252.721237244236,146.314038172539,1.49862506697278,187.855841711075
"India",200,0.15,FALSE,TRUE,150,"BEBCS",NA,NA,NA,NA,NA,NA,NA,43.3333333333333,154.5324122006,23.5257186347077,44.5,0,NA,NA,0.75264329023612,NA,NA,NA,NA,NA,250.893262841323
"US",0,0.02,TRUE,FALSE,150,"BES",5076823.9897176,278902.473532287,293357.267769579,-89.0904994119968,23.4085905872032,-61.7041927235824,NA,43.3333333333333,30.5405906419817,1.46594835081512,106.56,0,0.501615886227775,0,1.472501178,76.8623462692188,NA,94.1028374462848,324.753094646241,0,147.863242123301
"US",0,0.02,TRUE,FALSE,150,"BECCS",NA,NA,NA,NA,NA,NA,NA,43.3333333333333,38.8009100775612,1.94004550387806,106.56,NA,NA,NA,1.3743344328,NA,NA,NA,NA,NA,187.855841711075
"US",0,0.02,TRUE,FALSE,150,"BEBCS",514892.835777373,NA,NA,-78.1792538044593,-28.1051465686847,-60.7411524465629,NA,43.3333333333333,52.6939460458064,21.4876049172528,106.56,0,0.936734270750361,0,0.75264329023612,36.2170071817497,83.7833913347472,128.823522226437,194.07928632664,1.61939530149302,250.893262841323
"China",0,0.02,TRUE,FALSE,150,"BES",4797012.96462248,NA,NA,-49.0565154327968,-13.7164871607968,-30.8919772462299,NA,43.3333333333333,30.5405906419817,1.46594835081512,46.5,0,0.564415181222182,0,1.472501178,47.6145617465822,NA,53.3150941851381,139.09359918838,0,147.863242123301
"China",0,0.02,TRUE,FALSE,150,"BECCS",NA,NA,NA,NA,NA,NA,NA,43.3333333333333,38.8009100775612,1.94004550387806,46.5,NA,NA,NA,1.3743344328,NA,NA,NA,NA,NA,187.855841711075
"China",0,0.02,TRUE,FALSE,150,"BEBCS",250252.65239321,653.487732883385,6090.21790008542,-49.0308676327364,5.20546504441408,-33.5190573012839,NA,43.3333333333333,52.6939460458064,21.4876049172528,46.5,0,0.991632912072864,0,0.75264329023612,20.1172475305902,67.0452461311853,71.2639115071991,121.976023895159,1.64222776885475,250.893262841323
"Europe",0,0.02,TRUE,FALSE,150,"BES",4773967.01445712,805617.632859772,20750128.787084,-59.3475036527968,37.8375740952032,-15.8968004849471,NA,43.3333333333333,30.5405906419817,1.46594835081512,71.516,0,0.165451759489716,0,1.472501178,87.6257385078582,NA,70.3038751611762,1822.04383590432,0,147.863242123301
"Europe",0,0.02,TRUE,FALSE,150,"BECCS",NA,NA,NA,NA,NA,NA,NA,43.3333333333333,38.8009100775612,1.94004550387806,71.516,NA,NA,NA,1.3743344328,NA,NA,NA,NA,NA,187.855841711075
"Europe",0,0.02,TRUE,FALSE,150,"BEBCS",1817.33527030305,NA,NA,-9.27792601045059,-4.56681106298788,-7.39364854082011,NA,43.3333333333333,52.6939460458064,21.4876049172528,71.516,0,1.12405917853367,0,0.75264329023612,48.1691705751117,90.1347318471274,73.8235759711623,129.623411107915,2.0364847679915,250.893262841323
"India",0,0.02,TRUE,FALSE,150,"BES",2617097.88404485,306404.614937141,12533742.9203961,-32.3315036527968,0.0635222632031684,-18.2056771598438,NA,43.3333333333333,30.5405906419817,1.46594835081512,44.5,0,0.846547494614865,0,1.472501178,58.3008618329469,NA,51.9568609763087,90.3747745749454,0,147.863242123301
"India",0,0.02,TRUE,FALSE,150,"BECCS",NA,NA,NA,NA,NA,NA,NA,43.3333333333333,38.8009100775612,1.94004550387806,44.5,NA,NA,NA,1.3743344328,NA,NA,NA,NA,NA,187.855841711075
"India",0,0.02,TRUE,FALSE,150,"BEBCS",294283.719362962,62239.9782338841,807938.808752026,-32.3248538733973,19.0260916092751,-7.66507660225427,NA,43.3333333333333,52.6939460458064,21.4876049172528,44.5,0,1.05651317506172,0,0.75264329023612,29.7091594722136,81.307314888592,49.6573032129762,112.336500872834,2.00895191888111,250.893262841323
"US",50,0.02,TRUE,FALSE,150,"BES",1856040.52947926,319082.202312874,297871.018153874,-71.3350994113601,38.155719456362,-29.1394256418311,NA,43.3333333333333,30.5405906419817,1.46594835081512,106.56,0,0.43126444161825,21.5632220809128,1.472501178,87.8638912700528,NA,94.1028374462848,373.728251299359,0,147.863242123301
"US",50,0.02,TRUE,FALSE,150,"BECCS",2394984.02257429,104552.683414086,492982.535733777,-71.2850637090518,23.9277636186866,-23.3186954502759,357.542322986805,43.3333333333333,38.8009100775612,1.94004550387806,106.56,46.221167228458,2.10519795534783,105.25989776739,1.3743344328,64.9435295922299,NA,140.811521701908,92.625807370216,1.32903911322474,187.855841711075
"US",50,0.02,TRUE,FALSE,150,"BEBCS",1340692.27344179,12360.5978998033,723.152028680985,-70.1840639927467,45.1269958902586,-24.1874566881433,NA,43.3333333333333,52.6939460458064,21.4876049172528,106.56,0,0.945396947785881,47.269847389294,0.75264329023612,36.7936618591507,72.4905850264712,143.82771671641,192.493064633631,1.60089455220714,250.893262841323
"China",50,0.02,TRUE,FALSE,150,"BES",1705597.34439737,465552.939665373,37641411.7838951,-20.8357563716938,14.5042719003062,-3.29951628029088,NA,43.3333333333333,30.5405906419817,1.46594835081512,46.5,0,0.564415181221967,28.2207590611062,1.472501178,46.9862636514018,NA,53.3150941851381,139.093599188452,0,147.863242123301
"China",50,0.02,TRUE,FALSE,150,"BECCS",1245015.00857675,1187052.49833974,84407744.7336999,-16.5991572911892,49.7092012951258,18.0485858557812,354.352872378922,43.3333333333333,38.8009100775612,1.94004550387806,46.5,46.0910209399268,2.11049861358438,105.524930679241,1.3743344328,45.8556316978966,NA,97.0156705233104,63.1755811935264,1.33238548837463,187.855841711075
"China",50,0.02,TRUE,FALSE,150,"BEBCS",2096653.26404176,1507234.01072466,74581375.5550643,-20.6303332818103,58.118478103549,6.4762010112852,NA,43.3333333333333,52.6939460458064,21.4876049172528,46.5,0,0.981136094080028,49.0568047040016,0.75264329023612,23.5767015196028,54.5242457507382,87.8999468547262,123.217421900091,1.65268137097126,250.893262841323
"Europe",50,0.02,TRUE,FALSE,150,"BES",3681639.76720018,1791542.81133881,42593241.3537203,-58.1060465324832,56.83257379625,-7.11002900774651,NA,43.3333333333333,30.5405906419817,1.46594835081512,71.516,0,0.189572522222419,9.47862611112097,1.472501178,86.9338838739372,NA,70.3038751611762,1766.12007002622,0,147.863242123301
"Europe",50,0.02,TRUE,FALSE,150,"BECCS",918322.905678047,710664.363915357,27604523.0155261,-52.0506152246419,49.1090349204204,12.2252687883391,351.949010897527,43.3333333333333,38.8009100775612,1.94004550387806,71.516,45.9365401674688,1.65566519292584,82.7832596463027,1.3743344328,87.6355048909412,NA,115.105531793024,95.680135281905,1.0452431773521,187.855841711075
"Europe",50,0.02,TRUE,FALSE,150,"BEBCS",175821.67684925,14136.6686236111,45120.3018936864,-54.4930465631675,51.5990489614866,-24.1690973615342,NA,43.3333333333333,52.6939460458064,21.4876049172528,71.516,0,0.729772841963622,36.4886420981812,0.75264329023612,33.7270021769406,51.3128093264033,125.404348728128,202.644632451492,1.27573883660655,250.893262841323
"India",50,0.02,TRUE,FALSE,150,"BES",1492204.77952766,1492204.77952766,75657660.4786306,9.99587107795907,42.3908969939591,23.8715740514111,NA,43.3333333333333,30.5405906419817,1.46594835081512,44.5,0,0.84654749461515,42.3273747307663,1.472501178,58.0507383134558,NA,51.9568609763087,90.3747745749038,0,147.863242123301
"India",50,0.02,TRUE,FALSE,150,"BECCS",965780.549441256,965780.549441256,46277570.5777328,10.0519203697808,70.5797546853328,41.4527996311631,372.49858429963,43.3333333333333,38.8009100775612,1.94004550387806,44.5,47.0682335006209,2.37382210608493,118.691105304279,1.3743344328,55.0708834089651,NA,96.2714648810044,55.7367751959545,1.49862506697309,187.855841711075
"India",50,0.02,TRUE,FALSE,150,"BEBCS",453396.274438839,453396.274438839,38056220.7071709,10.0561198230985,71.4488328164718,38.1236496901377,NA,43.3333333333333,52.6939460458064,21.4876049172528,44.5,0,1.0593291108036,52.96645554018,0.75264329023612,29.4086698246793,74.4300752883386,58.7947521073869,112.037593528319,2.00356758963285,250.893262841323
"US",100,0.02,TRUE,FALSE,150,"BES",509045.815424005,356680.771443021,435706.897192085,-59.7997002249801,64.211655575074,15.5933012023798,NA,43.3333333333333,30.5405906419817,1.46594835081512,106.56,0,0.365540453667096,36.5540453667091,1.472501178,117.605794828465,NA,94.1028374462848,437.966943967202,0,147.863242123301
"US",100,0.02,TRUE,FALSE,150,"BECCS",4235768.66286278,4178940.71923255,14457520.1849273,-47.8844984419726,153.610479033648,67.0553201229492,530.005876457063,43.3333333333333,38.8009100775612,1.94004550387806,106.56,60.5058401711071,2.08518493253839,208.518493253812,1.3743344328,66.3436226216671,NA,151.205405899038,100.40448105305,1.31640462912778,187.855841711075
"US",100,0.02,TRUE,FALSE,150,"BEBCS",846902.347208412,577747.372507427,389882.689643597,-57.0548648559201,89.7339698775282,11.0806477225064,NA,43.3333333333333,52.6939460458064,21.4876049172528,106.56,0,0.9048518171529,90.4851817152899,0.75264329023612,39.7556529495725,61.5813640207026,158.322260343241,201.094774439014,1.51681766135615,250.893262841323
"China",100,0.02,TRUE,FALSE,150,"BES",241361.407652875,241361.407652875,14109408.7863045,7.3850026894093,42.7250309614093,20.6043391172656,NA,43.3333333333333,30.5405906419817,1.46594835081512,46.5,0,0.564415181222084,56.4415181222029,1.472501178,42.6693599878563,NA,53.3150941851381,139.093599188489,0,147.863242123301
"China",100,0.02,TRUE,FALSE,150,"BECCS",2489393.81600402,2489393.81600402,146418197.281761,10.745246884767,155.234131974378,102.167347183239,592.55004784709,43.3333333333333,38.8009100775612,1.94004550387806,46.5,66.4777647541614,2.11049861358386,211.04986135848,1.3743344328,44.8362061603319,NA,111.849573631377,72.8352624096176,1.33238548837444,187.855841711075
"China",100,0.02,TRUE,FALSE,150,"BEBCS",2316510.3933589,2316510.3933589,93792807.8656087,7.497496085275,111.123728793654,49.5362948870138,NA,43.3333333333333,52.6939460458064,21.4876049172528,46.5,0,0.982068199806734,98.2068199806732,0.75264329023612,23.8686366489898,48.1423892204094,96.3792047091697,123.12364078146,1.65196625080315,250.893262841323
"Europe",100,0.02,TRUE,FALSE,150,"BES",1785416.52879353,1513895.15978338,37355195.9562777,-56.8645894121696,122.947611193297,25.2862719097244,NA,43.3333333333333,30.5405906419817,1.46594835081512,71.516,0,0.283469936471652,28.3469936471658,1.472501178,100.461817255356,NA,70.3038751611762,931.389713066683,0,147.863242123301
"Europe",100,0.02,TRUE,FALSE,150,"BECCS",1970317.97138968,1867703.93305247,55806203.2069699,-51.0115470275671,165.845522388642,62.9993841239824,685.230947678885,43.3333333333333,38.8009100775612,1.94004550387806,71.516,77.2929225859443,1.68980317959942,168.980317959932,1.3743344328,83.5689443314442,NA,137.921217458841,112.19979927406,1.06679493661573,187.855841711075
"Europe",100,0.02,TRUE,FALSE,150,"BEBCS",1020049.8495441,324888.019481021,4126784.30343207,-42.936962589036,107.764908985961,-14.6458979267902,NA,43.3333333333333,52.6939460458064,21.4876049172528,71.516,0,0.767194660853666,76.719466085366,0.75264329023612,32.0456268999263,22.2865600509816,163.970093818767,191.277193322371,1.21517152102071,250.893262841323
"India",100,0.02,TRUE,FALSE,150,"BES",458658.59241679,458658.59241679,16038485.1393593,52.3232458087149,84.718271724715,66.3178970044319,NA,43.3333333333333,30.5405906419817,1.46594835081512,44.5,0,0.846547494615145,84.654749461509,1.472501178,58.1696865357127,NA,51.9568609763087,90.374774574905,0,147.863242123301
"India",100,0.02,TRUE,FALSE,150,"BECCS",2311920.47257884,2311920.47257884,136302123.584792,64.1036912963588,189.270859989594,135.404074711039,620.883184966861,43.3333333333333,38.8009100775612,1.94004550387806,44.5,71.3298233786824,2.37382210608488,237.382210608566,1.3743344328,54.5926430626427,NA,113.924802597817,65.9572503595603,1.49862506697252,187.855841711075
"India",100,0.02,TRUE,FALSE,150,"BEBCS",140802.538412194,140802.538412194,7650843.03938293,52.4870910152048,104.562024843426,77.1108697394868,NA,43.3333333333333,52.6939460458064,21.4876049172528,44.5,0,1.0708164220057,107.08164220057,0.75264329023612,28.2211031459325,60.4896753560439,77.3166735981387,110.873687064195,1.98349096905784,250.893262841323
"US",150,0.02,TRUE,FALSE,150,"BES",129118.275335754,126694.931793316,206617.137433496,-50.5436558416952,66.9195206345737,63.2484652214277,NA,43.3333333333333,30.5405906419817,1.46594835081512,106.56,0,0.298431801116491,44.7647701674736,1.472501178,157.050234046752,NA,94.1028374462848,472.650969834384,0,147.863242123301
"US",150,0.02,TRUE,FALSE,150,"BECCS",4863940.14713653,4862483.84799998,15255837.3782401,-13.3838302242424,283.293194448609,161.440651484183,638.415197914778,43.3333333333333,38.8009100775612,1.94004550387806,106.56,71.3792908916026,2.07865131039165,311.797696558742,1.3743344328,68.3232013984883,NA,159.117199754295,106.06257036886,1.31227986767153,187.855841711075
"US",150,0.02,TRUE,FALSE,150,"BEBCS",598658.40302284,497986.548096576,351154.051901639,-24.2491368121661,135.395038973402,38.7897513092358,NA,43.3333333333333,52.6939460458064,21.4876049172528,106.56,0,0.884318256675457,132.647738501318,0.75264329023612,43.0922015281994,43.7913622427768,181.958957844849,205.857211773371,1.42873962856179,250.893262841323
"China",150,0.02,TRUE,FALSE,150,"BES",15840.1567241985,15840.1567241985,1546561.98664493,35.6057617505124,63.8777843681124,47.4619004871164,NA,43.3333333333333,30.5405906419817,1.46594835081512,46.5,0,0.56441518122206,84.6622771833094,1.472501178,41.3061622966041,NA,53.3150941851381,139.093599188484,0,147.863242123301
"China",150,0.02,TRUE,FALSE,150,"BECCS",3056355.5457743,3056355.5457743,179163873.916626,56.4538589659496,260.759062653629,193.734772654421,683.917391186077,43.3333333333333,38.8009100775612,1.94004550387806,46.5,80.6716296512451,2.11049861358396,316.574792037878,1.3743344328,45.0725658493412,NA,122.177383630408,79.5606233294115,1.33238548837384,187.855841711075
"China",150,0.02,TRUE,FALSE,150,"BEBCS",1975069.91451725,1975069.91451725,73609978.0304042,44.4449190227071,164.128979483758,94.3357837405342,NA,43.3333333333333,52.6939460458064,21.4876049172528,46.5,0,0.982783865101197,147.417579765177,0.75264329023612,23.1886761231692,44.4110788152446,101.336812720255,123.078324808159,1.65179627277753,250.893262841323
"Europe",150,0.02,TRUE,FALSE,150,"BES",368725.594607403,358940.158632631,9417722.87469022,-55.623132291856,189.062648590344,66.0175643325175,NA,43.3333333333333,30.5405906419817,1.46594835081512,71.516,0,0.48870956382488,73.3064345737292,1.472501178,96.233668751584,NA,70.3038751611762,598.013804601216,0,147.863242123301
"Europe",150,0.02,TRUE,FALSE,150,"BECCS",3030340.13519195,3026647.34853055,83461806.1666535,-53.5816349021429,306.738446181441,123.112999884536,964.306448242252,43.3333333333333,38.8009100775612,1.94004550387806,71.516,110.64255232475,1.73243398826808,259.865098240249,1.3743344328,86.1474095504872,NA,162.187239573169,128.275805908689,1.09370832592685,187.855841711075
"Europe",150,0.02,TRUE,FALSE,150,"BEBCS",1376718.61992807,1317827.54590078,14507239.1933527,-6.08135781708779,163.930769010436,29.6178948359918,NA,43.3333333333333,52.6939460458064,21.4876049172528,71.516,0,0.775053822991492,116.258073448722,0.75264329023612,38.212184017537,20.845188332793,165.885173295176,189.852421030237,1.24190934260455,250.893262841323
"India",150,0.02,TRUE,FALSE,150,"BES",32184.4662203883,32184.4662203883,48223.5982081092,106.430629963471,106.430629963471,106.43062996347,NA,43.3333333333333,30.5405906419817,1.46594835081512,44.5,0,0.846547494615121,126.982124192268,1.472501178,55.9550447639998,NA,51.9568609763087,90.3747745749105,0,147.863242123301
"India",150,0.02,TRUE,FALSE,150,"BECCS",2791644.81385866,2791644.81385866,158990154.309011,112.15025436124,307.961965293855,239.107297832053,641.04385052204,43.3333333333333,38.8009100775612,1.94004550387806,44.5,86.2235159095349,2.37382210608488,356.073315912847,1.3743344328,54.4984534102465,NA,124.761824632191,72.2313904868565,1.49862506697278,187.855841711075
"India",150,0.02,TRUE,FALSE,150,"BEBCS",87552.3233287857,87552.3233287857,953073.856315732,106.511228124416,142.824751792708,118.055100871862,NA,43.3333333333333,52.6939460458064,21.4876049172528,44.5,0,1.13354407672584,170.031611508876,0.75264329023612,28.5403837190288,38.1646566070172,106.9788243655,104.87646704358,1.88516810942337,250.893262841323
"US",200,0.02,TRUE,FALSE,150,"BES",18643.7761261359,16942.7899758995,47830.706251133,-41.2876114584103,81.4231639836972,70.2343763128535,NA,43.3333333333333,30.5405906419817,1.46594835081512,106.56,0,0.282967885516483,56.5935771032965,1.472501178,152.207338202354,NA,94.1028374462848,495.619798836897,0,147.863242123301
"US",200,0.02,TRUE,FALSE,150,"BECCS",5044422.96155837,5044061.19934725,15394238.2809098,-2.07653874230391,412.97590986357,260.67236287367,686.559221962742,43.3333333333333,38.8009100775612,1.94004550387806,106.56,76.1855154933726,2.07506292764093,415.012585528136,1.3743344328,69.1462484203071,NA,162.614328609589,108.713370835947,1.31001447452082,187.855841711075
"US",200,0.02,TRUE,FALSE,150,"BEBCS",528650.087810492,528650.087810492,415257.768995277,16.4942004959517,181.056108069276,78.2778702906469,NA,43.3333333333333,52.6939460458064,21.4876049172528,106.56,0,0.866990413081849,173.39808261637,0.75264329023612,48.1363565828794,37.4849820544565,190.337934008101,209.315145115496,1.39863144266093,250.893262841323
"China",200,0.02,TRUE,FALSE,150,"BES",3501.60457241151,3501.60457241151,132130.992247714,69.7165255236154,84.4415373036154,79.1037205333654,NA,43.3333333333333,30.5405906419817,1.46594835081512,46.5,0,0.564415181222061,112.883036244412,1.472501178,44.72722328175,NA,53.3150941851381,139.093599188484,0,147.863242123301
"China",200,0.02,TRUE,FALSE,150,"BECCS",3516462.47944347,3516462.47944347,202031500.933544,86.0249998869006,366.283993332881,285.186925626173,782.728733022192,43.3333333333333,38.8009100775612,1.94004550387806,46.5,95.1722924348629,2.11049861358474,422.099722716959,1.3743344328,45.5004509254644,NA,132.728427421164,86.4313517394089,1.33238548837352,187.855841711075
"China",200,0.02,TRUE,FALSE,150,"BEBCS",1527301.53299993,1527301.53299993,52156782.007884,88.6596198153139,217.134230173863,140.022035112514,NA,43.3333333333333,52.6939460458064,21.4876049172528,46.5,0,0.9870229622879,197.404592457579,0.75264329023612,22.1058061189208,41.1931874990726,105.612266122839,122.550568346986,1.64718640227741,250.893262841323
"Europe",200,0.02,TRUE,FALSE,150,"BES",91164.0063309303,90119.2054739287,1435992.22735574,-54.3816751715424,176.251703330316,164.073177588497,NA,43.3333333333333,30.5405906419817,1.46594835081512,71.516,0,0.870595210084674,174.119042016934,1.472501178,93.4766745643591,NA,70.3038751611762,214.065870972015,0,147.863242123301
"Europe",200,0.02,TRUE,FALSE,150,"BECCS",3575379.64415493,3573881.04989582,94957497.0843287,-42.3710170918665,447.63136997424,192.978187234705,1132.21347187081,43.3333333333333,38.8009100775612,1.94004550387806,71.516,128.071684466414,1.73581847366485,347.163694733166,1.3743344328,86.1431325495574,NA,174.869110685251,138.149560022424,1.09584499600052,187.855841711075
"Europe",200,0.02,TRUE,FALSE,150,"BEBCS",1109240.69924138,1109240.69924138,11312194.937103,27.9860741743037,220.09662903491,71.9402287409985,NA,43.3333333333333,52.6939460458064,21.4876049172528,71.516,0,0.78502552636077,157.005105272153,0.75264329023612,36.4731889727977,24.159485459111,161.481630249865,188.44264485979,1.26869139520554,250.893262841323
"India",200,0.02,TRUE,FALSE,150,"BES",8767.74822051151,8767.74822051151,8966.12649938962,148.758004694227,148.758004694227,148.758004694227,NA,43.3333333333333,30.5405906419817,1.46594835081512,44.5,0,0.846547494615117,169.309498923023,1.472501178,55.955044764,NA,51.9568609763087,90.3747745749108,0,147.863242123301
"India",200,0.02,TRUE,FALSE,150,"BECCS",2814817.13007552,2814817.13007552,159247244.815362,159.347648007786,426.653070598116,356.506600910576,654.598694026063,43.3333333333333,38.8009100775612,1.94004550387806,44.5,87.4912395870848,2.37382210608487,474.764421217134,1.3743344328,54.4743748620584,NA,125.684251988513,72.7654337390026,1.4986250669728,187.855841711075
"India",200,0.02,TRUE,FALSE,150,"BEBCS",87796.7251118391,87796.7251118391,735240.821673922,151.438427336311,196.003333700501,170.461231501109,NA,43.3333333333333,52.6939460458064,21.4876049172528,44.5,0,1.16373910292787,232.747820585574,0.75264329023612,28.6208117600739,27.7741501185197,120.784177609582,102.23857799352,1.8452154419129,250.893262841323
"US",0,0.08,TRUE,FALSE,150,"BES",5591716.82549485,NA,NA,-120.758398454221,-8.25930845502111,-93.8957719651155,NA,43.3333333333333,60.7580515601347,2.91638647488646,106.56,0,0.502275542548143,0,1.472501178,76.3386660699158,NA,115.609033512788,395.940969902025,0,147.863242123301
"US",0,0.08,TRUE,FALSE,150,"BECCS",NA,NA,NA,NA,NA,NA,NA,43.3333333333333,77.1912934726282,3.85956467363141,106.56,NA,NA,NA,1.3743344328,NA,NA,NA,NA,NA,187.855841711075
"US",0,0.08,TRUE,FALSE,150,"BEBCS",NA,NA,NA,NA,NA,NA,NA,43.3333333333333,94.6051418517715,22.3240058517718,106.56,0,NA,NA,0.75264329023612,NA,NA,NA,NA,NA,250.893262841323
"China",0,0.08,TRUE,FALSE,150,"BES",5047265.61701538,NA,NA,-80.7244144750211,-45.3843862030211,-62.9609573806616,NA,43.3333333333333,60.7580515601347,2.91638647488646,46.5,0,0.564415181222222,0,1.472501178,47.2134806543875,NA,74.8212902516409,195.201053586963,0,147.863242123301
"China",0,0.08,TRUE,FALSE,150,"BECCS",NA,NA,NA,NA,NA,NA,NA,43.3333333333333,77.1912934726282,3.85956467363141,46.5,NA,NA,NA,1.3743344328,NA,NA,NA,NA,NA,187.855841711075
"China",0,0.08,TRUE,FALSE,150,"BEBCS",NA,NA,NA,NA,NA,NA,NA,43.3333333333333,94.6051418517715,22.3240058517718,46.5,0,NA,NA,0.75264329023612,NA,NA,NA,NA,NA,250.893262841323
"Europe",0,0.08,TRUE,FALSE,150,"BES",4775784.34972742,62077.7171582741,244183.980609254,-91.0154026950212,6.16967505297887,-47.562694608875,NA,43.3333333333333,60.7580515601347,2.91638647488646,71.516,0,0.165682801090056,0,1.472501178,87.6277434261666,NA,91.8100712276789,2378.73621510317,0,147.863242123301
"Europe",0,0.08,TRUE,FALSE,150,"BECCS",NA,NA,NA,NA,NA,NA,NA,43.3333333333333,77.1912934726282,3.85956467363141,71.516,NA,NA,NA,1.3743344328,NA,NA,NA,NA,NA,187.855841711075
"Europe",0,0.08,TRUE,FALSE,150,"BEBCS",NA,NA,NA,NA,NA,NA,NA,43.3333333333333,94.6051418517715,22.3240058517718,71.516,0,NA,NA,0.75264329023612,NA,NA,NA,NA,NA,250.893262841323
"India",0,0.08,TRUE,FALSE,150,"BES",2911381.60340781,NA,NA,-63.9994026950211,-31.6043767790211,-49.8920200028401,NA,43.3333333333333,60.7580515601347,2.91638647488646,44.5,0,0.846547494614705,0,1.472501178,58.282418032174,NA,73.4630570428115,127.78307032166,0,147.863242123301
"India",0,0.08,TRUE,FALSE,150,"BECCS",NA,NA,NA,NA,NA,NA,NA,43.3333333333333,77.1912934726282,3.85956467363141,44.5,NA,NA,NA,1.3743344328,NA,NA,NA,NA,NA,187.855841711075
"India",0,0.08,TRUE,FALSE,150,"BEBCS",NA,NA,NA,NA,NA,NA,NA,43.3333333333333,94.6051418517715,22.3240058517718,44.5,0,NA,NA,0.75264329023612,NA,NA,NA,NA,NA,250.893262841323
"US",50,0.08,TRUE,FALSE,150,"BES",4441009.62237161,253021.542102403,293166.536016144,-103.002998453584,6.4878204141377,-67.5845747300915,NA,43.3333333333333,60.7580515601347,2.91638647488646,106.56,0,0.494814120519119,24.7407060259548,1.472501178,77.9091572789745,NA,115.609033512788,403.166994990258,0,147.863242123301
"US",50,0.08,TRUE,FALSE,150,"BECCS",1061079.84248268,NA,NA,-102.875134155437,-19.5679379717192,-62.9731645013722,211.830321169841,43.3333333333333,77.1912934726282,3.85956467363141,106.56,45.6894201624975,2.08748915546868,104.374457773429,1.3743344328,65.9526560339577,NA,169.755099443622,112.430558200614,1.31785931532107,187.855841711075
"US",50,0.08,TRUE,FALSE,150,"BEBCS",89627.3606408174,NA,NA,-100.453918152843,-47.5847678148008,-78.9904126436942,NA,43.3333333333333,94.6051418517715,22.3240058517718,106.56,0,0.909207249188544,45.4603624594272,0.75264329023612,33.5934042515895,65.4449683488323,209.985502302331,248.063074084365,1.53913254975724,250.893262841323
"China",50,0.08,TRUE,FALSE,150,"BES",4356921.19630479,NA,NA,-52.5036554139181,-17.1636271419181,-34.7800470960062,NA,43.3333333333333,60.7580515601347,2.91638647488646,46.5,0,0.564415181222088,28.2207590610892,1.472501178,47.1736318779248,NA,74.8212902516409,195.201053586836,0,147.863242123301
"China",50,0.08,TRUE,FALSE,150,"BECCS",605454.57567575,12434.656945195,2043663.62404963,-49.5568770363014,8.93606400807732,-22.4734819023294,215.519643671325,43.3333333333333,77.1912934726282,3.85956467363141,46.5,45.9902671853879,2.11049861358512,105.524930679242,1.3743344328,45.5427127500678,NA,126.2728497445,82.2275476584457,1.33238548837454,187.855841711075
"China",50,0.08,TRUE,FALSE,150,"BEBCS",84889.845035288,NA,NA,-52.4572502682731,-9.70842347290062,-40.5079790008491,NA,43.3333333333333,94.6051418517715,22.3240058517718,46.5,0,1.02781153118649,51.3905765593243,0.75264329023612,18.9594428826144,52.5711492607552,147.291552161462,159.378489073482,1.60604035533213,250.893262841323
"Europe",50,0.08,TRUE,FALSE,150,"BES",4362838.35136109,367614.280393799,5756637.41408369,-89.7739455747075,25.1646747540257,-39.7471287346504,NA,43.3333333333333,60.7580515601347,2.91638647488646,71.516,0,0.175304448864522,8.76522244322602,1.472501178,86.6780868571693,NA,91.8100712276789,2339.62645340158,0,147.863242123301
"Europe",50,0.08,TRUE,FALSE,150,"BECCS",412750.755455046,7701.26604651621,159039.194632281,-67.6897772208654,8.32870452594682,-24.7634674174231,209.904778627356,43.3333333333333,77.1912934726282,3.85956467363141,71.516,45.5254634259479,1.64364449332366,82.1822246661801,1.3743344328,91.1466294886051,NA,144.136912271509,120.653958531028,1.03765435184579,187.855841711075
"Europe",50,0.08,TRUE,FALSE,150,"BEBCS",195.242911395454,NA,NA,-70.4637909365752,-69.882607866795,-70.1731994016851,NA,43.3333333333333,94.6051418517715,22.3240058517718,71.516,0,0.686875845033607,34.3437922516804,0.75264329023612,31.6110181899171,52.3171378602609,180.866569342,274.351186527573,1.22049704838225,250.893262841323
"India",50,0.08,TRUE,FALSE,150,"BES",2473393.01887278,286384.1075263,11826238.5104297,-21.6720279642652,10.7229979517348,-7.52769461568799,NA,43.3333333333333,60.7580515601347,2.91638647488646,44.5,0,0.846547494614946,42.3273747307497,1.472501178,58.3193686885752,NA,73.4630570428115,127.78307032166,0,147.863242123301
"India",50,0.08,TRUE,FALSE,150,"BECCS",437509.039971407,258459.556190352,11293824.9989266,-21.6504886115947,25.6262914778734,2.46345078188816,202.304030721023,43.3333333333333,77.1912934726282,3.85956467363141,44.5,44.876931246277,2.37382210608504,118.69110530427,1.3743344328,54.2001348701636,NA,124.00750888946,71.7946761704047,1.49862506697294,187.855841711075
"India",50,0.08,TRUE,FALSE,150,"BEBCS",479.544563618464,NA,NA,-6.57205324458789,-6.40870999244467,-6.4902329431964,NA,43.3333333333333,94.6051418517715,22.3240058517718,44.5,0,1.06124998348674,53.0624991743372,0.75264329023612,30.1057316094448,71.7706839765649,119.124776491199,152.112306999634,1.99982965323535,250.893262841323
"US",100,0.08,TRUE,FALSE,150,"BES",1111558.74292425,279277.52398205,293214.718675506,-91.4675992672044,32.5437565328497,-29.6937192144373,NA,43.3333333333333,60.7580515601347,2.91638647488646,106.56,0,0.41049272599129,41.0492725991286,1.472501178,99.4914462214582,NA,115.609033512788,476.861157140372,0,147.863242123301
"US",100,0.08,TRUE,FALSE,150,"BECCS",3856024.12612857,2646238.31325301,7820663.23474881,-84.1809595622518,110.114777443242,14.5733703111323,479.907267582529,43.3333333333333,77.1912934726282,3.85956467363141,106.56,72.4569649430374,2.09088194109203,209.088194109169,1.3743344328,65.5529992912467,NA,189.231832429205,125.303836919157,1.32000122543685,187.855841711075
"US",100,0.08,TRUE,FALSE,150,"BEBCS",624133.956442455,1169.32732325993,185.789467186136,-91.3657586357037,23.4840171898603,-43.6192432240212,NA,43.3333333333333,94.6051418517715,22.3240058517718,106.56,0,0.900815367352327,90.0815367352326,0.75264329023612,37.1843144325821,52.604053311707,227.046592467763,249.305448563225,1.52244264278698,250.893262841323
"China",100,0.08,TRUE,FALSE,150,"BES",1426914.59859245,397157.940969564,32086196.2662266,-24.282896352815,11.057131919185,-5.77980036280916,NA,43.3333333333333,60.7580515601347,2.91638647488646,46.5,0,0.5644151812221,56.441518122212,1.472501178,47.9531195500058,NA,74.8212902516409,195.201053586937,0,147.863242123301
"China",100,0.08,TRUE,FALSE,150,"BECCS",2033797.72536887,1974858.77659156,120694858.874096,-21.1020562826233,114.460994687329,53.4091402324145,496.955769035476,43.3333333333333,77.1912934726282,3.85956467363141,46.5,75.0270253443624,2.11049861358398,211.04986135848,1.3743344328,44.9371623645332,NA,147.400718963215,95.9857932086056,1.33238548837466,187.855841711075
"China",100,0.08,TRUE,FALSE,150,"BEBCS",1586553.2930546,756902.607889914,35419553.9701322,-24.2312623389308,43.2968272172039,-1.08856153753863,NA,43.3333333333333,94.6051418517715,22.3240058517718,46.5,0,0.985528408216744,98.552840821674,0.75264329023612,23.0938414768784,40.6939038674527,163.072262024133,166.180547215792,1.64851881448436,250.893262841323
"Europe",100,0.08,TRUE,FALSE,150,"BES",2623092.47378493,477376.619435335,7813338.39716272,-88.5324884543939,91.2797121510726,-12.4047428681462,NA,43.3333333333333,60.7580515601347,2.91638647488646,71.516,0,0.254106715440244,25.410671544027,1.472501178,97.3750236228531,NA,91.8100712276789,1331.20952203627,0,147.863242123301
"Europe",100,0.08,TRUE,FALSE,150,"BECCS",1348667.99460482,1027169.24227782,35997915.5767208,-82.035342194995,89.9066797359292,24.4225639317364,486.489494338492,43.3333333333333,77.1912934726282,3.85956467363141,71.516,74.5047531006852,1.66371019815408,166.371019815432,1.3743344328,85.1231553632846,NA,165.222965988214,136.621654132262,1.0503220947942,187.855841711075
"Europe",100,0.08,TRUE,FALSE,150,"BEBCS",804023.881337472,NA,NA,-85.6845593295201,-11.0425966550748,-70.0722684491293,NA,43.3333333333333,94.6051418517715,22.3240058517718,71.516,0,0.763060114454654,76.3060114454649,0.75264329023612,27.7979343520233,14.2689334569295,231.419341016066,247.838203048093,1.18142771670895,250.893262841323
"India",100,0.08,TRUE,FALSE,150,"BES",1060597.57693475,1060597.57693475,52512132.3402066,20.6553467664907,53.0503726824907,34.1794929723887,NA,43.3333333333333,60.7580515601347,2.91638647488646,44.5,0,0.846547494615149,84.654749461528,1.472501178,57.6991815458939,NA,73.4630570428115,127.783070321659,0,147.863242123301
"India",100,0.08,TRUE,FALSE,150,"BECCS",1834828.86747174,1834828.86747174,105800995.906213,21.209087559357,144.317396782134,87.4922847267236,520.285181844496,43.3333333333333,77.1912934726282,3.85956467363141,44.5,79.0306971210635,2.37382210608489,237.382210608564,1.3743344328,54.691629385529,NA,148.858640506094,86.1823448112997,1.49862506697272,187.855841711075
"India",100,0.08,TRUE,FALSE,150,"BEBCS",15955.1590012703,15955.1590012703,1678323.5171145,20.8096834732313,42.8202732802635,39.1619662233647,NA,43.3333333333333,94.6051418517715,22.3240058517718,44.5,0,1.06121413704326,106.121413704326,0.75264329023612,31.0439581767255,63.4257420458566,130.212289047234,152.118004335692,1.99991186253818,250.893262841323
"US",150,0.08,TRUE,FALSE,150,"BES",247614.399624322,229700.025768822,278768.465189565,-82.2115548839195,35.2516215923494,24.1783864598255,NA,43.3333333333333,60.7580515601347,2.91638647488646,106.56,0,0.327624441384195,49.1436662076301,1.472501178,145.269158287216,NA,115.609033512788,550.941379606717,0,147.863242123301
"US",150,0.08,TRUE,FALSE,150,"BECCS",4780205.97447209,4733596.98774928,15193600.2426298,-54.1564786491695,239.797492858203,103.008613849175,621.063981414414,43.3333333333333,77.1912934726282,3.85956467363141,106.56,89.4460585150206,2.08053970309442,312.080955464158,1.3743344328,67.984575046302,NA,201.593520506373,134.205904979879,1.31347203478186,187.855841711075
"US",150,0.08,TRUE,FALSE,150,"BEBCS",563896.451398639,187596.21788122,71927.5333904295,-66.9967335526503,69.1450862857342,-16.3385885045664,NA,43.3333333333333,94.6051418517715,22.3240058517718,106.56,0,0.888110202461775,133.216530369266,0.75264329023612,38.7665834163197,35.1674454133906,250.213752960014,253.208089235904,1.43399973441595,250.893262841323
"China",150,0.08,TRUE,FALSE,150,"BES",108552.180977162,108552.180977162,11631525.4344802,3.93786270828808,32.2098853258881,15.1992956304707,NA,43.3333333333333,60.7580515601347,2.91638647488646,46.5,0,0.564415181222061,84.6622771833076,1.472501178,40.7114564821832,NA,74.8212902516409,195.201053586963,0,147.863242123301
"China",150,0.08,TRUE,FALSE,150,"BECCS",3074314.08675967,3074314.08675967,180464799.032179,19.7954014228612,219.985925366581,131.861169399594,677.431679854529,43.3333333333333,77.1912934726282,3.85956467363141,46.5,102.412249624177,2.11049861358399,316.574792037882,1.3743344328,45.249485132268,NA,167.326890953262,108.961506200569,1.33238548837383,187.855841711075
"China",150,0.08,TRUE,FALSE,150,"BEBCS",1864399.34927891,1864399.34927891,62224089.4670164,10.6813529190785,96.3020779073084,42.3896388286645,NA,43.3333333333333,94.6051418517715,22.3240058517718,46.5,0,0.985390196237552,147.808529435631,0.75264329023612,23.1162495701932,34.8940075263809,170.778298092366,166.244337667421,1.64906206397853,250.893262841323
"Europe",150,0.08,TRUE,FALSE,150,"BES",674759.369922372,600746.033061904,14622365.6020492,-87.2910313340803,157.39474954812,29.8185855555694,NA,43.3333333333333,60.7580515601347,2.91638647488646,71.516,0,0.429119967767722,64.3679951651541,1.472501178,100.641028425426,NA,91.8100712276789,958.091940119693,0,147.863242123301
"Europe",150,0.08,TRUE,FALSE,150,"BECCS",2874887.55928299,2649869.10591019,76950120.6818395,-85.1349908263032,231.002597142892,65.433114150412,916.599754609956,43.3333333333333,77.1912934726282,3.85956467363141,71.516,127.46165932284,1.72706266537838,259.059399806801,1.3743344328,86.4022318127383,NA,203.755731345959,161.9599592037,1.090317339254,187.855841711075
"Europe",150,0.08,TRUE,FALSE,150,"BEBCS",1226137.42052197,168575.973601829,2060344.36593517,-49.6446741201019,74.4053289694018,-24.0229413307254,NA,43.3333333333333,94.6051418517715,22.3240058517718,71.516,0,0.758834168542584,113.825125281386,0.75264329023612,35.2857759718507,15.311305119586,230.034393224494,249.3503814453,1.20557773607656,250.893262841323
"India",150,0.08,TRUE,FALSE,150,"BES",116801.662666932,116801.662666932,867982.829871973,74.7627309212465,83.5977379892466,74.8281148773459,NA,43.3333333333333,60.7580515601347,2.91638647488646,44.5,0,0.846547494615127,126.982124192265,1.472501178,56.0204287200995,NA,73.4630570428115,127.783070321649,0,147.863242123301
"India",150,0.08,TRUE,FALSE,150,"BECCS",2791945.06500958,2791945.06500958,159000860.379375,74.8332443379236,263.008502086396,179.470888204701,640.672896336325,43.3333333333333,77.1912934726282,3.85956467363141,44.5,105.543562862556,2.37382210608488,356.073315912847,1.3743344328,54.4919933007361,NA,168.150062672879,97.3511959537369,1.49862506697278,187.855841711075
"India",150,0.08,TRUE,FALSE,150,"BEBCS",2634.87573132671,2634.87573132671,122608.554288323,74.8499189424464,82.3916724181827,76.7068401285847,NA,43.3333333333333,94.6051418517715,22.3240058517718,44.5,0,1.0955536051651,164.333040774765,0.75264329023612,28.6004450289726,45.20250202839,154.42460881926,147.587351925961,1.94457346369947,250.893262841323
"US",200,0.08,TRUE,FALSE,150,"BES",68442.9419702014,66380.1936088451,153779.115485717,-72.9555105006345,49.7552649414729,46.1749174360751,NA,43.3333333333333,60.7580515601347,2.91638647488646,106.56,0,0.288145687280528,57.6291374561056,1.472501178,158.780218014991,NA,115.609033512788,592.88543964941,0,147.863242123301
"US",200,0.08,TRUE,FALSE,150,"BECCS",5081140.80758391,5079711.40306252,15422748.4728217,-19.7858265366165,369.480208273164,199.858460806297,698.078326721881,43.3333333333333,77.1912934726282,3.85956467363141,106.56,96.7057961609444,2.07375695513753,414.751391027454,1.3743344328,69.4237240860053,NA,206.875886626775,138.381181665674,1.30918999693029,187.855841711075
"US",200,0.08,TRUE,FALSE,150,"BEBCS",442133.075940848,336017.153159392,214623.771695232,-26.2533962445325,114.806155381608,22.8978639582597,NA,43.3333333333333,94.6051418517715,22.3240058517718,106.56,0,0.871956197091107,174.391239418221,0.75264329023612,43.7306144277916,28.2651578157896,259.384481892488,257.286107552307,1.39164154463792,250.893262841323
"China",200,0.08,TRUE,FALSE,150,"BES",3838.16929194852,3838.16929194852,164604.723244209,38.0486264813912,52.7736382613911,47.8933486428769,NA,43.3333333333333,60.7580515601347,2.91638647488646,46.5,0,0.564415181222061,112.883036244412,1.472501178,45.1847504334857,NA,74.8212902516409,195.20105358696,0,147.863242123301
"China",200,0.08,TRUE,FALSE,150,"BECCS",3654223.18837913,3654223.18837913,209451224.510367,52.776219148252,325.510856045833,221.555827320254,818.719205018929,43.3333333333333,77.1912934726282,3.85956467363141,46.5,118.600741617359,2.11049861358494,422.099722716959,1.3743344328,45.6077043668604,NA,179.106041360052,116.631964683213,1.33238548837344,187.855841711075
"China",200,0.08,TRUE,FALSE,150,"BEBCS",1389204.25934479,1389204.25934479,44704584.7000638,45.9120230748298,149.307328597413,86.6783952369945,NA,43.3333333333333,94.6051418517715,22.3240058517718,46.5,0,0.990559925039556,198.11198500791,0.75264329023612,21.6601263778089,30.3354315548192,176.835053039494,165.360083781349,1.64330689923397,250.893262841323
"Europe",200,0.08,TRUE,FALSE,150,"BES",176024.831594562,174074.461976533,2244731.8616769,-86.0495742137667,144.583804288091,131.216361215364,NA,43.3333333333333,60.7580515601347,2.91638647488646,71.516,0,0.862997838095088,172.599567619018,1.472501178,93.8072316313664,NA,91.8100712276789,225.357555845548,0,147.863242123301
"Europe",200,0.08,TRUE,FALSE,150,"BECCS",3598730.7387753,3580317.78708636,95504388.2616525,-82.6809196566869,371.895520935691,134.11361445118,1137.18349674897,43.3333333333333,77.1912934726282,3.85956467363141,71.516,146.729167739527,1.73579958330839,347.15991666187,1.3743344328,86.2497236752601,NA,217.775250872537,172.336330791236,1.09583307027045,187.855841711075
"Europe",200,0.08,TRUE,FALSE,150,"BEBCS",1001028.77935746,748449.438519524,8983649.56350556,-15.5772421287103,154.804992942153,16.7858025645396,NA,43.3333333333333,94.6051418517715,22.3240058517718,71.516,0,0.764397300161563,152.879460032312,0.75264329023612,35.3048872226702,17.046603013106,227.728788542932,248.287257764769,1.22192779202028,250.893262841323
"India",200,0.08,TRUE,FALSE,150,"BES",29218.4060070879,29218.4060070879,60401.8825316236,117.090105652002,122.980110364002,117.111602019564,NA,43.3333333333333,60.7580515601347,2.91638647488646,44.5,0,0.846547494615121,169.309498923023,1.472501178,55.9765411315619,NA,73.4630570428115,127.783070321651,0,147.863242123301
"India",200,0.08,TRUE,FALSE,150,"BECCS",2823743.17524931,2823743.17524931,159543331.146579,117.69309534531,381.699607390657,296.492787118109,661.359216084099,43.3333333333333,77.1912934726282,3.85956467363141,44.5,107.188231627548,2.37382210608487,474.764421217134,1.3743344328,54.4674556748767,NA,169.346764673309,98.0440316808864,1.49862506697281,187.855841711075
"India",200,0.08,TRUE,FALSE,150,"BEBCS",58420.0221514685,58420.0221514685,387718.734424256,117.09484079542,136.178399637276,123.793666737313,NA,43.3333333333333,94.6051418517715,22.3240058517718,44.5,0,1.16189237736988,232.378475473975,0.75264329023612,28.6171087180555,24.2272302488259,182.293417392553,139.170043852756,1.84528444726938,250.893262841323
"US",0,0.15,TRUE,FALSE,150,"BES",5591716.82549485,NA,NA,-166.257772638503,-53.7586826393029,-139.395146149385,NA,43.3333333333333,104.173484942083,5.00032727721998,106.56,0,0.502275542548143,0,1.472501178,76.3386660699158,NA,146.508414011811,501.76601066593,0,147.863242123301
"US",0,0.15,TRUE,FALSE,150,"BECCS",NA,NA,NA,NA,NA,NA,NA,43.3333333333333,132.349307486794,6.61746537433969,106.56,NA,NA,NA,1.3743344328,NA,NA,NA,NA,NA,187.855841711075
"US",0,0.15,TRUE,FALSE,150,"BEBCS",NA,NA,NA,NA,NA,NA,NA,43.3333333333333,154.5324122006,23.5257186347077,106.56,0,NA,NA,0.75264329023612,NA,NA,NA,NA,NA,250.893262841323
"China",0,0.15,TRUE,FALSE,150,"BES",5047265.61701538,NA,NA,-126.223788659303,-90.8837603873029,-108.460331564911,NA,43.3333333333333,104.173484942083,5.00032727721998,46.5,0,0.564415181222222,0,1.472501178,47.2134806543875,NA,105.720670750664,275.814360418759,0,147.863242123301
"China",0,0.15,TRUE,FALSE,150,"BECCS",NA,NA,NA,NA,NA,NA,NA,43.3333333333333,132.349307486794,6.61746537433969,46.5,NA,NA,NA,1.3743344328,NA,NA,NA,NA,NA,187.855841711075
"China",0,0.15,TRUE,FALSE,150,"BEBCS",NA,NA,NA,NA,NA,NA,NA,43.3333333333333,154.5324122006,23.5257186347077,46.5,0,NA,NA,0.75264329023612,NA,NA,NA,NA,NA,250.893262841323
"Europe",0,0.15,TRUE,FALSE,150,"BES",4775784.34972742,NA,NA,-136.514776879303,-39.3296991313028,-93.0620687931351,NA,43.3333333333333,104.173484942083,5.00032727721998,71.516,0,0.165682801090056,0,1.472501178,87.6277434261666,NA,122.709451726702,3179.31805143382,0,147.863242123301
"Europe",0,0.15,TRUE,FALSE,150,"BECCS",NA,NA,NA,NA,NA,NA,NA,43.3333333333333,132.349307486794,6.61746537433969,71.516,NA,NA,NA,1.3743344328,NA,NA,NA,NA,NA,187.855841711075
"Europe",0,0.15,TRUE,FALSE,150,"BEBCS",NA,NA,NA,NA,NA,NA,NA,43.3333333333333,154.5324122006,23.5257186347077,71.516,0,NA,NA,0.75264329023612,NA,NA,NA,NA,NA,250.893262841323
"India",0,0.15,TRUE,FALSE,150,"BES",2911381.60340781,NA,NA,-109.498776879303,-77.1037509633029,-95.3913941871157,NA,43.3333333333333,104.173484942083,5.00032727721998,44.5,0,0.846547494614705,0,1.472501178,58.282418032174,NA,104.362437541835,181.530053773495,0,147.863242123301
"India",0,0.15,TRUE,FALSE,150,"BECCS",NA,NA,NA,NA,NA,NA,NA,43.3333333333333,132.349307486794,6.61746537433969,44.5,NA,NA,NA,1.3743344328,NA,NA,NA,NA,NA,187.855841711075
"India",0,0.15,TRUE,FALSE,150,"BEBCS",NA,NA,NA,NA,NA,NA,NA,43.3333333333333,154.5324122006,23.5257186347077,44.5,0,NA,NA,0.75264329023612,NA,NA,NA,NA,NA,250.893262841323
"US",50,0.15,TRUE,FALSE,150,"BES",5474120.25389324,NA,NA,-148.502372637866,-39.011553770144,-114.181362720782,NA,43.3333333333333,104.173484942083,5.00032727721998,106.56,0,0.502114900328909,25.1057450164446,1.472501178,76.4467044820983,NA,146.508414011811,502.492897239485,0,147.863242123301
"US",50,0.15,TRUE,FALSE,150,"BECCS",117596.57160166,NA,NA,-128.435106830136,-82.0611017724185,-114.468577505166,67.1397155861125,43.3333333333333,132.349307486794,6.61746537433969,106.56,38.4463901491635,2.05952110687879,102.97605534394,1.3743344328,66.5285301611916,NA,206.625953794772,138.588209886465,1.30020271898913,187.855841711075
"US",50,0.15,TRUE,FALSE,150,"BEBCS",NA,NA,NA,NA,NA,NA,NA,43.3333333333333,154.5324122006,23.5257186347077,106.56,0,NA,NA,0.75264329023612,NA,NA,NA,NA,NA,250.893262841323
"China",50,0.15,TRUE,FALSE,150,"BES",4964479.87161508,NA,NA,-98.0030295981998,-62.6630013261998,-80.2654751806197,NA,43.3333333333333,104.173484942083,5.00032727721998,46.5,0,0.564415181222208,28.2207590610991,1.472501178,47.1875779776036,NA,105.720670750664,275.81436041875,0,147.863242123301
"China",50,0.15,TRUE,FALSE,150,"BECCS",82785.7454003777,NA,NA,-95.0182095108028,-49.6454108039065,-73.7754009460286,73.4122219329531,43.3333333333333,132.349307486794,6.61746537433969,46.5,39.2540623732479,2.11049861358499,105.524930679253,1.3743344328,45.4205036091013,NA,163.512482748865,106.477603817354,1.33238548837439,187.855841711075
"China",50,0.15,TRUE,FALSE,150,"BEBCS",NA,NA,NA,NA,NA,NA,NA,43.3333333333333,154.5324122006,23.5257186347077,46.5,0,NA,NA,0.75264329023612,NA,NA,NA,NA,NA,250.893262841323
"Europe",50,0.15,TRUE,FALSE,150,"BES",4730502.88398585,NA,NA,-135.273319758989,-20.334699430256,-84.8418243931292,NA,43.3333333333333,104.173484942083,5.00032727721998,71.516,0,0.166627997538284,8.33139987691423,1.472501178,87.5165879493045,NA,122.709451726702,3176.19917619083,0,147.863242123301
"Europe",50,0.15,TRUE,FALSE,150,"BECCS",45281.4657415833,NA,NA,-90.4871822759325,-50.2631051012972,-73.5748443769378,64.364037611133,43.3333333333333,132.349307486794,6.61746537433969,71.516,38.0259111593004,1.64618138547514,82.3090692737563,1.3743344328,92.624770369739,NA,180.821114635202,151.051466152545,1.03925592517369,187.855841711075
"Europe",50,0.15,TRUE,FALSE,150,"BEBCS",NA,NA,NA,NA,NA,NA,NA,43.3333333333333,154.5324122006,23.5257186347077,71.516,0,NA,NA,0.75264329023612,NA,NA,NA,NA,NA,250.893262841323
"India",50,0.15,TRUE,FALSE,150,"BES",2844446.63807854,NA,NA,-67.171402148547,-34.776376232547,-53.0532158230596,NA,43.3333333333333,104.173484942083,5.00032727721998,44.5,0,0.846547494614737,42.3273747307465,1.472501178,58.2932216654779,NA,104.362437541835,181.530053773486,0,147.863242123301
"India",50,0.15,TRUE,FALSE,150,"BECCS",66934.9653293091,NA,NA,-55.3891024886306,-33.0168434905188,-48.3406603375888,61.26703455659,43.3333333333333,132.349307486794,6.61746537433969,44.5,37.532394684762,2.37382210608523,118.691105304262,1.3743344328,53.9674019040459,NA,160.80450454526,93.0984537465427,1.49862506697298,187.855841711075
"India",50,0.15,TRUE,FALSE,150,"BEBCS",NA,NA,NA,NA,NA,NA,NA,43.3333333333333,154.5324122006,23.5257186347077,44.5,0,NA,NA,0.75264329023612,NA,NA,NA,NA,NA,250.893262841323
"US",100,0.15,TRUE,FALSE,150,"BES",2680500.79186995,NA,NA,-136.966973451486,-12.955617651432,-87.0320756956707,NA,43.3333333333333,104.173484942083,5.00032727721998,106.56,0,0.449211374335438,44.9211374335439,1.472501178,83.7805990900918,NA,146.508414011811,550.914957793496,0,147.863242123301
"US",100,0.15,TRUE,FALSE,150,"BECCS",2876412.71943879,95157.86388477,367823.996975236,-135.629596213797,47.6216136425426,-48.4488495267827,381.326444134176,43.3333333333333,132.349307486794,6.61746537433969,106.56,78.1506150657208,2.10295795882064,210.295795882057,1.3743344328,64.9327425180074,NA,235.515737801468,155.006559770229,1.32762497400301,187.855841711075
"US",100,0.15,TRUE,FALSE,150,"BEBCS",34803.3141866215,NA,NA,-136.799516075992,-96.9001129632325,-130.875062009089,NA,43.3333333333333,154.5324122006,23.5257186347077,106.56,0,0.812901417161013,81.2901417161013,0.75264329023612,30.8224242780178,41.6305028320996,322.845670924639,350.669206967056,1.31903164496126,250.893262841323
"China",100,0.15,TRUE,FALSE,150,"BES",3607499.50049555,NA,NA,-69.7822705370967,-34.4422422650967,-52.3745446182621,NA,43.3333333333333,104.173484942083,5.00032727721998,46.5,0,0.564415181221876,56.4415181221587,1.472501178,46.8577494788309,NA,105.720670750664,275.814360418527,0,147.863242123301
"China",100,0.15,TRUE,FALSE,150,"BECCS",1405577.67326003,568182.804845303,46305566.3936736,-66.805847015091,55.8795198753453,-6.51847912809947,372.853346157737,43.3333333333333,132.349307486794,6.61746537433969,46.5,77.1264421923658,2.11049861358426,211.049861358481,1.3743344328,45.0248745668982,NA,191.069370588718,124.422358471698,1.33238548837464,187.855841711075
"China",100,0.15,TRUE,FALSE,150,"BEBCS",34188.4432603196,NA,NA,-69.7730695277607,-36.4974502062593,-57.137057821995,NA,43.3333333333333,154.5324122006,23.5257186347077,46.5,0,1.07285382457654,107.285382457654,0.75264329023612,19.5641915504149,40.5714990052435,244.453958756935,209.340939935299,1.56304056769978,250.893262841323
"Europe",100,0.15,TRUE,FALSE,150,"BES",3812552.53616176,151715.466456931,1713097.25813441,-134.031862638676,45.7803379667909,-75.7579741610854,NA,43.3333333333333,104.173484942083,5.00032727721998,71.516,0,0.187802263852674,18.7802263852681,1.472501178,86.1516116729435,NA,122.709451726702,3081.35971163163,0,147.863242123301
"Europe",100,0.15,TRUE,FALSE,150,"BECCS",954963.925467635,117822.003839469,5117311.34345484,-128.013683964144,31.3148701086852,-33.102380407888,362.864451620068,43.3333333333333,132.349307486794,6.61746537433969,71.516,75.8281952594349,1.65675999361767,165.67599936179,1.3743344328,87.5325883509008,NA,208.326999082206,173.035941356256,1.04593433940502,187.855841711075
"Europe",100,0.15,TRUE,FALSE,150,"BEBCS",8267.88809810491,NA,NA,-133.176879008139,-109.077995403268,-118.617166890964,NA,43.3333333333333,154.5324122006,23.5257186347077,71.516,0,0.730168609235243,73.0168609235243,0.75264329023612,29.0458869762552,28.8942160445639,293.206513169754,343.389550421696,1.19658999227438,250.893262841323
"India",100,0.15,TRUE,FALSE,150,"BES",1774882.47501798,170611.361068623,6899320.08339359,-24.8440274177911,7.55099849820891,-11.1900349386674,NA,43.3333333333333,104.173484942083,5.00032727721998,44.5,0,0.84654749461515,84.654749461519,1.472501178,57.8290278191243,NA,104.362437541835,181.530053773462,0,147.863242123301
"India",100,0.15,TRUE,FALSE,150,"BECCS",1136499.12838976,1034625.28930177,47162594.1437066,-24.7066935327138,85.6742618137422,31.0253751189794,379.526831918372,43.3333333333333,132.349307486794,6.61746537433969,44.5,77.9523041897064,2.37382210608492,237.382210608559,1.3743344328,55.0622415613026,NA,190.215038502847,110.125807818834,1.49862506697316,187.855841711075
"India",100,0.15,TRUE,FALSE,150,"BEBCS",NA,NA,NA,NA,NA,NA,NA,43.3333333333333,154.5324122006,23.5257186347077,44.5,0,NA,NA,0.75264329023612,NA,NA,NA,NA,NA,250.893262841323
"US",150,0.15,TRUE,FALSE,150,"BES",528973.232715056,2190.21809235306,22.1622700011058,-127.710929068201,13.10031846728,-42.245684606956,NA,43.3333333333333,104.173484942083,5.00032727721998,106.56,0,0.370634941957304,55.595241293595,1.472501178,117.892886318751,NA,146.508414011811,646.364933617215,0,147.863242123301
"US",150,0.15,TRUE,FALSE,150,"BECCS",4810774.53458701,3236260.25378056,9643403.6626168,-116.27407808084,177.304329057504,28.2595151698448,621.096903610229,43.3333333333333,132.349307486794,6.61746537433969,106.56,105.75449351667,2.0795876408182,311.938146122721,1.3743344328,67.6026354249311,NA,255.601008018203,170.131934436194,1.31287098536504,187.855841711075
"US",150,0.15,TRUE,FALSE,150,"BEBCS",251969.05819304,NA,NA,-127.674284417057,-9.47554556483158,-98.1412797266658,NA,43.3333333333333,154.5324122006,23.5257186347077,106.56,0,0.858065955989218,128.709893398383,0.75264329023612,32.5970338947751,25.1699238154836,344.716030004638,332.793271813044,1.35992247547684,250.893262841323
"China",150,0.15,TRUE,FALSE,150,"BES",1243817.86676308,NA,NA,-41.5615114759937,-6.22148320399367,-23.2156853289878,NA,43.3333333333333,104.173484942083,5.00032727721998,46.5,0,0.564415181222099,84.6622771832925,1.472501178,47.7958497070109,NA,105.720670750664,275.814360418513,0,147.863242123301
"China",150,0.15,TRUE,FALSE,150,"BECCS",3160594.06000784,2941704.29898519,174932705.495742,-38.2603483750206,161.404450554597,58.7119013588439,693.163240339493,43.3333333333333,132.349307486794,6.61746537433969,46.5,117.668030483077,2.11049861358416,316.574792037901,1.3743344328,45.2719126652913,NA,220.568441064683,143.631841969934,1.33238548837376,187.855841711075
"China",150,0.15,TRUE,FALSE,150,"BEBCS",642853.690244889,24632.872981812,47772.6855818124,-41.3616068464443,16.5078004838452,-24.8817529423893,NA,43.3333333333333,154.5324122006,23.5257186347077,46.5,0,1.00769556652656,151.154334978985,0.75264329023612,19.9304481807012,28.591594733231,260.37106640597,223.399042072983,1.62593513950551,250.893262841323
"Europe",150,0.15,TRUE,FALSE,150,"BES",1170993.72209745,234881.084377642,3365179.79067025,-132.790405518362,111.895375363838,-28.7947582174481,NA,43.3333333333333,104.173484942083,5.00032727721998,71.516,0,0.336106005837457,50.4159008756214,1.472501178,101.479153126228,NA,122.709451726702,1564.76596274741,0,147.863242123301
"Europe",150,0.15,TRUE,FALSE,150,"BECCS",2719090.38433342,1179228.332468,39887240.0585413,-130.523957701822,159.91061311124,0.459218467116317,869.320803907555,43.3333333333333,132.349307486794,6.61746537433969,71.516,132.346644971176,1.71548886175545,257.323329263374,1.3743344328,85.965307036106,NA,249.45123228401,200.103200964942,1.08301064504755,187.855841711075
"Europe",150,0.15,TRUE,FALSE,150,"BEBCS",885700.243296526,NA,NA,-108.61798911099,-41.7615206410947,-94.9175609865837,NA,43.3333333333333,154.5324122006,23.5257186347077,71.516,0,0.756634668725278,113.49520030879,0.75264329023612,29.6008194571207,11.5605500828184,316.236899790636,330.990985582057,1.1867802647989,250.893262841323
"India",150,0.15,TRUE,FALSE,150,"BES",127129.521016065,127129.521016065,1078020.6566357,26.3183543809648,38.0983638049648,29.2809313460791,NA,43.3333333333333,104.173484942083,5.00032727721998,44.5,0,0.846547494615129,126.982124192265,1.472501178,55.9726193731147,NA,104.362437541835,181.530053773496,0,147.863242123301
"India",150,0.15,TRUE,FALSE,150,"BECCS",2784252.08239177,2784252.08239177,158913431.106899,22.0511475566457,204.365367118003,108.459936434124,638.072969720775,43.3333333333333,132.349307486794,6.61746537433969,44.5,118.646905454424,2.37382210608488,356.073315912846,1.3743344328,54.5002988369009,NA,219.825445033817,127.268878969953,1.49862506697277,187.855841711075
"India",150,0.15,TRUE,FALSE,150,"BEBCS",NA,NA,NA,NA,NA,NA,NA,43.3333333333333,154.5324122006,23.5257186347077,44.5,0,NA,NA,0.75264329023612,NA,NA,NA,NA,NA,250.893262841323
"US",200,0.15,TRUE,FALSE,150,"BES",153470.899546357,149174.737640453,249140.163593682,-118.454884684916,4.25589075719114,1.95093286208547,NA,43.3333333333333,104.173484942083,5.00032727721998,106.56,0,0.291799096763731,58.3598193527461,1.472501178,159.324925728643,NA,146.508414011811,742.95802529327,0,147.863242123301
"US",200,0.15,TRUE,FALSE,150,"BECCS",5101931.9186401,5012275.96819403,15323878.1661252,-77.7017412514904,306.987044472465,125.912441617502,703.28162216151,43.3333333333333,132.349307486794,6.61746537433969,106.56,112.401121486826,2.07321423872025,414.642847743999,1.3743344328,69.1974882214229,NA,260.437260251667,174.089852499204,1.30884737292947,187.855841711075
"US",200,0.15,TRUE,FALSE,150,"BEBCS",336314.007308485,17796.3768583533,4445.29442801619,-87.3823793762969,36.1855235310424,-52.2561578526231,NA,43.3333333333333,154.5324122006,23.5257186347077,106.56,0,0.874365200840262,174.873040168052,0.75264329023612,37.1608339804745,20.3280988341575,351.149123933911,326.711470246263,1.38067085900392,250.893262841323
"China",200,0.15,TRUE,FALSE,150,"BES",95446.9293990353,19713.2001906557,1848177.50188421,-7.4507477028906,7.27426407710939,-2.15569296179967,NA,43.3333333333333,104.173484942083,5.00032727721998,46.5,0,0.564415181222057,112.883036244413,1.472501178,40.6350830130914,NA,105.720670750664,275.814360418588,0,147.863242123301
"China",200,0.15,TRUE,FALSE,150,"BECCS",3747857.41362673,3747857.41362673,213284042.449271,6.98309075149689,266.929381233849,149.481967808564,847.305714126062,43.3333333333333,132.349307486794,6.61746537433969,46.5,132.805724288323,2.11049861358506,422.099722716959,1.3743344328,45.6547422410075,NA,231.583004510063,150.804409489196,1.33238548837338,187.855841711075
"China",200,0.15,TRUE,FALSE,150,"BEBCS",1203961.27399007,1185420.97658185,28258303.8197237,-4.4402620927745,69.5130511739498,20.085290377949,NA,43.3333333333333,154.5324122006,23.5257186347077,46.5,0,0.996089482654439,199.217896530887,0.75264329023612,21.3935059694369,24.0320187129348,266.429150068506,225.947390561186,1.637440586211,250.893262841323
"Europe",200,0.15,TRUE,FALSE,150,"BES",213548.363057829,209683.575218342,2411259.49602796,-131.548948398048,99.0844301038098,81.1996830364443,NA,43.3333333333333,104.173484942083,5.00032727721998,71.516,0,0.840387921161869,168.077584232376,1.472501178,93.8119110233748,NA,122.709451726702,313.318337489265,0,147.863242123301
"Europe",200,0.15,TRUE,FALSE,150,"BECCS",3669579.87346862,3262686.83760722,91895788.1332499,-129.758703023905,300.803536904039,67.0198771282141,1155.17807937076,43.3333333333333,132.349307486794,6.61746537433969,71.516,155.087707471503,1.73386511409418,346.773022819024,1.3743344328,85.8173346419914,NA,265.998196369017,211.192283287191,1.09461181445341,187.855841711075
"Europe",200,0.15,TRUE,FALSE,150,"BEBCS",892656.113200818,97.9466045133972,361.94132704624,-77.3133252496372,1.43177968620762,-50.7198614331357,NA,43.3333333333333,154.5324122006,23.5257186347077,71.516,0,0.756152259135526,151.230451827105,0.75264329023612,34.9549952430233,12.6688223320489,314.764393141594,331.432721388599,1.20270512477437,250.893262841323
"India",200,0.15,TRUE,FALSE,150,"BES",91977.8241197592,91977.8241197592,517880.225664464,71.5907314677207,80.4257385357207,71.6286203869223,NA,43.3333333333333,104.173484942083,5.00032727721998,44.5,0,0.846547494615121,169.309498923026,1.472501178,55.9929336831996,NA,104.362437541835,181.530053773499,0,147.863242123301
"India",200,0.15,TRUE,FALSE,150,"BECCS",2819403.77928811,2819403.77928811,159473571.537871,71.7449996245763,323.056472422264,225.64862187043,657.888080694369,43.3333333333333,132.349307486794,6.61746537433969,44.5,120.11967913918,2.37382210608487,474.764421217134,1.3743344328,54.470652653703,NA,220.897071887956,127.889301907704,1.4986250669728,187.855841711075
"India",200,0.15,TRUE,FALSE,150,"BEBCS",NA,NA,NA,NA,NA,NA,NA,43.3333333333333,154.5324122006,23.5257186347077,44.5,0,NA,NA,0.75264329023612,NA,NA,NA,NA,NA,250.893262841323
"US",0,0.02,FALSE,FALSE,150,"BES",5076823.9897176,278902.473532287,293357.267769579,-89.0904994119968,23.4085905872032,-61.7041927235824,NA,43.3333333333333,30.5405906419817,1.46594835081512,106.56,0,0.501615886227775,0,1.472501178,76.8623462692188,NA,94.1028374462848,324.753094646241,0,147.863242123301
"US",0,0.02,FALSE,FALSE,150,"BECCS",NA,NA,NA,NA,NA,NA,NA,43.3333333333333,38.8009100775612,1.94004550387806,106.56,NA,NA,NA,1.3743344328,NA,NA,NA,NA,NA,187.855841711075
"US",0,0.02,FALSE,FALSE,150,"BEBCS",514892.835777373,NA,NA,-78.1792538044593,-28.1051465686847,-60.7411524465629,NA,43.3333333333333,52.6939460458064,21.4876049172528,106.56,0,0.936734270750361,0,0.75264329023612,36.2170071817497,83.7833913347472,128.823522226437,194.07928632664,1.61939530149302,250.893262841323
"China",0,0.02,FALSE,FALSE,150,"BES",4797012.96462248,NA,NA,-49.0565154327968,-13.7164871607968,-30.8919772462299,NA,43.3333333333333,30.5405906419817,1.46594835081512,46.5,0,0.564415181222182,0,1.472501178,47.6145617465822,NA,53.3150941851381,139.09359918838,0,147.863242123301
"China",0,0.02,FALSE,FALSE,150,"BECCS",NA,NA,NA,NA,NA,NA,NA,43.3333333333333,38.8009100775612,1.94004550387806,46.5,NA,NA,NA,1.3743344328,NA,NA,NA,NA,NA,187.855841711075
"China",0,0.02,FALSE,FALSE,150,"BEBCS",250252.65239321,653.487732883385,6090.21790008542,-49.0308676327364,5.20546504441408,-33.5190573012839,NA,43.3333333333333,52.6939460458064,21.4876049172528,46.5,0,0.991632912072864,0,0.75264329023612,20.1172475305902,67.0452461311853,71.2639115071991,121.976023895159,1.64222776885475,250.893262841323
"Europe",0,0.02,FALSE,FALSE,150,"BES",4773967.01445712,805617.632859772,20750128.787084,-59.3475036527968,37.8375740952032,-15.8968004849471,NA,43.3333333333333,30.5405906419817,1.46594835081512,71.516,0,0.165451759489716,0,1.472501178,87.6257385078582,NA,70.3038751611762,1822.04383590432,0,147.863242123301
"Europe",0,0.02,FALSE,FALSE,150,"BECCS",NA,NA,NA,NA,NA,NA,NA,43.3333333333333,38.8009100775612,1.94004550387806,71.516,NA,NA,NA,1.3743344328,NA,NA,NA,NA,NA,187.855841711075
"Europe",0,0.02,FALSE,FALSE,150,"BEBCS",1817.33527030305,NA,NA,-9.27792601045059,-4.56681106298788,-7.39364854082011,NA,43.3333333333333,52.6939460458064,21.4876049172528,71.516,0,1.12405917853367,0,0.75264329023612,48.1691705751117,90.1347318471274,73.8235759711623,129.623411107915,2.0364847679915,250.893262841323
"India",0,0.02,FALSE,FALSE,150,"BES",2617097.88404485,306404.614937141,12533742.9203961,-32.3315036527968,0.0635222632031684,-18.2056771598438,NA,43.3333333333333,30.5405906419817,1.46594835081512,44.5,0,0.846547494614865,0,1.472501178,58.3008618329469,NA,51.9568609763087,90.3747745749454,0,147.863242123301
"India",0,0.02,FALSE,FALSE,150,"BECCS",NA,NA,NA,NA,NA,NA,NA,43.3333333333333,38.8009100775612,1.94004550387806,44.5,NA,NA,NA,1.3743344328,NA,NA,NA,NA,NA,187.855841711075
"India",0,0.02,FALSE,FALSE,150,"BEBCS",294283.719362962,62239.9782338841,807938.808752026,-32.3248538733973,19.0260916092751,-7.66507660225427,NA,43.3333333333333,52.6939460458064,21.4876049172528,44.5,0,1.05651317506172,0,0.75264329023612,29.7091594722136,81.307314888592,49.6573032129762,112.336500872834,2.00895191888111,250.893262841323
"US",50,0.02,FALSE,FALSE,150,"BES",2512086.23819699,319082.202312874,297871.018153874,-71.3350994113601,38.155719456362,-33.925559897206,NA,43.3333333333333,30.5405906419817,1.46594835081512,106.56,0,0.45163074963918,22.581537481959,1.472501178,82.0594416136311,NA,94.1028374462848,363.803311708593,0,147.863242123301
"US",50,0.02,FALSE,FALSE,150,"BECCS",1335898.26640378,101520.275158909,492934.824525732,-71.2850637090518,23.9277636186866,-18.9355495694712,355.193092816534,43.3333333333333,38.8009100775612,1.94004550387806,106.56,46.0935247924167,2.15138881841789,107.569440920889,1.3743344328,66.8894898834948,NA,140.718645882898,90.510542629987,1.35820001162745,187.855841711075
"US",50,0.02,FALSE,FALSE,150,"BEBCS",1743732.32089452,12360.5978998033,723.152028680985,-70.1840639927467,45.1269958902586,-26.9755956124701,NA,43.3333333333333,52.6939460458064,21.4876049172528,106.56,0,0.944656008290025,47.2328004145013,0.75264329023612,36.4089263079752,70.1242286281132,146.971777693312,192.622491029868,1.59548405799008,250.893262841323
"China",50,0.02,FALSE,FALSE,150,"BES",2275201.46251553,465552.939665373,37641411.7838951,-20.8357563716938,14.5042719003062,-3.05982295473909,NA,43.3333333333333,30.5405906419817,1.46594835081512,46.5,0,0.564415181221753,28.2207590610942,1.472501178,47.2259569769532,NA,53.3150941851381,139.093599188495,0,147.863242123301
"China",50,0.02,FALSE,FALSE,150,"BECCS",425390.695817954,425291.721577961,47330911.1928967,-0.0897805251399859,49.7092012951258,24.9616995931105,358.680071869618,43.3333333333333,38.8009100775612,1.94004550387806,46.5,46.3315748747471,2.11049861358511,105.524930679244,1.3743344328,53.0092993700435,NA,97.1907035640899,63.2895608631985,1.33238548837444,187.855841711075
"China",50,0.02,FALSE,FALSE,150,"BEBCS",2346673.45868226,1645800.36081502,76856303.7416769,-20.6303332818103,58.118478103549,5.70264106446531,NA,43.3333333333333,52.6939460458064,21.4876049172528,46.5,0,0.9854518900272,49.2725945013602,0.75264329023612,23.2314606508973,53.8801368752646,88.7557425335415,122.676218314971,1.64795782254692,250.893262841323
"Europe",50,0.02,FALSE,FALSE,150,"BES",3919493.82376655,1834688.6737565,45745248.8479417,-58.1060465324832,56.83257379625,-6.70830918957999,NA,43.3333333333333,30.5405906419817,1.46594835081512,71.516,0,0.187257279168759,9.36286395843813,1.472501178,87.4513658447811,NA,70.3038751611762,1734.86753872271,0,147.863242123301
"Europe",50,0.02,FALSE,FALSE,150,"BECCS",680468.849111675,478990.500417668,16370897.9052219,-52.0506152246419,49.1090349204204,10.3333165334353,354.77107539783,43.3333333333333,38.8009100775612,1.94004550387806,71.516,46.104620296686,1.63413790546454,81.7068952732461,1.3743344328,86.987997138319,NA,115.227831085835,96.9152848716743,1.03165271809637,187.855841711075
"Europe",50,0.02,FALSE,FALSE,150,"BEBCS",175821.67684925,14136.6686236111,45120.3018936864,-54.4930465631675,51.5990489614866,-24.1690973615342,NA,43.3333333333333,52.6939460458064,21.4876049172528,71.516,0,0.729772841963622,36.4886420981812,0.75264329023612,33.7270021769406,51.3128093264033,125.404348728128,202.644632451492,1.27573883660655,250.893262841323
"India",50,0.02,FALSE,FALSE,150,"BES",2066838.12395077,2066838.12395077,97984177.2062673,9.99587107795907,42.3908969939591,24.4946708876819,NA,43.3333333333333,30.5405906419817,1.46594835081512,44.5,0,0.84654749461515,42.3273747307547,1.472501178,58.6738351497148,NA,51.9568609763087,90.3747745749309,0,147.863242123301
"India",50,0.02,FALSE,FALSE,150,"BECCS",301986.072699274,301986.072699274,20795690.7788696,10.0519203697808,66.4423446872411,38.9923577927998,384.703572465073,43.3333333333333,38.8009100775612,1.94004550387806,44.5,47.7925190213235,2.37382210608514,118.691105304262,1.3743344328,53.3347270913023,NA,96.7984730846968,56.0418888432017,1.49862506697306,187.855841711075
"India",50,0.02,FALSE,FALSE,150,"BEBCS",542557.406757779,542557.406757779,41211583.7783972,10.0561198230985,71.4488328164718,37.1771371592099,NA,43.3333333333333,52.6939460458064,21.4876049172528,44.5,0,1.05881071398103,52.9405356990517,0.75264329023612,29.3524449034101,73.5657075198073,59.9431949085709,112.092925229811,2.00456971543479,250.893262841323
"US",100,0.02,FALSE,FALSE,150,"BES",645353.844777678,369772.385010206,437238.469517083,-59.7997002249801,64.211655575074,8.47650887187313,NA,43.3333333333333,30.5405906419817,1.46594835081512,106.56,0,0.42115404802036,42.1154048020361,1.472501178,104.927643062632,NA,94.1028374462848,401.878296250681,0,147.863242123301
"US",100,0.02,FALSE,FALSE,150,"BECCS",3249043.21749207,3080381.36411266,11868843.1572579,-57.7638425357304,153.610479033648,57.8399730177415,651.022707898484,43.3333333333333,38.8009100775612,1.94004550387806,106.56,71.6717243662991,2.09000628414906,209.000628414892,1.3743344328,67.8120245505811,NA,159.329981641815,105.742707069495,1.31944841171025,187.855841711075
"US",100,0.02,FALSE,FALSE,150,"BEBCS",1697319.76322561,1129973.35022649,1436099.41172763,-58.2859040221432,89.7339698775282,8.24551750436522,NA,43.3333333333333,52.6939460458064,21.4876049172528,106.56,0,0.947608451319895,94.7608451319895,0.75264329023612,36.8981892733025,57.3280340621341,163.973449975496,192.679964967683,1.54182643175945,250.893262841323
"China",100,0.02,FALSE,FALSE,150,"BES",700363.47003382,700363.47003382,38839827.3855072,7.3850026894093,42.7250309614093,24.2574982326724,NA,43.3333333333333,30.5405906419817,1.46594835081512,46.5,0,0.564415181222097,56.4415181222106,1.472501178,46.3225191032587,NA,53.3150941851381,139.093599188488,0,147.863242123301
"China",100,0.02,FALSE,FALSE,150,"BECCS",857671.163279829,857671.163279829,87505200.3852096,22.477402656549,155.234131974378,106.809878844594,616.511871827032,43.3333333333333,38.8009100775612,1.94004550387806,46.5,68.6633628922738,2.11049861358503,211.049861358483,1.3743344328,51.6643359598064,NA,113.439869330845,73.870846192542,1.33238548837457,187.855841711075
"China",100,0.02,FALSE,FALSE,150,"BEBCS",3489230.98370217,3489230.98370217,127975386.162957,7.497496085275,111.123728793654,47.8401433883947,NA,43.3333333333333,52.6939460458064,21.4876049172528,46.5,0,0.999670344969928,99.9670344969935,0.75264329023612,23.2372518538658,45.317408000588,100.132617855169,120.968217989096,1.63341824112046,250.893262841323
"Europe",100,0.02,FALSE,FALSE,150,"BES",2158037.44767519,1833311.79897905,50377400.8279744,-56.8645894121696,122.947611193297,23.5448142619612,NA,43.3333333333333,30.5405906419817,1.46594835081512,71.516,0,0.275661846577506,27.5661846577504,1.472501178,99.5011685970114,NA,70.3038751611762,913.798524747883,0,147.863242123301
"Europe",100,0.02,FALSE,FALSE,150,"BECCS",1497529.03446127,1396213.24450076,37669035.140702,-51.0115470275671,130.687010130403,58.4776763889633,688.671951916707,43.3333333333333,38.8009100775612,1.94004550387806,71.516,77.8815092569624,1.66441495872177,166.441495872151,1.3743344328,82.1746453552183,NA,138.349487796084,114.082253185306,1.05076701939484,187.855841711075
"Europe",100,0.02,FALSE,FALSE,150,"BEBCS",1120217.86759094,417693.903764303,8012072.38372817,-42.936962589036,107.764908985961,-12.6494688648813,NA,43.3333333333333,52.6939460458064,21.4876049172528,71.516,0,0.767991777073644,76.7991777073638,0.75264329023612,33.4179139400002,22.8309904508177,163.246736011823,191.009057745429,1.2178998352389,250.893262841323
"India",100,0.02,FALSE,FALSE,150,"BES",974633.922940351,974633.922940351,38086811.1306234,52.3232458087149,84.718271724715,66.0887347280742,NA,43.3333333333333,30.5405906419817,1.46594835081512,44.5,0,0.846547494615149,84.6547494615247,1.472501178,57.9405242593552,NA,51.9568609763087,90.3747745748939,0,147.863242123301
"India",100,0.02,FALSE,FALSE,150,"BECCS",1339663.08573621,1339663.08573621,79922917.3713769,61.173129009373,185.133449991502,116.176629817365,809.467856108213,43.3333333333333,38.8009100775612,1.94004550387806,44.5,91.0606707798713,2.37382210608491,237.382210608561,1.3743344328,55.0960455701552,NA,128.281459122087,74.2690978862176,1.49862506697311,187.855841711075
"India",100,0.02,FALSE,FALSE,150,"BEBCS",597084.594731123,597084.594731123,41981723.2615336,52.4870910152048,123.871574023669,85.170765294795,NA,43.3333333333333,52.6939460458064,21.4876049172528,44.5,0,1.06125001506858,106.125001506858,0.75264329023612,29.2482063397065,68.4791084112891,66.7015081420848,111.84890916253,2.0004152733312,250.893262841323
"US",150,0.02,FALSE,FALSE,150,"BES",139773.064994584,136982.191988414,207893.607917946,-50.5436558416952,66.9195206345737,61.6262686759957,NA,43.3333333333333,30.5405906419817,1.46594835081512,106.56,0,0.336139462553488,50.4209193830231,1.472501178,149.771888285771,NA,94.1028374462848,450.00362375754,0,147.863242123301
"US",150,0.02,FALSE,FALSE,150,"BECCS",4463807.70517706,4459911.01896495,15066513.8244522,-11.451632154532,283.293194448609,141.55224996342,847.922121195569,43.3333333333333,38.8009100775612,1.94004550387806,106.56,91.6116099811688,2.07671144220576,311.506716330844,1.3743344328,68.9580991951881,NA,173.838739582374,116.102173000778,1.31105520341269,187.855841711075
"US",150,0.02,FALSE,FALSE,150,"BEBCS",988136.055323651,877682.528110122,534074.791856469,-24.2491368121661,135.395038973402,44.5263968410455,NA,43.3333333333333,52.6939460458064,21.4876049172528,106.56,0,0.942552552082387,141.382882812358,0.75264329023612,39.361611772171,44.5234532195776,180.986264689541,194.218967905739,1.49009918731051,250.893262841323
"China",150,0.02,FALSE,FALSE,150,"BES",18296.5092378643,18296.5092378643,1592821.53285565,35.6057617505124,63.8777843681124,47.6516628157968,NA,43.3333333333333,30.5405906419817,1.46594835081512,46.5,0,0.56441518122206,84.6622771833095,1.472501178,41.4959246252846,NA,53.3150941851381,139.093599188484,0,147.863242123301
"China",150,0.02,FALSE,FALSE,150,"BECCS",1480302.96974375,1480302.96974375,130434041.171869,55.2560120909086,260.759062653629,171.5297665841,921.595100496309,43.3333333333333,38.8009100775612,1.94004550387806,46.5,107.495986468455,2.1104986135843,316.574792037723,1.3743344328,49.6919165962455,NA,141.695454470384,92.2705851576468,1.33238548837463,187.855841711075
"China",150,0.02,FALSE,FALSE,150,"BEBCS",3548666.13803432,3548666.13803432,122293551.228949,44.4449190227071,164.128979483758,92.3068062824527,NA,43.3333333333333,52.6939460458064,21.4876049172528,46.5,0,1.01177265041141,151.765897561712,0.75264329023612,22.8977159291069,38.3247437546867,109.423425780538,119.57386414466,1.62186151268743,250.893262841323
"Europe",150,0.02,FALSE,FALSE,150,"BES",441910.65375509,432125.217780319,11863279.2782029,-55.623132291856,189.062648590344,67.4160001234679,NA,43.3333333333333,30.5405906419817,1.46594835081512,71.516,0,0.499185062176848,74.877759326524,1.472501178,96.0607797897441,NA,70.3038751611762,547.600388170454,0,147.863242123301
"Europe",150,0.02,FALSE,FALSE,150,"BECCS",2522379.0402784,2518686.25361702,66859108.2475362,-53.5816349021429,212.264985340385,115.265524482571,1007.70017751479,43.3333333333333,38.8009100775612,1.94004550387806,71.516,116.091001681198,1.72129341129991,258.194011695139,1.3743344328,85.4194700501691,NA,166.151667172751,132.016259120325,1.08667513339654,187.855841711075
"Europe",150,0.02,FALSE,FALSE,150,"BEBCS",1811494.65569371,1752603.58166646,28664380.7089577,-6.08135781708779,163.930769010436,31.3033798660965,NA,43.3333333333333,52.6939460458064,21.4876049172528,71.516,0,0.781378893274264,117.206833991139,0.75264329023612,40.788750679146,19.0053461588657,168.329680803307,188.222160554803,1.25486246875142,250.893262841323
"India",150,0.02,FALSE,FALSE,150,"BES",35586.5921793934,35586.5921793934,195400.96151853,106.430629963471,108.197631377071,106.488478224035,NA,43.3333333333333,30.5405906419817,1.46594835081512,44.5,0,0.846547494615119,126.982124192268,1.472501178,56.0128930245641,NA,51.9568609763087,90.3747745749105,0,147.863242123301
"India",150,0.02,FALSE,FALSE,150,"BECCS",2457725.41118344,2457725.41118344,133615238.604886,110.160112406045,303.824555295763,200.561220245955,1004.37169814292,43.3333333333333,38.8009100775612,1.94004550387806,44.5,124.880283533352,2.37382210608488,356.073315912845,1.3743344328,54.6091434479678,NA,152.889452596121,88.5160006624559,1.49862506697248,187.855841711075
"India",150,0.02,FALSE,FALSE,150,"BEBCS",418069.600044971,418069.600044971,26180812.1971297,106.511228124416,176.294315230865,137.659758891697,NA,43.3333333333333,52.6939460458064,21.4876049172528,44.5,0,1.07529539320132,161.294308980197,0.75264329023612,29.2436235974948,65.8033772770629,70.2566200642106,110.506030374094,1.97841638863961,250.893262841323
"US",200,0.02,FALSE,FALSE,150,"BES",19741.5447283595,17318.201185921,47838.3730850311,-41.2876114584103,81.4231639836972,66.7055633864273,NA,43.3333333333333,30.5405906419817,1.46594835081512,106.56,0,0.286927054273872,57.3854108547744,1.472501178,147.88669152445,NA,94.1028374462848,490.750092110421,0,147.863242123301
"US",200,0.02,FALSE,FALSE,150,"BECCS",4819795.4617932,4819795.4617932,15230958.7598716,23.2012492722019,412.97590986357,237.181133516131,934.268733113178,43.3333333333333,38.8009100775612,1.94004550387806,106.56,100.425820050558,2.07703030863876,415.406061727692,1.3743344328,69.5018474203938,NA,180.252178596218,120.349166443149,1.31125650797902,187.855841711075
"US",200,0.02,FALSE,FALSE,150,"BEBCS",752179.818973582,752179.818973582,578517.198665093,16.4942004959517,181.056108069276,83.0101406247999,NA,43.3333333333333,52.6939460458064,21.4876049172528,106.56,0,0.907454975180583,181.490995036116,0.75264329023612,43.8039398646386,38.4567566871055,189.046785006635,200.934169540243,1.43978613007943,250.893262841323
"China",200,0.02,FALSE,FALSE,150,"BES",5404.91715977801,5404.91715977801,149330.969765389,63.8265208116154,84.4415373036154,74.1906637183077,NA,43.3333333333333,30.5405906419817,1.46594835081512,46.5,0,0.564415181222061,112.883036244412,1.472501178,39.8141664666923,NA,53.3150941851381,139.093599188484,0,147.863242123301
"China",200,0.02,FALSE,FALSE,150,"BECCS",2686388.78432432,2686388.78432432,186024167.060795,86.0249998869006,366.283993332881,227.283512051107,1351.8056351601,43.3333333333333,38.8009100775612,1.94004550387806,46.5,155.676552931746,2.11049861358385,422.09972271696,1.3743344328,48.1012978472836,NA,176.752835929663,115.099582131708,1.33238548837435,187.855841711075
"China",200,0.02,FALSE,FALSE,150,"BEBCS",2355471.91553167,2355471.91553167,68146915.9031155,88.6596198153139,217.134230173863,141.047151165076,NA,43.3333333333333,52.6939460458064,21.4876049172528,46.5,0,1.00816628415658,201.633256831315,0.75264329023612,21.5629424257945,38.5325028710241,109.147386494689,120.005639731873,1.62550613893998,250.893262841323
"Europe",200,0.02,FALSE,FALSE,150,"BES",94122.1873903668,92890.515821834,1454601.23360132,-54.3816751715424,255.177685987391,161.505797245961,NA,43.3333333333333,30.5405906419817,1.46594835081512,71.516,0,0.856302862726815,171.260572545362,1.472501178,93.7677636933951,NA,70.3038751611762,240.8884994551,0,147.863242123301
"Europe",200,0.02,FALSE,FALSE,150,"BECCS",3214397.13781191,3212898.54355279,85594518.8706107,-42.3710170918665,306.673632473528,180.861843813458,1245.12535611255,43.3333333333333,38.8009100775612,1.94004550387806,71.516,139.914728581082,1.73928324011688,347.856648023531,1.3743344328,85.1768799525642,NA,183.486404869273,144.28194876262,1.09803234855863,187.855841711075
"Europe",200,0.02,FALSE,FALSE,150,"BEBCS",1467265.02452495,1467265.02452495,20655914.2161501,27.9860741743037,220.09662903491,72.9262159152289,NA,43.3333333333333,52.6939460458064,21.4876049172528,71.516,0,0.781592252889888,156.318450577976,0.75264329023612,40.1901929173474,22.1151233829634,164.197873259891,188.892139607427,1.26724260153652,250.893262841323
"India",200,0.02,FALSE,FALSE,150,"BES",8767.74822051151,8767.74822051151,8966.12649938962,148.758004694227,148.758004694227,148.758004694227,NA,43.3333333333333,30.5405906419817,1.46594835081512,44.5,0,0.846547494615117,169.309498923023,1.472501178,55.955044764,NA,51.9568609763087,90.3747745749108,0,147.863242123301
"India",200,0.02,FALSE,FALSE,150,"BECCS",2782563.40609025,2782563.40609025,158965367.679389,166.538098251927,422.515660600024,308.270383518528,1128.35080727993,43.3333333333333,38.8009100775612,1.94004550387806,44.5,135.747075745648,2.37382210608488,474.764421217133,1.3743344328,54.4939936285742,NA,160.796401554793,93.0937624856523,1.49862506697277,187.855841711075
"India",200,0.02,FALSE,FALSE,150,"BEBCS",120050.449097058,120050.449097058,1017117.95764634,151.438427336311,228.717056438062,176.673885935978,NA,43.3333333333333,52.6939460458064,21.4876049172528,44.5,0,1.14402357190789,228.804714381578,0.75264329023612,28.7074031737351,37.8433193437253,107.405769330612,104.051242953176,1.87401813905228,250.893262841323
"US",0,0.08,FALSE,FALSE,150,"BES",5591716.82549485,NA,NA,-120.758398454221,-8.25930845502111,-93.8957719651155,NA,43.3333333333333,60.7580515601347,2.91638647488646,106.56,0,0.502275542548143,0,1.472501178,76.3386660699158,NA,115.609033512788,395.940969902025,0,147.863242123301
"US",0,0.08,FALSE,FALSE,150,"BECCS",NA,NA,NA,NA,NA,NA,NA,43.3333333333333,77.1912934726282,3.85956467363141,106.56,NA,NA,NA,1.3743344328,NA,NA,NA,NA,NA,187.855841711075
"US",0,0.08,FALSE,FALSE,150,"BEBCS",NA,NA,NA,NA,NA,NA,NA,43.3333333333333,94.6051418517715,22.3240058517718,106.56,0,NA,NA,0.75264329023612,NA,NA,NA,NA,NA,250.893262841323
"China",0,0.08,FALSE,FALSE,150,"BES",5047265.61701538,NA,NA,-80.7244144750211,-45.3843862030211,-62.9609573806616,NA,43.3333333333333,60.7580515601347,2.91638647488646,46.5,0,0.564415181222222,0,1.472501178,47.2134806543875,NA,74.8212902516409,195.201053586963,0,147.863242123301
"China",0,0.08,FALSE,FALSE,150,"BECCS",NA,NA,NA,NA,NA,NA,NA,43.3333333333333,77.1912934726282,3.85956467363141,46.5,NA,NA,NA,1.3743344328,NA,NA,NA,NA,NA,187.855841711075
"China",0,0.08,FALSE,FALSE,150,"BEBCS",NA,NA,NA,NA,NA,NA,NA,43.3333333333333,94.6051418517715,22.3240058517718,46.5,0,NA,NA,0.75264329023612,NA,NA,NA,NA,NA,250.893262841323
"Europe",0,0.08,FALSE,FALSE,150,"BES",4775784.34972742,62077.7171582741,244183.980609254,-91.0154026950212,6.16967505297887,-47.562694608875,NA,43.3333333333333,60.7580515601347,2.91638647488646,71.516,0,0.165682801090056,0,1.472501178,87.6277434261666,NA,91.8100712276789,2378.73621510317,0,147.863242123301
"Europe",0,0.08,FALSE,FALSE,150,"BECCS",NA,NA,NA,NA,NA,NA,NA,43.3333333333333,77.1912934726282,3.85956467363141,71.516,NA,NA,NA,1.3743344328,NA,NA,NA,NA,NA,187.855841711075
"Europe",0,0.08,FALSE,FALSE,150,"BEBCS",NA,NA,NA,NA,NA,NA,NA,43.3333333333333,94.6051418517715,22.3240058517718,71.516,0,NA,NA,0.75264329023612,NA,NA,NA,NA,NA,250.893262841323
"India",0,0.08,FALSE,FALSE,150,"BES",2911381.60340781,NA,NA,-63.9994026950211,-31.6043767790211,-49.8920200028401,NA,43.3333333333333,60.7580515601347,2.91638647488646,44.5,0,0.846547494614705,0,1.472501178,58.282418032174,NA,73.4630570428115,127.78307032166,0,147.863242123301
"India",0,0.08,FALSE,FALSE,150,"BECCS",NA,NA,NA,NA,NA,NA,NA,43.3333333333333,77.1912934726282,3.85956467363141,44.5,NA,NA,NA,1.3743344328,NA,NA,NA,NA,NA,187.855841711075
"India",0,0.08,FALSE,FALSE,150,"BEBCS",NA,NA,NA,NA,NA,NA,NA,43.3333333333333,94.6051418517715,22.3240058517718,44.5,0,NA,NA,0.75264329023612,NA,NA,NA,NA,NA,250.893262841323
"US",50,0.08,FALSE,FALSE,150,"BES",4915590.06746497,253021.542102403,293166.536016144,-103.002998453584,6.4878204141377,-68.4446039852673,NA,43.3333333333333,60.7580515601347,2.91638647488646,106.56,0,0.498625426471442,24.9312713235719,1.472501178,76.8585627261823,NA,115.609033512788,398.560637442025,0,147.863242123301
"US",50,0.08,FALSE,FALSE,150,"BECCS",567207.439794034,NA,NA,-102.875134155437,-19.5679379717192,-59.3074812152598,207.217306320708,43.3333333333333,77.1912934726282,3.85956467363141,106.56,45.3063644993629,2.09512104759102,104.756052379554,1.3743344328,68.8536890508098,NA,169.476378592282,111.932174956022,1.32267742903477,187.855841711075
"US",50,0.08,FALSE,FALSE,150,"BEBCS",108919.318236022,NA,NA,-100.453918152843,-47.5847678148008,-78.8408852362065,NA,43.3333333333333,94.6051418517715,22.3240058517718,106.56,0,0.90842899631611,45.4214498158055,0.75264329023612,33.7432248632948,65.4835877882364,209.9341905589,247.907376861467,1.5428858405592,250.893262841323
"China",50,0.08,FALSE,FALSE,150,"BES",4753858.55948009,NA,NA,-52.5036554139181,-17.1636271419181,-34.9462432108562,NA,43.3333333333333,60.7580515601347,2.91638647488646,46.5,0,0.564415181222174,28.2207590610963,1.472501178,47.0074357630815,NA,74.8212902516409,195.201053586917,0,147.863242123301
"China",50,0.08,FALSE,FALSE,150,"BECCS",192674.410456132,12434.656945195,2043663.62404963,-31.5768749266955,8.93606400807732,-12.6947551957735,206.18524215472,43.3333333333333,77.1912934726282,3.85956467363141,46.5,45.2148648246798,2.11049861358506,105.524930679249,1.3743344328,54.5460370959149,NA,125.708647653509,81.8601452087514,1.3323854883744,187.855841711075
"China",50,0.08,FALSE,FALSE,150,"BEBCS",100732.647079448,NA,NA,-52.4572502682731,-9.70842347290062,-41.4658451218055,NA,43.3333333333333,94.6051418517715,22.3240058517718,46.5,0,1.02192825446317,51.0964127231584,0.75264329023612,18.547387116785,52.3195027417942,147.625902473523,160.258898420088,1.61127112986824,250.893262841323
"Europe",50,0.08,FALSE,FALSE,150,"BES",4471608.39916367,367614.280393799,5756637.41408369,-89.7739455747075,25.1646747540257,-39.5757951714676,NA,43.3333333333333,60.7580515601347,2.91638647488646,71.516,0,0.174178518398065,8.70892591990335,1.472501178,86.9057169436816,NA,91.8100712276789,2324.8753930406,0,147.863242123301
"Europe",50,0.08,FALSE,FALSE,150,"BECCS",303980.707652313,7701.26604651621,159039.194632281,-67.6897772208654,8.32870452594682,-25.5221412563843,211.367753097393,43.3333333333333,77.1912934726282,3.85956467363141,71.516,45.6465368395162,1.62485400356894,81.2427001784486,1.3743344328,91.4485535509418,NA,144.225008305981,121.992078432823,1.02579166891986,187.855841711075
"Europe",50,0.08,FALSE,FALSE,150,"BEBCS",195.242911395454,NA,NA,-70.4637909365752,-69.882607866795,-70.1731994016851,NA,43.3333333333333,94.6051418517715,22.3240058517718,71.516,0,0.686875845033607,34.3437922516804,0.75264329023612,31.6110181899171,52.3171378602609,180.866569342,274.351186527573,1.22049704838225,250.893262841323
"India",50,0.08,FALSE,FALSE,150,"BES",2762926.13152938,307921.761233617,12586256.8762003,-21.6720279642652,10.7229979517348,-7.57973493268608,NA,43.3333333333333,60.7580515601347,2.91638647488646,44.5,0,0.846547494614776,42.3273747307471,1.472501178,58.2673283715754,NA,73.4630570428115,127.78307032166,0,147.863242123301
"India",50,0.08,FALSE,FALSE,150,"BECCS",113335.730386613,75388.1643026808,5551220.39372397,-21.6504886115947,25.6262914778734,2.62255100467385,209.502770881552,43.3333333333333,77.1912934726282,3.85956467363141,44.5,45.4648956666075,2.37382210608526,118.69110530426,1.3743344328,54.9471995132809,NA,124.435326461586,72.042362978453,1.49862506697301,187.855841711075
"India",50,0.08,FALSE,FALSE,150,"BEBCS",35119.7414918592,990.50470263866,975.861452061702,-9.02279385605806,1.59823461294872,-4.56155788698189,NA,43.3333333333333,94.6051418517715,22.3240058517718,44.5,0,1.0493642004352,52.4682100217601,0.75264329023612,29.4856292759797,74.9137505188215,114.948739073433,153.835565888476,2.02274565031168,250.893262841323
"US",100,0.08,FALSE,FALSE,150,"BES",1873282.16066634,279277.52398205,293214.718675506,-91.4675992672044,32.5437565328497,-38.2357743127082,NA,43.3333333333333,60.7580515601347,2.91638647488646,106.56,0,0.463602335493711,46.3602335493722,1.472501178,85.6384301729415,NA,115.609033512788,437.319116443537,0,147.863242123301
"US",100,0.08,FALSE,FALSE,150,"BECCS",2452054.31315351,1614964.42680852,6134084.7268885,-85.195807277758,110.114777443242,14.2894095042941,517.22947809246,43.3333333333333,77.1912934726282,3.85956467363141,106.56,77.154253877151,2.11795555534413,211.795555534424,1.3743344328,67.25896599328,NA,192.649696976587,125.967647193756,1.33709315362645,187.855841711075
"US",100,0.08,FALSE,FALSE,150,"BEBCS",1266380.35167548,1169.32732325993,185.789467186136,-91.3657586357037,23.4840171898603,-46.4892781276284,NA,43.3333333333333,94.6051418517715,22.3240058517718,106.56,0,0.919763911971529,91.9763911971532,0.75264329023612,35.8809115715713,49.142566807191,231.645698776715,244.453848930242,1.52832677518064,250.893262841323
"China",100,0.08,FALSE,FALSE,150,"BES",2210542.74121986,397157.940969564,32086196.2662266,-24.282896352815,11.057131919185,-5.83924250679422,NA,43.3333333333333,60.7580515601347,2.91638647488646,46.5,0,0.564415181221774,56.4415181221918,1.472501178,47.8936774060166,NA,74.8212902516409,195.201053586878,0,147.863242123301
"China",100,0.08,FALSE,FALSE,150,"BECCS",678373.742233506,674298.892152545,69287343.8402633,-11.8623498940481,114.460994687329,59.2729876863613,507.495383098238,43.3333333333333,77.1912934726282,3.85956467363141,46.5,76.3648806702952,2.11049861358513,211.049861358484,1.3743344328,52.1388651444145,NA,148.374175855513,96.6196980675429,1.33238548837454,187.855841711075
"China",100,0.08,FALSE,FALSE,150,"BEBCS",2158349.13356242,933540.845722211,39455568.4231683,-24.2312623389308,43.2968272172039,-1.74112265448198,NA,43.3333333333333,94.6051418517715,22.3240058517718,46.5,0,0.995132306328154,99.5132306328155,0.75264329023612,22.3811086168566,39.7936857993863,164.268337349252,164.541541306355,1.63792405418642,250.893262841323
"Europe",100,0.08,FALSE,FALSE,150,"BES",2941342.66434823,477376.619435335,7813338.39716272,-88.5324884543939,91.2797121510726,-13.6150593410351,NA,43.3333333333333,60.7580515601347,2.91638647488646,71.516,0,0.244450578593286,24.4450578593301,1.472501178,97.1303208346636,NA,91.8100712276789,1349.49432212226,0,147.863242123301
"Europe",100,0.08,FALSE,FALSE,150,"BECCS",1028219.45508266,747187.618096111,23810002.935989,-82.035342194995,89.9066797359292,20.1592155614353,495.57293949943,43.3333333333333,77.1912934726282,3.85956467363141,71.516,75.6845310737087,1.64328359802432,164.328359802485,1.3743344328,84.0822449789664,NA,166.081401857144,138.85432116234,1.03742651390425,187.855841711075
"Europe",100,0.08,FALSE,FALSE,150,"BEBCS",806222.230296458,NA,NA,-85.6845593295201,-11.0425966550748,-69.9670288856138,NA,43.3333333333333,94.6051418517715,22.3240058517718,71.516,0,0.763034024029553,76.3034024029548,0.75264329023612,27.852831141258,14.3218852737204,231.348986550042,247.844711004807,1.18150318350461,250.893262841323
"India",100,0.08,FALSE,FALSE,150,"BES",2080416.19471424,2080416.19471424,108272200.259162,20.6553467664907,53.0503726824907,34.8411673680792,NA,43.3333333333333,60.7580515601347,2.91638647488646,44.5,0,0.84654749461515,84.6547494615085,1.472501178,58.3608559415848,NA,73.4630570428115,127.78307032166,0,147.863242123301
"India",100,0.08,FALSE,FALSE,150,"BECCS",714685.077756343,714685.077756343,46443584.3268384,21.209087559357,144.317396782134,76.9920939591076,583.600031570565,43.3333333333333,77.1912934726282,3.85956467363141,44.5,89.027494463257,2.37382210608497,237.382210608552,1.3743344328,54.1882359601029,NA,156.132559505437,90.3936112396344,1.49862506697292,187.855841711075
"India",100,0.08,FALSE,FALSE,150,"BEBCS",116280.330937237,116280.330937237,5275667.17753395,20.8096834732313,54.0209758201455,41.4468291346982,NA,43.3333333333333,94.6051418517715,22.3240058517718,44.5,0,1.05321425308318,105.321425308318,0.75264329023612,29.7512792221946,67.8032723077292,124.396080600734,153.27692371931,2.01531078416337,250.893262841323
"US",150,0.08,FALSE,FALSE,150,"BES",273455.28047097,248622.412784821,280469.767209161,-82.2115548839195,35.2516215923494,22.4832121485822,NA,43.3333333333333,60.7580515601347,2.91638647488646,106.56,0,0.36755704505021,55.1335567575326,1.472501178,137.58409342607,NA,115.609033512788,520.627095402012,0,147.863242123301
"US",150,0.08,FALSE,FALSE,150,"BECCS",4324373.67825901,4102832.77640065,13909788.6326907,-65.2299829431088,239.797492858203,78.7980858748948,824.58456106782,43.3333333333333,77.1912934726282,3.85956467363141,106.56,114.348925666827,2.08030705926013,312.046058888998,1.3743344328,68.7118107989901,NA,219.713467556721,146.456856287143,1.31332516367427,187.855841711075
"US",150,0.08,FALSE,FALSE,150,"BEBCS",993887.866765411,374911.056759602,196332.946363204,-66.9967335526503,69.1450862857342,-9.92196265243428,NA,43.3333333333333,94.6051418517715,22.3240058517718,106.56,0,0.943507730455594,141.526159568339,0.75264329023612,36.5477631015821,35.4932623811893,249.780856032578,239.623374096584,1.49195433677384,250.893262841323
"China",150,0.08,FALSE,FALSE,150,"BES",136184.951132638,136184.951132638,14428916.2485004,3.93786270828808,32.2098853258881,16.8363960112812,NA,43.3333333333333,60.7580515601347,2.91638647488646,46.5,0,0.564415181222071,84.6622771833073,1.472501178,42.3485568629945,NA,74.8212902516409,195.201053586963,0,147.863242123301
"China",150,0.08,FALSE,FALSE,150,"BECCS",1452458.0674492,1452458.0674492,130791661.548938,22.9178846349919,219.985925366581,112.287309020431,870.49330481933,43.3333333333333,77.1912934726282,3.85956467363141,46.5,126.877326234362,2.11049861358432,316.574792037724,1.3743344328,50.1407013633037,NA,185.128290689962,120.553589916098,1.33238548837463,187.855841711075
"China",150,0.08,FALSE,FALSE,150,"BEBCS",3458622.5984341,3458622.5984341,109099836.136236,10.3421188434752,96.3020779073084,41.2146858595889,NA,43.3333333333333,94.6051418517715,22.3240058517718,46.5,0,1.01403272028557,152.104908042837,0.75264329023612,22.8801655791854,29.6587599411046,177.734113221782,161.55278918788,1.61946298381393,250.893262841323
"Europe",150,0.08,FALSE,FALSE,150,"BES",884315.924450479,688209.381514388,17248342.8421769,-87.2910313340803,157.39474954812,25.2938192499008,NA,43.3333333333333,60.7580515601347,2.91638647488646,71.516,0,0.403963551106321,60.5945326659476,1.472501178,99.8897246189671,NA,91.8100712276789,947.114855261669,0,147.863242123301
"Europe",150,0.08,FALSE,FALSE,150,"BECCS",2366189.27475035,2138283.43086156,59156278.5911429,-85.1349908263032,171.484654945912,58.2194484209929,954.706110582845,43.3333333333333,77.1912934726282,3.85956467363141,71.516,132.203584617284,1.7149993200226,257.249898003528,1.3743344328,85.7399931811049,NA,207.206074422049,165.598810511611,1.08270159092339,187.855841711075
"Europe",150,0.08,FALSE,FALSE,150,"BEBCS",1525279.15052645,235374.018386385,3660364.39666073,-49.6446741201019,74.4053289694018,-20.9424487068026,NA,43.3333333333333,94.6051418517715,22.3240058517718,71.516,0,0.766069802917083,114.910470437562,0.75264329023612,37.7672543331294,14.8249742260485,230.680557084381,247.162622924406,1.21933104713261,250.893262841323
"India",150,0.08,FALSE,FALSE,150,"BES",262025.03302476,262025.03302476,11259397.5072891,74.7627309212465,89.4877427012466,75.2539699599822,NA,43.3333333333333,60.7580515601347,2.91638647488646,44.5,0,0.846547494615141,126.982124192268,1.472501178,56.4462838027404,NA,73.4630570428115,127.783070321656,0,147.863242123301
"India",150,0.08,FALSE,FALSE,150,"BECCS",2431149.01593664,2431149.01593664,133552375.877679,74.794990602572,263.008502086396,139.274358611181,992.472167421722,43.3333333333333,77.1912934726282,3.85956467363141,44.5,145.883585502828,2.37382210608488,356.073315912845,1.3743344328,54.6354863474897,NA,197.502468955887,114.344896760913,1.49862506697248,187.855841711075
"India",150,0.08,FALSE,FALSE,150,"BEBCS",218207.554446437,218207.554446437,15179678.3785657,74.7746370473341,106.443717027342,87.9623805334472,NA,43.3333333333333,94.6051418517715,22.3240058517718,44.5,0,1.05543229105516,158.314843658274,0.75264329023612,29.5416247122726,61.5350598664441,132.724345161916,152.961300239605,2.01117976155014,250.893262841323
"US",200,0.08,FALSE,FALSE,150,"BES",69902.4682740883,67479.1247316498,153828.24303312,-72.9555105006345,58.9035574054562,45.6280901009753,NA,43.3333333333333,60.7580515601347,2.91638647488646,106.56,0,0.29512847717328,59.0256954346559,1.472501178,156.836832701341,NA,115.609033512788,587.258663838259,0,147.863242123301
"US",200,0.08,FALSE,FALSE,150,"BECCS",4900845.35328438,4900477.82382065,15266692.1561525,-17.1086532926184,369.480208273164,171.161585422988,958.500030677833,43.3333333333333,77.1912934726282,3.85956467363141,106.56,126.327929578325,2.07692153218663,415.384306437269,1.3743344328,69.7160667102624,NA,228.429689478843,152.549195864801,1.31118783597643,187.855841711075
"US",200,0.08,FALSE,FALSE,150,"BEBCS",620969.003936656,497413.856409782,357977.158301787,-26.2533962445325,114.806155381608,26.2252008101702,NA,43.3333333333333,94.6051418517715,22.3240058517718,106.56,0,0.902298165776033,180.459633155206,0.75264329023612,40.8780508025741,28.3766645559334,259.236328389241,249.389294375893,1.42249440018153,250.893262841323
"China",200,0.08,FALSE,FALSE,150,"BES",5741.48187931502,5741.48187931502,181804.700761884,32.1586217693911,52.7736382613911,43.0819032352821,NA,43.3333333333333,60.7580515601347,2.91638647488646,46.5,0,0.564415181222061,112.883036244412,1.472501178,40.3733050258909,NA,74.8212902516409,195.20105358696,0,147.863242123301
"China",200,0.08,FALSE,FALSE,150,"BECCS",2934041.00005835,2934041.00005835,195122198.464567,52.776219148252,325.510856045833,167.453961879798,1409.34846973821,43.3333333333333,77.1912934726282,3.85956467363141,46.5,175.071737977618,2.11049861358381,422.09972271696,1.3743344328,47.9768352866632,NA,220.195746320153,143.389147083979,1.33238548837408,187.855841711075
"China",200,0.08,FALSE,FALSE,150,"BEBCS",2107483.13507811,2107483.13507811,59016410.7683466,45.9120230748298,149.307328597413,88.2835999994683,NA,43.3333333333333,94.6051418517715,22.3240058517718,46.5,0,1.00967886323368,201.935772646737,0.75264329023612,21.0978716386206,28.6791034176526,179.035734502619,162.25683871164,1.6238389944459,250.893262841323
"Europe",200,0.08,FALSE,FALSE,150,"BES",181899.879033176,178760.404015054,2263644.95410746,-86.0495742137667,223.509786945166,128.937586346954,NA,43.3333333333333,60.7580515601347,2.91638647488646,71.516,0,0.850837536575473,170.167507315095,1.472501178,93.9605170668804,NA,91.8100712276789,244.89813325853,0,147.863242123301
"Europe",200,0.08,FALSE,FALSE,150,"BECCS",3257473.47534603,3239249.79680789,87199640.3030089,-82.6809196566869,266.363729908708,122.918309233165,1256.81895958145,43.3333333333333,77.1912934726282,3.85956467363141,71.516,157.670139762351,1.73939555286593,347.87911057333,1.3743344328,85.2761965685616,NA,225.736174910898,177.974352965477,1.09810325307192,187.855841711075
"Europe",200,0.08,FALSE,FALSE,150,"BEBCS",1336410.99534806,1083831.65451008,17258997.3787471,-15.5772421287103,154.804992942153,19.7976519600218,NA,43.3333333333333,94.6051418517715,22.3240058517718,71.516,0,0.764550774375803,152.910154875159,0.75264329023612,39.4507269186701,15.8819178697364,229.27624822068,248.159039628504,1.22977749653541,250.893262841323
"India",200,0.08,FALSE,FALSE,150,"BES",30753.8840733739,30753.8840733739,84812.171682951,117.090105652002,122.980110364002,117.110557057252,NA,43.3333333333333,60.7580515601347,2.91638647488646,44.5,0,0.846547494615121,169.309498923023,1.472501178,55.9754961692498,NA,73.4630570428115,127.783070321651,0,147.863242123301
"India",200,0.08,FALSE,FALSE,150,"BECCS",2803039.43027669,2803039.43027669,159174434.084056,117.143009676364,381.699607390657,247.462678660918,1137.62710389245,43.3333333333333,77.1912934726282,3.85956467363141,44.5,156.235306911115,2.37382210608488,474.764421217134,1.3743344328,54.4844225012529,NA,205.034639555146,118.705679054476,1.49862506697279,187.855841711075
"India",200,0.08,FALSE,FALSE,150,"BEBCS",77588.2890577908,77588.2890577908,732205.507796654,117.09484079542,136.178399637276,123.708128392197,NA,43.3333333333333,94.6051418517715,22.3240058517718,44.5,0,1.15091621107621,230.183242215242,0.75264329023612,28.6193135237141,26.3347203567837,179.493299281759,140.492832541033,1.86016293903312,250.893262841323
"US",0,0.15,FALSE,FALSE,150,"BES",5591716.82549485,NA,NA,-166.257772638503,-53.7586826393029,-139.395146149385,NA,43.3333333333333,104.173484942083,5.00032727721998,106.56,0,0.502275542548143,0,1.472501178,76.3386660699158,NA,146.508414011811,501.76601066593,0,147.863242123301
"US",0,0.15,FALSE,FALSE,150,"BECCS",NA,NA,NA,NA,NA,NA,NA,43.3333333333333,132.349307486794,6.61746537433969,106.56,NA,NA,NA,1.3743344328,NA,NA,NA,NA,NA,187.855841711075
"US",0,0.15,FALSE,FALSE,150,"BEBCS",NA,NA,NA,NA,NA,NA,NA,43.3333333333333,154.5324122006,23.5257186347077,106.56,0,NA,NA,0.75264329023612,NA,NA,NA,NA,NA,250.893262841323
"China",0,0.15,FALSE,FALSE,150,"BES",5047265.61701538,NA,NA,-126.223788659303,-90.8837603873029,-108.460331564911,NA,43.3333333333333,104.173484942083,5.00032727721998,46.5,0,0.564415181222222,0,1.472501178,47.2134806543875,NA,105.720670750664,275.814360418759,0,147.863242123301
"China",0,0.15,FALSE,FALSE,150,"BECCS",NA,NA,NA,NA,NA,NA,NA,43.3333333333333,132.349307486794,6.61746537433969,46.5,NA,NA,NA,1.3743344328,NA,NA,NA,NA,NA,187.855841711075
"China",0,0.15,FALSE,FALSE,150,"BEBCS",NA,NA,NA,NA,NA,NA,NA,43.3333333333333,154.5324122006,23.5257186347077,46.5,0,NA,NA,0.75264329023612,NA,NA,NA,NA,NA,250.893262841323
"Europe",0,0.15,FALSE,FALSE,150,"BES",4775784.34972742,NA,NA,-136.514776879303,-39.3296991313028,-93.0620687931351,NA,43.3333333333333,104.173484942083,5.00032727721998,71.516,0,0.165682801090056,0,1.472501178,87.6277434261666,NA,122.709451726702,3179.31805143382,0,147.863242123301
"Europe",0,0.15,FALSE,FALSE,150,"BECCS",NA,NA,NA,NA,NA,NA,NA,43.3333333333333,132.349307486794,6.61746537433969,71.516,NA,NA,NA,1.3743344328,NA,NA,NA,NA,NA,187.855841711075
"Europe",0,0.15,FALSE,FALSE,150,"BEBCS",NA,NA,NA,NA,NA,NA,NA,43.3333333333333,154.5324122006,23.5257186347077,71.516,0,NA,NA,0.75264329023612,NA,NA,NA,NA,NA,250.893262841323
"India",0,0.15,FALSE,FALSE,150,"BES",2911381.60340781,NA,NA,-109.498776879303,-77.1037509633029,-95.3913941871157,NA,43.3333333333333,104.173484942083,5.00032727721998,44.5,0,0.846547494614705,0,1.472501178,58.282418032174,NA,104.362437541835,181.530053773495,0,147.863242123301
"India",0,0.15,FALSE,FALSE,150,"BECCS",NA,NA,NA,NA,NA,NA,NA,43.3333333333333,132.349307486794,6.61746537433969,44.5,NA,NA,NA,1.3743344328,NA,NA,NA,NA,NA,187.855841711075
"India",0,0.15,FALSE,FALSE,150,"BEBCS",NA,NA,NA,NA,NA,NA,NA,43.3333333333333,154.5324122006,23.5257186347077,44.5,0,NA,NA,0.75264329023612,NA,NA,NA,NA,NA,250.893262841323
"US",50,0.15,FALSE,FALSE,150,"BES",5524831.84532173,NA,NA,-148.502372637866,-39.011553770144,-114.243735985102,NA,43.3333333333333,104.173484942083,5.00032727721998,106.56,0,0.502811242042386,25.1405621021184,1.472501178,76.3495141321045,NA,146.508414011811,501.501025655716,0,147.863242123301
"US",50,0.15,FALSE,FALSE,150,"BECCS",66884.9801731742,NA,NA,-128.286291234144,-82.0611017724185,-112.903216803037,66.4799757494245,43.3333333333333,132.349307486794,6.61746537433969,106.56,38.3396547469364,2.0110599046146,100.552995230731,1.3743344328,70.4102155743027,NA,206.548290454846,141.842959341146,1.26960852564054,187.855841711075
"US",50,0.15,FALSE,FALSE,150,"BEBCS",NA,NA,NA,NA,NA,NA,NA,43.3333333333333,154.5324122006,23.5257186347077,106.56,0,NA,NA,0.75264329023612,NA,NA,NA,NA,NA,250.893262841323
"China",50,0.15,FALSE,FALSE,150,"BES",5018040.81059574,NA,NA,-98.0030295981998,-62.6630013261998,-80.3104610107391,NA,43.3333333333333,104.173484942083,5.00032727721998,46.5,0,0.564415181222218,28.2207590610999,1.472501178,47.1425921474845,NA,105.720670750664,275.814360418756,0,147.863242123301
"China",50,0.15,FALSE,FALSE,150,"BECCS",29224.8064196447,NA,NA,-74.3223302693168,-49.6454108039065,-62.8853912160424,69.4556769174887,43.3333333333333,132.349307486794,6.61746537433969,46.5,38.7181340793249,2.11049861358504,105.524930679251,1.3743344328,55.7745850451641,NA,163.122527959745,106.223669372444,1.33238548837439,187.855841711075
"China",50,0.15,FALSE,FALSE,150,"BEBCS",NA,NA,NA,NA,NA,NA,NA,43.3333333333333,154.5324122006,23.5257186347077,46.5,0,NA,NA,0.75264329023612,NA,NA,NA,NA,NA,250.893262841323
"Europe",50,0.15,FALSE,FALSE,150,"BES",4743334.95516017,NA,NA,-135.273319758989,-20.334699430256,-84.8254834700744,NA,43.3333333333333,104.173484942083,5.00032727721998,71.516,0,0.166535137925332,8.32675689626664,1.472501178,87.5375718530072,NA,122.709451726702,3172.20503751812,0,147.863242123301
"Europe",50,0.15,FALSE,FALSE,150,"BECCS",32449.3945672791,NA,NA,-90.4871822759325,-50.2631051012972,-73.4955563181902,64.4531495893635,43.3333333333333,132.349307486794,6.61746537433969,71.516,38.0380887765913,1.62503755287696,81.2518776438473,1.3743344328,93.7734276756868,NA,180.829975373171,152.936297553107,1.02590754600817,187.855841711075
"Europe",50,0.15,FALSE,FALSE,150,"BEBCS",NA,NA,NA,NA,NA,NA,NA,43.3333333333333,154.5324122006,23.5257186347077,71.516,0,NA,NA,0.75264329023612,NA,NA,NA,NA,NA,250.893262841323
"India",50,0.15,FALSE,FALSE,150,"BES",2894699.34399201,NA,NA,-67.171402148547,-34.776376232547,-53.08283983248,NA,43.3333333333333,104.173484942083,5.00032727721998,44.5,0,0.846547494614712,42.3273747307461,1.472501178,58.2635976560582,NA,104.362437541835,181.530053773493,0,147.863242123301
"India",50,0.15,FALSE,FALSE,150,"BECCS",16682.2594157977,NA,NA,-52.2654577332077,-33.0168434905188,-44.3354180318192,59.0987543195918,43.3333333333333,132.349307486794,6.61746537433969,44.5,37.202125091225,2.37382210608522,118.691105304261,1.3743344328,57.6423746162781,NA,160.564192154292,92.9593238628457,1.498625066973,187.855841711075
"India",50,0.15,FALSE,FALSE,150,"BEBCS",NA,NA,NA,NA,NA,NA,NA,43.3333333333333,154.5324122006,23.5257186347077,44.5,0,NA,NA,0.75264329023612,NA,NA,NA,NA,NA,250.893262841323
"US",100,0.15,FALSE,FALSE,150,"BES",3925068.34251239,NA,NA,-136.966973451486,-12.955617651432,-90.7806932582893,NA,43.3333333333333,104.173484942083,5.00032727721998,106.56,0,0.464788550698811,46.4788550698777,1.472501178,78.4742638911333,NA,146.508414011811,536.493429107471,0,147.863242123301
"US",100,0.15,FALSE,FALSE,150,"BECCS",1628714.3757567,79766.2206535046,367382.338831391,-130.024335326627,47.6216136425426,-42.9820692504253,386.492630106639,43.3333333333333,132.349307486794,6.61746537433969,106.56,78.817707374266,2.14681519289707,214.681519289705,1.3743344328,66.6808916952679,NA,236.00113079798,152.029913782422,1.35531262177851,187.855841711075
"US",100,0.15,FALSE,FALSE,150,"BEBCS",37934.1072261853,NA,NA,-136.799516075992,-96.9001129632325,-129.426522565347,NA,43.3333333333333,154.5324122006,23.5257186347077,106.56,0,0.817626795278385,81.7626795278385,0.75264329023612,31.0702006736661,42.3587280684566,321.878113987901,348.764391277899,1.3308143733394,250.893262841323
"China",100,0.15,FALSE,FALSE,150,"BES",4557259.77502687,NA,NA,-69.7822705370967,-34.4422422650967,-52.8547648851368,NA,43.3333333333333,104.173484942083,5.00032727721998,46.5,0,0.56441518122214,56.4415181221869,1.472501178,46.3775292119592,NA,105.720670750664,275.814360418704,0,147.863242123301
"China",100,0.15,FALSE,FALSE,150,"BECCS",453075.478720358,230846.87560101,25561989.7144916,-48.9872739211639,55.8795198753453,1.19449252324085,373.797296887518,43.3333333333333,132.349307486794,6.61746537433969,46.5,77.2644137629342,2.11049861358511,211.049861358487,1.3743344328,52.8758177888033,NA,191.169762143551,124.48773239314,1.33238548837445,187.855841711075
"China",100,0.15,FALSE,FALSE,150,"BEBCS",36930.3632683897,NA,NA,-69.7730695277607,-36.4974502062593,-57.8724937239021,NA,43.3333333333333,154.5324122006,23.5257186347077,46.5,0,1.06677382465562,106.677382465562,0.75264329023612,19.307477461925,40.7007771839183,244.282193220256,210.609048406192,1.56858672265405,250.893262841323
"Europe",100,0.15,FALSE,FALSE,150,"BES",4058905.88335358,151715.466456931,1713097.25813441,-134.031862638676,45.7803379667909,-75.4079187342822,NA,43.3333333333333,104.173484942083,5.00032727721998,71.516,0,0.185687223491975,18.5687223491986,1.472501178,86.7131711358027,NA,122.709451726702,3025.74285152482,0,147.863242123301
"Europe",100,0.15,FALSE,FALSE,150,"BECCS",708610.578275843,77261.6125770965,2830947.09208374,-128.013683964144,31.3148701086852,-36.3511053092678,365.93337982741,43.3333333333333,132.349307486794,6.61746537433969,71.516,76.2549074429129,1.63507158650962,163.507158651004,1.3743344328,86.8794163437964,NA,208.637485506248,175.359819164003,1.03224216320058,187.855841711075
"Europe",100,0.15,FALSE,FALSE,150,"BEBCS",8267.88809810491,NA,NA,-133.176879008139,-109.077995403268,-118.617166890964,NA,43.3333333333333,154.5324122006,23.5257186347077,71.516,0,0.730168609235243,73.0168609235243,0.75264329023612,29.0458869762552,28.8942160445639,293.206513169754,343.389550421696,1.19658999227438,250.893262841323
"India",100,0.15,FALSE,FALSE,150,"BES",2568530.09028412,307921.761233617,12586256.8762003,-24.8440274177911,7.55099849820891,-10.6021240170635,NA,43.3333333333333,104.173484942083,5.00032727721998,44.5,0,0.84654749461488,84.6547494614974,1.472501178,58.4169387407223,NA,104.362437541835,181.530053773452,0,147.863242123301
"India",100,0.15,FALSE,FALSE,150,"BECCS",342851.513123683,295666.726558074,21584926.4781966,-24.7066935327138,85.6742618137422,25.6253519805283,407.949838591805,43.3333333333333,132.349307486794,6.61746537433969,44.5,81.7034845738145,2.3738221060851,237.38221060853,1.3743344328,53.4133988069546,NA,192.944490879635,111.70603591364,1.49862506697304,187.855841711075
"India",100,0.15,FALSE,FALSE,150,"BEBCS",NA,NA,NA,NA,NA,NA,NA,43.3333333333333,154.5324122006,23.5257186347077,44.5,0,NA,NA,0.75264329023612,NA,NA,NA,NA,NA,250.893262841323
"US",150,0.15,FALSE,FALSE,150,"BES",811693.237078761,2190.21809235306,22.1622700011058,-127.710929068201,13.10031846728,-47.2673313084045,NA,43.3333333333333,104.173484942083,5.00032727721998,106.56,0,0.464764517682394,69.7146776523615,1.472501178,98.7518032585393,NA,146.508414011811,543.106081085032,0,147.863242123301
"US",150,0.15,FALSE,FALSE,150,"BECCS",4392003.70660721,2007886.29365165,7113784.51788863,-123.145897657983,177.304329057504,7.86104800424211,826.315103433037,43.3333333333333,132.349307486794,6.61746537433969,106.56,126.421778122129,2.0771587545845,311.573813187653,1.3743344328,68.2357857998569,NA,270.639039600773,180.484020198032,1.31133759759118,187.855841711075
"US",150,0.15,FALSE,FALSE,150,"BEBCS",388019.881809441,NA,NA,-127.674284417057,-9.47554556483158,-91.9140229100518,NA,43.3333333333333,154.5324122006,23.5257186347077,106.56,0,0.892699267453306,133.904890117996,0.75264329023612,33.0647838716111,25.7344339356489,343.965993264142,321.072375361565,1.40101423938141,250.893262841323
"China",150,0.15,FALSE,FALSE,150,"BES",2024035.51412131,NA,NA,-41.5615114759937,-6.22148320399367,-23.2030480952082,NA,43.3333333333333,104.173484942083,5.00032727721998,46.5,0,0.564415181221839,84.6622771832793,1.472501178,47.8084869407897,NA,105.720670750664,275.814360418444,0,147.863242123301
"China",150,0.15,FALSE,FALSE,150,"BECCS",1590904.11906452,1210025.76756629,113246394.269244,-38.4463552597861,161.404450554597,40.1194939489546,918.808335473739,43.3333333333333,132.349307486794,6.61746537433969,46.5,140.840363271155,2.11049861358423,316.574792037723,1.3743344328,49.8518380434928,NA,237.429208164047,154.611395635082,1.33238548837464,187.855841711075
"China",150,0.15,FALSE,FALSE,150,"BEBCS",1432325.98383,24632.872981812,47772.6855818124,-41.3616068464443,16.5078004838452,-23.5840564370079,NA,43.3333333333333,154.5324122006,23.5257186347077,46.5,0,1.0180218701974,152.70328052961,0.75264329023612,20.2932789545466,27.9775149141425,261.186963959373,220.919900139362,1.61414021647902,250.893262841323
"Europe",150,0.15,FALSE,FALSE,150,"BES",1629343.05516049,248845.870371753,3736004.09368583,-132.790405518362,111.895375363838,-34.9087162803723,NA,43.3333333333333,104.173484942083,5.00032727721998,71.516,0,0.305713536978388,45.8570305467652,1.472501178,99.924065392177,NA,122.709451726702,1544.65737606544,0,147.863242123301
"Europe",150,0.15,FALSE,FALSE,150,"BECCS",2236544.73439973,840874.130983487,26687101.2659487,-130.523957701822,112.892845318668,-6.58511185856562,908.707169617507,43.3333333333333,132.349307486794,6.61746537433969,71.516,136.63089675023,1.70147307246664,255.220960870112,1.3743344328,85.3075968827776,NA,252.56856069899,204.007796001715,1.07416229322379,187.855841711075
"Europe",150,0.15,FALSE,FALSE,150,"BEBCS",909896.560166997,NA,NA,-108.61798911099,-41.7615206410947,-94.3844906149449,NA,43.3333333333333,154.5324122006,23.5257186347077,71.516,0,0.756995589635832,113.549338445374,0.75264329023612,30.0271469838478,11.6131547911463,316.167006510498,330.82662021893,1.18756913835415,250.893262841323
"India",150,0.15,FALSE,FALSE,150,"BES",653570.953215249,653570.953215249,34183766.0510227,26.3183543809648,49.8783732289648,30.4454944719726,NA,43.3333333333333,104.173484942083,5.00032727721998,44.5,0,0.846547494615147,126.982124192281,1.472501178,57.1371824990048,NA,104.362437541835,181.530053773515,0,147.863242123301
"India",150,0.15,FALSE,FALSE,150,"BECCS",2257810.65019254,2257810.65019254,125807685.712511,22.0511475566457,204.365367118003,79.2297504336578,932.593401694098,43.3333333333333,132.349307486794,6.61746537433969,44.5,148.098922996187,2.37382210608488,356.073315912844,1.3743344328,54.7221303781971,NA,241.255467333235,139.675881780426,1.49862506697254,187.855841711075
"India",150,0.15,FALSE,FALSE,150,"BEBCS",NA,NA,NA,NA,NA,NA,NA,43.3333333333333,154.5324122006,23.5257186347077,44.5,0,NA,NA,0.75264329023612,NA,NA,NA,NA,NA,250.893262841323
"US",200,0.15,FALSE,FALSE,150,"BES",158120.058894877,153463.301807891,249317.755942426,-118.454884684916,13.4041832211744,2.07242336378632,NA,43.3333333333333,104.173484942083,5.00032727721998,106.56,0,0.30750478643304,61.5009572866078,1.472501178,156.305278296482,NA,146.508414011811,728.754960351117,0,147.863242123301
"US",200,0.15,FALSE,FALSE,150,"BECCS",4938374.5389881,4722239.21903705,15013516.7322505,-75.0245680074924,306.987044472465,101.799165688877,969.809624888033,43.3333333333333,132.349307486794,6.61746537433969,106.56,137.548951234765,2.07705743848887,415.41148769772,1.3743344328,69.4634020870161,NA,278.735448194689,185.899011627271,1.31127363540966,187.855841711075
"US",200,0.15,FALSE,FALSE,150,"BEBCS",495222.227612105,17796.3768583533,4445.29442801619,-87.3823793762969,36.1855235310424,-47.9670175167202,NA,43.3333333333333,154.5324122006,23.5257186347077,106.56,0,0.898884789641978,179.776957928396,0.75264329023612,36.1168786993247,20.7572766908673,350.578896493798,318.527532609909,1.40839037446356,250.893262841323
"China",200,0.15,FALSE,FALSE,150,"BES",97437.6392278989,19891.6903739944,1849162.11407985,-13.3407524148906,7.27426407710939,-2.33897278014062,NA,43.3333333333333,104.173484942083,5.00032727721998,46.5,0,0.564415181222057,112.883036244413,1.472501178,40.4518031947505,NA,105.720670750664,275.814360418588,0,147.863242123301
"China",200,0.15,FALSE,FALSE,150,"BECCS",3098728.10541832,3098728.10541832,200751501.654563,1.50150474075474,266.929381233849,101.211155143846,1455.19648781642,43.3333333333333,132.349307486794,6.61746537433969,46.5,183.272078230626,2.11049861358378,422.09972271696,1.3743344328,47.8502835185917,NA,268.303581931299,174.716462128063,1.33238548837392,187.855841711075
"China",200,0.15,FALSE,FALSE,150,"BEBCS",1851099.8723696,1832559.57496139,40772672.8041024,-4.4402620927745,69.5130511739498,21.4237389138907,NA,43.3333333333333,154.5324122006,23.5257186347077,46.5,0,1.01319687747081,202.639375494162,0.75264329023612,20.7690359560132,22.5734582990223,268.367067316736,222.143627090063,1.62010930473932,250.893262841323
"Europe",200,0.15,FALSE,FALSE,150,"BES",225686.267582497,219318.416492693,2434770.16211198,-131.548948398048,178.010412760885,77.720811975291,NA,43.3333333333333,104.173484942083,5.00032727721998,71.516,0,0.822312968963513,164.462593792705,1.472501178,93.9480304018935,NA,122.709451726702,332.324078125337,0,147.863242123301
"Europe",200,0.15,FALSE,FALSE,150,"BECCS",3347159.16037951,2849511.30819608,78448727.9519884,-129.758703023905,208.447815193834,56.3678700307017,1280.56875954647,43.3333333333333,132.349307486794,6.61746537433969,71.516,165.401348637045,1.73714847773281,347.429695546696,1.3743344328,84.8222959823013,NA,273.50265883419,216.470584656755,1.09668464503333,187.855841711075
"Europe",200,0.15,FALSE,FALSE,150,"BEBCS",1202938.92176521,97.9466045133972,361.94132704624,-77.3133252496372,1.43177968620762,-46.8941514946767,NA,43.3333333333333,154.5324122006,23.5257186347077,71.516,0,0.756513459423426,151.302691884684,0.75264329023612,39.3880204063875,11.9892670495619,315.667284712272,331.278255583225,1.21333315978741,250.893262841323
"India",200,0.15,FALSE,FALSE,150,"BES",113391.304227242,113391.304227242,983828.146239995,71.5907314677207,80.4257385357207,71.6215252185924,NA,43.3333333333333,104.173484942083,5.00032727721998,44.5,0,0.846547494615127,169.309498923024,1.472501178,55.9858385148703,NA,104.362437541835,181.530053773497,0,147.863242123301
"India",200,0.15,FALSE,FALSE,150,"BECCS",2797990.2991806,2797990.2991806,159007623.617295,71.776654971256,323.056472422264,184.517579421565,1134.42826855344,43.3333333333333,132.349307486794,6.61746537433969,44.5,161.268719839231,2.37382210608488,474.764421217134,1.3743344328,54.4886509048863,NA,250.838139882749,145.223810923593,1.49862506697278,187.855841711075
"India",200,0.15,FALSE,FALSE,150,"BEBCS",NA,NA,NA,NA,NA,NA,NA,43.3333333333333,154.5324122006,23.5257186347077,44.5,0,NA,NA,0.75264329023612,NA,NA,NA,NA,NA,250.893262841323
"US",0,0.02,TRUE,TRUE,250,"BES",3423322.04443961,NA,NA,-131.581759194541,-32.3423790565078,-87.6495092389044,NA,214.732735315427,26.2012980234781,1.25766230512695,132.269910297315,0,0.514918597699301,0,1.472501178,72.0793613870157,NA,108.474528246468,366.859387891998,0,211.424031218349
"US",0,0.02,TRUE,TRUE,250,"BECCS",NA,NA,NA,NA,NA,NA,NA,NA,33.2879681484244,1.66439840742122,NA,NA,NA,NA,1.3743344328,NA,NA,NA,NA,NA,268.607929679724
"US",0,0.02,TRUE,TRUE,250,"BEBCS",690119.337337024,NA,NA,-121.574273997982,-57.3668660847716,-89.3152640646947,NA,278.949996879899,45.2070426719704,18.4345858548583,141.902499531985,0,0.921578178113082,0,0.75264329023612,36.4855557568134,79.7433082373059,167.145341562855,224.947027273311,1.58986703956575,358.74274277852
"China",0,0.02,TRUE,TRUE,250,"BES",4412459.34039563,NA,NA,-102.843961182668,-6.60692945186052,-29.2876910726025,NA,64.4799376266288,26.2012980234781,1.25766230512695,49.6719906439939,0,0.562300520792733,0,1.472501178,47.8432599000105,NA,52.380909519788,137.316866438968,0,211.424031218349
"China",0,0.02,TRUE,TRUE,250,"BECCS",NA,NA,NA,NA,NA,NA,NA,NA,33.2879681484244,1.66439840742122,NA,NA,NA,NA,1.3743344328,NA,NA,NA,NA,NA,268.607929679724
"China",0,0.02,TRUE,TRUE,250,"BEBCS",614123.170965858,2191.68322958499,89457.1833824527,-97.2120570500971,8.31674733112193,-31.3209286251949,NA,87.4767993376549,45.2070426719704,18.4345858548583,53.1215199006485,0,0.974601872543339,0,0.75264329023612,21.9346601141772,63.5075596881046,70.7580728218073,119.79135665237,1.64864540493768,358.74274277852
"Europe",0,0.02,TRUE,TRUE,250,"BES",4705600.67080128,855100.973022252,25591713.6730028,-113.090918488361,31.5451603107978,-18.1946849275197,NA,94.8064615171687,26.2012980234781,1.25766230512695,79.2369692275751,0,0.162681259356912,0,1.472501178,88.5012446286746,NA,72.4589773850626,Inf,0,211.424031218349
"Europe",0,0.02,TRUE,TRUE,250,"BECCS",NA,NA,NA,NA,NA,NA,NA,NA,33.2879681484244,1.66439840742122,NA,NA,NA,NA,1.3743344328,NA,NA,NA,NA,NA,268.607929679724
"Europe",0,0.02,TRUE,TRUE,250,"BEBCS",7152.37770410282,NA,NA,-46.7638686927442,-11.5692569141788,-20.1303903350994,NA,161.067213568889,45.2070426719704,18.4345858548583,89.1760820353333,0,1.08202119870105,0,0.75264329023612,47.2363169196079,85.4510033074549,89.5068196696111,142.836198566233,1.95620897718706,358.74274277852
"India",0,0.02,TRUE,TRUE,250,"BES",2452436.25673808,292513.358181308,12305937.7797011,-98.4608598395073,7.14117789844906,-17.2431230682078,NA,47.7826562118131,26.2012980234781,1.25766230512695,48.2462906821792,0,0.846102562327268,0,1.472501178,58.4621279425733,NA,51.412693002806,89.4991114871807,0,211.424031218349
"India",0,0.02,TRUE,TRUE,250,"BECCS",NA,NA,NA,NA,NA,NA,NA,NA,33.2879681484244,1.66439840742122,NA,NA,NA,NA,1.3743344328,NA,NA,NA,NA,NA,268.607929679724
"India",0,0.02,TRUE,TRUE,250,"BEBCS",457122.914588533,114392.564304977,13748753.1655249,-60.3602177232171,17.1927510236268,-10.9741443179907,NA,50.3305210801971,45.2070426719704,18.4345858548583,52.7236047642062,0,1.05717072479522,0,0.75264329023612,29.3170852133306,76.0740037597141,53.5329684779099,110.19619045507,2.00496564557829,358.74274277852
"US",50,0.02,TRUE,TRUE,250,"BES",1465419.20565628,NA,NA,-121.03125607248,-7.91943430640742,-60.5796314948237,NA,213.286105951746,26.2012980234781,1.25766230512695,132.052915892762,0,0.491576982698691,24.5788491349346,1.472501178,74.3533955916078,NA,108.327163743272,400.812787831465,0,211.424031218349
"US",50,0.02,TRUE,TRUE,250,"BECCS",1008155.82278564,2655.37210471776,35577.7197673735,-99.3588551076213,2.88474198103918,-44.6550406621763,240.922096781672,208.368044029375,33.2879681484244,1.66439840742122,131.315206604406,49.0282649391638,2.10307554747335,105.153777373668,1.3743344328,65.4870200635745,NA,156.654619837169,103.099714579837,1.32769920926348,268.607929679724
"US",50,0.02,TRUE,TRUE,250,"BEBCS",1639866.35333475,NA,NA,-109.997215679103,-7.89543522706987,-50.3054274666962,NA,246.59719328721,45.2070426719704,18.4345858548583,137.049578993082,0,0.939398801103893,46.9699400551944,0.75264329023612,36.2306165272741,67.1852234707459,177.382813055147,215.555708446325,1.58185008842641,358.74274277852
"China",50,0.02,TRUE,TRUE,250,"BES",1392886.90644982,619924.740702091,47936165.5948295,-76.5677029353666,20.6163894321306,-3.13193922193176,NA,74.4191944224612,26.2012980234781,1.25766230512695,51.1628791633694,0,0.561306595113148,28.0653297556573,1.472501178,47.4245705143828,NA,53.3933966686268,140.269203675179,0,211.424031218349
"China",50,0.02,TRUE,TRUE,250,"BECCS",615498.990016515,594933.387238801,48005916.6984779,-38.7235722585342,58.6738535745451,22.3789414993289,233.868942422239,44.2631773769054,33.2879681484244,1.66439840742122,46.6394766065359,48.2885197045352,2.11040562918068,105.520281459034,1.3743344328,46.7390229072123,NA,94.5041903682096,61.5450828215457,1.33232678609891,268.607929679724
"China",50,0.02,TRUE,TRUE,250,"BEBCS",3018196.61489542,2380863.96671851,127399432.461427,-61.132893458283,54.3694999930522,10.2602084701237,NA,68.7979712016476,45.2070426719704,18.4345858548583,50.319695680247,0,0.982208137797954,49.1104068898984,0.75264329023612,23.7904703315482,51.3206554557475,83.2275655200172,116.055431708848,1.64460666968325,358.74274277852
"Europe",50,0.02,TRUE,TRUE,250,"BES",3869857.07397879,1946626.35805515,52105250.8187896,-113.792494484706,58.6325529718656,-9.70114390908106,NA,100.820662084578,26.2012980234781,1.25766230512695,80.1390993126843,0,0.181000349649619,9.05001748248092,1.472501178,88.8468982497329,NA,73.0716289052042,Inf,0,211.424031218349
"Europe",50,0.02,TRUE,TRUE,250,"BECCS",541169.551914472,444610.39368189,19851880.8560285,-37.4184180959429,53.2775103495838,15.7630720167336,245.597132874626,50.8269907358529,33.2879681484244,1.66439840742122,72.6400486103786,49.5185896216022,1.6464050906962,82.3202545348101,1.3743344328,90.5538222697432,NA,114.317884379667,95.5604015135262,1.0393971532173,268.607929679724
"Europe",50,0.02,TRUE,TRUE,250,"BEBCS",301726.422612278,22210.7269501789,78108.1417823488,-69.0392492048378,44.0901292705702,-27.6493498022235,NA,98.1792192359439,45.2070426719704,18.4345858548583,79.7428828853913,0,0.730286649369318,36.5143324684658,0.75264329023612,33.4375204925048,45.783308649026,129.67790190832,198.665719545374,1.25642509247735,358.74274277852
"India",50,0.02,TRUE,TRUE,250,"BES",1747415.69797588,1580141.3490377,81310388.1670844,-57.9020499179149,49.5528885282401,25.1716311562565,NA,48.5180525488924,26.2012980234781,1.25766230512695,48.3767929692508,0,0.846029022693556,42.3014511346778,1.472501178,58.7059333194346,NA,51.5013192728702,89.6624517112371,0,211.424031218349
"India",50,0.02,TRUE,TRUE,250,"BECCS",445085.440038969,432746.67186029,20357774.6267533,-11.1427153517914,75.3773420542007,41.5763950201061,239.064951495705,48.9757797751481,33.2879681484244,1.66439840742122,48.2977770568285,48.8334848017534,2.37325786144104,118.662893072052,1.3743344328,54.9971303624816,NA,96.1073413152628,55.6575538467456,1.49826885191985,268.607929679724
"India",50,0.02,TRUE,TRUE,250,"BEBCS",717058.033311717,684732.192814198,56095888.707468,-19.7607244120775,70.2533730282279,37.0093396900235,NA,46.9568331695835,45.2070426719704,18.4345858548583,50.7749987085847,0,1.05924442537491,52.9622212687451,0.75264329023612,29.0826126040291,69.3811330526632,59.8364388110358,108.100141028787,2.00238871832545,358.74274277852
"US",100,0.02,TRUE,TRUE,250,"BES",108763.921467524,15036.4468212338,826.389601670098,-85.63124489716,16.5035104436929,-40.5206125937428,NA,377.993665731078,26.2012980234781,1.25766230512695,156.759049859662,0,0.381836071247246,38.1836071247246,1.472501178,105.513790469799,NA,125.105509551088,627.391286805659,0,211.424031218349
"US",100,0.02,TRUE,TRUE,250,"BECCS",3408477.23389694,2875612.88075447,12028665.0767301,-69.0059747500403,126.442897050961,32.2893909074157,488.698794066741,204.221150562643,33.2879681484244,1.66439840742122,130.693172584397,75.0154504916118,2.07292697952844,207.292697952844,1.3743344328,65.6576825864289,NA,175.110936529141,117.053171091364,1.30866602242957,268.607929679724
"US",100,0.02,TRUE,TRUE,250,"BEBCS",596200.226412208,154324.579388492,263344.28080094,-107.273027081267,42.2910095546569,-11.9271556043083,NA,321.138240348626,45.2070426719704,18.4345858548583,148.230736052294,0,0.905361138140449,90.5361138140451,0.75264329023612,38.5171881983206,70.8919069624485,187.313777250901,235.44280677565,1.54678584279036,358.74274277852
"China",100,0.02,TRUE,TRUE,250,"BES",187203.984634158,169058.091379264,11376262.4725603,-39.2773253153781,45.0390140648915,17.6030867150375,NA,99.5804148411559,26.2012980234781,1.25766230512695,54.9370622261735,0,0.558790473071279,55.879047307128,1.472501178,44.1200619626884,NA,55.9565070546778,147.894613921771,0,211.424031218349
"China",100,0.02,TRUE,TRUE,250,"BECCS",2008904.72519593,2008648.87358081,119629662.931205,-2.07815877533335,164.298733415962,95.2720012368638,502.815065431555,61.7206185972103,33.2879681484244,1.66439840742122,49.2580927895818,76.4998718506061,2.10865988505865,210.865988505864,1.3743344328,45.1163439270342,NA,116.936844017369,76.2260150869891,1.33122467491077,268.607929679724
"China",100,0.02,TRUE,TRUE,250,"BEBCS",2830473.80153144,2813220.72899539,123247336.056189,-34.5731940894521,100.422252654982,55.3219495508338,NA,69.2815302786987,45.2070426719704,18.4345858548583,50.3922295418046,0,0.982464005527386,98.2464005527397,0.75264329023612,23.8309831703284,47.2784238963943,88.694651288656,116.07262773527,1.64476837260984,358.74274277852
"Europe",100,0.02,TRUE,TRUE,250,"BES",1833595.70405403,1632199.94647416,42629835.9370479,-104.41570312788,124.106431943264,24.1361297053859,NA,85.7955209516631,26.2012980234781,1.25766230512695,77.8853281427481,0,0.285363341310401,28.5363341310402,1.472501178,100.944084045702,NA,71.5410554811487,Inf,0,211.424031218349
"Europe",100,0.02,TRUE,TRUE,250,"BECCS",1584639.74861531,1492944.52543534,47648051.6132192,-80.6845649420444,143.749501157813,58.8252476975654,558.083548537502,64.5505818864113,33.2879681484244,1.66439840742122,74.6985872829613,83.4231268459003,1.67097566461026,167.097566461025,1.3743344328,84.8017619212691,NA,140.48551508045,115.645734295497,1.05490887917314,268.607929679724
"Europe",100,0.02,TRUE,TRUE,250,"BEBCS",1294517.595836,567762.489712416,9058402.07276247,-91.0665794721589,99.7495154553191,-16.72704612229,NA,145.277089554456,45.2070426719704,18.4345858548583,86.8075634331675,0,0.762452373381768,76.2452373381767,0.75264329023612,34.7791180474113,22.6977904521239,169.736983196641,198.759766835212,1.21616766902347,358.74274277852
"India",100,0.02,TRUE,TRUE,250,"BES",500851.200652753,500370.298986212,20151947.1238081,-17.3432399963224,90.4775063540761,63.9333014375085,NA,54.2979864018856,26.2012980234781,1.25766230512695,51.6845104459907,0,0.845451029308262,84.5451029308263,1.472501178,58.5316692812792,NA,53.7476451340372,93.659855441097,0,211.424031218349
"India",100,0.02,TRUE,TRUE,250,"BECCS",2049800.2128681,2049800.2128681,114851250.142443,32.4607914743901,194.164162621511,123.643231171057,562.341846084658,47.3418836124171,33.2879681484244,1.66439840742122,48.0717868974085,85.1699717229859,2.37342125105731,237.342125105731,1.3743344328,54.4952312415707,NA,122.382239113059,70.8654649409798,1.49837200193012,268.607929679724
"India",100,0.02,TRUE,TRUE,250,"BEBCS",358907.757805738,358547.12644799,24976543.7408262,-9.2569319681827,122.046975765578,84.5965569375892,NA,44.6771744712706,45.2070426719704,18.4345858548583,50.3007076843383,0,1.07206112262343,107.206112262343,0.75264329023612,29.3218059988341,62.0109748875801,68.9986371994292,106.225207103334,1.98155862750243,358.74274277852
"US",150,0.02,TRUE,TRUE,250,"BES",NA,NA,NA,NA,NA,NA,NA,NA,26.2012980234781,1.25766230512695,NA,0,NA,NA,1.472501178,NA,NA,NA,NA,0,211.424031218349
"US",150,0.02,TRUE,TRUE,250,"BECCS",3918600.24155664,3896208.26154525,14578346.823351,-57.7093811636733,255.094219028218,126.857035530822,558.898048086806,216.560913231926,33.2879681484244,1.66439840742122,132.544136984789,82.3667645542997,2.06519218124384,309.778827186577,1.3743344328,66.9414764391777,NA,181.806743782062,122.041847739451,1.30378294270446,268.607929679724
"US",150,0.02,TRUE,TRUE,250,"BEBCS",194841.140219978,172134.499089208,115173.023158469,-65.9290154819165,46.0940603721879,20.866458723854,NA,403.524780933277,45.2070426719704,18.4345858548583,160.588717139992,0,0.87275044746675,130.912567120012,0.75264329023612,39.4854515909143,74.6987856797477,198.675205010014,257.69262583387,1.50646113562065,358.74274277852
"China",150,0.02,TRUE,TRUE,250,"BES",6310.23921790136,6310.23921790136,240450.084858867,0.773045088471278,68.0121760358442,46.7905052233608,NA,93.2122393871176,26.2012980234781,1.25766230512695,53.9818359080676,0,0.559427290616683,83.9140935925024,1.472501178,44.317207867531,NA,55.3077970010783,145.763492633664,0,211.424031218349
"China",150,0.02,TRUE,TRUE,250,"BECCS",2895379.11535462,2895379.11535462,172067762.771819,37.2899561553621,269.923613257379,181.409640624431,646.174633911325,63.9188930057087,33.2879681484244,1.66439840742122,49.5878339508561,95.4247709289097,2.1084400576178,316.266008642672,1.3743344328,45.1086034173652,NA,130.947000337436,85.3694079730885,1.33108589496074,268.607929679724
"China",150,0.02,TRUE,TRUE,250,"BEBCS",2124893.15678911,2124893.15678911,82002835.239279,12.1212353319432,146.475005316913,100.608809240589,NA,72.1409830914859,45.2070426719704,18.4345858548583,50.821147463723,0,0.979136508188772,146.870476228316,0.75264329023612,23.320544827495,44.8805641753291,92.4504512534664,116.877911812488,1.6480424411676,358.74274277852
"Europe",150,0.02,TRUE,TRUE,250,"BES",158362.319100125,149641.074578627,2548237.09817937,-104.507337137746,186.162648980762,85.2017310826758,NA,114.646194551055,26.2012980234781,1.25766230512695,82.2129291826581,0,0.691560664074426,103.734099611164,1.472501178,91.1395209827739,NA,74.4800012046328,Inf,0,211.424031218349
"Europe",150,0.02,TRUE,TRUE,250,"BECCS",2863566.7457774,2831755.97240097,80106517.5371353,-98.4961380604581,284.536777717285,110.697608851356,919.000009672713,73.1529207275812,33.2879681484244,1.66439840742122,75.9889381091355,124.379749795643,1.73074446725589,259.61167008838,1.3743344328,86.4069932236118,NA,171.225466556343,135.615242129972,1.09264170912618,268.607929679724
"Europe",150,0.02,TRUE,TRUE,250,"BEBCS",1690823.98362785,1421692.40894094,24055136.4962495,-52.5515534531212,155.679686632071,29.1592202355565,NA,132.071626137216,45.2070426719704,18.4345858548583,84.8267439205812,0,0.78511981358142,117.767972037213,0.75264329023612,41.4074491000061,18.4521715457445,172.746110392983,191.807309916164,1.26079721705412,358.74274277852
"India",150,0.02,TRUE,TRUE,250,"BES",26108.7136026918,26108.7136026918,28493.3875511984,39.2752297000504,76.6317175044632,68.6702336108764,NA,121.56348495022,26.2012980234781,1.25766230512695,85.634522742533,0,0.838724479453429,125.808671918014,1.472501178,55.9550447639999,NA,76.8036622047021,134.857663673434,0,211.424031218349
"India",150,0.02,TRUE,TRUE,250,"BECCS",2784682.36149802,2784682.36149802,158919151.379384,95.5891561900874,312.95098318882,224.832518534234,638.761751050743,46.274237023393,33.2879681484244,1.66439840742122,47.8310280617853,102.92491890767,2.37352801571622,356.029202357433,1.3743344328,54.5116297021044,NA,135.125999242374,78.2414410667954,1.49843940386124,268.607929679724
"India",150,0.02,TRUE,TRUE,250,"BEBCS",98768.0962259535,98768.0962259535,1036302.61411663,32.6762877364883,146.147348954632,102.251759818623,NA,79.9862672468575,45.2070426719704,18.4345858548583,69.6845699212827,0,1.13086403083912,169.629604625867,0.75264329023612,28.4374416202588,37.5109120206085,127.305043000441,118.050382427868,1.8782534688957,358.74274277852
"US",200,0.02,TRUE,TRUE,250,"BES",NA,NA,NA,NA,NA,NA,NA,NA,26.2012980234781,1.25766230512695,NA,0,NA,NA,1.472501178,NA,NA,NA,NA,0,211.424031218349
"US",200,0.02,TRUE,TRUE,250,"BECCS",4102070.22391613,4102070.22391613,14707184.3360322,21.037073563203,383.745541005476,224.857625560099,592.942261860533,224.285022886845,33.2879681484244,1.66439840742122,133.702753433027,85.9139203399938,2.06121366501142,412.242733002284,1.3743344328,67.1839328866795,NA,185.230780989908,124.637781265942,1.30127125316378,268.607929679724
"US",200,0.02,TRUE,TRUE,250,"BEBCS",11371.157860489,10000.9320533165,718.289304224111,-24.5850038825662,58.2897955373485,38.4070726656331,NA,420.364281764175,45.2070426719704,18.4345858548583,163.114642264626,0,0.954311362447142,190.862272489428,0.75264329023612,34.50116859147,39.7999023761896,248.399701213855,238.667712883316,1.44268160993858,358.74274277852
"China",200,0.02,TRUE,TRUE,250,"BES",3501.60457241151,3501.60457241151,132130.992247714,59.120533427931,90.7102305505048,77.1231776520438,NA,81.734048306942,26.2012980234781,1.25766230512695,52.2601072460413,0,0.5605751097247,112.11502194494,1.472501178,44.72722328175,NA,54.1385424783995,142.294745322605,0,211.424031218349
"China",200,0.02,TRUE,TRUE,250,"BECCS",3454452.40016632,3454452.40016632,199446564.058865,94.0720092393628,375.548493098796,272.370883293586,766.958546418939,63.1260431923062,33.2879681484244,1.66439840742122,49.4689064788456,110.427326420512,2.10851934259914,421.703868519827,1.3743344328,45.5156142289543,NA,141.776699182475,92.4218489578442,1.33113594861057,268.607929679724
"China",200,0.02,TRUE,TRUE,250,"BEBCS",1568628.50662281,1568628.50662281,54732353.0448454,64.7588915955207,196.745035798977,145.521424858601,NA,77.1733514570174,45.2070426719704,18.4345858548583,51.5760027185529,0,0.982019259796669,196.403851959333,0.75264329023612,22.2615043470444,42.0736997976035,97.1827323735667,117.285484223412,1.6437077860781,358.74274277852
"Europe",200,0.02,TRUE,TRUE,250,"BES",70045.8900888941,69519.5915020629,1188372.88940747,-91.0417636114358,176.776635291423,162.949115135077,NA,109.456122088805,26.2012980234781,1.25766230512695,81.4344183133209,0,0.887320875155827,177.464175031165,1.472501178,94.3783187458384,NA,73.9513015465485,486.889328406001,0,211.424031218349
"Europe",200,0.02,TRUE,TRUE,250,"BECCS",3494370.24352656,3487192.89404797,94015926.8631074,-70.280305228952,425.324054276757,179.99668284156,1110.28591387315,80.2312696967214,33.2879681484244,1.66439840742122,77.050690454506,141.862087949426,1.73491487303897,346.982974607794,1.3743344328,86.8788531935644,NA,184.718609168925,146.16195071524,1.09527454105995,268.607929679724
"Europe",200,0.02,TRUE,TRUE,250,"BEBCS",1148336.91488996,1130943.29598637,12468851.409092,-14.9857105432294,212.068849362378,68.1256804917045,NA,142.257539009031,45.2070426719704,18.4345858548583,86.3546308513549,0,0.777996099625028,155.599219925006,0.75264329023612,37.3952378810781,25.1274820638081,165.906982675953,195.981499796425,1.2664380581814,358.74274277852
"India",200,0.02,TRUE,TRUE,250,"BES",8525.37561044009,8525.37561044009,7839.25112499529,105.890697115234,118.809198564819,111.721718380382,NA,115.003127321785,26.2012980234781,1.25766230512695,84.6504690982677,0,0.839380515216272,167.876103043254,1.472501178,55.955044764,NA,76.1353750352468,133.568110771303,0,211.424031218349
"India",200,0.02,TRUE,TRUE,250,"BECCS",2812377.03495486,2812377.03495486,159187122.956398,139.306512769871,431.73780375613,342.105933513828,652.768892296619,46.4910347723123,33.2879681484244,1.66439840742122,47.9663485038671,104.152995850089,2.37350633594133,474.701267188265,1.3743344328,54.47637723537,NA,136.118041173335,78.8171503428626,1.49842571713467,268.607929679724
"India",200,0.02,TRUE,TRUE,250,"BEBCS",88656.760761395,88656.760761395,788985.173528413,84.0417864766505,196.210712584935,148.806043499532,NA,92.8137635001301,45.2070426719704,18.4345858548583,75.5994367877932,0,1.15852323919716,231.704647839432,0.75264329023612,28.6205887666677,27.7218722080535,148.17004888409,120.350772957183,1.83763255025394,358.74274277852
"US",0,0.08,TRUE,TRUE,250,"BES",4113441.38177661,NA,NA,-158.750194484793,-59.5108143467591,-116.450884616844,NA,224.883876708497,52.1253774989087,2.50201811994762,133.792581506275,0,0.512612562756849,0,1.472501178,71.9690925082879,NA,127.959135069114,426.948418938845,0,211.424031218349
"US",0,0.08,TRUE,TRUE,250,"BECCS",NA,NA,NA,NA,NA,NA,NA,NA,66.2237383946958,3.31118691973479,NA,NA,NA,NA,1.3743344328,NA,NA,NA,NA,NA,268.607929679724
"US",0,0.08,TRUE,TRUE,250,"BEBCS",NA,NA,NA,NA,NA,NA,NA,NA,81.1633784450883,19.1521486030496,NA,0,NA,NA,0.75264329023612,NA,NA,NA,NA,NA,358.74274277852
"China",0,0.08,TRUE,TRUE,250,"BES",5025247.98817207,NA,NA,-130.012396472919,-33.6056310795066,-57.4364067228963,NA,67.1594934065935,52.1253774989087,2.50201811994762,50.0739240109891,0,0.562032565214735,0,1.472501178,47.2649129069675,NA,71.1044046647577,186.452386231475,0,211.424031218349
"China",0,0.08,TRUE,TRUE,250,"BECCS",NA,NA,NA,NA,NA,NA,NA,NA,66.2237383946958,3.31118691973479,NA,NA,NA,NA,1.3743344328,NA,NA,NA,NA,NA,268.607929679724
"China",0,0.08,TRUE,TRUE,250,"BEBCS",1334.52318907365,NA,NA,-88.1461385515174,-51.8249643739496,-65.2925212693415,NA,139.436837800344,81.1633784450883,19.1521486030496,60.9155256700516,0,0.981959392535028,0,0.75264329023612,24.7117880294193,71.2267434194287,119.584284436422,164.126788017471,1.63201754015187,358.74274277852
"Europe",0,0.08,TRUE,TRUE,250,"BES",4712753.04850539,60443.4147880121,2570598.81697642,-140.259353778612,4.37672502054652,-45.37047541143,NA,94.8873465023941,52.1253774989087,2.50201811994762,79.2491019753589,0,0.163525135681225,0,1.472501178,88.5060221827986,NA,90.9177524571162,Inf,0,211.424031218349
"Europe",0,0.08,TRUE,TRUE,250,"BECCS",NA,NA,NA,NA,NA,NA,NA,NA,66.2237383946958,3.31118691973479,NA,NA,NA,NA,1.3743344328,NA,NA,NA,NA,NA,268.607929679724
"Europe",0,0.08,TRUE,TRUE,250,"BEBCS",NA,NA,NA,NA,NA,NA,NA,NA,81.1633784450883,19.1521486030496,NA,0,NA,NA,0.75264329023612,NA,NA,NA,NA,NA,358.74274277852
"India",0,0.08,TRUE,TRUE,250,"BES",2888274.50217755,NA,NA,-125.629295129759,-20.0272573918022,-45.024642710517,NA,47.6033548266135,52.1253774989087,2.50201811994762,48.685569492132,0,0.846120492465787,0,1.472501178,58.2883224004677,NA,70.1615500581888,122.13155634739,0,211.424031218349
"India",0,0.08,TRUE,TRUE,250,"BECCS",NA,NA,NA,NA,NA,NA,NA,NA,66.2237383946958,3.31118691973479,NA,NA,NA,NA,1.3743344328,NA,NA,NA,NA,NA,268.607929679724
"India",0,0.08,TRUE,TRUE,250,"BEBCS",21284.6691490906,NA,NA,-84.4182430089022,-75.8596474095302,-80.7102380172848,NA,125.9925917156,81.1633784450883,19.1521486030496,86.29888875734,0,1.04099747019692,0,0.75264329023612,29.4848983876542,76.419279400539,146.410840081187,179.266941245226,2.00700152001102,358.74274277852
"US",50,0.08,TRUE,TRUE,250,"BES",3354401.51122546,NA,NA,-148.199691362731,-35.0878695966587,-89.7216814395676,NA,220.890081486357,52.1253774989087,2.50201811994762,133.193512222954,0,0.51627818054983,25.8139090274914,1.472501178,72.2853173747515,NA,127.552297171616,429.54983444549,0,211.424031218349
"US",50,0.08,TRUE,TRUE,250,"BECCS",412019.564381598,NA,NA,-118.518637699225,-39.4570789211407,-78.7309836443616,138.035668754751,216.674759827425,66.2237383946958,3.31118691973479,132.561213974114,45.792912106591,2.06448284271867,103.224142135933,1.3743344328,65.9339256148406,NA,180.370254487548,120.535129649853,1.30333512797896,268.607929679724
"US",50,0.08,TRUE,TRUE,250,"BEBCS",347020.306169661,NA,NA,-123.295416775832,-65.2763869800344,-97.4079704559305,NA,276.380401155425,81.1633784450883,19.1521486030496,141.517060173314,0,0.907223915265291,45.3611957632646,0.75264329023612,35.9882028754103,63.0752181268464,237.506095402146,268.192136616919,1.56325175308046,358.74274277852
"China",50,0.08,TRUE,TRUE,250,"BES",4394306.23502131,NA,NA,-103.736138225618,-5.2545482300785,-28.2787354777656,NA,64.6041186439371,52.1253774989087,2.50201811994762,49.6906177965903,0,0.562288102690997,28.1144051345497,1.472501178,47.9248728031433,NA,70.8440950499846,185.673448930657,0,211.424031218349
"China",50,0.08,TRUE,TRUE,250,"BECCS",290704.690897423,67871.3789342178,8853240.98713029,-59.6182743669488,23.6900528187721,-12.0767271540814,141.840579246865,50.6706728018901,66.2237383946958,3.31118691973479,47.6006009202835,46.4002425104093,2.10976487963818,105.488243981909,1.3743344328,45.9707976091342,NA,118.992702825573,77.518938937555,1.33192227249885,268.607929679724
"China",50,0.08,TRUE,TRUE,250,"BEBCS",341571.585442859,NA,NA,-98.0532369438235,-5.77221171201933,-41.5145760572336,NA,115.363601824492,81.1633784450883,19.1521486030496,57.3045402736739,0,0.998746279176242,49.9373139588122,0.75264329023612,18.8911240410799,47.2770532646862,146.607317820516,157.910068367014,1.61570008428692,358.74274277852
"Europe",50,0.08,TRUE,TRUE,250,"BES",4508069.35078081,240551.045743415,5907610.56411693,-140.960929774957,31.4641176816143,-37.6553339856489,NA,96.8470930589897,52.1253774989087,2.50201811994762,79.5430639588474,0,0.168188265187292,8.40941325936461,1.472501178,88.1057123327059,NA,91.1173869211703,Inf,0,211.424031218349
"Europe",50,0.08,TRUE,TRUE,250,"BECCS",189725.590672468,34565.9742750738,1390870.9866899,-38.0759235025795,18.3114620656987,-12.3311788531844,137.32722375902,47.7186625430246,66.2237383946958,3.31118691973479,72.1737993814536,45.679831868243,1.64111810284201,82.0559051421006,1.3743344328,93.0014725688463,NA,136.34858597143,114.248442045601,1.03605940835985,268.607929679724
"Europe",50,0.08,TRUE,TRUE,250,"BEBCS",14958.1070520223,NA,NA,-80.9332087554594,-56.6527969231741,-69.9025534421914,NA,111.158776169319,81.1633784450883,19.1521486030496,81.6898164253978,0,0.681776250334514,34.0888125167257,0.75264329023612,31.7380878363205,46.275889678298,180.337027588005,266.97547060798,1.20821650730692,358.74274277852
"India",50,0.08,TRUE,TRUE,250,"BES",2668848.98766919,1409124.66706882,112486516.500598,-85.0704852081662,22.3844532379888,-2.16854541174221,NA,46.7276625018193,52.1253774989087,2.50201811994762,48.1569599204024,0,0.846208061698265,42.3104030849134,1.472501178,58.3054070425989,NA,69.8025625207744,121.490376088065,0,211.424031218349
"India",50,0.08,TRUE,TRUE,250,"BECCS",194826.397548596,134441.460057702,8193646.45114398,-38.80549570301,40.3821727777581,4.44325107981469,124.522816467285,59.7511226818499,66.2237383946958,3.31118691973479,55.205014443333,43.6360240395793,2.37218032715037,118.609016357518,1.3743344328,54.2101985196407,NA,122.514549427611,70.9878774724006,1.49758859037271,268.607929679724
"India",50,0.08,TRUE,TRUE,250,"BEBCS",45883.786108853,14547.9150676268,947714.832383331,-41.254525772746,11.9345319338158,-18.3496896352682,NA,83.6492021024228,81.1633784450883,19.1521486030496,69.2757456999788,0,1.04799405952953,52.3997029764763,0.75264329023612,29.5882893474074,69.2535907889647,133.31372678241,161.955361820105,2.00981552620233,358.74274277852
"US",100,0.08,TRUE,TRUE,250,"BES",460876.096243951,NA,NA,-137.338311775826,-10.6649248465584,-69.559040376373,NA,300.823747968166,52.1253774989087,2.50201811994762,145.183562195225,0,0.432978116043875,43.2978116043875,1.472501178,86.9541058333202,NA,135.694939195547,526.784241489004,0,211.424031218349
"US",100,0.08,TRUE,TRUE,250,"BECCS",2858860.88598498,924796.110326779,4826102.81025484,-93.9527845555829,88.699808407901,-16.5790900524452,423.813934313077,202.036848671265,66.2237383946958,3.31118691973479,130.36552730069,90.0265259721209,2.08524493014408,208.524493014409,1.3743344328,64.82339552039,NA,210.958098456835,140.140474871953,1.31644250640409,268.607929679724
"US",100,0.08,TRUE,TRUE,250,"BEBCS",793704.399547771,NA,NA,-136.929257295872,-11.1671517366132,-59.6084047108194,NA,264.880242160016,81.1633784450883,19.1521486030496,139.792036324002,0,0.919936616123998,91.9936616123999,0.75264329023612,36.9852506563526,51.5202463925685,250.566662090893,262.736177174296,1.54495658760486,358.74274277852
"China",100,0.08,TRUE,TRUE,250,"BES",721678.517542863,292443.311587457,22440283.6307257,-66.4457606056293,21.7191821987124,-3.7215011016444,NA,80.4418645146975,52.1253774989087,2.50201811994762,52.0662796772046,0,0.560704328103927,56.0704328103926,1.472501178,46.9017413840235,NA,72.4574464795849,190.565502975805,0,211.424031218349
"China",100,0.08,TRUE,TRUE,250,"BECCS",1607993.66480386,1545680.32608526,101926491.878318,-46.5773463302216,129.311383787241,48.4842349294651,421.389436776278,59.1925705899415,66.2237383946958,3.31118691973479,48.8788855884912,89.391580510967,2.10891268985939,210.891268985937,1.3743344328,45.3983573574166,NA,151.204384067215,98.5468612717161,1.33138427390112,268.607929679724
"China",100,0.08,TRUE,TRUE,250,"BEBCS",2696910.32901473,2140790.59979134,105582505.59111,-70.6331964854766,40.3263371086127,9.36313857681774,NA,68.8009218017472,81.1633784450883,19.1521486030496,50.3201382702619,0,0.982784034112121,98.2784034112129,0.75264329023612,23.7380566927554,37.9823437912445,149.676909352123,153.356026727542,1.64441990067567,358.74274277852
"Europe",100,0.08,TRUE,TRUE,250,"BES",2597031.78271135,1050907.10740374,28254495.2530281,-131.584138418131,97.4905228370943,-9.42586151225982,NA,88.0588558950105,52.1253774989087,2.50201811994762,78.22482838425,0,0.252723319705007,25.2723319705008,1.472501178,98.1540305203453,NA,90.2221512539311,Inf,0,211.424031218349
"Europe",100,0.08,TRUE,TRUE,250,"BECCS",1178298.33639046,761324.112124041,29163846.1724967,-92.0055251509642,99.8318018297684,19.410044306731,427.974188803222,57.2343869954433,66.2237383946958,3.31118691973479,73.6011580493169,90.8376825042284,1.66110278603186,166.110278603185,1.3743344328,87.2735315715188,NA,170.245145783977,140.981127272227,1.04867600128274,268.607929679724
"Europe",100,0.08,TRUE,TRUE,250,"BEBCS",937422.929403468,707.772177688118,3195.55474634011,-127.740477993468,25.508593880267,-68.3412278552755,NA,156.954520842403,81.1633784450883,19.1521486030496,88.5591781263608,0,0.751060608768517,75.106060876852,0.75264329023612,29.6626906095536,15.764725832823,230.002687312029,251.845125937841,1.17212785848882,358.74274277852
"India",100,0.08,TRUE,TRUE,250,"BES",1220550.9562854,1173643.85883144,60997510.7649946,-44.5116752865737,64.7961638677798,37.8525552581868,NA,49.1105151503892,52.1253774989087,2.50201811994762,49.6716163205316,0,0.845969776433415,84.5969776433417,1.472501178,57.554589554234,NA,70.8311908320852,123.324682409514,0,211.424031218349
"India",100,0.08,TRUE,TRUE,250,"BECCS",1546178.03854244,1546178.03854244,82217844.2446572,2.64874299326084,159.168993345068,77.6908202842425,455.584967088105,49.2581720954646,66.2237383946958,3.31118691973479,48.9875754566766,96.0130501498164,2.373229622209,237.3229622209,1.3743344328,54.9034089842704,NA,156.101415929629,90.3978995044583,1.49825102412185,268.607929679724
"India",100,0.08,TRUE,TRUE,250,"BEBCS",142830.176498728,140608.100869505,16452035.3556345,-5.00046463312967,63.8170214300847,50.5305283836346,NA,29.5504993347964,81.1633784450883,19.1521486030496,42.974094470442,0,1.06297700701802,106.297700701802,0.75264329023612,29.9878964358388,57.5345527645731,113.938528206508,134.810099986517,2.00178436389048,358.74274277852
"US",150,0.08,TRUE,TRUE,250,"BES",769.348020928238,NA,NA,-62.4434444897057,-56.9972928936363,-59.720368691671,NA,401.835859680176,52.1253774989087,2.50201811994762,160.335378952026,0,0.514665622968078,77.1998434452117,1.472501178,78.042562434,NA,145.98478954214,417.694350602446,0,211.424031218349
"US",150,0.08,TRUE,TRUE,250,"BECCS",3976638.14716345,3649146.49055541,14218358.3064012,-94.780936421892,217.351130385159,69.0369627876263,569.090245592725,218.914216249359,66.2237383946958,3.31118691973479,132.897132437404,105.19035958026,2.06418380239009,309.627570358513,1.3743344328,67.0318097612058,NA,223.833740893298,150.264891854367,1.30314633989274,268.607929679724
"US",150,0.08,TRUE,TRUE,250,"BEBCS",136033.886592246,NA,NA,-103.525884481986,-16.2391029790135,-34.7186215323321,NA,408.66669546274,81.1633784450883,19.1521486030496,161.360004319411,0,0.869787076405457,130.468061460818,0.75264329023612,39.1300589890959,57.3587893853024,271.465572911901,301.747320958004,1.4952509666186,358.74274277852
"China",150,0.08,TRUE,TRUE,250,"BES",43222.3046752607,42327.2486461376,4861716.97996884,-26.39539020178,40.8437407455929,25.7407487676126,NA,36.6131252996383,52.1253774989087,2.50201811994762,45.4919687949457,0,0.56508720202543,84.7630803038146,1.472501178,41.0970328776,NA,67.9927227968588,177.233310580842,0,211.424031218349
"China",150,0.08,TRUE,TRUE,250,"BECCS",3016242.92910368,3016242.92910368,178312807.856779,2.7073973967772,234.932714755711,124.859251324871,666.16620671021,63.6468652297464,66.2237383946958,3.31118691973479,49.5470297844618,117.568907901699,2.10846726039539,316.270089059312,1.3743344328,45.2400252661449,NA,172.193068406539,112.25314655112,1.33110306843145,268.607929679724
"China",150,0.08,TRUE,TRUE,250,"BEBCS",1967117.27758257,1960771.11679311,71130628.1035959,-24.5526631893661,86.9216535002551,53.2391215364867,NA,73.9985149906281,81.1633784450883,19.1521486030496,51.0997772485945,0,0.98022876586261,147.034314879391,0.75264329023612,23.15632800207,34.463782951756,155.38771535223,154.514002782507,1.64646962758635,358.74274277852
"Europe",150,0.08,TRUE,TRUE,250,"BES",564576.577121075,480731.302790339,13232446.3571979,-131.675772427997,158.994213690511,32.9793001315549,NA,102.804596532507,52.1253774989087,2.50201811994762,80.4366894798765,0,0.455385501038068,68.3078251557104,1.472501178,99.7355600745715,NA,91.724262850629,Inf,0,211.424031218349
"Europe",150,0.08,TRUE,TRUE,250,"BECCS",2851528.03417824,2646688.23144713,78102969.4719573,-132.044351357007,225.856101958144,62.3089845186664,912.363920923562,73.4194368375601,66.2237383946958,3.31118691973479,76.0289155256324,137.774741935612,1.72733834668497,259.100752002743,1.3743344328,86.5468152916092,NA,206.164217393882,164.08341216611,1.09049138048292,268.607929679724
"Europe",150,0.08,TRUE,TRUE,250,"BEBCS",1296648.43720606,307917.993578069,4340017.38933893,-89.2254519744305,96.5593827240427,-20.2884427781462,NA,141.334698743218,81.1633784450883,19.1521486030496,86.2162048114819,0,0.750377063634456,112.556559545168,0.75264329023612,37.8062946843435,15.8804348519668,226.735957420303,249.562796970396,1.20338729084104,358.74274277852
"India",150,0.08,TRUE,TRUE,250,"BES",84215.334364004,84095.0633388099,489309.601181166,-3.95286536498122,92.6757613567206,52.3216788679344,NA,95.0530724417329,52.1253774989087,2.50201811994762,75.2910818853682,0,0.841375520704277,126.206328105642,1.472501178,56.0338282665168,NA,88.229795293396,154.487145154896,0,211.424031218349
"India",150,0.08,TRUE,TRUE,250,"BECCS",2792156.7547433,2792156.7547433,159004836.016625,46.8851379577166,277.955813912378,171.623330677813,640.779067032998,46.3244072501874,66.2237383946958,3.31118691973479,47.85474676804,121.507255508963,2.37352299869354,356.028449804031,1.3743344328,54.4918084652203,NA,173.82736100464,100.650246524191,1.49843623654894,268.607929679724
"India",150,0.08,TRUE,TRUE,250,"BEBCS",33187.0822193568,33187.0822193568,489625.036938359,38.9430553362001,92.2083168885909,59.7532572627162,NA,78.2573789463928,81.1633784450883,19.1521486030496,71.0584743916278,0,1.12712469054527,169.06870358179,0.75264329023612,28.6153982069244,33.4431569137671,183.261906822722,152.308706364759,1.88346320061313,358.74274277852
"US",200,0.08,TRUE,TRUE,250,"BES",NA,NA,NA,NA,NA,NA,NA,NA,52.1253774989087,2.50201811994762,NA,0,NA,NA,1.472501178,NA,NA,NA,NA,0,211.424031218349
"US",200,0.08,TRUE,TRUE,250,"BECCS",4104860.9611641,4102704.47741907,14707470.5976557,-13.5454851953818,346.002452362417,168.842985041931,594.096345134303,224.428329130573,66.2237383946958,3.31118691973479,133.724249369586,107.316231466654,2.06118075531178,412.236151062356,1.3743344328,67.1822401302433,NA,225.982409185454,151.964250748199,1.30125047683825,268.607929679724
"US",200,0.08,TRUE,TRUE,250,"BEBCS",8580.42061251784,4785.76469012012,128.397875121884,-62.1818728826359,8.45957658702861,-10.5152131232593,NA,421.31599230957,81.1633784450883,19.1521486030496,163.257398846436,0,0.94229662666411,188.459325332822,0.75264329023612,34.1675971386921,30.4307902998001,309.764450994616,281.105953427314,1.43320815739019,358.74274277852
"China",200,0.08,TRUE,TRUE,250,"BES",3613.29601082508,3613.29601082508,139887.80977197,31.9520981376797,64.0791010044247,50.382753229751,NA,80.1678198091911,52.1253774989087,2.50201811994762,52.0251729713787,0,0.560731732574476,112.146346514895,1.472501178,44.8889753050909,NA,72.4295302331059,190.291838131161,0,211.424031218349
"China",200,0.08,TRUE,TRUE,250,"BECCS",3610771.33776454,3610771.33776454,207832276.235773,57.3655484463118,340.55404572418,216.900035866447,806.699350085791,62.9087201118158,66.2237383946958,3.31118691973479,49.4363080167721,131.448207013512,2.10854107490719,421.708214981437,1.3743344328,45.6112612297179,NA,182.211428578213,118.776253345596,1.33114966850202,268.607929679724
"China",200,0.08,TRUE,TRUE,250,"BEBCS",1412197.87758624,1412197.87758624,46338884.0504133,28.0849930742115,137.245393805093,97.535055451331,NA,79.3317620812099,81.1633784450883,19.1521486030496,51.8997643121818,0,0.984911676161399,196.98233523228,0.75264329023612,21.8206370589541,30.9473745204167,161.122697050629,154.570083615499,1.63990280721222,358.74274277852
"Europe",200,0.08,TRUE,TRUE,250,"BES",149964.335355353,148996.105291618,2069974.36696409,-118.210198901687,149.608200001172,132.183630457056,NA,111.252503947208,52.1253774989087,2.50201811994762,81.7038755920812,0,0.871050396943766,174.210079388753,1.472501178,94.3048222792385,NA,92.5848299803107,363.127050755542,0,211.424031218349
"Europe",200,0.08,TRUE,TRUE,250,"BECCS",3540078.11334631,3503486.87342116,94719510.8218773,-104.862863987537,366.643378517616,132.703920658864,1121.85649325525,80.5448576192949,66.2237383946958,3.31118691973479,77.0977286428919,154.133967315358,1.7338864580697,346.77729161394,1.3743344328,86.6932503176248,NA,218.845292742844,173.677119029025,1.09462528918541,268.607929679724
"Europe",200,0.08,TRUE,TRUE,250,"BEBCS",1022710.59980378,812084.901114984,10261666.3525391,-51.6596090645386,152.94854545435,19.5189481204916,NA,145.774952286526,81.1633784450883,19.1521486030496,86.8822428429798,0,0.757704052836914,151.540810567383,0.75264329023612,36.6102839843292,18.5656234599017,224.05321168586,249.183304167885,1.22488299060271,358.74274277852
"India",200,0.08,TRUE,TRUE,250,"BES",10197.2213221457,10197.2213221457,17519.2267951921,41.200017127412,92.4283430208141,81.0826045974567,NA,135.418883161043,52.1253774989087,2.50201811994762,87.7128324741564,0,0.837338939632347,167.467787926469,1.472501178,55.955044764,NA,96.6656123741401,170.067649602064,0,211.424031218349
"India",200,0.08,TRUE,TRUE,250,"BECCS",2822200.13932757,2822200.13932757,159526324.153394,96.7008267239934,396.742634479688,288.741089147476,660.11739140322,46.5719054909035,66.2237383946958,3.31118691973479,48.0200127940043,122.872011571392,2.37349824886947,474.699649773893,1.3743344328,54.4683890534134,NA,174.940643224657,101.296583881102,1.49842061166001,268.607929679724
"India",200,0.08,TRUE,TRUE,250,"BEBCS",77161.8106769745,77161.8106769745,440104.000862173,38.6737339777044,149.416619549833,105.157820225204,NA,92.5641163545185,81.1633784450883,19.1521486030496,76.5479507865111,0,1.16964220956844,233.928441913688,0.75264329023612,28.6234424628411,19.4694136833239,209.121726312005,151.393459243507,1.82191245222764,358.74274277852
"US",0,0.15,TRUE,TRUE,250,"BES",4113441.38177661,NA,NA,-197.78489020693,-98.5455100688964,-155.485580338982,NA,224.883876708497,89.3722245620168,4.28986677897681,133.792581506275,0,0.512612562756849,0,1.472501178,71.9690925082879,NA,154.468245082292,515.436169562836,0,211.424031218349
"US",0,0.15,TRUE,TRUE,250,"BECCS",NA,NA,NA,NA,NA,NA,NA,NA,113.544747359785,5.67723736798925,NA,NA,NA,NA,1.3743344328,NA,NA,NA,NA,NA,268.607929679724
"US",0,0.15,TRUE,TRUE,250,"BEBCS",NA,NA,NA,NA,NA,NA,NA,NA,132.576014453012,20.1831186695239,NA,0,NA,NA,0.75264329023612,NA,NA,NA,NA,NA,358.74274277852
"China",0,0.15,TRUE,TRUE,250,"BES",5026582.51136114,NA,NA,-169.047092195056,-72.6403268016438,-96.4734453552613,NA,67.1768448276458,89.3722245620168,4.28986677897681,50.076526724147,0,0.56203083007263,0,1.472501178,47.2651727098972,NA,97.6152822236599,255.917314843703,0,211.424031218349
"China",0,0.15,TRUE,TRUE,250,"BECCS",NA,NA,NA,NA,NA,NA,NA,NA,113.544747359785,5.67723736798925,NA,NA,NA,NA,1.3743344328,NA,NA,NA,NA,NA,268.607929679724
"China",0,0.15,TRUE,TRUE,250,"BEBCS",NA,NA,NA,NA,NA,NA,NA,NA,132.576014453012,20.1831186695239,NA,0,NA,NA,0.75264329023612,NA,NA,NA,NA,NA,358.74274277852
"Europe",0,0.15,TRUE,TRUE,250,"BES",4712753.04850539,NA,NA,-179.294049500749,-34.6579707015908,-84.4051711335675,NA,94.8873465023941,89.3722245620168,4.28986677897681,79.2491019753589,0,0.163525135681225,0,1.472501178,88.5060221827986,NA,117.426862470295,Inf,0,211.424031218349
"Europe",0,0.15,TRUE,TRUE,250,"BECCS",NA,NA,NA,NA,NA,NA,NA,NA,113.544747359785,5.67723736798925,NA,NA,NA,NA,1.3743344328,NA,NA,NA,NA,NA,268.607929679724
"Europe",0,0.15,TRUE,TRUE,250,"BEBCS",NA,NA,NA,NA,NA,NA,NA,NA,132.576014453012,20.1831186695239,NA,0,NA,NA,0.75264329023612,NA,NA,NA,NA,NA,358.74274277852
"India",0,0.15,TRUE,TRUE,250,"BES",2909559.17132664,NA,NA,-164.663990851896,-59.0619531139396,-84.3472279695334,NA,48.1938748390872,89.3722245620168,4.28986677897681,48.9689172914366,0,0.84606144046454,0,1.472501178,58.2837806628931,NA,96.8630862667,168.615220765383,0,211.424031218349
"India",0,0.15,TRUE,TRUE,250,"BECCS",NA,NA,NA,NA,NA,NA,NA,NA,113.544747359785,5.67723736798925,NA,NA,NA,NA,1.3743344328,NA,NA,NA,NA,NA,268.607929679724
"India",0,0.15,TRUE,TRUE,250,"BEBCS",NA,NA,NA,NA,NA,NA,NA,NA,132.576014453012,20.1831186695239,NA,0,NA,NA,0.75264329023612,NA,NA,NA,NA,NA,358.74274277852
"US",50,0.15,TRUE,TRUE,250,"BES",4016299.28621137,NA,NA,-187.234387084869,-74.122565318796,-129.815674870084,NA,224.9433161286,89.3722245620168,4.28986677897681,133.80149741929,0,0.513035730483568,25.6517865241784,1.472501178,71.9961273660225,NA,154.474300026865,515.784963148565,0,211.424031218349
"US",50,0.15,TRUE,TRUE,250,"BECCS",97142.0955652764,NA,NA,-156.523541064328,-94.1795162149174,-123.596693922207,65.3103201602683,222.444316384579,113.544747359785,5.67723736798925,133.426647457687,39.320866198442,2.04474530669988,102.237265334994,1.3743344328,66.1355391267025,NA,212.444286787648,143.193499643888,1.29087456231053,268.607929679724
"US",50,0.15,TRUE,TRUE,250,"BEBCS",NA,NA,NA,NA,NA,NA,NA,NA,132.576014453012,20.1831186695239,NA,0,NA,NA,0.75264329023612,NA,NA,NA,NA,NA,358.74274277852
"China",50,0.15,TRUE,TRUE,250,"BES",4953191.03064994,NA,NA,-142.770833947755,-44.2892439522158,-68.4359285842546,NA,67.42943072704,89.3722245620168,4.28986677897681,50.1144146090562,0,0.562005571482689,28.1002785741343,1.472501178,47.2402987916773,NA,97.6410125154078,255.997434861156,0,211.424031218349
"China",50,0.15,TRUE,TRUE,250,"BECCS",73391.4807112881,NA,NA,-92.7745718614812,-26.539566599764,-55.9994304766016,68.8334504232786,51.2217814752776,113.544747359785,5.67723736798925,47.6832672212917,40.1602887963998,2.10970976877084,105.485488438542,1.3743344328,45.5806218303223,NA,150.66605027395,98.1537620295478,1.33188748028462,268.607929679724
"China",50,0.15,TRUE,TRUE,250,"BEBCS",NA,NA,NA,NA,NA,NA,NA,NA,132.576014453012,20.1831186695239,NA,0,NA,NA,0.75264329023612,NA,NA,NA,NA,NA,358.74274277852
"Europe",50,0.15,TRUE,TRUE,250,"BES",4668964.12316192,NA,NA,-179.995625497094,-7.57057804052297,-76.3595125852358,NA,95.3453817687401,89.3722245620168,4.28986677897681,79.3178072653104,0,0.164443329846068,8.22216649230344,1.472501178,88.3982195287806,NA,117.473521373512,Inf,0,211.424031218349
"Europe",50,0.15,TRUE,TRUE,250,"BECCS",43788.9253433933,NA,NA,-74.870037542727,-31.9265822230267,-54.4892849353037,63.0634140121194,46.552881408873,113.544747359785,5.67723736798925,71.998932211331,38.7855173309736,1.64587961478412,82.2939807392058,1.3743344328,93.223168595569,NA,167.358416394673,139.824902308994,1.03906541337381,268.607929679724
"Europe",50,0.15,TRUE,TRUE,250,"BEBCS",NA,NA,NA,NA,NA,NA,NA,NA,132.576014453012,20.1831186695239,NA,0,NA,NA,0.75264329023612,NA,NA,NA,NA,NA,358.74274277852
"India",50,0.15,TRUE,TRUE,250,"BES",2844327.73884819,NA,NA,-124.105180930303,-16.6502424841485,-41.7898471643178,NA,47.7391987075146,89.3722245620168,4.28986677897681,48.7268637563007,0,0.846106908077696,42.3053454038849,1.472501178,58.2937625290878,NA,96.6987036918318,168.317664507465,0,211.424031218349
"India",50,0.15,TRUE,TRUE,250,"BECCS",65231.4324784846,NA,NA,-82.233077763863,-9.89771157541941,-44.3357661728043,60.2810684257361,68.0686969464154,113.544747359785,5.67723736798925,59.5495715576692,38.1225944225987,2.37134856972391,118.567428486196,1.3743344328,53.9909560490423,NA,157.817591942416,91.4780466779388,1.49706349098732,268.607929679724
"India",50,0.15,TRUE,TRUE,250,"BEBCS",NA,NA,NA,NA,NA,NA,NA,NA,132.576014453012,20.1831186695239,NA,0,NA,NA,0.75264329023612,NA,NA,NA,NA,NA,358.74274277852
"US",100,0.15,TRUE,TRUE,250,"BES",1505898.45964542,NA,NA,-176.683883962807,-49.6996205686957,-107.443498473565,NA,256.308562791785,89.3722245620168,4.28986677897681,138.506284418768,0,0.472026182854599,47.20261828546,1.472501178,77.5222590007348,NA,157.669398998445,551.416615519174,0,211.424031218349
"US",100,0.15,TRUE,TRUE,250,"BECCS",2564560.73171716,27401.5207273076,156101.626102437,-143.74922900143,34.4718057623404,-76.3116741512688,385.689438495799,206.056791874029,113.544747359785,5.67723736798925,130.968518781104,98.7583857586001,2.08406975584422,208.406975584423,1.3743344328,64.2302395317911,NA,253.903912278868,168.737230806032,1.31570060343701,268.607929679724
"US",100,0.15,TRUE,TRUE,250,"BEBCS",42982.1904141386,NA,NA,-176.244362356982,-86.7976063800175,-118.25506116589,NA,264.072194025538,132.576014453012,20.1831186695239,139.670829103831,0,0.915783752738646,91.5783752738646,0.75264329023612,34.8347726801813,47.7617531064304,325.078576124924,322.112415226445,1.51875610598291,358.74274277852
"China",100,0.15,TRUE,TRUE,250,"BES",3396132.70701825,NA,NA,-116.494575700454,-15.9381611027877,-40.0960966227016,NA,67.1962922997601,89.3722245620168,4.28986677897681,50.0794438449639,0,0.562028885325416,56.2028885325421,1.472501178,47.4425500307106,NA,97.617263288843,255.918294586545,0,211.424031218349
"China",100,0.15,TRUE,TRUE,250,"BECCS",1451508.00472244,437067.201552675,38251760.4955231,-102.727729889826,79.0817643687053,-9.84099738544493,382.07265177366,58.934651703247,113.544747359785,5.67723736798925,48.8401977554871,97.6762470870724,2.10893848174805,210.893848174804,1.3743344328,45.0035840100862,NA,193.357907091748,126.016064165789,1.33140055665912,268.607929679724
"China",100,0.15,TRUE,TRUE,250,"BEBCS",178941.799620871,NA,NA,-111.373101042659,-29.6290053617679,-57.7436806214169,NA,138.347227571306,132.576014453012,20.1831186695239,60.752084135696,0,1.02890478503081,102.890478503081,0.75264329023612,18.2645946120186,34.612463521715,237.693946199124,207.626584554872,1.58091678912816,358.74274277852
"Europe",100,0.15,TRUE,TRUE,250,"BES",3549864.33888972,150297.597644894,1703759.44633242,-179.011327470002,58.4558271149569,-65.9630719455532,NA,102.664158063606,89.3722245620168,4.28986677897681,80.4156237095392,0,0.194290411193947,19.4290411193947,1.472501178,88.6856019855828,NA,118.219066749388,Inf,0,211.424031218349
"Europe",100,0.15,TRUE,TRUE,250,"BECCS",982978.727250548,143858.803310517,6559826.82372363,-128.938898327736,49.593757541043,-36.1619675386334,371.504578549797,56.2864471501814,113.544747359785,5.67723736798925,73.4589670725276,96.5089979794013,1.65591303092613,165.591303092612,1.3743344328,87.4366791484415,NA,210.421817919908,174.886393202683,1.04539964073619,268.607929679724
"Europe",100,0.15,TRUE,TRUE,250,"BEBCS",179909.982365155,NA,NA,-179.771091706465,-86.5063081084598,-118.798457176476,NA,154.215583529656,132.576014453012,20.1831186695239,88.1483375294484,0,0.731818540602638,73.1818540602639,0.75264329023612,28.773843120329,20.1533162949158,293.305151618123,329.70251383751,1.1754573350388,358.74274277852
"India",100,0.15,TRUE,TRUE,250,"BES",1785262.58057023,1160930.1807387,90229506.7797949,-83.546371008711,25.7614681456425,0.963736150861405,NA,45.534915129251,89.3722245620168,4.28986677897681,47.9621832119041,0,0.846327336435523,84.6327336435521,1.472501178,57.9552770602068,NA,96.1793964370586,167.368346740696,0,211.424031218349
"India",100,0.15,TRUE,TRUE,250,"BECCS",1124296.59075633,1013700.49083418,50574117.3191534,-43.0347055131003,108.88910899189,25.3422737923902,373.91827766232,52.444596411938,113.544747359785,5.67723736798925,50.5783235017543,97.036859896887,2.37291097977736,237.291097977736,1.3743344328,54.8883439410742,NA,194.157376660333,112.453344011524,1.49804986097056,268.607929679724
"India",100,0.15,TRUE,TRUE,250,"BEBCS",NA,NA,NA,NA,NA,NA,NA,NA,132.576014453012,20.1831186695239,NA,0,NA,NA,0.75264329023612,NA,NA,NA,NA,NA,358.74274277852
"US",150,0.15,TRUE,TRUE,250,"BES",5252.77597952199,NA,NA,-101.478140211843,-75.8739216075739,-90.5601882767595,NA,407.323402840751,89.3722245620168,4.28986677897681,161.158510426113,0,0.398506229852342,59.7759344778513,1.472501178,104.484479012495,NA,173.052901806987,803.028665758937,0,211.424031218349
"US",150,0.15,TRUE,TRUE,250,"BECCS",4089042.38463572,2288962.710542,10041594.9544896,-144.467995835236,163.123127739598,8.04227333075093,589.13926555587,223.663972616786,113.544747359785,5.67723736798925,133.609595892518,115.503848202983,2.0615655743214,309.23483614821,1.3743344328,67.1428660058136,NA,268.0100418301,180.062018724731,1.30149341813221,268.607929679724
"US",150,0.15,TRUE,TRUE,250,"BEBCS",19146.2211613786,NA,NA,-156.656412132611,-93.0980450934186,-111.315412348755,NA,420.142337205675,132.576014453012,20.1831186695239,163.081350580851,0,0.932969673965701,139.945451094855,0.75264329023612,35.5570993571711,29.0225209026056,381.080873930066,340.46998516152,1.44908890209158,358.74274277852
"China",150,0.15,TRUE,TRUE,250,"BES",300862.132576515,30865.9898953215,2373205.20046619,-68.981003521578,6.58595295277132,-11.2445515020409,NA,50.7941835159535,89.3722245620168,4.28986677897681,47.6191275273931,0,0.563669096203799,84.5503644305699,1.472501178,45.4863029357756,NA,95.9464216254682,250.788797366785,0,211.424031218349
"China",150,0.15,TRUE,TRUE,250,"BECCS",3144169.13042615,3072467.31427664,182962990.710625,-50.1860648528672,184.703095337175,66.4585218620124,690.471066514159,63.7492177652392,113.544747359785,5.67723736798925,49.5623826647856,126.344814252334,2.10845702514184,316.268553771278,1.3743344328,45.3191497356224,NA,214.743351109681,139.988145271858,1.33109660678148,268.607929679724
"China",150,0.15,TRUE,TRUE,250,"BEBCS",1581551.24835891,546348.653041209,28253094.0459587,-76.9962692637637,19.3334437463701,-6.36706269747484,NA,78.0402344827573,132.576014453012,20.1831186695239,51.7060351724139,0,0.982243082683821,147.336462402574,0.75264329023612,22.8458492813855,27.9157939135158,234.572441781879,208.314523413446,1.64336675031536,358.74274277852
"Europe",150,0.15,TRUE,TRUE,250,"BES",941897.711902144,230169.644847155,3132409.22670677,-171.182495142933,119.959517968374,-16.2594416318311,NA,97.9653613708405,89.3722245620168,4.28986677897681,79.7108042056267,0,0.370728134981095,55.6092202471643,1.472501178,101.504233667613,NA,117.740412121164,Inf,0,211.424031218349
"Europe",150,0.15,TRUE,TRUE,250,"BECCS",2762810.98790572,1631475.69415988,52993581.9580859,-162.606287055141,176.169042544801,8.30137386881138,882.519276814911,74.4949527281332,113.544747359785,5.67723736798925,76.1902429092183,140.178595874141,1.71758168578098,257.637252867145,1.3743344328,86.2549445128155,NA,244.184250573872,195.789174980757,1.08433187233646,268.607929679724
"Europe",150,0.15,TRUE,TRUE,250,"BEBCS",1008044.34869761,NA,NA,-141.669058048828,-31.0923081363457,-82.6125669125762,NA,149.923114490161,132.576014453012,20.1831186695239,87.5044671735248,0,0.74302903279316,111.454354918974,0.75264329023612,33.7384378731856,12.4582405913301,302.673740216647,323.93835717485,1.18014483938538,358.74274277852
"India",150,0.15,TRUE,TRUE,250,"BES",121486.842457703,114241.901953412,1004741.87314244,-42.9875610871185,53.6410656345833,15.1401307868849,NA,89.4617722540139,89.3722245620168,4.28986677897681,73.4954224217319,0,0.841934650723049,126.290197608457,1.472501178,56.0074469411526,NA,113.519443148945,198.607615069368,0,211.424031218349
"India",150,0.15,TRUE,TRUE,250,"BECCS",2788072.32886896,2788072.32886896,158958802.171845,4.39120092443892,227.6759295592,116.764747454818,639.190662574176,46.3002956141372,113.544747359785,5.67723736798925,47.843517562238,126.69424337728,2.37352540985715,356.028811478572,1.3743344328,54.4956816435417,NA,213.746915347818,123.765325657189,1.49843775874819,268.607929679724
"India",150,0.15,TRUE,TRUE,250,"BEBCS",NA,NA,NA,NA,NA,NA,NA,NA,132.576014453012,20.1831186695239,NA,0,NA,NA,0.75264329023612,NA,NA,NA,NA,NA,358.74274277852
"US",200,0.15,TRUE,TRUE,250,"BES",NA,NA,NA,NA,NA,NA,NA,NA,89.3722245620168,4.28986677897681,NA,0,NA,NA,1.472501178,NA,NA,NA,NA,0,211.424031218349
"US",200,0.15,TRUE,TRUE,250,"BECCS",4105889.8237517,4051250.4285631,14678337.6788083,-63.2325446087254,291.774449716856,110.563202828499,594.534457061946,224.482662883455,113.544747359785,5.67723736798925,133.732399432518,115.897032121104,2.06116664281967,412.233328563935,1.3743344328,67.1812905459583,NA,268.3854871699,180.355871710332,1.30124156743667,268.607929679724
"US",200,0.15,TRUE,TRUE,250,"BEBCS",7551.55802490932,NA,NA,-115.312400533261,-53.7756323332027,-71.8222199078202,NA,421.533361955123,132.576014453012,20.1831186695239,163.290004293268,0,0.936751530861462,187.350306172292,0.75264329023612,34.0646355666561,22.8119757690352,389.609746676641,339.177875207014,1.42810287382149,358.74274277852
"China",200,0.15,TRUE,TRUE,250,"BES",9302.15968479769,9086.78637580941,916889.83689806,-7.0825975844576,25.8968984673307,15.5510215212325,NA,46.8132511360701,89.3722245620168,4.28986677897681,47.0219876704105,0,0.564067189441788,112.813437888358,1.472501178,43.421662644279,NA,95.5408940334336,249.485165148901,0,211.424031218349
"China",200,0.15,TRUE,TRUE,250,"BECCS",3705586.33594353,3705586.33594353,211744464.61431,7.67848903296834,290.324426305644,159.323577647374,834.334326351744,62.7346544948857,113.544747359785,5.67723736798925,49.4101981742325,139.413000813769,2.10855848146888,421.711696293775,1.3743344328,45.6570650693689,NA,224.141356255028,146.103645210071,1.33116065749298,268.607929679724
"China",200,0.15,TRUE,TRUE,250,"BEBCS",1311694.01573327,1305492.67798965,41647079.3652454,-24.3586130001861,69.8627991523225,37.3235777563508,NA,81.2800655235401,132.576014453012,20.1831186695239,52.1920098285314,0,0.987007323217654,197.40146464353,0.75264329023612,21.5178386339455,23.3554174299425,241.277279525276,207.75994380505,1.63711011737792,358.74274277852
"Europe",200,0.15,TRUE,TRUE,250,"BES",209432.319702314,206972.478099147,2401159.92972107,-157.244894623824,110.573504279035,87.0465258750219,NA,116.501915086733,89.3722245620168,4.28986677897681,82.4912872630097,0,0.844848345951814,168.969669190363,1.472501178,94.2302352886635,NA,119.628684333727,430.052163646509,0,211.424031218349
"Europe",200,0.15,TRUE,TRUE,250,"BECCS",3602848.49348525,3281868.56101754,92684817.8154988,-127.479792760472,316.956319104273,77.4208342143022,1137.11928269647,80.9873238625779,113.544747359785,5.67723736798925,77.1640985793844,158.93565334494,1.73214303356895,346.428606713789,1.3743344328,86.3139641526337,NA,258.540954932045,205.694651521227,1.09352464240463,268.607929679724
"Europe",200,0.15,TRUE,TRUE,250,"BEBCS",900472.23531781,27348.9477650804,151628.806084895,-104.103215138936,58.6837849399996,-42.1938887798002,NA,149.28504885188,132.576014453012,20.1831186695239,87.4087573277826,0,0.742038188110594,148.407637622119,0.75264329023612,36.1047496023742,13.4616144460299,301.213441938962,324.542228892188,1.19156715223944,358.74274277852
"India",200,0.15,TRUE,TRUE,250,"BES",78882.298934604,78762.0279094099,446791.128585454,-2.42875116552605,95.8055184528279,52.3616505645804,NA,98.3031959606354,89.3722245620168,4.28986677897681,78.1854793940953,0,0.841050508352387,168.210101670478,1.472501178,55.9991196291914,NA,116.704538714528,204.387694649175,0,211.424031218349
"India",200,0.15,TRUE,TRUE,250,"BECCS",2821061.76461027,2821061.76461027,159494395.889722,47.75103308366,346.46275012651,233.880698325175,659.191136339745,46.565079146414,113.544747359785,5.67723736798925,48.0119125071707,128.054484686434,2.37349893150392,474.699786300783,1.3743344328,54.4692939457736,NA,214.85918920024,124.411401291193,1.4984210426161,268.607929679724
"India",200,0.15,TRUE,TRUE,250,"BEBCS",9615.10778181761,9615.10778181761,42583.6364367098,41.1788482791815,91.7655899135463,58.8792941208993,NA,87.7009656778972,132.576014453012,20.1831186695239,74.0218115183513,0,1.19685068877541,239.370137755083,0.75264329023612,28.6004450289726,17.6896559777309,277.809277483307,189.529674104674,1.7852042631791,358.74274277852
"US",0,0.02,FALSE,TRUE,250,"BES",3423322.04443961,NA,NA,-131.581759194541,-32.3423790565078,-87.6495092389044,NA,214.732735315427,26.2012980234781,1.25766230512695,132.269910297315,0,0.514918597699301,0,1.472501178,72.0793613870157,NA,108.474528246468,366.859387891998,0,211.424031218349
"US",0,0.02,FALSE,TRUE,250,"BECCS",NA,NA,NA,NA,NA,NA,NA,NA,33.2879681484244,1.66439840742122,NA,NA,NA,NA,1.3743344328,NA,NA,NA,NA,NA,268.607929679724
"US",0,0.02,FALSE,TRUE,250,"BEBCS",690119.337337024,NA,NA,-121.574273997982,-57.3668660847716,-89.3152640646947,NA,278.949996879899,45.2070426719704,18.4345858548583,141.902499531985,0,0.921578178113082,0,0.75264329023612,36.4855557568134,79.7433082373059,167.145341562855,224.947027273311,1.58986703956575,358.74274277852
"China",0,0.02,FALSE,TRUE,250,"BES",4412459.34039563,NA,NA,-102.843961182668,-6.60692945186052,-29.2876910726025,NA,64.4799376266288,26.2012980234781,1.25766230512695,49.6719906439939,0,0.562300520792733,0,1.472501178,47.8432599000105,NA,52.380909519788,137.316866438968,0,211.424031218349
"China",0,0.02,FALSE,TRUE,250,"BECCS",NA,NA,NA,NA,NA,NA,NA,NA,33.2879681484244,1.66439840742122,NA,NA,NA,NA,1.3743344328,NA,NA,NA,NA,NA,268.607929679724
"China",0,0.02,FALSE,TRUE,250,"BEBCS",614123.170965858,2191.68322958499,89457.1833824527,-97.2120570500971,8.31674733112193,-31.3209286251949,NA,87.4767993376549,45.2070426719704,18.4345858548583,53.1215199006485,0,0.974601872543339,0,0.75264329023612,21.9346601141772,63.5075596881046,70.7580728218073,119.79135665237,1.64864540493768,358.74274277852
"Europe",0,0.02,FALSE,TRUE,250,"BES",4705600.67080128,855100.973022252,25591713.6730028,-113.090918488361,31.5451603107978,-18.1946849275197,NA,94.8064615171687,26.2012980234781,1.25766230512695,79.2369692275751,0,0.162681259356912,0,1.472501178,88.5012446286746,NA,72.4589773850626,Inf,0,211.424031218349
"Europe",0,0.02,FALSE,TRUE,250,"BECCS",NA,NA,NA,NA,NA,NA,NA,NA,33.2879681484244,1.66439840742122,NA,NA,NA,NA,1.3743344328,NA,NA,NA,NA,NA,268.607929679724
"Europe",0,0.02,FALSE,TRUE,250,"BEBCS",7152.37770410282,NA,NA,-46.7638686927442,-11.5692569141788,-20.1303903350994,NA,161.067213568889,45.2070426719704,18.4345858548583,89.1760820353333,0,1.08202119870105,0,0.75264329023612,47.2363169196079,85.4510033074549,89.5068196696111,142.836198566233,1.95620897718706,358.74274277852
"India",0,0.02,FALSE,TRUE,250,"BES",2452436.25673808,292513.358181308,12305937.7797011,-98.4608598395073,7.14117789844906,-17.2431230682078,NA,47.7826562118131,26.2012980234781,1.25766230512695,48.2462906821792,0,0.846102562327268,0,1.472501178,58.4621279425733,NA,51.412693002806,89.4991114871807,0,211.424031218349
"India",0,0.02,FALSE,TRUE,250,"BECCS",NA,NA,NA,NA,NA,NA,NA,NA,33.2879681484244,1.66439840742122,NA,NA,NA,NA,1.3743344328,NA,NA,NA,NA,NA,268.607929679724
"India",0,0.02,FALSE,TRUE,250,"BEBCS",457122.914588533,114392.564304977,13748753.1655249,-60.3602177232171,17.1927510236268,-10.9741443179907,NA,50.3305210801971,45.2070426719704,18.4345858548583,52.7236047642062,0,1.05717072479522,0,0.75264329023612,29.3170852133306,76.0740037597141,53.5329684779099,110.19619045507,2.00496564557829,358.74274277852
"US",50,0.02,FALSE,TRUE,250,"BES",1669053.08809003,NA,NA,-121.03125607248,-7.91943430640742,-62.3116959720241,NA,219.454156715347,26.2012980234781,1.25766230512695,132.978123507303,0,0.500103512742848,25.0051756371424,1.472501178,73.12021222674,NA,108.955487596837,395.591865827251,0,211.424031218349
"US",50,0.02,FALSE,TRUE,250,"BECCS",617167.796371099,2655.37210471776,35577.7197673735,-89.0927429735066,2.88474198103918,-34.0227809505904,237.279748963346,164.530532126068,33.2879681484244,1.66439840742122,124.73957981891,48.6462501264775,2.12293355131297,106.146677565649,1.3743344328,68.1687379849952,NA,151.592066333356,98.7349794386068,1.3402358278491,268.607929679724
"US",50,0.02,FALSE,TRUE,250,"BEBCS",1827220.49731555,NA,NA,-109.997215679103,-7.89543522706987,-52.3442318920329,NA,251.297557333565,45.2070426719704,18.4345858548583,137.754633600035,0,0.939900267286498,46.9950133643248,0.75264329023612,36.0243220571449,66.0326948133616,179.85089227466,216.16563315718,1.57846065355353,358.74274277852
"China",50,0.02,FALSE,TRUE,250,"BES",1688759.72164923,903156.989106688,71645674.4030281,-76.5677029353666,20.6163894321306,-1.9324833234059,NA,67.3361953195804,26.2012980234781,1.25766230512695,50.1004292979372,0,0.562014895023433,28.1007447511718,1.472501178,47.5261615519621,NA,52.6718693236534,138.177973742463,0,211.424031218349
"China",50,0.02,FALSE,TRUE,250,"BECCS",199988.491859447,199988.491859447,21999956.5131415,8.50752364114854,58.6738535745451,34.1757717456877,218.025999611063,28.6883356228339,33.2879681484244,1.66439840742122,44.3032503434251,46.6268884896466,2.11196311335608,105.598155667804,1.3743344328,54.4601214668015,NA,91.5952495874316,59.605061376009,1.33331004631066,268.607929679724
"China",50,0.02,FALSE,TRUE,250,"BEBCS",3137834.29785293,2464443.54866662,129304001.054759,-61.132893458283,54.3694999930522,9.90647971445746,NA,69.5357998275482,45.2070426719704,18.4345858548583,50.4303699741322,0,0.98368198798033,49.1840993990172,0.75264329023612,23.7193524012674,51.0750264151287,83.7009681785232,116.000326643086,1.6428121674316,358.74274277852
"Europe",50,0.02,FALSE,TRUE,250,"BES",4012868.60540853,2057068.35295998,58999661.3242667,-113.792494484706,58.6325529718656,-9.25356114716209,NA,99.0520360298999,26.2012980234781,1.25766230512695,79.8738054044826,0,0.17954042506827,8.97702125341351,1.472501178,89.1021833325147,NA,72.8914634070942,Inf,0,211.424031218349
"Europe",50,0.02,FALSE,TRUE,250,"BECCS",397396.974288649,304688.195447281,12250261.7407165,-37.4184180959429,53.2775103495838,14.5736052665376,246.704923690908,51.8490324084076,33.2879681484244,1.66439840742122,72.7933548612617,49.634776356721,1.62491716088273,81.2458580441364,1.3743344328,90.7082449962245,NA,114.513974195632,96.8572002335522,1.02583154096132,268.607929679724
"Europe",50,0.02,FALSE,TRUE,250,"BEBCS",302487.468808402,22971.7731463031,130340.048470781,-69.0392492048378,44.0901292705702,-27.5526129844579,NA,98.0110264636199,45.2070426719704,18.4345858548583,79.7176539695427,0,0.730348855243525,36.5174427621762,0.75264329023612,33.4873426482589,45.8018841014785,129.619701205717,198.60942923478,1.25630705215488,358.74274277852
"India",50,0.02,FALSE,TRUE,250,"BES",2018107.62333796,1826401.96377055,91082002.2091566,-57.9020499179149,49.5528885282401,25.1828239477851,NA,48.8810048916361,26.2012980234781,1.25766230512695,48.4044873091809,0,0.845992727459282,42.2996363729641,1.472501178,58.7466352126029,NA,51.5201269589653,89.6974657868755,0,211.424031218349
"India",50,0.02,FALSE,TRUE,250,"BECCS",131869.308406336,131869.308406336,8876404.56843735,8.46597671757425,75.3773420542007,47.3252122136392,232.795136818151,39.0199038009157,33.2879681484244,1.66439840742122,43.906586299399,48.1758973886094,2.37425344903846,118.712672451923,1.3743344328,55.6473900055711,NA,92.4337244356452,53.506038937837,1.49889737944347,268.607929679724
"India",50,0.02,FALSE,TRUE,250,"BEBCS",759582.23958232,718355.380982886,57530476.9517448,-19.7607244120775,70.2533730282279,36.115643401728,NA,47.8886603895484,45.2070426719704,18.4345858548583,51.2404126715334,0,1.05923185360612,52.961592680306,0.75264329023612,29.0692650927845,68.9668268270003,61.0052796152043,108.540244767066,2.00206524270389,358.74274277852
"US",100,0.02,FALSE,TRUE,250,"BES",244629.34574348,15036.4468212338,826.389601670098,-93.4932915367252,16.5035104436929,-36.8973277413749,NA,259.410227779172,26.2012980234781,1.25766230512695,138.971534166876,0,0.479223218675729,47.9223218675729,1.472501178,81.6108448865333,NA,113.02571229283,468.907632760049,0,211.424031218349
"US",100,0.02,FALSE,TRUE,250,"BECCS",2223842.63565634,1675968.7987855,8825651.47660705,-69.0059747500403,126.442897050961,32.1274327948461,546.966343710863,196.342251604866,33.2879681484244,1.66439840742122,129.51133774073,81.1266370595164,2.10134815818298,210.134815818298,1.3743344328,67.5829583326421,NA,178.697655748709,117.963997429515,1.32660868572157,268.607929679724
"US",100,0.02,FALSE,TRUE,250,"BEBCS",1644969.40037689,389028.867178607,1263098.39213144,-107.273027081267,42.2910095546569,-15.7680447174161,NA,257.741654538964,45.2070426719704,18.4345858548583,138.721248180845,0,0.932118998589703,93.2118998589702,0.75264329023612,35.6956438198266,57.6872883114613,192.223315178727,218.99439451554,1.5298215732062,358.74274277852
"China",100,0.02,FALSE,TRUE,250,"BES",463596.339589166,444667.016865604,28252470.6604642,-39.2773253153781,45.0390140648915,23.5309630283592,NA,77.6321696606411,26.2012980234781,1.25766230512695,51.6448254490962,0,0.560985297589331,56.0985297589332,1.472501178,46.5362190471282,NA,53.7206943936999,141.250838310839,0,211.424031218349
"China",100,0.02,FALSE,TRUE,250,"BECCS",650612.461377581,650612.461377581,66945783.6625862,42.6788997694135,164.298733415962,108.114390262,495.447173696267,30.1719088651953,33.2879681484244,1.66439840742122,44.5257863297794,75.7232305029382,2.11181475603185,211.181475603186,1.3743344328,52.1342980473799,NA,112.928396236397,73.4932505345164,1.33321638638374,268.607929679724
"China",100,0.02,FALSE,TRUE,250,"BEBCS",3912373.71039487,3892052.2273591,159032477.028286,-34.5731940894521,100.422252654982,52.4648426714433,NA,71.8075575088465,45.2070426719704,18.4345858548583,50.7711336263268,0,0.997840816020231,99.7840816020233,0.75264329023612,23.4940617832429,43.5994614393277,94.0861383240556,114.760656570245,1.62813032058532,358.74274277852
"Europe",100,0.02,FALSE,TRUE,250,"BES",2047651.66715876,1814783.91116768,50458573.2723946,-104.41570312788,124.658958127346,23.3642229482912,NA,83.2098830448949,26.2012980234781,1.25766230512695,77.4974824567328,0,0.281297082473817,28.1297082473817,1.472501178,100.190957486249,NA,71.2776630358251,Inf,0,211.424031218349
"Europe",100,0.02,FALSE,TRUE,250,"BECCS",1201800.35408107,1112059.03742281,33318279.894724,-80.6845649420444,134.797850113654,54.4444056506918,561.593155523067,66.4675105069882,33.2879681484244,1.66439840742122,74.9861265760486,84.1209212995205,1.64566967497331,164.56696749733,1.3743344328,83.936852584794,NA,141.202468482178,117.860088567597,1.03893287561446,268.607929679724
"Europe",100,0.02,FALSE,TRUE,250,"BEBCS",1463301.02726555,726675.766466439,15327432.0561659,-91.0665794721589,99.7495154553191,-13.259083533605,NA,135.380568073642,45.2070426719704,18.4345858548583,85.3230852110452,0,0.764529797134866,76.4529797134866,0.75264329023612,36.2981355665068,22.9545149242758,167.423533097687,196.225568520464,1.21982021951368,358.74274277852
"India",100,0.02,FALSE,TRUE,250,"BES",1086076.75725501,1085595.85558847,43196536.1784569,-17.3432399963224,91.1609934146229,66.3034457331936,NA,51.2731807430845,26.2012980234781,1.25766230512695,49.1005647187477,0,0.845753509874144,84.5753509874145,1.472501178,58.2876197931287,NA,51.99284468576,90.5501553627907,0,211.424031218349
"India",100,0.02,FALSE,TRUE,250,"BECCS",1006981.10368433,1006981.10368433,63923048.8868849,32.9861427525479,194.164162621511,111.703566333848,684.736188970087,42.2277358219291,33.2879681484244,1.66439840742122,45.376280220882,100.634337502297,2.37393266583637,237.393266583635,1.3743344328,55.2732840292397,NA,131.673179366058,76.2302801106248,1.49869486479568,268.607929679724
"India",100,0.02,FALSE,TRUE,250,"BEBCS",816501.31038721,816140.679029462,52860155.9417356,-9.2569319681827,122.046975765578,82.8908442022115,NA,51.1990121005082,45.2070426719704,18.4345858548583,53.0010672100796,0,1.06356447069868,106.356447069868,0.75264329023612,29.2276850387912,63.9494078304605,70.0109714522486,109.737469199004,1.99377869838298,358.74274277852
"US",150,0.02,FALSE,TRUE,250,"BES",NA,NA,NA,NA,NA,NA,NA,NA,26.2012980234781,1.25766230512695,NA,0,NA,NA,1.472501178,NA,NA,NA,NA,0,211.424031218349
"US",150,0.02,FALSE,TRUE,250,"BECCS",3458384.72726984,3405884.74861069,13847317.2363511,-59.7901328398164,255.094219028218,108.601335482278,753.492060184584,209.742862033865,33.2879681484244,1.66439840742122,131.52142930508,102.747717149291,2.06730078946994,310.095118420491,1.3743344328,67.7277300720066,NA,195.892285447377,131.562122971381,1.30511413476638,268.607929679724
"US",150,0.02,FALSE,TRUE,250,"BEBCS",655056.654506832,552460.485617593,752170.386881092,-65.9290154819165,92.8178243204193,26.8301260377516,NA,302.119295438382,45.2070426719704,18.4345858548583,145.377894315757,0,0.953109953439949,142.966493015993,0.75264329023612,35.2309137224398,57.6522421419051,201.114236537196,222.027231791164,1.52818902672804,358.74274277852
"China",150,0.02,FALSE,TRUE,250,"BES",8860.65234107888,8766.59173156717,287225.128040666,-9.06773472868545,68.0121760358442,45.2777429492457,NA,99.0159509308037,26.2012980234781,1.25766230512695,54.8523926396206,0,0.558846919462314,83.8270379193471,1.472501178,43.7620579981241,NA,55.8990065325609,147.526180196287,0,211.424031218349
"China",150,0.02,FALSE,TRUE,250,"BECCS",1196373.80481397,1196373.80481397,114338512.151268,55.7184145805173,269.923613257379,176.630164236216,770.248196292231,32.6655210612047,33.2879681484244,1.66439840742122,44.8998281591808,110.873637690389,2.11156539481225,316.734809221837,1.3743344328,50.6211874198004,NA,138.776871082857,90.3276381748051,1.33305896137137,268.607929679724
"China",150,0.02,FALSE,TRUE,250,"BEBCS",3821348.05420667,3821348.05420667,139685249.562043,12.1212353319432,146.475005316913,97.4057297845713,NA,77.5022848016386,45.2070426719704,18.4345858548583,51.6253427202456,0,1.00688634062479,151.032951093717,0.75264329023612,23.0892024651844,38.5505474727365,101.929326640605,114.604595168296,1.61795985888427,358.74274277852
"Europe",150,0.02,FALSE,TRUE,250,"BES",204456.954911553,195735.710390055,3828841.36813604,-104.507337137746,190.685363282825,87.9535887537105,NA,101.277046178492,26.2012980234781,1.25766230512695,80.2075569267736,0,0.690974896699513,103.646234504927,1.472501178,91.9738715041636,NA,73.1181196076293,Inf,0,211.424031218349
"Europe",150,0.02,FALSE,TRUE,250,"BECCS",2284071.90367743,2252261.13030095,59646409.7370887,-98.4961380604581,216.318189877723,104.506440318346,938.4868977345,76.3855623822167,33.2879681484244,1.66439840742122,76.4738343573308,127.498120865064,1.7180063065832,257.700945987477,1.3743344328,85.729816109108,NA,173.847293697991,138.453738216387,1.08459994102474,268.607929679724
"Europe",150,0.02,FALSE,TRUE,250,"BEBCS",2224224.18991633,1955092.61522934,43234640.0263397,-52.5515534531212,155.679686632071,33.2384991942016,NA,115.086656021547,45.2070426719704,18.4345858548583,82.2789984032305,0,0.790148636660473,118.522295499072,0.75264329023612,43.1717674882533,17.4650631369313,170.672568877655,187.096538120362,1.27056211364327,358.74274277852
"India",150,0.02,FALSE,TRUE,250,"BES",26873.4589714182,26873.4589714182,45837.9304522987,39.2752297000504,113.012532467804,69.6801982589166,NA,119.844982794967,26.2012980234781,1.25766230512695,84.6849827133628,0,0.838896329668955,125.834449450343,1.472501178,55.989691850541,NA,76.1588138043362,133.707873150196,0,211.424031218349
"India",150,0.02,FALSE,TRUE,250,"BECCS",2336861.92859845,2336861.92859845,125397463.472296,79.8294255485465,312.95098318882,190.193623509121,965.444819848555,44.8188067946094,33.2879681484244,1.66439840742122,46.392914385285,139.131299830689,2.37367355873909,356.051033810862,1.3743344328,54.6191704700788,NA,160.42425737863,92.8871952467302,1.49853128708276,268.607929679724
"India",150,0.02,FALSE,TRUE,250,"BEBCS",545823.783756743,545823.783756743,34540645.9783015,32.6762877364883,175.017728225629,132.77536325167,NA,58.2460387825325,45.2070426719704,18.4345858548583,57.6058190775993,0,1.07173806422081,160.760709633121,0.75264329023612,29.3593015659104,63.9027996570654,76.1910040138299,113.217283508134,1.97904271951574,358.74274277852
"US",200,0.02,FALSE,TRUE,250,"BES",NA,NA,NA,NA,NA,NA,NA,NA,26.2012980234781,1.25766230512695,NA,0,NA,NA,1.472501178,NA,NA,NA,NA,0,211.424031218349
"US",200,0.02,FALSE,TRUE,250,"BECCS",4033237.27057462,4033237.27057462,14680056.1078116,21.037073563203,383.745541005476,197.524198990935,865.94455548652,221.458331170733,33.2879681484244,1.66439840742122,133.27874967561,114.049843991168,2.06271704567744,412.543409135488,1.3743344328,67.2617500780692,NA,205.394664854258,138.191456940241,1.3022203571196,268.607929679724
"US",200,0.02,FALSE,TRUE,250,"BEBCS",80204.1112020275,78833.885394855,27846.5175248511,-24.5850038825662,108.541770729943,51.6080685270659,NA,378.293159711159,45.2070426719704,18.4345858548583,156.803973956674,0,0.951056004456132,190.211200891226,0.75264329023612,34.5638036794751,47.2786664398668,230.078362871354,232.319312987483,1.46183333678472,358.74274277852
"China",200,0.02,FALSE,TRUE,250,"BES",5404.91715977801,5404.91715977801,149330.969765389,17.5722341051634,90.7102305505048,65.5069309741388,NA,121.164576911926,26.2012980234781,1.25766230512695,58.174686536789,0,0.556632056864202,111.32641137284,1.472501178,39.8141664666923,NA,58.1552314828735,154.116560177355,0,211.424031218349
"China",200,0.02,FALSE,TRUE,250,"BECCS",2537260.79156748,2537260.79156748,181558704.667596,94.0720092393628,375.548493098796,224.878943557055,1308.51834856846,43.3305121039316,33.2879681484244,1.66439840742122,46.4995768155899,164.027196637629,2.11049889570797,422.099779141595,1.3743344328,48.2583044245235,NA,178.616742875995,116.327914201426,1.33238566648231,268.607929679724
"China",200,0.02,FALSE,TRUE,250,"BEBCS",2483916.80263421,2483916.80263421,72603012.4585968,64.7588915955207,196.745035798977,143.872354752175,NA,91.8473761495747,45.2070426719704,18.4345858548583,53.7771064224361,0,1.00350884697424,200.701769394851,0.75264329023612,21.8079968717278,38.781323434858,104.481648258284,117.085602499142,1.61787880410615,358.74274277852
"Europe",200,0.02,FALSE,TRUE,250,"BES",72822.0353997945,72108.8661014321,1205343.85295186,-91.0417636114358,252.052002187695,159.541623422376,NA,108.89305620805,26.2012980234781,1.25766230512695,81.3499584312076,0,0.868322489056562,173.664497811312,1.472501178,94.6860443708761,NA,73.8939434381984,513.565160250976,0,211.424031218349
"Europe",200,0.02,FALSE,TRUE,250,"BECCS",3119849.62839855,3112580.61095321,83979934.0183918,-70.280305228952,308.870215565996,169.232522934743,1219.08755983182,81.2628764156374,33.2879681484244,1.66439840742122,77.2054314623435,152.278824004353,1.73841328968168,347.682657936336,1.3743344328,85.9864870209609,NA,192.410679461617,151.621096140135,1.0974831374253,268.607929679724
"Europe",200,0.02,FALSE,TRUE,250,"BEBCS",1520081.38470704,1502687.76580348,22486989.044156,-14.9857105432294,212.068849362378,71.417988587363,NA,125.259636250871,45.2070426719704,18.4345858548583,83.8049454376294,0,0.776233217609299,155.24664352186,0.75264329023612,40.8994365922051,22.7184824377569,165.720060412114,192.628413296618,1.26526132431436,358.74274277852
"India",200,0.02,FALSE,TRUE,250,"BES",8525.37561044009,8525.37561044009,7839.25112499529,105.890697115234,118.809198564819,111.721718380382,NA,115.003127321785,26.2012980234781,1.25766230512695,84.6504690982677,0,0.839380515216272,167.876103043254,1.472501178,55.955044764,NA,76.1353750352468,133.568110771303,0,211.424031218349
"India",200,0.02,FALSE,TRUE,250,"BECCS",2766043.22019704,2766043.22019704,158894162.295732,139.306512769871,431.73780375613,295.588766292584,1122.21057902722,45.573356283575,33.2879681484244,1.66439840742122,47.505760162579,151.17204369102,2.37359810379021,474.719620758039,1.3743344328,54.4993159439925,NA,169.995137161382,98.4336888964207,1.49848365138269,268.607929679724
"India",200,0.02,FALSE,TRUE,250,"BEBCS",134990.575519153,134990.575519153,1081945.83419433,84.0417864766505,213.221177489555,160.111140327301,NA,94.9424364907401,45.2070426719704,18.4345858548583,75.1761969342851,0,1.12909118006194,225.818236012387,0.75264329023612,28.7884246372565,44.3223051387708,125.551534901345,123.423825139902,1.88052520843596,358.74274277852
"US",0,0.08,FALSE,TRUE,250,"BES",4113441.38177661,NA,NA,-158.750194484793,-59.5108143467591,-116.450884616844,NA,224.883876708497,52.1253774989087,2.50201811994762,133.792581506275,0,0.512612562756849,0,1.472501178,71.9690925082879,NA,127.959135069114,426.948418938845,0,211.424031218349
"US",0,0.08,FALSE,TRUE,250,"BECCS",NA,NA,NA,NA,NA,NA,NA,NA,66.2237383946958,3.31118691973479,NA,NA,NA,NA,1.3743344328,NA,NA,NA,NA,NA,268.607929679724
"US",0,0.08,FALSE,TRUE,250,"BEBCS",NA,NA,NA,NA,NA,NA,NA,NA,81.1633784450883,19.1521486030496,NA,0,NA,NA,0.75264329023612,NA,NA,NA,NA,NA,358.74274277852
"China",0,0.08,FALSE,TRUE,250,"BES",5025247.98817207,NA,NA,-130.012396472919,-33.6056310795066,-57.4364067228963,NA,67.1594934065935,52.1253774989087,2.50201811994762,50.0739240109891,0,0.562032565214735,0,1.472501178,47.2649129069675,NA,71.1044046647577,186.452386231475,0,211.424031218349
"China",0,0.08,FALSE,TRUE,250,"BECCS",NA,NA,NA,NA,NA,NA,NA,NA,66.2237383946958,3.31118691973479,NA,NA,NA,NA,1.3743344328,NA,NA,NA,NA,NA,268.607929679724
"China",0,0.08,FALSE,TRUE,250,"BEBCS",1334.52318907365,NA,NA,-88.1461385515174,-51.8249643739496,-65.2925212693415,NA,139.436837800344,81.1633784450883,19.1521486030496,60.9155256700516,0,0.981959392535028,0,0.75264329023612,24.7117880294193,71.2267434194287,119.584284436422,164.126788017471,1.63201754015187,358.74274277852
"Europe",0,0.08,FALSE,TRUE,250,"BES",4712753.04850539,60443.4147880121,2570598.81697642,-140.259353778612,4.37672502054652,-45.37047541143,NA,94.8873465023941,52.1253774989087,2.50201811994762,79.2491019753589,0,0.163525135681225,0,1.472501178,88.5060221827986,NA,90.9177524571162,Inf,0,211.424031218349
"Europe",0,0.08,FALSE,TRUE,250,"BECCS",NA,NA,NA,NA,NA,NA,NA,NA,66.2237383946958,3.31118691973479,NA,NA,NA,NA,1.3743344328,NA,NA,NA,NA,NA,268.607929679724
"Europe",0,0.08,FALSE,TRUE,250,"BEBCS",NA,NA,NA,NA,NA,NA,NA,NA,81.1633784450883,19.1521486030496,NA,0,NA,NA,0.75264329023612,NA,NA,NA,NA,NA,358.74274277852
"India",0,0.08,FALSE,TRUE,250,"BES",2888274.50217755,NA,NA,-125.629295129759,-20.0272573918022,-45.024642710517,NA,47.6033548266135,52.1253774989087,2.50201811994762,48.685569492132,0,0.846120492465787,0,1.472501178,58.2883224004677,NA,70.1615500581888,122.13155634739,0,211.424031218349
"India",0,0.08,FALSE,TRUE,250,"BECCS",NA,NA,NA,NA,NA,NA,NA,NA,66.2237383946958,3.31118691973479,NA,NA,NA,NA,1.3743344328,NA,NA,NA,NA,NA,268.607929679724
"India",0,0.08,FALSE,TRUE,250,"BEBCS",21284.6691490906,NA,NA,-84.4182430089022,-75.8596474095302,-80.7102380172848,NA,125.9925917156,81.1633784450883,19.1521486030496,86.29888875734,0,1.04099747019692,0,0.75264329023612,29.4848983876542,76.419279400539,146.410840081187,179.266941245226,2.00700152001102,358.74274277852
"US",50,0.08,FALSE,TRUE,250,"BES",3493214.85417563,NA,NA,-148.199691362731,-35.0878695966587,-90.2748237658202,NA,223.222075507375,52.1253774989087,2.50201811994762,133.543311326106,0,0.519169936635564,25.9584968317781,1.472501178,71.9373863473651,NA,127.789851550776,426.410899538209,0,211.424031218349
"US",50,0.08,FALSE,TRUE,250,"BECCS",246339.274062809,NA,NA,-117.687754837295,-39.4570789211407,-69.7564136607877,134.416985891483,179.164004289957,66.2237383946958,3.31118691973479,126.934600643494,45.2153068963777,2.03448385869019,101.72419293451,1.3743344328,70.2042262590041,NA,175.855910385586,119.32726985466,1.28439637543573,268.607929679724
"US",50,0.08,FALSE,TRUE,250,"BEBCS",373887.253538261,NA,NA,-123.295416775832,-65.2763869800344,-97.5231745079915,NA,273.335644609764,81.1633784450883,19.1521486030496,141.060346691465,0,0.905925385717839,45.296269285892,0.75264329023612,35.78705305194,62.7693768937791,237.305638890092,267.956328325741,1.56109078691762,358.74274277852
"China",50,0.08,FALSE,TRUE,250,"BES",4563791.75124192,NA,NA,-103.736138225618,-5.2545482300785,-28.2808573735807,NA,64.1422918504943,52.1253774989087,2.50201811994762,49.6213437775742,0,0.562334285370344,28.1167142685169,1.472501178,47.8511677543463,NA,70.7970499134155,185.531877783557,0,211.424031218349
"China",50,0.08,FALSE,TRUE,250,"BECCS",98310.1570623458,54174.9201672301,7372500.73986593,-20.8524646539845,23.6900528187721,1.96740972115108,135.220854817563,26.9255634041275,66.2237383946958,3.31118691973479,44.0388345106191,45.3436184665199,2.11213939057796,105.606969528898,1.3743344328,55.2778184838224,NA,115.632246779846,75.2404415258048,1.33342133243558,268.607929679724
"China",50,0.08,FALSE,TRUE,250,"BEBCS",364480.603057138,NA,NA,-98.0532369438235,-5.77221171201933,-41.7587478905548,NA,115.634063726849,81.1633784450883,19.1521486030496,57.3451095590275,0,0.9982793102556,49.9139655127801,0.75264329023612,18.8169528430195,47.1709703608112,146.802167347684,158.026688448461,1.61584730733609,358.74274277852
"Europe",50,0.08,FALSE,TRUE,250,"BES",4559504.64066459,240551.045743415,5907610.56411693,-140.960929774957,31.4641176816143,-37.523374397762,NA,96.3477870971616,52.1253774989087,2.50201811994762,79.4681680645731,0,0.167604108964697,8.38020544823486,1.472501178,88.1919838374495,NA,91.0665238757663,Inf,0,211.424031218349
"Europe",50,0.08,FALSE,TRUE,250,"BECCS",138290.300788824,29490.2469360656,1081237.9212921,-38.0759235025795,18.3114620656987,-11.9033707716865,136.951751447102,47.0126634373385,66.2237383946958,3.31118691973479,72.0678995156006,45.6198999062973,1.62485483500339,81.2427417501698,1.3743344328,94.0766122144769,NA,136.227922598789,115.226848514342,1.02579219381527,268.607929679724
"Europe",50,0.08,FALSE,TRUE,250,"BEBCS",14958.1070520223,NA,NA,-80.9332087554594,-56.6527969231741,-69.9025534421914,NA,111.158776169319,81.1633784450883,19.1521486030496,81.6898164253978,0,0.681776250334514,34.0888125167257,0.75264329023612,31.7380878363205,46.275889678298,180.337027588005,266.97547060798,1.20821650730692,358.74274277852
"India",50,0.08,FALSE,TRUE,250,"BES",2781266.28558476,1431114.37897006,114192054.156762,-85.0704852081662,22.3844532379888,-2.33683234522429,NA,46.9191308426357,52.1253774989087,2.50201811994762,48.2627961450104,0,0.846188914864185,42.3094457432092,1.472501178,58.2439136754288,NA,69.8744376582545,121.618375165908,0,211.424031218349
"India",50,0.08,FALSE,TRUE,250,"BECCS",48432.9077616453,47850.2562525066,3722609.2444722,-11.9786949517906,40.3821727777581,19.6681801606403,124.705068684576,35.6680243071178,66.2237383946958,3.31118691973479,43.3502036460677,43.6651146878228,2.37458863698784,118.729431849392,1.3743344328,57.4889919595693,NA,113.909860592937,65.9279813196204,1.49910898799738,268.607929679724
"India",50,0.08,FALSE,TRUE,250,"BEBCS",79859.9779802927,14547.9150676268,947714.832383331,-41.254525772746,11.9345319338158,-23.9361924448219,NA,98.3307973845865,81.1633784450883,19.1521486030496,76.0093706450323,0,1.04536867893228,52.268433946614,0.75264329023612,29.5423421921894,70.5779291095451,140.50077899512,168.772986583879,2.00922592846554,358.74274277852
"US",100,0.08,FALSE,TRUE,250,"BES",869582.121985711,NA,NA,-137.338311775826,-10.6649248465584,-67.3124059454161,NA,251.450504444772,52.1253774989087,2.50201811994762,137.777575666716,0,0.48761556071389,48.761556071389,1.472501178,76.3310092687663,NA,130.665410771965,472.945975438502,0,211.424031218349
"US",100,0.08,FALSE,TRUE,250,"BECCS",1698781.91458289,704855.838873273,4545764.38009389,-92.5221311696166,88.699808407901,-10.3346553898883,444.180280591741,186.013512662418,66.2237383946958,3.31118691973479,127.962026899363,92.6695825078763,2.13272047966057,213.272047966058,1.3743344328,66.5598313657248,NA,211.13240547317,137.027246154466,1.34641444423016,268.607929679724
"US",100,0.08,FALSE,TRUE,250,"BEBCS",1545077.34520809,NA,NA,-136.929257295872,-11.1671517366132,-63.8558541592407,NA,251.962814850971,81.1633784450883,19.1521486030496,137.854422227646,0,0.917149111631238,91.7149111631234,0.75264329023612,35.8234561076741,46.7757278457459,254.296057525463,261.172068529115,1.52256978580138,358.74274277852
"China",100,0.08,FALSE,TRUE,250,"BES",1227407.26630281,688727.943360259,53098147.5828326,-66.4457606056293,21.7191821987124,-1.15047517509629,NA,67.2682980593346,52.1253774989087,2.50201811994762,50.0902447089001,0,0.562021684749461,56.2021684749458,1.472501178,47.3649966777076,NA,71.1154883217054,186.511621290282,0,211.424031218349
"China",100,0.08,FALSE,TRUE,250,"BECCS",534438.861712794,534438.861712794,57061495.3186477,6.78510704206917,129.311383787241,59.3594687681906,427.231790248909,29.358114740948,66.2237383946958,3.31118691973479,44.4037172111422,90.3500812087353,2.11189613544428,211.189613544428,1.3743344328,52.4585789580699,NA,148.645568981416,96.7333479675124,1.33326776227543,268.607929679724
"China",100,0.08,FALSE,TRUE,250,"BEBCS",3264736.38334596,2561331.21135191,117124443.958055,-70.6331964854766,40.3263371086127,8.24063348937296,NA,73.3079970262068,81.1633784450883,19.1521486030496,50.9961995539309,0,0.989999702467395,98.9999702467408,0.75264329023612,23.3923394155114,37.1600504291835,151.667699232491,152.956459303533,1.63547045238038,358.74274277852
"Europe",100,0.08,FALSE,TRUE,250,"BES",2873559.76431279,1107247.93941652,31800559.9956349,-131.584138418131,97.4905228370943,-10.0803113853601,NA,84.8264422410937,52.1253774989087,2.50201811994762,77.7399663361619,0,0.244118579283712,24.4118579283711,1.472501178,97.875192641296,NA,89.8928733862241,Inf,0,211.424031218349
"Europe",100,0.08,FALSE,TRUE,250,"BECCS",886048.947411739,523282.41281518,17709319.3619136,-92.0055251509642,99.8318018297684,15.7878927302554,431.984910924401,58.470266005788,66.2237383946958,3.31118691973479,73.7865399008687,91.6774284080973,1.64016481078562,164.01648107856,1.3743344328,86.7703052750839,NA,170.991054298641,143.207360196286,1.03545758256667,268.607929679724
"Europe",100,0.08,FALSE,TRUE,250,"BEBCS",953144.336780871,707.772177688118,3195.55474634011,-127.740477993468,25.508593880267,-67.6028564061758,NA,155.312587785437,81.1633784450883,19.1521486030496,88.3128881678158,0,0.751215267726045,75.1215267726048,0.75264329023612,29.9584831785291,15.9455488586494,229.4352033659,251.4688300576,1.17283502925345,358.74274277852
"India",100,0.08,FALSE,TRUE,250,"BES",2086434.22586232,2039417.19840088,101932272.305095,-44.5116752865737,64.7961638677798,39.936454499516,NA,48.5512476301124,52.1253774989087,2.50201811994762,48.7842816775464,0,0.846025703185436,84.6025703185436,1.472501178,58.7455614773704,NA,70.2285871423612,122.25950822049,0,211.424031218349
"India",100,0.08,FALSE,TRUE,250,"BECCS",538749.28310206,538749.28310206,36906790.4651003,2.64874299326084,159.168993345068,71.4860990049293,485.143600219834,42.1806993554578,66.2237383946958,3.31118691973479,45.6733761636763,103.49403708157,2.37393736948301,237.393736948301,1.3743344328,52.7947006163075,NA,159.133274507358,92.1286269283052,1.49869783426958,268.607929679724
"India",100,0.08,FALSE,TRUE,250,"BEBCS",284375.662362269,282153.586733046,20828251.3521134,-5.00046463312967,63.8170214300847,39.6906418131291,NA,56.2783059820006,81.1633784450883,19.1521486030496,56.1020694720305,0,1.05538564099199,105.538564099199,0.75264329023612,29.6656266346464,60.9040475994532,126.904139264632,148.371100941367,2.00610883118667,358.74274277852
"US",150,0.08,FALSE,TRUE,250,"BES",1148.06747967886,NA,NA,-62.4434444897057,-56.9972928936363,-60.4345798961998,NA,406.164412434896,52.1253774989087,2.50201811994762,160.984661865234,0,0.514232767692606,77.1349151538909,1.472501178,78.042562434,NA,146.425728349462,419.304701794333,0,211.424031218349
"US",150,0.08,FALSE,TRUE,250,"BECCS",3644420.25515404,3088797.23912941,12878236.2630803,-94.780936421892,217.351130385159,50.6562049111651,787.001451702613,212.061754893085,66.2237383946958,3.31118691973479,131.869263233963,125.680585111266,2.06739486279009,310.109229418513,1.3743344328,67.6317491523139,NA,237.995036618032,159.622720654765,1.3051735244887,268.607929679724
"US",150,0.08,FALSE,TRUE,250,"BEBCS",467873.059143027,63647.1012586118,111631.940740301,-103.525884481986,33.2280068995737,-28.2324850245514,NA,319.927836396529,81.1633784450883,19.1521486030496,148.049175459479,0,0.947028299517233,142.054244927585,0.75264329023612,34.9003577873311,43.1776147681494,272.62195837167,265.332048250093,1.51074140248529,358.74274277852
"China",150,0.08,FALSE,TRUE,250,"BES",46383.8447560918,44763.2846675845,4914803.93488772,-36.2361700189367,40.8437407455929,25.1220738513874,NA,41.6403547089301,52.1253774989087,2.50201811994762,46.2460532063395,0,0.564584479084501,84.6876718626753,1.472501178,41.3078508139079,NA,68.5048340417666,178.762844419118,0,211.424031218349
"China",150,0.08,FALSE,TRUE,250,"BECCS",1358042.60337697,1358042.60337697,125754072.47777,26.8494610858331,234.932714755711,118.172254816784,829.834112008655,33.3829246983602,66.2237383946958,3.31118691973479,45.007438704754,134.396865236031,2.11149365444854,316.72404816728,1.3743344328,50.3874359047255,NA,181.134390082943,117.90073754376,1.33301367073771,268.607929679724
"China",150,0.08,FALSE,TRUE,250,"BEBCS",3622156.0632287,3609993.63572154,123604448.452201,-24.5526631893661,86.9216535002551,51.332543478316,NA,79.676568921475,81.1633784450883,19.1521486030496,51.951485338221,0,1.00877799280066,151.316698920099,0.75264329023612,22.9560523712215,29.3268045733469,163.34458754617,151.153521892467,1.61549590779999,358.74274277852
"Europe",150,0.08,FALSE,TRUE,250,"BES",652100.101513235,558777.277669811,16174341.1087943,-131.675772427997,163.516927992574,34.3228485493009,NA,96.3076155038199,52.1253774989087,2.50201811994762,79.4621423255736,0,0.459649130522811,68.9473695784222,1.472501178,99.4650169152981,NA,91.0624316963568,Inf,0,211.424031218349
"Europe",150,0.08,FALSE,TRUE,250,"BECCS",2314525.97974962,2119598.83519575,60054396.8410759,-132.044351357007,181.352141593838,55.9643724021256,942.005536238554,76.1891614158103,66.2237383946958,3.31118691973479,76.4443742123697,141.143813171374,1.71453688457679,257.180532686517,1.3743344328,85.9069524137834,NA,208.917935726318,167.265025953033,1.08240964935403,268.607929679724
"Europe",150,0.08,FALSE,TRUE,250,"BEBCS",1746126.96724243,624707.41730251,15827621.0468081,-89.2254519744305,96.5593827240427,-13.7196575657053,NA,121.42279978598,81.1633784450883,19.1521486030496,83.229419967896,0,0.763368731773644,114.505309766047,0.75264329023612,40.5678775012636,14.7521021830154,224.266723722557,241.893253329129,1.22608665772761,358.74274277852
"India",150,0.08,FALSE,TRUE,250,"BES",153767.034932385,153646.763907191,4302282.62956705,-3.95286536498122,100.729592832827,64.5769624508533,NA,72.8679130103373,52.1253774989087,2.50201811994762,63.7329841543477,0,0.843594036647417,126.539105497113,1.472501178,56.3982367269458,NA,80.3804992088122,140.404530806498,0,211.424031218349
"India",150,0.08,FALSE,TRUE,250,"BECCS",2434113.18154904,2434113.18154904,132202628.178483,45.4963873198992,277.955813912378,141.4832864865,994.751320478241,44.8066655115115,66.2237383946958,3.31118691973479,46.5182588103844,153.123195511117,2.3736747728674,356.051215930109,1.3743344328,54.6084501923263,NA,195.859445278922,113.403604568855,1.4985320535779,268.607929679724
"India",150,0.08,FALSE,TRUE,250,"BEBCS",321678.95484523,321678.95484523,23478859.8466926,38.9430553362001,116.787773890135,84.7736339269495,NA,60.5837094916176,81.1633784450883,19.1521486030496,59.4262104650007,0,1.06333916162796,159.500874244194,0.75264329023612,29.4300070890123,55.584490106882,138.388594912711,150.391539256118,1.99182698504998,358.74274277852
"US",200,0.08,FALSE,TRUE,250,"BES",NA,NA,NA,NA,NA,NA,NA,NA,52.1253774989087,2.50201811994762,NA,0,NA,NA,1.472501178,NA,NA,NA,NA,0,211.424031218349
"US",200,0.08,FALSE,TRUE,250,"BECCS",4087989.19700873,4069044.7352584,14697770.1073441,-13.5454851953818,346.002452362417,143.083169137204,883.629712662959,223.544144817363,66.2237383946958,3.31118691973479,133.591621722605,133.283423959146,2.061469085291,412.293817058201,1.3743344328,67.1993230751828,NA,244.780282708041,164.667081626089,1.30143250334029,268.607929679724
"US",200,0.08,FALSE,TRUE,250,"BEBCS",25452.1847678997,13534.0665891322,2462.9697614158,-62.1818728826359,8.45957658702861,-3.88669820420992,NA,416.554852600098,81.1633784450883,19.1521486030496,162.543227890015,0,0.956644650166629,191.328930033326,0.75264329023612,34.5786405805991,33.0644861200179,305.316305611445,275.419717769782,1.45858834794443,358.74274277852
"China",200,0.08,FALSE,TRUE,250,"BES",5516.60859819158,5422.54798867986,157026.532683174,-9.59620118508792,64.0791010044247,38.8241674823882,NA,119.445405798138,52.1253774989087,2.50201811994762,57.9168108697208,0,0.556803973975581,111.360794795116,1.472501178,40.0075791758491,NA,76.4306393570689,202.410533716867,0,211.424031218349
"China",200,0.08,FALSE,TRUE,250,"BECCS",2832443.21483425,2832443.21483425,192276509.369941,60.2246319737741,340.55404572418,175.772274587133,1377.73126202918,45.5174776498167,66.2237383946958,3.31118691973479,46.8276216474724,178.00146974259,2.11028019915339,422.056039830677,1.3743344328,48.0802514609465,NA,214.186598020958,139.504783577833,1.33224760047563,268.607929679724
"China",200,0.08,FALSE,TRUE,250,"BEBCS",2188622.68792904,2188622.68792904,61877450.9387277,28.0849930742115,137.245393805093,96.2770030141807,NA,95.5358829708687,81.1633784450883,19.1521486030496,54.3303824456303,0,1.00451499263547,200.902998527096,0.75264329023612,21.3111643843696,28.7087495964825,167.326489893741,154.098978022738,1.61582260117499,358.74274277852
"Europe",200,0.08,FALSE,TRUE,250,"BES",153105.27590121,151121.062430499,2079521.20678604,-118.210198901687,224.883566897444,130.718665956271,NA,110.885427303252,52.1253774989087,2.50201811994762,81.6488140954878,0,0.862632453248564,172.526490649713,1.472501178,94.4683850208999,NA,92.5474368037103,385.003470329555,0,211.424031218349
"Europe",200,0.08,FALSE,TRUE,250,"BECCS",3176792.73384383,3140390.76706949,85317417.3134999,-104.862863987537,274.287656807411,123.150177664652,1234.57982797383,81.4421139040593,66.2237383946958,3.31118691973479,77.2323170856067,163.340545583614,1.73756161584344,347.512323168686,1.3743344328,85.7456424796283,NA,225.64215854787,178.421226089031,1.09694546454762,268.607929679724
"Europe",200,0.08,FALSE,TRUE,250,"BEBCS",1382855.03876035,1172229.34007149,19644810.4797171,-51.6596090645386,152.94854545435,25.0745989469378,NA,127.25852837671,81.1633784450883,19.1521486030496,84.1047792565057,0,0.759900893891544,151.980178778309,0.75264329023612,40.6119430399334,16.9027834333406,222.572266363724,244.663604590127,1.23286879206131,358.74274277852
"India",200,0.08,FALSE,TRUE,250,"BES",10421.7534959865,10421.7534959865,19851.4476161473,41.200017127412,122.492664920228,81.6285214038843,NA,133.990506555616,52.1253774989087,2.50201811994762,87.1954831998373,0,0.837481777292889,167.496355458578,1.472501178,55.9550447640001,NA,96.3142718916681,169.424592372388,0,211.424031218349
"India",200,0.08,FALSE,TRUE,250,"BECCS",2800291.68534253,2800291.68534253,159054601.126833,94.9055806828861,396.742634479688,249.492748657884,1135.92234988029,46.4262088289959,66.2237383946958,3.31118691973479,47.9369113276008,162.224696992492,2.37351281853566,474.702563707131,1.3743344328,54.4867185852787,NA,203.514171630469,117.846864425519,1.49842980968159,268.607929679724
"India",200,0.08,FALSE,TRUE,250,"BEBCS",98845.732488153,98845.732488153,909494.806602848,38.6737339777044,149.416619549833,109.596665136388,NA,86.4630600793317,81.1633784450883,19.1521486030496,72.5635830597778,0,1.15720745196014,231.441490392028,0.75264329023612,28.6184626050177,22.4158222472587,199.913145858848,149.48180539113,1.84030000803027,358.74274277852
"US",0,0.15,FALSE,TRUE,250,"BES",4113441.38177661,NA,NA,-197.78489020693,-98.5455100688964,-155.485580338982,NA,224.883876708497,89.3722245620168,4.28986677897681,133.792581506275,0,0.512612562756849,0,1.472501178,71.9690925082879,NA,154.468245082292,515.436169562836,0,211.424031218349
"US",0,0.15,FALSE,TRUE,250,"BECCS",NA,NA,NA,NA,NA,NA,NA,NA,113.544747359785,5.67723736798925,NA,NA,NA,NA,1.3743344328,NA,NA,NA,NA,NA,268.607929679724
"US",0,0.15,FALSE,TRUE,250,"BEBCS",NA,NA,NA,NA,NA,NA,NA,NA,132.576014453012,20.1831186695239,NA,0,NA,NA,0.75264329023612,NA,NA,NA,NA,NA,358.74274277852
"China",0,0.15,FALSE,TRUE,250,"BES",5026582.51136114,NA,NA,-169.047092195056,-72.6403268016438,-96.4734453552613,NA,67.1768448276458,89.3722245620168,4.28986677897681,50.076526724147,0,0.56203083007263,0,1.472501178,47.2651727098972,NA,97.6152822236599,255.917314843703,0,211.424031218349
"China",0,0.15,FALSE,TRUE,250,"BECCS",NA,NA,NA,NA,NA,NA,NA,NA,113.544747359785,5.67723736798925,NA,NA,NA,NA,1.3743344328,NA,NA,NA,NA,NA,268.607929679724
"China",0,0.15,FALSE,TRUE,250,"BEBCS",NA,NA,NA,NA,NA,NA,NA,NA,132.576014453012,20.1831186695239,NA,0,NA,NA,0.75264329023612,NA,NA,NA,NA,NA,358.74274277852
"Europe",0,0.15,FALSE,TRUE,250,"BES",4712753.04850539,NA,NA,-179.294049500749,-34.6579707015908,-84.4051711335675,NA,94.8873465023941,89.3722245620168,4.28986677897681,79.2491019753589,0,0.163525135681225,0,1.472501178,88.5060221827986,NA,117.426862470295,Inf,0,211.424031218349
"Europe",0,0.15,FALSE,TRUE,250,"BECCS",NA,NA,NA,NA,NA,NA,NA,NA,113.544747359785,5.67723736798925,NA,NA,NA,NA,1.3743344328,NA,NA,NA,NA,NA,268.607929679724
"Europe",0,0.15,FALSE,TRUE,250,"BEBCS",NA,NA,NA,NA,NA,NA,NA,NA,132.576014453012,20.1831186695239,NA,0,NA,NA,0.75264329023612,NA,NA,NA,NA,NA,358.74274277852
"India",0,0.15,FALSE,TRUE,250,"BES",2909559.17132664,NA,NA,-164.663990851896,-59.0619531139396,-84.3472279695334,NA,48.1938748390872,89.3722245620168,4.28986677897681,48.9689172914366,0,0.84606144046454,0,1.472501178,58.2837806628931,NA,96.8630862667,168.615220765383,0,211.424031218349
"India",0,0.15,FALSE,TRUE,250,"BECCS",NA,NA,NA,NA,NA,NA,NA,NA,113.544747359785,5.67723736798925,NA,NA,NA,NA,1.3743344328,NA,NA,NA,NA,NA,268.607929679724
"India",0,0.15,FALSE,TRUE,250,"BEBCS",NA,NA,NA,NA,NA,NA,NA,NA,132.576014453012,20.1831186695239,NA,0,NA,NA,0.75264329023612,NA,NA,NA,NA,NA,358.74274277852
"US",50,0.15,FALSE,TRUE,250,"BES",4050901.10425583,NA,NA,-187.234387084869,-74.122565318796,-129.939383798943,NA,225.405975717065,89.3722245620168,4.28986677897681,133.87089635756,0,0.513598799183852,25.6799399591926,1.472501178,71.9136639404181,NA,154.521429998172,515.085155324235,0,211.424031218349
"US",50,0.15,FALSE,TRUE,250,"BECCS",62540.2775208095,NA,NA,-156.523541064328,-94.1795162149174,-116.458642050163,64.4894806117546,191.007928231867,113.544747359785,5.67723736798925,128.71118923478,39.1252925991477,2.00143997097166,100.071998548583,1.3743344328,70.527825962956,NA,208.870897585578,143.735748578499,1.26353533520938,268.607929679724
"US",50,0.15,FALSE,TRUE,250,"BEBCS",NA,NA,NA,NA,NA,NA,NA,NA,132.576014453012,20.1831186695239,NA,0,NA,NA,0.75264329023612,NA,NA,NA,NA,NA,358.74274277852
"China",50,0.15,FALSE,TRUE,250,"BES",4999639.12697926,NA,NA,-142.770833947755,-44.2892439522158,-68.4723425439239,NA,67.4037736738752,89.3722245620168,4.28986677897681,50.1105660510814,0,0.562008137188007,28.1004068594001,1.472501178,47.1999079887676,NA,97.6383988957839,255.988542564904,0,211.424031218349
"China",50,0.15,FALSE,TRUE,250,"BECCS",26943.3843819164,NA,NA,-55.5858948822483,-26.539566599764,-41.0313275367284,66.607087964278,23.7758301830292,113.544747359785,5.67723736798925,43.5663745274543,39.6298346775296,2.11245436390006,105.622718195003,1.3743344328,55.7641482010264,NA,147.284524859325,95.8214605831331,1.33362017922984,268.607929679724
"China",50,0.15,FALSE,TRUE,250,"BEBCS",NA,NA,NA,NA,NA,NA,NA,NA,132.576014453012,20.1831186695239,NA,0,NA,NA,0.75264329023612,NA,NA,NA,NA,NA,358.74274277852
"Europe",50,0.15,FALSE,TRUE,250,"BES",4681194.0435455,NA,NA,-179.995625497094,-7.57057804052297,-76.3278436628954,NA,95.2279702796821,89.3722245620168,4.28986677897681,79.3001955419519,0,0.164357689872949,8.21788449364746,1.472501178,88.4165587264183,NA,117.461560959747,Inf,0,211.424031218349
"Europe",50,0.15,FALSE,TRUE,250,"BECCS",31559.0049597585,NA,NA,-74.870037542727,-31.9265822230267,-54.1987027529104,63.2786112740488,46.1891070162896,113.544747359785,5.67723736798925,71.9443660524435,38.8367903272005,1.62522230390314,81.2611151951571,1.3743344328,94.5433231593504,NA,167.356020207411,141.521736235913,1.02602418175703,268.607929679724
"Europe",50,0.15,FALSE,TRUE,250,"BEBCS",NA,NA,NA,NA,NA,NA,NA,NA,132.576014453012,20.1831186695239,NA,0,NA,NA,0.75264329023612,NA,NA,NA,NA,NA,358.74274277852
"India",50,0.15,FALSE,TRUE,250,"BES",2893118.64489108,NA,NA,-124.105180930303,-16.6502424841485,-42.0967318568033,NA,48.2846779866711,89.3722245620168,4.28986677897681,49.0024960787883,0,0.846052360149782,42.3026180074891,1.472501178,58.265237555486,NA,96.8858901787466,168.656807730837,0,211.424031218349
"India",50,0.15,FALSE,TRUE,250,"BECCS",16440.5264355577,NA,NA,-34.1894452654115,-9.89771157541941,-23.2146936748121,58.5449411062633,31.1789673903409,113.544747359785,5.67723736798925,42.6768451085511,37.7089439481335,2.37503754267952,118.751877133976,1.3743344328,57.6412029756704,NA,145.23959308637,84.0444192494647,1.49939238805525,268.607929679724
"India",50,0.15,FALSE,TRUE,250,"BEBCS",NA,NA,NA,NA,NA,NA,NA,NA,132.576014453012,20.1831186695239,NA,0,NA,NA,0.75264329023612,NA,NA,NA,NA,NA,358.74274277852
"US",100,0.15,FALSE,TRUE,250,"BES",2579199.29500294,NA,NA,-176.683883962807,-49.6996205686957,-110.515676319899,NA,247.035807983588,89.3722245620168,4.28986677897681,137.115371197538,0,0.473598679555235,47.3598679555236,1.472501178,72.9019182631054,NA,156.724806734608,560.298350712834,0,211.424031218349
"US",100,0.15,FALSE,TRUE,250,"BECCS",1426600.88189012,27401.5207273076,156101.626102437,-137.414250761912,34.4718057623404,-65.555480521115,386.358082702097,183.214097756158,113.544747359785,5.67723736798925,127.542114663424,98.432734748956,2.1373390974278,213.733909742779,1.3743344328,65.9074438762617,NA,251.173823417104,162.534359102649,1.34933023827512,268.607929679724
"US",100,0.15,FALSE,TRUE,250,"BEBCS",107641.204883618,NA,NA,-176.244362356982,-86.7976063800175,-120.479018856393,NA,237.091428076106,132.576014453012,20.1831186695239,135.623714211416,0,0.883734417941876,88.3734417941876,0.75264329023612,34.3170682831055,45.2133184002652,323.08735371493,327.866821857096,1.47513317786273,358.74274277852
"China",100,0.15,FALSE,TRUE,250,"BES",4294481.25305187,NA,NA,-116.494575700454,-15.9381611027877,-40.4352077051705,NA,66.8989473610959,89.3722245620168,4.28986677897681,50.0348421041641,0,0.562058619819282,56.2058619819284,1.472501178,47.0558637580711,NA,97.5869735060813,255.815736948342,0,211.424031218349
"China",100,0.15,FALSE,TRUE,250,"BECCS",466934.336756136,184101.003086781,20941952.4522522,-33.5680806427588,79.0817643687053,3.18791712991458,382.293853730662,28.9392516379121,113.544747359785,5.67723736798925,44.3408877456868,97.222074403141,2.11193802175458,211.193802175458,1.3743344328,52.7790618310569,NA,189.753629577112,123.482080192989,1.33329420565314,268.607929679724
"China",100,0.15,FALSE,TRUE,250,"BEBCS",265166.921553708,NA,NA,-111.373101042659,-29.6290053617679,-58.5976009010158,NA,135.315144567293,132.576014453012,20.1831186695239,60.297271685094,0,1.01666008960485,101.666008960485,0.75264329023612,17.9330029972261,34.8597919489027,236.761046262463,209.719802884506,1.59239173012291,358.74274277852
"Europe",100,0.15,FALSE,TRUE,250,"BES",3799553.46501537,150297.597644894,1703759.44633242,-179.011327470002,58.4558271149569,-65.2999702312979,NA,99.4103687513233,89.3722245620168,4.28986677897681,79.9275553126967,0,0.19151011475351,19.1510114753509,1.472501178,89.1386649470441,NA,117.887611397002,Inf,0,211.424031218349
"Europe",100,0.15,FALSE,TRUE,250,"BECCS",733289.601124922,98661.9085247856,3993835.09597222,-128.938898327736,49.593757541043,-39.6973188995605,375.934235305287,58.0755236123575,113.544747359785,5.67723736798925,73.727328541854,96.9943888726702,1.63470362630476,163.470362630475,1.3743344328,86.7760206122534,NA,210.970266932468,177.376106841117,1.03200986509139,268.607929679724
"Europe",100,0.15,FALSE,TRUE,250,"BEBCS",179909.982365155,NA,NA,-179.771091706465,-86.5063081084598,-118.798457176476,NA,154.215583529656,132.576014453012,20.1831186695239,88.1483375294484,0,0.731818540602638,73.1818540602639,0.75264329023612,28.773843120329,20.1533162949158,293.305151618123,329.70251383751,1.1754573350388,358.74274277852
"India",100,0.15,FALSE,TRUE,250,"BES",2564961.59036624,1687531.92287232,113603670.928962,-83.546371008711,25.7614681456425,-0.0195325478570993,NA,49.0390156924058,89.3722245620168,4.28986677897681,49.3897245293441,0,0.845976926379208,84.5976926379208,1.472501178,58.4345906845539,NA,97.1488634492206,169.131985434145,0,211.424031218349
"India",100,0.15,FALSE,TRUE,250,"BECCS",344597.580960389,305355.186700323,23438113.2682878,-43.0347055131003,108.88910899189,24.7582183785373,399.352697648535,41.6161467647324,113.544747359785,5.67723736798925,45.6937761456662,101.028094933028,2.37399382474209,237.399382474208,1.3743344328,53.3026917107976,NA,193.507380343114,112.026261349879,1.49873347521596,268.607929679724
"India",100,0.15,FALSE,TRUE,250,"BEBCS",NA,NA,NA,NA,NA,NA,NA,NA,132.576014453012,20.1831186695239,NA,0,NA,NA,0.75264329023612,NA,NA,NA,NA,NA,358.74274277852
"US",150,0.15,FALSE,TRUE,250,"BES",60962.4018399845,NA,NA,-118.686816230096,-54.686494986952,-76.1634478508169,NA,344.92362278783,89.3722245620168,4.28986677897681,151.798543418175,0,0.673921283773029,101.088192565954,1.472501178,68.2089943423971,NA,166.696392795122,399.976675356267,0,211.424031218349
"US",150,0.15,FALSE,TRUE,250,"BECCS",3858230.40921215,1442826.25644968,7290226.09597379,-144.467995835236,163.123127739598,-7.88980717687468,818.633288678831,216.891660933519,113.544747359785,5.67723736798925,132.593749140028,133.154394714622,2.06357926321003,309.536889481505,1.3743344328,67.5434319240463,NA,280.11386413284,188.051724707439,1.30276468636997,268.607929679724
"US",150,0.15,FALSE,TRUE,250,"BEBCS",194248.570724595,NA,NA,-156.656412132611,-57.2038334576988,-101.045274005807,NA,330.757845021476,132.576014453012,20.1831186695239,149.673676753221,0,0.94249719716022,141.374579574033,0.75264329023612,33.7378682055203,26.2750880903965,366.91713773031,323.257758764588,1.45603588521582,358.74274277852
"China",150,0.15,FALSE,TRUE,250,"BES",635213.11670855,30865.9898953215,2373205.20046619,-75.270865741074,6.58595295277132,-12.3781311585369,NA,67.0163562083183,89.3722245620168,4.28986677897681,50.0524534312476,0,0.562046878934564,84.3070318401843,1.472501178,47.0293817735207,NA,97.5989336507283,255.890818981712,0,211.424031218349
"China",150,0.15,FALSE,TRUE,250,"BECCS",1551413.31551827,1524422.15389218,133718351.106994,-13.033152272333,184.703095337175,57.2264501257348,902.985290423226,34.9352026204099,113.544747359785,5.67723736798925,45.2402803930614,145.040965530298,2.11133842665634,316.70076399845,1.3743344328,50.028916778425,NA,225.202267559118,146.595354875581,1.33291567339415,268.607929679724
"China",150,0.15,FALSE,TRUE,250,"BEBCS",2839956.07913489,850209.480463023,37222790.3452387,-76.9962692637637,19.4641997955997,-6.85105565062487,NA,84.393525475991,132.576014453012,20.1831186695239,52.6590288213986,0,1.00613030639696,150.919545959545,0.75264329023612,22.4616082053366,25.1859521284192,239.46564349092,204.473587233244,1.6166481555232,358.74274277852
"Europe",150,0.15,FALSE,TRUE,250,"BES",1281883.13683078,248845.870371753,3736004.09368583,-171.182495142933,124.482232270437,-20.2691596582306,NA,87.0768737470913,89.3722245620168,4.28986677897681,78.077531062064,0,0.340535726794447,51.080359019167,1.472501178,100.390103725655,NA,116.631229209826,Inf,0,211.424031218349
"Europe",150,0.15,FALSE,TRUE,250,"BECCS",2270590.03720609,1193303.79508943,35679037.8144972,-162.606287055141,131.114097305113,1.78900756808855,920.799975874526,77.1699363133715,113.544747359785,5.67723736798925,76.591490447004,143.69171144544,1.70450033941504,255.675050912254,1.3743344328,85.6191432760584,NA,247.032438770037,199.320208209154,1.0760734466004,268.607929679724
"Europe",150,0.15,FALSE,TRUE,250,"BEBCS",1160279.87446837,NA,NA,-141.669058048828,-22.024080683439,-78.6965183566062,NA,139.990888425464,132.576014453012,20.1831186695239,86.0146332638196,0,0.749362705725345,112.404405858802,0.75264329023612,35.4414807532559,12.2313614176963,300.99571458026,319.580614550993,1.18957558384238,358.74274277852
"India",150,0.15,FALSE,TRUE,250,"BES",560547.807550981,553193.226198797,29853728.3056806,-42.9875610871185,63.1383967005053,30.8531899400768,NA,62.4498978427782,89.3722245620168,4.28986677897681,59.2131989621311,0,0.844635838164174,126.695375724626,1.472501178,57.0331045185751,NA,103.820148049569,181.08181752284,0,211.424031218349
"India",150,0.15,FALSE,TRUE,250,"BECCS",2335768.51419368,2335768.51419368,130071754.790148,4.39072606100507,227.6759295592,92.8118170934255,958.791595733093,44.1172695225411,113.544747359785,5.67723736798925,46.1572809221176,152.5668104637,2.3737437124663,356.061556869942,1.3743344328,54.6963363370742,NA,231.345492425614,133.94495237606,1.49857557605195,268.607929679724
"India",150,0.15,FALSE,TRUE,250,"BEBCS",13242.8495819453,13242.8495819453,38059.5694623865,1.70510531549471,8.80270457401971,4.42885080514155,NA,128.46106537501,132.576014453012,20.1831186695239,86.6691598062515,0,1.04103146447253,156.15471967088,0.75264329023612,29.503616977256,58.198807085793,240.790674937311,229.993177037451,2.00597966311997,358.74274277852
"US",200,0.15,FALSE,TRUE,250,"BES",NA,NA,NA,NA,NA,NA,NA,NA,89.3722245620168,4.28986677897681,NA,0,NA,NA,1.472501178,NA,NA,NA,NA,0,211.424031218349
"US",200,0.15,FALSE,TRUE,250,"BECCS",4098017.49260654,3831022.96529577,14496445.0198668,-63.2325446087254,291.774449716856,88.4514514871477,887.444451471244,224.058035387479,113.544747359785,5.67723736798925,133.668705308122,138.10159652997,2.06127576914499,412.255153828998,1.3743344328,67.1885842240135,NA,284.495736433873,191.235626381539,1.30131046031881,268.607929679724
"US",200,0.15,FALSE,TRUE,250,"BEBCS",15423.8891700755,NA,NA,-115.312400533261,-53.7756323332027,-65.7920921870685,NA,422.351712578668,132.576014453012,20.1831186695239,163.4127568868,0,0.959842524030847,191.968504806169,0.75264329023612,34.5031755956983,23.9081174203994,388.316452668098,330.460399007444,1.44984140141162,358.74274277852
"China",200,0.15,FALSE,TRUE,250,"BES",11205.4722721642,9274.38137724588,923251.584793364,-48.6308969072252,25.8968984673307,8.97871656950977,NA,72.7453589745288,89.3722245620168,4.28986677897681,50.9118038461793,0,0.561473978657942,112.294795731588,1.472501178,41.2578160250943,NA,98.182532786519,257.760908565744,0,211.424031218349
"China",200,0.15,FALSE,TRUE,250,"BECCS",3000909.02667662,3000909.02667662,197360329.482712,10.5375725604305,290.324426305644,120.185845880278,1421.61334396056,46.787187504398,113.544747359785,5.67723736798925,47.0180781256594,183.558963437665,2.11015322816793,422.030645633585,1.3743344328,47.9542265377868,NA,254.522493173977,165.784264021965,1.33216744202521,268.607929679724
"China",200,0.15,FALSE,TRUE,250,"BEBCS",2014468.01241277,1989731.34895074,55928349.2250091,-26.6223057630052,73.5974192889619,36.3727152133553,NA,97.9961070864453,132.576014453012,20.1831186695239,54.6994160629671,0,1.00515979621258,201.031959242516,0.75264329023612,20.9934126718392,21.8058924845007,246.667523791727,206.642918635198,1.61445197690962,358.74274277852
"Europe",200,0.15,FALSE,TRUE,250,"BES",218105.457630241,213985.332545071,2421793.98458797,-157.244894623824,186.013349858778,84.6096317559287,NA,116.387096412345,89.3722245620168,4.28986677897681,82.4740644618515,0,0.832071345856226,166.414269171245,1.472501178,94.33151838753,NA,119.616988043486,447.009192034972,0,211.424031218349
"Europe",200,0.15,FALSE,TRUE,250,"BECCS",3260089.22954817,2923502.21624523,82841415.9036873,-127.479792760472,224.600597394068,68.0671143638839,1256.22794193975,81.7274845863417,113.544747359785,5.67723736798925,77.2751226879491,167.907541744103,1.73571575041094,347.143150082186,1.3743344328,85.3286134415356,NA,265.149908539663,210.252743278079,1.09578014546144,268.607929679724
"Europe",200,0.15,FALSE,TRUE,250,"BEBCS",1234558.3613269,59908.6213790568,551566.779147107,-104.103215138936,58.6837849399996,-34.9645567022041,NA,129.447914977677,132.576014453012,20.1831186695239,84.4331872466516,0,0.746460122746845,149.292024549369,0.75264329023612,40.5014705537053,12.4342685639112,298.624932582292,318.898626243728,1.20586458715052,358.74274277852
"India",200,0.15,FALSE,TRUE,250,"BES",98105.5128407615,97985.2418155674,728146.548529121,-2.42875116552605,95.8055184528279,56.3114606344561,NA,91.7361936717702,89.3722245620168,4.28986677897681,74.358455366555,0,0.841707208581272,168.341441716255,1.472501178,55.9905656257496,NA,114.105543151931,199.690570937142,0,211.424031218349
"India",200,0.15,FALSE,TRUE,250,"BECCS",2801518.23641953,2801518.23641953,159211076.373827,51.0147494174307,346.46275012651,198.326755439072,1136.60559364683,46.4321218777845,113.544747359785,5.67723736798925,47.9352753200588,163.704137692951,2.37351222723078,474.702445446155,1.3743344328,54.4857077337034,NA,240.743002463167,139.40339749311,1.49842943638306,268.607929679724
"India",200,0.15,FALSE,TRUE,250,"BEBCS",9935.42206638684,9935.42206638684,44547.7323879215,41.1788482791815,91.7655899135463,59.2914467038863,NA,87.4944594311458,132.576014453012,20.1831186695239,73.5693302049945,0,1.1956286457531,239.12572915062,0.75264329023612,28.6004450289726,17.8937358518235,276.936937032038,189.347541706723,1.7867659465236,358.74274277852
"US",0,0.02,TRUE,FALSE,250,"BES",3423322.04443961,NA,NA,-131.581759194541,-32.3423790565078,-87.6495092389044,NA,214.732735315427,26.2012980234781,1.25766230512695,132.269910297315,0,0.514918597699301,0,1.472501178,72.0793613870157,NA,108.474528246468,366.859387891998,0,211.424031218349
"US",0,0.02,TRUE,FALSE,250,"BECCS",NA,NA,NA,NA,NA,NA,NA,NA,33.2879681484244,1.66439840742122,NA,NA,NA,NA,1.3743344328,NA,NA,NA,NA,NA,268.607929679724
"US",0,0.02,TRUE,FALSE,250,"BEBCS",690119.337337024,NA,NA,-121.574273997982,-57.3668660847716,-89.3152640646947,NA,278.949996879899,45.2070426719704,18.4345858548583,141.902499531985,0,0.921578178113082,0,0.75264329023612,36.4855557568134,79.7433082373059,167.145341562855,224.947027273311,1.58986703956575,358.74274277852
"China",0,0.02,TRUE,FALSE,250,"BES",4412459.34039563,NA,NA,-102.843961182668,-6.60692945186052,-29.2876910726025,NA,64.4799376266288,26.2012980234781,1.25766230512695,49.6719906439939,0,0.562300520792733,0,1.472501178,47.8432599000105,NA,52.380909519788,137.316866438968,0,211.424031218349
"China",0,0.02,TRUE,FALSE,250,"BECCS",NA,NA,NA,NA,NA,NA,NA,NA,33.2879681484244,1.66439840742122,NA,NA,NA,NA,1.3743344328,NA,NA,NA,NA,NA,268.607929679724
"China",0,0.02,TRUE,FALSE,250,"BEBCS",614123.170965858,2191.68322958499,89457.1833824527,-97.2120570500971,8.31674733112193,-31.3209286251949,NA,87.4767993376549,45.2070426719704,18.4345858548583,53.1215199006485,0,0.974601872543339,0,0.75264329023612,21.9346601141772,63.5075596881046,70.7580728218073,119.79135665237,1.64864540493768,358.74274277852
"Europe",0,0.02,TRUE,FALSE,250,"BES",4705600.67080128,855100.973022252,25591713.6730028,-113.090918488361,31.5451603107978,-18.1946849275197,NA,94.8064615171687,26.2012980234781,1.25766230512695,79.2369692275751,0,0.162681259356912,0,1.472501178,88.5012446286746,NA,72.4589773850626,Inf,0,211.424031218349
"Europe",0,0.02,TRUE,FALSE,250,"BECCS",NA,NA,NA,NA,NA,NA,NA,NA,33.2879681484244,1.66439840742122,NA,NA,NA,NA,1.3743344328,NA,NA,NA,NA,NA,268.607929679724
"Europe",0,0.02,TRUE,FALSE,250,"BEBCS",7152.37770410282,NA,NA,-46.7638686927442,-11.5692569141788,-20.1303903350994,NA,161.067213568889,45.2070426719704,18.4345858548583,89.1760820353333,0,1.08202119870105,0,0.75264329023612,47.2363169196079,85.4510033074549,89.5068196696111,142.836198566233,1.95620897718706,358.74274277852
"India",0,0.02,TRUE,FALSE,250,"BES",2452436.25673808,292513.358181308,12305937.7797011,-98.4608598395073,7.14117789844906,-17.2431230682078,NA,47.7826562118131,26.2012980234781,1.25766230512695,48.2462906821792,0,0.846102562327268,0,1.472501178,58.4621279425733,NA,51.412693002806,89.4991114871807,0,211.424031218349
"India",0,0.02,TRUE,FALSE,250,"BECCS",NA,NA,NA,NA,NA,NA,NA,NA,33.2879681484244,1.66439840742122,NA,NA,NA,NA,1.3743344328,NA,NA,NA,NA,NA,268.607929679724
"India",0,0.02,TRUE,FALSE,250,"BEBCS",457122.914588533,114392.564304977,13748753.1655249,-60.3602177232171,17.1927510236268,-10.9741443179907,NA,50.3305210801971,45.2070426719704,18.4345858548583,52.7236047642062,0,1.05717072479522,0,0.75264329023612,29.3170852133306,76.0740037597141,53.5329684779099,110.19619045507,2.00496564557829,358.74274277852
"US",50,0.02,TRUE,FALSE,250,"BES",828190.917646839,NA,NA,-121.03125607248,-7.91943430640742,-61.4641189219125,NA,233.335570376786,26.2012980234781,1.25766230512695,135.060335556518,0,0.437130718824758,21.8565359412379,1.472501178,79.1986410219701,NA,110.369552373372,434.324699202407,0,211.424031218349
"US",50,0.02,TRUE,FALSE,250,"BECCS",2067670.03917727,27287.2687381381,370474.155047771,-98.6714741902688,8.06208213891992,-42.1742256011059,362.713856476312,204.088459887594,33.2879681484244,1.66439840742122,130.673268983139,45.6579501813734,2.09403651350389,104.701825675195,1.3743344328,64.4075344440588,NA,153.735204967469,101.790810471421,1.32199274842418,268.607929679724
"US",50,0.02,TRUE,FALSE,250,"BEBCS",1217580.42495256,NA,NA,-109.997215679103,-7.89543522706987,-47.4826766319248,NA,256.152913808247,45.2070426719704,18.4345858548583,138.482937071237,0,0.935786844529439,46.7893422264719,0.75264329023612,36.8189954002001,71.0335513394685,174.174161862881,217.802256262856,1.58465156014015,358.74274277852
"China",50,0.02,TRUE,FALSE,250,"BES",1075097.84599386,378544.378990676,27965634.120741,-76.5677029353666,20.6163894321306,-5.17899818672815,NA,82.2958297213254,26.2012980234781,1.25766230512695,52.3443744581986,0,0.560518931583263,28.025946579163,1.472501178,46.5983900209081,NA,54.1957697413832,142.609374042023,0,211.424031218349
"China",50,0.02,TRUE,FALSE,250,"BECCS",1208215.28080634,1135532.77622463,83719163.3551844,-53.1762407124177,58.6738535745451,23.5336776643745,355.484449972193,52.6181552299484,33.2879681484244,1.66439840742122,47.8927232844922,45.2806510168485,2.10957013139538,105.478506569769,1.3743344328,46.1809119517929,NA,93.2274836454107,60.7419323466003,1.33179932537588,268.607929679724
"China",50,0.02,TRUE,FALSE,250,"BEBCS",2743269.38456137,2170318.54009468,112696418.290186,-61.132893458283,54.3694999930522,10.6336319630266,NA,68.0485330598498,45.2070426719704,18.4345858548583,50.2072799589773,0,0.98035717053986,49.0178585269937,0.75264329023612,23.7414599341018,51.7232219877328,82.543334012296,116.156012137447,1.64683674363605,358.74274277852
"Europe",50,0.02,TRUE,FALSE,250,"BES",3467433.76742703,1814664.077435,47408122.5894437,-113.792494484706,58.6325529718656,-9.92969249654876,NA,105.214706751266,26.2012980234781,1.25766230512695,80.798206012688,0,0.191501259021551,9.57506295107753,1.472501178,88.752410893671,NA,73.5192392092574,Inf,0,211.424031218349
"Europe",50,0.02,TRUE,FALSE,250,"BECCS",946236.760552103,781169.354752783,29615361.1865513,-61.6877037196605,53.2775103495838,16.3481309716501,360.318065834849,55.9690561106304,33.2879681484244,1.66439840742122,73.4113584165949,45.5569313220478,1.6551895526397,82.7594776319845,1.3743344328,87.5093096341382,NA,111.996507269993,93.1383499853603,1.04494289939375,268.607929679724
"Europe",50,0.02,TRUE,FALSE,250,"BEBCS",299082.520526386,22210.7269501789,78108.1417823488,-69.0392492048378,44.0901292705702,-27.3802544495179,NA,98.2843324080833,45.2070426719704,18.4345858548583,79.7586498612122,0,0.729708672728198,36.4854336364098,0.75264329023612,33.5190809453412,46.0155093567721,129.390337088792,198.858726165815,1.25752579255691,358.74274277852
"India",50,0.02,TRUE,FALSE,250,"BES",1340160.49936319,1193419.76410266,62514154.9779578,-57.9020499179149,49.5528885282401,23.9762742647157,NA,49.0256183114664,26.2012980234781,1.25766230512695,48.903974740248,0,0.845978266117303,42.2989133058655,1.472501178,58.040296027706,NA,51.8593371670995,90.2955811925824,0,211.424031218349
"India",50,0.02,TRUE,FALSE,250,"BECCS",975441.730665342,966847.221537848,47311331.3678096,-18.7049807442733,76.4594871894973,44.0588299163728,383.277053867719,48.2846750872789,33.2879681484244,1.66439840742122,48.0353042923275,46.8526979347672,2.37332697190982,118.666348595491,1.3743344328,55.2328501038245,NA,94.4750896755234,54.71019664763,1.49831248226631,268.607929679724
"India",50,0.02,TRUE,FALSE,250,"BEBCS",593956.941297991,569382.313072397,48606381.3773871,-19.7607244120775,70.2533730282279,39.1410903072613,NA,46.2273619081192,45.2070426719704,18.4345858548583,50.5947013011432,0,1.05970265387481,52.9851326937402,0.75264329023612,29.3370806074393,71.0552068340541,57.3726273177442,107.885846144079,2.00180288510918,358.74274277852
"US",100,0.02,TRUE,FALSE,250,"BES",51574.6865011543,14665.5117801581,818.845400859292,-85.63124489716,16.5035104436929,-28.502917326449,NA,385.923824680553,26.2012980234781,1.25766230512695,157.948573702083,0,0.393760678022753,39.3760678022752,1.472501178,117.528548901964,NA,125.913334943823,722.609038407052,0,211.424031218349
"US",100,0.02,TRUE,FALSE,250,"BECCS",3706604.44531481,3459490.41691354,14027996.9977136,-78.4324950844384,128.811134706301,47.805782776218,522.298253365077,208.986014133397,33.2879681484244,1.66439840742122,131.40790212001,58.789179926888,2.06871839177867,206.871839177868,1.3743344328,66.0833922010948,NA,163.824352522431,109.742832004298,1.30600908571886,268.607929679724
"US",100,0.02,TRUE,FALSE,250,"BEBCS",355262.24996068,20603.3535356831,5151.32635123466,-107.273027081267,42.2910095546569,-19.2818574339778,NA,378.187460742264,45.2070426719704,18.4345858548583,156.788119111339,0,0.883021108434245,88.3021108434245,0.75264329023612,39.8424362911194,73.0033430696467,195.878188885828,250.39911375081,1.53094366794335,358.74274277852
"China",100,0.02,TRUE,FALSE,250,"BES",160269.181739668,145406.61769227,11180990.2728697,-39.2773253153781,45.0390140648915,19.0469667761141,NA,84.0841983645461,26.2012980234781,1.25766230512695,52.6126297546821,0,0.56034009471894,56.034009471894,1.472501178,43.084547387508,NA,54.3779463674472,143.326427299074,0,211.424031218349
"China",100,0.02,TRUE,FALSE,250,"BECCS",2444154.2328664,2443148.99644914,143637650.990686,-21.6877592934008,164.298733415962,106.447410276574,584.120892156593,63.771346965178,33.2879681484244,1.66439840742122,49.5657020447765,64.719858680016,2.10845481222185,210.845481222183,1.3743344328,44.8398563350235,NA,108.589236883622,70.7940715496792,1.33109520973602,268.607929679724
"China",100,0.02,TRUE,FALSE,250,"BEBCS",2422159.09675548,2406225.22029372,99449842.2416815,-34.5731940894521,100.422252654982,55.0101093776105,NA,69.9078398103805,45.2070426719704,18.4345858548583,50.486175971557,0,0.980162545126512,98.0162545126517,0.75264329023612,23.8512711922594,47.2703881710838,88.8301499457036,116.432505351445,1.6471165086106,358.74274277852
"Europe",100,0.02,TRUE,FALSE,250,"BES",1588537.68278467,1414720.23705755,35685148.9944609,-104.41570312788,121.478169797267,25.0662609114499,NA,88.4161354049612,26.2012980234781,1.25766230512695,78.2784203107432,0,0.289823359194677,28.9823359194677,1.472501178,101.821305631319,NA,71.8080108994994,Inf,0,211.424031218349
"Europe",100,0.02,TRUE,FALSE,250,"BECCS",1972574.74958051,1857911.44205123,56437934.2426445,-77.3782635355233,169.204478610178,65.8568259176855,689.786475937353,69.7850671743698,33.2879681484244,1.66439840742122,75.4837600761541,76.5037683137794,1.68930857321251,168.930857321251,1.3743344328,83.8658635422424,NA,136.022128591305,110.709919075104,1.06648268510891,268.607929679724
"Europe",100,0.02,TRUE,FALSE,250,"BEBCS",1151640.61614018,498864.873757223,7780341.72046823,-91.0665794721589,99.7495154553191,-16.9859461016313,NA,148.316093789679,45.2070426719704,18.4345858548583,87.2634140684519,0,0.758171030491567,75.817103049157,0.75264329023612,34.5720859653649,23.5299074791331,169.237056609098,200.453694128087,1.21692908164416,358.74274277852
"India",100,0.02,TRUE,FALSE,250,"BES",406545.84738697,406064.945720429,14869829.7142642,-17.3432399963224,90.3274275271717,63.5422838052163,NA,56.310636102259,26.2012980234781,1.25766230512695,52.0386701393696,0,0.845249764338225,84.5249764338226,1.472501178,58.5149378393686,NA,53.9881608624251,94.1065982180318,0,211.424031218349
"India",100,0.02,TRUE,FALSE,250,"BECCS",2292633.37981424,2292633.37981424,134247632.238954,38.1980189618264,195.122852649118,139.063974322715,616.941216196622,46.3194917672132,33.2879681484244,1.66439840742122,47.8874874122398,70.0241141357371,2.37352349024184,237.352349024184,1.3743344328,54.5755934023589,NA,111.227634595741,64.4040206636827,1.49843654686984,268.607929679724
"India",100,0.02,TRUE,FALSE,250,"BEBCS",210379.94412542,210019.312767672,10862279.0538592,-9.2569319681827,120.372962715656,74.448767544041,NA,53.1087027414377,45.2070426719704,18.4345858548583,54.8459212063064,0,1.0776796030977,107.76796030977,0.75264329023612,28.5201202381249,56.6482367292808,82.1628436818375,109.896267222635,1.96950714052885,358.74274277852
"US",150,0.02,TRUE,FALSE,250,"BES",NA,NA,NA,NA,NA,NA,NA,NA,26.2012980234781,1.25766230512695,NA,0,NA,NA,1.472501178,NA,NA,NA,NA,0,211.424031218349
"US",150,0.02,TRUE,FALSE,250,"BECCS",4045353.72168924,4034664.15611621,14669225.5224943,-44.1837738726527,257.59886404745,143.612177008846,581.130249766141,221.845864854637,33.2879681484244,1.66439840742122,133.336879728196,64.606696244544,2.06265891187296,309.398836780944,1.3743344328,67.1092827564851,NA,169.460894648542,113.922271810785,1.30218365648546,268.607929679724
"US",150,0.02,TRUE,FALSE,250,"BEBCS",68087.6600873817,56482.0624146876,33912.9450780312,-65.9290154819165,35.6956033658688,14.9250201736256,NA,411.589900004657,45.2070426719704,18.4345858548583,161.798485000699,0,0.880239706816416,132.035956022462,0.75264329023612,38.868066373729,69.4611113049615,207.241603354534,257.461478224192,1.47916749439192,358.74274277852
"China",150,0.02,TRUE,FALSE,250,"BES",6310.23921790136,6310.23921790136,240450.084858867,0.773045088471278,68.0121760358442,46.7905052233608,NA,93.2122393871176,26.2012980234781,1.25766230512695,53.9818359080676,0,0.559427290616683,83.9140935925024,1.472501178,44.317207867531,NA,55.3077970010783,145.763492633664,0,211.424031218349
"China",150,0.02,TRUE,FALSE,250,"BECCS",3025172.51198453,3025172.51198453,177938141.473631,32.9923680483707,269.923613257379,197.748475468658,679.051795635225,64.4977517385001,33.2879681484244,1.66439840742122,49.6746627607748,78.9346282207098,2.10838217174452,316.25732576168,1.3743344328,45.0528072443015,NA,119.011540156276,77.5909234197921,1.33104935084882,268.607929679724
"China",150,0.02,TRUE,FALSE,250,"BEBCS",1995099.7601591,1995099.7601591,76132456.5374677,12.1212353319432,146.475005316913,100.306930213201,NA,71.7061077024408,45.2070426719704,18.4345858548583,50.7559161553663,0,0.978683710873805,146.80255663107,0.75264329023612,23.2787027504625,44.623215513862,92.7057081003717,116.865309132719,1.64871553528314,358.74274277852
"Europe",150,0.02,TRUE,FALSE,250,"BES",157885.931821724,149283.566853419,2547404.75706667,-104.507337137746,186.162648980762,85.4484160782045,NA,114.666482030018,26.2012980234781,1.25766230512695,82.2159723045025,0,0.692925193596494,103.938779039474,1.472501178,91.1845696718368,NA,74.4820678392067,Inf,0,211.424031218349
"Europe",150,0.02,TRUE,FALSE,250,"BECCS",3010528.78589486,2989901.25120345,83060662.3820311,-97.08167215182,309.99175516965,125.066958723696,959.340756280066,75.395709458625,33.2879681484244,1.66439840742122,76.325356418792,109.198401098954,1.72932371501076,259.398557251614,1.3743344328,86.1445255456863,NA,160.423925073614,127.188933237672,1.0917447695775,268.607929679724
"Europe",150,0.02,TRUE,FALSE,250,"BEBCS",1544338.33078886,1293312.53869342,21221142.1779303,-52.5515534531212,155.679686632071,29.4533359197599,NA,133.520720793921,45.2070426719704,18.4345858548583,85.0441081190868,0,0.783074220289183,117.461133043377,0.75264329023612,41.0921111951925,19.585828327104,171.528677653277,192.651673905948,1.26208421975282,358.74274277852
"India",150,0.02,TRUE,FALSE,250,"BES",26108.7136026918,26108.7136026918,28493.3875511984,39.2752297000504,76.6317175044632,68.6702336108764,NA,121.56348495022,26.2012980234781,1.25766230512695,85.634522742533,0,0.838724479453429,125.808671918014,1.472501178,55.9550447639999,NA,76.8036622047021,134.857663673434,0,211.424031218349
"India",150,0.02,TRUE,FALSE,250,"BECCS",2788667.73398936,2788667.73398936,158948936.03808,95.5891561900874,313.786218108739,242.410264963864,640.443270629072,46.3075341926994,33.2879681484244,1.66439840742122,47.852174286763,85.3226155401731,2.37352468599929,356.028702899893,1.3743344328,54.5087184467585,NA,122.333510949186,70.8351988121257,1.49843730176722,268.607929679724
"India",150,0.02,TRUE,FALSE,250,"BEBCS",94782.7237346089,94782.7237346089,1006517.95542037,32.6762877364883,146.147348954632,101.765380360737,NA,80.4439801910803,45.2070426719704,18.4345858548583,69.9936396063376,0,1.13223360522689,169.835040784034,0.75264329023612,28.4237600678588,37.1418476420107,128.206046267792,118.17791186885,1.87618538400517,358.74274277852
"US",200,0.02,TRUE,FALSE,250,"BES",NA,NA,NA,NA,NA,NA,NA,NA,26.2012980234781,1.25766230512695,NA,0,NA,NA,1.472501178,NA,NA,NA,NA,0,211.424031218349
"US",200,0.02,TRUE,FALSE,250,"BECCS",4103105.24318151,4103105.24318151,14707256.0572939,37.0516773538574,386.3865933886,244.916695503838,593.347839595503,224.340697022299,33.2879681484244,1.66439840742122,133.711104553345,65.8426968859054,2.06119940686433,412.239881372867,1.3743344328,67.1829821260656,NA,170.632534846212,114.817394156254,1.3012622518083,268.607929679724
"US",200,0.02,TRUE,FALSE,250,"BEBCS",10336.1385951021,8965.91278792958,646.568042470615,-24.5850038825662,58.2897955373485,37.3866516475378,NA,419.975914001465,45.2070426719704,18.4345858548583,163.05638710022,0,0.950920558887022,190.184111777404,0.75264329023612,34.4590205839213,39.4415349132605,248.79844561564,239.528938695792,1.44034737195895,358.74274277852
"China",200,0.02,TRUE,FALSE,250,"BES",3501.60457241151,3501.60457241151,132130.992247714,59.120533427931,90.7102305505048,77.1231776520438,NA,81.734048306942,26.2012980234781,1.25766230512695,52.2601072460413,0,0.5605751097247,112.11502194494,1.472501178,44.72722328175,NA,54.1385424783995,142.294745322605,0,211.424031218349
"China",200,0.02,TRUE,FALSE,250,"BECCS",3465529.90632992,3465529.90632992,199687061.691284,94.0720092393628,375.548493098796,290.020795075096,770.373536678797,63.4553120905837,33.2879681484244,1.66439840742122,49.5182968135873,92.6842807408694,2.10848641570931,421.697283141861,1.3743344328,45.4784560435305,NA,128.902354392283,84.0304772266705,1.33111516143265,268.607929679724
"China",200,0.02,TRUE,FALSE,250,"BEBCS",1557551.00045923,1557551.00045923,54491855.4124266,64.7588915955207,196.745035798977,145.502875731185,NA,76.45766911175,45.2070426719704,18.4345858548583,51.4686503667627,0,0.981630914893424,196.326182978684,0.75264329023612,22.2918778393263,41.9950938067647,97.1445385022809,117.226491727022,1.64426826186231,358.74274277852
"Europe",200,0.02,TRUE,FALSE,250,"BES",70045.8900888941,69519.5915020629,1188372.88940747,-91.0417636114358,176.776635291423,162.949115135077,NA,109.456122088805,26.2012980234781,1.25766230512695,81.4344183133209,0,0.887320875155827,177.464175031165,1.472501178,94.3783187458384,NA,73.9513015465485,486.889328406001,0,211.424031218349
"Europe",200,0.02,TRUE,FALSE,250,"BECCS",3538101.02295256,3530421.61926263,94450616.0176387,-70.280305228952,450.779031729122,194.506532875525,1121.7719802516,81.5131282329189,33.2879681484244,1.66439840742122,77.2429692349355,126.228171915356,1.73295235266481,346.590470532962,1.3743344328,86.3395700487204,NA,173.482888892181,137.411914932846,1.09403557617728,268.607929679724
"Europe",200,0.02,TRUE,FALSE,250,"BEBCS",1104606.13546387,1089229.42833728,12034632.7397876,-14.9857105432294,212.068849362378,69.7224887346135,NA,140.8898496524,45.2070426719704,18.4345858548583,86.1494774478605,0,0.778562171384868,155.712434276974,0.75264329023612,37.9168369543972,25.8843234779352,164.62882763212,195.733312552382,1.27218999708582,358.74274277852
"India",200,0.02,TRUE,FALSE,250,"BES",8525.37561044009,8525.37561044009,7839.25112499529,105.890697115234,118.809198564819,111.721718380382,NA,115.003127321785,26.2012980234781,1.25766230512695,84.6504690982677,0,0.839380515216272,167.876103043254,1.472501178,55.955044764,NA,76.1353750352468,133.568110771303,0,211.424031218349
"India",200,0.02,TRUE,FALSE,250,"BECCS",2812377.03495486,2812377.03495486,159187122.956398,139.306512769871,432.44958356836,359.716549648607,652.768892296619,46.4910347723123,33.2879681484244,1.66439840742122,47.9663485038671,86.5423797153116,2.37350633594133,474.701267188265,1.3743344328,54.47637723537,NA,123.30411778287,71.3982981361619,1.49842571713467,268.607929679724
"India",200,0.02,TRUE,FALSE,250,"BEBCS",88656.760761395,88656.760761395,788985.173528413,84.0417864766505,196.210712584935,148.806043499532,NA,92.8137635001301,45.2070426719704,18.4345858548583,75.5994367877932,0,1.15852323919716,231.704647839432,0.75264329023612,28.6205887666677,27.7218722080535,148.17004888409,120.350772957183,1.83763255025394,358.74274277852
"US",0,0.08,TRUE,FALSE,250,"BES",4113441.38177661,NA,NA,-158.750194484793,-59.5108143467591,-116.450884616844,NA,224.883876708497,52.1253774989087,2.50201811994762,133.792581506275,0,0.512612562756849,0,1.472501178,71.9690925082879,NA,127.959135069114,426.948418938845,0,211.424031218349
"US",0,0.08,TRUE,FALSE,250,"BECCS",NA,NA,NA,NA,NA,NA,NA,NA,66.2237383946958,3.31118691973479,NA,NA,NA,NA,1.3743344328,NA,NA,NA,NA,NA,268.607929679724
"US",0,0.08,TRUE,FALSE,250,"BEBCS",NA,NA,NA,NA,NA,NA,NA,NA,81.1633784450883,19.1521486030496,NA,0,NA,NA,0.75264329023612,NA,NA,NA,NA,NA,358.74274277852
"China",0,0.08,TRUE,FALSE,250,"BES",5025247.98817207,NA,NA,-130.012396472919,-33.6056310795066,-57.4364067228963,NA,67.1594934065935,52.1253774989087,2.50201811994762,50.0739240109891,0,0.562032565214735,0,1.472501178,47.2649129069675,NA,71.1044046647577,186.452386231475,0,211.424031218349
"China",0,0.08,TRUE,FALSE,250,"BECCS",NA,NA,NA,NA,NA,NA,NA,NA,66.2237383946958,3.31118691973479,NA,NA,NA,NA,1.3743344328,NA,NA,NA,NA,NA,268.607929679724
"China",0,0.08,TRUE,FALSE,250,"BEBCS",1334.52318907365,NA,NA,-88.1461385515174,-51.8249643739496,-65.2925212693415,NA,139.436837800344,81.1633784450883,19.1521486030496,60.9155256700516,0,0.981959392535028,0,0.75264329023612,24.7117880294193,71.2267434194287,119.584284436422,164.126788017471,1.63201754015187,358.74274277852
"Europe",0,0.08,TRUE,FALSE,250,"BES",4712753.04850539,60443.4147880121,2570598.81697642,-140.259353778612,4.37672502054652,-45.37047541143,NA,94.8873465023941,52.1253774989087,2.50201811994762,79.2491019753589,0,0.163525135681225,0,1.472501178,88.5060221827986,NA,90.9177524571162,Inf,0,211.424031218349
"Europe",0,0.08,TRUE,FALSE,250,"BECCS",NA,NA,NA,NA,NA,NA,NA,NA,66.2237383946958,3.31118691973479,NA,NA,NA,NA,1.3743344328,NA,NA,NA,NA,NA,268.607929679724
"Europe",0,0.08,TRUE,FALSE,250,"BEBCS",NA,NA,NA,NA,NA,NA,NA,NA,81.1633784450883,19.1521486030496,NA,0,NA,NA,0.75264329023612,NA,NA,NA,NA,NA,358.74274277852
"India",0,0.08,TRUE,FALSE,250,"BES",2888274.50217755,NA,NA,-125.629295129759,-20.0272573918022,-45.024642710517,NA,47.6033548266135,52.1253774989087,2.50201811994762,48.685569492132,0,0.846120492465787,0,1.472501178,58.2883224004677,NA,70.1615500581888,122.13155634739,0,211.424031218349
"India",0,0.08,TRUE,FALSE,250,"BECCS",NA,NA,NA,NA,NA,NA,NA,NA,66.2237383946958,3.31118691973479,NA,NA,NA,NA,1.3743344328,NA,NA,NA,NA,NA,268.607929679724
"India",0,0.08,TRUE,FALSE,250,"BEBCS",21284.6691490906,NA,NA,-84.4182430089022,-75.8596474095302,-80.7102380172848,NA,125.9925917156,81.1633784450883,19.1521486030496,86.29888875734,0,1.04099747019692,0,0.75264329023612,29.4848983876542,76.419279400539,146.410840081187,179.266941245226,2.00700152001102,358.74274277852
"US",50,0.08,TRUE,FALSE,250,"BES",2646689.07127998,NA,NA,-148.199691362731,-35.0878695966587,-89.6195010687797,NA,222.021176408475,52.1253774989087,2.50201811994762,133.363176461271,0,0.50640440011518,25.3202200057589,1.472501178,73.0508510055864,NA,127.667518973033,436.14651565909,0,211.424031218349
"US",50,0.08,TRUE,FALSE,250,"BECCS",1170038.4999528,NA,NA,-125.597836426204,-31.5777634269005,-79.758762131236,241.166979241617,218.970446693406,66.2237383946958,3.31118691973479,132.905567004011,46.6645907212403,2.08205786836335,104.102893418167,1.3743344328,65.2434274902822,NA,181.255069431803,120.466091439512,1.31443047245161,268.607929679724
"US",50,0.08,TRUE,FALSE,250,"BEBCS",296713.810543957,NA,NA,-123.295416775832,-65.2763869800344,-97.0457010380312,NA,276.839279227082,81.1633784450883,19.1521486030496,141.585891884062,0,0.911124641300522,45.5562320650261,0.75264329023612,36.0073947132357,63.2920911159073,237.309400260859,267.365367142231,1.56748542048868,358.74274277852
"China",50,0.08,TRUE,FALSE,250,"BES",3987762.6357353,NA,NA,-103.736138225618,-5.2545482300785,-28.7115937433932,NA,66.2524432692505,52.1253774989087,2.50201811994762,49.9378664903871,0,0.562123270228469,28.1061635114235,1.472501178,47.7475048544315,NA,71.0120057433622,186.173930879472,0,211.424031218349
"China",50,0.08,TRUE,FALSE,250,"BECCS",723597.250429588,138393.29785078,16360311.9731512,-92.7679415183986,23.6900528187721,-13.276474749711,241.208718928589,54.1501573146355,66.2237383946958,3.31118691973479,48.1225235971954,46.6657419799407,2.10941693118691,105.470846559345,1.3743344328,45.5758695825112,NA,119.565650812359,77.9073136161435,1.33170260807254,268.607929679724
"China",50,0.08,TRUE,FALSE,250,"BEBCS",315222.625196816,NA,NA,-98.0532369438235,-5.77221171201933,-40.5899889294484,NA,111.381067090073,81.1633784450883,19.1521486030496,56.7071600635113,0,0.99988298203405,49.9941491017025,0.75264329023612,19.0413159280894,47.3972331524087,145.653931126986,157.119116337202,1.61592527375524,358.74274277852
"Europe",50,0.08,TRUE,FALSE,250,"BES",4193713.5594359,240551.045743415,5907610.56411693,-140.960929774957,31.4641176816143,-38.3554581760093,NA,100.225219612613,52.1253774989087,2.50201811994762,80.0497829418896,0,0.175675079999865,8.78375399999326,1.472501178,87.5379663847384,NA,91.4615081963276,Inf,0,211.424031218349
"Europe",50,0.08,TRUE,FALSE,250,"BECCS",504081.382017654,77788.8065230991,3218282.55622876,-63.6555767124873,18.3114620656987,-15.3789872702022,235.455823843983,50.4801229720703,66.2237383946958,3.31118691973479,72.5880184458111,46.1913705587355,1.64551372362292,82.2756861811465,1.3743344328,90.6596408676256,NA,137.022190396056,114.598163251833,1.03883442147912,268.607929679724
"Europe",50,0.08,TRUE,FALSE,250,"BEBCS",14958.1070520223,NA,NA,-80.9332087554594,-56.6527969231741,-69.9025534421914,NA,111.158776169319,81.1633784450883,19.1521486030496,81.6898164253978,0,0.681776250334514,34.0888125167257,0.75264329023612,31.7380878363205,46.275889678298,180.337027588005,266.97547060798,1.20821650730692,358.74274277852
"India",50,0.08,TRUE,FALSE,250,"BES",2368678.03192035,1313009.16173788,107300529.653179,-85.0704852081662,22.3844532379888,-1.95668541097175,NA,46.0390803603318,52.1253774989087,2.50201811994762,47.9597675183476,0,0.84627691991242,42.3138459956208,1.472501178,58.3166317306091,NA,69.6686458862746,121.247308511309,0,211.424031218349
"India",50,0.08,TRUE,FALSE,250,"BECCS",527452.6901405,362096.0574306,18138604.3809088,-38.0521934363027,40.3821727777581,4.27678639550157,227.813751998842,57.946545100966,66.2237383946958,3.31118691973479,53.5103880016108,45.5495917717603,2.37236078490846,118.618039245423,1.3743344328,54.2536522378794,NA,122.673856569478,71.0726554367077,1.49770251572503,268.607929679724
"India",50,0.08,TRUE,FALSE,250,"BEBCS",13428.4492657604,10782.0850450544,856865.588615628,-34.4394338595092,11.9345319338158,-0.556436831082398,NA,47.8338107195767,81.1633784450883,19.1521486030496,49.7916005335563,0,1.05717754613087,52.8588773065436,0.75264329023612,29.9141496810211,66.7776637630472,110.715746622155,142.076339744684,2.00589751658103,358.74274277852
"US",100,0.08,TRUE,FALSE,250,"BES",261138.604625621,NA,NA,-137.338311775826,-10.6649248465584,-76.1488378900894,NA,367.672392969865,52.1253774989087,2.50201811994762,155.21085894548,0,0.410333691168594,41.0333691168595,1.472501178,92.6560475573876,NA,142.504642916039,610.853493706349,0,211.424031218349
"US",100,0.08,TRUE,FALSE,250,"BECCS",3440024.23300983,1729220.39291749,7480144.66136243,-87.64721219994,90.0735524658814,1.67915278018874,483.213246288337,200.833811378228,66.2237383946958,3.31118691973479,130.185071706735,71.4329524487389,2.07547129888543,207.547129888543,1.3743344328,65.2849723615524,NA,197.297646772533,131.670427117778,1.3102722846499,268.607929679724
"US",100,0.08,TRUE,FALSE,250,"BEBCS",412278.544141235,NA,NA,-136.929257295872,-17.2988078661887,-68.2552645053553,NA,344.605145432593,81.1633784450883,19.1521486030496,151.750771814889,0,0.892936123853382,89.2936123853383,0.75264329023612,38.9931618719267,55.5242601004064,261.135708392432,283.520654027833,1.53149087858798,358.74274277852
"China",100,0.08,TRUE,FALSE,250,"BES",625362.771391306,233183.09674939,18315301.5363349,-66.4457606056293,21.7191821987124,-4.33082771050343,NA,82.3382885148281,52.1253774989087,2.50201811994762,52.3507432772244,0,0.560514685703912,56.0514685703913,1.472501178,46.595842615188,NA,72.6506304337097,191.167127236509,0,211.424031218349
"China",100,0.08,TRUE,FALSE,250,"BECCS",2026707.09703855,2001747.21730543,122271285.276778,-44.7050550589254,129.311383787241,63.6718821656849,496.69727977659,60.5578854855534,66.2237383946958,3.31118691973479,49.0836828228332,73.5671546410236,2.10877615836981,210.877615836981,1.3743344328,44.9800291069909,NA,139.839152823041,91.1457420541267,1.33129807977893,268.607929679724
"China",100,0.08,TRUE,FALSE,250,"BEBCS",2374512.64293163,1864420.75209,90828180.8772314,-70.6331964854766,40.3263371086127,9.21885327711886,NA,69.3852904164244,81.1633784450883,19.1521486030496,50.4077935624637,0,0.980667309938467,98.0667309938468,0.75264329023612,23.7957477612707,38.0796951326002,149.664026690071,153.76957229216,1.64660422876467,358.74274277852
"Europe",100,0.08,TRUE,FALSE,250,"BES",2461134.24411407,1041440.4598851,28078029.7048353,-131.584138418131,97.4905228370943,-8.54961333008672,NA,89.2270504091845,52.1253774989087,2.50201811994762,78.4000575613763,0,0.260014642975307,26.0014642975307,1.472501178,98.4763755526151,NA,90.3411522976951,Inf,0,211.424031218349
"Europe",100,0.08,TRUE,FALSE,250,"BECCS",1380508.49103842,1111768.2671672,38681345.0044838,-92.0412465601252,99.8318018297684,33.2622186101606,492.25229390369,62.14595395991,66.2237383946958,3.31118691973479,74.3378930939864,74.4490723790962,1.66275867288621,166.27586728862,1.3743344328,85.3082421090654,NA,158.856451222513,131.454720453741,1.04972138439786,268.607929679724
"Europe",100,0.08,TRUE,FALSE,250,"BEBCS",871110.313352951,707.772177688118,3195.55474634011,-127.740477993468,25.508593880267,-68.8399468955069,NA,159.343290090451,81.1633784450883,19.1521486030496,88.9174935135679,0,0.747931261624932,74.7931261624932,0.75264329023612,29.687404744555,15.9125427591569,230.282366229791,253.289774540501,1.17176077414183,358.74274277852
"India",100,0.08,TRUE,FALSE,250,"BES",932763.920867133,886075.813620936,41092018.3934301,-44.5116752865737,64.3470112493716,36.381571514611,NA,51.8511437731763,52.1253774989087,2.50201811994762,51.2400253671461,0,0.845695713571137,84.5695713571134,1.472501178,57.6794211434963,NA,71.896323458155,125.225743546855,0,211.424031218349
"India",100,0.08,TRUE,FALSE,250,"BECCS",1881805.21871824,1881805.21871824,108787776.214146,3.52138030926346,159.168993345068,95.3455865826104,527.256753791048,47.2561021137642,66.2237383946958,3.31118691973479,48.1261192445572,78.9745409639563,2.37342982920717,237.342982920718,1.3743344328,54.6381891848417,NA,143.076954800825,82.8481876935364,1.49837741742877,268.607929679724
"India",100,0.08,TRUE,FALSE,250,"BEBCS",94990.0317412317,92767.9561120088,9787619.30230942,-5.00046463312967,62.1879026230062,50.0967302599417,NA,31.3740084737747,81.1633784450883,19.1521486030496,43.524662755985,0,1.06270856125757,106.270856125757,0.75264329023612,30.2087616654168,57.4573022728907,114.772680035628,135.366005401364,2.00160194741013,358.74274277852
"US",150,0.08,TRUE,FALSE,250,"BES",769.348020928238,NA,NA,-62.4434444897057,-56.9972928936363,-59.720368691671,NA,401.835859680176,52.1253774989087,2.50201811994762,160.335378952026,0,0.514665622968078,77.1998434452117,1.472501178,78.042562434,NA,145.98478954214,417.694350602446,0,211.424031218349
"US",150,0.08,TRUE,FALSE,250,"BECCS",3976638.14716345,3687355.59067183,14377013.2240729,-94.780936421892,218.813676806663,91.8823661424654,569.090245592725,218.914216249359,66.2237383946958,3.31118691973479,132.897132437404,82.3449562254209,2.06418380239009,309.627570358513,1.3743344328,67.0318097612058,NA,207.21085580099,139.192354263354,1.30314633989274,268.607929679724
"US",150,0.08,TRUE,FALSE,250,"BEBCS",136033.886592246,NA,NA,-103.525884481986,-16.2391029790135,-34.7186215323321,NA,408.66669546274,81.1633784450883,19.1521486030496,161.360004319411,0,0.869787076405457,130.468061460818,0.75264329023612,39.1300589890959,57.3587893853024,271.465572911901,301.747320958004,1.4952509666186,358.74274277852
"China",150,0.08,TRUE,FALSE,250,"BES",43222.3046752607,42327.2486461376,4861716.97996884,-26.39539020178,40.8437407455929,25.7407487676126,NA,36.6131252996383,52.1253774989087,2.50201811994762,45.4919687949457,0,0.56508720202543,84.7630803038146,1.472501178,41.0970328776,NA,67.9927227968588,177.233310580842,0,211.424031218349
"China",150,0.08,TRUE,FALSE,250,"BECCS",3016242.92910368,3016242.92910368,178312807.856779,2.7073973967772,234.932714755711,142.547271138998,666.16620671021,63.6468652297464,66.2237383946958,3.31118691973479,49.5470297844618,99.8808880875729,2.10846726039539,316.270089059312,1.3743344328,45.2400252661449,NA,159.32282416905,103.864492029603,1.33110306843145,268.607929679724
"China",150,0.08,TRUE,FALSE,250,"BEBCS",1967117.27758257,1960771.11679311,71130628.1035959,-24.5526631893661,86.9216535002551,53.2391215364867,NA,73.9985149906281,81.1633784450883,19.1521486030496,51.0997772485945,0,0.98022876586261,147.034314879391,0.75264329023612,23.15632800207,34.463782951756,155.38771535223,154.514002782507,1.64646962758635,358.74274277852
"Europe",150,0.08,TRUE,FALSE,250,"BES",564576.577121075,480731.302790339,13232446.3571979,-131.675772427997,158.994213690511,32.9793001315549,NA,102.804596532507,52.1253774989087,2.50201811994762,80.4366894798765,0,0.455385501038068,68.3078251557104,1.472501178,99.7355600745715,NA,91.724262850629,Inf,0,211.424031218349
"Europe",150,0.08,TRUE,FALSE,250,"BECCS",2851528.03417824,2679042.20201232,78206050.4779858,-132.044351357007,240.479603472243,73.7959835382645,912.363920923562,73.4194368375601,66.2237383946958,3.31118691973479,76.0289155256324,126.287742916014,1.72733834668497,259.100752002743,1.3743344328,86.5468152916092,NA,197.805990498413,157.174762090443,1.09049138048292,268.607929679724
"Europe",150,0.08,TRUE,FALSE,250,"BEBCS",1296648.43720606,307917.993578069,4340017.38933893,-89.2254519744305,96.5593827240427,-20.2884427781462,NA,141.334698743218,81.1633784450883,19.1521486030496,86.2162048114819,0,0.750377063634456,112.556559545168,0.75264329023612,37.8062946843435,15.8804348519668,226.735957420303,249.562796970396,1.20338729084104,358.74274277852
"India",150,0.08,TRUE,FALSE,250,"BES",84215.334364004,84095.0633388099,489309.601181166,-3.95286536498122,92.6757613567206,52.3216788679344,NA,95.0530724417329,52.1253774989087,2.50201811994762,75.2910818853682,0,0.841375520704277,126.206328105642,1.472501178,56.0338282665168,NA,88.229795293396,154.487145154896,0,211.424031218349
"India",150,0.08,TRUE,FALSE,250,"BECCS",2792156.7547433,2792156.7547433,159004836.016625,46.8851379577166,277.955813912378,188.619697585278,640.779067032998,46.3244072501874,66.2237383946958,3.31118691973479,47.85474676804,104.510888601499,2.37352299869354,356.028449804031,1.3743344328,54.4918084652203,NA,161.46038066723,93.4896106946549,1.49843623654894,268.607929679724
"India",150,0.08,TRUE,FALSE,250,"BEBCS",33187.0822193568,33187.0822193568,489625.036938359,38.9430553362001,92.2083168885909,59.7532572627162,NA,78.2573789463928,81.1633784450883,19.1521486030496,71.0584743916278,0,1.12712469054527,169.06870358179,0.75264329023612,28.6153982069244,33.4431569137671,183.261906822722,152.308706364759,1.88346320061313,358.74274277852
"US",200,0.08,TRUE,FALSE,250,"BES",NA,NA,NA,NA,NA,NA,NA,NA,52.1253774989087,2.50201811994762,NA,0,NA,NA,1.472501178,NA,NA,NA,NA,0,211.424031218349
"US",200,0.08,TRUE,FALSE,250,"BECCS",4104860.9611641,4102704.47741907,14707470.5976557,-13.5454851953818,347.601406147813,191.020827909129,594.096345134303,224.428329130573,66.2237383946958,3.31118691973479,133.724249369586,85.1383885994554,2.06118075531178,412.236151062356,1.3743344328,67.1822401302433,NA,209.84525774844,141.215261333547,1.30125047683825,268.607929679724
"US",200,0.08,TRUE,FALSE,250,"BEBCS",8580.42061251784,4785.76469012012,128.397875121884,-62.1818728826359,8.45957658702861,-10.5152131232593,NA,421.31599230957,81.1633784450883,19.1521486030496,163.257398846436,0,0.94229662666411,188.459325332822,0.75264329023612,34.1675971386921,30.4307902998001,309.764450994616,281.105953427314,1.43320815739019,358.74274277852
"China",200,0.08,TRUE,FALSE,250,"BES",3613.29601082508,3613.29601082508,139887.80977197,31.9520981376797,64.0791010044247,50.382753229751,NA,80.1678198091911,52.1253774989087,2.50201811994762,52.0251729713787,0,0.560731732574476,112.146346514895,1.472501178,44.8889753050909,NA,72.4295302331059,190.291838131161,0,211.424031218349
"China",200,0.08,TRUE,FALSE,250,"BECCS",3610771.33776454,3610771.33776454,207832276.235773,57.3655484463118,340.55404572418,231.952805113892,806.699350085791,62.9087201118158,66.2237383946958,3.31118691973479,49.4363080167721,116.395437766066,2.10854107490719,421.708214981437,1.3743344328,45.6112612297179,NA,171.258658358538,111.637382961242,1.33114966850202,268.607929679724
"China",200,0.08,TRUE,FALSE,250,"BEBCS",1412197.87758624,1412197.87758624,46338884.0504133,28.0849930742115,137.245393805093,97.535055451331,NA,79.3317620812099,81.1633784450883,19.1521486030496,51.8997643121818,0,0.984911676161399,196.98233523228,0.75264329023612,21.8206370589541,30.9473745204167,161.122697050629,154.570083615499,1.63990280721222,358.74274277852
"Europe",200,0.08,TRUE,FALSE,250,"BES",149964.335355353,148996.105291618,2069974.36696409,-118.210198901687,149.608200001172,132.183630457056,NA,111.252503947208,52.1253774989087,2.50201811994762,81.7038755920812,0,0.871050396943766,174.210079388753,1.472501178,94.3048222792385,NA,92.5848299803107,363.127050755542,0,211.424031218349
"Europe",200,0.08,TRUE,FALSE,250,"BECCS",3540078.11334631,3503486.87342116,94719510.8218773,-104.862863987537,381.266880031715,141.993252611974,1121.85649325525,80.5448576192949,66.2237383946958,3.31118691973479,77.0977286428919,144.844635362249,1.7338864580697,346.77729161394,1.3743344328,86.6932503176248,NA,212.086143200048,168.090216141343,1.09462528918541,268.607929679724
"Europe",200,0.08,TRUE,FALSE,250,"BEBCS",1022710.59980378,812084.901114984,10261666.3525391,-51.6596090645386,152.94854545435,19.5189481204916,NA,145.774952286526,81.1633784450883,19.1521486030496,86.8822428429798,0,0.757704052836914,151.540810567383,0.75264329023612,36.6102839843292,18.5656234599017,224.05321168586,249.183304167885,1.22488299060271,358.74274277852
"India",200,0.08,TRUE,FALSE,250,"BES",10197.2213221457,10197.2213221457,17519.2267951921,41.200017127412,92.4283430208141,81.0826045974567,NA,135.418883161043,52.1253774989087,2.50201811994762,87.7128324741564,0,0.837338939632347,167.467787926469,1.472501178,55.955044764,NA,96.6656123741401,170.067649602064,0,211.424031218349
"India",200,0.08,TRUE,FALSE,250,"BECCS",2822200.13932757,2822200.13932757,159526324.153394,96.7008267239934,396.742634479688,305.551081864299,660.11739140322,46.5719054909035,66.2237383946958,3.31118691973479,48.0200127940043,106.062018854568,2.37349824886947,474.699649773893,1.3743344328,54.4683890534134,NA,162.70927339528,94.2144682267577,1.49842061166001,268.607929679724
"India",200,0.08,TRUE,FALSE,250,"BEBCS",77161.8106769745,77161.8106769745,440104.000862173,38.6737339777044,149.416619549833,105.157820225204,NA,92.5641163545185,81.1633784450883,19.1521486030496,76.5479507865111,0,1.16964220956844,233.928441913688,0.75264329023612,28.6234424628411,19.4694136833239,209.121726312005,151.393459243507,1.82191245222764,358.74274277852
"US",0,0.15,TRUE,FALSE,250,"BES",4113441.38177661,NA,NA,-197.78489020693,-98.5455100688964,-155.485580338982,NA,224.883876708497,89.3722245620168,4.28986677897681,133.792581506275,0,0.512612562756849,0,1.472501178,71.9690925082879,NA,154.468245082292,515.436169562836,0,211.424031218349
"US",0,0.15,TRUE,FALSE,250,"BECCS",NA,NA,NA,NA,NA,NA,NA,NA,113.544747359785,5.67723736798925,NA,NA,NA,NA,1.3743344328,NA,NA,NA,NA,NA,268.607929679724
"US",0,0.15,TRUE,FALSE,250,"BEBCS",NA,NA,NA,NA,NA,NA,NA,NA,132.576014453012,20.1831186695239,NA,0,NA,NA,0.75264329023612,NA,NA,NA,NA,NA,358.74274277852
"China",0,0.15,TRUE,FALSE,250,"BES",5026582.51136114,NA,NA,-169.047092195056,-72.6403268016438,-96.4734453552613,NA,67.1768448276458,89.3722245620168,4.28986677897681,50.076526724147,0,0.56203083007263,0,1.472501178,47.2651727098972,NA,97.6152822236599,255.917314843703,0,211.424031218349
"China",0,0.15,TRUE,FALSE,250,"BECCS",NA,NA,NA,NA,NA,NA,NA,NA,113.544747359785,5.67723736798925,NA,NA,NA,NA,1.3743344328,NA,NA,NA,NA,NA,268.607929679724
"China",0,0.15,TRUE,FALSE,250,"BEBCS",NA,NA,NA,NA,NA,NA,NA,NA,132.576014453012,20.1831186695239,NA,0,NA,NA,0.75264329023612,NA,NA,NA,NA,NA,358.74274277852
"Europe",0,0.15,TRUE,FALSE,250,"BES",4712753.04850539,NA,NA,-179.294049500749,-34.6579707015908,-84.4051711335675,NA,94.8873465023941,89.3722245620168,4.28986677897681,79.2491019753589,0,0.163525135681225,0,1.472501178,88.5060221827986,NA,117.426862470295,Inf,0,211.424031218349
"Europe",0,0.15,TRUE,FALSE,250,"BECCS",NA,NA,NA,NA,NA,NA,NA,NA,113.544747359785,5.67723736798925,NA,NA,NA,NA,1.3743344328,NA,NA,NA,NA,NA,268.607929679724
"Europe",0,0.15,TRUE,FALSE,250,"BEBCS",NA,NA,NA,NA,NA,NA,NA,NA,132.576014453012,20.1831186695239,NA,0,NA,NA,0.75264329023612,NA,NA,NA,NA,NA,358.74274277852
"India",0,0.15,TRUE,FALSE,250,"BES",2909559.17132664,NA,NA,-164.663990851896,-59.0619531139396,-84.3472279695334,NA,48.1938748390872,89.3722245620168,4.28986677897681,48.9689172914366,0,0.84606144046454,0,1.472501178,58.2837806628931,NA,96.8630862667,168.615220765383,0,211.424031218349
"India",0,0.15,TRUE,FALSE,250,"BECCS",NA,NA,NA,NA,NA,NA,NA,NA,113.544747359785,5.67723736798925,NA,NA,NA,NA,1.3743344328,NA,NA,NA,NA,NA,268.607929679724
"India",0,0.15,TRUE,FALSE,250,"BEBCS",NA,NA,NA,NA,NA,NA,NA,NA,132.576014453012,20.1831186695239,NA,0,NA,NA,0.75264329023612,NA,NA,NA,NA,NA,358.74274277852
"US",50,0.15,TRUE,FALSE,250,"BES",3884342.85540633,NA,NA,-187.234387084869,-74.122565318796,-129.778723319601,NA,225.125295732675,89.3722245620168,4.28986677897681,133.828794359902,0,0.51317148837081,25.6585744185405,1.472501178,72.0535879627539,NA,154.492837832484,516.598847941171,0,211.424031218349
"US",50,0.15,TRUE,FALSE,250,"BECCS",229098.526370341,NA,NA,-162.431863442228,-88.5309627408683,-124.627434225246,101.046830265146,220.834946133589,113.544747359785,5.67723736798925,133.185241920038,40.6795855023287,2.05221713450258,102.610856725129,1.3743344328,65.8485211997652,NA,213.257272142284,143.318925368663,1.29559162531729,268.607929679724
"US",50,0.15,TRUE,FALSE,250,"BEBCS",NA,NA,NA,NA,NA,NA,NA,NA,132.576014453012,20.1831186695239,NA,0,NA,NA,0.75264329023612,NA,NA,NA,NA,NA,358.74274277852
"China",50,0.15,TRUE,FALSE,250,"BES",4850771.3725752,NA,NA,-142.770833947755,-44.2892439522158,-68.5034619793507,NA,67.6849546329784,89.3722245620168,4.28986677897681,50.1527431949471,0,0.561980019092096,28.0990009546045,1.472501178,47.2123716020007,NA,97.6670420945099,256.078375837195,0,211.424031218349
"China",50,0.15,TRUE,FALSE,250,"BECCS",175811.138786264,NA,NA,-103.548792138409,-26.539566599764,-58.0470887392173,108.22161894957,54.0956679934036,113.544747359785,5.67723736798925,48.1143501990106,41.5647635566278,2.10942238011903,105.471119005951,1.3743344328,45.382890738243,NA,152.001647850594,99.0393293432941,1.33170604805494,268.607929679724
"China",50,0.15,TRUE,FALSE,250,"BEBCS",NA,NA,NA,NA,NA,NA,NA,NA,132.576014453012,20.1831186695239,NA,0,NA,NA,0.75264329023612,NA,NA,NA,NA,NA,358.74274277852
"Europe",50,0.15,TRUE,FALSE,250,"BES",4612327.03406228,NA,NA,-179.995625497094,-7.57057804052297,-76.5238315443191,NA,95.9409661005971,89.3722245620168,4.28986677897681,79.4071449150886,0,0.165746854309151,8.28734271545758,1.472501178,88.2580619963233,NA,117.534192054876,Inf,0,211.424031218349
"Europe",50,0.15,TRUE,FALSE,250,"BECCS",100426.014443064,NA,NA,-75.688108697484,-31.9265822230267,-56.309446421135,97.6813837741721,47.033003857758,113.544747359785,5.67723736798925,72.0709505786636,40.2398721075671,1.6421288957235,82.1064447861751,1.3743344328,93.1169162066942,NA,168.469043551715,141.063823760775,1.03669753517898,268.607929679724
"Europe",50,0.15,TRUE,FALSE,250,"BEBCS",NA,NA,NA,NA,NA,NA,NA,NA,132.576014453012,20.1831186695239,NA,0,NA,NA,0.75264329023612,NA,NA,NA,NA,NA,358.74274277852
"India",50,0.15,TRUE,FALSE,250,"BES",2785406.50447561,NA,NA,-124.105180930303,-16.6502424841485,-41.5803110558732,NA,47.3949237280516,89.3722245620168,4.28986677897681,48.5298500553347,0,0.846141335575643,42.3070667787822,1.472501178,58.3045635616691,NA,96.5649084162084,168.076138703337,0,211.424031218349
"India",50,0.15,TRUE,FALSE,250,"BECCS",124152.666851051,NA,NA,-81.3654756829628,-9.89771157541941,-44.8978594067842,91.0935144756912,66.1739397507414,113.544747359785,5.67723736798925,58.8499441736204,39.3644982098585,2.37153804544348,118.576902272174,1.3743344328,53.9616654322957,NA,158.212165774133,91.6984045227799,1.49718310949715,268.607929679724
"India",50,0.15,TRUE,FALSE,250,"BEBCS",NA,NA,NA,NA,NA,NA,NA,NA,132.576014453012,20.1831186695239,NA,0,NA,NA,0.75264329023612,NA,NA,NA,NA,NA,358.74274277852
"US",100,0.15,TRUE,FALSE,250,"BES",1414923.40292907,NA,NA,-176.683883962807,-49.6996205686957,-108.953973943764,NA,259.858553330988,89.3722245620168,4.28986677897681,139.038782999649,0,0.45969475741759,45.969475741759,1.472501178,77.7774246551173,NA,158.031027626547,563.240846576193,0,211.424031218349
"US",100,0.15,TRUE,FALSE,250,"BECCS",2657829.84040663,130794.07981361,960203.622812678,-142.260855161301,36.5223880620093,-55.2139066244362,394.887962376101,205.896674883329,113.544747359785,5.67723736798925,130.944501232499,78.2103739021568,2.08786355474815,208.786355474816,1.3743344328,64.3765977631819,NA,238.935190755143,158.530143138666,1.31809567850262,268.607929679724
"US",100,0.15,TRUE,FALSE,250,"BEBCS",40688.1384410212,NA,NA,-176.244362356982,-86.7976063800175,-117.797412605568,NA,266.993031056722,132.576014453012,20.1831186695239,140.108954658508,0,0.919481082301854,91.9481082301854,0.75264329023612,34.9260895101229,48.1964774351673,325.083095165995,321.360457492532,1.52547809246299,358.74274277852
"China",100,0.15,TRUE,FALSE,250,"BES",3385139.52543398,NA,NA,-116.494575700454,-15.9381611027877,-40.1242275143358,NA,67.258847677812,89.3722245620168,4.28986677897681,50.0888271516717,0,0.562022629787611,56.2022629787616,1.472501178,47.4244279995646,NA,97.6236356482325,255.938188785207,0,211.424031218349
"China",100,0.15,TRUE,FALSE,250,"BECCS",1466149.23841218,973464.445580904,75335473.5690694,-84.4150742017731,79.0817643687053,10.9009951436472,384.804322606407,58.9506890539463,113.544747359785,5.67723736798925,48.842603358092,76.9263869811799,2.10893687801298,210.893687801297,1.3743344328,44.9982824093971,NA,178.261541892618,116.177919203363,1.33139954420011,268.607929679724
"China",100,0.15,TRUE,FALSE,250,"BEBCS",175293.747515381,NA,NA,-111.373101042659,-29.6290053617679,-57.8099210010321,NA,139.299259137533,132.576014453012,20.1831186695239,60.8948888706299,0,1.0297922665239,102.97922665239,0.75264329023612,18.2992067433312,34.565667596412,237.945859240397,207.588021493876,1.57985735764129,358.74274277852
"Europe",100,0.15,TRUE,FALSE,250,"BES",3543343.83751051,150297.597644894,1703759.44633242,-179.011327470002,58.4558271149569,-65.9946812834398,NA,102.735512889746,89.3722245620168,4.28986677897681,80.4263269334602,0,0.194318100078635,19.4318100078635,1.472501178,88.6619269831482,NA,118.226335486474,Inf,0,211.424031218349
"Europe",100,0.15,TRUE,FALSE,250,"BECCS",991478.2878325,338558.261944809,16064201.2320273,-128.938898327736,49.593757541043,-15.1681439238955,374.016653770688,56.4722482679261,113.544747359785,5.67723736798925,73.4868372401892,75.4868784628263,1.65637926743623,165.637926743623,1.3743344328,87.3896297632556,NA,195.145878637692,162.136964114346,1.04569398196732,268.607929679724
"Europe",100,0.15,TRUE,FALSE,250,"BEBCS",177930.923162427,NA,NA,-179.771091706465,-86.5063081084598,-118.816779477163,NA,154.699735854654,132.576014453012,20.1831186695239,88.220960378198,0,0.731199152498948,73.1199152498949,0.75264329023612,28.8162765607318,20.2271222129445,293.303579732351,330.064433030446,1.17575842220861,358.74274277852
"India",100,0.15,TRUE,FALSE,250,"BES",1698574.85417954,1090974.22404826,84911090.5274402,-83.546371008711,25.7614681456425,0.614155903974142,NA,45.7475720730463,89.3722245620168,4.28986677897681,48.0974487483697,0,0.846306070741144,84.6306070741141,1.472501178,57.7430889192234,NA,96.2712575088772,167.533336877336,0,211.424031218349
"India",100,0.15,TRUE,FALSE,250,"BECCS",1210984.31714701,1185959.49683272,58001131.6668549,-42.4601015988306,108.88910899189,44.4674126558943,393.555967999771,51.6507723053129,113.544747359785,5.67723736798925,50.2003991179078,78.5205553142024,2.37299036218802,237.299036218802,1.3743344328,55.1113155969817,NA,180.409464568779,104.486976604055,1.4980999761288,268.607929679724
"India",100,0.15,TRUE,FALSE,250,"BEBCS",NA,NA,NA,NA,NA,NA,NA,NA,132.576014453012,20.1831186695239,NA,0,NA,NA,0.75264329023612,NA,NA,NA,NA,NA,358.74274277852
"US",150,0.15,TRUE,FALSE,250,"BES",5252.77597952199,NA,NA,-101.478140211843,-75.8739216075739,-90.5601882767595,NA,407.323402840751,89.3722245620168,4.28986677897681,161.158510426113,0,0.398506229852342,59.7759344778513,1.472501178,104.484479012495,NA,173.052901806987,803.028665758937,0,211.424031218349
"US",150,0.15,TRUE,FALSE,250,"BECCS",4089042.38463572,2758566.07362446,11381651.5676029,-144.467995835236,165.173710039267,22.0573082680849,589.13926555587,223.663972616786,113.544747359785,5.67723736798925,133.609595892518,101.488813265648,2.0615655743214,309.23483614821,1.3743344328,67.1428660058136,NA,257.812352968604,173.322159836505,1.30149341813221,268.607929679724
"US",150,0.15,TRUE,FALSE,250,"BEBCS",19146.2211613786,NA,NA,-156.656412132611,-93.0980450934186,-111.315412348755,NA,420.142337205675,132.576014453012,20.1831186695239,163.081350580851,0,0.932969673965701,139.945451094855,0.75264329023612,35.5570993571711,29.0225209026056,381.080873930066,340.46998516152,1.44908890209158,358.74274277852
"China",150,0.15,TRUE,FALSE,250,"BES",300862.132576515,30865.9898953215,2373205.20046619,-68.981003521578,6.58595295277132,-11.2445515020409,NA,50.7941835159535,89.3722245620168,4.28986677897681,47.6191275273931,0,0.563669096203799,84.5503644305699,1.472501178,45.4863029357756,NA,95.9464216254682,250.788797366785,0,211.424031218349
"China",150,0.15,TRUE,FALSE,250,"BECCS",3144169.13042615,3072467.31427664,182962990.710625,-50.1860648528672,184.703095337175,76.4906391571709,690.471066514159,63.7492177652392,113.544747359785,5.67723736798925,49.5623826647856,116.312696957175,2.10845702514184,316.268553771278,1.3743344328,45.3191497356224,NA,207.443732431918,135.231033117721,1.33109660678148,268.607929679724
"China",150,0.15,TRUE,FALSE,250,"BEBCS",1581551.24835891,546348.653041209,28253094.0459587,-76.9962692637637,19.3334437463701,-6.36706269747484,NA,78.0402344827573,132.576014453012,20.1831186695239,51.7060351724139,0,0.982243082683821,147.336462402574,0.75264329023612,22.8458492813855,27.9157939135158,234.572441781879,208.314523413446,1.64336675031536,358.74274277852
"Europe",150,0.15,TRUE,FALSE,250,"BES",941897.711902144,230169.644847155,3132409.22670677,-171.182495142933,119.959517968374,-16.2594416318311,NA,97.9653613708405,89.3722245620168,4.28986677897681,79.7108042056267,0,0.370728134981095,55.6092202471643,1.472501178,101.504233667613,NA,117.740412121164,Inf,0,211.424031218349
"Europe",150,0.15,TRUE,FALSE,250,"BECCS",2762810.98790572,1645964.82173361,53467669.7383987,-162.606287055141,176.169042544801,15.7925261060315,882.519276814911,74.4949527281332,113.544747359785,5.67723736798925,76.1902429092183,132.687443636921,1.71758168578098,257.637252867145,1.3743344328,86.2549445128155,NA,238.733501426913,191.255985643181,1.08433187233646,268.607929679724
"Europe",150,0.15,TRUE,FALSE,250,"BEBCS",1008044.34869761,NA,NA,-141.669058048828,-31.0923081363457,-82.6125669125762,NA,149.923114490161,132.576014453012,20.1831186695239,87.5044671735248,0,0.74302903279316,111.454354918974,0.75264329023612,33.7384378731856,12.4582405913301,302.673740216647,323.93835717485,1.18014483938538,358.74274277852
"India",150,0.15,TRUE,FALSE,250,"BES",121486.842457703,114241.901953412,1004741.87314244,-42.9875610871185,53.6410656345833,15.1401307868849,NA,89.4617722540139,89.3722245620168,4.28986677897681,73.4954224217319,0,0.841934650723049,126.290197608457,1.472501178,56.0074469411526,NA,113.519443148945,198.607615069368,0,211.424031218349
"India",150,0.15,TRUE,FALSE,250,"BECCS",2788072.32886896,2788072.32886896,158958802.171845,4.39120092443892,227.6759295592,125.643392888289,639.190662574176,46.3002956141372,113.544747359785,5.67723736798925,47.843517562238,117.815597943809,2.37352540985715,356.028811478572,1.3743344328,54.4956816435417,NA,207.286591556481,120.023763140975,1.49843775874819,268.607929679724
"India",150,0.15,TRUE,FALSE,250,"BEBCS",NA,NA,NA,NA,NA,NA,NA,NA,132.576014453012,20.1831186695239,NA,0,NA,NA,0.75264329023612,NA,NA,NA,NA,NA,358.74274277852
"US",200,0.15,TRUE,FALSE,250,"BES",NA,NA,NA,NA,NA,NA,NA,NA,89.3722245620168,4.28986677897681,NA,0,NA,NA,1.472501178,NA,NA,NA,NA,0,211.424031218349
"US",200,0.15,TRUE,FALSE,250,"BECCS",4105889.8237517,4051250.4285631,14678337.6788083,-63.2325446087254,293.825032016525,124.518449988117,594.534457061946,224.482662883455,113.544747359785,5.67723736798925,133.732399432518,101.941784961486,2.06116664281967,412.233328563935,1.3743344328,67.1812905459583,NA,258.231301386177,173.644764886362,1.30124156743667,268.607929679724
"US",200,0.15,TRUE,FALSE,250,"BEBCS",7551.55802490932,NA,NA,-115.312400533261,-53.7756323332027,-71.8222199078202,NA,421.533361955123,132.576014453012,20.1831186695239,163.290004293268,0,0.936751530861462,187.350306172292,0.75264329023612,34.0646355666561,22.8119757690352,389.609746676641,339.177875207014,1.42810287382149,358.74274277852
"China",200,0.15,TRUE,FALSE,250,"BES",9302.15968479769,9086.78637580941,916889.83689806,-7.0825975844576,25.8968984673307,15.5510215212325,NA,46.8132511360701,89.3722245620168,4.28986677897681,47.0219876704105,0,0.564067189441788,112.813437888358,1.472501178,43.421662644279,NA,95.5408940334336,249.485165148901,0,211.424031218349
"China",200,0.15,TRUE,FALSE,250,"BECCS",3705586.33594353,3705586.33594353,211744464.61431,7.67848903296834,290.324426305644,167.989208883995,834.334326351744,62.7346544948857,113.544747359785,5.67723736798925,49.4101981742325,130.747369577148,2.10855848146888,421.711696293775,1.3743344328,45.6570650693689,NA,217.836026904467,141.994504690065,1.33116065749298,268.607929679724
"China",200,0.15,TRUE,FALSE,250,"BEBCS",1311694.01573327,1305492.67798965,41647079.3652454,-24.3586130001861,69.8627991523225,37.3235777563508,NA,81.2800655235401,132.576014453012,20.1831186695239,52.1920098285314,0,0.987007323217654,197.40146464353,0.75264329023612,21.5178386339455,23.3554174299425,241.277279525276,207.75994380505,1.63711011737792,358.74274277852
"Europe",200,0.15,TRUE,FALSE,250,"BES",209432.319702314,206972.478099147,2401159.92972107,-157.244894623824,110.573504279035,87.0465258750219,NA,116.501915086733,89.3722245620168,4.28986677897681,82.4912872630097,0,0.844848345951814,168.969669190363,1.472501178,94.2302352886635,NA,119.628684333727,430.052163646509,0,211.424031218349
"Europe",200,0.15,TRUE,FALSE,250,"BECCS",3602848.49348525,3281868.56101754,92684817.8154988,-127.479792760472,316.956319104273,83.1996994694972,1137.11928269647,80.9873238625779,113.544747359785,5.67723736798925,77.1640985793844,153.156788089745,1.73214303356895,346.428606713789,1.3743344328,86.3139641526337,NA,254.336108486177,202.197634035989,1.09352464240463,268.607929679724
"Europe",200,0.15,TRUE,FALSE,250,"BEBCS",900472.23531781,27348.9477650804,151628.806084895,-104.103215138936,58.6837849399996,-42.1938887798002,NA,149.28504885188,132.576014453012,20.1831186695239,87.4087573277826,0,0.742038188110594,148.407637622119,0.75264329023612,36.1047496023742,13.4616144460299,301.213441938962,324.542228892188,1.19156715223944,358.74274277852
"India",200,0.15,TRUE,FALSE,250,"BES",78882.298934604,78762.0279094099,446791.128585454,-2.42875116552605,95.8055184528279,52.3616505645804,NA,98.3031959606354,89.3722245620168,4.28986677897681,78.1854793940953,0,0.841050508352387,168.210101670478,1.472501178,55.9991196291914,NA,116.704538714528,204.387694649175,0,211.424031218349
"India",200,0.15,TRUE,FALSE,250,"BECCS",2821061.76461027,2821061.76461027,159494395.889722,47.75103308366,346.46275012651,242.652277213592,659.191136339745,46.565079146414,113.544747359785,5.67723736798925,48.0119125071707,119.282905798017,2.37349893150392,474.699786300783,1.3743344328,54.4692939457736,NA,208.476769696607,120.714957838997,1.4984210426161,268.607929679724
"India",200,0.15,TRUE,FALSE,250,"BEBCS",9615.10778181761,9615.10778181761,42583.6364367098,41.1788482791815,91.7655899135463,58.8792941208993,NA,87.7009656778972,132.576014453012,20.1831186695239,74.0218115183513,0,1.19685068877541,239.370137755083,0.75264329023612,28.6004450289726,17.6896559777309,277.809277483307,189.529674104674,1.7852042631791,358.74274277852
"US",0,0.02,FALSE,FALSE,250,"BES",3423322.04443961,NA,NA,-131.581759194541,-32.3423790565078,-87.6495092389044,NA,214.732735315427,26.2012980234781,1.25766230512695,132.269910297315,0,0.514918597699301,0,1.472501178,72.0793613870157,NA,108.474528246468,366.859387891998,0,211.424031218349
"US",0,0.02,FALSE,FALSE,250,"BECCS",NA,NA,NA,NA,NA,NA,NA,NA,33.2879681484244,1.66439840742122,NA,NA,NA,NA,1.3743344328,NA,NA,NA,NA,NA,268.607929679724
"US",0,0.02,FALSE,FALSE,250,"BEBCS",690119.337337024,NA,NA,-121.574273997982,-57.3668660847716,-89.3152640646947,NA,278.949996879899,45.2070426719704,18.4345858548583,141.902499531985,0,0.921578178113082,0,0.75264329023612,36.4855557568134,79.7433082373059,167.145341562855,224.947027273311,1.58986703956575,358.74274277852
"China",0,0.02,FALSE,FALSE,250,"BES",4412459.34039563,NA,NA,-102.843961182668,-6.60692945186052,-29.2876910726025,NA,64.4799376266288,26.2012980234781,1.25766230512695,49.6719906439939,0,0.562300520792733,0,1.472501178,47.8432599000105,NA,52.380909519788,137.316866438968,0,211.424031218349
"China",0,0.02,FALSE,FALSE,250,"BECCS",NA,NA,NA,NA,NA,NA,NA,NA,33.2879681484244,1.66439840742122,NA,NA,NA,NA,1.3743344328,NA,NA,NA,NA,NA,268.607929679724
"China",0,0.02,FALSE,FALSE,250,"BEBCS",614123.170965858,2191.68322958499,89457.1833824527,-97.2120570500971,8.31674733112193,-31.3209286251949,NA,87.4767993376549,45.2070426719704,18.4345858548583,53.1215199006485,0,0.974601872543339,0,0.75264329023612,21.9346601141772,63.5075596881046,70.7580728218073,119.79135665237,1.64864540493768,358.74274277852
"Europe",0,0.02,FALSE,FALSE,250,"BES",4705600.67080128,855100.973022252,25591713.6730028,-113.090918488361,31.5451603107978,-18.1946849275197,NA,94.8064615171687,26.2012980234781,1.25766230512695,79.2369692275751,0,0.162681259356912,0,1.472501178,88.5012446286746,NA,72.4589773850626,Inf,0,211.424031218349
"Europe",0,0.02,FALSE,FALSE,250,"BECCS",NA,NA,NA,NA,NA,NA,NA,NA,33.2879681484244,1.66439840742122,NA,NA,NA,NA,1.3743344328,NA,NA,NA,NA,NA,268.607929679724
"Europe",0,0.02,FALSE,FALSE,250,"BEBCS",7152.37770410282,NA,NA,-46.7638686927442,-11.5692569141788,-20.1303903350994,NA,161.067213568889,45.2070426719704,18.4345858548583,89.1760820353333,0,1.08202119870105,0,0.75264329023612,47.2363169196079,85.4510033074549,89.5068196696111,142.836198566233,1.95620897718706,358.74274277852
"India",0,0.02,FALSE,FALSE,250,"BES",2452436.25673808,292513.358181308,12305937.7797011,-98.4608598395073,7.14117789844906,-17.2431230682078,NA,47.7826562118131,26.2012980234781,1.25766230512695,48.2462906821792,0,0.846102562327268,0,1.472501178,58.4621279425733,NA,51.412693002806,89.4991114871807,0,211.424031218349
"India",0,0.02,FALSE,FALSE,250,"BECCS",NA,NA,NA,NA,NA,NA,NA,NA,33.2879681484244,1.66439840742122,NA,NA,NA,NA,1.3743344328,NA,NA,NA,NA,NA,268.607929679724
"India",0,0.02,FALSE,FALSE,250,"BEBCS",457122.914588533,114392.564304977,13748753.1655249,-60.3602177232171,17.1927510236268,-10.9741443179907,NA,50.3305210801971,45.2070426719704,18.4345858548583,52.7236047642062,0,1.05717072479522,0,0.75264329023612,29.3170852133306,76.0740037597141,53.5329684779099,110.19619045507,2.00496564557829,358.74274277852
"US",50,0.02,FALSE,FALSE,250,"BES",1298846.27876961,NA,NA,-121.03125607248,-7.91943430640742,-64.9468868453078,NA,226.925396501739,26.2012980234781,1.25766230512695,134.098809475261,0,0.456540096024733,22.8270048012366,1.472501178,73.7838781573226,NA,109.716564046013,430.938433585795,0,211.424031218349
"US",50,0.02,FALSE,FALSE,250,"BECCS",1150101.97215866,27287.2687381381,370474.155047771,-90.4473812398448,8.06208213891992,-32.626624411577,355.737831629872,175.505222080494,33.2879681484244,1.66439840742122,126.385783312074,45.2905720199786,2.15095374984023,107.547687492011,1.3743344328,66.454409984311,NA,150.348209981848,96.7731407164716,1.35792534712135,268.607929679724
"US",50,0.02,FALSE,FALSE,250,"BEBCS",1664493.1308484,NA,NA,-109.997215679103,-7.89543522706987,-52.4912527871715,NA,258.313934653815,45.2070426719704,18.4345858548583,138.807090198072,0,0.933492526359136,46.6746263179566,0.75264329023612,36.2878562787152,66.994983341058,179.970694140312,218.521688101646,1.56950323310628,358.74274277852
"China",50,0.02,FALSE,FALSE,250,"BES",1578586.60066692,792983.868124379,59238505.0763639,-76.5677029353666,20.6163894321306,-2.79462612230279,NA,69.8991855909365,26.2012980234781,1.25766230512695,50.4848778386406,0,0.561758595996298,28.087929799815,1.472501178,47.0612822451243,NA,52.9329547111882,138.931055402598,0,211.424031218349
"China",50,0.02,FALSE,FALSE,250,"BECCS",417668.625508841,417668.625508841,46659989.4694081,4.73981447557509,58.6738535745451,33.9818254428778,357.625675762318,28.5822030936817,33.2879681484244,1.66439840742122,44.2873304640523,45.3761146454019,2.111973726609,105.59868633045,1.3743344328,52.9989507777262,NA,90.6735716512711,59.0046498985301,1.33331674659659,268.607929679724
"China",50,0.02,FALSE,FALSE,250,"BEBCS",3030327.28518595,2356936.53599955,117051137.425157,-61.132893458283,54.3694999930522,9.55177831837736,NA,70.9682758498746,45.2070426719704,18.4345858548583,50.6452413774811,0,0.984336081317645,49.216804065883,0.75264329023612,23.5442473900712,51.0775967667271,83.9830421098321,116.145273741679,1.64178550044886,358.74274277852
"Europe",50,0.02,FALSE,FALSE,250,"BES",3711059.78081245,2000357.8035941,57857105.7260386,-113.792494484706,58.6325529718656,-9.10411502547454,NA,101.81995492211,26.2012980234781,1.25766230512695,80.2889932383146,0,0.188913339624369,9.44566698121846,1.472501178,89.1981715602341,NA,73.1734243590004,Inf,0,211.424031218349
"Europe",50,0.02,FALSE,FALSE,250,"BECCS",701849.70097051,543566.58725155,18193808.3819688,-61.6877037196605,53.2775103495838,14.1312341615193,363.324771169357,57.8280476111564,33.2879681484244,1.66439840742122,73.6902071416738,45.7402862920527,1.63343450485717,81.6717252428583,1.3743344328,86.8423689082239,NA,112.332818202801,94.5221584656751,1.03120865205629,268.607929679724
"Europe",50,0.02,FALSE,FALSE,250,"BEBCS",299843.56672251,22971.7731463031,130340.048470781,-69.0392492048378,44.0901292705702,-27.2831216289419,NA,98.1138228236666,45.2070426719704,18.4345858548583,79.7330734235497,0,0.729773267491887,36.4886633745943,0.75264329023612,33.5692691250433,46.0336478217991,129.332255254733,198.801211955193,1.25740320792343,358.74274277852
"India",50,0.02,FALSE,FALSE,250,"BES",1899639.50120177,1717537.08184467,83548717.2220008,-57.9020499179149,49.5528885282401,25.1989517769625,NA,49.105658122755,26.2012980234781,1.25766230512695,48.477566156648,0,0.84597026213617,42.2985131068085,1.472501178,58.8369651554022,NA,51.5697560177116,89.7867920144953,0,211.424031218349
"India",50,0.02,FALSE,FALSE,250,"BECCS",308683.368178678,300638.596058923,21094244.6736093,-18.7049807442733,75.3773420542007,44.0739032457326,394.233073588441,41.7339065665029,33.2879681484244,1.66439840742122,45.4879020769293,47.5501786157366,2.37398204876191,118.699102438095,1.3743344328,53.3652480561497,NA,93.1290406424223,53.9154252737792,1.49872604088504,268.607929679724
"India",50,0.02,FALSE,FALSE,250,"BEBCS",701236.301946146,660856.879475067,52937740.5647851,-19.7607244120775,70.2533730282279,36.6633407685642,NA,48.4552608752425,45.2070426719704,18.4345858548583,51.6969282219082,0,1.05930327688331,52.9651638441652,0.75264329023612,29.2794162573297,69.7573174158071,60.5615434618836,108.970006840824,2.00172474929147,358.74274277852
"US",100,0.02,FALSE,FALSE,250,"BES",111847.344041645,14665.5117801581,818.845400859292,-93.4932915367252,16.5035104436929,-35.1564774341232,NA,291.22478133619,26.2012980234781,1.25766230512695,143.743717200428,0,0.501036924666932,50.1036924666932,1.472501178,85.9425076282171,NA,116.266581030221,521.986979441973,0,211.424031218349
"US",100,0.02,FALSE,FALSE,250,"BECCS",2859103.86867145,2307317.35796702,11126276.5727944,-78.4324950844384,128.811134706301,39.2666428096322,649.672957232374,203.081080701403,33.2879681484244,1.66439840742122,130.522162105211,70.6060114372599,2.07865266782229,207.865266782229,1.3743344328,67.4819161257224,NA,171.77808724281,114.741723634925,1.31228072463528,268.607929679724
"US",100,0.02,FALSE,FALSE,250,"BEBCS",1142490.16906363,271276.877308968,858444.368952701,-107.273027081267,42.2910095546569,-16.7223001258859,NA,271.747383955927,45.2070426719704,18.4345858548583,140.822107593389,0,0.939874476971735,93.9874476971734,0.75264329023612,35.628389015647,58.1255992815111,194.432261254594,219.859042842248,1.52999147309154,358.74274277852
"China",100,0.02,FALSE,FALSE,250,"BES",462374.956312048,443445.633588486,28187775.3797322,-39.2773253153781,45.0390140648915,23.5208400197643,NA,77.7063354721684,26.2012980234781,1.25766230512695,51.6559503208252,0,0.560977881008179,56.097788100818,1.472501178,46.5379625683777,NA,53.7282494788131,141.2729526703,0,211.424031218349
"China",100,0.02,FALSE,FALSE,250,"BECCS",830268.595910602,830268.595910602,84954858.2154603,29.0318830041945,164.298733415962,117.201141491171,600.012366715321,30.9971554125773,33.2879681484244,1.66439840742122,44.6495733118867,66.1119078277139,2.11173223137711,211.173223137712,1.3743344328,51.741766048909,NA,106.025028710498,69.0036208015148,1.33316428748555,268.607929679724
"China",100,0.02,FALSE,FALSE,250,"BEBCS",3733938.95913893,3713617.47610315,141088097.756144,-34.5731940894521,100.422252654982,51.8408624292679,NA,73.5202030037792,45.2070426719704,18.4345858548583,51.0280304505666,0,0.999500580074183,99.9500580074188,0.75264329023612,23.3097402024995,43.2507231967399,94.8908157518419,114.833702783676,1.62598207302332,358.74274277852
"Europe",100,0.02,FALSE,FALSE,250,"BES",1910120.37435531,1701666.67639598,48415833.7944357,-104.41570312788,124.658958127346,24.0367138170512,NA,83.5840604919414,26.2012980234781,1.25766230512695,77.5536090737899,0,0.283310690462558,28.3310690462558,1.472501178,100.718214173191,NA,71.315779553418,Inf,0,211.424031218349
"Europe",100,0.02,FALSE,FALSE,250,"BECCS",1488234.86034682,1374845.53516196,37654901.2985918,-77.3782635355233,134.797850113654,61.1850710974051,690.090682616863,73.3706104136739,33.2879681484244,1.66439840742122,76.0215915620506,76.7055347118468,1.66369357911555,166.369357911556,1.3743344328,82.4952060156233,NA,136.560278452294,112.66990106272,1.05031160297699,268.607929679724
"Europe",100,0.02,FALSE,FALSE,250,"BEBCS",1314397.81380326,653782.925868932,13627123.77346,-91.0665794721589,99.7495154553191,-13.0962380136468,NA,137.29281601765,45.2070426719704,18.4345858548583,85.6099224026467,0,0.761369211802246,76.1369211802247,0.75264329023612,36.2285570311699,23.7898347044379,166.694791347543,197.433444347489,1.22185700907911,358.74274277852
"India",100,0.02,FALSE,FALSE,250,"BES",827654.800710166,827173.899043624,32683191.266836,-17.3432399963224,90.3274275271717,65.7429417052346,NA,52.1029613854224,26.2012980234781,1.25766230512695,49.5283203930546,0,0.84567053180991,84.5670531809908,1.472501178,58.1631692459019,NA,52.2833406668145,91.0703332918697,0,211.424031218349
"India",100,0.02,FALSE,FALSE,250,"BECCS",1348070.06442425,1348070.06442425,79740565.2326256,38.1980189618264,194.164162621511,121.065228902841,814.951878629938,43.2103238985631,33.2879681484244,1.66439840742122,45.7855300900502,90.6612480506503,2.37383440702869,237.383440702868,1.3743344328,55.0809328965197,NA,124.714291227752,72.205095020603,1.49863283272014,268.607929679724
"India",100,0.02,FALSE,FALSE,250,"BEBCS",733834.306192099,733473.674834351,47555984.5076152,-9.2569319681827,122.046975765578,82.1640342963887,NA,52.6591312371525,45.2070426719704,18.4345858548583,53.9371049796905,0,1.06348498660346,106.348498660345,0.75264329023612,29.2027855445015,64.1914835980607,70.933004520255,110.631858329856,1.99350083674402,358.74274277852
"US",150,0.02,FALSE,FALSE,250,"BES",NA,NA,NA,NA,NA,NA,NA,NA,26.2012980234781,1.25766230512695,NA,0,NA,NA,1.472501178,NA,NA,NA,NA,0,211.424031218349
"US",150,0.02,FALSE,FALSE,250,"BECCS",3814305.87826079,3772873.38221618,14547536.7882785,-44.1837738726527,257.59886404745,122.671246444705,813.518388919668,215.157290915122,33.2879681484244,1.66439840742122,132.333593637268,87.0757489078509,2.06346147654871,309.519221482306,1.3743344328,67.5137340633645,NA,185.079921619035,124.509101022276,1.30269032610399,268.607929679724
"US",150,0.02,FALSE,FALSE,250,"BEBCS",299135.50351594,233302.163612027,120089.88194957,-65.9290154819165,88.8410827940727,17.3082807878048,NA,340.271290316809,45.2070426719704,18.4345858548583,151.100693547521,0,0.966827753662598,145.02416304939,0.75264329023612,34.5600897327835,52.4663500799811,215.608076361724,224.666966259898,1.51622395752205,358.74274277852
"China",150,0.02,FALSE,FALSE,250,"BES",8681.02951540123,8586.96890588952,283776.421717695,-9.06773472868545,68.0121760358442,45.017446601771,NA,100.114648266961,26.2012980234781,1.25766230512695,55.0171972400441,0,0.558737049728699,83.8105574593048,1.472501178,43.6830467111153,NA,56.0109280731924,147.852306843014,0,211.424031218349
"China",150,0.02,FALSE,FALSE,250,"BECCS",1414410.18860373,1414410.18860373,126246885.085973,56.6717385672156,269.923613257379,183.238140503507,897.062841871194,34.3480186913613,33.2879681484244,1.66439840742122,45.1522028037042,103.178394590103,2.11139714504924,316.709571757385,1.3743344328,49.8115326957818,NA,133.36125441916,86.8112330114929,1.33295274308663,268.607929679724
"China",150,0.02,FALSE,FALSE,250,"BEBCS",3603491.29324262,3603491.29324262,127780325.33366,12.1212353319432,146.475005316913,96.9243782508474,NA,79.5870654336682,45.2070426719704,18.4345858548583,51.93805981505,0,1.0073518988386,151.10278482579,0.75264329023612,22.9762196681385,38.4250620987894,102.511544637412,114.86540718416,1.61708157988147,358.74274277852
"Europe",150,0.02,FALSE,FALSE,250,"BES",201488.419032675,192886.05406437,3761535.54603207,-104.507337137746,190.685363282825,87.985500474376,NA,101.999807037361,26.2012980234781,1.25766230512695,80.3159710556039,0,0.69187171449661,103.780757174491,1.472501178,91.9796746840946,NA,73.1917454426711,Inf,0,211.424031218349
"Europe",150,0.02,FALSE,FALSE,250,"BECCS",2501108.17469204,2480480.64000065,66396656.8799031,-97.08167215182,216.318189877723,116.877094976593,1001.8798309929,77.9635002539896,33.2879681484244,1.66439840742122,76.7105250380966,114.574818670904,1.71781439493506,257.672159240258,1.3743344328,85.442646001181,NA,164.616198841737,131.143285848247,1.08447878468122,268.607929679724
"Europe",150,0.02,FALSE,FALSE,250,"BEBCS",2010156.4547805,1759130.66268514,36671016.8910935,-52.5515534531212,155.679686632071,32.9136676258815,NA,117.339783021194,45.2070426719704,18.4345858548583,82.6169674531777,0,0.788608130650335,118.29121959755,0.75264329023612,42.953298829432,17.9277451788976,170.506868879213,187.995985376844,1.27187459386008,358.74274277852
"India",150,0.02,FALSE,FALSE,250,"BES",26649.1017636019,26649.1017636019,42690.3929420369,39.2752297000504,113.012532467804,69.3576393469584,NA,120.341478794083,26.2012980234781,1.25766230512695,84.9863996847251,0,0.838846680069043,125.827002010357,1.472501178,55.9759973499319,NA,76.3635110744408,134.072575206555,0,211.424031218349
"India",150,0.02,FALSE,FALSE,250,"BECCS",2433521.92857972,2433521.92857972,132088154.958216,87.304025629292,312.95098318882,205.787154438755,996.712511979663,44.7971541402568,33.2879681484244,1.66439840742122,46.5170860744065,123.414362343043,2.37367572400453,356.051358600678,1.3743344328,54.6196108113748,NA,149.078572204492,86.3183067236292,1.49853265404326,268.607929679724
"India",150,0.02,FALSE,FALSE,250,"BEBCS",449388.140983338,449388.140983338,27853102.0298923,32.6762877364883,175.017728225629,132.0858064853,NA,61.212737936878,45.2070426719704,18.4345858548583,59.3484081524608,0,1.07412791390021,161.119187085031,0.75264329023612,29.2406193605363,64.7160367190214,77.4257881738186,114.620476033588,1.97435719956921,358.74274277852
"US",200,0.02,FALSE,FALSE,250,"BES",NA,NA,NA,NA,NA,NA,NA,NA,26.2012980234781,1.25766230512695,NA,0,NA,NA,1.472501178,NA,NA,NA,NA,0,211.424031218349
"US",200,0.02,FALSE,FALSE,250,"BECCS",4054825.07892571,4054825.07892571,14691055.8031549,34.7744154806133,386.3865933886,218.126232707123,871.995186028039,222.046978276506,33.2879681484244,1.66439840742122,133.367046741476,93.1598006499567,2.06188959188992,412.377918377985,1.3743344328,67.2275282764167,NA,190.258795608106,128.077573486444,1.30169797467799,268.607929679724
"US",200,0.02,FALSE,FALSE,250,"BEBCS",58616.3028509371,57246.0770437646,16846.8221814843,-24.5850038825662,80.1611285979124,49.8347286232687,NA,399.230143349708,45.2070426719704,18.4345858548583,159.944521502456,0,0.962910998126611,192.582199625322,0.75264329023612,34.8883664495309,45.9503125777002,236.015971650869,232.51807224784,1.47746020507928,358.74274277852
"China",200,0.02,FALSE,FALSE,250,"BES",5404.91715977801,5404.91715977801,149330.969765389,17.5722341051634,90.7102305505048,65.5069309741388,NA,121.164576911926,26.2012980234781,1.25766230512695,58.174686536789,0,0.556632056864202,111.32641137284,1.472501178,39.8141664666923,NA,58.1552314828735,154.116560177355,0,211.424031218349
"China",200,0.02,FALSE,FALSE,250,"BECCS",2572119.71841316,2572119.71841316,182170784.4578,94.0720092393628,375.548493098796,237.374313092567,1318.2004351061,43.8879801170796,33.2879681484244,1.66439840742122,46.5831970175621,151.36899998278,2.11044314890666,422.088629781332,1.3743344328,48.1902468674231,NA,169.467167523177,110.374264394643,1.33235047279462,268.607929679724
"China",200,0.02,FALSE,FALSE,250,"BEBCS",2449057.87578857,2449057.87578857,71990932.6683936,64.7588915955207,196.745035798977,143.584788410748,NA,91.9889341094935,45.2070426719704,18.4345858548583,53.798340116424,0,1.00310564618313,200.621129236628,0.75264329023612,21.7775859952684,38.6260418221,104.716175436079,117.153026018278,1.61827297429802,358.74274277852
"Europe",200,0.02,FALSE,FALSE,250,"BES",72822.0353997945,72108.8661014321,1205343.85295186,-91.0417636114358,252.052002187695,159.541623422376,NA,108.89305620805,26.2012980234781,1.25766230512695,81.3499584312076,0,0.868322489056562,173.664497811312,1.472501178,94.6860443708761,NA,73.8939434381984,513.565160250976,0,211.424031218349
"Europe",200,0.02,FALSE,FALSE,250,"BECCS",3163754.83885538,3155983.7671987,84414258.1535505,-70.280305228952,308.870215565996,182.555530839954,1230.07037312572,82.6599768964434,33.2879681484244,1.66439840742122,77.4149965344644,137.720120580019,1.73618786561066,347.237573122132,1.3743344328,85.4054413881639,NA,181.969888625156,143.477431226189,1.09607819798653,268.607929679724
"Europe",200,0.02,FALSE,FALSE,250,"BEBCS",1476176.17425014,1460799.46712354,22053135.3942243,-14.9857105432294,212.068849362378,72.7487212895946,NA,123.586909602156,45.2070426719704,18.4345858548583,83.5540364403223,0,0.776592272934538,155.318454586908,0.75264329023612,41.4263200466037,23.1996116232349,164.74743740161,192.315531455348,1.26957180780428,358.74274277852
"India",200,0.02,FALSE,FALSE,250,"BES",8525.37561044009,8525.37561044009,7839.25112499529,105.890697115234,118.809198564819,111.721718380382,NA,115.003127321785,26.2012980234781,1.25766230512695,84.6504690982677,0,0.839380515216272,167.876103043254,1.472501178,55.955044764,NA,76.1353750352468,133.568110771303,0,211.424031218349
"India",200,0.02,FALSE,FALSE,250,"BECCS",2775107.34776752,2775107.34776752,158925305.485906,139.306512769871,431.73780375613,311.918193895262,1125.24393637298,45.845478413798,33.2879681484244,1.66439840742122,47.6365017620696,134.704328115717,2.37357089157718,474.714178315435,1.3743344328,54.4972120134645,NA,158.107947561883,91.5527956887671,1.49846647195528,268.607929679724
"India",200,0.02,FALSE,FALSE,250,"BEBCS",125926.447948687,125926.447948687,1050802.64402094,84.0417864766505,213.221177489555,158.079863522481,NA,92.7218932371368,45.2070426719704,18.4345858548583,74.3876654288694,0,1.13527338956563,227.054677913127,0.75264329023612,28.738041671724,40.3164378933292,129.826250137319,121.970185672039,1.87167431111574,358.74274277852
"US",0,0.08,FALSE,FALSE,250,"BES",4113441.38177661,NA,NA,-158.750194484793,-59.5108143467591,-116.450884616844,NA,224.883876708497,52.1253774989087,2.50201811994762,133.792581506275,0,0.512612562756849,0,1.472501178,71.9690925082879,NA,127.959135069114,426.948418938845,0,211.424031218349
"US",0,0.08,FALSE,FALSE,250,"BECCS",NA,NA,NA,NA,NA,NA,NA,NA,66.2237383946958,3.31118691973479,NA,NA,NA,NA,1.3743344328,NA,NA,NA,NA,NA,268.607929679724
"US",0,0.08,FALSE,FALSE,250,"BEBCS",NA,NA,NA,NA,NA,NA,NA,NA,81.1633784450883,19.1521486030496,NA,0,NA,NA,0.75264329023612,NA,NA,NA,NA,NA,358.74274277852
"China",0,0.08,FALSE,FALSE,250,"BES",5025247.98817207,NA,NA,-130.012396472919,-33.6056310795066,-57.4364067228963,NA,67.1594934065935,52.1253774989087,2.50201811994762,50.0739240109891,0,0.562032565214735,0,1.472501178,47.2649129069675,NA,71.1044046647577,186.452386231475,0,211.424031218349
"China",0,0.08,FALSE,FALSE,250,"BECCS",NA,NA,NA,NA,NA,NA,NA,NA,66.2237383946958,3.31118691973479,NA,NA,NA,NA,1.3743344328,NA,NA,NA,NA,NA,268.607929679724
"China",0,0.08,FALSE,FALSE,250,"BEBCS",1334.52318907365,NA,NA,-88.1461385515174,-51.8249643739496,-65.2925212693415,NA,139.436837800344,81.1633784450883,19.1521486030496,60.9155256700516,0,0.981959392535028,0,0.75264329023612,24.7117880294193,71.2267434194287,119.584284436422,164.126788017471,1.63201754015187,358.74274277852
"Europe",0,0.08,FALSE,FALSE,250,"BES",4712753.04850539,60443.4147880121,2570598.81697642,-140.259353778612,4.37672502054652,-45.37047541143,NA,94.8873465023941,52.1253774989087,2.50201811994762,79.2491019753589,0,0.163525135681225,0,1.472501178,88.5060221827986,NA,90.9177524571162,Inf,0,211.424031218349
"Europe",0,0.08,FALSE,FALSE,250,"BECCS",NA,NA,NA,NA,NA,NA,NA,NA,66.2237383946958,3.31118691973479,NA,NA,NA,NA,1.3743344328,NA,NA,NA,NA,NA,268.607929679724
"Europe",0,0.08,FALSE,FALSE,250,"BEBCS",NA,NA,NA,NA,NA,NA,NA,NA,81.1633784450883,19.1521486030496,NA,0,NA,NA,0.75264329023612,NA,NA,NA,NA,NA,358.74274277852
"India",0,0.08,FALSE,FALSE,250,"BES",2888274.50217755,NA,NA,-125.629295129759,-20.0272573918022,-45.024642710517,NA,47.6033548266135,52.1253774989087,2.50201811994762,48.685569492132,0,0.846120492465787,0,1.472501178,58.2883224004677,NA,70.1615500581888,122.13155634739,0,211.424031218349
"India",0,0.08,FALSE,FALSE,250,"BECCS",NA,NA,NA,NA,NA,NA,NA,NA,66.2237383946958,3.31118691973479,NA,NA,NA,NA,1.3743344328,NA,NA,NA,NA,NA,268.607929679724
"India",0,0.08,FALSE,FALSE,250,"BEBCS",21284.6691490906,NA,NA,-84.4182430089022,-75.8596474095302,-80.7102380172848,NA,125.9925917156,81.1633784450883,19.1521486030496,86.29888875734,0,1.04099747019692,0,0.75264329023612,29.4848983876542,76.419279400539,146.410840081187,179.266941245226,2.00700152001102,358.74274277852
"US",50,0.08,FALSE,FALSE,250,"BES",3111727.02154403,NA,NA,-148.199691362731,-35.0878695966587,-91.8566858520026,NA,230.295492424436,52.1253774989087,2.50201811994762,134.604323863666,0,0.506886023425469,25.3443011712734,1.472501178,72.030732459245,NA,128.510402782525,438.304175193225,0,211.424031218349
"US",50,0.08,FALSE,FALSE,250,"BECCS",637118.504962557,NA,NA,-116.768212464744,-31.5777634269005,-68.0844074721744,233.7169668135,172.675089532881,66.2237383946958,3.31118691973479,125.961263429932,46.048256147374,2.1109743417515,105.548717087575,1.3743344328,67.911320331988,NA,175.753760603688,115.181563354547,1.33268582181281,268.607929679724
"US",50,0.08,FALSE,FALSE,250,"BEBCS",364595.855270094,NA,NA,-123.295416775832,-65.2763869800344,-97.4618460373462,NA,272.284087383195,81.1633784450883,19.1521486030496,140.902613107479,0,0.905922599353245,45.2961299676623,0.75264329023612,35.7503569439742,62.7098072066344,237.175213364329,267.815378264748,1.55945106195608,358.74274277852
"China",50,0.08,FALSE,FALSE,250,"BES",4433692.0426696,NA,NA,-103.736138225618,-5.2545482300785,-28.7024591618109,NA,65.11562866569,52.1253774989087,2.50201811994762,49.7673442998533,0,0.562236951688824,28.111847584441,1.472501178,47.5804331724687,NA,70.8962012923489,185.825922839244,0,211.424031218349
"China",50,0.08,FALSE,FALSE,250,"BECCS",228409.865634769,108995.190401057,13046647.8843985,-21.4901423471069,23.6900528187721,0.281457776267015,230.786691113385,28.5699529222575,66.2237383946958,3.31118691973479,44.2854929383387,45.8043213618323,2.11197495162614,105.598747581307,1.3743344328,54.3074498095623,NA,116.146940515338,75.5812094640831,1.333317519966,268.607929679724
"China",50,0.08,FALSE,FALSE,250,"BEBCS",364480.603057138,NA,NA,-98.0532369438235,-5.77221171201933,-41.7587478905548,NA,115.634063726849,81.1633784450883,19.1521486030496,57.3451095590275,0,0.9982793102556,49.9139655127801,0.75264329023612,18.8169528430195,47.1709703608112,146.802167347684,158.026688448461,1.61584730733609,358.74274277852
"Europe",50,0.08,FALSE,FALSE,250,"BES",4327189.4623229,240551.045743415,5907610.56411693,-140.960929774957,31.4641176816143,-37.9237942142119,NA,98.7032357177493,52.1253774989087,2.50201811994762,79.8214853576603,0,0.174478520231074,8.72392601155368,1.472501178,87.8011607507549,NA,91.3064675161295,Inf,0,211.424031218349
"Europe",50,0.08,FALSE,FALSE,250,"BECCS",370605.479130832,67548.7715981539,2537750.46283032,-63.6555767124873,18.3114620656987,-16.4835141670781,236.751171448634,51.2949939426048,66.2237383946958,3.31118691973479,72.7102490913912,46.2982659881636,1.62452748204532,81.2263741022663,1.3743344328,90.833552124637,NA,137.188908241101,116.064117493104,1.02558553159427,268.607929679724
"Europe",50,0.08,FALSE,FALSE,250,"BEBCS",14958.1070520223,NA,NA,-80.9332087554594,-56.6527969231741,-69.9025534421914,NA,111.158776169319,81.1633784450883,19.1521486030496,81.6898164253978,0,0.681776250334514,34.0888125167257,0.75264329023612,31.7380878363205,46.275889678298,180.337027588005,266.97547060798,1.20821650730692,358.74274277852
"India",50,0.08,FALSE,FALSE,250,"BES",2689462.54522082,1373015.55192263,110598383.328442,-85.0704852081662,22.3844532379888,-2.40275249160261,NA,47.1393313891265,52.1253774989087,2.50201811994762,48.3981494449337,0,0.846166894809538,42.3083447404768,1.472501178,58.3144478317053,NA,69.9663583316947,121.782163545904,0,211.424031218349
"India",50,0.08,FALSE,FALSE,250,"BECCS",140236.648125572,114921.802836907,7843060.86087385,-23.8309985760458,40.3821727777581,13.0929955501966,237.486543556529,38.6120048304874,66.2237383946958,3.31118691973479,43.8419713730373,46.3434073565471,2.37429423893551,118.714711946775,1.3743344328,54.0985876474371,NA,116.216475576915,67.271248553615,1.4989231306411,268.607929679724
"India",50,0.08,FALSE,FALSE,250,"BEBCS",79859.9779802927,14547.9150676268,947714.832383331,-41.254525772746,11.9345319338158,-23.9361924448219,NA,98.3307973845865,81.1633784450883,19.1521486030496,76.0093706450323,0,1.04536867893228,52.268433946614,0.75264329023612,29.5423421921894,70.5779291095451,140.50077899512,168.772986583879,2.00922592846554,358.74274277852
"US",100,0.08,FALSE,FALSE,250,"BES",659686.778671585,NA,NA,-137.338311775826,-10.6649248465584,-68.5512739751135,NA,260.501202798827,52.1253774989087,2.50201811994762,139.135180419824,0,0.496350506270541,49.6350506270541,1.472501178,75.576251436511,NA,131.587382702033,486.478357852333,0,211.424031218349
"US",100,0.08,FALSE,FALSE,250,"BECCS",2199306.76662422,1160986.43632431,6067556.85176041,-89.3399392307082,90.0735524658814,2.15891731536715,524.325760084753,195.280899420555,66.2237383946958,3.31118691973479,129.352134913084,76.7482468241179,2.10803778837638,210.803778837639,1.3743344328,66.9904455293611,NA,200.559121908971,131.877844945301,1.3308319371063,268.607929679724
"US",100,0.08,FALSE,FALSE,250,"BEBCS",1254447.8364809,NA,NA,-136.929257295872,-17.2988078661887,-65.2671013207972,NA,256.520683591465,81.1633784450883,19.1521486030496,138.53810253872,0,0.916218438965304,91.6218438965301,0.75264329023612,35.9258632627376,46.0388211067928,256.183521438921,262.317887722391,1.51135199349709,358.74274277852
"China",100,0.08,FALSE,FALSE,250,"BES",1206145.44302322,667964.7383066,51085365.6150002,-66.4457606056293,21.7191821987124,-1.32648133153771,NA,67.8160558202725,52.1253774989087,2.50201811994762,50.1724083730407,0,0.561966908973367,56.1966908973364,1.472501178,47.2766317630156,NA,71.1712870303028,186.677865576192,0,211.424031218349
"China",100,0.08,FALSE,FALSE,250,"BECCS",675639.206980153,675237.167403418,69607974.1001938,-3.74103898605253,129.311383787241,74.4747231819855,506.331940300805,30.197168478153,66.2237383946958,3.31118691973479,44.529575271723,74.7703965586285,2.11181223007055,211.181223007056,1.3743344328,52.1283973197142,NA,137.40097943996,89.419842624335,1.33321479171121,268.607929679724
"China",100,0.08,FALSE,FALSE,250,"BEBCS",3144797.86135822,2441593.89425257,106594234.21589,-70.6331964854766,40.3263371086127,7.80760239049468,NA,74.7705225323933,81.1633784450883,19.1521486030496,51.2155783798588,0,0.991138704533959,99.1138704533973,0.75264329023612,23.2231328555889,37.0017045094987,152.169563462882,153.007489192296,1.6339087084465,358.74274277852
"Europe",100,0.08,FALSE,FALSE,250,"BES",2773561.38340085,1107247.93941652,31800559.9956349,-131.584138418131,97.4905228370943,-9.42011578216066,NA,85.5766202837644,52.1253774989087,2.50201811994762,77.8524930425628,0,0.249813231554781,24.9813231554781,1.472501178,98.0784497237889,NA,89.9692921409809,Inf,0,211.424031218349
"Europe",100,0.08,FALSE,FALSE,250,"BECCS",1053311.15881881,817439.950574419,26113493.2011624,-92.0412465601252,99.8318018297684,28.7438707932037,500.194639896245,64.0285067495576,66.2237383946958,3.31118691973479,74.6202760124343,75.6459196647513,1.64194420044964,164.194420044963,1.3743344328,84.3505717398614,NA,159.932776001111,133.83606565118,1.03658093462729,268.607929679724
"Europe",100,0.08,FALSE,FALSE,250,"BEBCS",885880.506285725,707.772177688118,3195.55474634011,-127.740477993468,25.508593880267,-68.0756302829844,NA,157.641280267171,81.1633784450883,19.1521486030496,88.6621920400759,0,0.748070976571515,74.8070976571516,0.75264329023612,29.994625878867,16.1003652692167,229.693609259125,252.904151691531,1.17241956290717,358.74274277852
"India",100,0.08,FALSE,FALSE,250,"BES",1869845.94993402,1822828.92247257,89662775.3116916,-44.5116752865737,64.7961638677798,39.0453134661763,NA,49.2438147831491,52.1253774989087,2.50201811994762,49.2453666122536,0,0.845956446470133,84.5956446470133,1.472501178,58.3224310502699,NA,70.5417175775666,122.816797969906,0,211.424031218349
"India",100,0.08,FALSE,FALSE,250,"BECCS",761695.471595086,761695.471595086,49418606.9875252,3.52138030926346,159.168993345068,86.4264141407671,596.84878354954,42.2509916785741,66.2237383946958,3.31118691973479,45.3876487517861,90.4052502512209,2.3739303402507,237.39303402507,1.3743344328,54.3612044331343,NA,149.40164447391,86.4938575294303,1.49869339662291,268.607929679724
"India",100,0.08,FALSE,FALSE,250,"BEBCS",278017.74979751,275795.674168287,20585931.8230917,-5.00046463312967,63.8170214300847,39.643005480359,NA,56.6145693372367,81.1633784450883,19.1521486030496,56.3654924871997,0,1.05521486376222,105.521486376222,0.75264329023612,29.7140015190155,61.0885371204595,127.009014303295,148.646253621859,2.00630570072039,358.74274277852
"US",150,0.08,FALSE,FALSE,250,"BES",1148.06747967886,NA,NA,-62.4434444897057,-56.9972928936363,-60.4345798961998,NA,406.164412434896,52.1253774989087,2.50201811994762,160.984661865234,0,0.514232767692606,77.1349151538909,1.472501178,78.042562434,NA,146.425728349462,419.304701794333,0,211.424031218349
"US",150,0.08,FALSE,FALSE,250,"BECCS",3644420.25515404,3112048.51189115,12972018.9301737,-94.780936421892,218.813676806663,66.7436859788614,787.001451702613,212.061754893085,66.2237383946958,3.31118691973479,131.869263233963,109.593104043569,2.06739486279009,310.109229418513,1.3743344328,67.6317491523139,NA,226.289384279163,151.970323594403,1.3051735244887,268.607929679724
"US",150,0.08,FALSE,FALSE,250,"BEBCS",467873.059143027,63647.1012586118,111631.940740301,-103.525884481986,33.2280068995737,-28.2324850245514,NA,319.927836396529,81.1633784450883,19.1521486030496,148.049175459479,0,0.947028299517233,142.054244927585,0.75264329023612,34.9003577873311,43.1776147681494,272.62195837167,265.332048250093,1.51074140248529,358.74274277852
"China",150,0.08,FALSE,FALSE,250,"BES",46383.8447560918,44763.2846675845,4914803.93488772,-36.2361700189367,40.8437407455929,25.1220738513874,NA,41.6403547089301,52.1253774989087,2.50201811994762,46.2460532063395,0,0.564584479084501,84.6876718626753,1.472501178,41.3078508139079,NA,68.5048340417666,178.762844419118,0,211.424031218349
"China",150,0.08,FALSE,FALSE,250,"BECCS",1358042.60337697,1358042.60337697,125754072.47777,26.8494610858331,234.932714755711,130.921258549021,829.834112008655,33.3829246983602,66.2237383946958,3.31118691973479,45.007438704754,121.647861503795,2.11149365444854,316.72404816728,1.3743344328,50.3874359047255,NA,171.857897092615,111.863623424951,1.33301367073771,268.607929679724
"China",150,0.08,FALSE,FALSE,250,"BEBCS",3622156.0632287,3609993.63572154,123604448.452201,-24.5526631893661,86.9216535002551,51.332543478316,NA,79.676568921475,81.1633784450883,19.1521486030496,51.951485338221,0,1.00877799280066,151.316698920099,0.75264329023612,22.9560523712215,29.3268045733469,163.34458754617,151.153521892467,1.61549590779999,358.74274277852
"Europe",150,0.08,FALSE,FALSE,250,"BES",652100.101513235,558777.277669811,16174341.1087943,-131.675772427997,163.516927992574,34.3228485493009,NA,96.3076155038199,52.1253774989087,2.50201811994762,79.4621423255736,0,0.459649130522811,68.9473695784222,1.472501178,99.4650169152981,NA,91.0624316963568,Inf,0,211.424031218349
"Europe",150,0.08,FALSE,FALSE,250,"BECCS",2314525.97974962,2151952.80576094,60157477.8471044,-132.044351357007,181.352141593838,66.7724887582155,942.005536238554,76.1891614158103,66.2237383946958,3.31118691973479,76.4443742123697,130.335696815284,1.71453688457679,257.180532686517,1.3743344328,85.9069524137834,NA,201.053680783604,160.687626321094,1.08240964935403,268.607929679724
"Europe",150,0.08,FALSE,FALSE,250,"BEBCS",1746126.96724243,624707.41730251,15827621.0468081,-89.2254519744305,96.5593827240427,-13.7196575657053,NA,121.42279978598,81.1633784450883,19.1521486030496,83.229419967896,0,0.763368731773644,114.505309766047,0.75264329023612,40.5678775012636,14.7521021830154,224.266723722557,241.893253329129,1.22608665772761,358.74274277852
"India",150,0.08,FALSE,FALSE,250,"BES",153767.034932385,153646.763907191,4302282.62956705,-3.95286536498122,100.729592832827,64.5769624508533,NA,72.8679130103373,52.1253774989087,2.50201811994762,63.7329841543477,0,0.843594036647417,126.539105497113,1.472501178,56.3982367269458,NA,80.3804992088122,140.404530806498,0,211.424031218349
"India",150,0.08,FALSE,FALSE,250,"BECCS",2434113.18154904,2434113.18154904,132202628.178483,45.4963873198992,277.955813912378,149.076582473125,994.751320478241,44.8066655115115,66.2237383946958,3.31118691973479,46.5182588103844,145.529899524492,2.3736747728674,356.051215930109,1.3743344328,54.6084501923263,NA,190.334373793117,110.204814729621,1.4985320535779,268.607929679724
"India",150,0.08,FALSE,FALSE,250,"BEBCS",321678.95484523,321678.95484523,23478859.8466926,38.9430553362001,116.787773890135,84.7736339269495,NA,60.5837094916176,81.1633784450883,19.1521486030496,59.4262104650007,0,1.06333916162796,159.500874244194,0.75264329023612,29.4300070890123,55.584490106882,138.388594912711,150.391539256118,1.99182698504998,358.74274277852
"US",200,0.08,FALSE,FALSE,250,"BES",NA,NA,NA,NA,NA,NA,NA,NA,52.1253774989087,2.50201811994762,NA,0,NA,NA,1.472501178,NA,NA,NA,NA,0,211.424031218349
"US",200,0.08,FALSE,FALSE,250,"BECCS",4087989.19700873,4069044.7352584,14697770.1073441,-13.5454851953818,347.601406147813,157.360995997193,883.629712662959,223.544144817363,66.2237383946958,3.31118691973479,133.591621722605,119.005597099157,2.061469085291,412.293817058201,1.3743344328,67.1993230751828,NA,234.391379891354,157.875490087801,1.30143250334029,268.607929679724
"US",200,0.08,FALSE,FALSE,250,"BEBCS",25452.1847678997,13534.0665891322,2462.9697614158,-62.1818728826359,8.45957658702861,-3.88669820420992,NA,416.554852600098,81.1633784450883,19.1521486030496,162.543227890015,0,0.956644650166629,191.328930033326,0.75264329023612,34.5786405805991,33.0644861200179,305.316305611445,275.419717769782,1.45858834794443,358.74274277852
"China",200,0.08,FALSE,FALSE,250,"BES",5516.60859819158,5422.54798867986,157026.532683174,-9.59620118508792,64.0791010044247,38.8241674823882,NA,119.445405798138,52.1253774989087,2.50201811994762,57.9168108697208,0,0.556803973975581,111.360794795116,1.472501178,40.0075791758491,NA,76.4306393570689,202.410533716867,0,211.424031218349
"China",200,0.08,FALSE,FALSE,250,"BECCS",2832443.21483425,2832443.21483425,192276509.369941,60.2246319737741,340.55404572418,181.676205808549,1377.73126202918,45.5174776498167,66.2237383946958,3.31118691973479,46.8276216474724,172.097538521175,2.11028019915339,422.056039830677,1.3743344328,48.0802514609465,NA,209.890750459759,136.709058728905,1.33224760047563,268.607929679724
"China",200,0.08,FALSE,FALSE,250,"BEBCS",2188622.68792904,2188622.68792904,61877450.9387277,28.0849930742115,137.245393805093,96.2770030141807,NA,95.5358829708687,81.1633784450883,19.1521486030496,54.3303824456303,0,1.00451499263547,200.902998527096,0.75264329023612,21.3111643843696,28.7087495964825,167.326489893741,154.098978022738,1.61582260117499,358.74274277852
"Europe",200,0.08,FALSE,FALSE,250,"BES",153105.27590121,151121.062430499,2079521.20678604,-118.210198901687,224.883566897444,130.718665956271,NA,110.885427303252,52.1253774989087,2.50201811994762,81.6488140954878,0,0.862632453248564,172.526490649713,1.472501178,94.4683850208999,NA,92.5474368037103,385.003470329555,0,211.424031218349
"Europe",200,0.08,FALSE,FALSE,250,"BECCS",3176792.73384383,3140390.76706949,85317417.3134999,-104.862863987537,274.287656807411,131.123397837817,1234.57982797383,81.4421139040593,66.2237383946958,3.31118691973479,77.2323170856067,155.36732541045,1.73756161584344,347.512323168686,1.3743344328,85.7456424796283,NA,219.840644751173,173.569033832189,1.09694546454762,268.607929679724
"Europe",200,0.08,FALSE,FALSE,250,"BEBCS",1382855.03876035,1172229.34007149,19644810.4797171,-51.6596090645386,152.94854545435,25.0745989469378,NA,127.25852837671,81.1633784450883,19.1521486030496,84.1047792565057,0,0.759900893891544,151.980178778309,0.75264329023612,40.6119430399334,16.9027834333406,222.572266363724,244.663604590127,1.23286879206131,358.74274277852
"India",200,0.08,FALSE,FALSE,250,"BES",10421.7534959865,10421.7534959865,19851.4476161473,41.200017127412,122.492664920228,81.6285214038843,NA,133.990506555616,52.1253774989087,2.50201811994762,87.1954831998373,0,0.837481777292889,167.496355458578,1.472501178,55.9550447640001,NA,96.3142718916681,169.424592372388,0,211.424031218349
"India",200,0.08,FALSE,FALSE,250,"BECCS",2800291.68534253,2800291.68534253,159054601.126833,94.9055806828861,396.742634479688,256.045685322005,1135.92234988029,46.4262088289959,66.2237383946958,3.31118691973479,47.9369113276008,155.671760328372,2.37351281853566,474.702563707131,1.3743344328,54.4867185852787,NA,198.746091527311,115.086341557023,1.49842980968159,268.607929679724
"India",200,0.08,FALSE,FALSE,250,"BEBCS",98845.732488153,98845.732488153,909494.806602848,38.6737339777044,149.416619549833,109.596665136388,NA,86.4630600793317,81.1633784450883,19.1521486030496,72.5635830597778,0,1.15720745196014,231.441490392028,0.75264329023612,28.6184626050177,22.4158222472587,199.913145858848,149.48180539113,1.84030000803027,358.74274277852
"US",0,0.15,FALSE,FALSE,250,"BES",4113441.38177661,NA,NA,-197.78489020693,-98.5455100688964,-155.485580338982,NA,224.883876708497,89.3722245620168,4.28986677897681,133.792581506275,0,0.512612562756849,0,1.472501178,71.9690925082879,NA,154.468245082292,515.436169562836,0,211.424031218349
"US",0,0.15,FALSE,FALSE,250,"BECCS",NA,NA,NA,NA,NA,NA,NA,NA,113.544747359785,5.67723736798925,NA,NA,NA,NA,1.3743344328,NA,NA,NA,NA,NA,268.607929679724
"US",0,0.15,FALSE,FALSE,250,"BEBCS",NA,NA,NA,NA,NA,NA,NA,NA,132.576014453012,20.1831186695239,NA,0,NA,NA,0.75264329023612,NA,NA,NA,NA,NA,358.74274277852
"China",0,0.15,FALSE,FALSE,250,"BES",5026582.51136114,NA,NA,-169.047092195056,-72.6403268016438,-96.4734453552613,NA,67.1768448276458,89.3722245620168,4.28986677897681,50.076526724147,0,0.56203083007263,0,1.472501178,47.2651727098972,NA,97.6152822236599,255.917314843703,0,211.424031218349
"China",0,0.15,FALSE,FALSE,250,"BECCS",NA,NA,NA,NA,NA,NA,NA,NA,113.544747359785,5.67723736798925,NA,NA,NA,NA,1.3743344328,NA,NA,NA,NA,NA,268.607929679724
"China",0,0.15,FALSE,FALSE,250,"BEBCS",NA,NA,NA,NA,NA,NA,NA,NA,132.576014453012,20.1831186695239,NA,0,NA,NA,0.75264329023612,NA,NA,NA,NA,NA,358.74274277852
"Europe",0,0.15,FALSE,FALSE,250,"BES",4712753.04850539,NA,NA,-179.294049500749,-34.6579707015908,-84.4051711335675,NA,94.8873465023941,89.3722245620168,4.28986677897681,79.2491019753589,0,0.163525135681225,0,1.472501178,88.5060221827986,NA,117.426862470295,Inf,0,211.424031218349
"Europe",0,0.15,FALSE,FALSE,250,"BECCS",NA,NA,NA,NA,NA,NA,NA,NA,113.544747359785,5.67723736798925,NA,NA,NA,NA,1.3743344328,NA,NA,NA,NA,NA,268.607929679724
"Europe",0,0.15,FALSE,FALSE,250,"BEBCS",NA,NA,NA,NA,NA,NA,NA,NA,132.576014453012,20.1831186695239,NA,0,NA,NA,0.75264329023612,NA,NA,NA,NA,NA,358.74274277852
"India",0,0.15,FALSE,FALSE,250,"BES",2909559.17132664,NA,NA,-164.663990851896,-59.0619531139396,-84.3472279695334,NA,48.1938748390872,89.3722245620168,4.28986677897681,48.9689172914366,0,0.84606144046454,0,1.472501178,58.2837806628931,NA,96.8630862667,168.615220765383,0,211.424031218349
"India",0,0.15,FALSE,FALSE,250,"BECCS",NA,NA,NA,NA,NA,NA,NA,NA,113.544747359785,5.67723736798925,NA,NA,NA,NA,1.3743344328,NA,NA,NA,NA,NA,268.607929679724
"India",0,0.15,FALSE,FALSE,250,"BEBCS",NA,NA,NA,NA,NA,NA,NA,NA,132.576014453012,20.1831186695239,NA,0,NA,NA,0.75264329023612,NA,NA,NA,NA,NA,358.74274277852
"US",50,0.15,FALSE,FALSE,250,"BES",3972626.71979091,NA,NA,-187.234387084869,-74.122565318796,-130.092026516825,NA,226.254266323716,89.3722245620168,4.28986677897681,133.998139948558,0,0.514482575716517,25.7241287858259,1.472501178,71.8440759869011,NA,154.607843233624,514.818862508724,0,211.424031218349
"US",50,0.15,FALSE,FALSE,250,"BECCS",140814.661985737,NA,NA,-157.124680895961,-88.5309627408683,-116.51239246742,98.5376364888372,186.235185803594,113.544747359785,5.67723736798925,127.995277870539,40.3557013643672,2.01197336575276,100.598668287638,1.3743344328,70.4619032076229,NA,209.245258722648,143.41997468237,1.27018520565199,268.607929679724
"US",50,0.15,FALSE,FALSE,250,"BEBCS",NA,NA,NA,NA,NA,NA,NA,NA,132.576014453012,20.1831186695239,NA,0,NA,NA,0.75264329023612,NA,NA,NA,NA,NA,358.74274277852
"China",50,0.15,FALSE,FALSE,250,"BES",4966387.47410575,NA,NA,-142.770833947755,-44.2892439522158,-68.5923583975313,NA,67.6637771919039,89.3722245620168,4.28986677897681,50.1495665787858,0,0.561982136836204,28.0991068418099,1.472501178,47.1201926804539,NA,97.6648848017288,256.070289740533,0,211.424031218349
"China",50,0.15,FALSE,FALSE,250,"BECCS",60195.0372555654,NA,NA,-59.5925156744322,-26.539566599764,-42.5988966538278,101.696282322764,25.7708319943046,113.544747359785,5.67723736798925,43.8656247991457,40.7445985040529,2.11225486371894,105.612743185947,1.3743344328,55.6205681911985,NA,148.313396773226,96.5000722546128,1.33349423214579,268.607929679724
"China",50,0.15,FALSE,FALSE,250,"BEBCS",NA,NA,NA,NA,NA,NA,NA,NA,132.576014453012,20.1831186695239,NA,0,NA,NA,0.75264329023612,NA,NA,NA,NA,NA,358.74274277852
"Europe",50,0.15,FALSE,FALSE,250,"BES",4638940.10704147,NA,NA,-179.995625497094,-7.57057804052297,-76.4563776003039,NA,95.6876931427945,89.3722245620168,4.28986677897681,79.3691539714183,0,0.165492379685376,8.27461898426885,1.472501178,88.3002487278565,NA,117.508391774212,Inf,0,211.424031218349
"Europe",50,0.15,FALSE,FALSE,250,"BECCS",73812.9414638161,NA,NA,-75.688108697484,-31.9265822230267,-56.016412272271,98.3062044670016,46.3756575012611,113.544747359785,5.67723736798925,71.9723486251893,40.3199327264682,1.62502246085209,81.2511230426046,1.3743344328,94.2467307645557,NA,168.455552414383,142.470020044503,1.0258980182147,268.607929679724
"Europe",50,0.15,FALSE,FALSE,250,"BEBCS",NA,NA,NA,NA,NA,NA,NA,NA,132.576014453012,20.1831186695239,NA,0,NA,NA,0.75264329023612,NA,NA,NA,NA,NA,358.74274277852
"India",50,0.15,FALSE,FALSE,250,"BES",2879948.66430251,NA,NA,-124.105180930303,-16.6502424841485,-42.1354479023558,NA,48.3340490538196,89.3722245620168,4.28986677897681,49.0260521856588,0,0.846047423043067,42.3023711521533,1.472501178,58.2503244721396,NA,96.9018875220577,168.685734254837,0,211.424031218349
"India",50,0.15,FALSE,FALSE,250,"BECCS",29610.5070241291,NA,NA,-38.0719286321414,-9.89771157541941,-24.7783123840852,87.3876796741875,33.6758311703741,113.544747359785,5.67723736798925,43.0513746755561,38.8766395206765,2.37478785630152,118.739392815076,1.3743344328,57.6322937248455,NA,146.361754550669,84.7027260894668,1.49923475776611,268.607929679724
"India",50,0.15,FALSE,FALSE,250,"BEBCS",NA,NA,NA,NA,NA,NA,NA,NA,132.576014453012,20.1831186695239,NA,0,NA,NA,0.75264329023612,NA,NA,NA,NA,NA,358.74274277852
"US",100,0.15,FALSE,FALSE,250,"BES",2509476.01011104,NA,NA,-176.683883962807,-49.6996205686957,-111.24807725228,NA,247.753033040812,89.3722245620168,4.28986677897681,137.222954956122,0,0.467922338440702,46.7922338440702,1.472501178,72.8447352007619,NA,156.797868651427,565.445482729825,0,211.424031218349
"US",100,0.15,FALSE,FALSE,250,"BECCS",1497534.09915182,130794.07981361,960203.622812678,-136.433279437849,36.5223880620093,-45.60228400175,398.625189928852,184.940216888027,113.544747359785,5.67723736798925,127.801032533204,78.7845891590771,2.14110511591327,214.110511591326,1.3743344328,66.0948108269811,NA,237.065737890501,153.227370425005,1.35170777519776,268.607929679724
"US",100,0.15,FALSE,FALSE,250,"BEBCS",106431.272513823,NA,NA,-176.244362356982,-86.7976063800175,-120.542313887465,NA,237.262105882125,132.576014453012,20.1831186695239,135.649315882319,0,0.883651638506842,88.3651638506842,0.75264329023612,34.3094766631335,45.1914946035718,323.150365593481,327.94264974291,1.47458528529554,358.74274277852
"China",100,0.15,FALSE,FALSE,250,"BES",4287305.92687251,NA,NA,-116.494575700454,-15.9381611027877,-40.4570065235328,NA,66.9537287613205,89.3722245620168,4.28986677897681,50.0430593141978,0,0.562053141679261,56.2053141679261,1.472501178,47.0428299637447,NA,97.5925539498571,255.832991540149,0,211.424031218349
"China",100,0.15,FALSE,FALSE,250,"BECCS",474109.662935477,383600.261647171,42533183.0522504,-31.1354397896762,79.0817643687053,23.1760069187996,386.623232278344,29.0004549703263,113.544747359785,5.67723736798925,44.3500682455489,77.2041258006718,2.11193190142134,211.193190142134,1.3743344328,52.7589955506589,NA,175.194751021009,114.008198453327,1.3332903418064,268.607929679724
"China",100,0.15,FALSE,FALSE,250,"BEBCS",265166.921553708,NA,NA,-111.373101042659,-29.6290053617679,-58.5976009010158,NA,135.315144567293,132.576014453012,20.1831186695239,60.297271685094,0,1.01666008960485,101.666008960485,0.75264329023612,17.9330029972261,34.8597919489027,236.761046262463,209.719802884506,1.59239173012291,358.74274277852
"Europe",100,0.15,FALSE,FALSE,250,"BES",3796654.73602737,150297.597644894,1703759.44633242,-179.011327470002,58.4558271149569,-65.310375309657,NA,99.4359033930973,89.3722245620168,4.28986677897681,79.9313855089629,0,0.191620154259748,19.1620154259748,1.472501178,89.1210861143272,NA,117.890212546885,Inf,0,211.424031218349
"Europe",100,0.15,FALSE,FALSE,250,"BECCS",738167.389315652,220064.277819585,8958139.12341702,-128.938898327736,49.593757541043,-18.8537065866123,377.894949995769,58.2927606720089,113.544747359785,5.67723736798925,73.7599141008018,76.0490520872916,1.63457373463697,163.457373463696,1.3743344328,86.7198708655501,NA,195.753627716187,164.577139072416,1.03192786277586,268.607929679724
"Europe",100,0.15,FALSE,FALSE,250,"BEBCS",177930.923162427,NA,NA,-179.771091706465,-86.5063081084598,-118.816779477163,NA,154.699735854654,132.576014453012,20.1831186695239,88.220960378198,0,0.731199152498948,73.1199152498949,0.75264329023612,28.8162765607318,20.2271222129445,293.303579732351,330.064433030446,1.17575842220861,358.74274277852
"India",100,0.15,FALSE,FALSE,250,"BES",2533227.51885009,1665723.67138143,111494705.103285,-83.546371008711,25.7614681456425,-0.0287484615856445,NA,49.1134597721519,89.3722245620168,4.28986677897681,49.4155478531267,0,0.845969481971235,84.5969481971234,1.472501178,58.4519425354051,NA,97.1664004971822,169.164200415864,0,211.424031218349
"India",100,0.15,FALSE,FALSE,250,"BECCS",376331.65247652,353896.9754332,26411583.0885148,-42.4601015988306,108.88910899189,42.4250538731857,420.801125504441,41.7233198771962,113.544747359785,5.67723736798925,45.8262520593711,83.218846908495,2.37398310743084,237.398310743084,1.3743344328,53.2938268257429,NA,180.645320214988,104.580467641015,1.49872670923663,268.607929679724
"India",100,0.15,FALSE,FALSE,250,"BEBCS",NA,NA,NA,NA,NA,NA,NA,NA,132.576014453012,20.1831186695239,NA,0,NA,NA,0.75264329023612,NA,NA,NA,NA,NA,358.74274277852
"US",150,0.15,FALSE,FALSE,250,"BES",60962.4018399845,NA,NA,-118.686816230096,-54.686494986952,-76.1634478508169,NA,344.92362278783,89.3722245620168,4.28986677897681,151.798543418175,0,0.673921283773029,101.088192565954,1.472501178,68.2089943423971,NA,166.696392795122,399.976675356267,0,211.424031218349
"US",150,0.15,FALSE,FALSE,250,"BECCS",3858230.40921215,1612091.72798476,8122034.99432031,-144.467995835236,165.173710039267,0.167429258374687,818.633288678831,216.891660933519,113.544747359785,5.67723736798925,132.593749140028,125.097158279373,2.06357926321003,309.536889481505,1.3743344328,67.5434319240463,NA,274.251218009048,184.298811608381,1.30276468636997,268.607929679724
"US",150,0.15,FALSE,FALSE,250,"BEBCS",194248.570724595,NA,NA,-156.656412132611,-57.2038334576988,-101.045274005807,NA,330.757845021476,132.576014453012,20.1831186695239,149.673676753221,0,0.94249719716022,141.374579574033,0.75264329023612,33.7378682055203,26.2750880903965,366.91713773031,323.257758764588,1.45603588521582,358.74274277852
"China",150,0.15,FALSE,FALSE,250,"BES",635213.11670855,30865.9898953215,2373205.20046619,-75.270865741074,6.58595295277132,-12.3781311585369,NA,67.0163562083183,89.3722245620168,4.28986677897681,50.0524534312476,0,0.562046878934564,84.3070318401843,1.472501178,47.0293817735207,NA,97.5989336507283,255.890818981712,0,211.424031218349
"China",150,0.15,FALSE,FALSE,250,"BECCS",1551413.31551827,1524422.15389218,133718351.106994,-13.033152272333,184.703095337175,63.4678567611814,902.985290423226,34.9352026204099,113.544747359785,5.67723736798925,45.2402803930614,138.799558894853,2.11133842665634,316.70076399845,1.3743344328,50.028916778425,NA,220.660864472294,143.640012750278,1.33291567339415,268.607929679724
"China",150,0.15,FALSE,FALSE,250,"BEBCS",2839956.07913489,850209.480463023,37222790.3452387,-76.9962692637637,19.4641997955997,-6.85105565062487,NA,84.393525475991,132.576014453012,20.1831186695239,52.6590288213986,0,1.00613030639696,150.919545959545,0.75264329023612,22.4616082053366,25.1859521284192,239.46564349092,204.473587233244,1.6166481555232,358.74274277852
"Europe",150,0.15,FALSE,FALSE,250,"BES",1281883.13683078,248845.870371753,3736004.09368583,-171.182495142933,124.482232270437,-20.2691596582306,NA,87.0768737470913,89.3722245620168,4.28986677897681,78.077531062064,0,0.340535726794447,51.080359019167,1.472501178,100.390103725655,NA,116.631229209826,Inf,0,211.424031218349
"Europe",150,0.15,FALSE,FALSE,250,"BECCS",2270590.03720609,1207792.92266315,36153125.59481,-162.606287055141,131.114097305113,8.5271818249231,920.799975874526,77.1699363133715,113.544747359785,5.67723736798925,76.591490447004,136.953537188605,1.70450033941504,255.675050912254,1.3743344328,85.6191432760584,NA,242.129575175834,195.191219431055,1.0760734466004,268.607929679724
"Europe",150,0.15,FALSE,FALSE,250,"BEBCS",1160279.87446837,NA,NA,-141.669058048828,-22.024080683439,-78.6965183566062,NA,139.990888425464,132.576014453012,20.1831186695239,86.0146332638196,0,0.749362705725345,112.404405858802,0.75264329023612,35.4414807532559,12.2313614176963,300.99571458026,319.580614550993,1.18957558384238,358.74274277852
"India",150,0.15,FALSE,FALSE,250,"BES",560547.807550981,553193.226198797,29853728.3056806,-42.9875610871185,63.1383967005053,30.8531899400768,NA,62.4498978427782,89.3722245620168,4.28986677897681,59.2131989621311,0,0.844635838164174,126.695375724626,1.472501178,57.0331045185751,NA,103.820148049569,181.08181752284,0,211.424031218349
"India",150,0.15,FALSE,FALSE,250,"BECCS",2335768.51419368,2335768.51419368,130071754.790148,4.39072606100507,227.6759295592,95.916357303606,958.791595733093,44.1172695225411,113.544747359785,5.67723736798925,46.1572809221176,149.46227025352,2.3737437124663,356.061556869942,1.3743344328,54.6963363370742,NA,229.086551562248,132.637174125963,1.49857557605195,268.607929679724
"India",150,0.15,FALSE,FALSE,250,"BEBCS",13242.8495819453,13242.8495819453,38059.5694623865,1.70510531549471,8.80270457401971,4.42885080514155,NA,128.46106537501,132.576014453012,20.1831186695239,86.6691598062515,0,1.04103146447253,156.15471967088,0.75264329023612,29.503616977256,58.198807085793,240.790674937311,229.993177037451,2.00597966311997,358.74274277852
"US",200,0.15,FALSE,FALSE,250,"BES",NA,NA,NA,NA,NA,NA,NA,NA,89.3722245620168,4.28986677897681,NA,0,NA,NA,1.472501178,NA,NA,NA,NA,0,211.424031218349
"US",200,0.15,FALSE,FALSE,250,"BECCS",4098017.49260654,3831022.96529577,14496445.0198668,-63.2325446087254,293.825032016525,95.9905087761896,887.444451471244,224.058035387479,113.544747359785,5.67723736798925,133.668705308122,130.562539240927,2.06127576914499,412.255153828998,1.3743344328,67.1885842240135,NA,279.010130376779,187.724071634205,1.30131046031881,268.607929679724
"US",200,0.15,FALSE,FALSE,250,"BEBCS",15423.8891700755,NA,NA,-115.312400533261,-53.7756323332027,-65.7920921870685,NA,422.351712578668,132.576014453012,20.1831186695239,163.4127568868,0,0.959842524030847,191.968504806169,0.75264329023612,34.5031755956983,23.9081174203994,388.316452668098,330.460399007444,1.44984140141162,358.74274277852
"China",200,0.15,FALSE,FALSE,250,"BES",11205.4722721642,9274.38137724588,923251.584793364,-48.6308969072252,25.8968984673307,8.97871656950977,NA,72.7453589745288,89.3722245620168,4.28986677897681,50.9118038461793,0,0.561473978657942,112.294795731588,1.472501178,41.2578160250943,NA,98.182532786519,257.760908565744,0,211.424031218349
"China",200,0.15,FALSE,FALSE,250,"BECCS",3000909.02667662,3000909.02667662,197360329.482712,10.5375725604305,290.324426305644,123.311641085137,1421.61334396056,46.787187504398,113.544747359785,5.67723736798925,47.0180781256594,180.433168232806,2.11015322816793,422.030645633585,1.3743344328,47.9542265377868,NA,252.248086646527,164.304181921317,1.33216744202521,268.607929679724
"China",200,0.15,FALSE,FALSE,250,"BEBCS",2014468.01241277,1989731.34895074,55928349.2250091,-26.6223057630052,73.5974192889619,36.3727152133553,NA,97.9961070864453,132.576014453012,20.1831186695239,54.6994160629671,0,1.00515979621258,201.031959242516,0.75264329023612,20.9934126718392,21.8058924845007,246.667523791727,206.642918635198,1.61445197690962,358.74274277852
"Europe",200,0.15,FALSE,FALSE,250,"BES",218105.457630241,213985.332545071,2421793.98458797,-157.244894623824,186.013349858778,84.6096317559287,NA,116.387096412345,89.3722245620168,4.28986677897681,82.4740644618515,0,0.832071345856226,166.414269171245,1.472501178,94.33151838753,NA,119.616988043486,447.009192034972,0,211.424031218349
"Europe",200,0.15,FALSE,FALSE,250,"BECCS",3260089.22954817,2923502.21624523,82841415.9036873,-127.479792760472,224.600597394068,72.8294671740554,1256.22794193975,81.7274845863417,113.544747359785,5.67723736798925,77.2751226879491,163.145188933932,1.73571575041094,347.143150082186,1.3743344328,85.3286134415356,NA,261.684701893804,207.334489673907,1.09578014546144,268.607929679724
"Europe",200,0.15,FALSE,FALSE,250,"BEBCS",1234558.3613269,59908.6213790568,551566.779147107,-104.103215138936,58.6837849399996,-34.9645567022041,NA,129.447914977677,132.576014453012,20.1831186695239,84.4331872466516,0,0.746460122746845,149.292024549369,0.75264329023612,40.5014705537053,12.4342685639112,298.624932582292,318.898626243728,1.20586458715052,358.74274277852
"India",200,0.15,FALSE,FALSE,250,"BES",98105.5128407615,97985.2418155674,728146.548529121,-2.42875116552605,95.8055184528279,56.3114606344561,NA,91.7361936717702,89.3722245620168,4.28986677897681,74.358455366555,0,0.841707208581272,168.341441716255,1.472501178,55.9905656257496,NA,114.105543151931,199.690570937142,0,211.424031218349
"India",200,0.15,FALSE,FALSE,250,"BECCS",2801518.23641953,2801518.23641953,159211076.373827,51.0147494174307,346.46275012651,200.894007764004,1136.60559364683,46.4321218777845,113.544747359785,5.67723736798925,47.9352753200588,161.136885368018,2.37351222723078,474.702445446155,1.3743344328,54.4857077337034,NA,238.875005661469,138.32195015284,1.49842943638306,268.607929679724
"India",200,0.15,FALSE,FALSE,250,"BEBCS",9935.42206638684,9935.42206638684,44547.7323879215,41.1788482791815,91.7655899135463,59.2914467038863,NA,87.4944594311458,132.576014453012,20.1831186695239,73.5693302049945,0,1.1956286457531,239.12572915062,0.75264329023612,28.6004450289726,17.8937358518235,276.936937032038,189.347541706723,1.7867659465236,358.74274277852
