"region","c_price","discount_rate","allow_eor","early_adoption","plant_mw_th","technology","npv_min","npv_max","npv_mean","mean_co2_transport_distance_km","mean_biomass_transport_distance_km","mean_capital_cost_mg","mean_om_cost_mg","mean_biomass_cost_mg","mean_co2_transport_cost_mg","mean_net_cdr","mean_carbon_removal_revenue_mg","mean_electricity_production_mwh","mean_electricity_revenue_mg","mean_agronomic_revenue_mg","mean_lcoe_usd_mwh","mean_cost_of_co2_avoided","mean_abatement_efficiency","mean_total_capex_m"
"US",0,0.02,TRUE,TRUE,50,"BES",-140.530595089872,11.0495767213946,-92.0466987279704,NA,199.98946647775,42.4633064836628,2.03823871121581,130.058419971662,0,0.481706157867164,0,1.472501178,77.9900842776848,NA,118.546570810649,421.193862399672,0,68.5291501786788
"China",0,0.02,TRUE,TRUE,50,"BES",-120.012979459586,-21.6080782074678,-54.4026457307663,NA,117.182354530696,42.4633064836628,2.03823871121581,57.577353179606,0,0.559406635028888,0,1.472501178,47.3548831616118,NA,69.3234748464718,176.59074376877,0,68.5291501786788
"Europe",0,0.02,TRUE,TRUE,50,"BES",-130.285299619283,25.0893554221131,-35.7818290416405,NA,105.932243283908,42.4633064836628,2.03823871121581,80.9058364925947,0,0.144817542365224,0,1.472501178,89.2450883351634,NA,85.1662352201278,Inf,0,68.5291501786788
"India",0,0.02,TRUE,TRUE,50,"BES",-112.137546420869,-7.15658776301723,-28.9612837976877,NA,98.6717286943114,42.4633064836628,2.03823871121581,66.1403158005203,0,0.84844261988734,0,1.472501178,56.5772930847722,NA,75.1387249453171,102.700567957,0,68.5291501786788
"US",50,0.02,TRUE,TRUE,50,"BES",-132.932010703128,25.5577531483939,-68.0655801498775,NA,199.98946647775,42.4633064836628,2.03823871121581,130.058419971662,0,0.481706157867164,24.0853078933582,1.472501178,77.9900842776848,NA,118.546570810649,421.193862399672,0,68.5291501786788
"China",50,0.02,TRUE,TRUE,50,"BES",-93.7409356593061,6.76612802548229,-26.4323139793249,NA,117.182354530696,42.4633064836628,2.03823871121581,57.577353179606,0,0.559406635028888,27.9703317514447,1.472501178,47.3548831616118,NA,69.3234748464718,176.59074376877,0,68.5291501786788
"Europe",50,0.02,TRUE,TRUE,50,"BES",-130.991935491116,46.6176004135984,-28.5409519233792,NA,105.932243283908,42.4633064836628,2.03823871121581,80.9058364925947,0,0.144817542365224,7.24087711826118,1.472501178,89.2450883351634,NA,85.1662352201278,Inf,0,68.5291501786788
"India",50,0.02,TRUE,TRUE,50,"BES",-71.4665398897793,35.3466168402674,13.4608471966792,NA,98.6717286943114,42.4633064836628,2.03823871121581,66.1403158005203,0,0.84844261988734,42.4221309943667,1.472501178,56.5772930847722,NA,75.1387249453171,102.700567957,0,68.5291501786788
"US",100,0.02,TRUE,TRUE,50,"BES",-125.333426316385,40.0659295753932,-44.0844615717837,NA,199.98946647775,42.4633064836628,2.03823871121581,130.058419971662,0,0.481706157867164,48.1706157867164,1.472501178,77.9900842776848,NA,118.546570810649,421.193862399672,0,68.5291501786788
"China",100,0.02,TRUE,TRUE,50,"BES",-67.4688918590266,35.1403342584324,1.53801777211965,NA,117.182354530696,42.4633064836628,2.03823871121581,57.577353179606,0,0.559406635028888,55.9406635028894,1.472501178,47.3548831616118,NA,69.3234748464718,176.59074376877,0,68.5291501786788
"Europe",100,0.02,TRUE,TRUE,50,"BES",-131.698571362949,112.806187256433,-21.3000748051188,NA,105.932243283908,42.4633064836628,2.03823871121581,80.9058364925947,0,0.144817542365224,14.4817542365224,1.472501178,89.2450883351634,NA,85.1662352201278,Inf,0,68.5291501786788
"India",100,0.02,TRUE,TRUE,50,"BES",-30.7955333586897,77.849821443552,55.8829781910458,NA,98.6717286943114,42.4633064836628,2.03823871121581,66.1403158005203,0,0.84844261988734,84.8442619887334,1.472501178,56.5772930847722,NA,75.1387249453171,102.700567957,0,68.5291501786788
"US",150,0.02,TRUE,TRUE,50,"BES",-117.734841929641,75.3117846325226,-20.1033429936901,NA,199.98946647775,42.4633064836628,2.03823871121581,130.058419971662,0,0.481706157867164,72.2559236800747,1.472501178,77.9900842776848,NA,118.546570810649,421.193862399672,0,68.5291501786788
"China",150,0.02,TRUE,TRUE,50,"BES",-41.1968480587471,63.5145404913825,29.5083495235644,NA,117.182354530696,42.4633064836628,2.03823871121581,57.577353179606,0,0.559406635028888,83.910995254334,1.472501178,47.3548831616118,NA,69.3234748464718,176.59074376877,0,68.5291501786788
"Europe",150,0.02,TRUE,TRUE,50,"BES",-132.405207234782,178.994774099268,-14.0591976868574,NA,105.932243283908,42.4633064836628,2.03823871121581,80.9058364925947,0,0.144817542365224,21.7226313547835,1.472501178,89.2450883351634,NA,85.1662352201278,Inf,0,68.5291501786788
"India",150,0.02,TRUE,TRUE,50,"BES",9.87547317239984,120.353026046837,98.3051091854123,NA,98.6717286943114,42.4633064836628,2.03823871121581,66.1403158005203,0,0.84844261988734,127.266392983101,1.472501178,56.5772930847722,NA,75.1387249453171,102.700567957,0,68.5291501786788
"US",200,0.02,TRUE,TRUE,50,"BES",-110.136257542898,129.038607895989,3.8777755844033,NA,199.98946647775,42.4633064836628,2.03823871121581,130.058419971662,0,0.481706157867164,96.3412315734329,1.472501178,77.9900842776848,NA,118.546570810649,421.193862399672,0,68.5291501786788
"China",200,0.02,TRUE,TRUE,50,"BES",-14.9248042584676,91.8887467243325,57.4786812750088,NA,117.182354530696,42.4633064836628,2.03823871121581,57.577353179606,0,0.559406635028888,111.881327005779,1.472501178,47.3548831616118,NA,69.3234748464718,176.59074376877,0,68.5291501786788
"Europe",200,0.02,TRUE,TRUE,50,"BES",-133.111843106616,245.183360942103,-6.81832056859603,NA,105.932243283908,42.4633064836628,2.03823871121581,80.9058364925947,0,0.144817542365224,28.9635084730447,1.472501178,89.2450883351634,NA,85.1662352201278,Inf,0,68.5291501786788
"India",200,0.02,TRUE,TRUE,50,"BES",50.5464797034894,162.856230650121,140.72724017978,NA,98.6717286943114,42.4633064836628,2.03823871121581,66.1403158005203,0,0.84844261988734,169.688523977467,1.472501178,56.5772930847722,NA,75.1387249453171,102.700567957,0,68.5291501786788
"US",0,0.08,TRUE,TRUE,50,"BES",-184.561298964838,-32.9811271535716,-136.077402602936,NA,199.98946647775,84.4773368987069,4.05491217113793,130.058419971662,0,0.481706157867164,0,1.472501178,77.9900842776848,NA,148.448552916206,529.91311124931,0,68.5291501786788
"China",0,0.08,TRUE,TRUE,50,"BES",-164.043683334552,-65.638782082434,-98.4333496057345,NA,117.182354530696,84.4773368987069,4.05491217113793,57.577353179606,0,0.559406635028888,0,1.472501178,47.3548831616118,NA,99.2254569520268,255.323205393049,0,68.5291501786788
"Europe",0,0.08,TRUE,TRUE,50,"BES",-174.316003494249,-18.9413484528531,-79.8125329166078,NA,105.932243283908,84.4773368987069,4.05491217113793,80.9058364925947,0,0.144817542365224,0,1.472501178,89.2450883351634,NA,115.068217325686,Inf,0,68.5291501786788
"India",0,0.08,TRUE,TRUE,50,"BES",-156.168250295835,-51.1872916379834,-72.991987672654,NA,98.6717286943114,84.4773368987069,4.05491217113793,66.1403158005203,0,0.84844261988734,0,1.472501178,56.5772930847722,NA,105.040707050874,154.596759724658,0,68.5291501786788
"US",50,0.08,TRUE,TRUE,50,"BES",-176.962714578095,-18.4729507265723,-112.096284024843,NA,199.98946647775,84.4773368987069,4.05491217113793,130.058419971662,0,0.481706157867164,24.0853078933582,1.472501178,77.9900842776848,NA,148.448552916206,529.91311124931,0,68.5291501786788
"China",50,0.08,TRUE,TRUE,50,"BES",-137.771639534272,-37.2645758494839,-70.4630178542906,NA,117.182354530696,84.4773368987069,4.05491217113793,57.577353179606,0,0.559406635028888,27.9703317514447,1.472501178,47.3548831616118,NA,99.2254569520268,255.323205393049,0,68.5291501786788
"Europe",50,0.08,TRUE,TRUE,50,"BES",-175.022639366082,2.58689653863217,-72.5716557983446,NA,105.932243283908,84.4773368987069,4.05491217113793,80.9058364925947,0,0.144817542365224,7.24087711826118,1.472501178,89.2450883351634,NA,115.068217325686,Inf,0,68.5291501786788
"India",50,0.08,TRUE,TRUE,50,"BES",-115.497243764745,-8.68408703469882,-30.5698566782864,NA,98.6717286943114,84.4773368987069,4.05491217113793,66.1403158005203,0,0.84844261988734,42.4221309943667,1.472501178,56.5772930847722,NA,105.040707050874,154.596759724658,0,68.5291501786788
"US",100,0.08,TRUE,TRUE,50,"BES",-169.364130191351,-3.96477429957304,-88.1151654467498,NA,199.98946647775,84.4773368987069,4.05491217113793,130.058419971662,0,0.481706157867164,48.1706157867164,1.472501178,77.9900842776848,NA,148.448552916206,529.91311124931,0,68.5291501786788
"China",100,0.08,TRUE,TRUE,50,"BES",-111.499595733993,-8.8903696165338,-42.4926861028464,NA,117.182354530696,84.4773368987069,4.05491217113793,57.577353179606,0,0.559406635028888,55.9406635028894,1.472501178,47.3548831616118,NA,99.2254569520268,255.323205393049,0,68.5291501786788
"Europe",100,0.08,TRUE,TRUE,50,"BES",-175.729275237915,68.7754833814671,-65.3307786800847,NA,105.932243283908,84.4773368987069,4.05491217113793,80.9058364925947,0,0.144817542365224,14.4817542365224,1.472501178,89.2450883351634,NA,115.068217325686,Inf,0,68.5291501786788
"India",100,0.08,TRUE,TRUE,50,"BES",-74.8262372336559,33.8191175685858,11.8522743160798,NA,98.6717286943114,84.4773368987069,4.05491217113793,66.1403158005203,0,0.84844261988734,84.8442619887334,1.472501178,56.5772930847722,NA,105.040707050874,154.596759724658,0,68.5291501786788
"US",150,0.08,TRUE,TRUE,50,"BES",-161.765545804607,31.2810807575564,-64.1340468686566,NA,199.98946647775,84.4773368987069,4.05491217113793,130.058419971662,0,0.481706157867164,72.2559236800747,1.472501178,77.9900842776848,NA,148.448552916206,529.91311124931,0,68.5291501786788
"China",150,0.08,TRUE,TRUE,50,"BES",-85.2275519337133,19.4838366164163,-14.522354351402,NA,117.182354530696,84.4773368987069,4.05491217113793,57.577353179606,0,0.559406635028888,83.910995254334,1.472501178,47.3548831616118,NA,99.2254569520268,255.323205393049,0,68.5291501786788
"Europe",150,0.08,TRUE,TRUE,50,"BES",-176.435911109749,134.964070224302,-58.0899015618228,NA,105.932243283908,84.4773368987069,4.05491217113793,80.9058364925947,0,0.144817542365224,21.7226313547835,1.472501178,89.2450883351634,NA,115.068217325686,Inf,0,68.5291501786788
"India",150,0.08,TRUE,TRUE,50,"BES",-34.1552307025664,76.3223221718704,54.2744053104466,NA,98.6717286943114,84.4773368987069,4.05491217113793,66.1403158005203,0,0.84844261988734,127.266392983101,1.472501178,56.5772930847722,NA,105.040707050874,154.596759724658,0,68.5291501786788
"US",200,0.08,TRUE,TRUE,50,"BES",-154.166961417864,85.0079040210228,-40.1529282905629,NA,199.98946647775,84.4773368987069,4.05491217113793,130.058419971662,0,0.481706157867164,96.3412315734329,1.472501178,77.9900842776848,NA,148.448552916206,529.91311124931,0,68.5291501786788
"China",200,0.08,TRUE,TRUE,50,"BES",-58.9555081334338,47.8580428493664,13.4479774000427,NA,117.182354530696,84.4773368987069,4.05491217113793,57.577353179606,0,0.559406635028888,111.881327005779,1.472501178,47.3548831616118,NA,99.2254569520268,255.323205393049,0,68.5291501786788
"Europe",200,0.08,TRUE,TRUE,50,"BES",-177.142546981582,201.152657067137,-50.8490244435626,NA,105.932243283908,84.4773368987069,4.05491217113793,80.9058364925947,0,0.144817542365224,28.9635084730447,1.472501178,89.2450883351634,NA,115.068217325686,Inf,0,68.5291501786788
"India",200,0.08,TRUE,TRUE,50,"BES",6.51577582852318,118.825526775155,96.6965363048128,NA,98.6717286943114,84.4773368987069,4.05491217113793,66.1403158005203,0,0.84844261988734,169.688523977467,1.472501178,56.5772930847722,NA,105.040707050874,154.596759724658,0,68.5291501786788
"US",0,0.15,TRUE,TRUE,50,"BES",-247.823136086815,-96.2429642755481,-199.339239724914,NA,199.98946647775,144.841685297539,6.95240089428189,130.058419971662,0,0.481706157867164,0,1.472501178,77.9900842776848,NA,191.410716931518,686.117278057091,0,68.5291501786788
"China",0,0.15,TRUE,TRUE,50,"BES",-227.305520456528,-128.900619204411,-161.69518672771,NA,117.182354530696,144.841685297539,6.95240089428189,57.577353179606,0,0.559406635028888,0,1.472501178,47.3548831616118,NA,142.18762096734,368.44336303647,0,68.5291501786788
"Europe",0,0.15,TRUE,TRUE,50,"BES",-237.577840616226,-82.2031855748296,-143.074370038581,NA,105.932243283908,144.841685297539,6.95240089428189,80.9058364925947,0,0.144817542365224,0,1.472501178,89.2450883351634,NA,158.030381340999,Inf,0,68.5291501786788
"India",0,0.15,TRUE,TRUE,50,"BES",-219.430087417812,-114.44912875996,-136.253824794629,NA,98.6717286943114,144.841685297539,6.95240089428189,66.1403158005203,0,0.84844261988734,0,1.472501178,56.5772930847722,NA,148.002871066186,229.159465789486,0,68.5291501786788
"US",50,0.15,TRUE,TRUE,50,"BES",-240.224551700071,-81.7347878485489,-175.35812114682,NA,199.98946647775,144.841685297539,6.95240089428189,130.058419971662,0,0.481706157867164,24.0853078933582,1.472501178,77.9900842776848,NA,191.410716931518,686.117278057091,0,68.5291501786788
"China",50,0.15,TRUE,TRUE,50,"BES",-201.033476656249,-100.52641297146,-133.724854976267,NA,117.182354530696,144.841685297539,6.95240089428189,57.577353179606,0,0.559406635028888,27.9703317514447,1.472501178,47.3548831616118,NA,142.18762096734,368.44336303647,0,68.5291501786788
"Europe",50,0.15,TRUE,TRUE,50,"BES",-238.284476488059,-60.6749405833444,-135.833492920322,NA,105.932243283908,144.841685297539,6.95240089428189,80.9058364925947,0,0.144817542365224,7.24087711826118,1.472501178,89.2450883351634,NA,158.030381340999,Inf,0,68.5291501786788
"India",50,0.15,TRUE,TRUE,50,"BES",-178.759080886722,-71.9459241566754,-93.8316938002632,NA,98.6717286943114,144.841685297539,6.95240089428189,66.1403158005203,0,0.84844261988734,42.4221309943667,1.472501178,56.5772930847722,NA,148.002871066186,229.159465789486,0,68.5291501786788
"US",100,0.15,TRUE,TRUE,50,"BES",-232.625967313328,-67.2266114215496,-151.377002568727,NA,199.98946647775,144.841685297539,6.95240089428189,130.058419971662,0,0.481706157867164,48.1706157867164,1.472501178,77.9900842776848,NA,191.410716931518,686.117278057091,0,68.5291501786788
"China",100,0.15,TRUE,TRUE,50,"BES",-174.761432855969,-72.1522067385104,-105.754523224823,NA,117.182354530696,144.841685297539,6.95240089428189,57.577353179606,0,0.559406635028888,55.9406635028894,1.472501178,47.3548831616118,NA,142.18762096734,368.44336303647,0,68.5291501786788
"Europe",100,0.15,TRUE,TRUE,50,"BES",-238.991112359892,5.51364625949049,-128.592615802061,NA,105.932243283908,144.841685297539,6.95240089428189,80.9058364925947,0,0.144817542365224,14.4817542365224,1.472501178,89.2450883351634,NA,158.030381340999,Inf,0,68.5291501786788
"India",100,0.15,TRUE,TRUE,50,"BES",-138.088074355632,-29.4427195533908,-51.4095628058963,NA,98.6717286943114,144.841685297539,6.95240089428189,66.1403158005203,0,0.84844261988734,84.8442619887334,1.472501178,56.5772930847722,NA,148.002871066186,229.159465789486,0,68.5291501786788
"US",150,0.15,TRUE,TRUE,50,"BES",-225.027382926584,-31.9807563644201,-127.395883990632,NA,199.98946647775,144.841685297539,6.95240089428189,130.058419971662,0,0.481706157867164,72.2559236800747,1.472501178,77.9900842776848,NA,191.410716931518,686.117278057091,0,68.5291501786788
"China",150,0.15,TRUE,TRUE,50,"BES",-148.48938905569,-43.7780005055603,-77.7841914733782,NA,117.182354530696,144.841685297539,6.95240089428189,57.577353179606,0,0.559406635028888,83.910995254334,1.472501178,47.3548831616118,NA,142.18762096734,368.44336303647,0,68.5291501786788
"Europe",150,0.15,TRUE,TRUE,50,"BES",-239.697748231725,71.7022331023255,-121.351738683799,NA,105.932243283908,144.841685297539,6.95240089428189,80.9058364925947,0,0.144817542365224,21.7226313547835,1.472501178,89.2450883351634,NA,158.030381340999,Inf,0,68.5291501786788
"India",150,0.15,TRUE,TRUE,50,"BES",-97.4170678245429,13.0604850498938,-8.98743181153016,NA,98.6717286943114,144.841685297539,6.95240089428189,66.1403158005203,0,0.84844261988734,127.266392983101,1.472501178,56.5772930847722,NA,148.002871066186,229.159465789486,0,68.5291501786788
"US",200,0.15,TRUE,TRUE,50,"BES",-217.42879853984,21.7460668990462,-103.414765412539,NA,199.98946647775,144.841685297539,6.95240089428189,130.058419971662,0,0.481706157867164,96.3412315734329,1.472501178,77.9900842776848,NA,191.410716931518,686.117278057091,0,68.5291501786788
"China",200,0.15,TRUE,TRUE,50,"BES",-122.21734525541,-15.4037942726102,-49.8138597219338,NA,117.182354530696,144.841685297539,6.95240089428189,57.577353179606,0,0.559406635028888,111.881327005779,1.472501178,47.3548831616118,NA,142.18762096734,368.44336303647,0,68.5291501786788
"Europe",200,0.15,TRUE,TRUE,50,"BES",-240.404384103558,137.89081994516,-114.110861565537,NA,105.932243283908,144.841685297539,6.95240089428189,80.9058364925947,0,0.144817542365224,28.9635084730447,1.472501178,89.2450883351634,NA,158.030381340999,Inf,0,68.5291501786788
"India",200,0.15,TRUE,TRUE,50,"BES",-56.7460612934534,55.5636896531784,33.4346991828365,NA,98.6717286943114,144.841685297539,6.95240089428189,66.1403158005203,0,0.84844261988734,169.688523977467,1.472501178,56.5772930847722,NA,148.002871066186,229.159465789486,0,68.5291501786788
"US",0,0.02,FALSE,TRUE,50,"BES",-140.530595089872,11.0495767213946,-92.0466987279704,NA,199.98946647775,42.4633064836628,2.03823871121581,130.058419971662,0,0.481706157867164,0,1.472501178,77.9900842776848,NA,118.546570810649,421.193862399672,0,68.5291501786788
"China",0,0.02,FALSE,TRUE,50,"BES",-120.012979459586,-21.6080782074678,-54.4026457307663,NA,117.182354530696,42.4633064836628,2.03823871121581,57.577353179606,0,0.559406635028888,0,1.472501178,47.3548831616118,NA,69.3234748464718,176.59074376877,0,68.5291501786788
"Europe",0,0.02,FALSE,TRUE,50,"BES",-130.285299619283,25.0893554221131,-35.7818290416405,NA,105.932243283908,42.4633064836628,2.03823871121581,80.9058364925947,0,0.144817542365224,0,1.472501178,89.2450883351634,NA,85.1662352201278,Inf,0,68.5291501786788
"India",0,0.02,FALSE,TRUE,50,"BES",-112.137546420869,-7.15658776301723,-28.9612837976877,NA,98.6717286943114,42.4633064836628,2.03823871121581,66.1403158005203,0,0.84844261988734,0,1.472501178,56.5772930847722,NA,75.1387249453171,102.700567957,0,68.5291501786788
"US",50,0.02,FALSE,TRUE,50,"BES",-132.932010703128,25.5577531483939,-68.0655801498775,NA,199.98946647775,42.4633064836628,2.03823871121581,130.058419971662,0,0.481706157867164,24.0853078933582,1.472501178,77.9900842776848,NA,118.546570810649,421.193862399672,0,68.5291501786788
"China",50,0.02,FALSE,TRUE,50,"BES",-93.7409356593061,6.76612802548229,-26.4323139793249,NA,117.182354530696,42.4633064836628,2.03823871121581,57.577353179606,0,0.559406635028888,27.9703317514447,1.472501178,47.3548831616118,NA,69.3234748464718,176.59074376877,0,68.5291501786788
"Europe",50,0.02,FALSE,TRUE,50,"BES",-130.991935491116,46.6176004135984,-28.5409519233792,NA,105.932243283908,42.4633064836628,2.03823871121581,80.9058364925947,0,0.144817542365224,7.24087711826118,1.472501178,89.2450883351634,NA,85.1662352201278,Inf,0,68.5291501786788
"India",50,0.02,FALSE,TRUE,50,"BES",-71.4665398897793,35.3466168402674,13.4608471966792,NA,98.6717286943114,42.4633064836628,2.03823871121581,66.1403158005203,0,0.84844261988734,42.4221309943667,1.472501178,56.5772930847722,NA,75.1387249453171,102.700567957,0,68.5291501786788
"US",100,0.02,FALSE,TRUE,50,"BES",-125.333426316385,40.0659295753932,-44.0844615717837,NA,199.98946647775,42.4633064836628,2.03823871121581,130.058419971662,0,0.481706157867164,48.1706157867164,1.472501178,77.9900842776848,NA,118.546570810649,421.193862399672,0,68.5291501786788
"China",100,0.02,FALSE,TRUE,50,"BES",-67.4688918590266,35.1403342584324,1.53801777211965,NA,117.182354530696,42.4633064836628,2.03823871121581,57.577353179606,0,0.559406635028888,55.9406635028894,1.472501178,47.3548831616118,NA,69.3234748464718,176.59074376877,0,68.5291501786788
"Europe",100,0.02,FALSE,TRUE,50,"BES",-131.698571362949,112.806187256433,-21.3000748051188,NA,105.932243283908,42.4633064836628,2.03823871121581,80.9058364925947,0,0.144817542365224,14.4817542365224,1.472501178,89.2450883351634,NA,85.1662352201278,Inf,0,68.5291501786788
"India",100,0.02,FALSE,TRUE,50,"BES",-30.7955333586897,77.849821443552,55.8829781910458,NA,98.6717286943114,42.4633064836628,2.03823871121581,66.1403158005203,0,0.84844261988734,84.8442619887334,1.472501178,56.5772930847722,NA,75.1387249453171,102.700567957,0,68.5291501786788
"US",150,0.02,FALSE,TRUE,50,"BES",-117.734841929641,75.3117846325226,-20.1033429936901,NA,199.98946647775,42.4633064836628,2.03823871121581,130.058419971662,0,0.481706157867164,72.2559236800747,1.472501178,77.9900842776848,NA,118.546570810649,421.193862399672,0,68.5291501786788
"China",150,0.02,FALSE,TRUE,50,"BES",-41.1968480587471,63.5145404913825,29.5083495235644,NA,117.182354530696,42.4633064836628,2.03823871121581,57.577353179606,0,0.559406635028888,83.910995254334,1.472501178,47.3548831616118,NA,69.3234748464718,176.59074376877,0,68.5291501786788
"Europe",150,0.02,FALSE,TRUE,50,"BES",-132.405207234782,178.994774099268,-14.0591976868574,NA,105.932243283908,42.4633064836628,2.03823871121581,80.9058364925947,0,0.144817542365224,21.7226313547835,1.472501178,89.2450883351634,NA,85.1662352201278,Inf,0,68.5291501786788
"India",150,0.02,FALSE,TRUE,50,"BES",9.87547317239984,120.353026046837,98.3051091854123,NA,98.6717286943114,42.4633064836628,2.03823871121581,66.1403158005203,0,0.84844261988734,127.266392983101,1.472501178,56.5772930847722,NA,75.1387249453171,102.700567957,0,68.5291501786788
"US",200,0.02,FALSE,TRUE,50,"BES",-110.136257542898,129.038607895989,3.8777755844033,NA,199.98946647775,42.4633064836628,2.03823871121581,130.058419971662,0,0.481706157867164,96.3412315734329,1.472501178,77.9900842776848,NA,118.546570810649,421.193862399672,0,68.5291501786788
"China",200,0.02,FALSE,TRUE,50,"BES",-14.9248042584676,91.8887467243325,57.4786812750088,NA,117.182354530696,42.4633064836628,2.03823871121581,57.577353179606,0,0.559406635028888,111.881327005779,1.472501178,47.3548831616118,NA,69.3234748464718,176.59074376877,0,68.5291501786788
"Europe",200,0.02,FALSE,TRUE,50,"BES",-133.111843106616,245.183360942103,-6.81832056859603,NA,105.932243283908,42.4633064836628,2.03823871121581,80.9058364925947,0,0.144817542365224,28.9635084730447,1.472501178,89.2450883351634,NA,85.1662352201278,Inf,0,68.5291501786788
"India",200,0.02,FALSE,TRUE,50,"BES",50.5464797034894,162.856230650121,140.72724017978,NA,98.6717286943114,42.4633064836628,2.03823871121581,66.1403158005203,0,0.84844261988734,169.688523977467,1.472501178,56.5772930847722,NA,75.1387249453171,102.700567957,0,68.5291501786788
"US",0,0.08,FALSE,TRUE,50,"BES",-184.561298964838,-32.9811271535716,-136.077402602936,NA,199.98946647775,84.4773368987069,4.05491217113793,130.058419971662,0,0.481706157867164,0,1.472501178,77.9900842776848,NA,148.448552916206,529.91311124931,0,68.5291501786788
"China",0,0.08,FALSE,TRUE,50,"BES",-164.043683334552,-65.638782082434,-98.4333496057345,NA,117.182354530696,84.4773368987069,4.05491217113793,57.577353179606,0,0.559406635028888,0,1.472501178,47.3548831616118,NA,99.2254569520268,255.323205393049,0,68.5291501786788
"Europe",0,0.08,FALSE,TRUE,50,"BES",-174.316003494249,-18.9413484528531,-79.8125329166078,NA,105.932243283908,84.4773368987069,4.05491217113793,80.9058364925947,0,0.144817542365224,0,1.472501178,89.2450883351634,NA,115.068217325686,Inf,0,68.5291501786788
"India",0,0.08,FALSE,TRUE,50,"BES",-156.168250295835,-51.1872916379834,-72.991987672654,NA,98.6717286943114,84.4773368987069,4.05491217113793,66.1403158005203,0,0.84844261988734,0,1.472501178,56.5772930847722,NA,105.040707050874,154.596759724658,0,68.5291501786788
"US",50,0.08,FALSE,TRUE,50,"BES",-176.962714578095,-18.4729507265723,-112.096284024843,NA,199.98946647775,84.4773368987069,4.05491217113793,130.058419971662,0,0.481706157867164,24.0853078933582,1.472501178,77.9900842776848,NA,148.448552916206,529.91311124931,0,68.5291501786788
"China",50,0.08,FALSE,TRUE,50,"BES",-137.771639534272,-37.2645758494839,-70.4630178542906,NA,117.182354530696,84.4773368987069,4.05491217113793,57.577353179606,0,0.559406635028888,27.9703317514447,1.472501178,47.3548831616118,NA,99.2254569520268,255.323205393049,0,68.5291501786788
"Europe",50,0.08,FALSE,TRUE,50,"BES",-175.022639366082,2.58689653863217,-72.5716557983446,NA,105.932243283908,84.4773368987069,4.05491217113793,80.9058364925947,0,0.144817542365224,7.24087711826118,1.472501178,89.2450883351634,NA,115.068217325686,Inf,0,68.5291501786788
"India",50,0.08,FALSE,TRUE,50,"BES",-115.497243764745,-8.68408703469882,-30.5698566782864,NA,98.6717286943114,84.4773368987069,4.05491217113793,66.1403158005203,0,0.84844261988734,42.4221309943667,1.472501178,56.5772930847722,NA,105.040707050874,154.596759724658,0,68.5291501786788
"US",100,0.08,FALSE,TRUE,50,"BES",-169.364130191351,-3.96477429957304,-88.1151654467498,NA,199.98946647775,84.4773368987069,4.05491217113793,130.058419971662,0,0.481706157867164,48.1706157867164,1.472501178,77.9900842776848,NA,148.448552916206,529.91311124931,0,68.5291501786788
"China",100,0.08,FALSE,TRUE,50,"BES",-111.499595733993,-8.8903696165338,-42.4926861028464,NA,117.182354530696,84.4773368987069,4.05491217113793,57.577353179606,0,0.559406635028888,55.9406635028894,1.472501178,47.3548831616118,NA,99.2254569520268,255.323205393049,0,68.5291501786788
"Europe",100,0.08,FALSE,TRUE,50,"BES",-175.729275237915,68.7754833814671,-65.3307786800847,NA,105.932243283908,84.4773368987069,4.05491217113793,80.9058364925947,0,0.144817542365224,14.4817542365224,1.472501178,89.2450883351634,NA,115.068217325686,Inf,0,68.5291501786788
"India",100,0.08,FALSE,TRUE,50,"BES",-74.8262372336559,33.8191175685858,11.8522743160798,NA,98.6717286943114,84.4773368987069,4.05491217113793,66.1403158005203,0,0.84844261988734,84.8442619887334,1.472501178,56.5772930847722,NA,105.040707050874,154.596759724658,0,68.5291501786788
"US",150,0.08,FALSE,TRUE,50,"BES",-161.765545804607,31.2810807575564,-64.1340468686566,NA,199.98946647775,84.4773368987069,4.05491217113793,130.058419971662,0,0.481706157867164,72.2559236800747,1.472501178,77.9900842776848,NA,148.448552916206,529.91311124931,0,68.5291501786788
"China",150,0.08,FALSE,TRUE,50,"BES",-85.2275519337133,19.4838366164163,-14.522354351402,NA,117.182354530696,84.4773368987069,4.05491217113793,57.577353179606,0,0.559406635028888,83.910995254334,1.472501178,47.3548831616118,NA,99.2254569520268,255.323205393049,0,68.5291501786788
"Europe",150,0.08,FALSE,TRUE,50,"BES",-176.435911109749,134.964070224302,-58.0899015618228,NA,105.932243283908,84.4773368987069,4.05491217113793,80.9058364925947,0,0.144817542365224,21.7226313547835,1.472501178,89.2450883351634,NA,115.068217325686,Inf,0,68.5291501786788
"India",150,0.08,FALSE,TRUE,50,"BES",-34.1552307025664,76.3223221718704,54.2744053104466,NA,98.6717286943114,84.4773368987069,4.05491217113793,66.1403158005203,0,0.84844261988734,127.266392983101,1.472501178,56.5772930847722,NA,105.040707050874,154.596759724658,0,68.5291501786788
"US",200,0.08,FALSE,TRUE,50,"BES",-154.166961417864,85.0079040210228,-40.1529282905629,NA,199.98946647775,84.4773368987069,4.05491217113793,130.058419971662,0,0.481706157867164,96.3412315734329,1.472501178,77.9900842776848,NA,148.448552916206,529.91311124931,0,68.5291501786788
"China",200,0.08,FALSE,TRUE,50,"BES",-58.9555081334338,47.8580428493664,13.4479774000427,NA,117.182354530696,84.4773368987069,4.05491217113793,57.577353179606,0,0.559406635028888,111.881327005779,1.472501178,47.3548831616118,NA,99.2254569520268,255.323205393049,0,68.5291501786788
"Europe",200,0.08,FALSE,TRUE,50,"BES",-177.142546981582,201.152657067137,-50.8490244435626,NA,105.932243283908,84.4773368987069,4.05491217113793,80.9058364925947,0,0.144817542365224,28.9635084730447,1.472501178,89.2450883351634,NA,115.068217325686,Inf,0,68.5291501786788
"India",200,0.08,FALSE,TRUE,50,"BES",6.51577582852318,118.825526775155,96.6965363048128,NA,98.6717286943114,84.4773368987069,4.05491217113793,66.1403158005203,0,0.84844261988734,169.688523977467,1.472501178,56.5772930847722,NA,105.040707050874,154.596759724658,0,68.5291501786788
"US",0,0.15,FALSE,TRUE,50,"BES",-247.823136086815,-96.2429642755481,-199.339239724914,NA,199.98946647775,144.841685297539,6.95240089428189,130.058419971662,0,0.481706157867164,0,1.472501178,77.9900842776848,NA,191.410716931518,686.117278057091,0,68.5291501786788
"China",0,0.15,FALSE,TRUE,50,"BES",-227.305520456528,-128.900619204411,-161.69518672771,NA,117.182354530696,144.841685297539,6.95240089428189,57.577353179606,0,0.559406635028888,0,1.472501178,47.3548831616118,NA,142.18762096734,368.44336303647,0,68.5291501786788
"Europe",0,0.15,FALSE,TRUE,50,"BES",-237.577840616226,-82.2031855748296,-143.074370038581,NA,105.932243283908,144.841685297539,6.95240089428189,80.9058364925947,0,0.144817542365224,0,1.472501178,89.2450883351634,NA,158.030381340999,Inf,0,68.5291501786788
"India",0,0.15,FALSE,TRUE,50,"BES",-219.430087417812,-114.44912875996,-136.253824794629,NA,98.6717286943114,144.841685297539,6.95240089428189,66.1403158005203,0,0.84844261988734,0,1.472501178,56.5772930847722,NA,148.002871066186,229.159465789486,0,68.5291501786788
"US",50,0.15,FALSE,TRUE,50,"BES",-240.224551700071,-81.7347878485489,-175.35812114682,NA,199.98946647775,144.841685297539,6.95240089428189,130.058419971662,0,0.481706157867164,24.0853078933582,1.472501178,77.9900842776848,NA,191.410716931518,686.117278057091,0,68.5291501786788
"China",50,0.15,FALSE,TRUE,50,"BES",-201.033476656249,-100.52641297146,-133.724854976267,NA,117.182354530696,144.841685297539,6.95240089428189,57.577353179606,0,0.559406635028888,27.9703317514447,1.472501178,47.3548831616118,NA,142.18762096734,368.44336303647,0,68.5291501786788
"Europe",50,0.15,FALSE,TRUE,50,"BES",-238.284476488059,-60.6749405833444,-135.833492920322,NA,105.932243283908,144.841685297539,6.95240089428189,80.9058364925947,0,0.144817542365224,7.24087711826118,1.472501178,89.2450883351634,NA,158.030381340999,Inf,0,68.5291501786788
"India",50,0.15,FALSE,TRUE,50,"BES",-178.759080886722,-71.9459241566754,-93.8316938002632,NA,98.6717286943114,144.841685297539,6.95240089428189,66.1403158005203,0,0.84844261988734,42.4221309943667,1.472501178,56.5772930847722,NA,148.002871066186,229.159465789486,0,68.5291501786788
"US",100,0.15,FALSE,TRUE,50,"BES",-232.625967313328,-67.2266114215496,-151.377002568727,NA,199.98946647775,144.841685297539,6.95240089428189,130.058419971662,0,0.481706157867164,48.1706157867164,1.472501178,77.9900842776848,NA,191.410716931518,686.117278057091,0,68.5291501786788
"China",100,0.15,FALSE,TRUE,50,"BES",-174.761432855969,-72.1522067385104,-105.754523224823,NA,117.182354530696,144.841685297539,6.95240089428189,57.577353179606,0,0.559406635028888,55.9406635028894,1.472501178,47.3548831616118,NA,142.18762096734,368.44336303647,0,68.5291501786788
"Europe",100,0.15,FALSE,TRUE,50,"BES",-238.991112359892,5.51364625949049,-128.592615802061,NA,105.932243283908,144.841685297539,6.95240089428189,80.9058364925947,0,0.144817542365224,14.4817542365224,1.472501178,89.2450883351634,NA,158.030381340999,Inf,0,68.5291501786788
"India",100,0.15,FALSE,TRUE,50,"BES",-138.088074355632,-29.4427195533908,-51.4095628058963,NA,98.6717286943114,144.841685297539,6.95240089428189,66.1403158005203,0,0.84844261988734,84.8442619887334,1.472501178,56.5772930847722,NA,148.002871066186,229.159465789486,0,68.5291501786788
"US",150,0.15,FALSE,TRUE,50,"BES",-225.027382926584,-31.9807563644201,-127.395883990632,NA,199.98946647775,144.841685297539,6.95240089428189,130.058419971662,0,0.481706157867164,72.2559236800747,1.472501178,77.9900842776848,NA,191.410716931518,686.117278057091,0,68.5291501786788
"China",150,0.15,FALSE,TRUE,50,"BES",-148.48938905569,-43.7780005055603,-77.7841914733782,NA,117.182354530696,144.841685297539,6.95240089428189,57.577353179606,0,0.559406635028888,83.910995254334,1.472501178,47.3548831616118,NA,142.18762096734,368.44336303647,0,68.5291501786788
"Europe",150,0.15,FALSE,TRUE,50,"BES",-239.697748231725,71.7022331023255,-121.351738683799,NA,105.932243283908,144.841685297539,6.95240089428189,80.9058364925947,0,0.144817542365224,21.7226313547835,1.472501178,89.2450883351634,NA,158.030381340999,Inf,0,68.5291501786788
"India",150,0.15,FALSE,TRUE,50,"BES",-97.4170678245429,13.0604850498938,-8.98743181153016,NA,98.6717286943114,144.841685297539,6.95240089428189,66.1403158005203,0,0.84844261988734,127.266392983101,1.472501178,56.5772930847722,NA,148.002871066186,229.159465789486,0,68.5291501786788
"US",200,0.15,FALSE,TRUE,50,"BES",-217.42879853984,21.7460668990462,-103.414765412539,NA,199.98946647775,144.841685297539,6.95240089428189,130.058419971662,0,0.481706157867164,96.3412315734329,1.472501178,77.9900842776848,NA,191.410716931518,686.117278057091,0,68.5291501786788
"China",200,0.15,FALSE,TRUE,50,"BES",-122.21734525541,-15.4037942726102,-49.8138597219338,NA,117.182354530696,144.841685297539,6.95240089428189,57.577353179606,0,0.559406635028888,111.881327005779,1.472501178,47.3548831616118,NA,142.18762096734,368.44336303647,0,68.5291501786788
"Europe",200,0.15,FALSE,TRUE,50,"BES",-240.404384103558,137.89081994516,-114.110861565537,NA,105.932243283908,144.841685297539,6.95240089428189,80.9058364925947,0,0.144817542365224,28.9635084730447,1.472501178,89.2450883351634,NA,158.030381340999,Inf,0,68.5291501786788
"India",200,0.15,FALSE,TRUE,50,"BES",-56.7460612934534,55.5636896531784,33.4346991828365,NA,98.6717286943114,144.841685297539,6.95240089428189,66.1403158005203,0,0.84844261988734,169.688523977467,1.472501178,56.5772930847722,NA,148.002871066186,229.159465789486,0,68.5291501786788
"US",0,0.02,TRUE,FALSE,50,"BES",-140.530595089872,11.0495767213946,-92.0466987279704,NA,199.98946647775,42.4633064836628,2.03823871121581,130.058419971662,0,0.481706157867164,0,1.472501178,77.9900842776848,NA,118.546570810649,421.193862399672,0,68.5291501786788
"China",0,0.02,TRUE,FALSE,50,"BES",-120.012979459586,-21.6080782074678,-54.4026457307663,NA,117.182354530696,42.4633064836628,2.03823871121581,57.577353179606,0,0.559406635028888,0,1.472501178,47.3548831616118,NA,69.3234748464718,176.59074376877,0,68.5291501786788
"Europe",0,0.02,TRUE,FALSE,50,"BES",-130.285299619283,25.0893554221131,-35.7818290416405,NA,105.932243283908,42.4633064836628,2.03823871121581,80.9058364925947,0,0.144817542365224,0,1.472501178,89.2450883351634,NA,85.1662352201278,Inf,0,68.5291501786788
"India",0,0.02,TRUE,FALSE,50,"BES",-112.137546420869,-7.15658776301723,-28.9612837976877,NA,98.6717286943114,42.4633064836628,2.03823871121581,66.1403158005203,0,0.84844261988734,0,1.472501178,56.5772930847722,NA,75.1387249453171,102.700567957,0,68.5291501786788
"US",50,0.02,TRUE,FALSE,50,"BES",-132.932010703128,25.5577531483939,-68.0655801498775,NA,199.98946647775,42.4633064836628,2.03823871121581,130.058419971662,0,0.481706157867164,24.0853078933582,1.472501178,77.9900842776848,NA,118.546570810649,421.193862399672,0,68.5291501786788
"China",50,0.02,TRUE,FALSE,50,"BES",-93.7409356593061,6.76612802548229,-26.4323139793249,NA,117.182354530696,42.4633064836628,2.03823871121581,57.577353179606,0,0.559406635028888,27.9703317514447,1.472501178,47.3548831616118,NA,69.3234748464718,176.59074376877,0,68.5291501786788
"Europe",50,0.02,TRUE,FALSE,50,"BES",-130.991935491116,46.6176004135984,-28.5409519233792,NA,105.932243283908,42.4633064836628,2.03823871121581,80.9058364925947,0,0.144817542365224,7.24087711826118,1.472501178,89.2450883351634,NA,85.1662352201278,Inf,0,68.5291501786788
"India",50,0.02,TRUE,FALSE,50,"BES",-71.4665398897793,35.3466168402674,13.4608471966792,NA,98.6717286943114,42.4633064836628,2.03823871121581,66.1403158005203,0,0.84844261988734,42.4221309943667,1.472501178,56.5772930847722,NA,75.1387249453171,102.700567957,0,68.5291501786788
"US",100,0.02,TRUE,FALSE,50,"BES",-125.333426316385,40.0659295753932,-44.0844615717837,NA,199.98946647775,42.4633064836628,2.03823871121581,130.058419971662,0,0.481706157867164,48.1706157867164,1.472501178,77.9900842776848,NA,118.546570810649,421.193862399672,0,68.5291501786788
"China",100,0.02,TRUE,FALSE,50,"BES",-67.4688918590266,35.1403342584324,1.53801777211965,NA,117.182354530696,42.4633064836628,2.03823871121581,57.577353179606,0,0.559406635028888,55.9406635028894,1.472501178,47.3548831616118,NA,69.3234748464718,176.59074376877,0,68.5291501786788
"Europe",100,0.02,TRUE,FALSE,50,"BES",-131.698571362949,112.806187256433,-21.3000748051188,NA,105.932243283908,42.4633064836628,2.03823871121581,80.9058364925947,0,0.144817542365224,14.4817542365224,1.472501178,89.2450883351634,NA,85.1662352201278,Inf,0,68.5291501786788
"India",100,0.02,TRUE,FALSE,50,"BES",-30.7955333586897,77.849821443552,55.8829781910458,NA,98.6717286943114,42.4633064836628,2.03823871121581,66.1403158005203,0,0.84844261988734,84.8442619887334,1.472501178,56.5772930847722,NA,75.1387249453171,102.700567957,0,68.5291501786788
"US",150,0.02,TRUE,FALSE,50,"BES",-117.734841929641,75.3117846325226,-20.1033429936901,NA,199.98946647775,42.4633064836628,2.03823871121581,130.058419971662,0,0.481706157867164,72.2559236800747,1.472501178,77.9900842776848,NA,118.546570810649,421.193862399672,0,68.5291501786788
"China",150,0.02,TRUE,FALSE,50,"BES",-41.1968480587471,63.5145404913825,29.5083495235644,NA,117.182354530696,42.4633064836628,2.03823871121581,57.577353179606,0,0.559406635028888,83.910995254334,1.472501178,47.3548831616118,NA,69.3234748464718,176.59074376877,0,68.5291501786788
"Europe",150,0.02,TRUE,FALSE,50,"BES",-132.405207234782,178.994774099268,-14.0591976868574,NA,105.932243283908,42.4633064836628,2.03823871121581,80.9058364925947,0,0.144817542365224,21.7226313547835,1.472501178,89.2450883351634,NA,85.1662352201278,Inf,0,68.5291501786788
"India",150,0.02,TRUE,FALSE,50,"BES",9.87547317239984,120.353026046837,98.3051091854123,NA,98.6717286943114,42.4633064836628,2.03823871121581,66.1403158005203,0,0.84844261988734,127.266392983101,1.472501178,56.5772930847722,NA,75.1387249453171,102.700567957,0,68.5291501786788
"US",200,0.02,TRUE,FALSE,50,"BES",-110.136257542898,129.038607895989,3.8777755844033,NA,199.98946647775,42.4633064836628,2.03823871121581,130.058419971662,0,0.481706157867164,96.3412315734329,1.472501178,77.9900842776848,NA,118.546570810649,421.193862399672,0,68.5291501786788
"China",200,0.02,TRUE,FALSE,50,"BES",-14.9248042584676,91.8887467243325,57.4786812750088,NA,117.182354530696,42.4633064836628,2.03823871121581,57.577353179606,0,0.559406635028888,111.881327005779,1.472501178,47.3548831616118,NA,69.3234748464718,176.59074376877,0,68.5291501786788
"Europe",200,0.02,TRUE,FALSE,50,"BES",-133.111843106616,245.183360942103,-6.81832056859603,NA,105.932243283908,42.4633064836628,2.03823871121581,80.9058364925947,0,0.144817542365224,28.9635084730447,1.472501178,89.2450883351634,NA,85.1662352201278,Inf,0,68.5291501786788
"India",200,0.02,TRUE,FALSE,50,"BES",50.5464797034894,162.856230650121,140.72724017978,NA,98.6717286943114,42.4633064836628,2.03823871121581,66.1403158005203,0,0.84844261988734,169.688523977467,1.472501178,56.5772930847722,NA,75.1387249453171,102.700567957,0,68.5291501786788
"US",0,0.08,TRUE,FALSE,50,"BES",-184.561298964838,-32.9811271535716,-136.077402602936,NA,199.98946647775,84.4773368987069,4.05491217113793,130.058419971662,0,0.481706157867164,0,1.472501178,77.9900842776848,NA,148.448552916206,529.91311124931,0,68.5291501786788
"China",0,0.08,TRUE,FALSE,50,"BES",-164.043683334552,-65.638782082434,-98.4333496057345,NA,117.182354530696,84.4773368987069,4.05491217113793,57.577353179606,0,0.559406635028888,0,1.472501178,47.3548831616118,NA,99.2254569520268,255.323205393049,0,68.5291501786788
"Europe",0,0.08,TRUE,FALSE,50,"BES",-174.316003494249,-18.9413484528531,-79.8125329166078,NA,105.932243283908,84.4773368987069,4.05491217113793,80.9058364925947,0,0.144817542365224,0,1.472501178,89.2450883351634,NA,115.068217325686,Inf,0,68.5291501786788
"India",0,0.08,TRUE,FALSE,50,"BES",-156.168250295835,-51.1872916379834,-72.991987672654,NA,98.6717286943114,84.4773368987069,4.05491217113793,66.1403158005203,0,0.84844261988734,0,1.472501178,56.5772930847722,NA,105.040707050874,154.596759724658,0,68.5291501786788
"US",50,0.08,TRUE,FALSE,50,"BES",-176.962714578095,-18.4729507265723,-112.096284024843,NA,199.98946647775,84.4773368987069,4.05491217113793,130.058419971662,0,0.481706157867164,24.0853078933582,1.472501178,77.9900842776848,NA,148.448552916206,529.91311124931,0,68.5291501786788
"China",50,0.08,TRUE,FALSE,50,"BES",-137.771639534272,-37.2645758494839,-70.4630178542906,NA,117.182354530696,84.4773368987069,4.05491217113793,57.577353179606,0,0.559406635028888,27.9703317514447,1.472501178,47.3548831616118,NA,99.2254569520268,255.323205393049,0,68.5291501786788
"Europe",50,0.08,TRUE,FALSE,50,"BES",-175.022639366082,2.58689653863217,-72.5716557983446,NA,105.932243283908,84.4773368987069,4.05491217113793,80.9058364925947,0,0.144817542365224,7.24087711826118,1.472501178,89.2450883351634,NA,115.068217325686,Inf,0,68.5291501786788
"India",50,0.08,TRUE,FALSE,50,"BES",-115.497243764745,-8.68408703469882,-30.5698566782864,NA,98.6717286943114,84.4773368987069,4.05491217113793,66.1403158005203,0,0.84844261988734,42.4221309943667,1.472501178,56.5772930847722,NA,105.040707050874,154.596759724658,0,68.5291501786788
"US",100,0.08,TRUE,FALSE,50,"BES",-169.364130191351,-3.96477429957304,-88.1151654467498,NA,199.98946647775,84.4773368987069,4.05491217113793,130.058419971662,0,0.481706157867164,48.1706157867164,1.472501178,77.9900842776848,NA,148.448552916206,529.91311124931,0,68.5291501786788
"China",100,0.08,TRUE,FALSE,50,"BES",-111.499595733993,-8.8903696165338,-42.4926861028464,NA,117.182354530696,84.4773368987069,4.05491217113793,57.577353179606,0,0.559406635028888,55.9406635028894,1.472501178,47.3548831616118,NA,99.2254569520268,255.323205393049,0,68.5291501786788
"Europe",100,0.08,TRUE,FALSE,50,"BES",-175.729275237915,68.7754833814671,-65.3307786800847,NA,105.932243283908,84.4773368987069,4.05491217113793,80.9058364925947,0,0.144817542365224,14.4817542365224,1.472501178,89.2450883351634,NA,115.068217325686,Inf,0,68.5291501786788
"India",100,0.08,TRUE,FALSE,50,"BES",-74.8262372336559,33.8191175685858,11.8522743160798,NA,98.6717286943114,84.4773368987069,4.05491217113793,66.1403158005203,0,0.84844261988734,84.8442619887334,1.472501178,56.5772930847722,NA,105.040707050874,154.596759724658,0,68.5291501786788
"US",150,0.08,TRUE,FALSE,50,"BES",-161.765545804607,31.2810807575564,-64.1340468686566,NA,199.98946647775,84.4773368987069,4.05491217113793,130.058419971662,0,0.481706157867164,72.2559236800747,1.472501178,77.9900842776848,NA,148.448552916206,529.91311124931,0,68.5291501786788
"China",150,0.08,TRUE,FALSE,50,"BES",-85.2275519337133,19.4838366164163,-14.522354351402,NA,117.182354530696,84.4773368987069,4.05491217113793,57.577353179606,0,0.559406635028888,83.910995254334,1.472501178,47.3548831616118,NA,99.2254569520268,255.323205393049,0,68.5291501786788
"Europe",150,0.08,TRUE,FALSE,50,"BES",-176.435911109749,134.964070224302,-58.0899015618228,NA,105.932243283908,84.4773368987069,4.05491217113793,80.9058364925947,0,0.144817542365224,21.7226313547835,1.472501178,89.2450883351634,NA,115.068217325686,Inf,0,68.5291501786788
"India",150,0.08,TRUE,FALSE,50,"BES",-34.1552307025664,76.3223221718704,54.2744053104466,NA,98.6717286943114,84.4773368987069,4.05491217113793,66.1403158005203,0,0.84844261988734,127.266392983101,1.472501178,56.5772930847722,NA,105.040707050874,154.596759724658,0,68.5291501786788
"US",200,0.08,TRUE,FALSE,50,"BES",-154.166961417864,85.0079040210228,-40.1529282905629,NA,199.98946647775,84.4773368987069,4.05491217113793,130.058419971662,0,0.481706157867164,96.3412315734329,1.472501178,77.9900842776848,NA,148.448552916206,529.91311124931,0,68.5291501786788
"China",200,0.08,TRUE,FALSE,50,"BES",-58.9555081334338,47.8580428493664,13.4479774000427,NA,117.182354530696,84.4773368987069,4.05491217113793,57.577353179606,0,0.559406635028888,111.881327005779,1.472501178,47.3548831616118,NA,99.2254569520268,255.323205393049,0,68.5291501786788
"Europe",200,0.08,TRUE,FALSE,50,"BES",-177.142546981582,201.152657067137,-50.8490244435626,NA,105.932243283908,84.4773368987069,4.05491217113793,80.9058364925947,0,0.144817542365224,28.9635084730447,1.472501178,89.2450883351634,NA,115.068217325686,Inf,0,68.5291501786788
"India",200,0.08,TRUE,FALSE,50,"BES",6.51577582852318,118.825526775155,96.6965363048128,NA,98.6717286943114,84.4773368987069,4.05491217113793,66.1403158005203,0,0.84844261988734,169.688523977467,1.472501178,56.5772930847722,NA,105.040707050874,154.596759724658,0,68.5291501786788
"US",0,0.15,TRUE,FALSE,50,"BES",-247.823136086815,-96.2429642755481,-199.339239724914,NA,199.98946647775,144.841685297539,6.95240089428189,130.058419971662,0,0.481706157867164,0,1.472501178,77.9900842776848,NA,191.410716931518,686.117278057091,0,68.5291501786788
"China",0,0.15,TRUE,FALSE,50,"BES",-227.305520456528,-128.900619204411,-161.69518672771,NA,117.182354530696,144.841685297539,6.95240089428189,57.577353179606,0,0.559406635028888,0,1.472501178,47.3548831616118,NA,142.18762096734,368.44336303647,0,68.5291501786788
"Europe",0,0.15,TRUE,FALSE,50,"BES",-237.577840616226,-82.2031855748296,-143.074370038581,NA,105.932243283908,144.841685297539,6.95240089428189,80.9058364925947,0,0.144817542365224,0,1.472501178,89.2450883351634,NA,158.030381340999,Inf,0,68.5291501786788
"India",0,0.15,TRUE,FALSE,50,"BES",-219.430087417812,-114.44912875996,-136.253824794629,NA,98.6717286943114,144.841685297539,6.95240089428189,66.1403158005203,0,0.84844261988734,0,1.472501178,56.5772930847722,NA,148.002871066186,229.159465789486,0,68.5291501786788
"US",50,0.15,TRUE,FALSE,50,"BES",-240.224551700071,-81.7347878485489,-175.35812114682,NA,199.98946647775,144.841685297539,6.95240089428189,130.058419971662,0,0.481706157867164,24.0853078933582,1.472501178,77.9900842776848,NA,191.410716931518,686.117278057091,0,68.5291501786788
"China",50,0.15,TRUE,FALSE,50,"BES",-201.033476656249,-100.52641297146,-133.724854976267,NA,117.182354530696,144.841685297539,6.95240089428189,57.577353179606,0,0.559406635028888,27.9703317514447,1.472501178,47.3548831616118,NA,142.18762096734,368.44336303647,0,68.5291501786788
"Europe",50,0.15,TRUE,FALSE,50,"BES",-238.284476488059,-60.6749405833444,-135.833492920322,NA,105.932243283908,144.841685297539,6.95240089428189,80.9058364925947,0,0.144817542365224,7.24087711826118,1.472501178,89.2450883351634,NA,158.030381340999,Inf,0,68.5291501786788
"India",50,0.15,TRUE,FALSE,50,"BES",-178.759080886722,-71.9459241566754,-93.8316938002632,NA,98.6717286943114,144.841685297539,6.95240089428189,66.1403158005203,0,0.84844261988734,42.4221309943667,1.472501178,56.5772930847722,NA,148.002871066186,229.159465789486,0,68.5291501786788
"US",100,0.15,TRUE,FALSE,50,"BES",-232.625967313328,-67.2266114215496,-151.377002568727,NA,199.98946647775,144.841685297539,6.95240089428189,130.058419971662,0,0.481706157867164,48.1706157867164,1.472501178,77.9900842776848,NA,191.410716931518,686.117278057091,0,68.5291501786788
"China",100,0.15,TRUE,FALSE,50,"BES",-174.761432855969,-72.1522067385104,-105.754523224823,NA,117.182354530696,144.841685297539,6.95240089428189,57.577353179606,0,0.559406635028888,55.9406635028894,1.472501178,47.3548831616118,NA,142.18762096734,368.44336303647,0,68.5291501786788
"Europe",100,0.15,TRUE,FALSE,50,"BES",-238.991112359892,5.51364625949049,-128.592615802061,NA,105.932243283908,144.841685297539,6.95240089428189,80.9058364925947,0,0.144817542365224,14.4817542365224,1.472501178,89.2450883351634,NA,158.030381340999,Inf,0,68.5291501786788
"India",100,0.15,TRUE,FALSE,50,"BES",-138.088074355632,-29.4427195533908,-51.4095628058963,NA,98.6717286943114,144.841685297539,6.95240089428189,66.1403158005203,0,0.84844261988734,84.8442619887334,1.472501178,56.5772930847722,NA,148.002871066186,229.159465789486,0,68.5291501786788
"US",150,0.15,TRUE,FALSE,50,"BES",-225.027382926584,-31.9807563644201,-127.395883990632,NA,199.98946647775,144.841685297539,6.95240089428189,130.058419971662,0,0.481706157867164,72.2559236800747,1.472501178,77.9900842776848,NA,191.410716931518,686.117278057091,0,68.5291501786788
"China",150,0.15,TRUE,FALSE,50,"BES",-148.48938905569,-43.7780005055603,-77.7841914733782,NA,117.182354530696,144.841685297539,6.95240089428189,57.577353179606,0,0.559406635028888,83.910995254334,1.472501178,47.3548831616118,NA,142.18762096734,368.44336303647,0,68.5291501786788
"Europe",150,0.15,TRUE,FALSE,50,"BES",-239.697748231725,71.7022331023255,-121.351738683799,NA,105.932243283908,144.841685297539,6.95240089428189,80.9058364925947,0,0.144817542365224,21.7226313547835,1.472501178,89.2450883351634,NA,158.030381340999,Inf,0,68.5291501786788
"India",150,0.15,TRUE,FALSE,50,"BES",-97.4170678245429,13.0604850498938,-8.98743181153016,NA,98.6717286943114,144.841685297539,6.95240089428189,66.1403158005203,0,0.84844261988734,127.266392983101,1.472501178,56.5772930847722,NA,148.002871066186,229.159465789486,0,68.5291501786788
"US",200,0.15,TRUE,FALSE,50,"BES",-217.42879853984,21.7460668990462,-103.414765412539,NA,199.98946647775,144.841685297539,6.95240089428189,130.058419971662,0,0.481706157867164,96.3412315734329,1.472501178,77.9900842776848,NA,191.410716931518,686.117278057091,0,68.5291501786788
"China",200,0.15,TRUE,FALSE,50,"BES",-122.21734525541,-15.4037942726102,-49.8138597219338,NA,117.182354530696,144.841685297539,6.95240089428189,57.577353179606,0,0.559406635028888,111.881327005779,1.472501178,47.3548831616118,NA,142.18762096734,368.44336303647,0,68.5291501786788
"Europe",200,0.15,TRUE,FALSE,50,"BES",-240.404384103558,137.89081994516,-114.110861565537,NA,105.932243283908,144.841685297539,6.95240089428189,80.9058364925947,0,0.144817542365224,28.9635084730447,1.472501178,89.2450883351634,NA,158.030381340999,Inf,0,68.5291501786788
"India",200,0.15,TRUE,FALSE,50,"BES",-56.7460612934534,55.5636896531784,33.4346991828365,NA,98.6717286943114,144.841685297539,6.95240089428189,66.1403158005203,0,0.84844261988734,169.688523977467,1.472501178,56.5772930847722,NA,148.002871066186,229.159465789486,0,68.5291501786788
"US",0,0.02,FALSE,FALSE,50,"BES",-140.530595089872,11.0495767213946,-92.0466987279704,NA,199.98946647775,42.4633064836628,2.03823871121581,130.058419971662,0,0.481706157867164,0,1.472501178,77.9900842776848,NA,118.546570810649,421.193862399672,0,68.5291501786788
"China",0,0.02,FALSE,FALSE,50,"BES",-120.012979459586,-21.6080782074678,-54.4026457307663,NA,117.182354530696,42.4633064836628,2.03823871121581,57.577353179606,0,0.559406635028888,0,1.472501178,47.3548831616118,NA,69.3234748464718,176.59074376877,0,68.5291501786788
"Europe",0,0.02,FALSE,FALSE,50,"BES",-130.285299619283,25.0893554221131,-35.7818290416405,NA,105.932243283908,42.4633064836628,2.03823871121581,80.9058364925947,0,0.144817542365224,0,1.472501178,89.2450883351634,NA,85.1662352201278,Inf,0,68.5291501786788
"India",0,0.02,FALSE,FALSE,50,"BES",-112.137546420869,-7.15658776301723,-28.9612837976877,NA,98.6717286943114,42.4633064836628,2.03823871121581,66.1403158005203,0,0.84844261988734,0,1.472501178,56.5772930847722,NA,75.1387249453171,102.700567957,0,68.5291501786788
"US",50,0.02,FALSE,FALSE,50,"BES",-132.932010703128,25.5577531483939,-68.0655801498775,NA,199.98946647775,42.4633064836628,2.03823871121581,130.058419971662,0,0.481706157867164,24.0853078933582,1.472501178,77.9900842776848,NA,118.546570810649,421.193862399672,0,68.5291501786788
"China",50,0.02,FALSE,FALSE,50,"BES",-93.7409356593061,6.76612802548229,-26.4323139793249,NA,117.182354530696,42.4633064836628,2.03823871121581,57.577353179606,0,0.559406635028888,27.9703317514447,1.472501178,47.3548831616118,NA,69.3234748464718,176.59074376877,0,68.5291501786788
"Europe",50,0.02,FALSE,FALSE,50,"BES",-130.991935491116,46.6176004135984,-28.5409519233792,NA,105.932243283908,42.4633064836628,2.03823871121581,80.9058364925947,0,0.144817542365224,7.24087711826118,1.472501178,89.2450883351634,NA,85.1662352201278,Inf,0,68.5291501786788
"India",50,0.02,FALSE,FALSE,50,"BES",-71.4665398897793,35.3466168402674,13.4608471966792,NA,98.6717286943114,42.4633064836628,2.03823871121581,66.1403158005203,0,0.84844261988734,42.4221309943667,1.472501178,56.5772930847722,NA,75.1387249453171,102.700567957,0,68.5291501786788
"US",100,0.02,FALSE,FALSE,50,"BES",-125.333426316385,40.0659295753932,-44.0844615717837,NA,199.98946647775,42.4633064836628,2.03823871121581,130.058419971662,0,0.481706157867164,48.1706157867164,1.472501178,77.9900842776848,NA,118.546570810649,421.193862399672,0,68.5291501786788
"China",100,0.02,FALSE,FALSE,50,"BES",-67.4688918590266,35.1403342584324,1.53801777211965,NA,117.182354530696,42.4633064836628,2.03823871121581,57.577353179606,0,0.559406635028888,55.9406635028894,1.472501178,47.3548831616118,NA,69.3234748464718,176.59074376877,0,68.5291501786788
"Europe",100,0.02,FALSE,FALSE,50,"BES",-131.698571362949,112.806187256433,-21.3000748051188,NA,105.932243283908,42.4633064836628,2.03823871121581,80.9058364925947,0,0.144817542365224,14.4817542365224,1.472501178,89.2450883351634,NA,85.1662352201278,Inf,0,68.5291501786788
"India",100,0.02,FALSE,FALSE,50,"BES",-30.7955333586897,77.849821443552,55.8829781910458,NA,98.6717286943114,42.4633064836628,2.03823871121581,66.1403158005203,0,0.84844261988734,84.8442619887334,1.472501178,56.5772930847722,NA,75.1387249453171,102.700567957,0,68.5291501786788
"US",150,0.02,FALSE,FALSE,50,"BES",-117.734841929641,75.3117846325226,-20.1033429936901,NA,199.98946647775,42.4633064836628,2.03823871121581,130.058419971662,0,0.481706157867164,72.2559236800747,1.472501178,77.9900842776848,NA,118.546570810649,421.193862399672,0,68.5291501786788
"China",150,0.02,FALSE,FALSE,50,"BES",-41.1968480587471,63.5145404913825,29.5083495235644,NA,117.182354530696,42.4633064836628,2.03823871121581,57.577353179606,0,0.559406635028888,83.910995254334,1.472501178,47.3548831616118,NA,69.3234748464718,176.59074376877,0,68.5291501786788
"Europe",150,0.02,FALSE,FALSE,50,"BES",-132.405207234782,178.994774099268,-14.0591976868574,NA,105.932243283908,42.4633064836628,2.03823871121581,80.9058364925947,0,0.144817542365224,21.7226313547835,1.472501178,89.2450883351634,NA,85.1662352201278,Inf,0,68.5291501786788
"India",150,0.02,FALSE,FALSE,50,"BES",9.87547317239984,120.353026046837,98.3051091854123,NA,98.6717286943114,42.4633064836628,2.03823871121581,66.1403158005203,0,0.84844261988734,127.266392983101,1.472501178,56.5772930847722,NA,75.1387249453171,102.700567957,0,68.5291501786788
"US",200,0.02,FALSE,FALSE,50,"BES",-110.136257542898,129.038607895989,3.8777755844033,NA,199.98946647775,42.4633064836628,2.03823871121581,130.058419971662,0,0.481706157867164,96.3412315734329,1.472501178,77.9900842776848,NA,118.546570810649,421.193862399672,0,68.5291501786788
"China",200,0.02,FALSE,FALSE,50,"BES",-14.9248042584676,91.8887467243325,57.4786812750088,NA,117.182354530696,42.4633064836628,2.03823871121581,57.577353179606,0,0.559406635028888,111.881327005779,1.472501178,47.3548831616118,NA,69.3234748464718,176.59074376877,0,68.5291501786788
"Europe",200,0.02,FALSE,FALSE,50,"BES",-133.111843106616,245.183360942103,-6.81832056859603,NA,105.932243283908,42.4633064836628,2.03823871121581,80.9058364925947,0,0.144817542365224,28.9635084730447,1.472501178,89.2450883351634,NA,85.1662352201278,Inf,0,68.5291501786788
"India",200,0.02,FALSE,FALSE,50,"BES",50.5464797034894,162.856230650121,140.72724017978,NA,98.6717286943114,42.4633064836628,2.03823871121581,66.1403158005203,0,0.84844261988734,169.688523977467,1.472501178,56.5772930847722,NA,75.1387249453171,102.700567957,0,68.5291501786788
"US",0,0.08,FALSE,FALSE,50,"BES",-184.561298964838,-32.9811271535716,-136.077402602936,NA,199.98946647775,84.4773368987069,4.05491217113793,130.058419971662,0,0.481706157867164,0,1.472501178,77.9900842776848,NA,148.448552916206,529.91311124931,0,68.5291501786788
"China",0,0.08,FALSE,FALSE,50,"BES",-164.043683334552,-65.638782082434,-98.4333496057345,NA,117.182354530696,84.4773368987069,4.05491217113793,57.577353179606,0,0.559406635028888,0,1.472501178,47.3548831616118,NA,99.2254569520268,255.323205393049,0,68.5291501786788
"Europe",0,0.08,FALSE,FALSE,50,"BES",-174.316003494249,-18.9413484528531,-79.8125329166078,NA,105.932243283908,84.4773368987069,4.05491217113793,80.9058364925947,0,0.144817542365224,0,1.472501178,89.2450883351634,NA,115.068217325686,Inf,0,68.5291501786788
"India",0,0.08,FALSE,FALSE,50,"BES",-156.168250295835,-51.1872916379834,-72.991987672654,NA,98.6717286943114,84.4773368987069,4.05491217113793,66.1403158005203,0,0.84844261988734,0,1.472501178,56.5772930847722,NA,105.040707050874,154.596759724658,0,68.5291501786788
"US",50,0.08,FALSE,FALSE,50,"BES",-176.962714578095,-18.4729507265723,-112.096284024843,NA,199.98946647775,84.4773368987069,4.05491217113793,130.058419971662,0,0.481706157867164,24.0853078933582,1.472501178,77.9900842776848,NA,148.448552916206,529.91311124931,0,68.5291501786788
"China",50,0.08,FALSE,FALSE,50,"BES",-137.771639534272,-37.2645758494839,-70.4630178542906,NA,117.182354530696,84.4773368987069,4.05491217113793,57.577353179606,0,0.559406635028888,27.9703317514447,1.472501178,47.3548831616118,NA,99.2254569520268,255.323205393049,0,68.5291501786788
"Europe",50,0.08,FALSE,FALSE,50,"BES",-175.022639366082,2.58689653863217,-72.5716557983446,NA,105.932243283908,84.4773368987069,4.05491217113793,80.9058364925947,0,0.144817542365224,7.24087711826118,1.472501178,89.2450883351634,NA,115.068217325686,Inf,0,68.5291501786788
"India",50,0.08,FALSE,FALSE,50,"BES",-115.497243764745,-8.68408703469882,-30.5698566782864,NA,98.6717286943114,84.4773368987069,4.05491217113793,66.1403158005203,0,0.84844261988734,42.4221309943667,1.472501178,56.5772930847722,NA,105.040707050874,154.596759724658,0,68.5291501786788
"US",100,0.08,FALSE,FALSE,50,"BES",-169.364130191351,-3.96477429957304,-88.1151654467498,NA,199.98946647775,84.4773368987069,4.05491217113793,130.058419971662,0,0.481706157867164,48.1706157867164,1.472501178,77.9900842776848,NA,148.448552916206,529.91311124931,0,68.5291501786788
"China",100,0.08,FALSE,FALSE,50,"BES",-111.499595733993,-8.8903696165338,-42.4926861028464,NA,117.182354530696,84.4773368987069,4.05491217113793,57.577353179606,0,0.559406635028888,55.9406635028894,1.472501178,47.3548831616118,NA,99.2254569520268,255.323205393049,0,68.5291501786788
"Europe",100,0.08,FALSE,FALSE,50,"BES",-175.729275237915,68.7754833814671,-65.3307786800847,NA,105.932243283908,84.4773368987069,4.05491217113793,80.9058364925947,0,0.144817542365224,14.4817542365224,1.472501178,89.2450883351634,NA,115.068217325686,Inf,0,68.5291501786788
"India",100,0.08,FALSE,FALSE,50,"BES",-74.8262372336559,33.8191175685858,11.8522743160798,NA,98.6717286943114,84.4773368987069,4.05491217113793,66.1403158005203,0,0.84844261988734,84.8442619887334,1.472501178,56.5772930847722,NA,105.040707050874,154.596759724658,0,68.5291501786788
"US",150,0.08,FALSE,FALSE,50,"BES",-161.765545804607,31.2810807575564,-64.1340468686566,NA,199.98946647775,84.4773368987069,4.05491217113793,130.058419971662,0,0.481706157867164,72.2559236800747,1.472501178,77.9900842776848,NA,148.448552916206,529.91311124931,0,68.5291501786788
"China",150,0.08,FALSE,FALSE,50,"BES",-85.2275519337133,19.4838366164163,-14.522354351402,NA,117.182354530696,84.4773368987069,4.05491217113793,57.577353179606,0,0.559406635028888,83.910995254334,1.472501178,47.3548831616118,NA,99.2254569520268,255.323205393049,0,68.5291501786788
"Europe",150,0.08,FALSE,FALSE,50,"BES",-176.435911109749,134.964070224302,-58.0899015618228,NA,105.932243283908,84.4773368987069,4.05491217113793,80.9058364925947,0,0.144817542365224,21.7226313547835,1.472501178,89.2450883351634,NA,115.068217325686,Inf,0,68.5291501786788
"India",150,0.08,FALSE,FALSE,50,"BES",-34.1552307025664,76.3223221718704,54.2744053104466,NA,98.6717286943114,84.4773368987069,4.05491217113793,66.1403158005203,0,0.84844261988734,127.266392983101,1.472501178,56.5772930847722,NA,105.040707050874,154.596759724658,0,68.5291501786788
"US",200,0.08,FALSE,FALSE,50,"BES",-154.166961417864,85.0079040210228,-40.1529282905629,NA,199.98946647775,84.4773368987069,4.05491217113793,130.058419971662,0,0.481706157867164,96.3412315734329,1.472501178,77.9900842776848,NA,148.448552916206,529.91311124931,0,68.5291501786788
"China",200,0.08,FALSE,FALSE,50,"BES",-58.9555081334338,47.8580428493664,13.4479774000427,NA,117.182354530696,84.4773368987069,4.05491217113793,57.577353179606,0,0.559406635028888,111.881327005779,1.472501178,47.3548831616118,NA,99.2254569520268,255.323205393049,0,68.5291501786788
"Europe",200,0.08,FALSE,FALSE,50,"BES",-177.142546981582,201.152657067137,-50.8490244435626,NA,105.932243283908,84.4773368987069,4.05491217113793,80.9058364925947,0,0.144817542365224,28.9635084730447,1.472501178,89.2450883351634,NA,115.068217325686,Inf,0,68.5291501786788
"India",200,0.08,FALSE,FALSE,50,"BES",6.51577582852318,118.825526775155,96.6965363048128,NA,98.6717286943114,84.4773368987069,4.05491217113793,66.1403158005203,0,0.84844261988734,169.688523977467,1.472501178,56.5772930847722,NA,105.040707050874,154.596759724658,0,68.5291501786788
"US",0,0.15,FALSE,FALSE,50,"BES",-247.823136086815,-96.2429642755481,-199.339239724914,NA,199.98946647775,144.841685297539,6.95240089428189,130.058419971662,0,0.481706157867164,0,1.472501178,77.9900842776848,NA,191.410716931518,686.117278057091,0,68.5291501786788
"China",0,0.15,FALSE,FALSE,50,"BES",-227.305520456528,-128.900619204411,-161.69518672771,NA,117.182354530696,144.841685297539,6.95240089428189,57.577353179606,0,0.559406635028888,0,1.472501178,47.3548831616118,NA,142.18762096734,368.44336303647,0,68.5291501786788
"Europe",0,0.15,FALSE,FALSE,50,"BES",-237.577840616226,-82.2031855748296,-143.074370038581,NA,105.932243283908,144.841685297539,6.95240089428189,80.9058364925947,0,0.144817542365224,0,1.472501178,89.2450883351634,NA,158.030381340999,Inf,0,68.5291501786788
"India",0,0.15,FALSE,FALSE,50,"BES",-219.430087417812,-114.44912875996,-136.253824794629,NA,98.6717286943114,144.841685297539,6.95240089428189,66.1403158005203,0,0.84844261988734,0,1.472501178,56.5772930847722,NA,148.002871066186,229.159465789486,0,68.5291501786788
"US",50,0.15,FALSE,FALSE,50,"BES",-240.224551700071,-81.7347878485489,-175.35812114682,NA,199.98946647775,144.841685297539,6.95240089428189,130.058419971662,0,0.481706157867164,24.0853078933582,1.472501178,77.9900842776848,NA,191.410716931518,686.117278057091,0,68.5291501786788
"China",50,0.15,FALSE,FALSE,50,"BES",-201.033476656249,-100.52641297146,-133.724854976267,NA,117.182354530696,144.841685297539,6.95240089428189,57.577353179606,0,0.559406635028888,27.9703317514447,1.472501178,47.3548831616118,NA,142.18762096734,368.44336303647,0,68.5291501786788
"Europe",50,0.15,FALSE,FALSE,50,"BES",-238.284476488059,-60.6749405833444,-135.833492920322,NA,105.932243283908,144.841685297539,6.95240089428189,80.9058364925947,0,0.144817542365224,7.24087711826118,1.472501178,89.2450883351634,NA,158.030381340999,Inf,0,68.5291501786788
"India",50,0.15,FALSE,FALSE,50,"BES",-178.759080886722,-71.9459241566754,-93.8316938002632,NA,98.6717286943114,144.841685297539,6.95240089428189,66.1403158005203,0,0.84844261988734,42.4221309943667,1.472501178,56.5772930847722,NA,148.002871066186,229.159465789486,0,68.5291501786788
"US",100,0.15,FALSE,FALSE,50,"BES",-232.625967313328,-67.2266114215496,-151.377002568727,NA,199.98946647775,144.841685297539,6.95240089428189,130.058419971662,0,0.481706157867164,48.1706157867164,1.472501178,77.9900842776848,NA,191.410716931518,686.117278057091,0,68.5291501786788
"China",100,0.15,FALSE,FALSE,50,"BES",-174.761432855969,-72.1522067385104,-105.754523224823,NA,117.182354530696,144.841685297539,6.95240089428189,57.577353179606,0,0.559406635028888,55.9406635028894,1.472501178,47.3548831616118,NA,142.18762096734,368.44336303647,0,68.5291501786788
"Europe",100,0.15,FALSE,FALSE,50,"BES",-238.991112359892,5.51364625949049,-128.592615802061,NA,105.932243283908,144.841685297539,6.95240089428189,80.9058364925947,0,0.144817542365224,14.4817542365224,1.472501178,89.2450883351634,NA,158.030381340999,Inf,0,68.5291501786788
"India",100,0.15,FALSE,FALSE,50,"BES",-138.088074355632,-29.4427195533908,-51.4095628058963,NA,98.6717286943114,144.841685297539,6.95240089428189,66.1403158005203,0,0.84844261988734,84.8442619887334,1.472501178,56.5772930847722,NA,148.002871066186,229.159465789486,0,68.5291501786788
"US",150,0.15,FALSE,FALSE,50,"BES",-225.027382926584,-31.9807563644201,-127.395883990632,NA,199.98946647775,144.841685297539,6.95240089428189,130.058419971662,0,0.481706157867164,72.2559236800747,1.472501178,77.9900842776848,NA,191.410716931518,686.117278057091,0,68.5291501786788
"China",150,0.15,FALSE,FALSE,50,"BES",-148.48938905569,-43.7780005055603,-77.7841914733782,NA,117.182354530696,144.841685297539,6.95240089428189,57.577353179606,0,0.559406635028888,83.910995254334,1.472501178,47.3548831616118,NA,142.18762096734,368.44336303647,0,68.5291501786788
"Europe",150,0.15,FALSE,FALSE,50,"BES",-239.697748231725,71.7022331023255,-121.351738683799,NA,105.932243283908,144.841685297539,6.95240089428189,80.9058364925947,0,0.144817542365224,21.7226313547835,1.472501178,89.2450883351634,NA,158.030381340999,Inf,0,68.5291501786788
"India",150,0.15,FALSE,FALSE,50,"BES",-97.4170678245429,13.0604850498938,-8.98743181153016,NA,98.6717286943114,144.841685297539,6.95240089428189,66.1403158005203,0,0.84844261988734,127.266392983101,1.472501178,56.5772930847722,NA,148.002871066186,229.159465789486,0,68.5291501786788
"US",200,0.15,FALSE,FALSE,50,"BES",-217.42879853984,21.7460668990462,-103.414765412539,NA,199.98946647775,144.841685297539,6.95240089428189,130.058419971662,0,0.481706157867164,96.3412315734329,1.472501178,77.9900842776848,NA,191.410716931518,686.117278057091,0,68.5291501786788
"China",200,0.15,FALSE,FALSE,50,"BES",-122.21734525541,-15.4037942726102,-49.8138597219338,NA,117.182354530696,144.841685297539,6.95240089428189,57.577353179606,0,0.559406635028888,111.881327005779,1.472501178,47.3548831616118,NA,142.18762096734,368.44336303647,0,68.5291501786788
"Europe",200,0.15,FALSE,FALSE,50,"BES",-240.404384103558,137.89081994516,-114.110861565537,NA,105.932243283908,144.841685297539,6.95240089428189,80.9058364925947,0,0.144817542365224,28.9635084730447,1.472501178,89.2450883351634,NA,158.030381340999,Inf,0,68.5291501786788
"India",200,0.15,FALSE,FALSE,50,"BES",-56.7460612934534,55.5636896531784,33.4346991828365,NA,98.6717286943114,144.841685297539,6.95240089428189,66.1403158005203,0,0.84844261988734,169.688523977467,1.472501178,56.5772930847722,NA,148.002871066186,229.159465789486,0,68.5291501786788
"US",0,0.02,TRUE,TRUE,150,"BES",-89.0904994119968,23.4085905872032,-60.6052086176185,NA,43.3333333333333,30.5405906419817,1.46594835081512,106.56,0,0.497210954924258,0,1.472501178,77.9900842776848,NA,94.1028374462848,326.707521529948,0,147.863242123301
"China",0,0.02,TRUE,TRUE,150,"BES",-49.0565154327968,-13.7164871607968,-34.6552969040513,NA,43.3333333333333,30.5405906419817,1.46594835081512,46.5,0,0.564415181222605,0,1.472501178,47.3548831616118,NA,53.3150941851381,139.093599188613,0,147.863242123301
"Europe",0,0.02,TRUE,TRUE,150,"BES",-59.3475036527968,37.8375740952032,-21.1503573770125,NA,43.3333333333333,30.5405906419817,1.46594835081512,71.516,0,0.140723318542738,0,1.472501178,89.2450883351634,NA,70.3038751611762,2249.73492010527,0,147.863242123301
"India",0,0.02,TRUE,TRUE,150,"BES",-32.3315036527968,0.0635222632031684,-18.356292156597,NA,43.3333333333333,30.5405906419817,1.46594835081512,44.5,0,0.846547494614625,0,1.472501178,56.5772930847722,NA,51.9568609763087,90.3747745749198,0,147.863242123301
"US",50,0.02,TRUE,TRUE,150,"BES",-71.3350994113601,38.155719456362,-35.8418824371803,NA,43.3333333333333,30.5405906419817,1.46594835081512,106.56,0,0.497210954924258,24.8605477462104,1.472501178,77.9900842776848,NA,94.1028374462848,326.707521529948,0,147.863242123301
"China",50,0.02,TRUE,TRUE,150,"BES",-20.8357563716938,14.5042719003062,-6.43453784294927,NA,43.3333333333333,30.5405906419817,1.46594835081512,46.5,0,0.564415181222605,28.2207590611317,1.472501178,47.3548831616118,NA,53.3150941851381,139.093599188613,0,147.863242123301
"Europe",50,0.02,TRUE,TRUE,150,"BES",-58.1060465324832,56.83257379625,-14.1141914498799,NA,43.3333333333333,30.5405906419817,1.46594835081512,71.516,0,0.140723318542738,7.03616592713694,1.472501178,89.2450883351634,NA,70.3038751611762,2249.73492010527,0,147.863242123301
"India",50,0.02,TRUE,TRUE,150,"BES",9.99587107795907,42.3908969939591,23.9710825741534,NA,43.3333333333333,30.5405906419817,1.46594835081512,44.5,0,0.846547494614625,42.3273747307448,1.472501178,56.5772930847722,NA,51.9568609763087,90.3747745749198,0,147.863242123301
"US",100,0.02,TRUE,TRUE,150,"BES",-59.7997002249801,64.211655575074,-11.0785562567561,NA,43.3333333333333,30.5405906419817,1.46594835081512,106.56,0,0.497210954924258,49.7210954924209,1.472501178,77.9900842776848,NA,94.1028374462848,326.707521529948,0,147.863242123301
"China",100,0.02,TRUE,TRUE,150,"BES",7.3850026894093,42.7250309614093,21.7862212181664,NA,43.3333333333333,30.5405906419817,1.46594835081512,46.5,0,0.564415181222605,56.4415181222634,1.472501178,47.3548831616118,NA,53.3150941851381,139.093599188613,0,147.863242123301
"Europe",100,0.02,TRUE,TRUE,150,"BES",-56.8645894121696,122.947611193297,-7.07802552273858,NA,43.3333333333333,30.5405906419817,1.46594835081512,71.516,0,0.140723318542738,14.0723318542739,1.472501178,89.2450883351634,NA,70.3038751611762,2249.73492010527,0,147.863242123301
"India",100,0.02,TRUE,TRUE,150,"BES",52.3232458087149,84.718271724715,66.2984573049054,NA,43.3333333333333,30.5405906419817,1.46594835081512,44.5,0,0.846547494614625,84.6547494614896,1.472501178,56.5772930847722,NA,51.9568609763087,90.3747745749198,0,147.863242123301
"US",150,0.02,TRUE,TRUE,150,"BES",-50.5436558416952,100.256918169199,13.6847699236782,NA,43.3333333333333,30.5405906419817,1.46594835081512,106.56,0,0.497210954924258,74.5816432386304,1.472501178,77.9900842776848,NA,94.1028374462848,326.707521529948,0,147.863242123301
"China",150,0.02,TRUE,TRUE,150,"BES",35.6057617505124,70.9457900225124,50.0069802792693,NA,43.3333333333333,30.5405906419817,1.46594835081512,46.5,0,0.564415181222605,84.6622771834397,1.472501178,47.3548831616118,NA,53.3150941851381,139.093599188613,0,147.863242123301
"Europe",150,0.02,TRUE,TRUE,150,"BES",-55.623132291856,189.062648590344,-0.0418595956005288,NA,43.3333333333333,30.5405906419817,1.46594835081512,71.516,0,0.140723318542738,21.1084977814043,1.472501178,89.2450883351634,NA,70.3038751611762,2249.73492010527,0,147.863242123301
"India",150,0.02,TRUE,TRUE,150,"BES",94.6506205394709,127.045646455471,108.625832035695,NA,43.3333333333333,30.5405906419817,1.46594835081512,44.5,0,0.846547494614625,126.982124192208,1.472501178,56.5772930847722,NA,51.9568609763087,90.3747745749198,0,147.863242123301
"US",200,0.02,TRUE,TRUE,150,"BES",-41.2876114584103,154.361018018562,38.4480961041107,NA,43.3333333333333,30.5405906419817,1.46594835081512,106.56,0,0.497210954924258,99.4421909848418,1.472501178,77.9900842776848,NA,94.1028374462848,326.707521529948,0,147.863242123301
"China",200,0.02,TRUE,TRUE,150,"BES",63.8265208116154,99.1665490836155,78.2277393404407,NA,43.3333333333333,30.5405906419817,1.46594835081512,46.5,0,0.564415181222605,112.883036244527,1.472501178,47.3548831616118,NA,53.3150941851381,139.093599188613,0,147.863242123301
"Europe",200,0.02,TRUE,TRUE,150,"BES",-54.3816751715424,255.177685987391,6.99430633152664,NA,43.3333333333333,30.5405906419817,1.46594835081512,71.516,0,0.140723318542738,28.1446637085477,1.472501178,89.2450883351634,NA,70.3038751611762,2249.73492010527,0,147.863242123301
"India",200,0.02,TRUE,TRUE,150,"BES",136.977995270227,169.373021186227,150.953206766448,NA,43.3333333333333,30.5405906419817,1.46594835081512,44.5,0,0.846547494614625,169.309498922979,1.472501178,56.5772930847722,NA,51.9568609763087,90.3747745749198,0,147.863242123301
"US",0,0.08,TRUE,TRUE,150,"BES",-120.758398454221,-8.25930845502111,-92.2731076598449,NA,43.3333333333333,60.7580515601347,2.91638647488646,106.56,0,0.497210954924258,0,1.472501178,77.9900842776848,NA,115.609033512788,401.373027959909,0,147.863242123301
"China",0,0.08,TRUE,TRUE,150,"BES",-80.7244144750211,-45.3843862030211,-66.3231959462849,NA,43.3333333333333,60.7580515601347,2.91638647488646,46.5,0,0.564415181222605,0,1.472501178,47.3548831616118,NA,74.8212902516409,195.201053587111,0,147.863242123301
"Europe",0,0.08,TRUE,TRUE,150,"BES",-91.0154026950212,6.16967505297887,-52.8182564192861,NA,43.3333333333333,60.7580515601347,2.91638647488646,71.516,0,0.140723318542738,0,1.472501178,89.2450883351634,NA,91.8100712276789,2937.93653315016,0,147.863242123301
"India",0,0.08,TRUE,TRUE,150,"BES",-63.9994026950211,-31.6043767790211,-50.0241911988167,NA,43.3333333333333,60.7580515601347,2.91638647488646,44.5,0,0.846547494614625,0,1.472501178,56.5772930847722,NA,73.4630570428115,127.78307032166,0,147.863242123301
"US",50,0.08,TRUE,TRUE,150,"BES",-103.002998453584,6.4878204141377,-67.5097814794221,NA,43.3333333333333,60.7580515601347,2.91638647488646,106.56,0,0.497210954924258,24.8605477462104,1.472501178,77.9900842776848,NA,115.609033512788,401.373027959909,0,147.863242123301
"China",50,0.08,TRUE,TRUE,150,"BES",-52.5036554139181,-17.1636271419181,-38.1024368851996,NA,43.3333333333333,60.7580515601347,2.91638647488646,46.5,0,0.564415181222605,28.2207590611317,1.472501178,47.3548831616118,NA,74.8212902516409,195.201053587111,0,147.863242123301
"Europe",50,0.08,TRUE,TRUE,150,"BES",-89.7739455747075,25.1646747540257,-45.7820904921223,NA,43.3333333333333,60.7580515601347,2.91638647488646,71.516,0,0.140723318542738,7.03616592713694,1.472501178,89.2450883351634,NA,91.8100712276789,2937.93653315016,0,147.863242123301
"India",50,0.08,TRUE,TRUE,150,"BES",-21.6720279642652,10.7229979517348,-7.69681646806872,NA,43.3333333333333,60.7580515601347,2.91638647488646,44.5,0,0.846547494614625,42.3273747307448,1.472501178,56.5772930847722,NA,73.4630570428115,127.78307032166,0,147.863242123301
"US",100,0.08,TRUE,TRUE,150,"BES",-91.4675992672044,32.5437565328497,-42.7464552989764,NA,43.3333333333333,60.7580515601347,2.91638647488646,106.56,0,0.497210954924258,49.7210954924209,1.472501178,77.9900842776848,NA,115.609033512788,401.373027959909,0,147.863242123301
"China",100,0.08,TRUE,TRUE,150,"BES",-24.282896352815,11.057131919185,-9.88167782407396,NA,43.3333333333333,60.7580515601347,2.91638647488646,46.5,0,0.564415181222605,56.4415181222634,1.472501178,47.3548831616118,NA,74.8212902516409,195.201053587111,0,147.863242123301
"Europe",100,0.08,TRUE,TRUE,150,"BES",-88.5324884543939,91.2797121510726,-38.7459245649434,NA,43.3333333333333,60.7580515601347,2.91638647488646,71.516,0,0.140723318542738,14.0723318542739,1.472501178,89.2450883351634,NA,91.8100712276789,2937.93653315016,0,147.863242123301
"India",100,0.08,TRUE,TRUE,150,"BES",20.6553467664907,53.0503726824907,34.6305582626932,NA,43.3333333333333,60.7580515601347,2.91638647488646,44.5,0,0.846547494614625,84.6547494614896,1.472501178,56.5772930847722,NA,73.4630570428115,127.78307032166,0,147.863242123301
"US",150,0.08,TRUE,TRUE,150,"BES",-82.2115548839195,68.5890191269748,-17.9831291185489,NA,43.3333333333333,60.7580515601347,2.91638647488646,106.56,0,0.497210954924258,74.5816432386304,1.472501178,77.9900842776848,NA,115.609033512788,401.373027959909,0,147.863242123301
"China",150,0.08,TRUE,TRUE,150,"BES",3.93786270828808,39.2778909802881,18.3390812370429,NA,43.3333333333333,60.7580515601347,2.91638647488646,46.5,0,0.564415181222605,84.6622771834397,1.472501178,47.3548831616118,NA,74.8212902516409,195.201053587111,0,147.863242123301
"Europe",150,0.08,TRUE,TRUE,150,"BES",-87.2910313340803,157.39474954812,-31.7097586378183,NA,43.3333333333333,60.7580515601347,2.91638647488646,71.516,0,0.140723318542738,21.1084977814043,1.472501178,89.2450883351634,NA,91.8100712276789,2937.93653315016,0,147.863242123301
"India",150,0.08,TRUE,TRUE,150,"BES",62.9827214972466,95.3777474132465,76.9579329934337,NA,43.3333333333333,60.7580515601347,2.91638647488646,44.5,0,0.846547494614625,126.982124192208,1.472501178,56.5772930847722,NA,73.4630570428115,127.78307032166,0,147.863242123301
"US",200,0.08,TRUE,TRUE,150,"BES",-72.9555105006345,122.693118976338,6.78019706188447,NA,43.3333333333333,60.7580515601347,2.91638647488646,106.56,0,0.497210954924258,99.4421909848418,1.472501178,77.9900842776848,NA,115.609033512788,401.373027959909,0,147.863242123301
"China",200,0.08,TRUE,TRUE,150,"BES",32.1586217693911,67.4986500413912,46.5598402981482,NA,43.3333333333333,60.7580515601347,2.91638647488646,46.5,0,0.564415181222605,112.883036244527,1.472501178,47.3548831616118,NA,74.8212902516409,195.201053587111,0,147.863242123301
"Europe",200,0.08,TRUE,TRUE,150,"BES",-86.0495742137667,223.509786945166,-24.6735927107139,NA,43.3333333333333,60.7580515601347,2.91638647488646,71.516,0,0.140723318542738,28.1446637085477,1.472501178,89.2450883351634,NA,91.8100712276789,2937.93653315016,0,147.863242123301
"India",200,0.08,TRUE,TRUE,150,"BES",105.310096228002,137.705122144002,119.285307724204,NA,43.3333333333333,60.7580515601347,2.91638647488646,44.5,0,0.846547494614625,169.309498922979,1.472501178,56.5772930847722,NA,73.4630570428115,127.78307032166,0,147.863242123301
"US",0,0.15,TRUE,TRUE,150,"BES",-166.257772638503,-53.7586826393029,-137.772481844119,NA,43.3333333333333,104.173484942083,5.00032727721998,106.56,0,0.497210954924258,0,1.472501178,77.9900842776848,NA,146.508414011811,508.649920916681,0,147.863242123301
"China",0,0.15,TRUE,TRUE,150,"BES",-126.223788659303,-90.8837603873029,-111.822570130569,NA,43.3333333333333,104.173484942083,5.00032727721998,46.5,0,0.564415181222605,0,1.472501178,47.3548831616118,NA,105.720670750664,275.814360418317,0,147.863242123301
"Europe",0,0.15,TRUE,TRUE,150,"BES",-136.514776879303,-39.3296991313028,-98.3176306034779,NA,43.3333333333333,104.173484942083,5.00032727721998,71.516,0,0.140723318542738,0,1.472501178,89.2450883351634,NA,122.709451726702,3926.72150636938,0,147.863242123301
"India",0,0.15,TRUE,TRUE,150,"BES",-109.498776879303,-77.1037509633029,-95.5235653830974,NA,43.3333333333333,104.173484942083,5.00032727721998,44.5,0,0.846547494614625,0,1.472501178,56.5772930847722,NA,104.362437541835,181.530053773518,0,147.863242123301
"US",50,0.15,TRUE,TRUE,150,"BES",-148.502372637866,-39.011553770144,-113.009155663701,NA,43.3333333333333,104.173484942083,5.00032727721998,106.56,0,0.497210954924258,24.8605477462104,1.472501178,77.9900842776848,NA,146.508414011811,508.649920916681,0,147.863242123301
"China",50,0.15,TRUE,TRUE,150,"BES",-98.0030295981998,-62.6630013261998,-83.60181106944,NA,43.3333333333333,104.173484942083,5.00032727721998,46.5,0,0.564415181222605,28.2207590611317,1.472501178,47.3548831616118,NA,105.720670750664,275.814360418317,0,147.863242123301
"Europe",50,0.15,TRUE,TRUE,150,"BES",-135.273319758989,-20.334699430256,-91.2814646763876,NA,43.3333333333333,104.173484942083,5.00032727721998,71.516,0,0.140723318542738,7.03616592713694,1.472501178,89.2450883351634,NA,122.709451726702,3926.72150636938,0,147.863242123301
"India",50,0.15,TRUE,TRUE,150,"BES",-67.171402148547,-34.776376232547,-53.196190652344,NA,43.3333333333333,104.173484942083,5.00032727721998,44.5,0,0.846547494614625,42.3273747307448,1.472501178,56.5772930847722,NA,104.362437541835,181.530053773518,0,147.863242123301
"US",100,0.15,TRUE,TRUE,150,"BES",-136.966973451486,-12.955617651432,-88.2458294832452,NA,43.3333333333333,104.173484942083,5.00032727721998,106.56,0,0.497210954924258,49.7210954924209,1.472501178,77.9900842776848,NA,146.508414011811,508.649920916681,0,147.863242123301
"China",100,0.15,TRUE,TRUE,150,"BES",-69.7822705370967,-34.4422422650967,-55.3810520083477,NA,43.3333333333333,104.173484942083,5.00032727721998,46.5,0,0.564415181222605,56.4415181222634,1.472501178,47.3548831616118,NA,105.720670750664,275.814360418317,0,147.863242123301
"Europe",100,0.15,TRUE,TRUE,150,"BES",-134.031862638676,45.7803379667909,-84.2452987492319,NA,43.3333333333333,104.173484942083,5.00032727721998,71.516,0,0.140723318542738,14.0723318542739,1.472501178,89.2450883351634,NA,122.709451726702,3926.72150636938,0,147.863242123301
"India",100,0.15,TRUE,TRUE,150,"BES",-24.8440274177911,7.55099849820891,-10.8688159215935,NA,43.3333333333333,104.173484942083,5.00032727721998,44.5,0,0.846547494614625,84.6547494614896,1.472501178,56.5772930847722,NA,104.362437541835,181.530053773518,0,147.863242123301
"US",150,0.15,TRUE,TRUE,150,"BES",-127.710929068201,23.0896449426931,-63.4825033028272,NA,43.3333333333333,104.173484942083,5.00032727721998,106.56,0,0.497210954924258,74.5816432386304,1.472501178,77.9900842776848,NA,146.508414011811,508.649920916681,0,147.863242123301
"China",150,0.15,TRUE,TRUE,150,"BES",-41.5615114759937,-6.22148320399367,-27.1602929472409,NA,43.3333333333333,104.173484942083,5.00032727721998,46.5,0,0.564415181222605,84.6622771834397,1.472501178,47.3548831616118,NA,105.720670750664,275.814360418317,0,147.863242123301
"Europe",150,0.15,TRUE,TRUE,150,"BES",-132.790405518362,111.895375363838,-77.2091328221575,NA,43.3333333333333,104.173484942083,5.00032727721998,71.516,0,0.140723318542738,21.1084977814043,1.472501178,89.2450883351634,NA,122.709451726702,3926.72150636938,0,147.863242123301
"India",150,0.15,TRUE,TRUE,150,"BES",17.4833473129648,49.8783732289648,31.4585588091625,NA,43.3333333333333,104.173484942083,5.00032727721998,44.5,0,0.846547494614625,126.982124192208,1.472501178,56.5772930847722,NA,104.362437541835,181.530053773518,0,147.863242123301
"US",200,0.15,TRUE,TRUE,150,"BES",-118.454884684916,77.1937447920562,-38.7191771223979,NA,43.3333333333333,104.173484942083,5.00032727721998,106.56,0,0.497210954924258,99.4421909848418,1.472501178,77.9900842776848,NA,146.508414011811,508.649920916681,0,147.863242123301
"China",200,0.15,TRUE,TRUE,150,"BES",-13.3407524148906,21.9992758571094,1.06046611385079,NA,43.3333333333333,104.173484942083,5.00032727721998,46.5,0,0.564415181222605,112.883036244527,1.472501178,47.3548831616118,NA,105.720670750664,275.814360418317,0,147.863242123301
"Europe",200,0.15,TRUE,TRUE,150,"BES",-131.548948398048,178.010412760885,-70.172966894979,NA,43.3333333333333,104.173484942083,5.00032727721998,71.516,0,0.140723318542738,28.1446637085477,1.472501178,89.2450883351634,NA,122.709451726702,3926.72150636938,0,147.863242123301
"India",200,0.15,TRUE,TRUE,150,"BES",59.8107220437207,92.2057479597207,73.7859335399251,NA,43.3333333333333,104.173484942083,5.00032727721998,44.5,0,0.846547494614625,169.309498922979,1.472501178,56.5772930847722,NA,104.362437541835,181.530053773518,0,147.863242123301
"US",0,0.02,FALSE,TRUE,150,"BES",-89.0904994119968,23.4085905872032,-60.6052086176185,NA,43.3333333333333,30.5405906419817,1.46594835081512,106.56,0,0.497210954924258,0,1.472501178,77.9900842776848,NA,94.1028374462848,326.707521529948,0,147.863242123301
"China",0,0.02,FALSE,TRUE,150,"BES",-49.0565154327968,-13.7164871607968,-34.6552969040513,NA,43.3333333333333,30.5405906419817,1.46594835081512,46.5,0,0.564415181222605,0,1.472501178,47.3548831616118,NA,53.3150941851381,139.093599188613,0,147.863242123301
"Europe",0,0.02,FALSE,TRUE,150,"BES",-59.3475036527968,37.8375740952032,-21.1503573770125,NA,43.3333333333333,30.5405906419817,1.46594835081512,71.516,0,0.140723318542738,0,1.472501178,89.2450883351634,NA,70.3038751611762,2249.73492010527,0,147.863242123301
"India",0,0.02,FALSE,TRUE,150,"BES",-32.3315036527968,0.0635222632031684,-18.356292156597,NA,43.3333333333333,30.5405906419817,1.46594835081512,44.5,0,0.846547494614625,0,1.472501178,56.5772930847722,NA,51.9568609763087,90.3747745749198,0,147.863242123301
"US",50,0.02,FALSE,TRUE,150,"BES",-71.3350994113601,38.155719456362,-35.8418824371803,NA,43.3333333333333,30.5405906419817,1.46594835081512,106.56,0,0.497210954924258,24.8605477462104,1.472501178,77.9900842776848,NA,94.1028374462848,326.707521529948,0,147.863242123301
"China",50,0.02,FALSE,TRUE,150,"BES",-20.8357563716938,14.5042719003062,-6.43453784294927,NA,43.3333333333333,30.5405906419817,1.46594835081512,46.5,0,0.564415181222605,28.2207590611317,1.472501178,47.3548831616118,NA,53.3150941851381,139.093599188613,0,147.863242123301
"Europe",50,0.02,FALSE,TRUE,150,"BES",-58.1060465324832,56.83257379625,-14.1141914498799,NA,43.3333333333333,30.5405906419817,1.46594835081512,71.516,0,0.140723318542738,7.03616592713694,1.472501178,89.2450883351634,NA,70.3038751611762,2249.73492010527,0,147.863242123301
"India",50,0.02,FALSE,TRUE,150,"BES",9.99587107795907,42.3908969939591,23.9710825741534,NA,43.3333333333333,30.5405906419817,1.46594835081512,44.5,0,0.846547494614625,42.3273747307448,1.472501178,56.5772930847722,NA,51.9568609763087,90.3747745749198,0,147.863242123301
"US",100,0.02,FALSE,TRUE,150,"BES",-59.7997002249801,64.211655575074,-11.0785562567561,NA,43.3333333333333,30.5405906419817,1.46594835081512,106.56,0,0.497210954924258,49.7210954924209,1.472501178,77.9900842776848,NA,94.1028374462848,326.707521529948,0,147.863242123301
"China",100,0.02,FALSE,TRUE,150,"BES",7.3850026894093,42.7250309614093,21.7862212181664,NA,43.3333333333333,30.5405906419817,1.46594835081512,46.5,0,0.564415181222605,56.4415181222634,1.472501178,47.3548831616118,NA,53.3150941851381,139.093599188613,0,147.863242123301
"Europe",100,0.02,FALSE,TRUE,150,"BES",-56.8645894121696,122.947611193297,-7.07802552273858,NA,43.3333333333333,30.5405906419817,1.46594835081512,71.516,0,0.140723318542738,14.0723318542739,1.472501178,89.2450883351634,NA,70.3038751611762,2249.73492010527,0,147.863242123301
"India",100,0.02,FALSE,TRUE,150,"BES",52.3232458087149,84.718271724715,66.2984573049054,NA,43.3333333333333,30.5405906419817,1.46594835081512,44.5,0,0.846547494614625,84.6547494614896,1.472501178,56.5772930847722,NA,51.9568609763087,90.3747745749198,0,147.863242123301
"US",150,0.02,FALSE,TRUE,150,"BES",-50.5436558416952,100.256918169199,13.6847699236782,NA,43.3333333333333,30.5405906419817,1.46594835081512,106.56,0,0.497210954924258,74.5816432386304,1.472501178,77.9900842776848,NA,94.1028374462848,326.707521529948,0,147.863242123301
"China",150,0.02,FALSE,TRUE,150,"BES",35.6057617505124,70.9457900225124,50.0069802792693,NA,43.3333333333333,30.5405906419817,1.46594835081512,46.5,0,0.564415181222605,84.6622771834397,1.472501178,47.3548831616118,NA,53.3150941851381,139.093599188613,0,147.863242123301
"Europe",150,0.02,FALSE,TRUE,150,"BES",-55.623132291856,189.062648590344,-0.0418595956005288,NA,43.3333333333333,30.5405906419817,1.46594835081512,71.516,0,0.140723318542738,21.1084977814043,1.472501178,89.2450883351634,NA,70.3038751611762,2249.73492010527,0,147.863242123301
"India",150,0.02,FALSE,TRUE,150,"BES",94.6506205394709,127.045646455471,108.625832035695,NA,43.3333333333333,30.5405906419817,1.46594835081512,44.5,0,0.846547494614625,126.982124192208,1.472501178,56.5772930847722,NA,51.9568609763087,90.3747745749198,0,147.863242123301
"US",200,0.02,FALSE,TRUE,150,"BES",-41.2876114584103,154.361018018562,38.4480961041107,NA,43.3333333333333,30.5405906419817,1.46594835081512,106.56,0,0.497210954924258,99.4421909848418,1.472501178,77.9900842776848,NA,94.1028374462848,326.707521529948,0,147.863242123301
"China",200,0.02,FALSE,TRUE,150,"BES",63.8265208116154,99.1665490836155,78.2277393404407,NA,43.3333333333333,30.5405906419817,1.46594835081512,46.5,0,0.564415181222605,112.883036244527,1.472501178,47.3548831616118,NA,53.3150941851381,139.093599188613,0,147.863242123301
"Europe",200,0.02,FALSE,TRUE,150,"BES",-54.3816751715424,255.177685987391,6.99430633152664,NA,43.3333333333333,30.5405906419817,1.46594835081512,71.516,0,0.140723318542738,28.1446637085477,1.472501178,89.2450883351634,NA,70.3038751611762,2249.73492010527,0,147.863242123301
"India",200,0.02,FALSE,TRUE,150,"BES",136.977995270227,169.373021186227,150.953206766448,NA,43.3333333333333,30.5405906419817,1.46594835081512,44.5,0,0.846547494614625,169.309498922979,1.472501178,56.5772930847722,NA,51.9568609763087,90.3747745749198,0,147.863242123301
"US",0,0.08,FALSE,TRUE,150,"BES",-120.758398454221,-8.25930845502111,-92.2731076598449,NA,43.3333333333333,60.7580515601347,2.91638647488646,106.56,0,0.497210954924258,0,1.472501178,77.9900842776848,NA,115.609033512788,401.373027959909,0,147.863242123301
"China",0,0.08,FALSE,TRUE,150,"BES",-80.7244144750211,-45.3843862030211,-66.3231959462849,NA,43.3333333333333,60.7580515601347,2.91638647488646,46.5,0,0.564415181222605,0,1.472501178,47.3548831616118,NA,74.8212902516409,195.201053587111,0,147.863242123301
"Europe",0,0.08,FALSE,TRUE,150,"BES",-91.0154026950212,6.16967505297887,-52.8182564192861,NA,43.3333333333333,60.7580515601347,2.91638647488646,71.516,0,0.140723318542738,0,1.472501178,89.2450883351634,NA,91.8100712276789,2937.93653315016,0,147.863242123301
"India",0,0.08,FALSE,TRUE,150,"BES",-63.9994026950211,-31.6043767790211,-50.0241911988167,NA,43.3333333333333,60.7580515601347,2.91638647488646,44.5,0,0.846547494614625,0,1.472501178,56.5772930847722,NA,73.4630570428115,127.78307032166,0,147.863242123301
"US",50,0.08,FALSE,TRUE,150,"BES",-103.002998453584,6.4878204141377,-67.5097814794221,NA,43.3333333333333,60.7580515601347,2.91638647488646,106.56,0,0.497210954924258,24.8605477462104,1.472501178,77.9900842776848,NA,115.609033512788,401.373027959909,0,147.863242123301
"China",50,0.08,FALSE,TRUE,150,"BES",-52.5036554139181,-17.1636271419181,-38.1024368851996,NA,43.3333333333333,60.7580515601347,2.91638647488646,46.5,0,0.564415181222605,28.2207590611317,1.472501178,47.3548831616118,NA,74.8212902516409,195.201053587111,0,147.863242123301
"Europe",50,0.08,FALSE,TRUE,150,"BES",-89.7739455747075,25.1646747540257,-45.7820904921223,NA,43.3333333333333,60.7580515601347,2.91638647488646,71.516,0,0.140723318542738,7.03616592713694,1.472501178,89.2450883351634,NA,91.8100712276789,2937.93653315016,0,147.863242123301
"India",50,0.08,FALSE,TRUE,150,"BES",-21.6720279642652,10.7229979517348,-7.69681646806872,NA,43.3333333333333,60.7580515601347,2.91638647488646,44.5,0,0.846547494614625,42.3273747307448,1.472501178,56.5772930847722,NA,73.4630570428115,127.78307032166,0,147.863242123301
"US",100,0.08,FALSE,TRUE,150,"BES",-91.4675992672044,32.5437565328497,-42.7464552989764,NA,43.3333333333333,60.7580515601347,2.91638647488646,106.56,0,0.497210954924258,49.7210954924209,1.472501178,77.9900842776848,NA,115.609033512788,401.373027959909,0,147.863242123301
"China",100,0.08,FALSE,TRUE,150,"BES",-24.282896352815,11.057131919185,-9.88167782407396,NA,43.3333333333333,60.7580515601347,2.91638647488646,46.5,0,0.564415181222605,56.4415181222634,1.472501178,47.3548831616118,NA,74.8212902516409,195.201053587111,0,147.863242123301
"Europe",100,0.08,FALSE,TRUE,150,"BES",-88.5324884543939,91.2797121510726,-38.7459245649434,NA,43.3333333333333,60.7580515601347,2.91638647488646,71.516,0,0.140723318542738,14.0723318542739,1.472501178,89.2450883351634,NA,91.8100712276789,2937.93653315016,0,147.863242123301
"India",100,0.08,FALSE,TRUE,150,"BES",20.6553467664907,53.0503726824907,34.6305582626932,NA,43.3333333333333,60.7580515601347,2.91638647488646,44.5,0,0.846547494614625,84.6547494614896,1.472501178,56.5772930847722,NA,73.4630570428115,127.78307032166,0,147.863242123301
"US",150,0.08,FALSE,TRUE,150,"BES",-82.2115548839195,68.5890191269748,-17.9831291185489,NA,43.3333333333333,60.7580515601347,2.91638647488646,106.56,0,0.497210954924258,74.5816432386304,1.472501178,77.9900842776848,NA,115.609033512788,401.373027959909,0,147.863242123301
"China",150,0.08,FALSE,TRUE,150,"BES",3.93786270828808,39.2778909802881,18.3390812370429,NA,43.3333333333333,60.7580515601347,2.91638647488646,46.5,0,0.564415181222605,84.6622771834397,1.472501178,47.3548831616118,NA,74.8212902516409,195.201053587111,0,147.863242123301
"Europe",150,0.08,FALSE,TRUE,150,"BES",-87.2910313340803,157.39474954812,-31.7097586378183,NA,43.3333333333333,60.7580515601347,2.91638647488646,71.516,0,0.140723318542738,21.1084977814043,1.472501178,89.2450883351634,NA,91.8100712276789,2937.93653315016,0,147.863242123301
"India",150,0.08,FALSE,TRUE,150,"BES",62.9827214972466,95.3777474132465,76.9579329934337,NA,43.3333333333333,60.7580515601347,2.91638647488646,44.5,0,0.846547494614625,126.982124192208,1.472501178,56.5772930847722,NA,73.4630570428115,127.78307032166,0,147.863242123301
"US",200,0.08,FALSE,TRUE,150,"BES",-72.9555105006345,122.693118976338,6.78019706188447,NA,43.3333333333333,60.7580515601347,2.91638647488646,106.56,0,0.497210954924258,99.4421909848418,1.472501178,77.9900842776848,NA,115.609033512788,401.373027959909,0,147.863242123301
"China",200,0.08,FALSE,TRUE,150,"BES",32.1586217693911,67.4986500413912,46.5598402981482,NA,43.3333333333333,60.7580515601347,2.91638647488646,46.5,0,0.564415181222605,112.883036244527,1.472501178,47.3548831616118,NA,74.8212902516409,195.201053587111,0,147.863242123301
"Europe",200,0.08,FALSE,TRUE,150,"BES",-86.0495742137667,223.509786945166,-24.6735927107139,NA,43.3333333333333,60.7580515601347,2.91638647488646,71.516,0,0.140723318542738,28.1446637085477,1.472501178,89.2450883351634,NA,91.8100712276789,2937.93653315016,0,147.863242123301
"India",200,0.08,FALSE,TRUE,150,"BES",105.310096228002,137.705122144002,119.285307724204,NA,43.3333333333333,60.7580515601347,2.91638647488646,44.5,0,0.846547494614625,169.309498922979,1.472501178,56.5772930847722,NA,73.4630570428115,127.78307032166,0,147.863242123301
"US",0,0.15,FALSE,TRUE,150,"BES",-166.257772638503,-53.7586826393029,-137.772481844119,NA,43.3333333333333,104.173484942083,5.00032727721998,106.56,0,0.497210954924258,0,1.472501178,77.9900842776848,NA,146.508414011811,508.649920916681,0,147.863242123301
"China",0,0.15,FALSE,TRUE,150,"BES",-126.223788659303,-90.8837603873029,-111.822570130569,NA,43.3333333333333,104.173484942083,5.00032727721998,46.5,0,0.564415181222605,0,1.472501178,47.3548831616118,NA,105.720670750664,275.814360418317,0,147.863242123301
"Europe",0,0.15,FALSE,TRUE,150,"BES",-136.514776879303,-39.3296991313028,-98.3176306034779,NA,43.3333333333333,104.173484942083,5.00032727721998,71.516,0,0.140723318542738,0,1.472501178,89.2450883351634,NA,122.709451726702,3926.72150636938,0,147.863242123301
"India",0,0.15,FALSE,TRUE,150,"BES",-109.498776879303,-77.1037509633029,-95.5235653830974,NA,43.3333333333333,104.173484942083,5.00032727721998,44.5,0,0.846547494614625,0,1.472501178,56.5772930847722,NA,104.362437541835,181.530053773518,0,147.863242123301
"US",50,0.15,FALSE,TRUE,150,"BES",-148.502372637866,-39.011553770144,-113.009155663701,NA,43.3333333333333,104.173484942083,5.00032727721998,106.56,0,0.497210954924258,24.8605477462104,1.472501178,77.9900842776848,NA,146.508414011811,508.649920916681,0,147.863242123301
"China",50,0.15,FALSE,TRUE,150,"BES",-98.0030295981998,-62.6630013261998,-83.60181106944,NA,43.3333333333333,104.173484942083,5.00032727721998,46.5,0,0.564415181222605,28.2207590611317,1.472501178,47.3548831616118,NA,105.720670750664,275.814360418317,0,147.863242123301
"Europe",50,0.15,FALSE,TRUE,150,"BES",-135.273319758989,-20.334699430256,-91.2814646763876,NA,43.3333333333333,104.173484942083,5.00032727721998,71.516,0,0.140723318542738,7.03616592713694,1.472501178,89.2450883351634,NA,122.709451726702,3926.72150636938,0,147.863242123301
"India",50,0.15,FALSE,TRUE,150,"BES",-67.171402148547,-34.776376232547,-53.196190652344,NA,43.3333333333333,104.173484942083,5.00032727721998,44.5,0,0.846547494614625,42.3273747307448,1.472501178,56.5772930847722,NA,104.362437541835,181.530053773518,0,147.863242123301
"US",100,0.15,FALSE,TRUE,150,"BES",-136.966973451486,-12.955617651432,-88.2458294832452,NA,43.3333333333333,104.173484942083,5.00032727721998,106.56,0,0.497210954924258,49.7210954924209,1.472501178,77.9900842776848,NA,146.508414011811,508.649920916681,0,147.863242123301
"China",100,0.15,FALSE,TRUE,150,"BES",-69.7822705370967,-34.4422422650967,-55.3810520083477,NA,43.3333333333333,104.173484942083,5.00032727721998,46.5,0,0.564415181222605,56.4415181222634,1.472501178,47.3548831616118,NA,105.720670750664,275.814360418317,0,147.863242123301
"Europe",100,0.15,FALSE,TRUE,150,"BES",-134.031862638676,45.7803379667909,-84.2452987492319,NA,43.3333333333333,104.173484942083,5.00032727721998,71.516,0,0.140723318542738,14.0723318542739,1.472501178,89.2450883351634,NA,122.709451726702,3926.72150636938,0,147.863242123301
"India",100,0.15,FALSE,TRUE,150,"BES",-24.8440274177911,7.55099849820891,-10.8688159215935,NA,43.3333333333333,104.173484942083,5.00032727721998,44.5,0,0.846547494614625,84.6547494614896,1.472501178,56.5772930847722,NA,104.362437541835,181.530053773518,0,147.863242123301
"US",150,0.15,FALSE,TRUE,150,"BES",-127.710929068201,23.0896449426931,-63.4825033028272,NA,43.3333333333333,104.173484942083,5.00032727721998,106.56,0,0.497210954924258,74.5816432386304,1.472501178,77.9900842776848,NA,146.508414011811,508.649920916681,0,147.863242123301
"China",150,0.15,FALSE,TRUE,150,"BES",-41.5615114759937,-6.22148320399367,-27.1602929472409,NA,43.3333333333333,104.173484942083,5.00032727721998,46.5,0,0.564415181222605,84.6622771834397,1.472501178,47.3548831616118,NA,105.720670750664,275.814360418317,0,147.863242123301
"Europe",150,0.15,FALSE,TRUE,150,"BES",-132.790405518362,111.895375363838,-77.2091328221575,NA,43.3333333333333,104.173484942083,5.00032727721998,71.516,0,0.140723318542738,21.1084977814043,1.472501178,89.2450883351634,NA,122.709451726702,3926.72150636938,0,147.863242123301
"India",150,0.15,FALSE,TRUE,150,"BES",17.4833473129648,49.8783732289648,31.4585588091625,NA,43.3333333333333,104.173484942083,5.00032727721998,44.5,0,0.846547494614625,126.982124192208,1.472501178,56.5772930847722,NA,104.362437541835,181.530053773518,0,147.863242123301
"US",200,0.15,FALSE,TRUE,150,"BES",-118.454884684916,77.1937447920562,-38.7191771223979,NA,43.3333333333333,104.173484942083,5.00032727721998,106.56,0,0.497210954924258,99.4421909848418,1.472501178,77.9900842776848,NA,146.508414011811,508.649920916681,0,147.863242123301
"China",200,0.15,FALSE,TRUE,150,"BES",-13.3407524148906,21.9992758571094,1.06046611385079,NA,43.3333333333333,104.173484942083,5.00032727721998,46.5,0,0.564415181222605,112.883036244527,1.472501178,47.3548831616118,NA,105.720670750664,275.814360418317,0,147.863242123301
"Europe",200,0.15,FALSE,TRUE,150,"BES",-131.548948398048,178.010412760885,-70.172966894979,NA,43.3333333333333,104.173484942083,5.00032727721998,71.516,0,0.140723318542738,28.1446637085477,1.472501178,89.2450883351634,NA,122.709451726702,3926.72150636938,0,147.863242123301
"India",200,0.15,FALSE,TRUE,150,"BES",59.8107220437207,92.2057479597207,73.7859335399251,NA,43.3333333333333,104.173484942083,5.00032727721998,44.5,0,0.846547494614625,169.309498922979,1.472501178,56.5772930847722,NA,104.362437541835,181.530053773518,0,147.863242123301
"US",0,0.02,TRUE,FALSE,150,"BES",-89.0904994119968,23.4085905872032,-60.6052086176185,NA,43.3333333333333,30.5405906419817,1.46594835081512,106.56,0,0.497210954924258,0,1.472501178,77.9900842776848,NA,94.1028374462848,326.707521529948,0,147.863242123301
"China",0,0.02,TRUE,FALSE,150,"BES",-49.0565154327968,-13.7164871607968,-34.6552969040513,NA,43.3333333333333,30.5405906419817,1.46594835081512,46.5,0,0.564415181222605,0,1.472501178,47.3548831616118,NA,53.3150941851381,139.093599188613,0,147.863242123301
"Europe",0,0.02,TRUE,FALSE,150,"BES",-59.3475036527968,37.8375740952032,-21.1503573770125,NA,43.3333333333333,30.5405906419817,1.46594835081512,71.516,0,0.140723318542738,0,1.472501178,89.2450883351634,NA,70.3038751611762,2249.73492010527,0,147.863242123301
"India",0,0.02,TRUE,FALSE,150,"BES",-32.3315036527968,0.0635222632031684,-18.356292156597,NA,43.3333333333333,30.5405906419817,1.46594835081512,44.5,0,0.846547494614625,0,1.472501178,56.5772930847722,NA,51.9568609763087,90.3747745749198,0,147.863242123301
"US",50,0.02,TRUE,FALSE,150,"BES",-71.3350994113601,38.155719456362,-35.8418824371803,NA,43.3333333333333,30.5405906419817,1.46594835081512,106.56,0,0.497210954924258,24.8605477462104,1.472501178,77.9900842776848,NA,94.1028374462848,326.707521529948,0,147.863242123301
"China",50,0.02,TRUE,FALSE,150,"BES",-20.8357563716938,14.5042719003062,-6.43453784294927,NA,43.3333333333333,30.5405906419817,1.46594835081512,46.5,0,0.564415181222605,28.2207590611317,1.472501178,47.3548831616118,NA,53.3150941851381,139.093599188613,0,147.863242123301
"Europe",50,0.02,TRUE,FALSE,150,"BES",-58.1060465324832,56.83257379625,-14.1141914498799,NA,43.3333333333333,30.5405906419817,1.46594835081512,71.516,0,0.140723318542738,7.03616592713694,1.472501178,89.2450883351634,NA,70.3038751611762,2249.73492010527,0,147.863242123301
"India",50,0.02,TRUE,FALSE,150,"BES",9.99587107795907,42.3908969939591,23.9710825741534,NA,43.3333333333333,30.5405906419817,1.46594835081512,44.5,0,0.846547494614625,42.3273747307448,1.472501178,56.5772930847722,NA,51.9568609763087,90.3747745749198,0,147.863242123301
"US",100,0.02,TRUE,FALSE,150,"BES",-59.7997002249801,64.211655575074,-11.0785562567561,NA,43.3333333333333,30.5405906419817,1.46594835081512,106.56,0,0.497210954924258,49.7210954924209,1.472501178,77.9900842776848,NA,94.1028374462848,326.707521529948,0,147.863242123301
"China",100,0.02,TRUE,FALSE,150,"BES",7.3850026894093,42.7250309614093,21.7862212181664,NA,43.3333333333333,30.5405906419817,1.46594835081512,46.5,0,0.564415181222605,56.4415181222634,1.472501178,47.3548831616118,NA,53.3150941851381,139.093599188613,0,147.863242123301
"Europe",100,0.02,TRUE,FALSE,150,"BES",-56.8645894121696,122.947611193297,-7.07802552273858,NA,43.3333333333333,30.5405906419817,1.46594835081512,71.516,0,0.140723318542738,14.0723318542739,1.472501178,89.2450883351634,NA,70.3038751611762,2249.73492010527,0,147.863242123301
"India",100,0.02,TRUE,FALSE,150,"BES",52.3232458087149,84.718271724715,66.2984573049054,NA,43.3333333333333,30.5405906419817,1.46594835081512,44.5,0,0.846547494614625,84.6547494614896,1.472501178,56.5772930847722,NA,51.9568609763087,90.3747745749198,0,147.863242123301
"US",150,0.02,TRUE,FALSE,150,"BES",-50.5436558416952,100.256918169199,13.6847699236782,NA,43.3333333333333,30.5405906419817,1.46594835081512,106.56,0,0.497210954924258,74.5816432386304,1.472501178,77.9900842776848,NA,94.1028374462848,326.707521529948,0,147.863242123301
"China",150,0.02,TRUE,FALSE,150,"BES",35.6057617505124,70.9457900225124,50.0069802792693,NA,43.3333333333333,30.5405906419817,1.46594835081512,46.5,0,0.564415181222605,84.6622771834397,1.472501178,47.3548831616118,NA,53.3150941851381,139.093599188613,0,147.863242123301
"Europe",150,0.02,TRUE,FALSE,150,"BES",-55.623132291856,189.062648590344,-0.0418595956005288,NA,43.3333333333333,30.5405906419817,1.46594835081512,71.516,0,0.140723318542738,21.1084977814043,1.472501178,89.2450883351634,NA,70.3038751611762,2249.73492010527,0,147.863242123301
"India",150,0.02,TRUE,FALSE,150,"BES",94.6506205394709,127.045646455471,108.625832035695,NA,43.3333333333333,30.5405906419817,1.46594835081512,44.5,0,0.846547494614625,126.982124192208,1.472501178,56.5772930847722,NA,51.9568609763087,90.3747745749198,0,147.863242123301
"US",200,0.02,TRUE,FALSE,150,"BES",-41.2876114584103,154.361018018562,38.4480961041107,NA,43.3333333333333,30.5405906419817,1.46594835081512,106.56,0,0.497210954924258,99.4421909848418,1.472501178,77.9900842776848,NA,94.1028374462848,326.707521529948,0,147.863242123301
"China",200,0.02,TRUE,FALSE,150,"BES",63.8265208116154,99.1665490836155,78.2277393404407,NA,43.3333333333333,30.5405906419817,1.46594835081512,46.5,0,0.564415181222605,112.883036244527,1.472501178,47.3548831616118,NA,53.3150941851381,139.093599188613,0,147.863242123301
"Europe",200,0.02,TRUE,FALSE,150,"BES",-54.3816751715424,255.177685987391,6.99430633152664,NA,43.3333333333333,30.5405906419817,1.46594835081512,71.516,0,0.140723318542738,28.1446637085477,1.472501178,89.2450883351634,NA,70.3038751611762,2249.73492010527,0,147.863242123301
"India",200,0.02,TRUE,FALSE,150,"BES",136.977995270227,169.373021186227,150.953206766448,NA,43.3333333333333,30.5405906419817,1.46594835081512,44.5,0,0.846547494614625,169.309498922979,1.472501178,56.5772930847722,NA,51.9568609763087,90.3747745749198,0,147.863242123301
"US",0,0.08,TRUE,FALSE,150,"BES",-120.758398454221,-8.25930845502111,-92.2731076598449,NA,43.3333333333333,60.7580515601347,2.91638647488646,106.56,0,0.497210954924258,0,1.472501178,77.9900842776848,NA,115.609033512788,401.373027959909,0,147.863242123301
"China",0,0.08,TRUE,FALSE,150,"BES",-80.7244144750211,-45.3843862030211,-66.3231959462849,NA,43.3333333333333,60.7580515601347,2.91638647488646,46.5,0,0.564415181222605,0,1.472501178,47.3548831616118,NA,74.8212902516409,195.201053587111,0,147.863242123301
"Europe",0,0.08,TRUE,FALSE,150,"BES",-91.0154026950212,6.16967505297887,-52.8182564192861,NA,43.3333333333333,60.7580515601347,2.91638647488646,71.516,0,0.140723318542738,0,1.472501178,89.2450883351634,NA,91.8100712276789,2937.93653315016,0,147.863242123301
"India",0,0.08,TRUE,FALSE,150,"BES",-63.9994026950211,-31.6043767790211,-50.0241911988167,NA,43.3333333333333,60.7580515601347,2.91638647488646,44.5,0,0.846547494614625,0,1.472501178,56.5772930847722,NA,73.4630570428115,127.78307032166,0,147.863242123301
"US",50,0.08,TRUE,FALSE,150,"BES",-103.002998453584,6.4878204141377,-67.5097814794221,NA,43.3333333333333,60.7580515601347,2.91638647488646,106.56,0,0.497210954924258,24.8605477462104,1.472501178,77.9900842776848,NA,115.609033512788,401.373027959909,0,147.863242123301
"China",50,0.08,TRUE,FALSE,150,"BES",-52.5036554139181,-17.1636271419181,-38.1024368851996,NA,43.3333333333333,60.7580515601347,2.91638647488646,46.5,0,0.564415181222605,28.2207590611317,1.472501178,47.3548831616118,NA,74.8212902516409,195.201053587111,0,147.863242123301
"Europe",50,0.08,TRUE,FALSE,150,"BES",-89.7739455747075,25.1646747540257,-45.7820904921223,NA,43.3333333333333,60.7580515601347,2.91638647488646,71.516,0,0.140723318542738,7.03616592713694,1.472501178,89.2450883351634,NA,91.8100712276789,2937.93653315016,0,147.863242123301
"India",50,0.08,TRUE,FALSE,150,"BES",-21.6720279642652,10.7229979517348,-7.69681646806872,NA,43.3333333333333,60.7580515601347,2.91638647488646,44.5,0,0.846547494614625,42.3273747307448,1.472501178,56.5772930847722,NA,73.4630570428115,127.78307032166,0,147.863242123301
"US",100,0.08,TRUE,FALSE,150,"BES",-91.4675992672044,32.5437565328497,-42.7464552989764,NA,43.3333333333333,60.7580515601347,2.91638647488646,106.56,0,0.497210954924258,49.7210954924209,1.472501178,77.9900842776848,NA,115.609033512788,401.373027959909,0,147.863242123301
"China",100,0.08,TRUE,FALSE,150,"BES",-24.282896352815,11.057131919185,-9.88167782407396,NA,43.3333333333333,60.7580515601347,2.91638647488646,46.5,0,0.564415181222605,56.4415181222634,1.472501178,47.3548831616118,NA,74.8212902516409,195.201053587111,0,147.863242123301
"Europe",100,0.08,TRUE,FALSE,150,"BES",-88.5324884543939,91.2797121510726,-38.7459245649434,NA,43.3333333333333,60.7580515601347,2.91638647488646,71.516,0,0.140723318542738,14.0723318542739,1.472501178,89.2450883351634,NA,91.8100712276789,2937.93653315016,0,147.863242123301
"India",100,0.08,TRUE,FALSE,150,"BES",20.6553467664907,53.0503726824907,34.6305582626932,NA,43.3333333333333,60.7580515601347,2.91638647488646,44.5,0,0.846547494614625,84.6547494614896,1.472501178,56.5772930847722,NA,73.4630570428115,127.78307032166,0,147.863242123301
"US",150,0.08,TRUE,FALSE,150,"BES",-82.2115548839195,68.5890191269748,-17.9831291185489,NA,43.3333333333333,60.7580515601347,2.91638647488646,106.56,0,0.497210954924258,74.5816432386304,1.472501178,77.9900842776848,NA,115.609033512788,401.373027959909,0,147.863242123301
"China",150,0.08,TRUE,FALSE,150,"BES",3.93786270828808,39.2778909802881,18.3390812370429,NA,43.3333333333333,60.7580515601347,2.91638647488646,46.5,0,0.564415181222605,84.6622771834397,1.472501178,47.3548831616118,NA,74.8212902516409,195.201053587111,0,147.863242123301
"Europe",150,0.08,TRUE,FALSE,150,"BES",-87.2910313340803,157.39474954812,-31.7097586378183,NA,43.3333333333333,60.7580515601347,2.91638647488646,71.516,0,0.140723318542738,21.1084977814043,1.472501178,89.2450883351634,NA,91.8100712276789,2937.93653315016,0,147.863242123301
"India",150,0.08,TRUE,FALSE,150,"BES",62.9827214972466,95.3777474132465,76.9579329934337,NA,43.3333333333333,60.7580515601347,2.91638647488646,44.5,0,0.846547494614625,126.982124192208,1.472501178,56.5772930847722,NA,73.4630570428115,127.78307032166,0,147.863242123301
"US",200,0.08,TRUE,FALSE,150,"BES",-72.9555105006345,122.693118976338,6.78019706188447,NA,43.3333333333333,60.7580515601347,2.91638647488646,106.56,0,0.497210954924258,99.4421909848418,1.472501178,77.9900842776848,NA,115.609033512788,401.373027959909,0,147.863242123301
"China",200,0.08,TRUE,FALSE,150,"BES",32.1586217693911,67.4986500413912,46.5598402981482,NA,43.3333333333333,60.7580515601347,2.91638647488646,46.5,0,0.564415181222605,112.883036244527,1.472501178,47.3548831616118,NA,74.8212902516409,195.201053587111,0,147.863242123301
"Europe",200,0.08,TRUE,FALSE,150,"BES",-86.0495742137667,223.509786945166,-24.6735927107139,NA,43.3333333333333,60.7580515601347,2.91638647488646,71.516,0,0.140723318542738,28.1446637085477,1.472501178,89.2450883351634,NA,91.8100712276789,2937.93653315016,0,147.863242123301
"India",200,0.08,TRUE,FALSE,150,"BES",105.310096228002,137.705122144002,119.285307724204,NA,43.3333333333333,60.7580515601347,2.91638647488646,44.5,0,0.846547494614625,169.309498922979,1.472501178,56.5772930847722,NA,73.4630570428115,127.78307032166,0,147.863242123301
"US",0,0.15,TRUE,FALSE,150,"BES",-166.257772638503,-53.7586826393029,-137.772481844119,NA,43.3333333333333,104.173484942083,5.00032727721998,106.56,0,0.497210954924258,0,1.472501178,77.9900842776848,NA,146.508414011811,508.649920916681,0,147.863242123301
"China",0,0.15,TRUE,FALSE,150,"BES",-126.223788659303,-90.8837603873029,-111.822570130569,NA,43.3333333333333,104.173484942083,5.00032727721998,46.5,0,0.564415181222605,0,1.472501178,47.3548831616118,NA,105.720670750664,275.814360418317,0,147.863242123301
"Europe",0,0.15,TRUE,FALSE,150,"BES",-136.514776879303,-39.3296991313028,-98.3176306034779,NA,43.3333333333333,104.173484942083,5.00032727721998,71.516,0,0.140723318542738,0,1.472501178,89.2450883351634,NA,122.709451726702,3926.72150636938,0,147.863242123301
"India",0,0.15,TRUE,FALSE,150,"BES",-109.498776879303,-77.1037509633029,-95.5235653830974,NA,43.3333333333333,104.173484942083,5.00032727721998,44.5,0,0.846547494614625,0,1.472501178,56.5772930847722,NA,104.362437541835,181.530053773518,0,147.863242123301
"US",50,0.15,TRUE,FALSE,150,"BES",-148.502372637866,-39.011553770144,-113.009155663701,NA,43.3333333333333,104.173484942083,5.00032727721998,106.56,0,0.497210954924258,24.8605477462104,1.472501178,77.9900842776848,NA,146.508414011811,508.649920916681,0,147.863242123301
"China",50,0.15,TRUE,FALSE,150,"BES",-98.0030295981998,-62.6630013261998,-83.60181106944,NA,43.3333333333333,104.173484942083,5.00032727721998,46.5,0,0.564415181222605,28.2207590611317,1.472501178,47.3548831616118,NA,105.720670750664,275.814360418317,0,147.863242123301
"Europe",50,0.15,TRUE,FALSE,150,"BES",-135.273319758989,-20.334699430256,-91.2814646763876,NA,43.3333333333333,104.173484942083,5.00032727721998,71.516,0,0.140723318542738,7.03616592713694,1.472501178,89.2450883351634,NA,122.709451726702,3926.72150636938,0,147.863242123301
"India",50,0.15,TRUE,FALSE,150,"BES",-67.171402148547,-34.776376232547,-53.196190652344,NA,43.3333333333333,104.173484942083,5.00032727721998,44.5,0,0.846547494614625,42.3273747307448,1.472501178,56.5772930847722,NA,104.362437541835,181.530053773518,0,147.863242123301
"US",100,0.15,TRUE,FALSE,150,"BES",-136.966973451486,-12.955617651432,-88.2458294832452,NA,43.3333333333333,104.173484942083,5.00032727721998,106.56,0,0.497210954924258,49.7210954924209,1.472501178,77.9900842776848,NA,146.508414011811,508.649920916681,0,147.863242123301
"China",100,0.15,TRUE,FALSE,150,"BES",-69.7822705370967,-34.4422422650967,-55.3810520083477,NA,43.3333333333333,104.173484942083,5.00032727721998,46.5,0,0.564415181222605,56.4415181222634,1.472501178,47.3548831616118,NA,105.720670750664,275.814360418317,0,147.863242123301
"Europe",100,0.15,TRUE,FALSE,150,"BES",-134.031862638676,45.7803379667909,-84.2452987492319,NA,43.3333333333333,104.173484942083,5.00032727721998,71.516,0,0.140723318542738,14.0723318542739,1.472501178,89.2450883351634,NA,122.709451726702,3926.72150636938,0,147.863242123301
"India",100,0.15,TRUE,FALSE,150,"BES",-24.8440274177911,7.55099849820891,-10.8688159215935,NA,43.3333333333333,104.173484942083,5.00032727721998,44.5,0,0.846547494614625,84.6547494614896,1.472501178,56.5772930847722,NA,104.362437541835,181.530053773518,0,147.863242123301
"US",150,0.15,TRUE,FALSE,150,"BES",-127.710929068201,23.0896449426931,-63.4825033028272,NA,43.3333333333333,104.173484942083,5.00032727721998,106.56,0,0.497210954924258,74.5816432386304,1.472501178,77.9900842776848,NA,146.508414011811,508.649920916681,0,147.863242123301
"China",150,0.15,TRUE,FALSE,150,"BES",-41.5615114759937,-6.22148320399367,-27.1602929472409,NA,43.3333333333333,104.173484942083,5.00032727721998,46.5,0,0.564415181222605,84.6622771834397,1.472501178,47.3548831616118,NA,105.720670750664,275.814360418317,0,147.863242123301
"Europe",150,0.15,TRUE,FALSE,150,"BES",-132.790405518362,111.895375363838,-77.2091328221575,NA,43.3333333333333,104.173484942083,5.00032727721998,71.516,0,0.140723318542738,21.1084977814043,1.472501178,89.2450883351634,NA,122.709451726702,3926.72150636938,0,147.863242123301
"India",150,0.15,TRUE,FALSE,150,"BES",17.4833473129648,49.8783732289648,31.4585588091625,NA,43.3333333333333,104.173484942083,5.00032727721998,44.5,0,0.846547494614625,126.982124192208,1.472501178,56.5772930847722,NA,104.362437541835,181.530053773518,0,147.863242123301
"US",200,0.15,TRUE,FALSE,150,"BES",-118.454884684916,77.1937447920562,-38.7191771223979,NA,43.3333333333333,104.173484942083,5.00032727721998,106.56,0,0.497210954924258,99.4421909848418,1.472501178,77.9900842776848,NA,146.508414011811,508.649920916681,0,147.863242123301
"China",200,0.15,TRUE,FALSE,150,"BES",-13.3407524148906,21.9992758571094,1.06046611385079,NA,43.3333333333333,104.173484942083,5.00032727721998,46.5,0,0.564415181222605,112.883036244527,1.472501178,47.3548831616118,NA,105.720670750664,275.814360418317,0,147.863242123301
"Europe",200,0.15,TRUE,FALSE,150,"BES",-131.548948398048,178.010412760885,-70.172966894979,NA,43.3333333333333,104.173484942083,5.00032727721998,71.516,0,0.140723318542738,28.1446637085477,1.472501178,89.2450883351634,NA,122.709451726702,3926.72150636938,0,147.863242123301
"India",200,0.15,TRUE,FALSE,150,"BES",59.8107220437207,92.2057479597207,73.7859335399251,NA,43.3333333333333,104.173484942083,5.00032727721998,44.5,0,0.846547494614625,169.309498922979,1.472501178,56.5772930847722,NA,104.362437541835,181.530053773518,0,147.863242123301
"US",0,0.02,FALSE,FALSE,150,"BES",-89.0904994119968,23.4085905872032,-60.6052086176185,NA,43.3333333333333,30.5405906419817,1.46594835081512,106.56,0,0.497210954924258,0,1.472501178,77.9900842776848,NA,94.1028374462848,326.707521529948,0,147.863242123301
"China",0,0.02,FALSE,FALSE,150,"BES",-49.0565154327968,-13.7164871607968,-34.6552969040513,NA,43.3333333333333,30.5405906419817,1.46594835081512,46.5,0,0.564415181222605,0,1.472501178,47.3548831616118,NA,53.3150941851381,139.093599188613,0,147.863242123301
"Europe",0,0.02,FALSE,FALSE,150,"BES",-59.3475036527968,37.8375740952032,-21.1503573770125,NA,43.3333333333333,30.5405906419817,1.46594835081512,71.516,0,0.140723318542738,0,1.472501178,89.2450883351634,NA,70.3038751611762,2249.73492010527,0,147.863242123301
"India",0,0.02,FALSE,FALSE,150,"BES",-32.3315036527968,0.0635222632031684,-18.356292156597,NA,43.3333333333333,30.5405906419817,1.46594835081512,44.5,0,0.846547494614625,0,1.472501178,56.5772930847722,NA,51.9568609763087,90.3747745749198,0,147.863242123301
"US",50,0.02,FALSE,FALSE,150,"BES",-71.3350994113601,38.155719456362,-35.8418824371803,NA,43.3333333333333,30.5405906419817,1.46594835081512,106.56,0,0.497210954924258,24.8605477462104,1.472501178,77.9900842776848,NA,94.1028374462848,326.707521529948,0,147.863242123301
"China",50,0.02,FALSE,FALSE,150,"BES",-20.8357563716938,14.5042719003062,-6.43453784294927,NA,43.3333333333333,30.5405906419817,1.46594835081512,46.5,0,0.564415181222605,28.2207590611317,1.472501178,47.3548831616118,NA,53.3150941851381,139.093599188613,0,147.863242123301
"Europe",50,0.02,FALSE,FALSE,150,"BES",-58.1060465324832,56.83257379625,-14.1141914498799,NA,43.3333333333333,30.5405906419817,1.46594835081512,71.516,0,0.140723318542738,7.03616592713694,1.472501178,89.2450883351634,NA,70.3038751611762,2249.73492010527,0,147.863242123301
"India",50,0.02,FALSE,FALSE,150,"BES",9.99587107795907,42.3908969939591,23.9710825741534,NA,43.3333333333333,30.5405906419817,1.46594835081512,44.5,0,0.846547494614625,42.3273747307448,1.472501178,56.5772930847722,NA,51.9568609763087,90.3747745749198,0,147.863242123301
"US",100,0.02,FALSE,FALSE,150,"BES",-59.7997002249801,64.211655575074,-11.0785562567561,NA,43.3333333333333,30.5405906419817,1.46594835081512,106.56,0,0.497210954924258,49.7210954924209,1.472501178,77.9900842776848,NA,94.1028374462848,326.707521529948,0,147.863242123301
"China",100,0.02,FALSE,FALSE,150,"BES",7.3850026894093,42.7250309614093,21.7862212181664,NA,43.3333333333333,30.5405906419817,1.46594835081512,46.5,0,0.564415181222605,56.4415181222634,1.472501178,47.3548831616118,NA,53.3150941851381,139.093599188613,0,147.863242123301
"Europe",100,0.02,FALSE,FALSE,150,"BES",-56.8645894121696,122.947611193297,-7.07802552273858,NA,43.3333333333333,30.5405906419817,1.46594835081512,71.516,0,0.140723318542738,14.0723318542739,1.472501178,89.2450883351634,NA,70.3038751611762,2249.73492010527,0,147.863242123301
"India",100,0.02,FALSE,FALSE,150,"BES",52.3232458087149,84.718271724715,66.2984573049054,NA,43.3333333333333,30.5405906419817,1.46594835081512,44.5,0,0.846547494614625,84.6547494614896,1.472501178,56.5772930847722,NA,51.9568609763087,90.3747745749198,0,147.863242123301
"US",150,0.02,FALSE,FALSE,150,"BES",-50.5436558416952,100.256918169199,13.6847699236782,NA,43.3333333333333,30.5405906419817,1.46594835081512,106.56,0,0.497210954924258,74.5816432386304,1.472501178,77.9900842776848,NA,94.1028374462848,326.707521529948,0,147.863242123301
"China",150,0.02,FALSE,FALSE,150,"BES",35.6057617505124,70.9457900225124,50.0069802792693,NA,43.3333333333333,30.5405906419817,1.46594835081512,46.5,0,0.564415181222605,84.6622771834397,1.472501178,47.3548831616118,NA,53.3150941851381,139.093599188613,0,147.863242123301
"Europe",150,0.02,FALSE,FALSE,150,"BES",-55.623132291856,189.062648590344,-0.0418595956005288,NA,43.3333333333333,30.5405906419817,1.46594835081512,71.516,0,0.140723318542738,21.1084977814043,1.472501178,89.2450883351634,NA,70.3038751611762,2249.73492010527,0,147.863242123301
"India",150,0.02,FALSE,FALSE,150,"BES",94.6506205394709,127.045646455471,108.625832035695,NA,43.3333333333333,30.5405906419817,1.46594835081512,44.5,0,0.846547494614625,126.982124192208,1.472501178,56.5772930847722,NA,51.9568609763087,90.3747745749198,0,147.863242123301
"US",200,0.02,FALSE,FALSE,150,"BES",-41.2876114584103,154.361018018562,38.4480961041107,NA,43.3333333333333,30.5405906419817,1.46594835081512,106.56,0,0.497210954924258,99.4421909848418,1.472501178,77.9900842776848,NA,94.1028374462848,326.707521529948,0,147.863242123301
"China",200,0.02,FALSE,FALSE,150,"BES",63.8265208116154,99.1665490836155,78.2277393404407,NA,43.3333333333333,30.5405906419817,1.46594835081512,46.5,0,0.564415181222605,112.883036244527,1.472501178,47.3548831616118,NA,53.3150941851381,139.093599188613,0,147.863242123301
"Europe",200,0.02,FALSE,FALSE,150,"BES",-54.3816751715424,255.177685987391,6.99430633152664,NA,43.3333333333333,30.5405906419817,1.46594835081512,71.516,0,0.140723318542738,28.1446637085477,1.472501178,89.2450883351634,NA,70.3038751611762,2249.73492010527,0,147.863242123301
"India",200,0.02,FALSE,FALSE,150,"BES",136.977995270227,169.373021186227,150.953206766448,NA,43.3333333333333,30.5405906419817,1.46594835081512,44.5,0,0.846547494614625,169.309498922979,1.472501178,56.5772930847722,NA,51.9568609763087,90.3747745749198,0,147.863242123301
"US",0,0.08,FALSE,FALSE,150,"BES",-120.758398454221,-8.25930845502111,-92.2731076598449,NA,43.3333333333333,60.7580515601347,2.91638647488646,106.56,0,0.497210954924258,0,1.472501178,77.9900842776848,NA,115.609033512788,401.373027959909,0,147.863242123301
"China",0,0.08,FALSE,FALSE,150,"BES",-80.7244144750211,-45.3843862030211,-66.3231959462849,NA,43.3333333333333,60.7580515601347,2.91638647488646,46.5,0,0.564415181222605,0,1.472501178,47.3548831616118,NA,74.8212902516409,195.201053587111,0,147.863242123301
"Europe",0,0.08,FALSE,FALSE,150,"BES",-91.0154026950212,6.16967505297887,-52.8182564192861,NA,43.3333333333333,60.7580515601347,2.91638647488646,71.516,0,0.140723318542738,0,1.472501178,89.2450883351634,NA,91.8100712276789,2937.93653315016,0,147.863242123301
"India",0,0.08,FALSE,FALSE,150,"BES",-63.9994026950211,-31.6043767790211,-50.0241911988167,NA,43.3333333333333,60.7580515601347,2.91638647488646,44.5,0,0.846547494614625,0,1.472501178,56.5772930847722,NA,73.4630570428115,127.78307032166,0,147.863242123301
"US",50,0.08,FALSE,FALSE,150,"BES",-103.002998453584,6.4878204141377,-67.5097814794221,NA,43.3333333333333,60.7580515601347,2.91638647488646,106.56,0,0.497210954924258,24.8605477462104,1.472501178,77.9900842776848,NA,115.609033512788,401.373027959909,0,147.863242123301
"China",50,0.08,FALSE,FALSE,150,"BES",-52.5036554139181,-17.1636271419181,-38.1024368851996,NA,43.3333333333333,60.7580515601347,2.91638647488646,46.5,0,0.564415181222605,28.2207590611317,1.472501178,47.3548831616118,NA,74.8212902516409,195.201053587111,0,147.863242123301
"Europe",50,0.08,FALSE,FALSE,150,"BES",-89.7739455747075,25.1646747540257,-45.7820904921223,NA,43.3333333333333,60.7580515601347,2.91638647488646,71.516,0,0.140723318542738,7.03616592713694,1.472501178,89.2450883351634,NA,91.8100712276789,2937.93653315016,0,147.863242123301
"India",50,0.08,FALSE,FALSE,150,"BES",-21.6720279642652,10.7229979517348,-7.69681646806872,NA,43.3333333333333,60.7580515601347,2.91638647488646,44.5,0,0.846547494614625,42.3273747307448,1.472501178,56.5772930847722,NA,73.4630570428115,127.78307032166,0,147.863242123301
"US",100,0.08,FALSE,FALSE,150,"BES",-91.4675992672044,32.5437565328497,-42.7464552989764,NA,43.3333333333333,60.7580515601347,2.91638647488646,106.56,0,0.497210954924258,49.7210954924209,1.472501178,77.9900842776848,NA,115.609033512788,401.373027959909,0,147.863242123301
"China",100,0.08,FALSE,FALSE,150,"BES",-24.282896352815,11.057131919185,-9.88167782407396,NA,43.3333333333333,60.7580515601347,2.91638647488646,46.5,0,0.564415181222605,56.4415181222634,1.472501178,47.3548831616118,NA,74.8212902516409,195.201053587111,0,147.863242123301
"Europe",100,0.08,FALSE,FALSE,150,"BES",-88.5324884543939,91.2797121510726,-38.7459245649434,NA,43.3333333333333,60.7580515601347,2.91638647488646,71.516,0,0.140723318542738,14.0723318542739,1.472501178,89.2450883351634,NA,91.8100712276789,2937.93653315016,0,147.863242123301
"India",100,0.08,FALSE,FALSE,150,"BES",20.6553467664907,53.0503726824907,34.6305582626932,NA,43.3333333333333,60.7580515601347,2.91638647488646,44.5,0,0.846547494614625,84.6547494614896,1.472501178,56.5772930847722,NA,73.4630570428115,127.78307032166,0,147.863242123301
"US",150,0.08,FALSE,FALSE,150,"BES",-82.2115548839195,68.5890191269748,-17.9831291185489,NA,43.3333333333333,60.7580515601347,2.91638647488646,106.56,0,0.497210954924258,74.5816432386304,1.472501178,77.9900842776848,NA,115.609033512788,401.373027959909,0,147.863242123301
"China",150,0.08,FALSE,FALSE,150,"BES",3.93786270828808,39.2778909802881,18.3390812370429,NA,43.3333333333333,60.7580515601347,2.91638647488646,46.5,0,0.564415181222605,84.6622771834397,1.472501178,47.3548831616118,NA,74.8212902516409,195.201053587111,0,147.863242123301
"Europe",150,0.08,FALSE,FALSE,150,"BES",-87.2910313340803,157.39474954812,-31.7097586378183,NA,43.3333333333333,60.7580515601347,2.91638647488646,71.516,0,0.140723318542738,21.1084977814043,1.472501178,89.2450883351634,NA,91.8100712276789,2937.93653315016,0,147.863242123301
"India",150,0.08,FALSE,FALSE,150,"BES",62.9827214972466,95.3777474132465,76.9579329934337,NA,43.3333333333333,60.7580515601347,2.91638647488646,44.5,0,0.846547494614625,126.982124192208,1.472501178,56.5772930847722,NA,73.4630570428115,127.78307032166,0,147.863242123301
"US",200,0.08,FALSE,FALSE,150,"BES",-72.9555105006345,122.693118976338,6.78019706188447,NA,43.3333333333333,60.7580515601347,2.91638647488646,106.56,0,0.497210954924258,99.4421909848418,1.472501178,77.9900842776848,NA,115.609033512788,401.373027959909,0,147.863242123301
"China",200,0.08,FALSE,FALSE,150,"BES",32.1586217693911,67.4986500413912,46.5598402981482,NA,43.3333333333333,60.7580515601347,2.91638647488646,46.5,0,0.564415181222605,112.883036244527,1.472501178,47.3548831616118,NA,74.8212902516409,195.201053587111,0,147.863242123301
"Europe",200,0.08,FALSE,FALSE,150,"BES",-86.0495742137667,223.509786945166,-24.6735927107139,NA,43.3333333333333,60.7580515601347,2.91638647488646,71.516,0,0.140723318542738,28.1446637085477,1.472501178,89.2450883351634,NA,91.8100712276789,2937.93653315016,0,147.863242123301
"India",200,0.08,FALSE,FALSE,150,"BES",105.310096228002,137.705122144002,119.285307724204,NA,43.3333333333333,60.7580515601347,2.91638647488646,44.5,0,0.846547494614625,169.309498922979,1.472501178,56.5772930847722,NA,73.4630570428115,127.78307032166,0,147.863242123301
"US",0,0.15,FALSE,FALSE,150,"BES",-166.257772638503,-53.7586826393029,-137.772481844119,NA,43.3333333333333,104.173484942083,5.00032727721998,106.56,0,0.497210954924258,0,1.472501178,77.9900842776848,NA,146.508414011811,508.649920916681,0,147.863242123301
"China",0,0.15,FALSE,FALSE,150,"BES",-126.223788659303,-90.8837603873029,-111.822570130569,NA,43.3333333333333,104.173484942083,5.00032727721998,46.5,0,0.564415181222605,0,1.472501178,47.3548831616118,NA,105.720670750664,275.814360418317,0,147.863242123301
"Europe",0,0.15,FALSE,FALSE,150,"BES",-136.514776879303,-39.3296991313028,-98.3176306034779,NA,43.3333333333333,104.173484942083,5.00032727721998,71.516,0,0.140723318542738,0,1.472501178,89.2450883351634,NA,122.709451726702,3926.72150636938,0,147.863242123301
"India",0,0.15,FALSE,FALSE,150,"BES",-109.498776879303,-77.1037509633029,-95.5235653830974,NA,43.3333333333333,104.173484942083,5.00032727721998,44.5,0,0.846547494614625,0,1.472501178,56.5772930847722,NA,104.362437541835,181.530053773518,0,147.863242123301
"US",50,0.15,FALSE,FALSE,150,"BES",-148.502372637866,-39.011553770144,-113.009155663701,NA,43.3333333333333,104.173484942083,5.00032727721998,106.56,0,0.497210954924258,24.8605477462104,1.472501178,77.9900842776848,NA,146.508414011811,508.649920916681,0,147.863242123301
"China",50,0.15,FALSE,FALSE,150,"BES",-98.0030295981998,-62.6630013261998,-83.60181106944,NA,43.3333333333333,104.173484942083,5.00032727721998,46.5,0,0.564415181222605,28.2207590611317,1.472501178,47.3548831616118,NA,105.720670750664,275.814360418317,0,147.863242123301
"Europe",50,0.15,FALSE,FALSE,150,"BES",-135.273319758989,-20.334699430256,-91.2814646763876,NA,43.3333333333333,104.173484942083,5.00032727721998,71.516,0,0.140723318542738,7.03616592713694,1.472501178,89.2450883351634,NA,122.709451726702,3926.72150636938,0,147.863242123301
"India",50,0.15,FALSE,FALSE,150,"BES",-67.171402148547,-34.776376232547,-53.196190652344,NA,43.3333333333333,104.173484942083,5.00032727721998,44.5,0,0.846547494614625,42.3273747307448,1.472501178,56.5772930847722,NA,104.362437541835,181.530053773518,0,147.863242123301
"US",100,0.15,FALSE,FALSE,150,"BES",-136.966973451486,-12.955617651432,-88.2458294832452,NA,43.3333333333333,104.173484942083,5.00032727721998,106.56,0,0.497210954924258,49.7210954924209,1.472501178,77.9900842776848,NA,146.508414011811,508.649920916681,0,147.863242123301
"China",100,0.15,FALSE,FALSE,150,"BES",-69.7822705370967,-34.4422422650967,-55.3810520083477,NA,43.3333333333333,104.173484942083,5.00032727721998,46.5,0,0.564415181222605,56.4415181222634,1.472501178,47.3548831616118,NA,105.720670750664,275.814360418317,0,147.863242123301
"Europe",100,0.15,FALSE,FALSE,150,"BES",-134.031862638676,45.7803379667909,-84.2452987492319,NA,43.3333333333333,104.173484942083,5.00032727721998,71.516,0,0.140723318542738,14.0723318542739,1.472501178,89.2450883351634,NA,122.709451726702,3926.72150636938,0,147.863242123301
"India",100,0.15,FALSE,FALSE,150,"BES",-24.8440274177911,7.55099849820891,-10.8688159215935,NA,43.3333333333333,104.173484942083,5.00032727721998,44.5,0,0.846547494614625,84.6547494614896,1.472501178,56.5772930847722,NA,104.362437541835,181.530053773518,0,147.863242123301
"US",150,0.15,FALSE,FALSE,150,"BES",-127.710929068201,23.0896449426931,-63.4825033028272,NA,43.3333333333333,104.173484942083,5.00032727721998,106.56,0,0.497210954924258,74.5816432386304,1.472501178,77.9900842776848,NA,146.508414011811,508.649920916681,0,147.863242123301
"China",150,0.15,FALSE,FALSE,150,"BES",-41.5615114759937,-6.22148320399367,-27.1602929472409,NA,43.3333333333333,104.173484942083,5.00032727721998,46.5,0,0.564415181222605,84.6622771834397,1.472501178,47.3548831616118,NA,105.720670750664,275.814360418317,0,147.863242123301
"Europe",150,0.15,FALSE,FALSE,150,"BES",-132.790405518362,111.895375363838,-77.2091328221575,NA,43.3333333333333,104.173484942083,5.00032727721998,71.516,0,0.140723318542738,21.1084977814043,1.472501178,89.2450883351634,NA,122.709451726702,3926.72150636938,0,147.863242123301
"India",150,0.15,FALSE,FALSE,150,"BES",17.4833473129648,49.8783732289648,31.4585588091625,NA,43.3333333333333,104.173484942083,5.00032727721998,44.5,0,0.846547494614625,126.982124192208,1.472501178,56.5772930847722,NA,104.362437541835,181.530053773518,0,147.863242123301
"US",200,0.15,FALSE,FALSE,150,"BES",-118.454884684916,77.1937447920562,-38.7191771223979,NA,43.3333333333333,104.173484942083,5.00032727721998,106.56,0,0.497210954924258,99.4421909848418,1.472501178,77.9900842776848,NA,146.508414011811,508.649920916681,0,147.863242123301
"China",200,0.15,FALSE,FALSE,150,"BES",-13.3407524148906,21.9992758571094,1.06046611385079,NA,43.3333333333333,104.173484942083,5.00032727721998,46.5,0,0.564415181222605,112.883036244527,1.472501178,47.3548831616118,NA,105.720670750664,275.814360418317,0,147.863242123301
"Europe",200,0.15,FALSE,FALSE,150,"BES",-131.548948398048,178.010412760885,-70.172966894979,NA,43.3333333333333,104.173484942083,5.00032727721998,71.516,0,0.140723318542738,28.1446637085477,1.472501178,89.2450883351634,NA,122.709451726702,3926.72150636938,0,147.863242123301
"India",200,0.15,FALSE,FALSE,150,"BES",59.8107220437207,92.2057479597207,73.7859335399251,NA,43.3333333333333,104.173484942083,5.00032727721998,44.5,0,0.846547494614625,169.309498922979,1.472501178,56.5772930847722,NA,104.362437541835,181.530053773518,0,147.863242123301
"US",0,0.02,TRUE,TRUE,250,"BES",-131.581759194541,-32.3423790565078,-90.6722870326132,NA,252.959922917359,26.2012980234781,1.25766230512695,138.003988437604,0,0.514594434199082,0,1.472501178,77.9900842776848,NA,112.36863592255,372.067025202382,0,211.424031218349
"China",0,0.02,TRUE,TRUE,250,"BES",-102.958522492482,-6.43719578925526,-42.4953654760868,NA,144.019737252917,26.2012980234781,1.25766230512695,61.602960587937,0,0.555728510337068,0,1.472501178,47.3548831616118,NA,60.4834293154923,157.105617655927,0,211.424031218349
"Europe",0,0.02,TRUE,TRUE,250,"BES",-113.209431214191,31.5451603107978,-21.8229437572597,NA,146.372892547443,26.2012980234781,1.25766230512695,86.9719338821258,0,0.150069889939539,0,1.472501178,89.2450883351634,NA,77.7119203165217,Inf,0,211.424031218349
"India",0,0.02,TRUE,TRUE,250,"BES",-98.4608598395073,7.14117789844906,-19.3210595232529,NA,124.063848103915,26.2012980234781,1.25766230512695,73.5865343473527,0,0.845868138062848,0,1.472501178,56.5772930847722,NA,68.6216732357392,91.6403912998069,0,211.424031218349
"US",50,0.02,TRUE,TRUE,250,"BES",-121.03125607248,-7.91943430640742,-65.0337400844349,NA,252.959922917359,26.2012980234781,1.25766230512695,138.003988437604,0,0.514594434199082,25.7297217099541,1.472501178,77.9900842776848,NA,112.36863592255,372.067025202382,0,211.424031218349
"China",50,0.02,TRUE,TRUE,250,"BES",-76.6860829555081,21.9138870601728,-14.7089399592317,NA,144.019737252917,26.2012980234781,1.25766230512695,61.602960587937,0,0.555728510337068,27.7864255168531,1.472501178,47.3548831616118,NA,60.4834293154923,157.105617655927,0,211.424031218349
"Europe",50,0.02,TRUE,TRUE,250,"BES",-113.91495763473,58.6325529718656,-14.3194492602832,NA,146.372892547443,26.2012980234781,1.25766230512695,86.9719338821258,0,0.150069889939539,7.50349449697705,1.472501178,89.2450883351634,NA,77.7119203165217,Inf,0,211.424031218349
"India",50,0.02,TRUE,TRUE,250,"BES",-57.9020499179149,49.5528885282401,22.9723473798894,NA,124.063848103915,26.2012980234781,1.25766230512695,73.5865343473527,0,0.845868138062848,42.2934069031423,1.472501178,56.5772930847722,NA,68.6216732357392,91.6403912998069,0,211.424031218349
"US",100,0.02,TRUE,TRUE,250,"BES",-110.480752950418,27.619960676266,-39.3951931362564,NA,252.959922917359,26.2012980234781,1.25766230512695,138.003988437604,0,0.514594434199082,51.4594434199082,1.472501178,77.9900842776848,NA,112.36863592255,372.067025202382,0,211.424031218349
"China",100,0.02,TRUE,TRUE,250,"BES",-50.4136434185343,50.2649699096009,13.0774855576219,NA,144.019737252917,26.2012980234781,1.25766230512695,61.602960587937,0,0.555728510337068,55.5728510337063,1.472501178,47.3548831616118,NA,60.4834293154923,157.105617655927,0,211.424031218349
"Europe",100,0.02,TRUE,TRUE,250,"BES",-114.620484055269,124.658958127346,-6.81595476330611,NA,146.372892547443,26.2012980234781,1.25766230512695,86.9719338821258,0,0.150069889939539,15.0069889939541,1.472501178,89.2450883351634,NA,77.7119203165217,Inf,0,211.424031218349
"India",100,0.02,TRUE,TRUE,250,"BES",-17.3432399963224,91.9645991580311,65.265754283032,NA,124.063848103915,26.2012980234781,1.25766230512695,73.5865343473527,0,0.845868138062848,84.5868138062846,1.472501178,56.5772930847722,NA,68.6216732357392,91.6403912998069,0,211.424031218349
"US",150,0.02,TRUE,TRUE,250,"BES",-99.930249828357,77.4105771098802,-13.7566461880784,NA,252.959922917359,26.2012980234781,1.25766230512695,138.003988437604,0,0.514594434199082,77.1891651298621,1.472501178,77.9900842776848,NA,112.36863592255,372.067025202382,0,211.424031218349
"China",150,0.02,TRUE,TRUE,250,"BES",-24.1412038815605,78.6160527590289,40.8639110744756,NA,144.019737252917,26.2012980234781,1.25766230512695,61.602960587937,0,0.555728510337068,83.3592765505616,1.472501178,47.3548831616118,NA,60.4834293154923,157.105617655927,0,211.424031218349
"Europe",150,0.02,TRUE,TRUE,250,"BES",-115.326010475809,190.685363282825,0.687539733670642,NA,146.372892547443,26.2012980234781,1.25766230512695,86.9719338821258,0,0.150069889939539,22.510483490931,1.472501178,89.2450883351634,NA,77.7119203165217,Inf,0,211.424031218349
"India",150,0.02,TRUE,TRUE,250,"BES",23.2155699252701,134.376309787822,107.559161186175,NA,124.063848103915,26.2012980234781,1.25766230512695,73.5865343473527,0,0.845868138062848,126.880220709427,1.472501178,56.5772930847722,NA,68.6216732357392,91.6403912998069,0,211.424031218349
"US",200,0.02,TRUE,TRUE,250,"BES",-89.3797467062955,130.684558179743,11.8819007600997,NA,252.959922917359,26.2012980234781,1.25766230512695,138.003988437604,0,0.514594434199082,102.918886839816,1.472501178,77.9900842776848,NA,112.36863592255,372.067025202382,0,211.424031218349
"China",200,0.02,TRUE,TRUE,250,"BES",2.13123565541338,106.967135608457,68.6503365913298,NA,144.019737252917,26.2012980234781,1.25766230512695,61.602960587937,0,0.555728510337068,111.145702067413,1.472501178,47.3548831616118,NA,60.4834293154923,157.105617655927,0,211.424031218349
"Europe",200,0.02,TRUE,TRUE,250,"BES",-116.031536896348,256.711768438305,8.19103423064783,NA,146.372892547443,26.2012980234781,1.25766230512695,86.9719338821258,0,0.150069889939539,30.0139779879082,1.472501178,89.2450883351634,NA,77.7119203165217,Inf,0,211.424031218349
"India",200,0.02,TRUE,TRUE,250,"BES",63.7743798468626,176.788020417613,149.852568089317,NA,124.063848103915,26.2012980234781,1.25766230512695,73.5865343473527,0,0.845868138062848,169.173627612569,1.472501178,56.5772930847722,NA,68.6216732357392,91.6403912998069,0,211.424031218349
"US",0,0.08,TRUE,TRUE,250,"BES",-158.750194484793,-59.5108143467591,-117.840722322865,NA,252.959922917359,52.1253774989087,2.50201811994762,138.003988437604,0,0.514594434199082,0,1.472501178,77.9900842776848,NA,130.819171444126,433.954366582087,0,211.424031218349
"China",0,0.08,TRUE,TRUE,250,"BES",-130.126957782733,-33.6056310795066,-69.6638007663356,NA,144.019737252917,52.1253774989087,2.50201811994762,61.602960587937,0,0.555728510337068,0,1.472501178,47.3548831616118,NA,78.9339648370693,206.010527637877,0,211.424031218349
"Europe",0,0.08,TRUE,TRUE,250,"BES",-140.377866504442,4.37672502054652,-48.9913790475124,NA,146.372892547443,52.1253774989087,2.50201811994762,86.9719338821258,0,0.150069889939539,0,1.472501178,89.2450883351634,NA,96.1624558380979,Inf,0,211.424031218349
"India",0,0.08,TRUE,TRUE,250,"BES",-125.629295129759,-20.0272573918022,-46.4894948135045,NA,124.063848103915,52.1253774989087,2.50201811994762,73.5865343473527,0,0.845868138062848,0,1.472501178,56.5772930847722,NA,87.0722087573141,123.759671340061,0,211.424031218349
"US",50,0.08,TRUE,TRUE,250,"BES",-148.199691362731,-35.0878695966587,-92.2021753746857,NA,252.959922917359,52.1253774989087,2.50201811994762,138.003988437604,0,0.514594434199082,25.7297217099541,1.472501178,77.9900842776848,NA,130.819171444126,433.954366582087,0,211.424031218349
"China",50,0.08,TRUE,TRUE,250,"BES",-103.854518245759,-5.2545482300785,-41.8773752494827,NA,144.019737252917,52.1253774989087,2.50201811994762,61.602960587937,0,0.555728510337068,27.7864255168531,1.472501178,47.3548831616118,NA,78.9339648370693,206.010527637877,0,211.424031218349
"Europe",50,0.08,TRUE,TRUE,250,"BES",-141.083392924981,31.4641176816143,-41.4878845505346,NA,146.372892547443,52.1253774989087,2.50201811994762,86.9719338821258,0,0.150069889939539,7.50349449697705,1.472501178,89.2450883351634,NA,96.1624558380979,Inf,0,211.424031218349
"India",50,0.08,TRUE,TRUE,250,"BES",-85.0704852081662,22.3844532379888,-4.19608791036175,NA,124.063848103915,52.1253774989087,2.50201811994762,73.5865343473527,0,0.845868138062848,42.2934069031423,1.472501178,56.5772930847722,NA,87.0722087573141,123.759671340061,0,211.424031218349
"US",100,0.08,TRUE,TRUE,250,"BES",-137.64918824067,0.451525386014737,-66.5636284265078,NA,252.959922917359,52.1253774989087,2.50201811994762,138.003988437604,0,0.514594434199082,51.4594434199082,1.472501178,77.9900842776848,NA,130.819171444126,433.954366582087,0,211.424031218349
"China",100,0.08,TRUE,TRUE,250,"BES",-77.5820787087856,23.0965346193496,-14.0909497326294,NA,144.019737252917,52.1253774989087,2.50201811994762,61.602960587937,0,0.555728510337068,55.5728510337063,1.472501178,47.3548831616118,NA,78.9339648370693,206.010527637877,0,211.424031218349
"Europe",100,0.08,TRUE,TRUE,250,"BES",-141.788919345521,97.4905228370943,-33.9843900535576,NA,146.372892547443,52.1253774989087,2.50201811994762,86.9719338821258,0,0.150069889939539,15.0069889939541,1.472501178,89.2450883351634,NA,96.1624558380979,Inf,0,211.424031218349
"India",100,0.08,TRUE,TRUE,250,"BES",-44.5116752865737,64.7961638677798,38.0973189927809,NA,124.063848103915,52.1253774989087,2.50201811994762,73.5865343473527,0,0.845868138062848,84.5868138062846,1.472501178,56.5772930847722,NA,87.0722087573141,123.759671340061,0,211.424031218349
"US",150,0.08,TRUE,TRUE,250,"BES",-127.098685118608,50.2421418196289,-40.9250814783295,NA,252.959922917359,52.1253774989087,2.50201811994762,138.003988437604,0,0.514594434199082,77.1891651298621,1.472501178,77.9900842776848,NA,130.819171444126,433.954366582087,0,211.424031218349
"China",150,0.08,TRUE,TRUE,250,"BES",-51.3096391718118,51.4476174687776,13.695475784224,NA,144.019737252917,52.1253774989087,2.50201811994762,61.602960587937,0,0.555728510337068,83.3592765505616,1.472501178,47.3548831616118,NA,78.9339648370693,206.010527637877,0,211.424031218349
"Europe",150,0.08,TRUE,TRUE,250,"BES",-142.49444576606,163.516927992574,-26.4808955565802,NA,146.372892547443,52.1253774989087,2.50201811994762,86.9719338821258,0,0.150069889939539,22.510483490931,1.472501178,89.2450883351634,NA,96.1624558380979,Inf,0,211.424031218349
"India",150,0.08,TRUE,TRUE,250,"BES",-3.95286536498122,107.207874497571,80.3907258959234,NA,124.063848103915,52.1253774989087,2.50201811994762,73.5865343473527,0,0.845868138062848,126.880220709427,1.472501178,56.5772930847722,NA,87.0722087573141,123.759671340061,0,211.424031218349
"US",200,0.08,TRUE,TRUE,250,"BES",-116.548181996547,103.516122889492,-15.2865345301516,NA,252.959922917359,52.1253774989087,2.50201811994762,138.003988437604,0,0.514594434199082,102.918886839816,1.472501178,77.9900842776848,NA,130.819171444126,433.954366582087,0,211.424031218349
"China",200,0.08,TRUE,TRUE,250,"BES",-25.0371996348379,79.7987003182057,41.4819013010775,NA,144.019737252917,52.1253774989087,2.50201811994762,61.602960587937,0,0.555728510337068,111.145702067413,1.472501178,47.3548831616118,NA,78.9339648370693,206.010527637877,0,211.424031218349
"Europe",200,0.08,TRUE,TRUE,250,"BES",-143.199972186599,229.543333148054,-18.9774010596031,NA,146.372892547443,52.1253774989087,2.50201811994762,86.9719338821258,0,0.150069889939539,30.0139779879082,1.472501178,89.2450883351634,NA,96.1624558380979,Inf,0,211.424031218349
"India",200,0.08,TRUE,TRUE,250,"BES",36.6059445566113,149.619585127362,122.684132799067,NA,124.063848103915,52.1253774989087,2.50201811994762,73.5865343473527,0,0.845868138062848,169.173627612569,1.472501178,56.5772930847722,NA,87.0722087573141,123.759671340061,0,211.424031218349
"US",0,0.15,TRUE,TRUE,250,"BES",-197.78489020693,-98.5455100688964,-156.875418045002,NA,252.959922917359,89.3722245620168,4.28986677897681,138.003988437604,0,0.514594434199082,0,1.472501178,77.9900842776848,NA,157.328281457305,522.872020985097,0,211.424031218349
"China",0,0.15,TRUE,TRUE,250,"BES",-169.161653504871,-72.6403268016438,-108.698496488475,NA,144.019737252917,89.3722245620168,4.28986677897681,61.602960587937,0,0.555728510337068,0,1.472501178,47.3548831616118,NA,105.443074850249,276.275460456775,0,211.424031218349
"Europe",0,0.15,TRUE,TRUE,250,"BES",-179.41256222658,-34.6579707015908,-88.0260747696466,NA,146.372892547443,89.3722245620168,4.28986677897681,86.9719338821258,0,0.150069889939539,0,1.472501178,89.2450883351634,NA,122.671565851278,Inf,0,211.424031218349
"India",0,0.15,TRUE,TRUE,250,"BES",-164.663990851896,-59.0619531139396,-85.5241905356415,NA,124.063848103915,89.3722245620168,4.28986677897681,73.5865343473527,0,0.845868138062848,0,1.472501178,56.5772930847722,NA,113.581318770493,169.907574588481,0,211.424031218349
"US",50,0.15,TRUE,TRUE,250,"BES",-187.234387084869,-74.122565318796,-131.236871096824,NA,252.959922917359,89.3722245620168,4.28986677897681,138.003988437604,0,0.514594434199082,25.7297217099541,1.472501178,77.9900842776848,NA,157.328281457305,522.872020985097,0,211.424031218349
"China",50,0.15,TRUE,TRUE,250,"BES",-142.889213967897,-44.2892439522158,-80.9120709716201,NA,144.019737252917,89.3722245620168,4.28986677897681,61.602960587937,0,0.555728510337068,27.7864255168531,1.472501178,47.3548831616118,NA,105.443074850249,276.275460456775,0,211.424031218349
"Europe",50,0.15,TRUE,TRUE,250,"BES",-180.118088647119,-7.57057804052297,-80.5225802726723,NA,146.372892547443,89.3722245620168,4.28986677897681,86.9719338821258,0,0.150069889939539,7.50349449697705,1.472501178,89.2450883351634,NA,122.671565851278,Inf,0,211.424031218349
"India",50,0.15,TRUE,TRUE,250,"BES",-124.105180930303,-16.6502424841485,-43.2307836324991,NA,124.063848103915,89.3722245620168,4.28986677897681,73.5865343473527,0,0.845868138062848,42.2934069031423,1.472501178,56.5772930847722,NA,113.581318770493,169.907574588481,0,211.424031218349
"US",100,0.15,TRUE,TRUE,250,"BES",-176.683883962807,-38.5831703361225,-105.598324148646,NA,252.959922917359,89.3722245620168,4.28986677897681,138.003988437604,0,0.514594434199082,51.4594434199082,1.472501178,77.9900842776848,NA,157.328281457305,522.872020985097,0,211.424031218349
"China",100,0.15,TRUE,TRUE,250,"BES",-116.616774430923,-15.9381611027877,-53.1256454547665,NA,144.019737252917,89.3722245620168,4.28986677897681,61.602960587937,0,0.555728510337068,55.5728510337063,1.472501178,47.3548831616118,NA,105.443074850249,276.275460456775,0,211.424031218349
"Europe",100,0.15,TRUE,TRUE,250,"BES",-180.823615067658,58.4558271149569,-73.0190857756942,NA,146.372892547443,89.3722245620168,4.28986677897681,86.9719338821258,0,0.150069889939539,15.0069889939541,1.472501178,89.2450883351634,NA,122.671565851278,Inf,0,211.424031218349
"India",100,0.15,TRUE,TRUE,250,"BES",-83.546371008711,25.7614681456425,-0.937376729356571,NA,124.063848103915,89.3722245620168,4.28986677897681,73.5865343473527,0,0.845868138062848,84.5868138062846,1.472501178,56.5772930847722,NA,113.581318770493,169.907574588481,0,211.424031218349
"US",150,0.15,TRUE,TRUE,250,"BES",-166.133380840746,11.2074460974916,-79.9597772004669,NA,252.959922917359,89.3722245620168,4.28986677897681,138.003988437604,0,0.514594434199082,77.1891651298621,1.472501178,77.9900842776848,NA,157.328281457305,522.872020985097,0,211.424031218349
"China",150,0.15,TRUE,TRUE,250,"BES",-90.344334893949,12.4129217466403,-25.3392199379128,NA,144.019737252917,89.3722245620168,4.28986677897681,61.602960587937,0,0.555728510337068,83.3592765505616,1.472501178,47.3548831616118,NA,105.443074850249,276.275460456775,0,211.424031218349
"Europe",150,0.15,TRUE,TRUE,250,"BES",-181.529141488197,124.482232270437,-65.5155912787172,NA,146.372892547443,89.3722245620168,4.28986677897681,86.9719338821258,0,0.150069889939539,22.510483490931,1.472501178,89.2450883351634,NA,122.671565851278,Inf,0,211.424031218349
"India",150,0.15,TRUE,TRUE,250,"BES",-42.9875610871185,68.1731787754335,41.3560301737859,NA,124.063848103915,89.3722245620168,4.28986677897681,73.5865343473527,0,0.845868138062848,126.880220709427,1.472501178,56.5772930847722,NA,113.581318770493,169.907574588481,0,211.424031218349
"US",200,0.15,TRUE,TRUE,250,"BES",-155.582877718684,64.4814271673545,-54.3212302522891,NA,252.959922917359,89.3722245620168,4.28986677897681,138.003988437604,0,0.514594434199082,102.918886839816,1.472501178,77.9900842776848,NA,157.328281457305,522.872020985097,0,211.424031218349
"China",200,0.15,TRUE,TRUE,250,"BES",-64.0718953569752,40.7640045960684,2.44720557894025,NA,144.019737252917,89.3722245620168,4.28986677897681,61.602960587937,0,0.555728510337068,111.145702067413,1.472501178,47.3548831616118,NA,105.443074850249,276.275460456775,0,211.424031218349
"Europe",200,0.15,TRUE,TRUE,250,"BES",-182.234667908737,190.508637425917,-58.0120967817406,NA,146.372892547443,89.3722245620168,4.28986677897681,86.9719338821258,0,0.150069889939539,30.0139779879082,1.472501178,89.2450883351634,NA,122.671565851278,Inf,0,211.424031218349
"India",200,0.15,TRUE,TRUE,250,"BES",-2.42875116552605,110.584889405225,83.6494370769281,NA,124.063848103915,89.3722245620168,4.28986677897681,73.5865343473527,0,0.845868138062848,169.173627612569,1.472501178,56.5772930847722,NA,113.581318770493,169.907574588481,0,211.424031218349
"US",0,0.02,FALSE,TRUE,250,"BES",-131.581759194541,-32.3423790565078,-90.6722870326132,NA,252.959922917359,26.2012980234781,1.25766230512695,138.003988437604,0,0.514594434199082,0,1.472501178,77.9900842776848,NA,112.36863592255,372.067025202382,0,211.424031218349
"China",0,0.02,FALSE,TRUE,250,"BES",-102.958522492482,-6.43719578925526,-42.4953654760868,NA,144.019737252917,26.2012980234781,1.25766230512695,61.602960587937,0,0.555728510337068,0,1.472501178,47.3548831616118,NA,60.4834293154923,157.105617655927,0,211.424031218349
"Europe",0,0.02,FALSE,TRUE,250,"BES",-113.209431214191,31.5451603107978,-21.8229437572597,NA,146.372892547443,26.2012980234781,1.25766230512695,86.9719338821258,0,0.150069889939539,0,1.472501178,89.2450883351634,NA,77.7119203165217,Inf,0,211.424031218349
"India",0,0.02,FALSE,TRUE,250,"BES",-98.4608598395073,7.14117789844906,-19.3210595232529,NA,124.063848103915,26.2012980234781,1.25766230512695,73.5865343473527,0,0.845868138062848,0,1.472501178,56.5772930847722,NA,68.6216732357392,91.6403912998069,0,211.424031218349
"US",50,0.02,FALSE,TRUE,250,"BES",-121.03125607248,-7.91943430640742,-65.0337400844349,NA,252.959922917359,26.2012980234781,1.25766230512695,138.003988437604,0,0.514594434199082,25.7297217099541,1.472501178,77.9900842776848,NA,112.36863592255,372.067025202382,0,211.424031218349
"China",50,0.02,FALSE,TRUE,250,"BES",-76.6860829555081,21.9138870601728,-14.7089399592317,NA,144.019737252917,26.2012980234781,1.25766230512695,61.602960587937,0,0.555728510337068,27.7864255168531,1.472501178,47.3548831616118,NA,60.4834293154923,157.105617655927,0,211.424031218349
"Europe",50,0.02,FALSE,TRUE,250,"BES",-113.91495763473,58.6325529718656,-14.3194492602832,NA,146.372892547443,26.2012980234781,1.25766230512695,86.9719338821258,0,0.150069889939539,7.50349449697705,1.472501178,89.2450883351634,NA,77.7119203165217,Inf,0,211.424031218349
"India",50,0.02,FALSE,TRUE,250,"BES",-57.9020499179149,49.5528885282401,22.9723473798894,NA,124.063848103915,26.2012980234781,1.25766230512695,73.5865343473527,0,0.845868138062848,42.2934069031423,1.472501178,56.5772930847722,NA,68.6216732357392,91.6403912998069,0,211.424031218349
"US",100,0.02,FALSE,TRUE,250,"BES",-110.480752950418,27.619960676266,-39.3951931362564,NA,252.959922917359,26.2012980234781,1.25766230512695,138.003988437604,0,0.514594434199082,51.4594434199082,1.472501178,77.9900842776848,NA,112.36863592255,372.067025202382,0,211.424031218349
"China",100,0.02,FALSE,TRUE,250,"BES",-50.4136434185343,50.2649699096009,13.0774855576219,NA,144.019737252917,26.2012980234781,1.25766230512695,61.602960587937,0,0.555728510337068,55.5728510337063,1.472501178,47.3548831616118,NA,60.4834293154923,157.105617655927,0,211.424031218349
"Europe",100,0.02,FALSE,TRUE,250,"BES",-114.620484055269,124.658958127346,-6.81595476330611,NA,146.372892547443,26.2012980234781,1.25766230512695,86.9719338821258,0,0.150069889939539,15.0069889939541,1.472501178,89.2450883351634,NA,77.7119203165217,Inf,0,211.424031218349
"India",100,0.02,FALSE,TRUE,250,"BES",-17.3432399963224,91.9645991580311,65.265754283032,NA,124.063848103915,26.2012980234781,1.25766230512695,73.5865343473527,0,0.845868138062848,84.5868138062846,1.472501178,56.5772930847722,NA,68.6216732357392,91.6403912998069,0,211.424031218349
"US",150,0.02,FALSE,TRUE,250,"BES",-99.930249828357,77.4105771098802,-13.7566461880784,NA,252.959922917359,26.2012980234781,1.25766230512695,138.003988437604,0,0.514594434199082,77.1891651298621,1.472501178,77.9900842776848,NA,112.36863592255,372.067025202382,0,211.424031218349
"China",150,0.02,FALSE,TRUE,250,"BES",-24.1412038815605,78.6160527590289,40.8639110744756,NA,144.019737252917,26.2012980234781,1.25766230512695,61.602960587937,0,0.555728510337068,83.3592765505616,1.472501178,47.3548831616118,NA,60.4834293154923,157.105617655927,0,211.424031218349
"Europe",150,0.02,FALSE,TRUE,250,"BES",-115.326010475809,190.685363282825,0.687539733670642,NA,146.372892547443,26.2012980234781,1.25766230512695,86.9719338821258,0,0.150069889939539,22.510483490931,1.472501178,89.2450883351634,NA,77.7119203165217,Inf,0,211.424031218349
"India",150,0.02,FALSE,TRUE,250,"BES",23.2155699252701,134.376309787822,107.559161186175,NA,124.063848103915,26.2012980234781,1.25766230512695,73.5865343473527,0,0.845868138062848,126.880220709427,1.472501178,56.5772930847722,NA,68.6216732357392,91.6403912998069,0,211.424031218349
"US",200,0.02,FALSE,TRUE,250,"BES",-89.3797467062955,130.684558179743,11.8819007600997,NA,252.959922917359,26.2012980234781,1.25766230512695,138.003988437604,0,0.514594434199082,102.918886839816,1.472501178,77.9900842776848,NA,112.36863592255,372.067025202382,0,211.424031218349
"China",200,0.02,FALSE,TRUE,250,"BES",2.13123565541338,106.967135608457,68.6503365913298,NA,144.019737252917,26.2012980234781,1.25766230512695,61.602960587937,0,0.555728510337068,111.145702067413,1.472501178,47.3548831616118,NA,60.4834293154923,157.105617655927,0,211.424031218349
"Europe",200,0.02,FALSE,TRUE,250,"BES",-116.031536896348,256.711768438305,8.19103423064783,NA,146.372892547443,26.2012980234781,1.25766230512695,86.9719338821258,0,0.150069889939539,30.0139779879082,1.472501178,89.2450883351634,NA,77.7119203165217,Inf,0,211.424031218349
"India",200,0.02,FALSE,TRUE,250,"BES",63.7743798468626,176.788020417613,149.852568089317,NA,124.063848103915,26.2012980234781,1.25766230512695,73.5865343473527,0,0.845868138062848,169.173627612569,1.472501178,56.5772930847722,NA,68.6216732357392,91.6403912998069,0,211.424031218349
"US",0,0.08,FALSE,TRUE,250,"BES",-158.750194484793,-59.5108143467591,-117.840722322865,NA,252.959922917359,52.1253774989087,2.50201811994762,138.003988437604,0,0.514594434199082,0,1.472501178,77.9900842776848,NA,130.819171444126,433.954366582087,0,211.424031218349
"China",0,0.08,FALSE,TRUE,250,"BES",-130.126957782733,-33.6056310795066,-69.6638007663356,NA,144.019737252917,52.1253774989087,2.50201811994762,61.602960587937,0,0.555728510337068,0,1.472501178,47.3548831616118,NA,78.9339648370693,206.010527637877,0,211.424031218349
"Europe",0,0.08,FALSE,TRUE,250,"BES",-140.377866504442,4.37672502054652,-48.9913790475124,NA,146.372892547443,52.1253774989087,2.50201811994762,86.9719338821258,0,0.150069889939539,0,1.472501178,89.2450883351634,NA,96.1624558380979,Inf,0,211.424031218349
"India",0,0.08,FALSE,TRUE,250,"BES",-125.629295129759,-20.0272573918022,-46.4894948135045,NA,124.063848103915,52.1253774989087,2.50201811994762,73.5865343473527,0,0.845868138062848,0,1.472501178,56.5772930847722,NA,87.0722087573141,123.759671340061,0,211.424031218349
"US",50,0.08,FALSE,TRUE,250,"BES",-148.199691362731,-35.0878695966587,-92.2021753746857,NA,252.959922917359,52.1253774989087,2.50201811994762,138.003988437604,0,0.514594434199082,25.7297217099541,1.472501178,77.9900842776848,NA,130.819171444126,433.954366582087,0,211.424031218349
"China",50,0.08,FALSE,TRUE,250,"BES",-103.854518245759,-5.2545482300785,-41.8773752494827,NA,144.019737252917,52.1253774989087,2.50201811994762,61.602960587937,0,0.555728510337068,27.7864255168531,1.472501178,47.3548831616118,NA,78.9339648370693,206.010527637877,0,211.424031218349
"Europe",50,0.08,FALSE,TRUE,250,"BES",-141.083392924981,31.4641176816143,-41.4878845505346,NA,146.372892547443,52.1253774989087,2.50201811994762,86.9719338821258,0,0.150069889939539,7.50349449697705,1.472501178,89.2450883351634,NA,96.1624558380979,Inf,0,211.424031218349
"India",50,0.08,FALSE,TRUE,250,"BES",-85.0704852081662,22.3844532379888,-4.19608791036175,NA,124.063848103915,52.1253774989087,2.50201811994762,73.5865343473527,0,0.845868138062848,42.2934069031423,1.472501178,56.5772930847722,NA,87.0722087573141,123.759671340061,0,211.424031218349
"US",100,0.08,FALSE,TRUE,250,"BES",-137.64918824067,0.451525386014737,-66.5636284265078,NA,252.959922917359,52.1253774989087,2.50201811994762,138.003988437604,0,0.514594434199082,51.4594434199082,1.472501178,77.9900842776848,NA,130.819171444126,433.954366582087,0,211.424031218349
"China",100,0.08,FALSE,TRUE,250,"BES",-77.5820787087856,23.0965346193496,-14.0909497326294,NA,144.019737252917,52.1253774989087,2.50201811994762,61.602960587937,0,0.555728510337068,55.5728510337063,1.472501178,47.3548831616118,NA,78.9339648370693,206.010527637877,0,211.424031218349
"Europe",100,0.08,FALSE,TRUE,250,"BES",-141.788919345521,97.4905228370943,-33.9843900535576,NA,146.372892547443,52.1253774989087,2.50201811994762,86.9719338821258,0,0.150069889939539,15.0069889939541,1.472501178,89.2450883351634,NA,96.1624558380979,Inf,0,211.424031218349
"India",100,0.08,FALSE,TRUE,250,"BES",-44.5116752865737,64.7961638677798,38.0973189927809,NA,124.063848103915,52.1253774989087,2.50201811994762,73.5865343473527,0,0.845868138062848,84.5868138062846,1.472501178,56.5772930847722,NA,87.0722087573141,123.759671340061,0,211.424031218349
"US",150,0.08,FALSE,TRUE,250,"BES",-127.098685118608,50.2421418196289,-40.9250814783295,NA,252.959922917359,52.1253774989087,2.50201811994762,138.003988437604,0,0.514594434199082,77.1891651298621,1.472501178,77.9900842776848,NA,130.819171444126,433.954366582087,0,211.424031218349
"China",150,0.08,FALSE,TRUE,250,"BES",-51.3096391718118,51.4476174687776,13.695475784224,NA,144.019737252917,52.1253774989087,2.50201811994762,61.602960587937,0,0.555728510337068,83.3592765505616,1.472501178,47.3548831616118,NA,78.9339648370693,206.010527637877,0,211.424031218349
"Europe",150,0.08,FALSE,TRUE,250,"BES",-142.49444576606,163.516927992574,-26.4808955565802,NA,146.372892547443,52.1253774989087,2.50201811994762,86.9719338821258,0,0.150069889939539,22.510483490931,1.472501178,89.2450883351634,NA,96.1624558380979,Inf,0,211.424031218349
"India",150,0.08,FALSE,TRUE,250,"BES",-3.95286536498122,107.207874497571,80.3907258959234,NA,124.063848103915,52.1253774989087,2.50201811994762,73.5865343473527,0,0.845868138062848,126.880220709427,1.472501178,56.5772930847722,NA,87.0722087573141,123.759671340061,0,211.424031218349
"US",200,0.08,FALSE,TRUE,250,"BES",-116.548181996547,103.516122889492,-15.2865345301516,NA,252.959922917359,52.1253774989087,2.50201811994762,138.003988437604,0,0.514594434199082,102.918886839816,1.472501178,77.9900842776848,NA,130.819171444126,433.954366582087,0,211.424031218349
"China",200,0.08,FALSE,TRUE,250,"BES",-25.0371996348379,79.7987003182057,41.4819013010775,NA,144.019737252917,52.1253774989087,2.50201811994762,61.602960587937,0,0.555728510337068,111.145702067413,1.472501178,47.3548831616118,NA,78.9339648370693,206.010527637877,0,211.424031218349
"Europe",200,0.08,FALSE,TRUE,250,"BES",-143.199972186599,229.543333148054,-18.9774010596031,NA,146.372892547443,52.1253774989087,2.50201811994762,86.9719338821258,0,0.150069889939539,30.0139779879082,1.472501178,89.2450883351634,NA,96.1624558380979,Inf,0,211.424031218349
"India",200,0.08,FALSE,TRUE,250,"BES",36.6059445566113,149.619585127362,122.684132799067,NA,124.063848103915,52.1253774989087,2.50201811994762,73.5865343473527,0,0.845868138062848,169.173627612569,1.472501178,56.5772930847722,NA,87.0722087573141,123.759671340061,0,211.424031218349
"US",0,0.15,FALSE,TRUE,250,"BES",-197.78489020693,-98.5455100688964,-156.875418045002,NA,252.959922917359,89.3722245620168,4.28986677897681,138.003988437604,0,0.514594434199082,0,1.472501178,77.9900842776848,NA,157.328281457305,522.872020985097,0,211.424031218349
"China",0,0.15,FALSE,TRUE,250,"BES",-169.161653504871,-72.6403268016438,-108.698496488475,NA,144.019737252917,89.3722245620168,4.28986677897681,61.602960587937,0,0.555728510337068,0,1.472501178,47.3548831616118,NA,105.443074850249,276.275460456775,0,211.424031218349
"Europe",0,0.15,FALSE,TRUE,250,"BES",-179.41256222658,-34.6579707015908,-88.0260747696466,NA,146.372892547443,89.3722245620168,4.28986677897681,86.9719338821258,0,0.150069889939539,0,1.472501178,89.2450883351634,NA,122.671565851278,Inf,0,211.424031218349
"India",0,0.15,FALSE,TRUE,250,"BES",-164.663990851896,-59.0619531139396,-85.5241905356415,NA,124.063848103915,89.3722245620168,4.28986677897681,73.5865343473527,0,0.845868138062848,0,1.472501178,56.5772930847722,NA,113.581318770493,169.907574588481,0,211.424031218349
"US",50,0.15,FALSE,TRUE,250,"BES",-187.234387084869,-74.122565318796,-131.236871096824,NA,252.959922917359,89.3722245620168,4.28986677897681,138.003988437604,0,0.514594434199082,25.7297217099541,1.472501178,77.9900842776848,NA,157.328281457305,522.872020985097,0,211.424031218349
"China",50,0.15,FALSE,TRUE,250,"BES",-142.889213967897,-44.2892439522158,-80.9120709716201,NA,144.019737252917,89.3722245620168,4.28986677897681,61.602960587937,0,0.555728510337068,27.7864255168531,1.472501178,47.3548831616118,NA,105.443074850249,276.275460456775,0,211.424031218349
"Europe",50,0.15,FALSE,TRUE,250,"BES",-180.118088647119,-7.57057804052297,-80.5225802726723,NA,146.372892547443,89.3722245620168,4.28986677897681,86.9719338821258,0,0.150069889939539,7.50349449697705,1.472501178,89.2450883351634,NA,122.671565851278,Inf,0,211.424031218349
"India",50,0.15,FALSE,TRUE,250,"BES",-124.105180930303,-16.6502424841485,-43.2307836324991,NA,124.063848103915,89.3722245620168,4.28986677897681,73.5865343473527,0,0.845868138062848,42.2934069031423,1.472501178,56.5772930847722,NA,113.581318770493,169.907574588481,0,211.424031218349
"US",100,0.15,FALSE,TRUE,250,"BES",-176.683883962807,-38.5831703361225,-105.598324148646,NA,252.959922917359,89.3722245620168,4.28986677897681,138.003988437604,0,0.514594434199082,51.4594434199082,1.472501178,77.9900842776848,NA,157.328281457305,522.872020985097,0,211.424031218349
"China",100,0.15,FALSE,TRUE,250,"BES",-116.616774430923,-15.9381611027877,-53.1256454547665,NA,144.019737252917,89.3722245620168,4.28986677897681,61.602960587937,0,0.555728510337068,55.5728510337063,1.472501178,47.3548831616118,NA,105.443074850249,276.275460456775,0,211.424031218349
"Europe",100,0.15,FALSE,TRUE,250,"BES",-180.823615067658,58.4558271149569,-73.0190857756942,NA,146.372892547443,89.3722245620168,4.28986677897681,86.9719338821258,0,0.150069889939539,15.0069889939541,1.472501178,89.2450883351634,NA,122.671565851278,Inf,0,211.424031218349
"India",100,0.15,FALSE,TRUE,250,"BES",-83.546371008711,25.7614681456425,-0.937376729356571,NA,124.063848103915,89.3722245620168,4.28986677897681,73.5865343473527,0,0.845868138062848,84.5868138062846,1.472501178,56.5772930847722,NA,113.581318770493,169.907574588481,0,211.424031218349
"US",150,0.15,FALSE,TRUE,250,"BES",-166.133380840746,11.2074460974916,-79.9597772004669,NA,252.959922917359,89.3722245620168,4.28986677897681,138.003988437604,0,0.514594434199082,77.1891651298621,1.472501178,77.9900842776848,NA,157.328281457305,522.872020985097,0,211.424031218349
"China",150,0.15,FALSE,TRUE,250,"BES",-90.344334893949,12.4129217466403,-25.3392199379128,NA,144.019737252917,89.3722245620168,4.28986677897681,61.602960587937,0,0.555728510337068,83.3592765505616,1.472501178,47.3548831616118,NA,105.443074850249,276.275460456775,0,211.424031218349
"Europe",150,0.15,FALSE,TRUE,250,"BES",-181.529141488197,124.482232270437,-65.5155912787172,NA,146.372892547443,89.3722245620168,4.28986677897681,86.9719338821258,0,0.150069889939539,22.510483490931,1.472501178,89.2450883351634,NA,122.671565851278,Inf,0,211.424031218349
"India",150,0.15,FALSE,TRUE,250,"BES",-42.9875610871185,68.1731787754335,41.3560301737859,NA,124.063848103915,89.3722245620168,4.28986677897681,73.5865343473527,0,0.845868138062848,126.880220709427,1.472501178,56.5772930847722,NA,113.581318770493,169.907574588481,0,211.424031218349
"US",200,0.15,FALSE,TRUE,250,"BES",-155.582877718684,64.4814271673545,-54.3212302522891,NA,252.959922917359,89.3722245620168,4.28986677897681,138.003988437604,0,0.514594434199082,102.918886839816,1.472501178,77.9900842776848,NA,157.328281457305,522.872020985097,0,211.424031218349
"China",200,0.15,FALSE,TRUE,250,"BES",-64.0718953569752,40.7640045960684,2.44720557894025,NA,144.019737252917,89.3722245620168,4.28986677897681,61.602960587937,0,0.555728510337068,111.145702067413,1.472501178,47.3548831616118,NA,105.443074850249,276.275460456775,0,211.424031218349
"Europe",200,0.15,FALSE,TRUE,250,"BES",-182.234667908737,190.508637425917,-58.0120967817406,NA,146.372892547443,89.3722245620168,4.28986677897681,86.9719338821258,0,0.150069889939539,30.0139779879082,1.472501178,89.2450883351634,NA,122.671565851278,Inf,0,211.424031218349
"India",200,0.15,FALSE,TRUE,250,"BES",-2.42875116552605,110.584889405225,83.6494370769281,NA,124.063848103915,89.3722245620168,4.28986677897681,73.5865343473527,0,0.845868138062848,169.173627612569,1.472501178,56.5772930847722,NA,113.581318770493,169.907574588481,0,211.424031218349
"US",0,0.02,TRUE,FALSE,250,"BES",-131.581759194541,-32.3423790565078,-90.6722870326132,NA,252.959922917359,26.2012980234781,1.25766230512695,138.003988437604,0,0.514594434199082,0,1.472501178,77.9900842776848,NA,112.36863592255,372.067025202382,0,211.424031218349
"China",0,0.02,TRUE,FALSE,250,"BES",-102.958522492482,-6.43719578925526,-42.4953654760868,NA,144.019737252917,26.2012980234781,1.25766230512695,61.602960587937,0,0.555728510337068,0,1.472501178,47.3548831616118,NA,60.4834293154923,157.105617655927,0,211.424031218349
"Europe",0,0.02,TRUE,FALSE,250,"BES",-113.209431214191,31.5451603107978,-21.8229437572597,NA,146.372892547443,26.2012980234781,1.25766230512695,86.9719338821258,0,0.150069889939539,0,1.472501178,89.2450883351634,NA,77.7119203165217,Inf,0,211.424031218349
"India",0,0.02,TRUE,FALSE,250,"BES",-98.4608598395073,7.14117789844906,-19.3210595232529,NA,124.063848103915,26.2012980234781,1.25766230512695,73.5865343473527,0,0.845868138062848,0,1.472501178,56.5772930847722,NA,68.6216732357392,91.6403912998069,0,211.424031218349
"US",50,0.02,TRUE,FALSE,250,"BES",-121.03125607248,-7.91943430640742,-65.0337400844349,NA,252.959922917359,26.2012980234781,1.25766230512695,138.003988437604,0,0.514594434199082,25.7297217099541,1.472501178,77.9900842776848,NA,112.36863592255,372.067025202382,0,211.424031218349
"China",50,0.02,TRUE,FALSE,250,"BES",-76.6860829555081,21.9138870601728,-14.7089399592317,NA,144.019737252917,26.2012980234781,1.25766230512695,61.602960587937,0,0.555728510337068,27.7864255168531,1.472501178,47.3548831616118,NA,60.4834293154923,157.105617655927,0,211.424031218349
"Europe",50,0.02,TRUE,FALSE,250,"BES",-113.91495763473,58.6325529718656,-14.3194492602832,NA,146.372892547443,26.2012980234781,1.25766230512695,86.9719338821258,0,0.150069889939539,7.50349449697705,1.472501178,89.2450883351634,NA,77.7119203165217,Inf,0,211.424031218349
"India",50,0.02,TRUE,FALSE,250,"BES",-57.9020499179149,49.5528885282401,22.9723473798894,NA,124.063848103915,26.2012980234781,1.25766230512695,73.5865343473527,0,0.845868138062848,42.2934069031423,1.472501178,56.5772930847722,NA,68.6216732357392,91.6403912998069,0,211.424031218349
"US",100,0.02,TRUE,FALSE,250,"BES",-110.480752950418,27.619960676266,-39.3951931362564,NA,252.959922917359,26.2012980234781,1.25766230512695,138.003988437604,0,0.514594434199082,51.4594434199082,1.472501178,77.9900842776848,NA,112.36863592255,372.067025202382,0,211.424031218349
"China",100,0.02,TRUE,FALSE,250,"BES",-50.4136434185343,50.2649699096009,13.0774855576219,NA,144.019737252917,26.2012980234781,1.25766230512695,61.602960587937,0,0.555728510337068,55.5728510337063,1.472501178,47.3548831616118,NA,60.4834293154923,157.105617655927,0,211.424031218349
"Europe",100,0.02,TRUE,FALSE,250,"BES",-114.620484055269,124.658958127346,-6.81595476330611,NA,146.372892547443,26.2012980234781,1.25766230512695,86.9719338821258,0,0.150069889939539,15.0069889939541,1.472501178,89.2450883351634,NA,77.7119203165217,Inf,0,211.424031218349
"India",100,0.02,TRUE,FALSE,250,"BES",-17.3432399963224,91.9645991580311,65.265754283032,NA,124.063848103915,26.2012980234781,1.25766230512695,73.5865343473527,0,0.845868138062848,84.5868138062846,1.472501178,56.5772930847722,NA,68.6216732357392,91.6403912998069,0,211.424031218349
"US",150,0.02,TRUE,FALSE,250,"BES",-99.930249828357,77.4105771098802,-13.7566461880784,NA,252.959922917359,26.2012980234781,1.25766230512695,138.003988437604,0,0.514594434199082,77.1891651298621,1.472501178,77.9900842776848,NA,112.36863592255,372.067025202382,0,211.424031218349
"China",150,0.02,TRUE,FALSE,250,"BES",-24.1412038815605,78.6160527590289,40.8639110744756,NA,144.019737252917,26.2012980234781,1.25766230512695,61.602960587937,0,0.555728510337068,83.3592765505616,1.472501178,47.3548831616118,NA,60.4834293154923,157.105617655927,0,211.424031218349
"Europe",150,0.02,TRUE,FALSE,250,"BES",-115.326010475809,190.685363282825,0.687539733670642,NA,146.372892547443,26.2012980234781,1.25766230512695,86.9719338821258,0,0.150069889939539,22.510483490931,1.472501178,89.2450883351634,NA,77.7119203165217,Inf,0,211.424031218349
"India",150,0.02,TRUE,FALSE,250,"BES",23.2155699252701,134.376309787822,107.559161186175,NA,124.063848103915,26.2012980234781,1.25766230512695,73.5865343473527,0,0.845868138062848,126.880220709427,1.472501178,56.5772930847722,NA,68.6216732357392,91.6403912998069,0,211.424031218349
"US",200,0.02,TRUE,FALSE,250,"BES",-89.3797467062955,130.684558179743,11.8819007600997,NA,252.959922917359,26.2012980234781,1.25766230512695,138.003988437604,0,0.514594434199082,102.918886839816,1.472501178,77.9900842776848,NA,112.36863592255,372.067025202382,0,211.424031218349
"China",200,0.02,TRUE,FALSE,250,"BES",2.13123565541338,106.967135608457,68.6503365913298,NA,144.019737252917,26.2012980234781,1.25766230512695,61.602960587937,0,0.555728510337068,111.145702067413,1.472501178,47.3548831616118,NA,60.4834293154923,157.105617655927,0,211.424031218349
"Europe",200,0.02,TRUE,FALSE,250,"BES",-116.031536896348,256.711768438305,8.19103423064783,NA,146.372892547443,26.2012980234781,1.25766230512695,86.9719338821258,0,0.150069889939539,30.0139779879082,1.472501178,89.2450883351634,NA,77.7119203165217,Inf,0,211.424031218349
"India",200,0.02,TRUE,FALSE,250,"BES",63.7743798468626,176.788020417613,149.852568089317,NA,124.063848103915,26.2012980234781,1.25766230512695,73.5865343473527,0,0.845868138062848,169.173627612569,1.472501178,56.5772930847722,NA,68.6216732357392,91.6403912998069,0,211.424031218349
"US",0,0.08,TRUE,FALSE,250,"BES",-158.750194484793,-59.5108143467591,-117.840722322865,NA,252.959922917359,52.1253774989087,2.50201811994762,138.003988437604,0,0.514594434199082,0,1.472501178,77.9900842776848,NA,130.819171444126,433.954366582087,0,211.424031218349
"China",0,0.08,TRUE,FALSE,250,"BES",-130.126957782733,-33.6056310795066,-69.6638007663356,NA,144.019737252917,52.1253774989087,2.50201811994762,61.602960587937,0,0.555728510337068,0,1.472501178,47.3548831616118,NA,78.9339648370693,206.010527637877,0,211.424031218349
"Europe",0,0.08,TRUE,FALSE,250,"BES",-140.377866504442,4.37672502054652,-48.9913790475124,NA,146.372892547443,52.1253774989087,2.50201811994762,86.9719338821258,0,0.150069889939539,0,1.472501178,89.2450883351634,NA,96.1624558380979,Inf,0,211.424031218349
"India",0,0.08,TRUE,FALSE,250,"BES",-125.629295129759,-20.0272573918022,-46.4894948135045,NA,124.063848103915,52.1253774989087,2.50201811994762,73.5865343473527,0,0.845868138062848,0,1.472501178,56.5772930847722,NA,87.0722087573141,123.759671340061,0,211.424031218349
"US",50,0.08,TRUE,FALSE,250,"BES",-148.199691362731,-35.0878695966587,-92.2021753746857,NA,252.959922917359,52.1253774989087,2.50201811994762,138.003988437604,0,0.514594434199082,25.7297217099541,1.472501178,77.9900842776848,NA,130.819171444126,433.954366582087,0,211.424031218349
"China",50,0.08,TRUE,FALSE,250,"BES",-103.854518245759,-5.2545482300785,-41.8773752494827,NA,144.019737252917,52.1253774989087,2.50201811994762,61.602960587937,0,0.555728510337068,27.7864255168531,1.472501178,47.3548831616118,NA,78.9339648370693,206.010527637877,0,211.424031218349
"Europe",50,0.08,TRUE,FALSE,250,"BES",-141.083392924981,31.4641176816143,-41.4878845505346,NA,146.372892547443,52.1253774989087,2.50201811994762,86.9719338821258,0,0.150069889939539,7.50349449697705,1.472501178,89.2450883351634,NA,96.1624558380979,Inf,0,211.424031218349
"India",50,0.08,TRUE,FALSE,250,"BES",-85.0704852081662,22.3844532379888,-4.19608791036175,NA,124.063848103915,52.1253774989087,2.50201811994762,73.5865343473527,0,0.845868138062848,42.2934069031423,1.472501178,56.5772930847722,NA,87.0722087573141,123.759671340061,0,211.424031218349
"US",100,0.08,TRUE,FALSE,250,"BES",-137.64918824067,0.451525386014737,-66.5636284265078,NA,252.959922917359,52.1253774989087,2.50201811994762,138.003988437604,0,0.514594434199082,51.4594434199082,1.472501178,77.9900842776848,NA,130.819171444126,433.954366582087,0,211.424031218349
"China",100,0.08,TRUE,FALSE,250,"BES",-77.5820787087856,23.0965346193496,-14.0909497326294,NA,144.019737252917,52.1253774989087,2.50201811994762,61.602960587937,0,0.555728510337068,55.5728510337063,1.472501178,47.3548831616118,NA,78.9339648370693,206.010527637877,0,211.424031218349
"Europe",100,0.08,TRUE,FALSE,250,"BES",-141.788919345521,97.4905228370943,-33.9843900535576,NA,146.372892547443,52.1253774989087,2.50201811994762,86.9719338821258,0,0.150069889939539,15.0069889939541,1.472501178,89.2450883351634,NA,96.1624558380979,Inf,0,211.424031218349
"India",100,0.08,TRUE,FALSE,250,"BES",-44.5116752865737,64.7961638677798,38.0973189927809,NA,124.063848103915,52.1253774989087,2.50201811994762,73.5865343473527,0,0.845868138062848,84.5868138062846,1.472501178,56.5772930847722,NA,87.0722087573141,123.759671340061,0,211.424031218349
"US",150,0.08,TRUE,FALSE,250,"BES",-127.098685118608,50.2421418196289,-40.9250814783295,NA,252.959922917359,52.1253774989087,2.50201811994762,138.003988437604,0,0.514594434199082,77.1891651298621,1.472501178,77.9900842776848,NA,130.819171444126,433.954366582087,0,211.424031218349
"China",150,0.08,TRUE,FALSE,250,"BES",-51.3096391718118,51.4476174687776,13.695475784224,NA,144.019737252917,52.1253774989087,2.50201811994762,61.602960587937,0,0.555728510337068,83.3592765505616,1.472501178,47.3548831616118,NA,78.9339648370693,206.010527637877,0,211.424031218349
"Europe",150,0.08,TRUE,FALSE,250,"BES",-142.49444576606,163.516927992574,-26.4808955565802,NA,146.372892547443,52.1253774989087,2.50201811994762,86.9719338821258,0,0.150069889939539,22.510483490931,1.472501178,89.2450883351634,NA,96.1624558380979,Inf,0,211.424031218349
"India",150,0.08,TRUE,FALSE,250,"BES",-3.95286536498122,107.207874497571,80.3907258959234,NA,124.063848103915,52.1253774989087,2.50201811994762,73.5865343473527,0,0.845868138062848,126.880220709427,1.472501178,56.5772930847722,NA,87.0722087573141,123.759671340061,0,211.424031218349
"US",200,0.08,TRUE,FALSE,250,"BES",-116.548181996547,103.516122889492,-15.2865345301516,NA,252.959922917359,52.1253774989087,2.50201811994762,138.003988437604,0,0.514594434199082,102.918886839816,1.472501178,77.9900842776848,NA,130.819171444126,433.954366582087,0,211.424031218349
"China",200,0.08,TRUE,FALSE,250,"BES",-25.0371996348379,79.7987003182057,41.4819013010775,NA,144.019737252917,52.1253774989087,2.50201811994762,61.602960587937,0,0.555728510337068,111.145702067413,1.472501178,47.3548831616118,NA,78.9339648370693,206.010527637877,0,211.424031218349
"Europe",200,0.08,TRUE,FALSE,250,"BES",-143.199972186599,229.543333148054,-18.9774010596031,NA,146.372892547443,52.1253774989087,2.50201811994762,86.9719338821258,0,0.150069889939539,30.0139779879082,1.472501178,89.2450883351634,NA,96.1624558380979,Inf,0,211.424031218349
"India",200,0.08,TRUE,FALSE,250,"BES",36.6059445566113,149.619585127362,122.684132799067,NA,124.063848103915,52.1253774989087,2.50201811994762,73.5865343473527,0,0.845868138062848,169.173627612569,1.472501178,56.5772930847722,NA,87.0722087573141,123.759671340061,0,211.424031218349
"US",0,0.15,TRUE,FALSE,250,"BES",-197.78489020693,-98.5455100688964,-156.875418045002,NA,252.959922917359,89.3722245620168,4.28986677897681,138.003988437604,0,0.514594434199082,0,1.472501178,77.9900842776848,NA,157.328281457305,522.872020985097,0,211.424031218349
"China",0,0.15,TRUE,FALSE,250,"BES",-169.161653504871,-72.6403268016438,-108.698496488475,NA,144.019737252917,89.3722245620168,4.28986677897681,61.602960587937,0,0.555728510337068,0,1.472501178,47.3548831616118,NA,105.443074850249,276.275460456775,0,211.424031218349
"Europe",0,0.15,TRUE,FALSE,250,"BES",-179.41256222658,-34.6579707015908,-88.0260747696466,NA,146.372892547443,89.3722245620168,4.28986677897681,86.9719338821258,0,0.150069889939539,0,1.472501178,89.2450883351634,NA,122.671565851278,Inf,0,211.424031218349
"India",0,0.15,TRUE,FALSE,250,"BES",-164.663990851896,-59.0619531139396,-85.5241905356415,NA,124.063848103915,89.3722245620168,4.28986677897681,73.5865343473527,0,0.845868138062848,0,1.472501178,56.5772930847722,NA,113.581318770493,169.907574588481,0,211.424031218349
"US",50,0.15,TRUE,FALSE,250,"BES",-187.234387084869,-74.122565318796,-131.236871096824,NA,252.959922917359,89.3722245620168,4.28986677897681,138.003988437604,0,0.514594434199082,25.7297217099541,1.472501178,77.9900842776848,NA,157.328281457305,522.872020985097,0,211.424031218349
"China",50,0.15,TRUE,FALSE,250,"BES",-142.889213967897,-44.2892439522158,-80.9120709716201,NA,144.019737252917,89.3722245620168,4.28986677897681,61.602960587937,0,0.555728510337068,27.7864255168531,1.472501178,47.3548831616118,NA,105.443074850249,276.275460456775,0,211.424031218349
"Europe",50,0.15,TRUE,FALSE,250,"BES",-180.118088647119,-7.57057804052297,-80.5225802726723,NA,146.372892547443,89.3722245620168,4.28986677897681,86.9719338821258,0,0.150069889939539,7.50349449697705,1.472501178,89.2450883351634,NA,122.671565851278,Inf,0,211.424031218349
"India",50,0.15,TRUE,FALSE,250,"BES",-124.105180930303,-16.6502424841485,-43.2307836324991,NA,124.063848103915,89.3722245620168,4.28986677897681,73.5865343473527,0,0.845868138062848,42.2934069031423,1.472501178,56.5772930847722,NA,113.581318770493,169.907574588481,0,211.424031218349
"US",100,0.15,TRUE,FALSE,250,"BES",-176.683883962807,-38.5831703361225,-105.598324148646,NA,252.959922917359,89.3722245620168,4.28986677897681,138.003988437604,0,0.514594434199082,51.4594434199082,1.472501178,77.9900842776848,NA,157.328281457305,522.872020985097,0,211.424031218349
"China",100,0.15,TRUE,FALSE,250,"BES",-116.616774430923,-15.9381611027877,-53.1256454547665,NA,144.019737252917,89.3722245620168,4.28986677897681,61.602960587937,0,0.555728510337068,55.5728510337063,1.472501178,47.3548831616118,NA,105.443074850249,276.275460456775,0,211.424031218349
"Europe",100,0.15,TRUE,FALSE,250,"BES",-180.823615067658,58.4558271149569,-73.0190857756942,NA,146.372892547443,89.3722245620168,4.28986677897681,86.9719338821258,0,0.150069889939539,15.0069889939541,1.472501178,89.2450883351634,NA,122.671565851278,Inf,0,211.424031218349
"India",100,0.15,TRUE,FALSE,250,"BES",-83.546371008711,25.7614681456425,-0.937376729356571,NA,124.063848103915,89.3722245620168,4.28986677897681,73.5865343473527,0,0.845868138062848,84.5868138062846,1.472501178,56.5772930847722,NA,113.581318770493,169.907574588481,0,211.424031218349
"US",150,0.15,TRUE,FALSE,250,"BES",-166.133380840746,11.2074460974916,-79.9597772004669,NA,252.959922917359,89.3722245620168,4.28986677897681,138.003988437604,0,0.514594434199082,77.1891651298621,1.472501178,77.9900842776848,NA,157.328281457305,522.872020985097,0,211.424031218349
"China",150,0.15,TRUE,FALSE,250,"BES",-90.344334893949,12.4129217466403,-25.3392199379128,NA,144.019737252917,89.3722245620168,4.28986677897681,61.602960587937,0,0.555728510337068,83.3592765505616,1.472501178,47.3548831616118,NA,105.443074850249,276.275460456775,0,211.424031218349
"Europe",150,0.15,TRUE,FALSE,250,"BES",-181.529141488197,124.482232270437,-65.5155912787172,NA,146.372892547443,89.3722245620168,4.28986677897681,86.9719338821258,0,0.150069889939539,22.510483490931,1.472501178,89.2450883351634,NA,122.671565851278,Inf,0,211.424031218349
"India",150,0.15,TRUE,FALSE,250,"BES",-42.9875610871185,68.1731787754335,41.3560301737859,NA,124.063848103915,89.3722245620168,4.28986677897681,73.5865343473527,0,0.845868138062848,126.880220709427,1.472501178,56.5772930847722,NA,113.581318770493,169.907574588481,0,211.424031218349
"US",200,0.15,TRUE,FALSE,250,"BES",-155.582877718684,64.4814271673545,-54.3212302522891,NA,252.959922917359,89.3722245620168,4.28986677897681,138.003988437604,0,0.514594434199082,102.918886839816,1.472501178,77.9900842776848,NA,157.328281457305,522.872020985097,0,211.424031218349
"China",200,0.15,TRUE,FALSE,250,"BES",-64.0718953569752,40.7640045960684,2.44720557894025,NA,144.019737252917,89.3722245620168,4.28986677897681,61.602960587937,0,0.555728510337068,111.145702067413,1.472501178,47.3548831616118,NA,105.443074850249,276.275460456775,0,211.424031218349
"Europe",200,0.15,TRUE,FALSE,250,"BES",-182.234667908737,190.508637425917,-58.0120967817406,NA,146.372892547443,89.3722245620168,4.28986677897681,86.9719338821258,0,0.150069889939539,30.0139779879082,1.472501178,89.2450883351634,NA,122.671565851278,Inf,0,211.424031218349
"India",200,0.15,TRUE,FALSE,250,"BES",-2.42875116552605,110.584889405225,83.6494370769281,NA,124.063848103915,89.3722245620168,4.28986677897681,73.5865343473527,0,0.845868138062848,169.173627612569,1.472501178,56.5772930847722,NA,113.581318770493,169.907574588481,0,211.424031218349
"US",0,0.02,FALSE,FALSE,250,"BES",-131.581759194541,-32.3423790565078,-90.6722870326132,NA,252.959922917359,26.2012980234781,1.25766230512695,138.003988437604,0,0.514594434199082,0,1.472501178,77.9900842776848,NA,112.36863592255,372.067025202382,0,211.424031218349
"China",0,0.02,FALSE,FALSE,250,"BES",-102.958522492482,-6.43719578925526,-42.4953654760868,NA,144.019737252917,26.2012980234781,1.25766230512695,61.602960587937,0,0.555728510337068,0,1.472501178,47.3548831616118,NA,60.4834293154923,157.105617655927,0,211.424031218349
"Europe",0,0.02,FALSE,FALSE,250,"BES",-113.209431214191,31.5451603107978,-21.8229437572597,NA,146.372892547443,26.2012980234781,1.25766230512695,86.9719338821258,0,0.150069889939539,0,1.472501178,89.2450883351634,NA,77.7119203165217,Inf,0,211.424031218349
"India",0,0.02,FALSE,FALSE,250,"BES",-98.4608598395073,7.14117789844906,-19.3210595232529,NA,124.063848103915,26.2012980234781,1.25766230512695,73.5865343473527,0,0.845868138062848,0,1.472501178,56.5772930847722,NA,68.6216732357392,91.6403912998069,0,211.424031218349
"US",50,0.02,FALSE,FALSE,250,"BES",-121.03125607248,-7.91943430640742,-65.0337400844349,NA,252.959922917359,26.2012980234781,1.25766230512695,138.003988437604,0,0.514594434199082,25.7297217099541,1.472501178,77.9900842776848,NA,112.36863592255,372.067025202382,0,211.424031218349
"China",50,0.02,FALSE,FALSE,250,"BES",-76.6860829555081,21.9138870601728,-14.7089399592317,NA,144.019737252917,26.2012980234781,1.25766230512695,61.602960587937,0,0.555728510337068,27.7864255168531,1.472501178,47.3548831616118,NA,60.4834293154923,157.105617655927,0,211.424031218349
"Europe",50,0.02,FALSE,FALSE,250,"BES",-113.91495763473,58.6325529718656,-14.3194492602832,NA,146.372892547443,26.2012980234781,1.25766230512695,86.9719338821258,0,0.150069889939539,7.50349449697705,1.472501178,89.2450883351634,NA,77.7119203165217,Inf,0,211.424031218349
"India",50,0.02,FALSE,FALSE,250,"BES",-57.9020499179149,49.5528885282401,22.9723473798894,NA,124.063848103915,26.2012980234781,1.25766230512695,73.5865343473527,0,0.845868138062848,42.2934069031423,1.472501178,56.5772930847722,NA,68.6216732357392,91.6403912998069,0,211.424031218349
"US",100,0.02,FALSE,FALSE,250,"BES",-110.480752950418,27.619960676266,-39.3951931362564,NA,252.959922917359,26.2012980234781,1.25766230512695,138.003988437604,0,0.514594434199082,51.4594434199082,1.472501178,77.9900842776848,NA,112.36863592255,372.067025202382,0,211.424031218349
"China",100,0.02,FALSE,FALSE,250,"BES",-50.4136434185343,50.2649699096009,13.0774855576219,NA,144.019737252917,26.2012980234781,1.25766230512695,61.602960587937,0,0.555728510337068,55.5728510337063,1.472501178,47.3548831616118,NA,60.4834293154923,157.105617655927,0,211.424031218349
"Europe",100,0.02,FALSE,FALSE,250,"BES",-114.620484055269,124.658958127346,-6.81595476330611,NA,146.372892547443,26.2012980234781,1.25766230512695,86.9719338821258,0,0.150069889939539,15.0069889939541,1.472501178,89.2450883351634,NA,77.7119203165217,Inf,0,211.424031218349
"India",100,0.02,FALSE,FALSE,250,"BES",-17.3432399963224,91.9645991580311,65.265754283032,NA,124.063848103915,26.2012980234781,1.25766230512695,73.5865343473527,0,0.845868138062848,84.5868138062846,1.472501178,56.5772930847722,NA,68.6216732357392,91.6403912998069,0,211.424031218349
"US",150,0.02,FALSE,FALSE,250,"BES",-99.930249828357,77.4105771098802,-13.7566461880784,NA,252.959922917359,26.2012980234781,1.25766230512695,138.003988437604,0,0.514594434199082,77.1891651298621,1.472501178,77.9900842776848,NA,112.36863592255,372.067025202382,0,211.424031218349
"China",150,0.02,FALSE,FALSE,250,"BES",-24.1412038815605,78.6160527590289,40.8639110744756,NA,144.019737252917,26.2012980234781,1.25766230512695,61.602960587937,0,0.555728510337068,83.3592765505616,1.472501178,47.3548831616118,NA,60.4834293154923,157.105617655927,0,211.424031218349
"Europe",150,0.02,FALSE,FALSE,250,"BES",-115.326010475809,190.685363282825,0.687539733670642,NA,146.372892547443,26.2012980234781,1.25766230512695,86.9719338821258,0,0.150069889939539,22.510483490931,1.472501178,89.2450883351634,NA,77.7119203165217,Inf,0,211.424031218349
"India",150,0.02,FALSE,FALSE,250,"BES",23.2155699252701,134.376309787822,107.559161186175,NA,124.063848103915,26.2012980234781,1.25766230512695,73.5865343473527,0,0.845868138062848,126.880220709427,1.472501178,56.5772930847722,NA,68.6216732357392,91.6403912998069,0,211.424031218349
"US",200,0.02,FALSE,FALSE,250,"BES",-89.3797467062955,130.684558179743,11.8819007600997,NA,252.959922917359,26.2012980234781,1.25766230512695,138.003988437604,0,0.514594434199082,102.918886839816,1.472501178,77.9900842776848,NA,112.36863592255,372.067025202382,0,211.424031218349
"China",200,0.02,FALSE,FALSE,250,"BES",2.13123565541338,106.967135608457,68.6503365913298,NA,144.019737252917,26.2012980234781,1.25766230512695,61.602960587937,0,0.555728510337068,111.145702067413,1.472501178,47.3548831616118,NA,60.4834293154923,157.105617655927,0,211.424031218349
"Europe",200,0.02,FALSE,FALSE,250,"BES",-116.031536896348,256.711768438305,8.19103423064783,NA,146.372892547443,26.2012980234781,1.25766230512695,86.9719338821258,0,0.150069889939539,30.0139779879082,1.472501178,89.2450883351634,NA,77.7119203165217,Inf,0,211.424031218349
"India",200,0.02,FALSE,FALSE,250,"BES",63.7743798468626,176.788020417613,149.852568089317,NA,124.063848103915,26.2012980234781,1.25766230512695,73.5865343473527,0,0.845868138062848,169.173627612569,1.472501178,56.5772930847722,NA,68.6216732357392,91.6403912998069,0,211.424031218349
"US",0,0.08,FALSE,FALSE,250,"BES",-158.750194484793,-59.5108143467591,-117.840722322865,NA,252.959922917359,52.1253774989087,2.50201811994762,138.003988437604,0,0.514594434199082,0,1.472501178,77.9900842776848,NA,130.819171444126,433.954366582087,0,211.424031218349
"China",0,0.08,FALSE,FALSE,250,"BES",-130.126957782733,-33.6056310795066,-69.6638007663356,NA,144.019737252917,52.1253774989087,2.50201811994762,61.602960587937,0,0.555728510337068,0,1.472501178,47.3548831616118,NA,78.9339648370693,206.010527637877,0,211.424031218349
"Europe",0,0.08,FALSE,FALSE,250,"BES",-140.377866504442,4.37672502054652,-48.9913790475124,NA,146.372892547443,52.1253774989087,2.50201811994762,86.9719338821258,0,0.150069889939539,0,1.472501178,89.2450883351634,NA,96.1624558380979,Inf,0,211.424031218349
"India",0,0.08,FALSE,FALSE,250,"BES",-125.629295129759,-20.0272573918022,-46.4894948135045,NA,124.063848103915,52.1253774989087,2.50201811994762,73.5865343473527,0,0.845868138062848,0,1.472501178,56.5772930847722,NA,87.0722087573141,123.759671340061,0,211.424031218349
"US",50,0.08,FALSE,FALSE,250,"BES",-148.199691362731,-35.0878695966587,-92.2021753746857,NA,252.959922917359,52.1253774989087,2.50201811994762,138.003988437604,0,0.514594434199082,25.7297217099541,1.472501178,77.9900842776848,NA,130.819171444126,433.954366582087,0,211.424031218349
"China",50,0.08,FALSE,FALSE,250,"BES",-103.854518245759,-5.2545482300785,-41.8773752494827,NA,144.019737252917,52.1253774989087,2.50201811994762,61.602960587937,0,0.555728510337068,27.7864255168531,1.472501178,47.3548831616118,NA,78.9339648370693,206.010527637877,0,211.424031218349
"Europe",50,0.08,FALSE,FALSE,250,"BES",-141.083392924981,31.4641176816143,-41.4878845505346,NA,146.372892547443,52.1253774989087,2.50201811994762,86.9719338821258,0,0.150069889939539,7.50349449697705,1.472501178,89.2450883351634,NA,96.1624558380979,Inf,0,211.424031218349
"India",50,0.08,FALSE,FALSE,250,"BES",-85.0704852081662,22.3844532379888,-4.19608791036175,NA,124.063848103915,52.1253774989087,2.50201811994762,73.5865343473527,0,0.845868138062848,42.2934069031423,1.472501178,56.5772930847722,NA,87.0722087573141,123.759671340061,0,211.424031218349
"US",100,0.08,FALSE,FALSE,250,"BES",-137.64918824067,0.451525386014737,-66.5636284265078,NA,252.959922917359,52.1253774989087,2.50201811994762,138.003988437604,0,0.514594434199082,51.4594434199082,1.472501178,77.9900842776848,NA,130.819171444126,433.954366582087,0,211.424031218349
"China",100,0.08,FALSE,FALSE,250,"BES",-77.5820787087856,23.0965346193496,-14.0909497326294,NA,144.019737252917,52.1253774989087,2.50201811994762,61.602960587937,0,0.555728510337068,55.5728510337063,1.472501178,47.3548831616118,NA,78.9339648370693,206.010527637877,0,211.424031218349
"Europe",100,0.08,FALSE,FALSE,250,"BES",-141.788919345521,97.4905228370943,-33.9843900535576,NA,146.372892547443,52.1253774989087,2.50201811994762,86.9719338821258,0,0.150069889939539,15.0069889939541,1.472501178,89.2450883351634,NA,96.1624558380979,Inf,0,211.424031218349
"India",100,0.08,FALSE,FALSE,250,"BES",-44.5116752865737,64.7961638677798,38.0973189927809,NA,124.063848103915,52.1253774989087,2.50201811994762,73.5865343473527,0,0.845868138062848,84.5868138062846,1.472501178,56.5772930847722,NA,87.0722087573141,123.759671340061,0,211.424031218349
"US",150,0.08,FALSE,FALSE,250,"BES",-127.098685118608,50.2421418196289,-40.9250814783295,NA,252.959922917359,52.1253774989087,2.50201811994762,138.003988437604,0,0.514594434199082,77.1891651298621,1.472501178,77.9900842776848,NA,130.819171444126,433.954366582087,0,211.424031218349
"China",150,0.08,FALSE,FALSE,250,"BES",-51.3096391718118,51.4476174687776,13.695475784224,NA,144.019737252917,52.1253774989087,2.50201811994762,61.602960587937,0,0.555728510337068,83.3592765505616,1.472501178,47.3548831616118,NA,78.9339648370693,206.010527637877,0,211.424031218349
"Europe",150,0.08,FALSE,FALSE,250,"BES",-142.49444576606,163.516927992574,-26.4808955565802,NA,146.372892547443,52.1253774989087,2.50201811994762,86.9719338821258,0,0.150069889939539,22.510483490931,1.472501178,89.2450883351634,NA,96.1624558380979,Inf,0,211.424031218349
"India",150,0.08,FALSE,FALSE,250,"BES",-3.95286536498122,107.207874497571,80.3907258959234,NA,124.063848103915,52.1253774989087,2.50201811994762,73.5865343473527,0,0.845868138062848,126.880220709427,1.472501178,56.5772930847722,NA,87.0722087573141,123.759671340061,0,211.424031218349
"US",200,0.08,FALSE,FALSE,250,"BES",-116.548181996547,103.516122889492,-15.2865345301516,NA,252.959922917359,52.1253774989087,2.50201811994762,138.003988437604,0,0.514594434199082,102.918886839816,1.472501178,77.9900842776848,NA,130.819171444126,433.954366582087,0,211.424031218349
"China",200,0.08,FALSE,FALSE,250,"BES",-25.0371996348379,79.7987003182057,41.4819013010775,NA,144.019737252917,52.1253774989087,2.50201811994762,61.602960587937,0,0.555728510337068,111.145702067413,1.472501178,47.3548831616118,NA,78.9339648370693,206.010527637877,0,211.424031218349
"Europe",200,0.08,FALSE,FALSE,250,"BES",-143.199972186599,229.543333148054,-18.9774010596031,NA,146.372892547443,52.1253774989087,2.50201811994762,86.9719338821258,0,0.150069889939539,30.0139779879082,1.472501178,89.2450883351634,NA,96.1624558380979,Inf,0,211.424031218349
"India",200,0.08,FALSE,FALSE,250,"BES",36.6059445566113,149.619585127362,122.684132799067,NA,124.063848103915,52.1253774989087,2.50201811994762,73.5865343473527,0,0.845868138062848,169.173627612569,1.472501178,56.5772930847722,NA,87.0722087573141,123.759671340061,0,211.424031218349
"US",0,0.15,FALSE,FALSE,250,"BES",-197.78489020693,-98.5455100688964,-156.875418045002,NA,252.959922917359,89.3722245620168,4.28986677897681,138.003988437604,0,0.514594434199082,0,1.472501178,77.9900842776848,NA,157.328281457305,522.872020985097,0,211.424031218349
"China",0,0.15,FALSE,FALSE,250,"BES",-169.161653504871,-72.6403268016438,-108.698496488475,NA,144.019737252917,89.3722245620168,4.28986677897681,61.602960587937,0,0.555728510337068,0,1.472501178,47.3548831616118,NA,105.443074850249,276.275460456775,0,211.424031218349
"Europe",0,0.15,FALSE,FALSE,250,"BES",-179.41256222658,-34.6579707015908,-88.0260747696466,NA,146.372892547443,89.3722245620168,4.28986677897681,86.9719338821258,0,0.150069889939539,0,1.472501178,89.2450883351634,NA,122.671565851278,Inf,0,211.424031218349
"India",0,0.15,FALSE,FALSE,250,"BES",-164.663990851896,-59.0619531139396,-85.5241905356415,NA,124.063848103915,89.3722245620168,4.28986677897681,73.5865343473527,0,0.845868138062848,0,1.472501178,56.5772930847722,NA,113.581318770493,169.907574588481,0,211.424031218349
"US",50,0.15,FALSE,FALSE,250,"BES",-187.234387084869,-74.122565318796,-131.236871096824,NA,252.959922917359,89.3722245620168,4.28986677897681,138.003988437604,0,0.514594434199082,25.7297217099541,1.472501178,77.9900842776848,NA,157.328281457305,522.872020985097,0,211.424031218349
"China",50,0.15,FALSE,FALSE,250,"BES",-142.889213967897,-44.2892439522158,-80.9120709716201,NA,144.019737252917,89.3722245620168,4.28986677897681,61.602960587937,0,0.555728510337068,27.7864255168531,1.472501178,47.3548831616118,NA,105.443074850249,276.275460456775,0,211.424031218349
"Europe",50,0.15,FALSE,FALSE,250,"BES",-180.118088647119,-7.57057804052297,-80.5225802726723,NA,146.372892547443,89.3722245620168,4.28986677897681,86.9719338821258,0,0.150069889939539,7.50349449697705,1.472501178,89.2450883351634,NA,122.671565851278,Inf,0,211.424031218349
"India",50,0.15,FALSE,FALSE,250,"BES",-124.105180930303,-16.6502424841485,-43.2307836324991,NA,124.063848103915,89.3722245620168,4.28986677897681,73.5865343473527,0,0.845868138062848,42.2934069031423,1.472501178,56.5772930847722,NA,113.581318770493,169.907574588481,0,211.424031218349
"US",100,0.15,FALSE,FALSE,250,"BES",-176.683883962807,-38.5831703361225,-105.598324148646,NA,252.959922917359,89.3722245620168,4.28986677897681,138.003988437604,0,0.514594434199082,51.4594434199082,1.472501178,77.9900842776848,NA,157.328281457305,522.872020985097,0,211.424031218349
"China",100,0.15,FALSE,FALSE,250,"BES",-116.616774430923,-15.9381611027877,-53.1256454547665,NA,144.019737252917,89.3722245620168,4.28986677897681,61.602960587937,0,0.555728510337068,55.5728510337063,1.472501178,47.3548831616118,NA,105.443074850249,276.275460456775,0,211.424031218349
"Europe",100,0.15,FALSE,FALSE,250,"BES",-180.823615067658,58.4558271149569,-73.0190857756942,NA,146.372892547443,89.3722245620168,4.28986677897681,86.9719338821258,0,0.150069889939539,15.0069889939541,1.472501178,89.2450883351634,NA,122.671565851278,Inf,0,211.424031218349
"India",100,0.15,FALSE,FALSE,250,"BES",-83.546371008711,25.7614681456425,-0.937376729356571,NA,124.063848103915,89.3722245620168,4.28986677897681,73.5865343473527,0,0.845868138062848,84.5868138062846,1.472501178,56.5772930847722,NA,113.581318770493,169.907574588481,0,211.424031218349
"US",150,0.15,FALSE,FALSE,250,"BES",-166.133380840746,11.2074460974916,-79.9597772004669,NA,252.959922917359,89.3722245620168,4.28986677897681,138.003988437604,0,0.514594434199082,77.1891651298621,1.472501178,77.9900842776848,NA,157.328281457305,522.872020985097,0,211.424031218349
"China",150,0.15,FALSE,FALSE,250,"BES",-90.344334893949,12.4129217466403,-25.3392199379128,NA,144.019737252917,89.3722245620168,4.28986677897681,61.602960587937,0,0.555728510337068,83.3592765505616,1.472501178,47.3548831616118,NA,105.443074850249,276.275460456775,0,211.424031218349
"Europe",150,0.15,FALSE,FALSE,250,"BES",-181.529141488197,124.482232270437,-65.5155912787172,NA,146.372892547443,89.3722245620168,4.28986677897681,86.9719338821258,0,0.150069889939539,22.510483490931,1.472501178,89.2450883351634,NA,122.671565851278,Inf,0,211.424031218349
"India",150,0.15,FALSE,FALSE,250,"BES",-42.9875610871185,68.1731787754335,41.3560301737859,NA,124.063848103915,89.3722245620168,4.28986677897681,73.5865343473527,0,0.845868138062848,126.880220709427,1.472501178,56.5772930847722,NA,113.581318770493,169.907574588481,0,211.424031218349
"US",200,0.15,FALSE,FALSE,250,"BES",-155.582877718684,64.4814271673545,-54.3212302522891,NA,252.959922917359,89.3722245620168,4.28986677897681,138.003988437604,0,0.514594434199082,102.918886839816,1.472501178,77.9900842776848,NA,157.328281457305,522.872020985097,0,211.424031218349
"China",200,0.15,FALSE,FALSE,250,"BES",-64.0718953569752,40.7640045960684,2.44720557894025,NA,144.019737252917,89.3722245620168,4.28986677897681,61.602960587937,0,0.555728510337068,111.145702067413,1.472501178,47.3548831616118,NA,105.443074850249,276.275460456775,0,211.424031218349
"Europe",200,0.15,FALSE,FALSE,250,"BES",-182.234667908737,190.508637425917,-58.0120967817406,NA,146.372892547443,89.3722245620168,4.28986677897681,86.9719338821258,0,0.150069889939539,30.0139779879082,1.472501178,89.2450883351634,NA,122.671565851278,Inf,0,211.424031218349
"India",200,0.15,FALSE,FALSE,250,"BES",-2.42875116552605,110.584889405225,83.6494370769281,NA,124.063848103915,89.3722245620168,4.28986677897681,73.5865343473527,0,0.845868138062848,169.173627612569,1.472501178,56.5772930847722,NA,113.581318770493,169.907574588481,0,211.424031218349
"US",0,0.02,TRUE,TRUE,50,"BECCS",-2028.64709860297,-120.391099780174,-268.239128119808,1964.46151292609,199.98946647775,53.9483651702426,2.69741825851213,130.058419971662,212.346355399155,2.03245820596927,0,1.3743344328,72.7907453258409,NA,264.93269623508,170.316524853688,1.28311755427353,87.0642426318861
"China",0,0.02,TRUE,TRUE,50,"BECCS",-9492.92826183007,-66.9598629042219,-330.63094697904,4093.59770174552,117.182354530696,53.9483651702426,2.69741825851213,57.577353179606,371.690041398039,2.10549006739188,0,1.3743344328,44.1978909507134,NA,352.913917319907,176.704519559042,1.32922352739386,87.0642426318861
"Europe",0,0.02,TRUE,TRUE,50,"BECCS",-5038.19897611309,-46.9778953460052,-264.139923049234,2508.39519720034,105.932243283908,53.9483651702426,2.69741825851213,80.9058364925947,261.185162787582,1.71868377490976,0,1.3743344328,83.2954157792401,NA,270.963625451339,201.132700001472,1.08502763567536,87.0642426318861
"India",0,0.02,TRUE,TRUE,50,"BECCS",-8523.40521452856,-63.4173973017341,-222.83597675271,6858.22050563633,98.6717286943114,53.9483651702426,2.69741825851213,66.1403158005203,555.926790355459,2.37571723135745,0,1.3743344328,52.8054735456937,NA,463.624845363843,116.692163496292,1.49982148444283,87.0642426318861
"US",50,0.02,TRUE,TRUE,50,"BECCS",-1941.95737774301,-15.3225947932259,-166.713477909706,1964.46151292609,199.98946647775,53.9483651702426,2.69741825851213,130.058419971662,212.346355399155,2.03245820596927,101.622910298463,1.3743344328,72.7907453258409,NA,264.93269623508,170.316524853688,1.28311755427353,87.0642426318861
"China",50,0.02,TRUE,TRUE,50,"BECCS",-9387.91010304845,38.7400852002491,-225.356443609447,4093.59770174552,117.182354530696,53.9483651702426,2.69741825851213,57.577353179606,371.690041398039,2.10549006739188,105.274503369593,1.3743344328,44.1978909507134,NA,352.913917319907,176.704519559042,1.32922352739386,87.0642426318861
"Europe",50,0.02,TRUE,TRUE,50,"BECCS",-4958.9829310696,34.6670468894162,-178.20573430375,2508.39519720034,105.932243283908,53.9483651702426,2.69741825851213,80.9058364925947,261.185162787582,1.71868377490976,85.9341887454875,1.3743344328,83.2954157792401,NA,270.963625451339,201.132700001472,1.08502763567536,87.0642426318861
"India",50,0.02,TRUE,TRUE,50,"BECCS",-8404.77038161021,55.4494213112586,-104.050115184838,6858.22050563633,98.6717286943114,53.9483651702426,2.69741825851213,66.1403158005203,555.926790355459,2.37571723135745,118.785861567872,1.3743344328,52.8054735456937,NA,463.624845363843,116.692163496292,1.49982148444283,87.0642426318861
"US",100,0.02,TRUE,TRUE,50,"BECCS",-1855.26765688305,113.782009994243,-65.1878276996054,1964.46151292609,199.98946647775,53.9483651702426,2.69741825851213,130.058419971662,212.346355399155,2.03245820596927,203.245820596926,1.3743344328,72.7907453258409,NA,264.93269623508,170.316524853688,1.28311755427353,87.0642426318861
"China",100,0.02,TRUE,TRUE,50,"BECCS",-9282.89194426683,144.44003330472,-120.081940239852,4093.59770174552,117.182354530696,53.9483651702426,2.69741825851213,57.577353179606,371.690041398039,2.10549006739188,210.549006739187,1.3743344328,44.1978909507134,NA,352.913917319907,176.704519559042,1.32922352739386,87.0642426318861
"Europe",100,0.02,TRUE,TRUE,50,"BECCS",-4879.76688602612,116.311989124838,-92.2715455582623,2508.39519720034,105.932243283908,53.9483651702426,2.69741825851213,80.9058364925947,261.185162787582,1.71868377490976,171.868377490975,1.3743344328,83.2954157792401,NA,270.963625451339,201.132700001472,1.08502763567536,87.0642426318861
"India",100,0.02,TRUE,TRUE,50,"BECCS",-8286.13554869187,174.316239924251,14.7357463830341,6858.22050563633,98.6717286943114,53.9483651702426,2.69741825851213,66.1403158005203,555.926790355459,2.37571723135745,237.571723135743,1.3743344328,52.8054735456937,NA,463.624845363843,116.692163496292,1.49982148444283,87.0642426318861
"US",150,0.02,TRUE,TRUE,50,"BECCS",-1768.57793602309,242.886614781712,36.3378225104957,1964.46151292609,199.98946647775,53.9483651702426,2.69741825851213,130.058419971662,212.346355399155,2.03245820596927,304.868730895392,1.3743344328,72.7907453258409,NA,264.93269623508,170.316524853688,1.28311755427353,87.0642426318861
"China",150,0.02,TRUE,TRUE,50,"BECCS",-9177.87378548522,250.139981409191,-14.8074368702588,4093.59770174552,117.182354530696,53.9483651702426,2.69741825851213,57.577353179606,371.690041398039,2.10549006739188,315.823510108781,1.3743344328,44.1978909507134,NA,352.913917319907,176.704519559042,1.32922352739386,87.0642426318861
"Europe",150,0.02,TRUE,TRUE,50,"BECCS",-4800.55084098263,244.157799217012,-6.33735681277345,2508.39519720034,105.932243283908,53.9483651702426,2.69741825851213,80.9058364925947,261.185162787582,1.71868377490976,257.802566236461,1.3743344328,83.2954157792401,NA,270.963625451339,201.132700001472,1.08502763567536,87.0642426318861
"India",150,0.02,TRUE,TRUE,50,"BECCS",-8167.50071577352,293.183058537244,133.521607950906,6858.22050563633,98.6717286943114,53.9483651702426,2.69741825851213,66.1403158005203,555.926790355459,2.37571723135745,356.357584703614,1.3743344328,52.8054735456937,NA,463.624845363843,116.692163496292,1.49982148444283,87.0642426318861
"US",200,0.02,TRUE,TRUE,50,"BECCS",-1681.88821516313,371.991219569181,137.863472720596,1964.46151292609,199.98946647775,53.9483651702426,2.69741825851213,130.058419971662,212.346355399155,2.03245820596927,406.491641193853,1.3743344328,72.7907453258409,NA,264.93269623508,170.316524853688,1.28311755427353,87.0642426318861
"China",200,0.02,TRUE,TRUE,50,"BECCS",-9072.8556267036,355.839929513662,90.4670664993354,4093.59770174552,117.182354530696,53.9483651702426,2.69741825851213,57.577353179606,371.690041398039,2.10549006739188,421.098013478374,1.3743344328,44.1978909507134,NA,352.913917319907,176.704519559042,1.32922352739386,87.0642426318861
"Europe",200,0.02,TRUE,TRUE,50,"BECCS",-4721.33479593914,385.109092605975,79.5968319327155,2508.39519720034,105.932243283908,53.9483651702426,2.69741825851213,80.9058364925947,261.185162787582,1.71868377490976,343.73675498195,1.3743344328,83.2954157792401,NA,270.963625451339,201.132700001472,1.08502763567536,87.0642426318861
"India",200,0.02,TRUE,TRUE,50,"BECCS",-8048.86588285517,412.049877150237,252.307469518776,6858.22050563633,98.6717286943114,53.9483651702426,2.69741825851213,66.1403158005203,555.926790355459,2.37571723135745,475.143446271487,1.3743344328,52.8054735456937,NA,463.624845363843,116.692163496292,1.49982148444283,87.0642426318861
"US",0,0.08,TRUE,TRUE,50,"BECCS",-2084.69355058558,-177.959672510119,-327.708583912905,1964.46151292609,199.98946647775,107.325938487019,5.36629692435097,130.058419971662,214.389851562741,2.03245820596927,0,1.3743344328,72.7907453258409,NA,307.526944503127,199.804750315794,1.28311755427353,87.0642426318861
"China",0,0.08,TRUE,TRUE,50,"BECCS",-9548.97471381269,-123.725183640211,-388.684074470408,4093.59770174552,117.182354530696,107.325938487019,5.36629692435097,57.577353179606,372.541501475841,2.10549006739188,0,1.3743344328,44.1978909507134,NA,394.3650062607,204.27565170323,1.32922352739386,87.0642426318861
"Europe",0,0.08,TRUE,TRUE,50,"BECCS",-5094.24542809571,-103.762373400893,-321.661040992418,2508.39519720034,105.932243283908,107.325938487019,5.36629692435097,80.9058364925947,261.819483173401,1.71868377490976,0,1.3743344328,83.2954157792401,NA,312.306023096523,234.932023568124,1.08502763567536,87.0642426318861
"India",0,0.08,TRUE,TRUE,50,"BECCS",-8579.45166651118,-120.249316921825,-281.903510606843,6858.22050563633,98.6717286943114,107.325938487019,5.36629692435097,66.1403158005203,557.048155956396,2.37571723135745,0,1.3743344328,52.8054735456937,NA,505.416685248461,141.555434816169,1.49982148444283,87.0642426318861
"US",50,0.08,TRUE,TRUE,50,"BECCS",-1998.00382972562,-73.7093016878862,-226.182933702804,1964.46151292609,199.98946647775,107.325938487019,5.36629692435097,130.058419971662,214.389851562741,2.03245820596927,101.622910298463,1.3743344328,72.7907453258409,NA,307.526944503127,199.804750315794,1.28311755427353,87.0642426318861
"China",50,0.08,TRUE,TRUE,50,"BECCS",-9443.95655503107,-18.0252355357403,-283.409571100815,4093.59770174552,117.182354530696,107.325938487019,5.36629692435097,57.577353179606,372.541501475841,2.10549006739188,105.274503369593,1.3743344328,44.1978909507134,NA,394.3650062607,204.27565170323,1.32922352739386,87.0642426318861
"Europe",50,0.08,TRUE,TRUE,50,"BECCS",-5015.02938305222,-22.121554439321,-235.726852246929,2508.39519720034,105.932243283908,107.325938487019,5.36629692435097,80.9058364925947,261.819483173401,1.71868377490976,85.9341887454875,1.3743344328,83.2954157792401,NA,312.306023096523,234.932023568124,1.08502763567536,87.0642426318861
"India",50,0.08,TRUE,TRUE,50,"BECCS",-8460.81683359283,-1.38249830883234,-163.11764903897,6858.22050563633,98.6717286943114,107.325938487019,5.36629692435097,66.1403158005203,557.048155956396,2.37571723135745,118.785861567872,1.3743344328,52.8054735456937,NA,505.416685248461,141.555434816169,1.49982148444283,87.0642426318861
"US",100,0.08,TRUE,TRUE,50,"BECCS",-1911.31410886566,51.7190028486177,-124.657283492704,1964.46151292609,199.98946647775,107.325938487019,5.36629692435097,130.058419971662,214.389851562741,2.03245820596927,203.245820596926,1.3743344328,72.7907453258409,NA,307.526944503127,199.804750315794,1.28311755427353,87.0642426318861
"China",100,0.08,TRUE,TRUE,50,"BECCS",-9338.93839624945,87.6747125687307,-178.135067731221,4093.59770174552,117.182354530696,107.325938487019,5.36629692435097,57.577353179606,372.541501475841,2.10549006739188,210.549006739187,1.3743344328,44.1978909507134,NA,394.3650062607,204.27565170323,1.32922352739386,87.0642426318861
"Europe",100,0.08,TRUE,TRUE,50,"BECCS",-4935.81333800873,59.5192645222509,-149.792663501441,2508.39519720034,105.932243283908,107.325938487019,5.36629692435097,80.9058364925947,261.819483173401,1.71868377490976,171.868377490975,1.3743344328,83.2954157792401,NA,312.306023096523,234.932023568124,1.08502763567536,87.0642426318861
"India",100,0.08,TRUE,TRUE,50,"BECCS",-8342.18200067448,117.48432030416,-44.3317874710978,6858.22050563633,98.6717286943114,107.325938487019,5.36629692435097,66.1403158005203,557.048155956396,2.37571723135745,237.571723135743,1.3743344328,52.8054735456937,NA,505.416685248461,141.555434816169,1.49982148444283,87.0642426318861
"US",150,0.08,TRUE,TRUE,50,"BECCS",-1824.6243880057,180.823607636087,-23.131633282603,1964.46151292609,199.98946647775,107.325938487019,5.36629692435097,130.058419971662,214.389851562741,2.03245820596927,304.868730895392,1.3743344328,72.7907453258409,NA,307.526944503127,199.804750315794,1.28311755427353,87.0642426318861
"China",150,0.08,TRUE,TRUE,50,"BECCS",-9233.92023746783,193.374660673202,-72.8605643616261,4093.59770174552,117.182354530696,107.325938487019,5.36629692435097,57.577353179606,372.541501475841,2.10549006739188,315.823510108781,1.3743344328,44.1978909507134,NA,394.3650062607,204.27565170323,1.32922352739386,87.0642426318861
"Europe",150,0.08,TRUE,TRUE,50,"BECCS",-4856.59729296524,188.111347234396,-63.8584747559524,2508.39519720034,105.932243283908,107.325938487019,5.36629692435097,80.9058364925947,261.819483173401,1.71868377490976,257.802566236461,1.3743344328,83.2954157792401,NA,312.306023096523,234.932023568124,1.08502763567536,87.0642426318861
"India",150,0.08,TRUE,TRUE,50,"BECCS",-8223.54716775614,236.351138917153,74.4540740967729,6858.22050563633,98.6717286943114,107.325938487019,5.36629692435097,66.1403158005203,557.048155956396,2.37571723135745,356.357584703614,1.3743344328,52.8054735456937,NA,505.416685248461,141.555434816169,1.49982148444283,87.0642426318861
"US",200,0.08,TRUE,TRUE,50,"BECCS",-1737.93466714574,309.928212423556,78.3940169274978,1964.46151292609,199.98946647775,107.325938487019,5.36629692435097,130.058419971662,214.389851562741,2.03245820596927,406.491641193853,1.3743344328,72.7907453258409,NA,307.526944503127,199.804750315794,1.28311755427353,87.0642426318861
"China",200,0.08,TRUE,TRUE,50,"BECCS",-9128.90207868621,299.074608777673,32.4139390079662,4093.59770174552,117.182354530696,107.325938487019,5.36629692435097,57.577353179606,372.541501475841,2.10549006739188,421.098013478374,1.3743344328,44.1978909507134,NA,394.3650062607,204.27565170323,1.32922352739386,87.0642426318861
"Europe",200,0.08,TRUE,TRUE,50,"BECCS",-4777.38124792176,329.062640623359,22.0757139895351,2508.39519720034,105.932243283908,107.325938487019,5.36629692435097,80.9058364925947,261.819483173401,1.71868377490976,343.73675498195,1.3743344328,83.2954157792401,NA,312.306023096523,234.932023568124,1.08502763567536,87.0642426318861
"India",200,0.08,TRUE,TRUE,50,"BECCS",-8104.91233483779,355.217957530146,193.239935664645,6858.22050563633,98.6717286943114,107.325938487019,5.36629692435097,66.1403158005203,557.048155956396,2.37571723135745,475.143446271487,1.3743344328,52.8054735456937,NA,505.416685248461,141.555434816169,1.49982148444283,87.0642426318861
"US",0,0.15,TRUE,TRUE,50,"BECCS",-2165.21921119408,-260.672265107509,-409.311483856473,1964.46151292609,199.98946647775,184.017043828448,9.20085219142243,130.058419971662,214.977776668617,2.03245820596927,0,1.3743344328,72.7907453258409,NA,366.643345555886,240.221612967603,1.28311755427353,87.0642426318861
"China",0,0.15,TRUE,TRUE,50,"BECCS",-9629.50037442119,-205.283690739586,-469.90621410167,4093.59770174552,117.182354530696,184.017043828448,9.20085219142243,57.577353179606,372.833915122229,2.10549006739188,0,1.3743344328,44.1978909507134,NA,453.187680845442,242.852161318649,1.32922352739386,87.0642426318861
"Europe",0,0.15,TRUE,TRUE,50,"BECCS",-5174.77108870421,-185.336918537587,-402.67667078241,2508.39519720034,105.932243283908,184.017043828448,9.20085219142243,80.9058364925947,262.018187020154,1.71868377490976,0,1.3743344328,83.2954157792401,NA,371.074425920611,282.505095364474,1.08502763567536,87.0642426318861
"India",0,0.15,TRUE,TRUE,50,"BECCS",-8659.97732711968,-201.903511062009,-363.429713883284,6858.22050563633,98.6717286943114,184.017043828448,9.20085219142243,66.1403158005203,557.386259187364,2.37571723135745,0,1.3743344328,52.8054735456937,NA,564.314003814135,175.872084524646,1.49982148444283,87.0642426318861
"US",50,0.15,TRUE,TRUE,50,"BECCS",-2078.52949033412,-156.673928418151,-307.785833646373,1964.46151292609,199.98946647775,184.017043828448,9.20085219142243,130.058419971662,214.977776668617,2.03245820596927,101.622910298463,1.3743344328,72.7907453258409,NA,366.643345555886,240.221612967603,1.28311755427353,87.0642426318861
"China",50,0.15,TRUE,TRUE,50,"BECCS",-9524.48221563957,-99.5837426351154,-364.63171073208,4093.59770174552,117.182354530696,184.017043828448,9.20085219142243,57.577353179606,372.833915122229,2.10549006739188,105.274503369593,1.3743344328,44.1978909507134,NA,453.187680845442,242.852161318649,1.32922352739386,87.0642426318861
"Europe",50,0.15,TRUE,TRUE,50,"BECCS",-5095.55504366072,-103.696099576015,-316.742482036927,2508.39519720034,105.932243283908,184.017043828448,9.20085219142243,80.9058364925947,262.018187020154,1.71868377490976,85.9341887454875,1.3743344328,83.2954157792401,NA,371.074425920611,282.505095364474,1.08502763567536,87.0642426318861
"India",50,0.15,TRUE,TRUE,50,"BECCS",-8541.34249420133,-83.0366924490168,-244.643852315412,6858.22050563633,98.6717286943114,184.017043828448,9.20085219142243,66.1403158005203,557.386259187364,2.37571723135745,118.785861567872,1.3743344328,52.8054735456937,NA,564.314003814135,175.872084524646,1.49982148444283,87.0642426318861
"US",100,0.15,TRUE,TRUE,50,"BECCS",-1991.83976947416,-37.451042229378,-206.260183436272,1964.46151292609,199.98946647775,184.017043828448,9.20085219142243,130.058419971662,214.977776668617,2.03245820596927,203.245820596926,1.3743344328,72.7907453258409,NA,366.643345555886,240.221612967603,1.28311755427353,87.0642426318861
"China",100,0.15,TRUE,TRUE,50,"BECCS",-9419.46405685795,6.11620546935558,-259.357207362488,4093.59770174552,117.182354530696,184.017043828448,9.20085219142243,57.577353179606,372.833915122229,2.10549006739188,210.549006739187,1.3743344328,44.1978909507134,NA,453.187680845442,242.852161318649,1.32922352739386,87.0642426318861
"Europe",100,0.15,TRUE,TRUE,50,"BECCS",-5016.33899861723,-22.0552806144431,-230.808293291438,2508.39519720034,105.932243283908,184.017043828448,9.20085219142243,80.9058364925947,262.018187020154,1.71868377490976,171.868377490975,1.3743344328,83.2954157792401,NA,371.074425920611,282.505095364474,1.08502763567536,87.0642426318861
"India",100,0.15,TRUE,TRUE,50,"BECCS",-8422.70766128298,35.830126163976,-125.85799074754,6858.22050563633,98.6717286943114,184.017043828448,9.20085219142243,66.1403158005203,557.386259187364,2.37571723135745,237.571723135743,1.3743344328,52.8054735456937,NA,564.314003814135,175.872084524646,1.49982148444283,87.0642426318861
"US",150,0.15,TRUE,TRUE,50,"BECCS",-1905.1500486142,91.6535625580909,-104.73453322617,1964.46151292609,199.98946647775,184.017043828448,9.20085219142243,130.058419971662,214.977776668617,2.03245820596927,304.868730895392,1.3743344328,72.7907453258409,NA,366.643345555886,240.221612967603,1.28311755427353,87.0642426318861
"China",150,0.15,TRUE,TRUE,50,"BECCS",-9314.44589807633,111.816153573827,-154.082703992896,4093.59770174552,117.182354530696,184.017043828448,9.20085219142243,57.577353179606,372.833915122229,2.10549006739188,315.823510108781,1.3743344328,44.1978909507134,NA,453.187680845442,242.852161318649,1.32922352739386,87.0642426318861
"Europe",150,0.15,TRUE,TRUE,50,"BECCS",-4937.12295357374,107.585686625896,-144.87410454595,2508.39519720034,105.932243283908,184.017043828448,9.20085219142243,80.9058364925947,262.018187020154,1.71868377490976,257.802566236461,1.3743344328,83.2954157792401,NA,371.074425920611,282.505095364474,1.08502763567536,87.0642426318861
"India",150,0.15,TRUE,TRUE,50,"BECCS",-8304.07282836464,154.696944776969,-7.07212917966818,6858.22050563633,98.6717286943114,184.017043828448,9.20085219142243,66.1403158005203,557.386259187364,2.37571723135745,356.357584703614,1.3743344328,52.8054735456937,NA,564.314003814135,175.872084524646,1.49982148444283,87.0642426318861
"US",200,0.15,TRUE,TRUE,50,"BECCS",-1818.46032775424,220.75816734556,-3.20888301606898,1964.46151292609,199.98946647775,184.017043828448,9.20085219142243,130.058419971662,214.977776668617,2.03245820596927,406.491641193853,1.3743344328,72.7907453258409,NA,366.643345555886,240.221612967603,1.28311755427353,87.0642426318861
"China",200,0.15,TRUE,TRUE,50,"BECCS",-9209.42773929472,217.516101678298,-48.808200623301,4093.59770174552,117.182354530696,184.017043828448,9.20085219142243,57.577353179606,372.833915122229,2.10549006739188,421.098013478374,1.3743344328,44.1978909507134,NA,453.187680845442,242.852161318649,1.32922352739386,87.0642426318861
"Europe",200,0.15,TRUE,TRUE,50,"BECCS",-4857.90690853026,248.536980014858,-58.9399158004607,2508.39519720034,105.932243283908,184.017043828448,9.20085219142243,80.9058364925947,262.018187020154,1.71868377490976,343.73675498195,1.3743344328,83.2954157792401,NA,371.074425920611,282.505095364474,1.08502763567536,87.0642426318861
"India",200,0.15,TRUE,TRUE,50,"BECCS",-8185.43799544629,273.563763389962,111.713732388203,6858.22050563633,98.6717286943114,184.017043828448,9.20085219142243,66.1403158005203,557.386259187364,2.37571723135745,475.143446271487,1.3743344328,52.8054735456937,NA,564.314003814135,175.872084524646,1.49982148444283,87.0642426318861
"US",0,0.02,FALSE,TRUE,50,"BECCS",-2063.49890778265,-120.391099780174,-295.872355008369,2198.71059136775,199.98946647775,53.9483651702426,2.69741825851213,130.058419971662,229.918923502462,2.03245820596927,0,1.3743344328,72.7907453258409,NA,280.569375730937,183.618428530192,1.28311755427353,87.0642426318861
"China",0,0.02,FALSE,TRUE,50,"BECCS",-9717.38663058007,-66.9598629042219,-459.978897310409,5650.36533148175,117.182354530696,53.9483651702426,2.69741825851213,57.577353179606,480.623689389607,2.10549006739188,0,1.3743344328,44.1978909507134,NA,433.43787017739,238.268378884865,1.32922352739386,87.0642426318861
"Europe",0,0.02,FALSE,TRUE,50,"BECCS",-5038.19897611309,-46.9778953460052,-281.353829281491,2733.26793667067,105.932243283908,53.9483651702426,2.69741825851213,80.9058364925947,277.02523489952,1.71868377490976,0,1.3743344328,83.2954157792401,NA,284.987788269285,211.085514477104,1.08502763567536,87.0642426318861
"India",0,0.02,FALSE,TRUE,50,"BECCS",-8529.38125671606,-63.4173973017341,-261.443693052617,7256.96799238929,98.6717286943114,53.9483651702426,2.69741825851213,66.1403158005203,584.861383264862,2.37571723135745,0,1.3743344328,52.8054735456937,NA,488.53044926049,132.946328810676,1.49982148444283,87.0642426318861
"US",50,0.02,FALSE,TRUE,50,"BECCS",-1976.80918692269,-15.3225947932259,-194.346704798266,2198.71059136775,199.98946647775,53.9483651702426,2.69741825851213,130.058419971662,229.918923502462,2.03245820596927,101.622910298463,1.3743344328,72.7907453258409,NA,280.569375730937,183.618428530192,1.28311755427353,87.0642426318861
"China",50,0.02,FALSE,TRUE,50,"BECCS",-9612.36847179845,38.7400852002491,-354.704393940819,5650.36533148175,117.182354530696,53.9483651702426,2.69741825851213,57.577353179606,480.623689389607,2.10549006739188,105.274503369593,1.3743344328,44.1978909507134,NA,433.43787017739,238.268378884865,1.32922352739386,87.0642426318861
"Europe",50,0.02,FALSE,TRUE,50,"BECCS",-4958.9829310696,34.6670468894162,-195.419640536004,2733.26793667067,105.932243283908,53.9483651702426,2.69741825851213,80.9058364925947,277.02523489952,1.71868377490976,85.9341887454875,1.3743344328,83.2954157792401,NA,284.987788269285,211.085514477104,1.08502763567536,87.0642426318861
"India",50,0.02,FALSE,TRUE,50,"BECCS",-8410.74642379771,55.4494213112586,-142.657831484745,7256.96799238929,98.6717286943114,53.9483651702426,2.69741825851213,66.1403158005203,584.861383264862,2.37571723135745,118.785861567872,1.3743344328,52.8054735456937,NA,488.53044926049,132.946328810676,1.49982148444283,87.0642426318861
"US",100,0.02,FALSE,TRUE,50,"BECCS",-1890.11946606273,113.782009994243,-92.8210545881662,2198.71059136775,199.98946647775,53.9483651702426,2.69741825851213,130.058419971662,229.918923502462,2.03245820596927,203.245820596926,1.3743344328,72.7907453258409,NA,280.569375730937,183.618428530192,1.28311755427353,87.0642426318861
"China",100,0.02,FALSE,TRUE,50,"BECCS",-9507.35031301683,144.44003330472,-249.429890571225,5650.36533148175,117.182354530696,53.9483651702426,2.69741825851213,57.577353179606,480.623689389607,2.10549006739188,210.549006739187,1.3743344328,44.1978909507134,NA,433.43787017739,238.268378884865,1.32922352739386,87.0642426318861
"Europe",100,0.02,FALSE,TRUE,50,"BECCS",-4879.76688602612,116.311989124838,-109.485451790515,2733.26793667067,105.932243283908,53.9483651702426,2.69741825851213,80.9058364925947,277.02523489952,1.71868377490976,171.868377490975,1.3743344328,83.2954157792401,NA,284.987788269285,211.085514477104,1.08502763567536,87.0642426318861
"India",100,0.02,FALSE,TRUE,50,"BECCS",-8292.11159087937,174.316239924251,-23.8719699168728,7256.96799238929,98.6717286943114,53.9483651702426,2.69741825851213,66.1403158005203,584.861383264862,2.37571723135745,237.571723135743,1.3743344328,52.8054735456937,NA,488.53044926049,132.946328810676,1.49982148444283,87.0642426318861
"US",150,0.02,FALSE,TRUE,50,"BECCS",-1803.42974520277,242.886614781712,8.7045956219349,2198.71059136775,199.98946647775,53.9483651702426,2.69741825851213,130.058419971662,229.918923502462,2.03245820596927,304.868730895392,1.3743344328,72.7907453258409,NA,280.569375730937,183.618428530192,1.28311755427353,87.0642426318861
"China",150,0.02,FALSE,TRUE,50,"BECCS",-9402.33215423522,250.139981409191,-144.155387201629,5650.36533148175,117.182354530696,53.9483651702426,2.69741825851213,57.577353179606,480.623689389607,2.10549006739188,315.823510108781,1.3743344328,44.1978909507134,NA,433.43787017739,238.268378884865,1.32922352739386,87.0642426318861
"Europe",150,0.02,FALSE,TRUE,50,"BECCS",-4800.55084098263,197.956931360259,-23.5512630450268,2733.26793667067,105.932243283908,53.9483651702426,2.69741825851213,80.9058364925947,277.02523489952,1.71868377490976,257.802566236461,1.3743344328,83.2954157792401,NA,284.987788269285,211.085514477104,1.08502763567536,87.0642426318861
"India",150,0.02,FALSE,TRUE,50,"BECCS",-8173.47675796102,293.183058537244,94.913891650998,7256.96799238929,98.6717286943114,53.9483651702426,2.69741825851213,66.1403158005203,584.861383264862,2.37571723135745,356.357584703614,1.3743344328,52.8054735456937,NA,488.53044926049,132.946328810676,1.49982148444283,87.0642426318861
"US",200,0.02,FALSE,TRUE,50,"BECCS",-1716.74002434281,371.991219569181,110.230245832036,2198.71059136775,199.98946647775,53.9483651702426,2.69741825851213,130.058419971662,229.918923502462,2.03245820596927,406.491641193853,1.3743344328,72.7907453258409,NA,280.569375730937,183.618428530192,1.28311755427353,87.0642426318861
"China",200,0.02,FALSE,TRUE,50,"BECCS",-9297.3139954536,355.839929513662,-38.8808838320366,5650.36533148175,117.182354530696,53.9483651702426,2.69741825851213,57.577353179606,480.623689389607,2.10549006739188,421.098013478374,1.3743344328,44.1978909507134,NA,433.43787017739,238.268378884865,1.32922352739386,87.0642426318861
"Europe",200,0.02,FALSE,TRUE,50,"BECCS",-4721.33479593914,292.75337089577,62.3829257004619,2733.26793667067,105.932243283908,53.9483651702426,2.69741825851213,80.9058364925947,277.02523489952,1.71868377490976,343.73675498195,1.3743344328,83.2954157792401,NA,284.987788269285,211.085514477104,1.08502763567536,87.0642426318861
"India",200,0.02,FALSE,TRUE,50,"BECCS",-8054.84192504267,412.049877150237,213.699753218869,7256.96799238929,98.6717286943114,53.9483651702426,2.69741825851213,66.1403158005203,584.861383264862,2.37571723135745,475.143446271487,1.3743344328,52.8054735456937,NA,488.53044926049,132.946328810676,1.49982148444283,87.0642426318861
"US",0,0.08,FALSE,TRUE,50,"BECCS",-2119.54535976527,-177.959672510119,-353.626085301726,2198.71059136775,199.98946647775,107.325938487019,5.36629692435097,130.058419971662,231.044056680874,2.03245820596927,0,1.3743344328,72.7907453258409,NA,322.336859805098,212.291159375587,1.28311755427353,87.0642426318861
"China",0,0.08,FALSE,TRUE,50,"BECCS",-9773.43308256269,-123.725183640211,-516.40448080329,5650.36533148175,117.182354530696,107.325938487019,5.36629692435097,57.577353179606,480.795972014967,2.10549006739188,0,1.3743344328,44.1978909507134,NA,474.354291737454,265.067485844762,1.32922352739386,87.0642426318861
"Europe",0,0.08,FALSE,TRUE,50,"BECCS",-5094.24542809571,-103.762373400893,-338.47405747828,2733.26793667067,105.932243283908,107.325938487019,5.36629692435097,80.9058364925947,277.493390631438,1.71868377490976,0,1.3743344328,83.2954157792401,NA,326.183070412434,244.648983307158,1.08502763567536,87.0642426318861
"India",0,0.08,FALSE,TRUE,50,"BECCS",-8585.42770869867,-120.249316921825,-318.234971238923,7256.96799238929,98.6717286943114,107.325938487019,5.36629692435097,66.1403158005203,585.135321946717,2.37571723135745,0,1.3743344328,52.8054735456937,NA,529.55823333637,156.851149753373,1.49982148444283,87.0642426318861
"US",50,0.08,FALSE,TRUE,50,"BECCS",-2032.85563890531,-73.7093016878862,-252.100435091624,2198.71059136775,199.98946647775,107.325938487019,5.36629692435097,130.058419971662,231.044056680874,2.03245820596927,101.622910298463,1.3743344328,72.7907453258409,NA,322.336859805098,212.291159375587,1.28311755427353,87.0642426318861
"China",50,0.08,FALSE,TRUE,50,"BECCS",-9668.41492378107,-18.0252355357403,-411.129977433698,5650.36533148175,117.182354530696,107.325938487019,5.36629692435097,57.577353179606,480.795972014967,2.10549006739188,105.274503369593,1.3743344328,44.1978909507134,NA,474.354291737454,265.067485844762,1.32922352739386,87.0642426318861
"Europe",50,0.08,FALSE,TRUE,50,"BECCS",-5015.02938305222,-22.121554439321,-252.539868732791,2733.26793667067,105.932243283908,107.325938487019,5.36629692435097,80.9058364925947,277.493390631438,1.71868377490976,85.9341887454875,1.3743344328,83.2954157792401,NA,326.183070412434,244.648983307158,1.08502763567536,87.0642426318861
"India",50,0.08,FALSE,TRUE,50,"BECCS",-8466.79287578033,-1.38249830883234,-199.449109671051,7256.96799238929,98.6717286943114,107.325938487019,5.36629692435097,66.1403158005203,585.135321946717,2.37571723135745,118.785861567872,1.3743344328,52.8054735456937,NA,529.55823333637,156.851149753373,1.49982148444283,87.0642426318861
"US",100,0.08,FALSE,TRUE,50,"BECCS",-1946.16591804535,51.7190028486177,-150.574784881525,2198.71059136775,199.98946647775,107.325938487019,5.36629692435097,130.058419971662,231.044056680874,2.03245820596927,203.245820596926,1.3743344328,72.7907453258409,NA,322.336859805098,212.291159375587,1.28311755427353,87.0642426318861
"China",100,0.08,FALSE,TRUE,50,"BECCS",-9563.39676499945,87.6747125687307,-305.855474064101,5650.36533148175,117.182354530696,107.325938487019,5.36629692435097,57.577353179606,480.795972014967,2.10549006739188,210.549006739187,1.3743344328,44.1978909507134,NA,474.354291737454,265.067485844762,1.32922352739386,87.0642426318861
"Europe",100,0.08,FALSE,TRUE,50,"BECCS",-4935.81333800873,59.5192645222509,-166.605679987302,2733.26793667067,105.932243283908,107.325938487019,5.36629692435097,80.9058364925947,277.493390631438,1.71868377490976,171.868377490975,1.3743344328,83.2954157792401,NA,326.183070412434,244.648983307158,1.08502763567536,87.0642426318861
"India",100,0.08,FALSE,TRUE,50,"BECCS",-8348.15804286198,117.48432030416,-80.6632481031809,7256.96799238929,98.6717286943114,107.325938487019,5.36629692435097,66.1403158005203,585.135321946717,2.37571723135745,237.571723135743,1.3743344328,52.8054735456937,NA,529.55823333637,156.851149753373,1.49982148444283,87.0642426318861
"US",150,0.08,FALSE,TRUE,50,"BECCS",-1859.47619718539,180.823607636087,-49.0491346714239,2198.71059136775,199.98946647775,107.325938487019,5.36629692435097,130.058419971662,231.044056680874,2.03245820596927,304.868730895392,1.3743344328,72.7907453258409,NA,322.336859805098,212.291159375587,1.28311755427353,87.0642426318861
"China",150,0.08,FALSE,TRUE,50,"BECCS",-9458.37860621783,193.374660673202,-200.580970694507,5650.36533148175,117.182354530696,107.325938487019,5.36629692435097,57.577353179606,480.795972014967,2.10549006739188,315.823510108781,1.3743344328,44.1978909507134,NA,474.354291737454,265.067485844762,1.32922352739386,87.0642426318861
"Europe",150,0.08,FALSE,TRUE,50,"BECCS",-4856.59729296524,141.160083483823,-80.6714912418141,2733.26793667067,105.932243283908,107.325938487019,5.36629692435097,80.9058364925947,277.493390631438,1.71868377490976,257.802566236461,1.3743344328,83.2954157792401,NA,326.183070412434,244.648983307158,1.08502763567536,87.0642426318861
"India",150,0.08,FALSE,TRUE,50,"BECCS",-8229.52320994364,236.351138917153,38.12261346469,7256.96799238929,98.6717286943114,107.325938487019,5.36629692435097,66.1403158005203,585.135321946717,2.37571723135745,356.357584703614,1.3743344328,52.8054735456937,NA,529.55823333637,156.851149753373,1.49982148444283,87.0642426318861
"US",200,0.08,FALSE,TRUE,50,"BECCS",-1772.78647632543,309.928212423556,52.4765155386773,2198.71059136775,199.98946647775,107.325938487019,5.36629692435097,130.058419971662,231.044056680874,2.03245820596927,406.491641193853,1.3743344328,72.7907453258409,NA,322.336859805098,212.291159375587,1.28311755427353,87.0642426318861
"China",200,0.08,FALSE,TRUE,50,"BECCS",-9353.36044743621,299.074608777673,-95.3064673249136,5650.36533148175,117.182354530696,107.325938487019,5.36629692435097,57.577353179606,480.795972014967,2.10549006739188,421.098013478374,1.3743344328,44.1978909507134,NA,474.354291737454,265.067485844762,1.32922352739386,87.0642426318861
"Europe",200,0.08,FALSE,TRUE,50,"BECCS",-4777.38124792176,236.706918913154,5.26269750367322,2733.26793667067,105.932243283908,107.325938487019,5.36629692435097,80.9058364925947,277.493390631438,1.71868377490976,343.73675498195,1.3743344328,83.2954157792401,NA,326.183070412434,244.648983307158,1.08502763567536,87.0642426318861
"India",200,0.08,FALSE,TRUE,50,"BECCS",-8110.88837702529,355.217957530146,156.908475032562,7256.96799238929,98.6717286943114,107.325938487019,5.36629692435097,66.1403158005203,585.135321946717,2.37571723135745,475.143446271487,1.3743344328,52.8054735456937,NA,529.55823333637,156.851149753373,1.49982148444283,87.0642426318861
"US",0,0.15,FALSE,TRUE,50,"BECCS",-2200.07102037377,-260.672265107509,-434.71618169649,2198.71059136775,199.98946647775,184.017043828448,9.20085219142243,130.058419971662,231.368412797167,2.03245820596927,0,1.3743344328,72.7907453258409,NA,381.215980602965,252.470118645657,1.28311755427353,87.0642426318861
"China",0,0.15,FALSE,TRUE,50,"BECCS",-9853.95874317119,-205.283690739586,-597.074533968554,5650.36533148175,117.182354530696,184.017043828448,9.20085219142243,57.577353179606,480.858035498637,2.10549006739188,0,1.3743344328,44.1978909507134,NA,532.995628267307,303.382134403207,1.32922352739386,87.0642426318861
"Europe",0,0.15,FALSE,TRUE,50,"BECCS",-5174.77108870421,-185.336918537587,-419.355066649651,2733.26793667067,105.932243283908,184.017043828448,9.20085219142243,80.9058364925947,277.638589381341,1.71868377490976,0,1.3743344328,83.2954157792401,NA,384.904101975555,292.142180927307,1.08502763567536,87.0642426318861
"India",0,0.15,FALSE,TRUE,50,"BECCS",-8665.95336930718,-201.903511062009,-398.975653880482,7256.96799238929,98.6717286943114,184.017043828448,9.20085219142243,66.1403158005203,585.21343450164,2.37571723135745,0,1.3743344328,52.8054735456937,NA,588.221139492225,190.836954785702,1.49982148444283,87.0642426318861
"US",50,0.15,FALSE,TRUE,50,"BECCS",-2113.38129951381,-156.673928418151,-333.190531486389,2198.71059136775,199.98946647775,184.017043828448,9.20085219142243,130.058419971662,231.368412797167,2.03245820596927,101.622910298463,1.3743344328,72.7907453258409,NA,381.215980602965,252.470118645657,1.28311755427353,87.0642426318861
"China",50,0.15,FALSE,TRUE,50,"BECCS",-9748.94058438957,-99.5837426351154,-491.800030598966,5650.36533148175,117.182354530696,184.017043828448,9.20085219142243,57.577353179606,480.858035498637,2.10549006739188,105.274503369593,1.3743344328,44.1978909507134,NA,532.995628267307,303.382134403207,1.32922352739386,87.0642426318861
"Europe",50,0.15,FALSE,TRUE,50,"BECCS",-5095.55504366072,-103.696099576015,-333.420877904172,2733.26793667067,105.932243283908,184.017043828448,9.20085219142243,80.9058364925947,277.638589381341,1.71868377490976,85.9341887454875,1.3743344328,83.2954157792401,NA,384.904101975555,292.142180927307,1.08502763567536,87.0642426318861
"India",50,0.15,FALSE,TRUE,50,"BECCS",-8547.31853638883,-83.0366924490168,-280.18979231261,7256.96799238929,98.6717286943114,184.017043828448,9.20085219142243,66.1403158005203,585.21343450164,2.37571723135745,118.785861567872,1.3743344328,52.8054735456937,NA,588.221139492225,190.836954785702,1.49982148444283,87.0642426318861
"US",100,0.15,FALSE,TRUE,50,"BECCS",-2026.69157865385,-37.451042229378,-231.664881276288,2198.71059136775,199.98946647775,184.017043828448,9.20085219142243,130.058419971662,231.368412797167,2.03245820596927,203.245820596926,1.3743344328,72.7907453258409,NA,381.215980602965,252.470118645657,1.28311755427353,87.0642426318861
"China",100,0.15,FALSE,TRUE,50,"BECCS",-9643.92242560795,6.11620546935558,-386.525527229376,5650.36533148175,117.182354530696,184.017043828448,9.20085219142243,57.577353179606,480.858035498637,2.10549006739188,210.549006739187,1.3743344328,44.1978909507134,NA,532.995628267307,303.382134403207,1.32922352739386,87.0642426318861
"Europe",100,0.15,FALSE,TRUE,50,"BECCS",-5016.33899861723,-22.0552806144431,-247.486689158683,2733.26793667067,105.932243283908,184.017043828448,9.20085219142243,80.9058364925947,277.638589381341,1.71868377490976,171.868377490975,1.3743344328,83.2954157792401,NA,384.904101975555,292.142180927307,1.08502763567536,87.0642426318861
"India",100,0.15,FALSE,TRUE,50,"BECCS",-8428.68370347048,35.830126163976,-161.403930744738,7256.96799238929,98.6717286943114,184.017043828448,9.20085219142243,66.1403158005203,585.21343450164,2.37571723135745,237.571723135743,1.3743344328,52.8054735456937,NA,588.221139492225,190.836954785702,1.49982148444283,87.0642426318861
"US",150,0.15,FALSE,TRUE,50,"BECCS",-1940.00185779389,91.6535625580909,-130.139231066186,2198.71059136775,199.98946647775,184.017043828448,9.20085219142243,130.058419971662,231.368412797167,2.03245820596927,304.868730895392,1.3743344328,72.7907453258409,NA,381.215980602965,252.470118645657,1.28311755427353,87.0642426318861
"China",150,0.15,FALSE,TRUE,50,"BECCS",-9538.90426682633,111.816153573827,-281.251023859782,5650.36533148175,117.182354530696,184.017043828448,9.20085219142243,57.577353179606,480.858035498637,2.10549006739188,315.823510108781,1.3743344328,44.1978909507134,NA,532.995628267307,303.382134403207,1.32922352739386,87.0642426318861
"Europe",150,0.15,FALSE,TRUE,50,"BECCS",-4937.12295357374,59.5855383471288,-161.552500413198,2733.26793667067,105.932243283908,184.017043828448,9.20085219142243,80.9058364925947,277.638589381341,1.71868377490976,257.802566236461,1.3743344328,83.2954157792401,NA,384.904101975555,292.142180927307,1.08502763567536,87.0642426318861
"India",150,0.15,FALSE,TRUE,50,"BECCS",-8310.04887055214,154.696944776969,-42.6180691768656,7256.96799238929,98.6717286943114,184.017043828448,9.20085219142243,66.1403158005203,585.21343450164,2.37571723135745,356.357584703614,1.3743344328,52.8054735456937,NA,588.221139492225,190.836954785702,1.49982148444283,87.0642426318861
"US",200,0.15,FALSE,TRUE,50,"BECCS",-1853.31213693393,220.75816734556,-28.6135808560855,2198.71059136775,199.98946647775,184.017043828448,9.20085219142243,130.058419971662,231.368412797167,2.03245820596927,406.491641193853,1.3743344328,72.7907453258409,NA,381.215980602965,252.470118645657,1.28311755427353,87.0642426318861
"China",200,0.15,FALSE,TRUE,50,"BECCS",-9433.88610804472,217.516101678298,-175.976520490191,5650.36533148175,117.182354530696,184.017043828448,9.20085219142243,57.577353179606,480.858035498637,2.10549006739188,421.098013478374,1.3743344328,44.1978909507134,NA,532.995628267307,303.382134403207,1.32922352739386,87.0642426318861
"Europe",200,0.15,FALSE,TRUE,50,"BECCS",-4857.90690853026,156.181258304653,-75.6183116677073,2733.26793667067,105.932243283908,184.017043828448,9.20085219142243,80.9058364925947,277.638589381341,1.71868377490976,343.73675498195,1.3743344328,83.2954157792401,NA,384.904101975555,292.142180927307,1.08502763567536,87.0642426318861
"India",200,0.15,FALSE,TRUE,50,"BECCS",-8191.41403763379,273.563763389962,76.1677923910058,7256.96799238929,98.6717286943114,184.017043828448,9.20085219142243,66.1403158005203,585.21343450164,2.37571723135745,475.143446271487,1.3743344328,52.8054735456937,NA,588.221139492225,190.836954785702,1.49982148444283,87.0642426318861
"US",0,0.02,TRUE,FALSE,50,"BECCS",-2028.64709860297,-120.391099780174,-234.96981173702,1964.46151292609,199.98946647775,53.9483651702426,2.69741825851213,130.058419971662,187.550780827854,2.03245820596927,0,1.3743344328,72.7907453258409,NA,243.75950918708,154.118444902481,1.28311755427353,87.0642426318861
"China",0,0.02,TRUE,FALSE,50,"BECCS",-9492.92826183007,-66.9598629042219,-306.307226512412,4093.59770174552,117.182354530696,53.9483651702426,2.69741825851213,57.577353179606,356.383453436083,2.10549006739188,0,1.3743344328,44.1978909507134,NA,341.099812821671,165.161034688042,1.32922352739386,87.0642426318861
"Europe",0,0.02,TRUE,FALSE,50,"BECCS",-5038.19897611309,-46.9778953460052,-245.758588011774,2508.39519720034,105.932243283908,53.9483651702426,2.69741825851213,80.9058364925947,251.154792272664,1.71868377490976,0,1.3743344328,83.2954157792401,NA,262.083138782374,190.288425066882,1.08502763567536,87.0642426318861
"India",0,0.02,TRUE,FALSE,50,"BECCS",-8523.40521452856,-63.4173973017341,-188.239335924883,6858.22050563633,98.6717286943114,53.9483651702426,2.69741825851213,66.1403158005203,539.589886922981,2.37571723135745,0,1.3743344328,52.8054735456937,NA,448.895190589882,102.131634454226,1.49982148444283,87.0642426318861
"US",50,0.02,TRUE,FALSE,50,"BECCS",-1941.95737774301,-10.8523090203531,-133.44416152692,1964.46151292609,199.98946647775,53.9483651702426,2.69741825851213,130.058419971662,187.550780827854,2.03245820596927,101.622910298463,1.3743344328,72.7907453258409,NA,243.75950918708,154.118444902481,1.28311755427353,87.0642426318861
"China",50,0.02,TRUE,FALSE,50,"BECCS",-9387.91010304845,38.7400852002491,-201.032723142818,4093.59770174552,117.182354530696,53.9483651702426,2.69741825851213,57.577353179606,356.383453436083,2.10549006739188,105.274503369593,1.3743344328,44.1978909507134,NA,341.099812821671,165.161034688042,1.32922352739386,87.0642426318861
"Europe",50,0.02,TRUE,FALSE,50,"BECCS",-4958.9829310696,34.6670468894162,-159.824399266287,2508.39519720034,105.932243283908,53.9483651702426,2.69741825851213,80.9058364925947,251.154792272664,1.71868377490976,85.9341887454875,1.3743344328,83.2954157792401,NA,262.083138782374,190.288425066882,1.08502763567536,87.0642426318861
"India",50,0.02,TRUE,FALSE,50,"BECCS",-8404.77038161021,55.4494213112586,-69.4534743570093,6858.22050563633,98.6717286943114,53.9483651702426,2.69741825851213,66.1403158005203,539.589886922981,2.37571723135745,118.785861567872,1.3743344328,52.8054735456937,NA,448.895190589882,102.131634454226,1.49982148444283,87.0642426318861
"US",100,0.02,TRUE,FALSE,50,"BECCS",-1855.26765688305,117.905465196198,-31.9185113168183,1964.46151292609,199.98946647775,53.9483651702426,2.69741825851213,130.058419971662,187.550780827854,2.03245820596927,203.245820596926,1.3743344328,72.7907453258409,NA,243.75950918708,154.118444902481,1.28311755427353,87.0642426318861
"China",100,0.02,TRUE,FALSE,50,"BECCS",-9282.89194426683,144.44003330472,-95.7582197732252,4093.59770174552,117.182354530696,53.9483651702426,2.69741825851213,57.577353179606,356.383453436083,2.10549006739188,210.549006739187,1.3743344328,44.1978909507134,NA,341.099812821671,165.161034688042,1.32922352739386,87.0642426318861
"Europe",100,0.02,TRUE,FALSE,50,"BECCS",-4879.76688602612,148.968537951393,-73.8902105207988,2508.39519720034,105.932243283908,53.9483651702426,2.69741825851213,80.9058364925947,251.154792272664,1.71868377490976,171.868377490975,1.3743344328,83.2954157792401,NA,262.083138782374,190.288425066882,1.08502763567536,87.0642426318861
"India",100,0.02,TRUE,FALSE,50,"BECCS",-8286.13554869187,174.316239924251,49.3323872108616,6858.22050563633,98.6717286943114,53.9483651702426,2.69741825851213,66.1403158005203,539.589886922981,2.37571723135745,237.571723135743,1.3743344328,52.8054735456937,NA,448.895190589882,102.131634454226,1.49982148444283,87.0642426318861
"US",150,0.02,TRUE,FALSE,50,"BECCS",-1768.57793602309,247.148782340234,69.6071388932822,1964.46151292609,199.98946647775,53.9483651702426,2.69741825851213,130.058419971662,187.550780827854,2.03245820596927,304.868730895392,1.3743344328,72.7907453258409,NA,243.75950918708,154.118444902481,1.28311755427353,87.0642426318861
"China",150,0.02,TRUE,FALSE,50,"BECCS",-9177.87378548522,250.139981409191,9.51628359636789,4093.59770174552,117.182354530696,53.9483651702426,2.69741825851213,57.577353179606,356.383453436083,2.10549006739188,315.823510108781,1.3743344328,44.1978909507134,NA,341.099812821671,165.161034688042,1.32922352739386,87.0642426318861
"Europe",150,0.02,TRUE,FALSE,50,"BECCS",-4800.55084098263,289.919831340356,12.0439782246892,2508.39519720034,105.932243283908,53.9483651702426,2.69741825851213,80.9058364925947,251.154792272664,1.71868377490976,257.802566236461,1.3743344328,83.2954157792401,NA,262.083138782374,190.288425066882,1.08502763567536,87.0642426318861
"India",150,0.02,TRUE,FALSE,50,"BECCS",-8167.50071577352,293.183058537244,168.118248778735,6858.22050563633,98.6717286943114,53.9483651702426,2.69741825851213,66.1403158005203,539.589886922981,2.37571723135745,356.357584703614,1.3743344328,52.8054735456937,NA,448.895190589882,102.131634454226,1.49982148444283,87.0642426318861
"US",200,0.02,TRUE,FALSE,50,"BECCS",-1681.88821516313,376.392099484271,171.132789103382,1964.46151292609,199.98946647775,53.9483651702426,2.69741825851213,130.058419971662,187.550780827854,2.03245820596927,406.491641193853,1.3743344328,72.7907453258409,NA,243.75950918708,154.118444902481,1.28311755427353,87.0642426318861
"China",200,0.02,TRUE,FALSE,50,"BECCS",-9072.8556267036,355.839929513662,114.790786965962,4093.59770174552,117.182354530696,53.9483651702426,2.69741825851213,57.577353179606,356.383453436083,2.10549006739188,421.098013478374,1.3743344328,44.1978909507134,NA,341.099812821671,165.161034688042,1.32922352739386,87.0642426318861
"Europe",200,0.02,TRUE,FALSE,50,"BECCS",-4721.33479593914,430.871124729318,97.9781669701774,2508.39519720034,105.932243283908,53.9483651702426,2.69741825851213,80.9058364925947,251.154792272664,1.71868377490976,343.73675498195,1.3743344328,83.2954157792401,NA,262.083138782374,190.288425066882,1.08502763567536,87.0642426318861
"India",200,0.02,TRUE,FALSE,50,"BECCS",-8048.86588285517,412.049877150237,286.904110346604,6858.22050563633,98.6717286943114,53.9483651702426,2.69741825851213,66.1403158005203,539.589886922981,2.37571723135745,475.143446271487,1.3743344328,52.8054735456937,NA,448.895190589882,102.131634454226,1.49982148444283,87.0642426318861
"US",0,0.08,TRUE,FALSE,50,"BECCS",-2084.69355058558,-177.959672510119,-307.749746003646,1964.46151292609,199.98946647775,107.325938487019,5.36629692435097,130.058419971662,201.168791136731,2.03245820596927,0,1.3743344328,72.7907453258409,NA,296.061281836099,190.032670573112,1.28311755427353,87.0642426318861
"China",0,0.08,TRUE,FALSE,50,"BECCS",-9548.97471381269,-123.725183640211,-376.765806291676,4093.59770174552,117.182354530696,107.325938487019,5.36629692435097,57.577353179606,367.011025861759,2.10549006739188,0,1.3743344328,44.1978909507134,NA,390.011262036486,198.624069097312,1.32922352739386,87.0642426318861
"Europe",0,0.08,TRUE,FALSE,50,"BECCS",-5094.24542809571,-103.762373400893,-313.996158883629,2508.39519720034,105.932243283908,107.325938487019,5.36629692435097,80.9058364925947,257.979857477466,1.71868377490976,0,1.3743344328,83.2954157792401,NA,308.906572921094,230.312422224614,1.08502763567536,87.0642426318861
"India",0,0.08,TRUE,FALSE,50,"BECCS",-8579.45166651118,-120.249316921825,-263.082564841877,6858.22050563633,98.6717286943114,107.325938487019,5.36629692435097,66.1403158005203,549.321254605924,2.37571723135745,0,1.3743344328,52.8054735456937,NA,498.449967850922,133.633660598657,1.49982148444283,87.0642426318861
"US",50,0.08,TRUE,FALSE,50,"BECCS",-1998.00382972562,-73.4528727760396,-206.224095793545,1964.46151292609,199.98946647775,107.325938487019,5.36629692435097,130.058419971662,201.168791136731,2.03245820596927,101.622910298463,1.3743344328,72.7907453258409,NA,296.061281836099,190.032670573112,1.28311755427353,87.0642426318861
"China",50,0.08,TRUE,FALSE,50,"BECCS",-9443.95655503107,-18.0252355357403,-271.491302922081,4093.59770174552,117.182354530696,107.325938487019,5.36629692435097,57.577353179606,367.011025861759,2.10549006739188,105.274503369593,1.3743344328,44.1978909507134,NA,390.011262036486,198.624069097312,1.32922352739386,87.0642426318861
"Europe",50,0.08,TRUE,FALSE,50,"BECCS",-5015.02938305222,-22.121554439321,-228.061970138142,2508.39519720034,105.932243283908,107.325938487019,5.36629692435097,80.9058364925947,257.979857477466,1.71868377490976,85.9341887454875,1.3743344328,83.2954157792401,NA,308.906572921094,230.312422224614,1.08502763567536,87.0642426318861
"India",50,0.08,TRUE,FALSE,50,"BECCS",-8460.81683359283,-1.38249830883234,-144.296703274003,6858.22050563633,98.6717286943114,107.325938487019,5.36629692435097,66.1403158005203,549.321254605924,2.37571723135745,118.785861567872,1.3743344328,52.8054735456937,NA,498.449967850922,133.633660598657,1.49982148444283,87.0642426318861
"US",100,0.08,TRUE,FALSE,50,"BECCS",-1911.31410886566,55.6778867766869,-104.698445583443,1964.46151292609,199.98946647775,107.325938487019,5.36629692435097,130.058419971662,201.168791136731,2.03245820596927,203.245820596926,1.3743344328,72.7907453258409,NA,296.061281836099,190.032670573112,1.28311755427353,87.0642426318861
"China",100,0.08,TRUE,FALSE,50,"BECCS",-9338.93839624945,87.6747125687307,-166.216799552489,4093.59770174552,117.182354530696,107.325938487019,5.36629692435097,57.577353179606,367.011025861759,2.10549006739188,210.549006739187,1.3743344328,44.1978909507134,NA,390.011262036486,198.624069097312,1.32922352739386,87.0642426318861
"Europe",100,0.08,TRUE,FALSE,50,"BECCS",-4935.81333800873,59.5192645222509,-142.127781392653,2508.39519720034,105.932243283908,107.325938487019,5.36629692435097,80.9058364925947,257.979857477466,1.71868377490976,171.868377490975,1.3743344328,83.2954157792401,NA,308.906572921094,230.312422224614,1.08502763567536,87.0642426318861
"India",100,0.08,TRUE,FALSE,50,"BECCS",-8342.18200067448,117.48432030416,-25.5108417061311,6858.22050563633,98.6717286943114,107.325938487019,5.36629692435097,66.1403158005203,549.321254605924,2.37571723135745,237.571723135743,1.3743344328,52.8054735456937,NA,498.449967850922,133.633660598657,1.49982148444283,87.0642426318861
"US",150,0.08,TRUE,FALSE,50,"BECCS",-1824.6243880057,184.921203920723,-3.17279537334295,1964.46151292609,199.98946647775,107.325938487019,5.36629692435097,130.058419971662,201.168791136731,2.03245820596927,304.868730895392,1.3743344328,72.7907453258409,NA,296.061281836099,190.032670573112,1.28311755427353,87.0642426318861
"China",150,0.08,TRUE,FALSE,50,"BECCS",-9233.92023746783,193.374660673202,-60.9422961828955,4093.59770174552,117.182354530696,107.325938487019,5.36629692435097,57.577353179606,367.011025861759,2.10549006739188,315.823510108781,1.3743344328,44.1978909507134,NA,390.011262036486,198.624069097312,1.32922352739386,87.0642426318861
"Europe",150,0.08,TRUE,FALSE,50,"BECCS",-4856.59729296524,196.965288464225,-56.1935926471638,2508.39519720034,105.932243283908,107.325938487019,5.36629692435097,80.9058364925947,257.979857477466,1.71868377490976,257.802566236461,1.3743344328,83.2954157792401,NA,308.906572921094,230.312422224614,1.08502763567536,87.0642426318861
"India",150,0.08,TRUE,FALSE,50,"BECCS",-8223.54716775614,236.351138917153,93.2750198617405,6858.22050563633,98.6717286943114,107.325938487019,5.36629692435097,66.1403158005203,549.321254605924,2.37571723135745,356.357584703614,1.3743344328,52.8054735456937,NA,498.449967850922,133.633660598657,1.49982148444283,87.0642426318861
"US",200,0.08,TRUE,FALSE,50,"BECCS",-1737.93466714574,314.164521064759,98.3528548367577,1964.46151292609,199.98946647775,107.325938487019,5.36629692435097,130.058419971662,201.168791136731,2.03245820596927,406.491641193853,1.3743344328,72.7907453258409,NA,296.061281836099,190.032670573112,1.28311755427353,87.0642426318861
"China",200,0.08,TRUE,FALSE,50,"BECCS",-9128.90207868621,299.074608777673,44.3322071866988,4093.59770174552,117.182354530696,107.325938487019,5.36629692435097,57.577353179606,367.011025861759,2.10549006739188,421.098013478374,1.3743344328,44.1978909507134,NA,390.011262036486,198.624069097312,1.32922352739386,87.0642426318861
"Europe",200,0.08,TRUE,FALSE,50,"BECCS",-4777.38124792176,337.916581853188,29.7405960983238,2508.39519720034,105.932243283908,107.325938487019,5.36629692435097,80.9058364925947,257.979857477466,1.71868377490976,343.73675498195,1.3743344328,83.2954157792401,NA,308.906572921094,230.312422224614,1.08502763567536,87.0642426318861
"India",200,0.08,TRUE,FALSE,50,"BECCS",-8104.91233483779,355.217957530146,212.060881429614,6858.22050563633,98.6717286943114,107.325938487019,5.36629692435097,66.1403158005203,549.321254605924,2.37571723135745,475.143446271487,1.3743344328,52.8054735456937,NA,498.449967850922,133.633660598657,1.49982148444283,87.0642426318861
"US",0,0.15,TRUE,FALSE,50,"BECCS",-2165.21921119408,-260.672265107509,-400.565224748423,1964.46151292609,199.98946647775,184.017043828448,9.20085219142243,130.058419971662,209.580939688139,2.03245820596927,0,1.3743344328,72.7907453258409,NA,361.883166002214,235.911511336784,1.28311755427353,87.0642426318861
"China",0,0.15,TRUE,FALSE,50,"BECCS",-9629.50037442119,-205.283690739586,-464.868013802042,4093.59770174552,117.182354530696,184.017043828448,9.20085219142243,57.577353179606,370.66605371986,2.10549006739188,0,1.3743344328,44.1978909507134,NA,451.481080054107,240.463419627395,1.32922352739386,87.0642426318861
"Europe",0,0.15,TRUE,FALSE,50,"BECCS",-5174.77108870421,-185.336918537587,-399.19481811454,2508.39519720034,105.932243283908,184.017043828448,9.20085219142243,80.9058364925947,260.440489593575,1.71868377490976,0,1.3743344328,83.2954157792401,NA,369.677596068357,280.396358796156,1.08502763567536,87.0642426318861
"India",0,0.15,TRUE,FALSE,50,"BECCS",-8659.97732711968,-201.903511062009,-355.90131121173,6858.22050563633,98.6717286943114,184.017043828448,9.20085219142243,66.1403158005203,554.49272186784,2.37571723135745,0,1.3743344328,52.8054735456937,NA,561.705136964411,172.702884355077,1.49982148444283,87.0642426318861
"US",50,0.15,TRUE,FALSE,50,"BECCS",-2078.52949033412,-156.673928418151,-299.039574538321,1964.46151292609,199.98946647775,184.017043828448,9.20085219142243,130.058419971662,209.580939688139,2.03245820596927,101.622910298463,1.3743344328,72.7907453258409,NA,361.883166002214,235.911511336784,1.28311755427353,87.0642426318861
"China",50,0.15,TRUE,FALSE,50,"BECCS",-9524.48221563957,-99.5837426351154,-359.59351043245,4093.59770174552,117.182354530696,184.017043828448,9.20085219142243,57.577353179606,370.66605371986,2.10549006739188,105.274503369593,1.3743344328,44.1978909507134,NA,451.481080054107,240.463419627395,1.32922352739386,87.0642426318861
"Europe",50,0.15,TRUE,FALSE,50,"BECCS",-5095.55504366072,-103.696099576015,-313.260629369054,2508.39519720034,105.932243283908,184.017043828448,9.20085219142243,80.9058364925947,260.440489593575,1.71868377490976,85.9341887454875,1.3743344328,83.2954157792401,NA,369.677596068357,280.396358796156,1.08502763567536,87.0642426318861
"India",50,0.15,TRUE,FALSE,50,"BECCS",-8541.34249420133,-83.0366924490168,-237.115449643859,6858.22050563633,98.6717286943114,184.017043828448,9.20085219142243,66.1403158005203,554.49272186784,2.37571723135745,118.785861567872,1.3743344328,52.8054735456937,NA,561.705136964411,172.702884355077,1.49982148444283,87.0642426318861
"US",100,0.15,TRUE,FALSE,50,"BECCS",-1991.83976947416,-31.5806730264647,-197.513924328221,1964.46151292609,199.98946647775,184.017043828448,9.20085219142243,130.058419971662,209.580939688139,2.03245820596927,203.245820596926,1.3743344328,72.7907453258409,NA,361.883166002214,235.911511336784,1.28311755427353,87.0642426318861
"China",100,0.15,TRUE,FALSE,50,"BECCS",-9419.46405685795,6.11620546935558,-254.319007062858,4093.59770174552,117.182354530696,184.017043828448,9.20085219142243,57.577353179606,370.66605371986,2.10549006739188,210.549006739187,1.3743344328,44.1978909507134,NA,451.481080054107,240.463419627395,1.32922352739386,87.0642426318861
"Europe",100,0.15,TRUE,FALSE,50,"BECCS",-5016.33899861723,-22.0552806144431,-227.326440623566,2508.39519720034,105.932243283908,184.017043828448,9.20085219142243,80.9058364925947,260.440489593575,1.71868377490976,171.868377490975,1.3743344328,83.2954157792401,NA,369.677596068357,280.396358796156,1.08502763567536,87.0642426318861
"India",100,0.15,TRUE,FALSE,50,"BECCS",-8422.70766128298,35.830126163976,-118.329588075985,6858.22050563633,98.6717286943114,184.017043828448,9.20085219142243,66.1403158005203,554.49272186784,2.37571723135745,237.571723135743,1.3743344328,52.8054735456937,NA,561.705136964411,172.702884355077,1.49982148444283,87.0642426318861
"US",150,0.15,TRUE,FALSE,50,"BECCS",-1905.1500486142,97.5239317610042,-95.9882741181206,1964.46151292609,199.98946647775,184.017043828448,9.20085219142243,130.058419971662,209.580939688139,2.03245820596927,304.868730895392,1.3743344328,72.7907453258409,NA,361.883166002214,235.911511336784,1.28311755427353,87.0642426318861
"China",150,0.15,TRUE,FALSE,50,"BECCS",-9314.44589807633,111.816153573827,-149.044503693266,4093.59770174552,117.182354530696,184.017043828448,9.20085219142243,57.577353179606,370.66605371986,2.10549006739188,315.823510108781,1.3743344328,44.1978909507134,NA,451.481080054107,240.463419627395,1.32922352739386,87.0642426318861
"Europe",150,0.15,TRUE,FALSE,50,"BECCS",-4937.12295357374,107.585686625896,-141.392251878077,2508.39519720034,105.932243283908,184.017043828448,9.20085219142243,80.9058364925947,260.440489593575,1.71868377490976,257.802566236461,1.3743344328,83.2954157792401,NA,369.677596068357,280.396358796156,1.08502763567536,87.0642426318861
"India",150,0.15,TRUE,FALSE,50,"BECCS",-8304.07282836464,154.696944776969,0.456273491885504,6858.22050563633,98.6717286943114,184.017043828448,9.20085219142243,66.1403158005203,554.49272186784,2.37571723135745,356.357584703614,1.3743344328,52.8054735456937,NA,561.705136964411,172.702884355077,1.49982148444283,87.0642426318861
"US",200,0.15,TRUE,FALSE,50,"BECCS",-1818.46032775424,226.628536548473,5.53737609198071,1964.46151292609,199.98946647775,184.017043828448,9.20085219142243,130.058419971662,209.580939688139,2.03245820596927,406.491641193853,1.3743344328,72.7907453258409,NA,361.883166002214,235.911511336784,1.28311755427353,87.0642426318861
"China",200,0.15,TRUE,FALSE,50,"BECCS",-9209.42773929472,217.516101678298,-43.7700003236717,4093.59770174552,117.182354530696,184.017043828448,9.20085219142243,57.577353179606,370.66605371986,2.10549006739188,421.098013478374,1.3743344328,44.1978909507134,NA,451.481080054107,240.463419627395,1.32922352739386,87.0642426318861
"Europe",200,0.15,TRUE,FALSE,50,"BECCS",-4857.90690853026,248.536980014858,-55.4580631325885,2508.39519720034,105.932243283908,184.017043828448,9.20085219142243,80.9058364925947,260.440489593575,1.71868377490976,343.73675498195,1.3743344328,83.2954157792401,NA,369.677596068357,280.396358796156,1.08502763567536,87.0642426318861
"India",200,0.15,TRUE,FALSE,50,"BECCS",-8185.43799544629,273.563763389962,119.242135059757,6858.22050563633,98.6717286943114,184.017043828448,9.20085219142243,66.1403158005203,554.49272186784,2.37571723135745,475.143446271487,1.3743344328,52.8054735456937,NA,561.705136964411,172.702884355077,1.49982148444283,87.0642426318861
"US",0,0.02,FALSE,FALSE,50,"BECCS",-2063.49890778265,-120.391099780174,-268.086124464961,2198.71059136775,199.98946647775,53.9483651702426,2.69741825851213,130.058419971662,209.009055052456,2.03245820596927,0,1.3743344328,72.7907453258409,NA,262.894329114246,170.006449627296,1.28311755427353,87.0642426318861
"China",0,0.02,FALSE,FALSE,50,"BECCS",-9717.38663058007,-66.9598629042219,-454.210678772376,5650.36533148175,117.182354530696,53.9483651702426,2.69741825851213,57.577353179606,477.675013348884,2.10549006739188,0,1.3743344328,44.1978909507134,NA,431.116590385703,235.53870834771,1.32922352739386,87.0642426318861
"Europe",0,0.02,FALSE,FALSE,50,"BECCS",-5038.19897611309,-46.9778953460052,-266.394525159288,2733.26793667067,105.932243283908,53.9483651702426,2.69741825851213,80.9058364925947,268.622765111186,1.71868377490976,0,1.3743344328,83.2954157792401,NA,277.548579435402,202.173464337994,1.08502763567536,87.0642426318861
"India",0,0.02,FALSE,FALSE,50,"BECCS",-8529.38125671606,-63.4173973017341,-238.163711105735,7256.96799238929,98.6717286943114,53.9483651702426,2.69741825851213,66.1403158005203,574.420309301101,2.37571723135745,0,1.3743344328,52.8054735456937,NA,479.116583555077,123.148902110219,1.49982148444283,87.0642426318861
"US",50,0.02,FALSE,FALSE,50,"BECCS",-1976.80918692269,-10.8523090203531,-166.560474254858,2198.71059136775,199.98946647775,53.9483651702426,2.69741825851213,130.058419971662,209.009055052456,2.03245820596927,101.622910298463,1.3743344328,72.7907453258409,NA,262.894329114246,170.006449627296,1.28311755427353,87.0642426318861
"China",50,0.02,FALSE,FALSE,50,"BECCS",-9612.36847179845,38.7400852002491,-348.936175402784,5650.36533148175,117.182354530696,53.9483651702426,2.69741825851213,57.577353179606,477.675013348884,2.10549006739188,105.274503369593,1.3743344328,44.1978909507134,NA,431.116590385703,235.53870834771,1.32922352739386,87.0642426318861
"Europe",50,0.02,FALSE,FALSE,50,"BECCS",-4958.9829310696,34.6670468894162,-180.460336413802,2733.26793667067,105.932243283908,53.9483651702426,2.69741825851213,80.9058364925947,268.622765111186,1.71868377490976,85.9341887454875,1.3743344328,83.2954157792401,NA,277.548579435402,202.173464337994,1.08502763567536,87.0642426318861
"India",50,0.02,FALSE,FALSE,50,"BECCS",-8410.74642379771,55.4494213112586,-119.377849537864,7256.96799238929,98.6717286943114,53.9483651702426,2.69741825851213,66.1403158005203,574.420309301101,2.37571723135745,118.785861567872,1.3743344328,52.8054735456937,NA,479.116583555077,123.148902110219,1.49982148444283,87.0642426318861
"US",100,0.02,FALSE,FALSE,50,"BECCS",-1890.11946606273,117.905465196198,-65.0348240447567,2198.71059136775,199.98946647775,53.9483651702426,2.69741825851213,130.058419971662,209.009055052456,2.03245820596927,203.245820596926,1.3743344328,72.7907453258409,NA,262.894329114246,170.006449627296,1.28311755427353,87.0642426318861
"China",100,0.02,FALSE,FALSE,50,"BECCS",-9507.35031301683,144.44003330472,-243.661672033188,5650.36533148175,117.182354530696,53.9483651702426,2.69741825851213,57.577353179606,477.675013348884,2.10549006739188,210.549006739187,1.3743344328,44.1978909507134,NA,431.116590385703,235.53870834771,1.32922352739386,87.0642426318861
"Europe",100,0.02,FALSE,FALSE,50,"BECCS",-4879.76688602612,116.311989124838,-94.5261476683143,2733.26793667067,105.932243283908,53.9483651702426,2.69741825851213,80.9058364925947,268.622765111186,1.71868377490976,171.868377490975,1.3743344328,83.2954157792401,NA,277.548579435402,202.173464337994,1.08502763567536,87.0642426318861
"India",100,0.02,FALSE,FALSE,50,"BECCS",-8292.11159087937,174.316239924251,-0.591987969991958,7256.96799238929,98.6717286943114,53.9483651702426,2.69741825851213,66.1403158005203,574.420309301101,2.37571723135745,237.571723135743,1.3743344328,52.8054735456937,NA,479.116583555077,123.148902110219,1.49982148444283,87.0642426318861
"US",150,0.02,FALSE,FALSE,50,"BECCS",-1803.42974520277,247.148782340234,36.4908261653438,2198.71059136775,199.98946647775,53.9483651702426,2.69741825851213,130.058419971662,209.009055052456,2.03245820596927,304.868730895392,1.3743344328,72.7907453258409,NA,262.894329114246,170.006449627296,1.28311755427353,87.0642426318861
"China",150,0.02,FALSE,FALSE,50,"BECCS",-9402.33215423522,250.139981409191,-138.387168663595,5650.36533148175,117.182354530696,53.9483651702426,2.69741825851213,57.577353179606,477.675013348884,2.10549006739188,315.823510108781,1.3743344328,44.1978909507134,NA,431.116590385703,235.53870834771,1.32922352739386,87.0642426318861
"Europe",150,0.02,FALSE,FALSE,50,"BECCS",-4800.55084098263,197.956931360259,-8.59195892282658,2733.26793667067,105.932243283908,53.9483651702426,2.69741825851213,80.9058364925947,268.622765111186,1.71868377490976,257.802566236461,1.3743344328,83.2954157792401,NA,277.548579435402,202.173464337994,1.08502763567536,87.0642426318861
"India",150,0.02,FALSE,FALSE,50,"BECCS",-8173.47675796102,293.183058537244,118.19387359788,7256.96799238929,98.6717286943114,53.9483651702426,2.69741825851213,66.1403158005203,574.420309301101,2.37571723135745,356.357584703614,1.3743344328,52.8054735456937,NA,479.116583555077,123.148902110219,1.49982148444283,87.0642426318861
"US",200,0.02,FALSE,FALSE,50,"BECCS",-1716.74002434281,376.392099484271,138.016476375445,2198.71059136775,199.98946647775,53.9483651702426,2.69741825851213,130.058419971662,209.009055052456,2.03245820596927,406.491641193853,1.3743344328,72.7907453258409,NA,262.894329114246,170.006449627296,1.28311755427353,87.0642426318861
"China",200,0.02,FALSE,FALSE,50,"BECCS",-9297.3139954536,355.839929513662,-33.1126652940013,5650.36533148175,117.182354530696,53.9483651702426,2.69741825851213,57.577353179606,477.675013348884,2.10549006739188,421.098013478374,1.3743344328,44.1978909507134,NA,431.116590385703,235.53870834771,1.32922352739386,87.0642426318861
"Europe",200,0.02,FALSE,FALSE,50,"BECCS",-4721.33479593914,292.75337089577,77.3422298226611,2733.26793667067,105.932243283908,53.9483651702426,2.69741825851213,80.9058364925947,268.622765111186,1.71868377490976,343.73675498195,1.3743344328,83.2954157792401,NA,277.548579435402,202.173464337994,1.08502763567536,87.0642426318861
"India",200,0.02,FALSE,FALSE,50,"BECCS",-8054.84192504267,412.049877150237,236.979735165752,7256.96799238929,98.6717286943114,53.9483651702426,2.69741825851213,66.1403158005203,574.420309301101,2.37571723135745,475.143446271487,1.3743344328,52.8054735456937,NA,479.116583555077,123.148902110219,1.49982148444283,87.0642426318861
"US",0,0.08,FALSE,FALSE,50,"BECCS",-2119.54535976527,-177.959672510119,-342.129487097437,2198.71059136775,199.98946647775,107.325938487019,5.36629692435097,130.058419971662,222.827707655616,2.03245820596927,0,1.3743344328,72.7907453258409,NA,315.376731718274,206.583366672798,1.28311755427353,87.0642426318861
"China",0,0.08,FALSE,FALSE,50,"BECCS",-9773.43308256269,-123.725183640211,-514.179377606183,5650.36533148175,117.182354530696,107.325938487019,5.36629692435097,57.577353179606,479.73279779382,2.10549006739188,0,1.3743344328,44.1978909507134,NA,473.517331420178,264.014689257892,1.32922352739386,87.0642426318861
"Europe",0,0.08,FALSE,FALSE,50,"BECCS",-5094.24542809571,-103.762373400893,-332.634199197572,2733.26793667067,105.932243283908,107.325938487019,5.36629692435097,80.9058364925947,274.548159954867,1.71868377490976,0,1.3743344328,83.2954157792401,NA,323.575481617845,241.08878438406,1.08502763567536,87.0642426318861
"India",0,0.08,FALSE,FALSE,50,"BECCS",-8585.42770869867,-120.249316921825,-311.814259424184,7256.96799238929,98.6717286943114,107.325938487019,5.36629692435097,66.1403158005203,582.273170037033,2.37571723135745,0,1.3743344328,52.8054735456937,NA,526.977664153569,154.149028564487,1.49982148444283,87.0642426318861
"US",50,0.08,FALSE,FALSE,50,"BECCS",-2032.85563890531,-73.4528727760396,-240.603836887333,2198.71059136775,199.98946647775,107.325938487019,5.36629692435097,130.058419971662,222.827707655616,2.03245820596927,101.622910298463,1.3743344328,72.7907453258409,NA,315.376731718274,206.583366672798,1.28311755427353,87.0642426318861
"China",50,0.08,FALSE,FALSE,50,"BECCS",-9668.41492378107,-18.0252355357403,-408.904874236592,5650.36533148175,117.182354530696,107.325938487019,5.36629692435097,57.577353179606,479.73279779382,2.10549006739188,105.274503369593,1.3743344328,44.1978909507134,NA,473.517331420178,264.014689257892,1.32922352739386,87.0642426318861
"Europe",50,0.08,FALSE,FALSE,50,"BECCS",-5015.02938305222,-22.121554439321,-246.700010452083,2733.26793667067,105.932243283908,107.325938487019,5.36629692435097,80.9058364925947,274.548159954867,1.71868377490976,85.9341887454875,1.3743344328,83.2954157792401,NA,323.575481617845,241.08878438406,1.08502763567536,87.0642426318861
"India",50,0.08,FALSE,FALSE,50,"BECCS",-8466.79287578033,-1.38249830883234,-193.028397856312,7256.96799238929,98.6717286943114,107.325938487019,5.36629692435097,66.1403158005203,582.273170037033,2.37571723135745,118.785861567872,1.3743344328,52.8054735456937,NA,526.977664153569,154.149028564487,1.49982148444283,87.0642426318861
"US",100,0.08,FALSE,FALSE,50,"BECCS",-1946.16591804535,55.6778867766869,-139.078186677232,2198.71059136775,199.98946647775,107.325938487019,5.36629692435097,130.058419971662,222.827707655616,2.03245820596927,203.245820596926,1.3743344328,72.7907453258409,NA,315.376731718274,206.583366672798,1.28311755427353,87.0642426318861
"China",100,0.08,FALSE,FALSE,50,"BECCS",-9563.39676499945,87.6747125687307,-303.630370866997,5650.36533148175,117.182354530696,107.325938487019,5.36629692435097,57.577353179606,479.73279779382,2.10549006739188,210.549006739187,1.3743344328,44.1978909507134,NA,473.517331420178,264.014689257892,1.32922352739386,87.0642426318861
"Europe",100,0.08,FALSE,FALSE,50,"BECCS",-4935.81333800873,59.5192645222509,-160.765821706596,2733.26793667067,105.932243283908,107.325938487019,5.36629692435097,80.9058364925947,274.548159954867,1.71868377490976,171.868377490975,1.3743344328,83.2954157792401,NA,323.575481617845,241.08878438406,1.08502763567536,87.0642426318861
"India",100,0.08,FALSE,FALSE,50,"BECCS",-8348.15804286198,117.48432030416,-74.2425362884405,7256.96799238929,98.6717286943114,107.325938487019,5.36629692435097,66.1403158005203,582.273170037033,2.37571723135745,237.571723135743,1.3743344328,52.8054735456937,NA,526.977664153569,154.149028564487,1.49982148444283,87.0642426318861
"US",150,0.08,FALSE,FALSE,50,"BECCS",-1859.47619718539,184.921203920723,-37.552536467131,2198.71059136775,199.98946647775,107.325938487019,5.36629692435097,130.058419971662,222.827707655616,2.03245820596927,304.868730895392,1.3743344328,72.7907453258409,NA,315.376731718274,206.583366672798,1.28311755427353,87.0642426318861
"China",150,0.08,FALSE,FALSE,50,"BECCS",-9458.37860621783,193.374660673202,-198.355867497403,5650.36533148175,117.182354530696,107.325938487019,5.36629692435097,57.577353179606,479.73279779382,2.10549006739188,315.823510108781,1.3743344328,44.1978909507134,NA,473.517331420178,264.014689257892,1.32922352739386,87.0642426318861
"Europe",150,0.08,FALSE,FALSE,50,"BECCS",-4856.59729296524,141.160083483823,-74.8316329611072,2733.26793667067,105.932243283908,107.325938487019,5.36629692435097,80.9058364925947,274.548159954867,1.71868377490976,257.802566236461,1.3743344328,83.2954157792401,NA,323.575481617845,241.08878438406,1.08502763567536,87.0642426318861
"India",150,0.08,FALSE,FALSE,50,"BECCS",-8229.52320994364,236.351138917153,44.5433252794309,7256.96799238929,98.6717286943114,107.325938487019,5.36629692435097,66.1403158005203,582.273170037033,2.37571723135745,356.357584703614,1.3743344328,52.8054735456937,NA,526.977664153569,154.149028564487,1.49982148444283,87.0642426318861
"US",200,0.08,FALSE,FALSE,50,"BECCS",-1772.78647632543,314.164521064759,63.9731137429698,2198.71059136775,199.98946647775,107.325938487019,5.36629692435097,130.058419971662,222.827707655616,2.03245820596927,406.491641193853,1.3743344328,72.7907453258409,NA,315.376731718274,206.583366672798,1.28311755427353,87.0642426318861
"China",200,0.08,FALSE,FALSE,50,"BECCS",-9353.36044743621,299.074608777673,-93.0813641278081,5650.36533148175,117.182354530696,107.325938487019,5.36629692435097,57.577353179606,479.73279779382,2.10549006739188,421.098013478374,1.3743344328,44.1978909507134,NA,473.517331420178,264.014689257892,1.32922352739386,87.0642426318861
"Europe",200,0.08,FALSE,FALSE,50,"BECCS",-4777.38124792176,236.706918913154,11.1025557843805,2733.26793667067,105.932243283908,107.325938487019,5.36629692435097,80.9058364925947,274.548159954867,1.71868377490976,343.73675498195,1.3743344328,83.2954157792401,NA,323.575481617845,241.08878438406,1.08502763567536,87.0642426318861
"India",200,0.08,FALSE,FALSE,50,"BECCS",-8110.88837702529,355.217957530146,163.329186847303,7256.96799238929,98.6717286943114,107.325938487019,5.36629692435097,66.1403158005203,582.273170037033,2.37571723135745,475.143446271487,1.3743344328,52.8054735456937,NA,526.977664153569,154.149028564487,1.49982148444283,87.0642426318861
"US",0,0.15,FALSE,FALSE,50,"BECCS",-2200.07102037377,-260.672265107509,-430.197373966076,2198.71059136775,199.98946647775,184.017043828448,9.20085219142243,130.058419971662,228.330304663557,2.03245820596927,0,1.3743344328,72.7907453258409,NA,378.579267026429,250.182758087914,1.28311755427353,87.0642426318861
"China",0,0.15,FALSE,FALSE,50,"BECCS",-9853.95874317119,-205.283690739586,-596.133114148972,5650.36533148175,117.182354530696,184.017043828448,9.20085219142243,57.577353179606,480.42123935176,2.10549006739188,0,1.3743344328,44.1978909507134,NA,532.651770191741,302.936725574441,1.32922352739386,87.0642426318861
"Europe",0,0.15,FALSE,FALSE,50,"BECCS",-5174.77108870421,-185.336918537587,-416.778183897964,2733.26793667067,105.932243283908,184.017043828448,9.20085219142243,80.9058364925947,276.462879862341,1.71868377490976,0,1.3743344328,83.2954157792401,NA,383.863176050183,290.56339102902,1.08502763567536,87.0642426318861
"India",0,0.15,FALSE,FALSE,50,"BECCS",-8665.95336930718,-201.903511062009,-396.933010574575,7256.96799238929,98.6717286943114,184.017043828448,9.20085219142243,66.1403158005203,584.395461611737,2.37571723135745,0,1.3743344328,52.8054735456937,NA,587.483639981838,189.977357389307,1.49982148444283,87.0642426318861
"US",50,0.15,FALSE,FALSE,50,"BECCS",-2113.38129951381,-156.673928418151,-328.671723755975,2198.71059136775,199.98946647775,184.017043828448,9.20085219142243,130.058419971662,228.330304663557,2.03245820596927,101.622910298463,1.3743344328,72.7907453258409,NA,378.579267026429,250.182758087914,1.28311755427353,87.0642426318861
"China",50,0.15,FALSE,FALSE,50,"BECCS",-9748.94058438957,-99.5837426351154,-490.858610779386,5650.36533148175,117.182354530696,184.017043828448,9.20085219142243,57.577353179606,480.42123935176,2.10549006739188,105.274503369593,1.3743344328,44.1978909507134,NA,532.651770191741,302.936725574441,1.32922352739386,87.0642426318861
"Europe",50,0.15,FALSE,FALSE,50,"BECCS",-5095.55504366072,-103.696099576015,-330.843995152485,2733.26793667067,105.932243283908,184.017043828448,9.20085219142243,80.9058364925947,276.462879862341,1.71868377490976,85.9341887454875,1.3743344328,83.2954157792401,NA,383.863176050183,290.56339102902,1.08502763567536,87.0642426318861
"India",50,0.15,FALSE,FALSE,50,"BECCS",-8547.31853638883,-83.0366924490168,-278.147149006702,7256.96799238929,98.6717286943114,184.017043828448,9.20085219142243,66.1403158005203,584.395461611737,2.37571723135745,118.785861567872,1.3743344328,52.8054735456937,NA,587.483639981838,189.977357389307,1.49982148444283,87.0642426318861
"US",100,0.15,FALSE,FALSE,50,"BECCS",-2026.69157865385,-31.5806730264647,-227.146073545875,2198.71059136775,199.98946647775,184.017043828448,9.20085219142243,130.058419971662,228.330304663557,2.03245820596927,203.245820596926,1.3743344328,72.7907453258409,NA,378.579267026429,250.182758087914,1.28311755427353,87.0642426318861
"China",100,0.15,FALSE,FALSE,50,"BECCS",-9643.92242560795,6.11620546935558,-385.584107409792,5650.36533148175,117.182354530696,184.017043828448,9.20085219142243,57.577353179606,480.42123935176,2.10549006739188,210.549006739187,1.3743344328,44.1978909507134,NA,532.651770191741,302.936725574441,1.32922352739386,87.0642426318861
"Europe",100,0.15,FALSE,FALSE,50,"BECCS",-5016.33899861723,-22.0552806144431,-244.909806406993,2733.26793667067,105.932243283908,184.017043828448,9.20085219142243,80.9058364925947,276.462879862341,1.71868377490976,171.868377490975,1.3743344328,83.2954157792401,NA,383.863176050183,290.56339102902,1.08502763567536,87.0642426318861
"India",100,0.15,FALSE,FALSE,50,"BECCS",-8428.68370347048,35.830126163976,-159.361287438829,7256.96799238929,98.6717286943114,184.017043828448,9.20085219142243,66.1403158005203,584.395461611737,2.37571723135745,237.571723135743,1.3743344328,52.8054735456937,NA,587.483639981838,189.977357389307,1.49982148444283,87.0642426318861
"US",150,0.15,FALSE,FALSE,50,"BECCS",-1940.00185779389,97.5239317610042,-125.620423335773,2198.71059136775,199.98946647775,184.017043828448,9.20085219142243,130.058419971662,228.330304663557,2.03245820596927,304.868730895392,1.3743344328,72.7907453258409,NA,378.579267026429,250.182758087914,1.28311755427353,87.0642426318861
"China",150,0.15,FALSE,FALSE,50,"BECCS",-9538.90426682633,111.816153573827,-280.309604040199,5650.36533148175,117.182354530696,184.017043828448,9.20085219142243,57.577353179606,480.42123935176,2.10549006739188,315.823510108781,1.3743344328,44.1978909507134,NA,532.651770191741,302.936725574441,1.32922352739386,87.0642426318861
"Europe",150,0.15,FALSE,FALSE,50,"BECCS",-4937.12295357374,59.5855383471288,-158.975617661507,2733.26793667067,105.932243283908,184.017043828448,9.20085219142243,80.9058364925947,276.462879862341,1.71868377490976,257.802566236461,1.3743344328,83.2954157792401,NA,383.863176050183,290.56339102902,1.08502763567536,87.0642426318861
"India",150,0.15,FALSE,FALSE,50,"BECCS",-8310.04887055214,154.696944776969,-40.5754258709573,7256.96799238929,98.6717286943114,184.017043828448,9.20085219142243,66.1403158005203,584.395461611737,2.37571723135745,356.357584703614,1.3743344328,52.8054735456937,NA,587.483639981838,189.977357389307,1.49982148444283,87.0642426318861
"US",200,0.15,FALSE,FALSE,50,"BECCS",-1853.31213693393,226.628536548473,-24.0947731256723,2198.71059136775,199.98946647775,184.017043828448,9.20085219142243,130.058419971662,228.330304663557,2.03245820596927,406.491641193853,1.3743344328,72.7907453258409,NA,378.579267026429,250.182758087914,1.28311755427353,87.0642426318861
"China",200,0.15,FALSE,FALSE,50,"BECCS",-9433.88610804472,217.516101678298,-175.035100670609,5650.36533148175,117.182354530696,184.017043828448,9.20085219142243,57.577353179606,480.42123935176,2.10549006739188,421.098013478374,1.3743344328,44.1978909507134,NA,532.651770191741,302.936725574441,1.32922352739386,87.0642426318861
"Europe",200,0.15,FALSE,FALSE,50,"BECCS",-4857.90690853026,156.181258304653,-73.0414289160183,2733.26793667067,105.932243283908,184.017043828448,9.20085219142243,80.9058364925947,276.462879862341,1.71868377490976,343.73675498195,1.3743344328,83.2954157792401,NA,383.863176050183,290.56339102902,1.08502763567536,87.0642426318861
"India",200,0.15,FALSE,FALSE,50,"BECCS",-8191.41403763379,273.563763389962,78.2104356969142,7256.96799238929,98.6717286943114,184.017043828448,9.20085219142243,66.1403158005203,584.395461611737,2.37571723135745,475.143446271487,1.3743344328,52.8054735456937,NA,587.483639981838,189.977357389307,1.49982148444283,87.0642426318861
"US",0,0.02,TRUE,TRUE,150,"BECCS",-1978.6979871558,-99.616498429406,-221.841748418697,1964.46151292609,43.3333333333333,38.8009100775612,1.94004550387806,106.56,204.982896751041,2.0477746690402,0,1.3743344328,72.7907453258409,NA,256.330514556604,146.030172066394,1.2927870385355,187.855841711075
"China",0,0.02,TRUE,TRUE,150,"BECCS",-9461.82027705374,-55.815729384126,-300.319402990096,4093.59770174552,43.3333333333333,38.8009100775612,1.94004550387806,46.5,368.677393506378,2.11049861358843,0,1.3743344328,44.1978909507134,NA,331.737558345938,161.690335517407,1.33238548837558,187.855841711075
"Europe",0,0.02,TRUE,TRUE,150,"BECCS",-4988.44803353494,-32.4689402895621,-249.632604607935,2508.39519720034,43.3333333333333,38.8009100775612,1.94004550387806,71.516,259.082227751128,1.71505287508436,0,1.3743344328,83.2954157792401,NA,270.195648504574,191.6375918571,1.0827354009369,187.855841711075
"India",0,0.02,TRUE,TRUE,150,"BECCS",-8505.81221510379,-52.24876061702,-199.444179659462,6858.22050563633,43.3333333333333,38.8009100775612,1.94004550387806,44.5,551.694392429338,2.37382210608487,0,1.3743344328,52.8054735456937,NA,463.450040113677,106.881531991318,1.49862506697303,187.855841711075
"US",50,0.02,TRUE,TRUE,150,"BECCS",-1890.87345684251,22.6032700519648,-119.543755094737,1964.46151292609,43.3333333333333,38.8009100775612,1.94004550387806,106.56,204.982896751041,2.0477746690402,102.388733452015,1.3743344328,72.7907453258409,NA,256.330514556604,146.030172066394,1.2927870385355,187.855841711075
"China",50,0.02,TRUE,TRUE,150,"BECCS",-9356.29534637449,49.7092012951258,-194.794472310848,4093.59770174552,43.3333333333333,38.8009100775612,1.94004550387806,46.5,368.677393506378,2.11049861358843,105.52493067941,1.3743344328,44.1978909507134,NA,331.737558345938,161.690335517407,1.33238548837558,187.855841711075
"Europe",50,0.02,TRUE,TRUE,150,"BECCS",-4908.10378466709,49.1090349204204,-163.879960853722,2508.39519720034,43.3333333333333,38.8009100775612,1.94004550387806,71.516,259.082227751128,1.71505287508436,85.7526437541776,1.3743344328,83.2954157792401,NA,270.195648504574,191.6375918571,1.0827354009369,187.855841711075
"India",50,0.02,TRUE,TRUE,150,"BECCS",-8387.12110979953,66.4423446872411,-80.7530743552028,6858.22050563633,43.3333333333333,38.8009100775612,1.94004550387806,44.5,551.694392429338,2.37382210608487,118.691105304284,1.3743344328,52.8054735456937,NA,463.450040113677,106.881531991318,1.49862506697303,187.855841711075
"US",100,0.02,TRUE,TRUE,150,"BECCS",-1803.04892652922,152.285985466926,-17.2457617707791,1964.46151292609,43.3333333333333,38.8009100775612,1.94004550387806,106.56,204.982896751041,2.0477746690402,204.77746690403,1.3743344328,72.7907453258409,NA,256.330514556604,146.030172066394,1.2927870385355,187.855841711075
"China",100,0.02,TRUE,TRUE,150,"BECCS",-9250.77041569523,155.234131974378,-89.2695416315933,4093.59770174552,43.3333333333333,38.8009100775612,1.94004550387806,46.5,368.677393506378,2.11049861358843,211.049861358821,1.3743344328,44.1978909507134,NA,331.737558345938,161.690335517407,1.33238548837558,187.855841711075
"Europe",100,0.02,TRUE,TRUE,150,"BECCS",-4827.75953579924,130.687010130403,-78.1273170995061,2508.39519720034,43.3333333333333,38.8009100775612,1.94004550387806,71.516,259.082227751128,1.71505287508436,171.505287508355,1.3743344328,83.2954157792401,NA,270.195648504574,191.6375918571,1.0827354009369,187.855841711075
"India",100,0.02,TRUE,TRUE,150,"BECCS",-8268.43000449527,185.133449991502,37.9380309490592,6858.22050563633,43.3333333333333,38.8009100775612,1.94004550387806,44.5,551.694392429338,2.37382210608487,237.382210608567,1.3743344328,52.8054735456937,NA,463.450040113677,106.881531991318,1.49862506697303,187.855841711075
"US",150,0.02,TRUE,TRUE,150,"BECCS",-1715.22439621593,281.968700881887,85.0522315531792,1964.46151292609,43.3333333333333,38.8009100775612,1.94004550387806,106.56,204.982896751041,2.0477746690402,307.166200356056,1.3743344328,72.7907453258409,NA,256.330514556604,146.030172066394,1.2927870385355,187.855841711075
"China",150,0.02,TRUE,TRUE,150,"BECCS",-9145.24548501598,260.759062653629,16.2553890476581,4093.59770174552,43.3333333333333,38.8009100775612,1.94004550387806,46.5,368.677393506378,2.11049861358843,316.574792038397,1.3743344328,44.1978909507134,NA,331.737558345938,161.690335517407,1.33238548837558,187.855841711075
"Europe",150,0.02,TRUE,TRUE,150,"BECCS",-4747.41528693139,261.290646160537,7.62532665470939,2508.39519720034,43.3333333333333,38.8009100775612,1.94004550387806,71.516,259.082227751128,1.71505287508436,257.257931262524,1.3743344328,83.2954157792401,NA,270.195648504574,191.6375918571,1.0827354009369,187.855841711075
"India",150,0.02,TRUE,TRUE,150,"BECCS",-8149.73889919101,303.824555295763,156.629136253321,6858.22050563633,43.3333333333333,38.8009100775612,1.94004550387806,44.5,551.694392429338,2.37382210608487,356.073315912848,1.3743344328,52.8054735456937,NA,463.450040113677,106.881531991318,1.49862506697303,187.855841711075
"US",200,0.02,TRUE,TRUE,150,"BECCS",-1627.39986590264,411.651416296848,187.350224877139,1964.46151292609,43.3333333333333,38.8009100775612,1.94004550387806,106.56,204.982896751041,2.0477746690402,409.55493380806,1.3743344328,72.7907453258409,NA,256.330514556604,146.030172066394,1.2927870385355,187.855841711075
"China",200,0.02,TRUE,TRUE,150,"BECCS",-9039.72055433673,366.283993332881,121.780319726911,4093.59770174552,43.3333333333333,38.8009100775612,1.94004550387806,46.5,368.677393506378,2.11049861358843,422.099722717641,1.3743344328,44.1978909507134,NA,331.737558345938,161.690335517407,1.33238548837558,187.855841711075
"Europe",200,0.02,TRUE,TRUE,150,"BECCS",-4667.07103806355,402.183569953336,93.3779704089246,2508.39519720034,43.3333333333333,38.8009100775612,1.94004550387806,71.516,259.082227751128,1.71505287508436,343.010575016711,1.3743344328,83.2954157792401,NA,270.195648504574,191.6375918571,1.0827354009369,187.855841711075
"India",200,0.02,TRUE,TRUE,150,"BECCS",-8031.04779388675,422.515660600024,275.320241557584,6858.22050563633,43.3333333333333,38.8009100775612,1.94004550387806,44.5,551.694392429338,2.37382210608487,474.764421217134,1.3743344328,52.8054735456937,NA,463.450040113677,106.881531991318,1.49862506697303,187.855841711075
"US",0,0.08,TRUE,TRUE,150,"BECCS",-2019.00788972062,-140.998846489388,-272.961651604406,1964.46151292609,43.3333333333333,77.1912934726282,3.85956467363141,106.56,212.175508524904,2.0477746690402,0,1.3743344328,72.7907453258409,NA,290.894528383936,171.094584874316,1.2927870385355,187.855841711075
"China",0,0.08,TRUE,TRUE,150,"BECCS",-9502.13017961856,-96.5888666711744,-346.742485423721,4093.59770174552,43.3333333333333,77.1912934726282,3.85956467363141,46.5,371.623193877896,2.11049861358843,0,1.3743344328,44.1978909507134,NA,363.211486309898,183.686598454896,1.33238548837558,187.855841711075
"Europe",0,0.08,TRUE,TRUE,150,"BECCS",-5028.75793609976,-73.2492706840356,-293.788527933838,2508.39519720034,43.3333333333333,77.1912934726282,3.85956467363141,71.516,261.135404051285,1.71505287508436,0,1.3743344328,83.2954157792401,NA,301.020080938147,217.658521582179,1.0827354009369,187.855841711075
"India",0,0.08,TRUE,TRUE,150,"BECCS",-8546.12211766861,-93.0648138263877,-249.797998285934,6858.22050563633,43.3333333333333,77.1912934726282,3.85956467363141,44.5,555.836598233889,2.37382210608487,0,1.3743344328,52.8054735456937,NA,495.794502501053,128.093660102094,1.49862506697303,187.855841711075
"US",50,0.08,TRUE,TRUE,150,"BECCS",-1931.18335940733,-21.5836646506794,-170.663658280449,1964.46151292609,43.3333333333333,77.1912934726282,3.85956467363141,106.56,212.175508524904,2.0477746690402,102.388733452015,1.3743344328,72.7907453258409,NA,290.894528383936,171.094584874316,1.2927870385355,187.855841711075
"China",50,0.08,TRUE,TRUE,150,"BECCS",-9396.60524893931,8.93606400807732,-241.217554744468,4093.59770174552,43.3333333333333,77.1912934726282,3.85956467363141,46.5,371.623193877896,2.11049861358843,105.52493067941,1.3743344328,44.1978909507134,NA,363.211486309898,183.686598454896,1.33238548837558,187.855841711075
"Europe",50,0.08,TRUE,TRUE,150,"BECCS",-4948.41368723191,8.32870452594682,-208.035884179627,2508.39519720034,43.3333333333333,77.1912934726282,3.85956467363141,71.516,261.135404051285,1.71505287508436,85.7526437541776,1.3743344328,83.2954157792401,NA,301.020080938147,217.658521582179,1.0827354009369,187.855841711075
"India",50,0.08,TRUE,TRUE,150,"BECCS",-8427.43101236435,25.6262914778734,-131.106892981671,6858.22050563633,43.3333333333333,77.1912934726282,3.85956467363141,44.5,555.836598233889,2.37382210608487,118.691105304284,1.3743344328,52.8054735456937,NA,495.794502501053,128.093660102094,1.49862506697303,187.855841711075
"US",100,0.08,TRUE,TRUE,150,"BECCS",-1843.35882909404,108.099050764282,-68.3656649564899,1964.46151292609,43.3333333333333,77.1912934726282,3.85956467363141,106.56,212.175508524904,2.0477746690402,204.77746690403,1.3743344328,72.7907453258409,NA,290.894528383936,171.094584874316,1.2927870385355,187.855841711075
"China",100,0.08,TRUE,TRUE,150,"BECCS",-9291.08031826006,114.460994687329,-135.692624065216,4093.59770174552,43.3333333333333,77.1912934726282,3.85956467363141,46.5,371.623193877896,2.11049861358843,211.049861358821,1.3743344328,44.1978909507134,NA,363.211486309898,183.686598454896,1.33238548837558,187.855841711075
"Europe",100,0.08,TRUE,TRUE,150,"BECCS",-4868.06943836406,89.9066797359292,-122.283240425412,2508.39519720034,43.3333333333333,77.1912934726282,3.85956467363141,71.516,261.135404051285,1.71505287508436,171.505287508355,1.3743344328,83.2954157792401,NA,301.020080938147,217.658521582179,1.0827354009369,187.855841711075
"India",100,0.08,TRUE,TRUE,150,"BECCS",-8308.73990706009,144.317396782134,-12.4157876774112,6858.22050563633,43.3333333333333,77.1912934726282,3.85956467363141,44.5,555.836598233889,2.37382210608487,237.382210608567,1.3743344328,52.8054735456937,NA,495.794502501053,128.093660102094,1.49862506697303,187.855841711075
"US",150,0.08,TRUE,TRUE,150,"BECCS",-1755.53429878075,237.781766179243,33.9323283674693,1964.46151292609,43.3333333333333,77.1912934726282,3.85956467363141,106.56,212.175508524904,2.0477746690402,307.166200356056,1.3743344328,72.7907453258409,NA,290.894528383936,171.094584874316,1.2927870385355,187.855841711075
"China",150,0.08,TRUE,TRUE,150,"BECCS",-9185.5553875808,219.985925366581,-30.1676933859643,4093.59770174552,43.3333333333333,77.1912934726282,3.85956467363141,46.5,371.623193877896,2.11049861358843,316.574792038397,1.3743344328,44.1978909507134,NA,363.211486309898,183.686598454896,1.33238548837558,187.855841711075
"Europe",150,0.08,TRUE,TRUE,150,"BECCS",-4787.72518949621,217.826527826114,-36.5305966711978,2508.39519720034,43.3333333333333,77.1912934726282,3.85956467363141,71.516,261.135404051285,1.71505287508436,257.257931262524,1.3743344328,83.2954157792401,NA,301.020080938147,217.658521582179,1.0827354009369,187.855841711075
"India",150,0.08,TRUE,TRUE,150,"BECCS",-8190.04880175583,263.008502086396,106.27531762685,6858.22050563633,43.3333333333333,77.1912934726282,3.85956467363141,44.5,555.836598233889,2.37382210608487,356.073315912848,1.3743344328,52.8054735456937,NA,495.794502501053,128.093660102094,1.49862506697303,187.855841711075
"US",200,0.08,TRUE,TRUE,150,"BECCS",-1667.70976846746,367.464481594204,136.230321691428,1964.46151292609,43.3333333333333,77.1912934726282,3.85956467363141,106.56,212.175508524904,2.0477746690402,409.55493380806,1.3743344328,72.7907453258409,NA,290.894528383936,171.094584874316,1.2927870385355,187.855841711075
"China",200,0.08,TRUE,TRUE,150,"BECCS",-9080.03045690155,325.510856045833,75.3572372932872,4093.59770174552,43.3333333333333,77.1912934726282,3.85956467363141,46.5,371.623193877896,2.11049861358843,422.099722717641,1.3743344328,44.1978909507134,NA,363.211486309898,183.686598454896,1.33238548837558,187.855841711075
"Europe",200,0.08,TRUE,TRUE,150,"BECCS",-4707.38094062837,358.719451618913,49.2220470830169,2508.39519720034,43.3333333333333,77.1912934726282,3.85956467363141,71.516,261.135404051285,1.71505287508436,343.010575016711,1.3743344328,83.2954157792401,NA,301.020080938147,217.658521582179,1.0827354009369,187.855841711075
"India",200,0.08,TRUE,TRUE,150,"BECCS",-8071.35769645157,381.699607390657,224.966422931111,6858.22050563633,43.3333333333333,77.1912934726282,3.85956467363141,44.5,555.836598233889,2.37382210608487,474.764421217134,1.3743344328,52.8054735456937,NA,495.794502501053,128.093660102094,1.49862506697303,187.855841711075
"US",0,0.15,TRUE,TRUE,150,"BECCS",-2076.92380443549,-200.428263238304,-334.337346767475,1964.46151292609,43.3333333333333,132.349307486794,6.61746537433969,106.56,214.289890166349,2.0477746690402,0,1.3743344328,72.7907453258409,NA,334.574068766271,201.29774153514,1.2927870385355,187.855841711075
"China",0,0.15,TRUE,TRUE,150,"BECCS",-9560.04609433343,-155.170341483158,-406.621585824604,4093.59770174552,43.3333333333333,132.349307486794,6.61746537433969,46.5,372.494572157914,2.11049861358843,0,1.3743344328,44.1978909507134,NA,405.986586454273,212.058614439864,1.33238548837558,187.855841711075
"Europe",0,0.15,TRUE,TRUE,150,"BECCS",-5086.67385081463,-131.84108031128,-353.125937662767,2508.39519720034,43.3333333333333,132.349307486794,6.61746537433969,71.516,261.78648233318,1.71505287508436,0,1.3743344328,83.2954157792401,NA,343.634885311091,252.576717531095,1.0827354009369,187.855841711075
"India",0,0.15,TRUE,TRUE,150,"BECCS",-8604.03803238348,-151.70794879478,-310.794231330095,6858.22050563633,43.3333333333333,132.349307486794,6.61746537433969,44.5,556.992008309786,2.37382210608487,0,1.3743344328,52.8054735456937,NA,538.776271261974,153.78902829662,1.49862506697303,187.855841711075
"US",50,0.15,TRUE,TRUE,150,"BECCS",-1989.0992741222,-85.0699689808584,-232.039353443515,1964.46151292609,43.3333333333333,132.349307486794,6.61746537433969,106.56,214.289890166349,2.0477746690402,102.388733452015,1.3743344328,72.7907453258409,NA,334.574068766271,201.29774153514,1.2927870385355,187.855841711075
"China",50,0.15,TRUE,TRUE,150,"BECCS",-9454.52116365418,-49.6454108039065,-301.096655145355,4093.59770174552,43.3333333333333,132.349307486794,6.61746537433969,46.5,372.494572157914,2.11049861358843,105.52493067941,1.3743344328,44.1978909507134,NA,405.986586454273,212.058614439864,1.33238548837558,187.855841711075
"Europe",50,0.15,TRUE,TRUE,150,"BECCS",-5006.32960194679,-50.2631051012972,-267.373293908547,2508.39519720034,43.3333333333333,132.349307486794,6.61746537433969,71.516,261.78648233318,1.71505287508436,85.7526437541776,1.3743344328,83.2954157792401,NA,343.634885311091,252.576717531095,1.0827354009369,187.855841711075
"India",50,0.15,TRUE,TRUE,150,"BECCS",-8485.34692707922,-33.0168434905188,-192.103126025835,6858.22050563633,43.3333333333333,132.349307486794,6.61746537433969,44.5,556.992008309786,2.37382210608487,118.691105304284,1.3743344328,52.8054735456937,NA,538.776271261974,153.78902829662,1.49862506697303,187.855841711075
"US",100,0.15,TRUE,TRUE,150,"BECCS",-1901.27474380891,44.6127464341027,-129.741360119557,1964.46151292609,43.3333333333333,132.349307486794,6.61746537433969,106.56,214.289890166349,2.0477746690402,204.77746690403,1.3743344328,72.7907453258409,NA,334.574068766271,201.29774153514,1.2927870385355,187.855841711075
"China",100,0.15,TRUE,TRUE,150,"BECCS",-9348.99623297493,55.8795198753453,-195.5717244661,4093.59770174552,43.3333333333333,132.349307486794,6.61746537433969,46.5,372.494572157914,2.11049861358843,211.049861358821,1.3743344328,44.1978909507134,NA,405.986586454273,212.058614439864,1.33238548837558,187.855841711075
"Europe",100,0.15,TRUE,TRUE,150,"BECCS",-4925.98535307894,31.3148701086852,-181.620650154335,2508.39519720034,43.3333333333333,132.349307486794,6.61746537433969,71.516,261.78648233318,1.71505287508436,171.505287508355,1.3743344328,83.2954157792401,NA,343.634885311091,252.576717531095,1.0827354009369,187.855841711075
"India",100,0.15,TRUE,TRUE,150,"BECCS",-8366.65582177496,85.6742618137422,-73.412020721573,6858.22050563633,43.3333333333333,132.349307486794,6.61746537433969,44.5,556.992008309786,2.37382210608487,237.382210608567,1.3743344328,52.8054735456937,NA,538.776271261974,153.78902829662,1.49862506697303,187.855841711075
"US",150,0.15,TRUE,TRUE,150,"BECCS",-1813.45021349563,174.295461849064,-27.4433667955986,1964.46151292609,43.3333333333333,132.349307486794,6.61746537433969,106.56,214.289890166349,2.0477746690402,307.166200356056,1.3743344328,72.7907453258409,NA,334.574068766271,201.29774153514,1.2927870385355,187.855841711075
"China",150,0.15,TRUE,TRUE,150,"BECCS",-9243.47130229568,161.404450554597,-90.0467937868483,4093.59770174552,43.3333333333333,132.349307486794,6.61746537433969,46.5,372.494572157914,2.11049861358843,316.574792038397,1.3743344328,44.1978909507134,NA,405.986586454273,212.058614439864,1.33238548837558,187.855841711075
"Europe",150,0.15,TRUE,TRUE,150,"BECCS",-4845.64110421109,159.91061311124,-95.8680064001212,2508.39519720034,43.3333333333333,132.349307486794,6.61746537433969,71.516,261.78648233318,1.71505287508436,257.257931262524,1.3743344328,83.2954157792401,NA,343.634885311091,252.576717531095,1.0827354009369,187.855841711075
"India",150,0.15,TRUE,TRUE,150,"BECCS",-8247.9647164707,204.365367118003,45.279084582688,6858.22050563633,43.3333333333333,132.349307486794,6.61746537433969,44.5,556.992008309786,2.37382210608487,356.073315912848,1.3743344328,52.8054735456937,NA,538.776271261974,153.78902829662,1.49862506697303,187.855841711075
"US",200,0.15,TRUE,TRUE,150,"BECCS",-1725.62568318234,303.978177264025,74.8546265283599,1964.46151292609,43.3333333333333,132.349307486794,6.61746537433969,106.56,214.289890166349,2.0477746690402,409.55493380806,1.3743344328,72.7907453258409,NA,334.574068766271,201.29774153514,1.2927870385355,187.855841711075
"China",200,0.15,TRUE,TRUE,150,"BECCS",-9137.94637161643,266.929381233849,15.4781368924028,4093.59770174552,43.3333333333333,132.349307486794,6.61746537433969,46.5,372.494572157914,2.11049861358843,422.099722717641,1.3743344328,44.1978909507134,NA,405.986586454273,212.058614439864,1.33238548837558,187.855841711075
"Europe",200,0.15,TRUE,TRUE,150,"BECCS",-4765.29685534324,300.803536904039,-10.1153626459059,2508.39519720034,43.3333333333333,132.349307486794,6.61746537433969,71.516,261.78648233318,1.71505287508436,343.010575016711,1.3743344328,83.2954157792401,NA,343.634885311091,252.576717531095,1.0827354009369,187.855841711075
"India",200,0.15,TRUE,TRUE,150,"BECCS",-8129.27361116644,323.056472422264,163.970189886949,6858.22050563633,43.3333333333333,132.349307486794,6.61746537433969,44.5,556.992008309786,2.37382210608487,474.764421217134,1.3743344328,52.8054735456937,NA,538.776271261974,153.78902829662,1.49862506697303,187.855841711075
"US",0,0.02,FALSE,TRUE,150,"BECCS",-2013.54979633548,-99.616498429406,-253.154729517172,2198.71059136775,43.3333333333333,38.8009100775612,1.94004550387806,106.56,225.402294986489,2.0477746690402,0,1.3743344328,72.7907453258409,NA,271.188177835721,161.015199094748,1.2927870385355,187.855841711075
"China",0,0.02,FALSE,TRUE,150,"BECCS",-9686.27864580374,-55.815729384126,-438.93030564791,5650.36533148175,43.3333333333333,38.8009100775612,1.94004550387806,46.5,480.040742779172,2.11049861358843,0,1.3743344328,44.1978909507134,NA,412.768307932769,227.367186364683,1.33238548837558,187.855841711075
"Europe",0,0.02,FALSE,TRUE,150,"BECCS",-4988.44803353494,-32.4689402895621,-266.826225330554,2733.26793667067,43.3333333333333,38.8009100775612,1.94004550387806,71.516,275.417540743633,1.71505287508436,0,1.3743344328,83.2954157792401,NA,282.081629531205,201.585308456355,1.0827354009369,187.855841711075
"India",0,0.02,FALSE,TRUE,150,"BECCS",-8511.78825729129,-52.24876061702,-244.744517298167,7256.96799238929,43.3333333333333,38.8009100775612,1.94004550387806,44.5,583.318765189448,2.37382210608487,0,1.3743344328,52.8054735456937,NA,486.46072223395,125.964822825361,1.49862506697303,187.855841711075
"US",50,0.02,FALSE,TRUE,150,"BECCS",-1925.7252660222,22.6032700519648,-150.856736193212,2198.71059136775,43.3333333333333,38.8009100775612,1.94004550387806,106.56,225.402294986489,2.0477746690402,102.388733452015,1.3743344328,72.7907453258409,NA,271.188177835721,161.015199094748,1.2927870385355,187.855841711075
"China",50,0.02,FALSE,TRUE,150,"BECCS",-9580.75371512449,49.7092012951258,-333.40537496865,5650.36533148175,43.3333333333333,38.8009100775612,1.94004550387806,46.5,480.040742779172,2.11049861358843,105.52493067941,1.3743344328,44.1978909507134,NA,412.768307932769,227.367186364683,1.33238548837558,187.855841711075
"Europe",50,0.02,FALSE,TRUE,150,"BECCS",-4908.10378466709,49.1090349204204,-181.073581576342,2733.26793667067,43.3333333333333,38.8009100775612,1.94004550387806,71.516,275.417540743633,1.71505287508436,85.7526437541776,1.3743344328,83.2954157792401,NA,282.081629531205,201.585308456355,1.0827354009369,187.855841711075
"India",50,0.02,FALSE,TRUE,150,"BECCS",-8393.09715198703,66.4423446872411,-126.053411993907,7256.96799238929,43.3333333333333,38.8009100775612,1.94004550387806,44.5,583.318765189448,2.37382210608487,118.691105304284,1.3743344328,52.8054735456937,NA,486.46072223395,125.964822825361,1.49862506697303,187.855841711075
"US",100,0.02,FALSE,TRUE,150,"BECCS",-1837.90073570891,152.285985466926,-48.5587428692537,2198.71059136775,43.3333333333333,38.8009100775612,1.94004550387806,106.56,225.402294986489,2.0477746690402,204.77746690403,1.3743344328,72.7907453258409,NA,271.188177835721,161.015199094748,1.2927870385355,187.855841711075
"China",100,0.02,FALSE,TRUE,150,"BECCS",-9475.22878444523,155.234131974378,-227.880444289395,5650.36533148175,43.3333333333333,38.8009100775612,1.94004550387806,46.5,480.040742779172,2.11049861358843,211.049861358821,1.3743344328,44.1978909507134,NA,412.768307932769,227.367186364683,1.33238548837558,187.855841711075
"Europe",100,0.02,FALSE,TRUE,150,"BECCS",-4827.75953579924,130.687010130403,-95.3209378221255,2733.26793667067,43.3333333333333,38.8009100775612,1.94004550387806,71.516,275.417540743633,1.71505287508436,171.505287508355,1.3743344328,83.2954157792401,NA,282.081629531205,201.585308456355,1.0827354009369,187.855841711075
"India",100,0.02,FALSE,TRUE,150,"BECCS",-8274.40604668277,185.133449991502,-7.36230668964691,7256.96799238929,43.3333333333333,38.8009100775612,1.94004550387806,44.5,583.318765189448,2.37382210608487,237.382210608567,1.3743344328,52.8054735456937,NA,486.46072223395,125.964822825361,1.49862506697303,187.855841711075
"US",150,0.02,FALSE,TRUE,150,"BECCS",-1750.07620539562,281.968700881887,53.7392504547046,2198.71059136775,43.3333333333333,38.8009100775612,1.94004550387806,106.56,225.402294986489,2.0477746690402,307.166200356056,1.3743344328,72.7907453258409,NA,271.188177835721,161.015199094748,1.2927870385355,187.855841711075
"China",150,0.02,FALSE,TRUE,150,"BECCS",-9369.70385376598,260.759062653629,-122.355513610143,5650.36533148175,43.3333333333333,38.8009100775612,1.94004550387806,46.5,480.040742779172,2.11049861358843,316.574792038397,1.3743344328,44.1978909507134,NA,412.768307932769,227.367186364683,1.33238548837558,187.855841711075
"Europe",150,0.02,FALSE,TRUE,150,"BECCS",-4747.41528693139,212.264985340385,-9.56829406791063,2733.26793667067,43.3333333333333,38.8009100775612,1.94004550387806,71.516,275.417540743633,1.71505287508436,257.257931262524,1.3743344328,83.2954157792401,NA,282.081629531205,201.585308456355,1.0827354009369,187.855841711075
"India",150,0.02,FALSE,TRUE,150,"BECCS",-8155.71494137851,303.824555295763,111.328798614615,7256.96799238929,43.3333333333333,38.8009100775612,1.94004550387806,44.5,583.318765189448,2.37382210608487,356.073315912848,1.3743344328,52.8054735456937,NA,486.46072223395,125.964822825361,1.49862506697303,187.855841711075
"US",200,0.02,FALSE,TRUE,150,"BECCS",-1662.25167508233,411.651416296848,156.037243778664,2198.71059136775,43.3333333333333,38.8009100775612,1.94004550387806,106.56,225.402294986489,2.0477746690402,409.55493380806,1.3743344328,72.7907453258409,NA,271.188177835721,161.015199094748,1.2927870385355,187.855841711075
"China",200,0.02,FALSE,TRUE,150,"BECCS",-9264.17892308673,366.283993332881,-16.8305829308931,5650.36533148175,43.3333333333333,38.8009100775612,1.94004550387806,46.5,480.040742779172,2.11049861358843,422.099722717641,1.3743344328,44.1978909507134,NA,412.768307932769,227.367186364683,1.33238548837558,187.855841711075
"Europe",200,0.02,FALSE,TRUE,150,"BECCS",-4667.07103806355,306.673632473528,76.1843496863048,2733.26793667067,43.3333333333333,38.8009100775612,1.94004550387806,71.516,275.417540743633,1.71505287508436,343.010575016711,1.3743344328,83.2954157792401,NA,282.081629531205,201.585308456355,1.0827354009369,187.855841711075
"India",200,0.02,FALSE,TRUE,150,"BECCS",-8037.02383607425,422.515660600024,230.019903918877,7256.96799238929,43.3333333333333,38.8009100775612,1.94004550387806,44.5,583.318765189448,2.37382210608487,474.764421217134,1.3743344328,52.8054735456937,NA,486.46072223395,125.964822825361,1.49862506697303,187.855841711075
"US",0,0.08,FALSE,TRUE,150,"BECCS",-2053.8596989003,-140.998846489388,-299.769720193847,2198.71059136775,43.3333333333333,77.1912934726282,3.85956467363141,106.56,229.824682498469,2.0477746690402,0,1.3743344328,72.7907453258409,NA,303.736507419279,183.920355246991,1.2927870385355,187.855841711075
"China",0,0.08,FALSE,TRUE,150,"BECCS",-9726.58854836856,-96.5888666711744,-480.378625061076,5650.36533148175,43.3333333333333,77.1912934726282,3.85956467363141,46.5,480.610525088626,2.11049861358843,0,1.3743344328,44.1978909507134,NA,442.513385912803,247.006298727219,1.33238548837558,187.855841711075
"Europe",0,0.08,FALSE,TRUE,150,"BECCS",-5028.75793609976,-73.2492706840356,-310.071697553815,2733.26793667067,43.3333333333333,77.1912934726282,3.85956467363141,71.516,276.988307254048,1.71505287508436,0,1.3743344328,83.2954157792401,NA,312.555048573697,227.077732291555,1.0827354009369,187.855841711075
"India",0,0.08,FALSE,TRUE,150,"BECCS",-8552.09815985611,-93.0648138263877,-288.436120385488,7256.96799238929,43.3333333333333,77.1912934726282,3.85956467363141,44.5,584.838283741311,2.37382210608487,0,1.3743344328,52.8054735456937,NA,516.896851984022,144.370415635084,1.49862506697303,187.855841711075
"US",50,0.08,FALSE,TRUE,150,"BECCS",-1966.03516858702,-21.5836646506794,-197.471726869888,2198.71059136775,43.3333333333333,77.1912934726282,3.85956467363141,106.56,229.824682498469,2.0477746690402,102.388733452015,1.3743344328,72.7907453258409,NA,303.736507419279,183.920355246991,1.2927870385355,187.855841711075
"China",50,0.08,FALSE,TRUE,150,"BECCS",-9621.06361768931,8.93606400807732,-374.853694381826,5650.36533148175,43.3333333333333,77.1912934726282,3.85956467363141,46.5,480.610525088626,2.11049861358843,105.52493067941,1.3743344328,44.1978909507134,NA,442.513385912803,247.006298727219,1.33238548837558,187.855841711075
"Europe",50,0.08,FALSE,TRUE,150,"BECCS",-4948.41368723191,8.32870452594682,-224.319053799603,2733.26793667067,43.3333333333333,77.1912934726282,3.85956467363141,71.516,276.988307254048,1.71505287508436,85.7526437541776,1.3743344328,83.2954157792401,NA,312.555048573697,227.077732291555,1.0827354009369,187.855841711075
"India",50,0.08,FALSE,TRUE,150,"BECCS",-8433.40705455185,25.6262914778734,-169.745015081227,7256.96799238929,43.3333333333333,77.1912934726282,3.85956467363141,44.5,584.838283741311,2.37382210608487,118.691105304284,1.3743344328,52.8054735456937,NA,516.896851984022,144.370415635084,1.49862506697303,187.855841711075
"US",100,0.08,FALSE,TRUE,150,"BECCS",-1878.21063827373,108.099050764282,-95.1737335459295,2198.71059136775,43.3333333333333,77.1912934726282,3.85956467363141,106.56,229.824682498469,2.0477746690402,204.77746690403,1.3743344328,72.7907453258409,NA,303.736507419279,183.920355246991,1.2927870385355,187.855841711075
"China",100,0.08,FALSE,TRUE,150,"BECCS",-9515.53868701006,114.460994687329,-269.328763702569,5650.36533148175,43.3333333333333,77.1912934726282,3.85956467363141,46.5,480.610525088626,2.11049861358843,211.049861358821,1.3743344328,44.1978909507134,NA,442.513385912803,247.006298727219,1.33238548837558,187.855841711075
"Europe",100,0.08,FALSE,TRUE,150,"BECCS",-4868.06943836406,89.9066797359292,-138.566410045388,2733.26793667067,43.3333333333333,77.1912934726282,3.85956467363141,71.516,276.988307254048,1.71505287508436,171.505287508355,1.3743344328,83.2954157792401,NA,312.555048573697,227.077732291555,1.0827354009369,187.855841711075
"India",100,0.08,FALSE,TRUE,150,"BECCS",-8314.71594924759,144.317396782134,-51.0539097769652,7256.96799238929,43.3333333333333,77.1912934726282,3.85956467363141,44.5,584.838283741311,2.37382210608487,237.382210608567,1.3743344328,52.8054735456937,NA,516.896851984022,144.370415635084,1.49862506697303,187.855841711075
"US",150,0.08,FALSE,TRUE,150,"BECCS",-1790.38610796044,237.781766179243,7.12425977802935,2198.71059136775,43.3333333333333,77.1912934726282,3.85956467363141,106.56,229.824682498469,2.0477746690402,307.166200356056,1.3743344328,72.7907453258409,NA,303.736507419279,183.920355246991,1.2927870385355,187.855841711075
"China",150,0.08,FALSE,TRUE,150,"BECCS",-9410.0137563308,219.985925366581,-163.803833023317,5650.36533148175,43.3333333333333,77.1912934726282,3.85956467363141,46.5,480.610525088626,2.11049861358843,316.574792038397,1.3743344328,44.1978909507134,NA,442.513385912803,247.006298727219,1.33238548837558,187.855841711075
"Europe",150,0.08,FALSE,TRUE,150,"BECCS",-4787.72518949621,171.484654945912,-52.8137662911726,2733.26793667067,43.3333333333333,77.1912934726282,3.85956467363141,71.516,276.988307254048,1.71505287508436,257.257931262524,1.3743344328,83.2954157792401,NA,312.555048573697,227.077732291555,1.0827354009369,187.855841711075
"India",150,0.08,FALSE,TRUE,150,"BECCS",-8196.02484394333,263.008502086396,67.6371955272958,7256.96799238929,43.3333333333333,77.1912934726282,3.85956467363141,44.5,584.838283741311,2.37382210608487,356.073315912848,1.3743344328,52.8054735456937,NA,516.896851984022,144.370415635084,1.49862506697303,187.855841711075
"US",200,0.08,FALSE,TRUE,150,"BECCS",-1702.56157764715,367.464481594204,109.422253101988,2198.71059136775,43.3333333333333,77.1912934726282,3.85956467363141,106.56,229.824682498469,2.0477746690402,409.55493380806,1.3743344328,72.7907453258409,NA,303.736507419279,183.920355246991,1.2927870385355,187.855841711075
"China",200,0.08,FALSE,TRUE,150,"BECCS",-9304.48882565155,325.510856045833,-58.2789023440639,5650.36533148175,43.3333333333333,77.1912934726282,3.85956467363141,46.5,480.610525088626,2.11049861358843,422.099722717641,1.3743344328,44.1978909507134,NA,442.513385912803,247.006298727219,1.33238548837558,187.855841711075
"Europe",200,0.08,FALSE,TRUE,150,"BECCS",-4707.38094062837,266.363729908708,32.938877463042,2733.26793667067,43.3333333333333,77.1912934726282,3.85956467363141,71.516,276.988307254048,1.71505287508436,343.010575016711,1.3743344328,83.2954157792401,NA,312.555048573697,227.077732291555,1.0827354009369,187.855841711075
"India",200,0.08,FALSE,TRUE,150,"BECCS",-8077.33373863907,381.699607390657,186.328300831557,7256.96799238929,43.3333333333333,77.1912934726282,3.85956467363141,44.5,584.838283741311,2.37382210608487,474.764421217134,1.3743344328,52.8054735456937,NA,516.896851984022,144.370415635084,1.49862506697303,187.855841711075
"US",0,0.15,FALSE,TRUE,150,"BECCS",-2111.77561361518,-200.455614887405,-359.440348311666,2198.71059136775,43.3333333333333,132.349307486794,6.61746537433969,106.56,230.98890150758,2.0477746690402,0,1.3743344328,72.7907453258409,NA,346.724685779632,213.315997147706,1.2927870385355,187.855841711075
"China",0,0.15,FALSE,TRUE,150,"BECCS",-9784.50446308343,-155.170341483158,-538.663619186274,5650.36533148175,43.3333333333333,132.349307486794,6.61746537433969,46.5,480.786497393816,2.11049861358843,0,1.3743344328,44.1978909507134,NA,484.782491331131,274.622992597578,1.33238548837558,187.855841711075
"Europe",0,0.15,FALSE,TRUE,150,"BECCS",-5086.67385081463,-131.84108031128,-369.024583875779,2733.26793667067,43.3333333333333,132.349307486794,6.61746537433969,71.516,277.469499532273,1.71505287508436,0,1.3743344328,83.2954157792401,NA,355.046239654546,261.769618504519,1.0827354009369,187.855841711075
"India",0,0.15,FALSE,TRUE,150,"BECCS",-8610.01407457098,-151.70794879478,-347.116964053242,7256.96799238929,43.3333333333333,132.349307486794,6.61746537433969,44.5,585.122153930299,2.37382210608487,0,1.3743344328,52.8054735456937,NA,559.244466592854,169.090399292379,1.49862506697303,187.855841711075
"US",50,0.15,FALSE,TRUE,150,"BECCS",-2023.95108330189,-85.0699689808584,-257.142354987705,2198.71059136775,43.3333333333333,132.349307486794,6.61746537433969,106.56,230.98890150758,2.0477746690402,102.388733452015,1.3743344328,72.7907453258409,NA,346.724685779632,213.315997147706,1.2927870385355,187.855841711075
"China",50,0.15,FALSE,TRUE,150,"BECCS",-9678.97953240418,-49.6454108039065,-433.13868850702,5650.36533148175,43.3333333333333,132.349307486794,6.61746537433969,46.5,480.786497393816,2.11049861358843,105.52493067941,1.3743344328,44.1978909507134,NA,484.782491331131,274.622992597578,1.33238548837558,187.855841711075
"Europe",50,0.15,FALSE,TRUE,150,"BECCS",-5006.32960194679,-50.2631051012972,-283.271940121559,2733.26793667067,43.3333333333333,132.349307486794,6.61746537433969,71.516,277.469499532273,1.71505287508436,85.7526437541776,1.3743344328,83.2954157792401,NA,355.046239654546,261.769618504519,1.0827354009369,187.855841711075
"India",50,0.15,FALSE,TRUE,150,"BECCS",-8491.32296926672,-33.0168434905188,-228.42585874898,7256.96799238929,43.3333333333333,132.349307486794,6.61746537433969,44.5,585.122153930299,2.37382210608487,118.691105304284,1.3743344328,52.8054735456937,NA,559.244466592854,169.090399292379,1.49862506697303,187.855841711075
"US",100,0.15,FALSE,TRUE,150,"BECCS",-1936.1265529886,44.6127464341027,-154.844361663748,2198.71059136775,43.3333333333333,132.349307486794,6.61746537433969,106.56,230.98890150758,2.0477746690402,204.77746690403,1.3743344328,72.7907453258409,NA,346.724685779632,213.315997147706,1.2927870385355,187.855841711075
"China",100,0.15,FALSE,TRUE,150,"BECCS",-9573.45460172493,55.8795198753453,-327.613757827762,5650.36533148175,43.3333333333333,132.349307486794,6.61746537433969,46.5,480.786497393816,2.11049861358843,211.049861358821,1.3743344328,44.1978909507134,NA,484.782491331131,274.622992597578,1.33238548837558,187.855841711075
"Europe",100,0.15,FALSE,TRUE,150,"BECCS",-4925.98535307894,31.3148701086852,-197.519296367349,2733.26793667067,43.3333333333333,132.349307486794,6.61746537433969,71.516,277.469499532273,1.71505287508436,171.505287508355,1.3743344328,83.2954157792401,NA,355.046239654546,261.769618504519,1.0827354009369,187.855841711075
"India",100,0.15,FALSE,TRUE,150,"BECCS",-8372.63186396246,85.6742618137422,-109.734753444719,7256.96799238929,43.3333333333333,132.349307486794,6.61746537433969,44.5,585.122153930299,2.37382210608487,237.382210608567,1.3743344328,52.8054735456937,NA,559.244466592854,169.090399292379,1.49862506697303,187.855841711075
"US",150,0.15,FALSE,TRUE,150,"BECCS",-1848.30202267531,174.295461849064,-52.5463683397889,2198.71059136775,43.3333333333333,132.349307486794,6.61746537433969,106.56,230.98890150758,2.0477746690402,307.166200356056,1.3743344328,72.7907453258409,NA,346.724685779632,213.315997147706,1.2927870385355,187.855841711075
"China",150,0.15,FALSE,TRUE,150,"BECCS",-9467.92967104568,161.404450554597,-222.088827148517,5650.36533148175,43.3333333333333,132.349307486794,6.61746537433969,46.5,480.786497393816,2.11049861358843,316.574792038397,1.3743344328,44.1978909507134,NA,484.782491331131,274.622992597578,1.33238548837558,187.855841711075
"Europe",150,0.15,FALSE,TRUE,150,"BECCS",-4845.64110421109,112.892845318668,-111.766652613134,2733.26793667067,43.3333333333333,132.349307486794,6.61746537433969,71.516,277.469499532273,1.71505287508436,257.257931262524,1.3743344328,83.2954157792401,NA,355.046239654546,261.769618504519,1.0827354009369,187.855841711075
"India",150,0.15,FALSE,TRUE,150,"BECCS",-8253.9407586582,204.365367118003,8.95635185954108,7256.96799238929,43.3333333333333,132.349307486794,6.61746537433969,44.5,585.122153930299,2.37382210608487,356.073315912848,1.3743344328,52.8054735456937,NA,559.244466592854,169.090399292379,1.49862506697303,187.855841711075
"US",200,0.15,FALSE,TRUE,150,"BECCS",-1760.47749236203,303.978177264025,49.7516249841693,2198.71059136775,43.3333333333333,132.349307486794,6.61746537433969,106.56,230.98890150758,2.0477746690402,409.55493380806,1.3743344328,72.7907453258409,NA,346.724685779632,213.315997147706,1.2927870385355,187.855841711075
"China",200,0.15,FALSE,TRUE,150,"BECCS",-9362.40474036643,266.929381233849,-116.563896469262,5650.36533148175,43.3333333333333,132.349307486794,6.61746537433969,46.5,480.786497393816,2.11049861358843,422.099722717641,1.3743344328,44.1978909507134,NA,484.782491331131,274.622992597578,1.33238548837558,187.855841711075
"Europe",200,0.15,FALSE,TRUE,150,"BECCS",-4765.29685534324,208.447815193834,-26.0140088589191,2733.26793667067,43.3333333333333,132.349307486794,6.61746537433969,71.516,277.469499532273,1.71505287508436,343.010575016711,1.3743344328,83.2954157792401,NA,355.046239654546,261.769618504519,1.0827354009369,187.855841711075
"India",200,0.15,FALSE,TRUE,150,"BECCS",-8135.24965335394,323.056472422264,127.647457163802,7256.96799238929,43.3333333333333,132.349307486794,6.61746537433969,44.5,585.122153930299,2.37382210608487,474.764421217134,1.3743344328,52.8054735456937,NA,559.244466592854,169.090399292379,1.49862506697303,187.855841711075
"US",0,0.02,TRUE,FALSE,150,"BECCS",-1978.6979871558,-96.3811208783321,-197.142661040036,1964.46151292609,43.3333333333333,38.8009100775612,1.94004550387806,106.56,185.707409774972,2.0477746690402,0,1.3743344328,72.7907453258409,NA,242.305189631287,134.083572878299,1.2927870385355,187.855841711075
"China",0,0.02,TRUE,FALSE,150,"BECCS",-9461.82027705374,-55.815729384126,-281.442988195838,4093.59770174552,43.3333333333333,38.8009100775612,1.94004550387806,46.5,355.106444973445,2.11049861358843,0,1.3743344328,44.1978909507134,NA,321.862997824824,152.746280935825,1.33238548837558,187.855841711075
"Europe",0,0.02,TRUE,FALSE,150,"BECCS",-4988.44803353494,-32.4689402895621,-234.602755702015,2508.39519720034,43.3333333333333,38.8009100775612,1.94004550387806,71.516,250.165667793968,1.71505287508436,0,1.3743344328,83.2954157792401,NA,263.707737160463,182.828087106314,1.0827354009369,187.855841711075
"India",0,0.02,TRUE,FALSE,150,"BECCS",-8505.81221510379,-48.1113506189282,-173.003922194519,6858.22050563633,43.3333333333333,38.8009100775612,1.94004550387806,44.5,538.396797011763,2.37382210608487,0,1.3743344328,52.8054735456937,NA,453.774378134903,95.7432679246193,1.49862506697303,187.855841711075
"US",50,0.02,TRUE,FALSE,150,"BECCS",-1890.87345684251,23.9277636186866,-94.8446677160758,1964.46151292609,43.3333333333333,38.8009100775612,1.94004550387806,106.56,185.707409774972,2.0477746690402,102.388733452015,1.3743344328,72.7907453258409,NA,242.305189631287,134.083572878299,1.2927870385355,187.855841711075
"China",50,0.02,TRUE,FALSE,150,"BECCS",-9356.29534637449,49.7092012951258,-175.918057516589,4093.59770174552,43.3333333333333,38.8009100775612,1.94004550387806,46.5,355.106444973445,2.11049861358843,105.52493067941,1.3743344328,44.1978909507134,NA,321.862997824824,152.746280935825,1.33238548837558,187.855841711075
"Europe",50,0.02,TRUE,FALSE,150,"BECCS",-4908.10378466709,49.1090349204204,-148.850111947801,2508.39519720034,43.3333333333333,38.8009100775612,1.94004550387806,71.516,250.165667793968,1.71505287508436,85.7526437541776,1.3743344328,83.2954157792401,NA,263.707737160463,182.828087106314,1.0827354009369,187.855841711075
"India",50,0.02,TRUE,FALSE,150,"BECCS",-8387.12110979953,70.5797546853328,-54.3128168902569,6858.22050563633,43.3333333333333,38.8009100775612,1.94004550387806,44.5,538.396797011763,2.37382210608487,118.691105304284,1.3743344328,52.8054735456937,NA,453.774378134903,95.7432679246193,1.49862506697303,187.855841711075
"US",100,0.02,TRUE,FALSE,150,"BECCS",-1803.04892652922,153.610479033648,7.4533256078826,1964.46151292609,43.3333333333333,38.8009100775612,1.94004550387806,106.56,185.707409774972,2.0477746690402,204.77746690403,1.3743344328,72.7907453258409,NA,242.305189631287,134.083572878299,1.2927870385355,187.855841711075
"China",100,0.02,TRUE,FALSE,150,"BECCS",-9250.77041569523,155.234131974378,-70.3931268373363,4093.59770174552,43.3333333333333,38.8009100775612,1.94004550387806,46.5,355.106444973445,2.11049861358843,211.049861358821,1.3743344328,44.1978909507134,NA,321.862997824824,152.746280935825,1.33238548837558,187.855841711075
"Europe",100,0.02,TRUE,FALSE,150,"BECCS",-4827.75953579924,165.845522388642,-63.0974681935861,2508.39519720034,43.3333333333333,38.8009100775612,1.94004550387806,71.516,250.165667793968,1.71505287508436,171.505287508355,1.3743344328,83.2954157792401,NA,263.707737160463,182.828087106314,1.0827354009369,187.855841711075
"India",100,0.02,TRUE,FALSE,150,"BECCS",-8268.43000449527,189.270859989594,64.3782884140031,6858.22050563633,43.3333333333333,38.8009100775612,1.94004550387806,44.5,538.396797011763,2.37382210608487,237.382210608567,1.3743344328,52.8054735456937,NA,453.774378134903,95.7432679246193,1.49862506697303,187.855841711075
"US",150,0.02,TRUE,FALSE,150,"BECCS",-1715.22439621593,283.293194448609,109.751318931841,1964.46151292609,43.3333333333333,38.8009100775612,1.94004550387806,106.56,185.707409774972,2.0477746690402,307.166200356056,1.3743344328,72.7907453258409,NA,242.305189631287,134.083572878299,1.2927870385355,187.855841711075
"China",150,0.02,TRUE,FALSE,150,"BECCS",-9145.24548501598,260.759062653629,35.1318038419155,4093.59770174552,43.3333333333333,38.8009100775612,1.94004550387806,46.5,355.106444973445,2.11049861358843,316.574792038397,1.3743344328,44.1978909507134,NA,321.862997824824,152.746280935825,1.33238548837558,187.855841711075
"Europe",150,0.02,TRUE,FALSE,150,"BECCS",-4747.41528693139,306.738446181441,22.6551755606288,2508.39519720034,43.3333333333333,38.8009100775612,1.94004550387806,71.516,250.165667793968,1.71505287508436,257.257931262524,1.3743344328,83.2954157792401,NA,263.707737160463,182.828087106314,1.0827354009369,187.855841711075
"India",150,0.02,TRUE,FALSE,150,"BECCS",-8149.73889919101,307.961965293855,183.069393718264,6858.22050563633,43.3333333333333,38.8009100775612,1.94004550387806,44.5,538.396797011763,2.37382210608487,356.073315912848,1.3743344328,52.8054735456937,NA,453.774378134903,95.7432679246193,1.49862506697303,187.855841711075
"US",200,0.02,TRUE,FALSE,150,"BECCS",-1627.39986590264,412.97590986357,212.049312255801,1964.46151292609,43.3333333333333,38.8009100775612,1.94004550387806,106.56,185.707409774972,2.0477746690402,409.55493380806,1.3743344328,72.7907453258409,NA,242.305189631287,134.083572878299,1.2927870385355,187.855841711075
"China",200,0.02,TRUE,FALSE,150,"BECCS",-9039.72055433673,366.283993332881,140.656734521165,4093.59770174552,43.3333333333333,38.8009100775612,1.94004550387806,46.5,355.106444973445,2.11049861358843,422.099722717641,1.3743344328,44.1978909507134,NA,321.862997824824,152.746280935825,1.33238548837558,187.855841711075
"Europe",200,0.02,TRUE,FALSE,150,"BECCS",-4667.07103806355,447.63136997424,108.407819314844,2508.39519720034,43.3333333333333,38.8009100775612,1.94004550387806,71.516,250.165667793968,1.71505287508436,343.010575016711,1.3743344328,83.2954157792401,NA,263.707737160463,182.828087106314,1.0827354009369,187.855841711075
"India",200,0.02,TRUE,FALSE,150,"BECCS",-8031.04779388675,426.653070598116,301.760499022526,6858.22050563633,43.3333333333333,38.8009100775612,1.94004550387806,44.5,538.396797011763,2.37382210608487,474.764421217134,1.3743344328,52.8054735456937,NA,453.774378134903,95.7432679246193,1.49862506697303,187.855841711075
"US",0,0.08,TRUE,FALSE,150,"BECCS",-2019.00788972062,-140.998846489388,-253.996769295811,1964.46151292609,43.3333333333333,77.1912934726282,3.85956467363141,106.56,199.282965635204,2.0477746690402,0,1.3743344328,72.7907453258409,NA,281.513592723734,161.898873359653,1.2927870385355,187.855841711075
"China",0,0.08,TRUE,FALSE,150,"BECCS",-9502.13017961856,-96.5888666711744,-335.661532455237,4093.59770174552,43.3333333333333,77.1912934726282,3.85956467363141,46.5,366.095192161801,2.11049861358843,0,1.3743344328,44.1978909507134,NA,359.189174429932,178.436202696684,1.33238548837558,187.855841711075
"Europe",0,0.08,TRUE,FALSE,150,"BECCS",-5028.75793609976,-73.2492706840356,-286.962900001684,2508.39519720034,43.3333333333333,77.1912934726282,3.85956467363141,71.516,257.38883150317,1.71505287508436,0,1.3743344328,83.2954157792401,NA,298.293981337718,213.54988340031,1.0827354009369,187.855841711075
"India",0,0.08,TRUE,FALSE,150,"BECCS",-8546.12211766861,-93.0648138263877,-231.40525023763,6858.22050563633,43.3333333333333,77.1912934726282,3.85956467363141,44.5,548.104184600574,2.37382210608487,0,1.3743344328,52.8054735456937,NA,490.168205546846,120.345502394255,1.49862506697303,187.855841711075
"US",50,0.08,TRUE,FALSE,150,"BECCS",-1931.18335940733,-19.5679379717192,-151.698775971854,1964.46151292609,43.3333333333333,77.1912934726282,3.85956467363141,106.56,199.282965635204,2.0477746690402,102.388733452015,1.3743344328,72.7907453258409,NA,281.513592723734,161.898873359653,1.2927870385355,187.855841711075
"China",50,0.08,TRUE,FALSE,150,"BECCS",-9396.60524893931,8.93606400807732,-230.136601775983,4093.59770174552,43.3333333333333,77.1912934726282,3.85956467363141,46.5,366.095192161801,2.11049861358843,105.52493067941,1.3743344328,44.1978909507134,NA,359.189174429932,178.436202696684,1.33238548837558,187.855841711075
"Europe",50,0.08,TRUE,FALSE,150,"BECCS",-4948.41368723191,8.32870452594682,-201.210256247468,2508.39519720034,43.3333333333333,77.1912934726282,3.85956467363141,71.516,257.38883150317,1.71505287508436,85.7526437541776,1.3743344328,83.2954157792401,NA,298.293981337718,213.54988340031,1.0827354009369,187.855841711075
"India",50,0.08,TRUE,FALSE,150,"BECCS",-8427.43101236435,25.6262914778734,-112.714144933369,6858.22050563633,43.3333333333333,77.1912934726282,3.85956467363141,44.5,548.104184600574,2.37382210608487,118.691105304284,1.3743344328,52.8054735456937,NA,490.168205546846,120.345502394255,1.49862506697303,187.855841711075
"US",100,0.08,TRUE,FALSE,150,"BECCS",-1843.35882909404,110.114777443242,-49.4007826478952,1964.46151292609,43.3333333333333,77.1912934726282,3.85956467363141,106.56,199.282965635204,2.0477746690402,204.77746690403,1.3743344328,72.7907453258409,NA,281.513592723734,161.898873359653,1.2927870385355,187.855841711075
"China",100,0.08,TRUE,FALSE,150,"BECCS",-9291.08031826006,114.460994687329,-124.611671096733,4093.59770174552,43.3333333333333,77.1912934726282,3.85956467363141,46.5,366.095192161801,2.11049861358843,211.049861358821,1.3743344328,44.1978909507134,NA,359.189174429932,178.436202696684,1.33238548837558,187.855841711075
"Europe",100,0.08,TRUE,FALSE,150,"BECCS",-4868.06943836406,90.1096733500927,-115.457612493253,2508.39519720034,43.3333333333333,77.1912934726282,3.85956467363141,71.516,257.38883150317,1.71505287508436,171.505287508355,1.3743344328,83.2954157792401,NA,298.293981337718,213.54988340031,1.0827354009369,187.855841711075
"India",100,0.08,TRUE,FALSE,150,"BECCS",-8308.73990706009,144.317396782134,5.97696037089119,6858.22050563633,43.3333333333333,77.1912934726282,3.85956467363141,44.5,548.104184600574,2.37382210608487,237.382210608567,1.3743344328,52.8054735456937,NA,490.168205546846,120.345502394255,1.49862506697303,187.855841711075
"US",150,0.08,TRUE,FALSE,150,"BECCS",-1755.53429878075,239.797492858203,52.8972106760636,1964.46151292609,43.3333333333333,77.1912934726282,3.85956467363141,106.56,199.282965635204,2.0477746690402,307.166200356056,1.3743344328,72.7907453258409,NA,281.513592723734,161.898873359653,1.2927870385355,187.855841711075
"China",150,0.08,TRUE,FALSE,150,"BECCS",-9185.5553875808,219.985925366581,-19.0867404174802,4093.59770174552,43.3333333333333,77.1912934726282,3.85956467363141,46.5,366.095192161801,2.11049861358843,316.574792038397,1.3743344328,44.1978909507134,NA,359.189174429932,178.436202696684,1.33238548837558,187.855841711075
"Europe",150,0.08,TRUE,FALSE,150,"BECCS",-4787.72518949621,231.002597142892,-29.7049687390395,2508.39519720034,43.3333333333333,77.1912934726282,3.85956467363141,71.516,257.38883150317,1.71505287508436,257.257931262524,1.3743344328,83.2954157792401,NA,298.293981337718,213.54988340031,1.0827354009369,187.855841711075
"India",150,0.08,TRUE,FALSE,150,"BECCS",-8190.04880175583,263.008502086396,124.668065675153,6858.22050563633,43.3333333333333,77.1912934726282,3.85956467363141,44.5,548.104184600574,2.37382210608487,356.073315912848,1.3743344328,52.8054735456937,NA,490.168205546846,120.345502394255,1.49862506697303,187.855841711075
"US",200,0.08,TRUE,FALSE,150,"BECCS",-1667.70976846746,369.480208273164,155.195204000021,1964.46151292609,43.3333333333333,77.1912934726282,3.85956467363141,106.56,199.282965635204,2.0477746690402,409.55493380806,1.3743344328,72.7907453258409,NA,281.513592723734,161.898873359653,1.2927870385355,187.855841711075
"China",200,0.08,TRUE,FALSE,150,"BECCS",-9080.03045690155,325.510856045833,86.4381902617712,4093.59770174552,43.3333333333333,77.1912934726282,3.85956467363141,46.5,366.095192161801,2.11049861358843,422.099722717641,1.3743344328,44.1978909507134,NA,359.189174429932,178.436202696684,1.33238548837558,187.855841711075
"Europe",200,0.08,TRUE,FALSE,150,"BECCS",-4707.38094062837,371.895520935691,56.0476750151771,2508.39519720034,43.3333333333333,77.1912934726282,3.85956467363141,71.516,257.38883150317,1.71505287508436,343.010575016711,1.3743344328,83.2954157792401,NA,298.293981337718,213.54988340031,1.0827354009369,187.855841711075
"India",200,0.08,TRUE,FALSE,150,"BECCS",-8071.35769645157,381.699607390657,243.359170979412,6858.22050563633,43.3333333333333,77.1912934726282,3.85956467363141,44.5,548.104184600574,2.37382210608487,474.764421217134,1.3743344328,52.8054735456937,NA,490.168205546846,120.345502394255,1.49862506697303,187.855841711075
"US",0,0.15,TRUE,FALSE,150,"BECCS",-2076.92380443549,-200.428263238304,-324.036325259873,1964.46151292609,43.3333333333333,132.349307486794,6.61746537433969,106.56,207.739690813575,2.0477746690402,0,1.3743344328,72.7907453258409,NA,329.807980399097,196.251182310563,1.2927870385355,187.855841711075
"China",0,0.15,TRUE,FALSE,150,"BECCS",-9560.04609433343,-155.170341483158,-400.987235432163,4093.59770174552,43.3333333333333,132.349307486794,6.61746537433969,46.5,369.937085433142,2.11049861358843,0,1.3743344328,44.1978909507134,NA,404.125695346742,209.388937067809,1.33238548837558,187.855841711075
"Europe",0,0.15,TRUE,FALSE,150,"BECCS",-5086.67385081463,-131.84108031128,-349.330569538773,2508.39519720034,43.3333333333333,132.349307486794,6.61746537433969,71.516,259.915414253597,1.71505287508436,0,1.3743344328,83.2954157792401,NA,342.27344952448,250.278622339907,1.0827354009369,187.855841711075
"India",0,0.15,TRUE,FALSE,150,"BECCS",-8604.03803238348,-151.70794879478,-301.88083920952,6858.22050563633,43.3333333333333,132.349307486794,6.61746537433969,44.5,553.485376678184,2.37382210608487,0,1.3743344328,52.8054735456937,NA,536.22475865491,150.034158840427,1.49862506697303,187.855841711075
"US",50,0.15,TRUE,FALSE,150,"BECCS",-1989.0992741222,-82.0611017724185,-221.738331935912,1964.46151292609,43.3333333333333,132.349307486794,6.61746537433969,106.56,207.739690813575,2.0477746690402,102.388733452015,1.3743344328,72.7907453258409,NA,329.807980399097,196.251182310563,1.2927870385355,187.855841711075
"China",50,0.15,TRUE,FALSE,150,"BECCS",-9454.52116365418,-49.6454108039065,-295.462304752915,4093.59770174552,43.3333333333333,132.349307486794,6.61746537433969,46.5,369.937085433142,2.11049861358843,105.52493067941,1.3743344328,44.1978909507134,NA,404.125695346742,209.388937067809,1.33238548837558,187.855841711075
"Europe",50,0.15,TRUE,FALSE,150,"BECCS",-5006.32960194679,-50.2631051012972,-263.577925784551,2508.39519720034,43.3333333333333,132.349307486794,6.61746537433969,71.516,259.915414253597,1.71505287508436,85.7526437541776,1.3743344328,83.2954157792401,NA,342.27344952448,250.278622339907,1.0827354009369,187.855841711075
"India",50,0.15,TRUE,FALSE,150,"BECCS",-8485.34692707922,-33.0168434905188,-183.18973390526,6858.22050563633,43.3333333333333,132.349307486794,6.61746537433969,44.5,553.485376678184,2.37382210608487,118.691105304284,1.3743344328,52.8054735456937,NA,536.22475865491,150.034158840427,1.49862506697303,187.855841711075
"US",100,0.15,TRUE,FALSE,150,"BECCS",-1901.27474380891,47.6216136425426,-119.440338611953,1964.46151292609,43.3333333333333,132.349307486794,6.61746537433969,106.56,207.739690813575,2.0477746690402,204.77746690403,1.3743344328,72.7907453258409,NA,329.807980399097,196.251182310563,1.2927870385355,187.855841711075
"China",100,0.15,TRUE,FALSE,150,"BECCS",-9348.99623297493,55.8795198753453,-189.937374073659,4093.59770174552,43.3333333333333,132.349307486794,6.61746537433969,46.5,369.937085433142,2.11049861358843,211.049861358821,1.3743344328,44.1978909507134,NA,404.125695346742,209.388937067809,1.33238548837558,187.855841711075
"Europe",100,0.15,TRUE,FALSE,150,"BECCS",-4925.98535307894,31.3148701086852,-177.825282030341,2508.39519720034,43.3333333333333,132.349307486794,6.61746537433969,71.516,259.915414253597,1.71505287508436,171.505287508355,1.3743344328,83.2954157792401,NA,342.27344952448,250.278622339907,1.0827354009369,187.855841711075
"India",100,0.15,TRUE,FALSE,150,"BECCS",-8366.65582177496,85.6742618137422,-64.4986286009992,6858.22050563633,43.3333333333333,132.349307486794,6.61746537433969,44.5,553.485376678184,2.37382210608487,237.382210608567,1.3743344328,52.8054735456937,NA,536.22475865491,150.034158840427,1.49862506697303,187.855841711075
"US",150,0.15,TRUE,FALSE,150,"BECCS",-1813.45021349563,177.304329057504,-17.1423452879952,1964.46151292609,43.3333333333333,132.349307486794,6.61746537433969,106.56,207.739690813575,2.0477746690402,307.166200356056,1.3743344328,72.7907453258409,NA,329.807980399097,196.251182310563,1.2927870385355,187.855841711075
"China",150,0.15,TRUE,FALSE,150,"BECCS",-9243.47130229568,161.404450554597,-84.4124433944073,4093.59770174552,43.3333333333333,132.349307486794,6.61746537433969,46.5,369.937085433142,2.11049861358843,316.574792038397,1.3743344328,44.1978909507134,NA,404.125695346742,209.388937067809,1.33238548837558,187.855841711075
"Europe",150,0.15,TRUE,FALSE,150,"BECCS",-4845.64110421109,159.91061311124,-92.0726382761276,2508.39519720034,43.3333333333333,132.349307486794,6.61746537433969,71.516,259.915414253597,1.71505287508436,257.257931262524,1.3743344328,83.2954157792401,NA,342.27344952448,250.278622339907,1.0827354009369,187.855841711075
"India",150,0.15,TRUE,FALSE,150,"BECCS",-8247.9647164707,204.365367118003,54.1924767032621,6858.22050563633,43.3333333333333,132.349307486794,6.61746537433969,44.5,553.485376678184,2.37382210608487,356.073315912848,1.3743344328,52.8054735456937,NA,536.22475865491,150.034158840427,1.49862506697303,187.855841711075
"US",200,0.15,TRUE,FALSE,150,"BECCS",-1725.62568318234,306.987044472465,85.1556480359633,1964.46151292609,43.3333333333333,132.349307486794,6.61746537433969,106.56,207.739690813575,2.0477746690402,409.55493380806,1.3743344328,72.7907453258409,NA,329.807980399097,196.251182310563,1.2927870385355,187.855841711075
"China",200,0.15,TRUE,FALSE,150,"BECCS",-9137.94637161643,266.929381233849,21.1124872848437,4093.59770174552,43.3333333333333,132.349307486794,6.61746537433969,46.5,369.937085433142,2.11049861358843,422.099722717641,1.3743344328,44.1978909507134,NA,404.125695346742,209.388937067809,1.33238548837558,187.855841711075
"Europe",200,0.15,TRUE,FALSE,150,"BECCS",-4765.29685534324,300.803536904039,-6.31999452191182,2508.39519720034,43.3333333333333,132.349307486794,6.61746537433969,71.516,259.915414253597,1.71505287508436,343.010575016711,1.3743344328,83.2954157792401,NA,342.27344952448,250.278622339907,1.0827354009369,187.855841711075
"India",200,0.15,TRUE,FALSE,150,"BECCS",-8129.27361116644,323.056472422264,172.883582007523,6858.22050563633,43.3333333333333,132.349307486794,6.61746537433969,44.5,553.485376678184,2.37382210608487,474.764421217134,1.3743344328,52.8054735456937,NA,536.22475865491,150.034158840427,1.49862506697303,187.855841711075
"US",0,0.02,FALSE,FALSE,150,"BECCS",-2013.54979633548,-96.3811208783321,-229.289005817027,2198.71059136775,43.3333333333333,38.8009100775612,1.94004550387806,106.56,207.289879187652,2.0477746690402,0,1.3743344328,72.7907453258409,NA,258.009132498169,149.413714818157,1.2927870385355,187.855841711075
"China",0,0.02,FALSE,FALSE,150,"BECCS",-9686.27864580374,-55.815729384126,-433.965004139675,5650.36533148175,43.3333333333333,38.8009100775612,1.94004550387806,46.5,477.345571949173,2.11049861358843,0,1.3743344328,44.1978909507134,NA,410.807234437357,225.014518859348,1.33238548837558,187.855841711075
"Europe",0,0.02,FALSE,FALSE,150,"BECCS",-4988.44803353494,-32.4689402895621,-254.325123330016,2733.26793667067,43.3333333333333,38.8009100775612,1.94004550387806,71.516,267.76425588268,1.71505287508436,0,1.3743344328,83.2954157792401,NA,276.512908644715,194.190394881262,1.0827354009369,187.855841711075
"India",0,0.02,FALSE,FALSE,150,"BECCS",-8511.78825729129,-52.24876061702,-222.854345360236,7256.96799238929,43.3333333333333,38.8009100775612,1.94004550387806,44.5,573.426464246607,2.37382210608487,0,1.3743344328,52.8054735456937,NA,479.262837420217,116.743334879059,1.49862506697303,187.855841711075
"US",50,0.02,FALSE,FALSE,150,"BECCS",-1925.7252660222,23.9277636186866,-126.991012493069,2198.71059136775,43.3333333333333,38.8009100775612,1.94004550387806,106.56,207.289879187652,2.0477746690402,102.388733452015,1.3743344328,72.7907453258409,NA,258.009132498169,149.413714818157,1.2927870385355,187.855841711075
"China",50,0.02,FALSE,FALSE,150,"BECCS",-9580.75371512449,49.7092012951258,-328.440073460416,5650.36533148175,43.3333333333333,38.8009100775612,1.94004550387806,46.5,477.345571949173,2.11049861358843,105.52493067941,1.3743344328,44.1978909507134,NA,410.807234437357,225.014518859348,1.33238548837558,187.855841711075
"Europe",50,0.02,FALSE,FALSE,150,"BECCS",-4908.10378466709,49.1090349204204,-168.572479575802,2733.26793667067,43.3333333333333,38.8009100775612,1.94004550387806,71.516,267.76425588268,1.71505287508436,85.7526437541776,1.3743344328,83.2954157792401,NA,276.512908644715,194.190394881262,1.0827354009369,187.855841711075
"India",50,0.02,FALSE,FALSE,150,"BECCS",-8393.09715198703,66.4423446872411,-104.163240055974,7256.96799238929,43.3333333333333,38.8009100775612,1.94004550387806,44.5,573.426464246607,2.37382210608487,118.691105304284,1.3743344328,52.8054735456937,NA,479.262837420217,116.743334879059,1.49862506697303,187.855841711075
"US",100,0.02,FALSE,FALSE,150,"BECCS",-1837.90073570891,153.610479033648,-24.69301916911,2198.71059136775,43.3333333333333,38.8009100775612,1.94004550387806,106.56,207.289879187652,2.0477746690402,204.77746690403,1.3743344328,72.7907453258409,NA,258.009132498169,149.413714818157,1.2927870385355,187.855841711075
"China",100,0.02,FALSE,FALSE,150,"BECCS",-9475.22878444523,155.234131974378,-222.915142781162,5650.36533148175,43.3333333333333,38.8009100775612,1.94004550387806,46.5,477.345571949173,2.11049861358843,211.049861358821,1.3743344328,44.1978909507134,NA,410.807234437357,225.014518859348,1.33238548837558,187.855841711075
"Europe",100,0.02,FALSE,FALSE,150,"BECCS",-4827.75953579924,130.687010130403,-82.819835821586,2733.26793667067,43.3333333333333,38.8009100775612,1.94004550387806,71.516,267.76425588268,1.71505287508436,171.505287508355,1.3743344328,83.2954157792401,NA,276.512908644715,194.190394881262,1.0827354009369,187.855841711075
"India",100,0.02,FALSE,FALSE,150,"BECCS",-8274.40604668277,185.133449991502,14.527865248287,7256.96799238929,43.3333333333333,38.8009100775612,1.94004550387806,44.5,573.426464246607,2.37382210608487,237.382210608567,1.3743344328,52.8054735456937,NA,479.262837420217,116.743334879059,1.49862506697303,187.855841711075
"US",150,0.02,FALSE,FALSE,150,"BECCS",-1750.07620539562,283.293194448609,77.6049741548485,2198.71059136775,43.3333333333333,38.8009100775612,1.94004550387806,106.56,207.289879187652,2.0477746690402,307.166200356056,1.3743344328,72.7907453258409,NA,258.009132498169,149.413714818157,1.2927870385355,187.855841711075
"China",150,0.02,FALSE,FALSE,150,"BECCS",-9369.70385376598,260.759062653629,-117.39021210191,5650.36533148175,43.3333333333333,38.8009100775612,1.94004550387806,46.5,477.345571949173,2.11049861358843,316.574792038397,1.3743344328,44.1978909507134,NA,410.807234437357,225.014518859348,1.33238548837558,187.855841711075
"Europe",150,0.02,FALSE,FALSE,150,"BECCS",-4747.41528693139,212.264985340385,2.93280793262787,2733.26793667067,43.3333333333333,38.8009100775612,1.94004550387806,71.516,267.76425588268,1.71505287508436,257.257931262524,1.3743344328,83.2954157792401,NA,276.512908644715,194.190394881262,1.0827354009369,187.855841711075
"India",150,0.02,FALSE,FALSE,150,"BECCS",-8155.71494137851,303.824555295763,133.218970552548,7256.96799238929,43.3333333333333,38.8009100775612,1.94004550387806,44.5,573.426464246607,2.37382210608487,356.073315912848,1.3743344328,52.8054735456937,NA,479.262837420217,116.743334879059,1.49862506697303,187.855841711075
"US",200,0.02,FALSE,FALSE,150,"BECCS",-1662.25167508233,412.97590986357,179.902967478807,2198.71059136775,43.3333333333333,38.8009100775612,1.94004550387806,106.56,207.289879187652,2.0477746690402,409.55493380806,1.3743344328,72.7907453258409,NA,258.009132498169,149.413714818157,1.2927870385355,187.855841711075
"China",200,0.02,FALSE,FALSE,150,"BECCS",-9264.17892308673,366.283993332881,-11.8652814226588,5650.36533148175,43.3333333333333,38.8009100775612,1.94004550387806,46.5,477.345571949173,2.11049861358843,422.099722717641,1.3743344328,44.1978909507134,NA,410.807234437357,225.014518859348,1.33238548837558,187.855841711075
"Europe",200,0.02,FALSE,FALSE,150,"BECCS",-4667.07103806355,306.673632473528,88.6854516868441,2733.26793667067,43.3333333333333,38.8009100775612,1.94004550387806,71.516,267.76425588268,1.71505287508436,343.010575016711,1.3743344328,83.2954157792401,NA,276.512908644715,194.190394881262,1.0827354009369,187.855841711075
"India",200,0.02,FALSE,FALSE,150,"BECCS",-8037.02383607425,422.515660600024,251.910075856808,7256.96799238929,43.3333333333333,38.8009100775612,1.94004550387806,44.5,573.426464246607,2.37382210608487,474.764421217134,1.3743344328,52.8054735456937,NA,479.262837420217,116.743334879059,1.49862506697303,187.855841711075
"US",0,0.08,FALSE,FALSE,150,"BECCS",-2053.8596989003,-140.998846489388,-288.05161766669,2198.71059136775,43.3333333333333,77.1912934726282,3.85956467363141,106.56,221.50661040964,2.0477746690402,0,1.3743344328,72.7907453258409,NA,297.684070770448,178.19748680696,1.2927870385355,187.855841711075
"China",0,0.08,FALSE,FALSE,150,"BECCS",-9726.58854836856,-96.5888666711744,-478.309810541243,5650.36533148175,43.3333333333333,77.1912934726282,3.85956467363141,46.5,479.566063110031,2.11049861358843,0,1.3743344328,44.1978909507134,NA,441.753409335292,246.026049554574,1.33238548837558,187.855841711075
"Europe",0,0.08,FALSE,FALSE,150,"BECCS",-5028.75793609976,-73.2492706840356,-304.811835098127,2733.26793667067,43.3333333333333,77.1912934726282,3.85956467363141,71.516,274.079012611023,1.71505287508436,0,1.3743344328,83.2954157792401,NA,310.438173253115,223.87509439201,1.0827354009369,187.855841711075
"India",0,0.08,FALSE,FALSE,150,"BECCS",-8552.09815985611,-93.0648138263877,-281.646422747166,7256.96799238929,43.3333333333333,77.1912934726282,3.85956467363141,44.5,581.731124308527,2.37382210608487,0,1.3743344328,52.8054735456937,NA,514.636005308984,141.510177026252,1.49862506697303,187.855841711075
"US",50,0.08,FALSE,FALSE,150,"BECCS",-1966.03516858702,-19.5679379717192,-185.753624342731,2198.71059136775,43.3333333333333,77.1912934726282,3.85956467363141,106.56,221.50661040964,2.0477746690402,102.388733452015,1.3743344328,72.7907453258409,NA,297.684070770448,178.19748680696,1.2927870385355,187.855841711075
"China",50,0.08,FALSE,FALSE,150,"BECCS",-9621.06361768931,8.93606400807732,-372.784879861991,5650.36533148175,43.3333333333333,77.1912934726282,3.85956467363141,46.5,479.566063110031,2.11049861358843,105.52493067941,1.3743344328,44.1978909507134,NA,441.753409335292,246.026049554574,1.33238548837558,187.855841711075
"Europe",50,0.08,FALSE,FALSE,150,"BECCS",-4948.41368723191,8.32870452594682,-219.059191343912,2733.26793667067,43.3333333333333,77.1912934726282,3.85956467363141,71.516,274.079012611023,1.71505287508436,85.7526437541776,1.3743344328,83.2954157792401,NA,310.438173253115,223.87509439201,1.0827354009369,187.855841711075
"India",50,0.08,FALSE,FALSE,150,"BECCS",-8433.40705455185,25.6262914778734,-162.955317442904,7256.96799238929,43.3333333333333,77.1912934726282,3.85956467363141,44.5,581.731124308527,2.37382210608487,118.691105304284,1.3743344328,52.8054735456937,NA,514.636005308984,141.510177026252,1.49862506697303,187.855841711075
"US",100,0.08,FALSE,FALSE,150,"BECCS",-1878.21063827373,110.114777443242,-83.4556310187724,2198.71059136775,43.3333333333333,77.1912934726282,3.85956467363141,106.56,221.50661040964,2.0477746690402,204.77746690403,1.3743344328,72.7907453258409,NA,297.684070770448,178.19748680696,1.2927870385355,187.855841711075
"China",100,0.08,FALSE,FALSE,150,"BECCS",-9515.53868701006,114.460994687329,-267.259949182734,5650.36533148175,43.3333333333333,77.1912934726282,3.85956467363141,46.5,479.566063110031,2.11049861358843,211.049861358821,1.3743344328,44.1978909507134,NA,441.753409335292,246.026049554574,1.33238548837558,187.855841711075
"Europe",100,0.08,FALSE,FALSE,150,"BECCS",-4868.06943836406,89.9066797359292,-133.306547589696,2733.26793667067,43.3333333333333,77.1912934726282,3.85956467363141,71.516,274.079012611023,1.71505287508436,171.505287508355,1.3743344328,83.2954157792401,NA,310.438173253115,223.87509439201,1.0827354009369,187.855841711075
"India",100,0.08,FALSE,FALSE,150,"BECCS",-8314.71594924759,144.317396782134,-44.2642121386424,7256.96799238929,43.3333333333333,77.1912934726282,3.85956467363141,44.5,581.731124308527,2.37382210608487,237.382210608567,1.3743344328,52.8054735456937,NA,514.636005308984,141.510177026252,1.49862506697303,187.855841711075
"US",150,0.08,FALSE,FALSE,150,"BECCS",-1790.38610796044,239.797492858203,18.8423623051865,2198.71059136775,43.3333333333333,77.1912934726282,3.85956467363141,106.56,221.50661040964,2.0477746690402,307.166200356056,1.3743344328,72.7907453258409,NA,297.684070770448,178.19748680696,1.2927870385355,187.855841711075
"China",150,0.08,FALSE,FALSE,150,"BECCS",-9410.0137563308,219.985925366581,-161.735018503483,5650.36533148175,43.3333333333333,77.1912934726282,3.85956467363141,46.5,479.566063110031,2.11049861358843,316.574792038397,1.3743344328,44.1978909507134,NA,441.753409335292,246.026049554574,1.33238548837558,187.855841711075
"Europe",150,0.08,FALSE,FALSE,150,"BECCS",-4787.72518949621,171.484654945912,-47.5539038354825,2733.26793667067,43.3333333333333,77.1912934726282,3.85956467363141,71.516,274.079012611023,1.71505287508436,257.257931262524,1.3743344328,83.2954157792401,NA,310.438173253115,223.87509439201,1.0827354009369,187.855841711075
"India",150,0.08,FALSE,FALSE,150,"BECCS",-8196.02484394333,263.008502086396,74.4268931656187,7256.96799238929,43.3333333333333,77.1912934726282,3.85956467363141,44.5,581.731124308527,2.37382210608487,356.073315912848,1.3743344328,52.8054735456937,NA,514.636005308984,141.510177026252,1.49862506697303,187.855841711075
"US",200,0.08,FALSE,FALSE,150,"BECCS",-1702.56157764715,369.480208273164,121.140355629145,2198.71059136775,43.3333333333333,77.1912934726282,3.85956467363141,106.56,221.50661040964,2.0477746690402,409.55493380806,1.3743344328,72.7907453258409,NA,297.684070770448,178.19748680696,1.2927870385355,187.855841711075
"China",200,0.08,FALSE,FALSE,150,"BECCS",-9304.48882565155,325.510856045833,-56.2100878242301,5650.36533148175,43.3333333333333,77.1912934726282,3.85956467363141,46.5,479.566063110031,2.11049861358843,422.099722717641,1.3743344328,44.1978909507134,NA,441.753409335292,246.026049554574,1.33238548837558,187.855841711075
"Europe",200,0.08,FALSE,FALSE,150,"BECCS",-4707.38094062837,266.363729908708,38.198739918733,2733.26793667067,43.3333333333333,77.1912934726282,3.85956467363141,71.516,274.079012611023,1.71505287508436,343.010575016711,1.3743344328,83.2954157792401,NA,310.438173253115,223.87509439201,1.0827354009369,187.855841711075
"India",200,0.08,FALSE,FALSE,150,"BECCS",-8077.33373863907,381.699607390657,193.117998469878,7256.96799238929,43.3333333333333,77.1912934726282,3.85956467363141,44.5,581.731124308527,2.37382210608487,474.764421217134,1.3743344328,52.8054735456937,NA,514.636005308984,141.510177026252,1.49862506697303,187.855841711075
"US",0,0.15,FALSE,FALSE,150,"BECCS",-2111.77561361518,-200.455614887405,-353.941938050893,2198.71059136775,43.3333333333333,132.349307486794,6.61746537433969,106.56,227.261658536947,2.0477746690402,0,1.3743344328,72.7907453258409,NA,344.012650861727,210.566230774179,1.2927870385355,187.855841711075
"China",0,0.15,FALSE,FALSE,150,"BECCS",-9784.50446308343,-155.170341483158,-537.620564690123,5650.36533148175,43.3333333333333,132.349307486794,6.61746537433969,46.5,480.274036593534,2.11049861358843,0,1.3743344328,44.1978909507134,NA,484.409612075506,274.128770763252,1.33238548837558,187.855841711075
"Europe",0,0.15,FALSE,FALSE,150,"BECCS",-5086.67385081463,-131.84108031128,-366.197866351345,2733.26793667067,43.3333333333333,132.349307486794,6.61746537433969,71.516,276.069102954184,1.71505287508436,0,1.3743344328,83.2954157792401,NA,354.027276187818,260.037688155136,1.0827354009369,187.855841711075
"India",0,0.15,FALSE,FALSE,150,"BECCS",-8610.01407457098,-151.70794879478,-344.568525025087,7256.96799238929,43.3333333333333,132.349307486794,6.61746537433969,44.5,584.074490536341,2.37382210608487,0,1.3743344328,52.8054735456937,NA,558.482160585704,168.016839895649,1.49862506697303,187.855841711075
"US",50,0.15,FALSE,FALSE,150,"BECCS",-2023.95108330189,-82.0611017724185,-251.64394472693,2198.71059136775,43.3333333333333,132.349307486794,6.61746537433969,106.56,227.261658536947,2.0477746690402,102.388733452015,1.3743344328,72.7907453258409,NA,344.012650861727,210.566230774179,1.2927870385355,187.855841711075
"China",50,0.15,FALSE,FALSE,150,"BECCS",-9678.97953240418,-49.6454108039065,-432.09563401087,5650.36533148175,43.3333333333333,132.349307486794,6.61746537433969,46.5,480.274036593534,2.11049861358843,105.52493067941,1.3743344328,44.1978909507134,NA,484.409612075506,274.128770763252,1.33238548837558,187.855841711075
"Europe",50,0.15,FALSE,FALSE,150,"BECCS",-5006.32960194679,-50.2631051012972,-280.445222597126,2733.26793667067,43.3333333333333,132.349307486794,6.61746537433969,71.516,276.069102954184,1.71505287508436,85.7526437541776,1.3743344328,83.2954157792401,NA,354.027276187818,260.037688155136,1.0827354009369,187.855841711075
"India",50,0.15,FALSE,FALSE,150,"BECCS",-8491.32296926672,-33.0168434905188,-225.877419720824,7256.96799238929,43.3333333333333,132.349307486794,6.61746537433969,44.5,584.074490536341,2.37382210608487,118.691105304284,1.3743344328,52.8054735456937,NA,558.482160585704,168.016839895649,1.49862506697303,187.855841711075
"US",100,0.15,FALSE,FALSE,150,"BECCS",-1936.1265529886,47.6216136425426,-149.345951402973,2198.71059136775,43.3333333333333,132.349307486794,6.61746537433969,106.56,227.261658536947,2.0477746690402,204.77746690403,1.3743344328,72.7907453258409,NA,344.012650861727,210.566230774179,1.2927870385355,187.855841711075
"China",100,0.15,FALSE,FALSE,150,"BECCS",-9573.45460172493,55.8795198753453,-326.570703331612,5650.36533148175,43.3333333333333,132.349307486794,6.61746537433969,46.5,480.274036593534,2.11049861358843,211.049861358821,1.3743344328,44.1978909507134,NA,484.409612075506,274.128770763252,1.33238548837558,187.855841711075
"Europe",100,0.15,FALSE,FALSE,150,"BECCS",-4925.98535307894,31.3148701086852,-194.692578842915,2733.26793667067,43.3333333333333,132.349307486794,6.61746537433969,71.516,276.069102954184,1.71505287508436,171.505287508355,1.3743344328,83.2954157792401,NA,354.027276187818,260.037688155136,1.0827354009369,187.855841711075
"India",100,0.15,FALSE,FALSE,150,"BECCS",-8372.63186396246,85.6742618137422,-107.186314416563,7256.96799238929,43.3333333333333,132.349307486794,6.61746537433969,44.5,584.074490536341,2.37382210608487,237.382210608567,1.3743344328,52.8054735456937,NA,558.482160585704,168.016839895649,1.49862506697303,187.855841711075
"US",150,0.15,FALSE,FALSE,150,"BECCS",-1848.30202267531,177.304329057504,-47.0479580790145,2198.71059136775,43.3333333333333,132.349307486794,6.61746537433969,106.56,227.261658536947,2.0477746690402,307.166200356056,1.3743344328,72.7907453258409,NA,344.012650861727,210.566230774179,1.2927870385355,187.855841711075
"China",150,0.15,FALSE,FALSE,150,"BECCS",-9467.92967104568,161.404450554597,-221.045772652368,5650.36533148175,43.3333333333333,132.349307486794,6.61746537433969,46.5,480.274036593534,2.11049861358843,316.574792038397,1.3743344328,44.1978909507134,NA,484.409612075506,274.128770763252,1.33238548837558,187.855841711075
"Europe",150,0.15,FALSE,FALSE,150,"BECCS",-4845.64110421109,112.892845318668,-108.9399350887,2733.26793667067,43.3333333333333,132.349307486794,6.61746537433969,71.516,276.069102954184,1.71505287508436,257.257931262524,1.3743344328,83.2954157792401,NA,354.027276187818,260.037688155136,1.0827354009369,187.855841711075
"India",150,0.15,FALSE,FALSE,150,"BECCS",-8253.9407586582,204.365367118003,11.5047908876968,7256.96799238929,43.3333333333333,132.349307486794,6.61746537433969,44.5,584.074490536341,2.37382210608487,356.073315912848,1.3743344328,52.8054735456937,NA,558.482160585704,168.016839895649,1.49862506697303,187.855841711075
"US",200,0.15,FALSE,FALSE,150,"BECCS",-1760.47749236203,306.987044472465,55.2500352449442,2198.71059136775,43.3333333333333,132.349307486794,6.61746537433969,106.56,227.261658536947,2.0477746690402,409.55493380806,1.3743344328,72.7907453258409,NA,344.012650861727,210.566230774179,1.2927870385355,187.855841711075
"China",200,0.15,FALSE,FALSE,150,"BECCS",-9362.40474036643,266.929381233849,-115.520841973112,5650.36533148175,43.3333333333333,132.349307486794,6.61746537433969,46.5,480.274036593534,2.11049861358843,422.099722717641,1.3743344328,44.1978909507134,NA,484.409612075506,274.128770763252,1.33238548837558,187.855841711075
"Europe",200,0.15,FALSE,FALSE,150,"BECCS",-4765.29685534324,208.447815193834,-23.1872913344859,2733.26793667067,43.3333333333333,132.349307486794,6.61746537433969,71.516,276.069102954184,1.71505287508436,343.010575016711,1.3743344328,83.2954157792401,NA,354.027276187818,260.037688155136,1.0827354009369,187.855841711075
"India",200,0.15,FALSE,FALSE,150,"BECCS",-8135.24965335394,323.056472422264,130.195896191958,7256.96799238929,43.3333333333333,132.349307486794,6.61746537433969,44.5,584.074490536341,2.37382210608487,474.764421217134,1.3743344328,52.8054735456937,NA,558.482160585704,168.016839895649,1.49862506697303,187.855841711075
"US",0,0.02,TRUE,TRUE,250,"BECCS",-650.717946203359,-103.486144180265,-192.782711683609,1964.46151292609,252.959922917359,33.2879681484244,1.66439840742122,138.003988437604,198.167862996121,2.06271044818913,0,1.3743344328,72.7907453258409,NA,194.020672354676,127.068364950239,1.30221619203859,268.607929679724
"China",0,0.02,TRUE,TRUE,250,"BECCS",-9481.84962633686,-46.951026266872,-300.093179057069,4093.59770174552,144.019737252917,33.2879681484244,1.66439840742122,61.602960587937,364.061777308464,2.10181194270004,0,1.3743344328,44.1978909507134,NA,345.315744218704,162.660176399152,1.32690147897729,268.607929679724
"Europe",0,0.02,TRUE,TRUE,250,"BECCS",-3137.82689178121,-28.242829414486,-230.005328464139,2508.39519720034,146.372892547443,33.2879681484244,1.66439840742122,86.9719338821258,256.367297414352,1.72333192262705,0,1.3743344328,83.2954157792401,NA,252.186445460599,181.656784825228,1.08796207236556,268.607929679724
"India",0,0.02,TRUE,TRUE,250,"BECCS",-8536.44890504701,-43.4094785131092,-187.576217094302,6858.22050563633,124.063848103915,33.2879681484244,1.66439840742122,73.5865343473527,546.762247639871,2.37314274953296,0,1.3743344328,52.8054735456937,NA,421.559967449024,101.975231638536,1.4981961802607,268.607929679724
"US",50,0.02,TRUE,TRUE,250,"BECCS",-561.754010604092,2.88474198103918,-89.7321065032506,1964.46151292609,252.959922917359,33.2879681484244,1.66439840742122,138.003988437604,198.167862996121,2.06271044818913,103.135522409456,1.3743344328,72.7907453258409,NA,194.020672354676,127.068364950239,1.30221619203859,268.607929679724
"China",50,0.02,TRUE,TRUE,250,"BECCS",-9377.18529360123,58.6738535745451,-195.002581922064,4093.59770174552,144.019737252917,33.2879681484244,1.66439840742122,61.602960587937,364.061777308464,2.10181194270004,105.090597135003,1.3743344328,44.1978909507134,NA,345.315744218704,162.660176399152,1.32690147897729,268.607929679724
"Europe",50,0.02,TRUE,TRUE,250,"BECCS",-3056.56184690877,53.2775103495838,-143.838732332788,2508.39519720034,146.372892547443,33.2879681484244,1.66439840742122,86.9719338821258,256.367297414352,1.72333192262705,86.1665961313523,1.3743344328,83.2954157792401,NA,252.186445460599,181.656784825228,1.08796207236556,268.607929679724
"India",50,0.02,TRUE,TRUE,250,"BECCS",-8417.99197570837,75.3773420542007,-68.9190796176549,6858.22050563633,124.063848103915,33.2879681484244,1.66439840742122,73.5865343473527,546.762247639871,2.37314274953296,118.657137476648,1.3743344328,52.8054735456937,NA,421.559967449024,101.975231638536,1.4981961802607,268.607929679724
"US",100,0.02,TRUE,TRUE,250,"BECCS",-472.790075004825,126.442897050961,13.3184986771061,1964.46151292609,252.959922917359,33.2879681484244,1.66439840742122,138.003988437604,198.167862996121,2.06271044818913,206.271044818912,1.3743344328,72.7907453258409,NA,194.020672354676,127.068364950239,1.30221619203859,268.607929679724
"China",100,0.02,TRUE,TRUE,250,"BECCS",-9272.52096086561,164.298733415962,-89.9119847870642,4093.59770174552,144.019737252917,33.2879681484244,1.66439840742122,61.602960587937,364.061777308464,2.10181194270004,210.181194270006,1.3743344328,44.1978909507134,NA,345.315744218704,162.660176399152,1.32690147897729,268.607929679724
"Europe",100,0.02,TRUE,TRUE,250,"BECCS",-2975.29680203633,143.749501157813,-57.6721362014356,2508.39519720034,146.372892547443,33.2879681484244,1.66439840742122,86.9719338821258,256.367297414352,1.72333192262705,172.333192262705,1.3743344328,83.2954157792401,NA,252.186445460599,181.656784825228,1.08796207236556,268.607929679724
"India",100,0.02,TRUE,TRUE,250,"BECCS",-8299.53504636974,194.164162621511,49.7380578589925,6858.22050563633,124.063848103915,33.2879681484244,1.66439840742122,73.5865343473527,546.762247639871,2.37314274953296,237.314274953295,1.3743344328,52.8054735456937,NA,421.559967449024,101.975231638536,1.4981961802607,268.607929679724
"US",150,0.02,TRUE,TRUE,250,"BECCS",-383.826139405557,255.094219028218,116.369103857463,1964.46151292609,252.959922917359,33.2879681484244,1.66439840742122,138.003988437604,198.167862996121,2.06271044818913,309.406567228368,1.3743344328,72.7907453258409,NA,194.020672354676,127.068364950239,1.30221619203859,268.607929679724
"China",150,0.02,TRUE,TRUE,250,"BECCS",-9167.85662812998,269.923613257379,15.1786123479384,4093.59770174552,144.019737252917,33.2879681484244,1.66439840742122,61.602960587937,364.061777308464,2.10181194270004,315.271791405006,1.3743344328,44.1978909507134,NA,345.315744218704,162.660176399152,1.32690147897729,268.607929679724
"Europe",150,0.02,TRUE,TRUE,250,"BECCS",-2894.03175716388,284.536777717285,28.494459929918,2508.39519720034,146.372892547443,33.2879681484244,1.66439840742122,86.9719338821258,256.367297414352,1.72333192262705,258.499788394059,1.3743344328,83.2954157792401,NA,252.186445460599,181.656784825228,1.08796207236556,268.607929679724
"India",150,0.02,TRUE,TRUE,250,"BECCS",-8181.0781170311,312.95098318882,168.39519533564,6858.22050563633,124.063848103915,33.2879681484244,1.66439840742122,73.5865343473527,546.762247639871,2.37314274953296,355.971412429946,1.3743344328,52.8054735456937,NA,421.559967449024,101.975231638536,1.4981961802607,268.607929679724
"US",200,0.02,TRUE,TRUE,250,"BECCS",-294.86220380629,383.745541005476,219.41970903782,1964.46151292609,252.959922917359,33.2879681484244,1.66439840742122,138.003988437604,198.167862996121,2.06271044818913,412.542089637825,1.3743344328,72.7907453258409,NA,194.020672354676,127.068364950239,1.30221619203859,268.607929679724
"China",200,0.02,TRUE,TRUE,250,"BECCS",-9063.19229539435,375.548493098796,120.269209482942,4093.59770174552,144.019737252917,33.2879681484244,1.66439840742122,61.602960587937,364.061777308464,2.10181194270004,420.362388540012,1.3743344328,44.1978909507134,NA,345.315744218704,162.660176399152,1.32690147897729,268.607929679724
"Europe",200,0.02,TRUE,TRUE,250,"BECCS",-2812.76671229144,425.324054276757,114.661056061272,2508.39519720034,146.372892547443,33.2879681484244,1.66439840742122,86.9719338821258,256.367297414352,1.72333192262705,344.666384525409,1.3743344328,83.2954157792401,NA,252.186445460599,181.656784825228,1.08796207236556,268.607929679724
"India",200,0.02,TRUE,TRUE,250,"BECCS",-8062.62118769247,431.73780375613,287.052332812287,6858.22050563633,124.063848103915,33.2879681484244,1.66439840742122,73.5865343473527,546.762247639871,2.37314274953296,474.628549906591,1.3743344328,52.8054735456937,NA,421.559967449024,101.975231638536,1.4981961802607,268.607929679724
"US",0,0.08,TRUE,TRUE,250,"BECCS",-685.300504961945,-138.892803248665,-248.37667586622,1964.46151292609,252.959922917359,66.2237383946958,3.31118691973479,138.003988437604,209.690569450053,2.06271044818913,0,1.3743344328,72.7907453258409,NA,234.135852771426,154.137465293211,1.30221619203859,268.607929679724
"China",0,0.08,TRUE,TRUE,250,"BECCS",-9516.43218509545,-81.9312781496972,-346.62523120564,4093.59770174552,144.019737252917,66.2237383946958,3.31118691973479,61.602960587937,370.66379474536,2.10181194270004,0,1.3743344328,44.1978909507134,NA,376.130412328299,184.797771178506,1.32690147897729,268.607929679724
"Europe",0,0.08,TRUE,TRUE,250,"BECCS",-3172.40945053979,-63.2088776983711,-272.651076651134,2508.39519720034,146.372892547443,66.2237383946958,3.31118691973479,86.9719338821258,260.436795712519,1.72333192262705,0,1.3743344328,83.2954157792401,NA,281.321668560948,206.718815341527,1.08796207236556,268.607929679724
"India",0,0.08,TRUE,TRUE,250,"BECCS",-8571.03146380559,-78.4046477895518,-239.480617212904,6858.22050563633,124.063848103915,66.2237383946958,3.31118691973479,73.5865343473527,554.528776104074,2.37314274953296,0,1.3743344328,52.8054735456937,NA,454.113102272758,123.845382627541,1.4981961802607,268.607929679724
"US",50,0.08,TRUE,TRUE,250,"BECCS",-596.336569362677,-39.4570789211407,-145.326070685863,1964.46151292609,252.959922917359,66.2237383946958,3.31118691973479,138.003988437604,209.690569450053,2.06271044818913,103.135522409456,1.3743344328,72.7907453258409,NA,234.135852771426,154.137465293211,1.30221619203859,268.607929679724
"China",50,0.08,TRUE,TRUE,250,"BECCS",-9411.76785235982,23.6900528187721,-241.534634070633,4093.59770174552,144.019737252917,66.2237383946958,3.31118691973479,61.602960587937,370.66379474536,2.10181194270004,105.090597135003,1.3743344328,44.1978909507134,NA,376.130412328299,184.797771178506,1.32690147897729,268.607929679724
"Europe",50,0.08,TRUE,TRUE,250,"BECCS",-3091.14440566735,18.3114620656987,-186.484480519781,2508.39519720034,146.372892547443,66.2237383946958,3.31118691973479,86.9719338821258,260.436795712519,1.72333192262705,86.1665961313523,1.3743344328,83.2954157792401,NA,281.321668560948,206.718815341527,1.08796207236556,268.607929679724
"India",50,0.08,TRUE,TRUE,250,"BECCS",-8452.57453446696,40.3821727777581,-120.823479736258,6858.22050563633,124.063848103915,66.2237383946958,3.31118691973479,73.5865343473527,554.528776104074,2.37314274953296,118.657137476648,1.3743344328,52.8054735456937,NA,454.113102272758,123.845382627541,1.4981961802607,268.607929679724
"US",100,0.08,TRUE,TRUE,250,"BECCS",-507.37263376341,88.699808407901,-42.2754655055066,1964.46151292609,252.959922917359,66.2237383946958,3.31118691973479,138.003988437604,209.690569450053,2.06271044818913,206.271044818912,1.3743344328,72.7907453258409,NA,234.135852771426,154.137465293211,1.30221619203859,268.607929679724
"China",100,0.08,TRUE,TRUE,250,"BECCS",-9307.10351962419,129.311383787241,-136.44403693563,4093.59770174552,144.019737252917,66.2237383946958,3.31118691973479,61.602960587937,370.66379474536,2.10181194270004,210.181194270006,1.3743344328,44.1978909507134,NA,376.130412328299,184.797771178506,1.32690147897729,268.607929679724
"Europe",100,0.08,TRUE,TRUE,250,"BECCS",-3009.87936079491,99.8318018297684,-100.31788438843,2508.39519720034,146.372892547443,66.2237383946958,3.31118691973479,86.9719338821258,260.436795712519,1.72333192262705,172.333192262705,1.3743344328,83.2954157792401,NA,281.321668560948,206.718815341527,1.08796207236556,268.607929679724
"India",100,0.08,TRUE,TRUE,250,"BECCS",-8334.11760512832,159.168993345068,-2.16634225961027,6858.22050563633,124.063848103915,66.2237383946958,3.31118691973479,73.5865343473527,554.528776104074,2.37314274953296,237.314274953295,1.3743344328,52.8054735456937,NA,454.113102272758,123.845382627541,1.4981961802607,268.607929679724
"US",150,0.08,TRUE,TRUE,250,"BECCS",-418.408698164142,217.351130385159,60.7751396748503,1964.46151292609,252.959922917359,66.2237383946958,3.31118691973479,138.003988437604,209.690569450053,2.06271044818913,309.406567228368,1.3743344328,72.7907453258409,NA,234.135852771426,154.137465293211,1.30221619203859,268.607929679724
"China",150,0.08,TRUE,TRUE,250,"BECCS",-9202.43918688856,234.932714755711,-31.3534398006311,4093.59770174552,144.019737252917,66.2237383946958,3.31118691973479,61.602960587937,370.66379474536,2.10181194270004,315.271791405006,1.3743344328,44.1978909507134,NA,376.130412328299,184.797771178506,1.32690147897729,268.607929679724
"Europe",150,0.08,TRUE,TRUE,250,"BECCS",-2928.61431592247,225.856101958144,-14.1512882570773,2508.39519720034,146.372892547443,66.2237383946958,3.31118691973479,86.9719338821258,260.436795712519,1.72333192262705,258.499788394059,1.3743344328,83.2954157792401,NA,281.321668560948,206.718815341527,1.08796207236556,268.607929679724
"India",150,0.08,TRUE,TRUE,250,"BECCS",-8215.66067578969,277.955813912378,116.490795217037,6858.22050563633,124.063848103915,66.2237383946958,3.31118691973479,73.5865343473527,554.528776104074,2.37314274953296,355.971412429946,1.3743344328,52.8054735456937,NA,454.113102272758,123.845382627541,1.4981961802607,268.607929679724
"US",200,0.08,TRUE,TRUE,250,"BECCS",-329.444762564875,346.002452362417,163.825744855207,1964.46151292609,252.959922917359,66.2237383946958,3.31118691973479,138.003988437604,209.690569450053,2.06271044818913,412.542089637825,1.3743344328,72.7907453258409,NA,234.135852771426,154.137465293211,1.30221619203859,268.607929679724
"China",200,0.08,TRUE,TRUE,250,"BECCS",-9097.77485415293,340.55404572418,73.7371573343736,4093.59770174552,144.019737252917,66.2237383946958,3.31118691973479,61.602960587937,370.66379474536,2.10181194270004,420.362388540012,1.3743344328,44.1978909507134,NA,376.130412328299,184.797771178506,1.32690147897729,268.607929679724
"Europe",200,0.08,TRUE,TRUE,250,"BECCS",-2847.34927105003,366.643378517616,72.0153078742759,2508.39519720034,146.372892547443,66.2237383946958,3.31118691973479,86.9719338821258,260.436795712519,1.72333192262705,344.666384525409,1.3743344328,83.2954157792401,NA,281.321668560948,206.718815341527,1.08796207236556,268.607929679724
"India",200,0.08,TRUE,TRUE,250,"BECCS",-8097.20374645105,396.742634479688,235.147932693684,6858.22050563633,124.063848103915,66.2237383946958,3.31118691973479,73.5865343473527,554.528776104074,2.37314274953296,474.628549906591,1.3743344328,52.8054735456937,NA,454.113102272758,123.845382627541,1.4981961802607,268.607929679724
"US",0,0.15,TRUE,TRUE,250,"BECCS",-734.987564375288,-189.72867019704,-306.336688230478,1964.46151292609,252.959922917359,113.544747359785,5.67723736798925,138.003988437604,213.522360078473,2.06271044818913,0,1.3743344328,72.7907453258409,NA,276.162231622917,182.447206865978,1.30221619203859,268.607929679724
"China",0,0.15,TRUE,TRUE,250,"BECCS",-9566.11924450879,-132.160897568233,-400.003674003123,4093.59770174552,144.019737252917,113.544747359785,5.67723736798925,61.602960587937,372.159974149594,2.10181194270004,0,1.3743344328,44.1978909507134,NA,413.632355892547,210.193043710057,1.32690147897729,268.607929679724
"Europe",0,0.15,TRUE,TRUE,250,"BECCS",-3222.09650995313,-113.446921987097,-324.932105022588,2508.39519720034,146.372892547443,113.544747359785,5.67723736798925,86.9719338821258,261.540756973434,1.72333192262705,0,1.3743344328,83.2954157792401,NA,318.552748779,237.392549147131,1.08796207236556,268.607929679724
"India",0,0.15,TRUE,TRUE,250,"BECCS",-8620.71852321893,-128.684532142729,-294.388248590267,6858.22050563633,124.063848103915,113.544747359785,5.67723736798925,73.5865343473527,556.560475767404,2.37314274953296,0,1.3743344328,52.8054735456937,NA,492.199847289887,146.983019875849,1.4981961802607,268.607929679724
"US",50,0.15,TRUE,TRUE,250,"BECCS",-646.023628776021,-94.1795162149174,-203.28608305012,1964.46151292609,252.959922917359,113.544747359785,5.67723736798925,138.003988437604,213.522360078473,2.06271044818913,103.135522409456,1.3743344328,72.7907453258409,NA,276.162231622917,182.447206865978,1.30221619203859,268.607929679724
"China",50,0.15,TRUE,TRUE,250,"BECCS",-9461.45491177316,-26.539566599764,-294.913076868117,4093.59770174552,144.019737252917,113.544747359785,5.67723736798925,61.602960587937,372.159974149594,2.10181194270004,105.090597135003,1.3743344328,44.1978909507134,NA,413.632355892547,210.193043710057,1.32690147897729,268.607929679724
"Europe",50,0.15,TRUE,TRUE,250,"BECCS",-3140.83146508069,-31.9265822230267,-238.765508891233,2508.39519720034,146.372892547443,113.544747359785,5.67723736798925,86.9719338821258,261.540756973434,1.72333192262705,86.1665961313523,1.3743344328,83.2954157792401,NA,318.552748779,237.392549147131,1.08796207236556,268.607929679724
"India",50,0.15,TRUE,TRUE,250,"BECCS",-8502.2615938803,-9.89771157541941,-175.731111113619,6858.22050563633,124.063848103915,113.544747359785,5.67723736798925,73.5865343473527,556.560475767404,2.37314274953296,118.657137476648,1.3743344328,52.8054735456937,NA,492.199847289887,146.983019875849,1.4981961802607,268.607929679724
"US",100,0.15,TRUE,TRUE,250,"BECCS",-557.059693176753,34.4718057623404,-100.235477869763,1964.46151292609,252.959922917359,113.544747359785,5.67723736798925,138.003988437604,213.522360078473,2.06271044818913,206.271044818912,1.3743344328,72.7907453258409,NA,276.162231622917,182.447206865978,1.30221619203859,268.607929679724
"China",100,0.15,TRUE,TRUE,250,"BECCS",-9356.79057903753,79.0817643687053,-189.822479733117,4093.59770174552,144.019737252917,113.544747359785,5.67723736798925,61.602960587937,372.159974149594,2.10181194270004,210.181194270006,1.3743344328,44.1978909507134,NA,413.632355892547,210.193043710057,1.32690147897729,268.607929679724
"Europe",100,0.15,TRUE,TRUE,250,"BECCS",-3059.56642020825,49.593757541043,-152.598912759881,2508.39519720034,146.372892547443,113.544747359785,5.67723736798925,86.9719338821258,261.540756973434,1.72333192262705,172.333192262705,1.3743344328,83.2954157792401,NA,318.552748779,237.392549147131,1.08796207236556,268.607929679724
"India",100,0.15,TRUE,TRUE,250,"BECCS",-8383.80466454167,108.88910899189,-57.0739736369723,6858.22050563633,124.063848103915,113.544747359785,5.67723736798925,73.5865343473527,556.560475767404,2.37314274953296,237.314274953295,1.3743344328,52.8054735456937,NA,492.199847289887,146.983019875849,1.4981961802607,268.607929679724
"US",150,0.15,TRUE,TRUE,250,"BECCS",-468.095757577486,163.123127739598,2.81512731059462,1964.46151292609,252.959922917359,113.544747359785,5.67723736798925,138.003988437604,213.522360078473,2.06271044818913,309.406567228368,1.3743344328,72.7907453258409,NA,276.162231622917,182.447206865978,1.30221619203859,268.607929679724
"China",150,0.15,TRUE,TRUE,250,"BECCS",-9252.1262463019,184.703095337175,-84.7318825981163,4093.59770174552,144.019737252917,113.544747359785,5.67723736798925,61.602960587937,372.159974149594,2.10181194270004,315.271791405006,1.3743344328,44.1978909507134,NA,413.632355892547,210.193043710057,1.32690147897729,268.607929679724
"Europe",150,0.15,TRUE,TRUE,250,"BECCS",-2978.30137533581,176.169042544801,-66.4323166285287,2508.39519720034,146.372892547443,113.544747359785,5.67723736798925,86.9719338821258,261.540756973434,1.72333192262705,258.499788394059,1.3743344328,83.2954157792401,NA,318.552748779,237.392549147131,1.08796207236556,268.607929679724
"India",150,0.15,TRUE,TRUE,250,"BECCS",-8265.34773520303,227.6759295592,61.5831638396755,6858.22050563633,124.063848103915,113.544747359785,5.67723736798925,73.5865343473527,556.560475767404,2.37314274953296,355.971412429946,1.3743344328,52.8054735456937,NA,492.199847289887,146.983019875849,1.4981961802607,268.607929679724
"US",200,0.15,TRUE,TRUE,250,"BECCS",-379.131821978218,291.774449716856,105.865732490952,1964.46151292609,252.959922917359,113.544747359785,5.67723736798925,138.003988437604,213.522360078473,2.06271044818913,412.542089637825,1.3743344328,72.7907453258409,NA,276.162231622917,182.447206865978,1.30221619203859,268.607929679724
"China",200,0.15,TRUE,TRUE,250,"BECCS",-9147.46191356628,290.324426305644,20.3587145368852,4093.59770174552,144.019737252917,113.544747359785,5.67723736798925,61.602960587937,372.159974149594,2.10181194270004,420.362388540012,1.3743344328,44.1978909507134,NA,413.632355892547,210.193043710057,1.32690147897729,268.607929679724
"Europe",200,0.15,TRUE,TRUE,250,"BECCS",-2897.03633046337,316.956319104273,19.7342795028242,2508.39519720034,146.372892547443,113.544747359785,5.67723736798925,86.9719338821258,261.540756973434,1.72333192262705,344.666384525409,1.3743344328,83.2954157792401,NA,318.552748779,237.392549147131,1.08796207236556,268.607929679724
"India",200,0.15,TRUE,TRUE,250,"BECCS",-8146.8908058644,346.46275012651,180.240301316323,6858.22050563633,124.063848103915,113.544747359785,5.67723736798925,73.5865343473527,556.560475767404,2.37314274953296,474.628549906591,1.3743344328,52.8054735456937,NA,492.199847289887,146.983019875849,1.4981961802607,268.607929679724
"US",0,0.02,FALSE,TRUE,250,"BECCS",-752.160761535391,-103.486144180265,-224.616588710934,2198.71059136775,252.959922917359,33.2879681484244,1.66439840742122,138.003988437604,219.235392374085,2.06271044818913,0,1.3743344328,72.7907453258409,NA,215.469201675895,142.208351654523,1.30221619203859,268.607929679724
"China",0,0.02,FALSE,TRUE,250,"BECCS",-9706.30799508686,-46.951026266872,-435.096190626097,5650.36533148175,144.019737252917,33.2879681484244,1.66439840742122,61.602960587937,479.281888774787,2.10181194270004,0,1.3743344328,44.1978909507134,NA,427.130013308633,227.056756545683,1.32690147897729,268.607929679724
"Europe",0,0.02,FALSE,TRUE,250,"BECCS",-3180.13968514058,-28.242829414486,-250.628331278062,2733.26793667067,146.372892547443,33.2879681484244,1.66439840742122,86.9719338821258,273.151312876442,1.72333192262705,0,1.3743344328,83.2954157792401,NA,268.568719979677,193.589858038574,1.08796207236556,268.607929679724
"India",0,0.02,FALSE,TRUE,250,"BECCS",-8542.42494723451,-43.4094785131092,-236.58703221687,7256.96799238929,124.063848103915,33.2879681484244,1.66439840742122,73.5865343473527,580.172198171576,2.37314274953296,0,1.3743344328,52.8054735456937,NA,451.526638181475,122.633330747031,1.4981961802607,268.607929679724
"US",50,0.02,FALSE,TRUE,250,"BECCS",-663.196825936123,2.88474198103918,-121.565983530577,2198.71059136775,252.959922917359,33.2879681484244,1.66439840742122,138.003988437604,219.235392374085,2.06271044818913,103.135522409456,1.3743344328,72.7907453258409,NA,215.469201675895,142.208351654523,1.30221619203859,268.607929679724
"China",50,0.02,FALSE,TRUE,250,"BECCS",-9601.64366235123,58.6738535745451,-330.005593491092,5650.36533148175,144.019737252917,33.2879681484244,1.66439840742122,61.602960587937,479.281888774787,2.10181194270004,105.090597135003,1.3743344328,44.1978909507134,NA,427.130013308633,227.056756545683,1.32690147897729,268.607929679724
"Europe",50,0.02,FALSE,TRUE,250,"BECCS",-3098.87464026814,53.2775103495838,-164.461735146713,2733.26793667067,146.372892547443,33.2879681484244,1.66439840742122,86.9719338821258,273.151312876442,1.72333192262705,86.1665961313523,1.3743344328,83.2954157792401,NA,268.568719979677,193.589858038574,1.08796207236556,268.607929679724
"India",50,0.02,FALSE,TRUE,250,"BECCS",-8423.96801789587,75.3773420542007,-117.929894740221,7256.96799238929,124.063848103915,33.2879681484244,1.66439840742122,73.5865343473527,580.172198171576,2.37314274953296,118.657137476648,1.3743344328,52.8054735456937,NA,451.526638181475,122.633330747031,1.4981961802607,268.607929679724
"US",100,0.02,FALSE,TRUE,250,"BECCS",-574.232890336856,126.442897050961,-18.5153783502198,2198.71059136775,252.959922917359,33.2879681484244,1.66439840742122,138.003988437604,219.235392374085,2.06271044818913,206.271044818912,1.3743344328,72.7907453258409,NA,215.469201675895,142.208351654523,1.30221619203859,268.607929679724
"China",100,0.02,FALSE,TRUE,250,"BECCS",-9496.97932961561,164.298733415962,-224.914996356093,5650.36533148175,144.019737252917,33.2879681484244,1.66439840742122,61.602960587937,479.281888774787,2.10181194270004,210.181194270006,1.3743344328,44.1978909507134,NA,427.130013308633,227.056756545683,1.32690147897729,268.607929679724
"Europe",100,0.02,FALSE,TRUE,250,"BECCS",-3017.6095953957,134.797850113654,-78.2951390153598,2733.26793667067,146.372892547443,33.2879681484244,1.66439840742122,86.9719338821258,273.151312876442,1.72333192262705,172.333192262705,1.3743344328,83.2954157792401,NA,268.568719979677,193.589858038574,1.08796207236556,268.607929679724
"India",100,0.02,FALSE,TRUE,250,"BECCS",-8305.51108855724,194.164162621511,0.727242736426383,7256.96799238929,124.063848103915,33.2879681484244,1.66439840742122,73.5865343473527,580.172198171576,2.37314274953296,237.314274953295,1.3743344328,52.8054735456937,NA,451.526638181475,122.633330747031,1.4981961802607,268.607929679724
"US",150,0.02,FALSE,TRUE,250,"BECCS",-485.268954737589,255.094219028218,84.5352268301372,2198.71059136775,252.959922917359,33.2879681484244,1.66439840742122,138.003988437604,219.235392374085,2.06271044818913,309.406567228368,1.3743344328,72.7907453258409,NA,215.469201675895,142.208351654523,1.30221619203859,268.607929679724
"China",150,0.02,FALSE,TRUE,250,"BECCS",-9392.31499687998,269.923613257379,-119.824399221089,5650.36533148175,144.019737252917,33.2879681484244,1.66439840742122,61.602960587937,479.281888774787,2.10181194270004,315.271791405006,1.3743344328,44.1978909507134,NA,427.130013308633,227.056756545683,1.32690147897729,268.607929679724
"Europe",150,0.02,FALSE,TRUE,250,"BECCS",-2936.34455052326,216.318189877723,7.87145711599289,2733.26793667067,146.372892547443,33.2879681484244,1.66439840742122,86.9719338821258,273.151312876442,1.72333192262705,258.499788394059,1.3743344328,83.2954157792401,NA,268.568719979677,193.589858038574,1.08796207236556,268.607929679724
"India",150,0.02,FALSE,TRUE,250,"BECCS",-8187.0541592186,312.95098318882,119.384380213074,7256.96799238929,124.063848103915,33.2879681484244,1.66439840742122,73.5865343473527,580.172198171576,2.37314274953296,355.971412429946,1.3743344328,52.8054735456937,NA,451.526638181475,122.633330747031,1.4981961802607,268.607929679724
"US",200,0.02,FALSE,TRUE,250,"BECCS",-396.305019138321,383.745541005476,187.585832010494,2198.71059136775,252.959922917359,33.2879681484244,1.66439840742122,138.003988437604,219.235392374085,2.06271044818913,412.542089637825,1.3743344328,72.7907453258409,NA,215.469201675895,142.208351654523,1.30221619203859,268.607929679724
"China",200,0.02,FALSE,TRUE,250,"BECCS",-9287.65066414435,375.548493098796,-14.7338020860858,5650.36533148175,144.019737252917,33.2879681484244,1.66439840742122,61.602960587937,479.281888774787,2.10181194270004,420.362388540012,1.3743344328,44.1978909507134,NA,427.130013308633,227.056756545683,1.32690147897729,268.607929679724
"Europe",200,0.02,FALSE,TRUE,250,"BECCS",-2855.07950565082,308.870215565996,94.0380532473454,2733.26793667067,146.372892547443,33.2879681484244,1.66439840742122,86.9719338821258,273.151312876442,1.72333192262705,344.666384525409,1.3743344328,83.2954157792401,NA,268.568719979677,193.589858038574,1.08796207236556,268.607929679724
"India",200,0.02,FALSE,TRUE,250,"BECCS",-8068.59722987997,431.73780375613,238.041517689722,7256.96799238929,124.063848103915,33.2879681484244,1.66439840742122,73.5865343473527,580.172198171576,2.37314274953296,474.628549906591,1.3743344328,52.8054735456937,NA,451.526638181475,122.633330747031,1.4981961802607,268.607929679724
"US",0,0.08,FALSE,TRUE,250,"BECCS",-786.743320293976,-138.892803248665,-276.337310877292,2198.71059136775,252.959922917359,66.2237383946958,3.31118691973479,138.003988437604,228.423553698292,2.06271044818913,0,1.3743344328,72.7907453258409,NA,252.790337467385,167.426804722716,1.30221619203859,268.607929679724
"China",0,0.08,FALSE,TRUE,250,"BECCS",-9740.89055384545,-81.9312781496972,-472.073924264985,5650.36533148175,144.019737252917,66.2237383946958,3.31118691973479,61.602960587937,480.418887140463,2.10181194270004,0,1.3743344328,44.1978909507134,NA,453.318517784954,244.645202977814,1.32690147897729,268.607929679724
"Europe",0,0.08,FALSE,TRUE,250,"BECCS",-3214.72224389917,-63.2088776983711,-291.556127809487,2733.26793667067,146.372892547443,66.2237383946958,3.31118691973479,86.9719338821258,276.465470168782,1.72333192262705,0,1.3743344328,83.2954157792401,NA,296.966681860211,217.676435822933,1.08796207236556,268.607929679724
"India",0,0.08,FALSE,TRUE,250,"BECCS",-8577.00750599309,-78.4046477895518,-280.669332259772,7256.96799238929,124.063848103915,66.2237383946958,3.31118691973479,73.5865343473527,584.452706301664,2.37314274953296,0,1.3743344328,52.8054735456937,NA,480.762756889688,141.20781770238,1.4981961802607,268.607929679724
"US",50,0.08,FALSE,TRUE,250,"BECCS",-697.779384694708,-39.4570789211407,-173.286705696934,2198.71059136775,252.959922917359,66.2237383946958,3.31118691973479,138.003988437604,228.423553698292,2.06271044818913,103.135522409456,1.3743344328,72.7907453258409,NA,252.790337467385,167.426804722716,1.30221619203859,268.607929679724
"China",50,0.08,FALSE,TRUE,250,"BECCS",-9636.22622110982,23.6900528187721,-366.983327129977,5650.36533148175,144.019737252917,66.2237383946958,3.31118691973479,61.602960587937,480.418887140463,2.10181194270004,105.090597135003,1.3743344328,44.1978909507134,NA,453.318517784954,244.645202977814,1.32690147897729,268.607929679724
"Europe",50,0.08,FALSE,TRUE,250,"BECCS",-3133.45719902673,18.3114620656987,-205.389531678137,2733.26793667067,146.372892547443,66.2237383946958,3.31118691973479,86.9719338821258,276.465470168782,1.72333192262705,86.1665961313523,1.3743344328,83.2954157792401,NA,296.966681860211,217.676435822933,1.08796207236556,268.607929679724
"India",50,0.08,FALSE,TRUE,250,"BECCS",-8458.55057665446,40.3821727777581,-162.012194783124,7256.96799238929,124.063848103915,66.2237383946958,3.31118691973479,73.5865343473527,584.452706301664,2.37314274953296,118.657137476648,1.3743344328,52.8054735456937,NA,480.762756889688,141.20781770238,1.4981961802607,268.607929679724
"US",100,0.08,FALSE,TRUE,250,"BECCS",-608.815449095441,88.699808407901,-70.2361005165771,2198.71059136775,252.959922917359,66.2237383946958,3.31118691973479,138.003988437604,228.423553698292,2.06271044818913,206.271044818912,1.3743344328,72.7907453258409,NA,252.790337467385,167.426804722716,1.30221619203859,268.607929679724
"China",100,0.08,FALSE,TRUE,250,"BECCS",-9531.56188837419,129.311383787241,-261.892729994978,5650.36533148175,144.019737252917,66.2237383946958,3.31118691973479,61.602960587937,480.418887140463,2.10181194270004,210.181194270006,1.3743344328,44.1978909507134,NA,453.318517784954,244.645202977814,1.32690147897729,268.607929679724
"Europe",100,0.08,FALSE,TRUE,250,"BECCS",-3052.19215415429,99.8318018297684,-119.222935546785,2733.26793667067,146.372892547443,66.2237383946958,3.31118691973479,86.9719338821258,276.465470168782,1.72333192262705,172.333192262705,1.3743344328,83.2954157792401,NA,296.966681860211,217.676435822933,1.08796207236556,268.607929679724
"India",100,0.08,FALSE,TRUE,250,"BECCS",-8340.09364731582,159.168993345068,-43.3550573064761,7256.96799238929,124.063848103915,66.2237383946958,3.31118691973479,73.5865343473527,584.452706301664,2.37314274953296,237.314274953295,1.3743344328,52.8054735456937,NA,480.762756889688,141.20781770238,1.4981961802607,268.607929679724
"US",150,0.08,FALSE,TRUE,250,"BECCS",-519.851513496173,217.351130385159,32.8145046637796,2198.71059136775,252.959922917359,66.2237383946958,3.31118691973479,138.003988437604,228.423553698292,2.06271044818913,309.406567228368,1.3743344328,72.7907453258409,NA,252.790337467385,167.426804722716,1.30221619203859,268.607929679724
"China",150,0.08,FALSE,TRUE,250,"BECCS",-9426.89755563856,234.932714755711,-156.802132859976,5650.36533148175,144.019737252917,66.2237383946958,3.31118691973479,61.602960587937,480.418887140463,2.10181194270004,315.271791405006,1.3743344328,44.1978909507134,NA,453.318517784954,244.645202977814,1.32690147897729,268.607929679724
"Europe",150,0.08,FALSE,TRUE,250,"BECCS",-2970.92710928184,181.352141593838,-33.0563394154319,2733.26793667067,146.372892547443,66.2237383946958,3.31118691973479,86.9719338821258,276.465470168782,1.72333192262705,258.499788394059,1.3743344328,83.2954157792401,NA,296.966681860211,217.676435822933,1.08796207236556,268.607929679724
"India",150,0.08,FALSE,TRUE,250,"BECCS",-8221.63671797719,277.955813912378,75.302080170171,7256.96799238929,124.063848103915,66.2237383946958,3.31118691973479,73.5865343473527,584.452706301664,2.37314274953296,355.971412429946,1.3743344328,52.8054735456937,NA,480.762756889688,141.20781770238,1.4981961802607,268.607929679724
"US",200,0.08,FALSE,TRUE,250,"BECCS",-430.887577896906,346.002452362417,135.865109844136,2198.71059136775,252.959922917359,66.2237383946958,3.31118691973479,138.003988437604,228.423553698292,2.06271044818913,412.542089637825,1.3743344328,72.7907453258409,NA,252.790337467385,167.426804722716,1.30221619203859,268.607929679724
"China",200,0.08,FALSE,TRUE,250,"BECCS",-9322.23322290293,340.55404572418,-51.7115357249727,5650.36533148175,144.019737252917,66.2237383946958,3.31118691973479,61.602960587937,480.418887140463,2.10181194270004,420.362388540012,1.3743344328,44.1978909507134,NA,453.318517784954,244.645202977814,1.32690147897729,268.607929679724
"Europe",200,0.08,FALSE,TRUE,250,"BECCS",-2889.6620644094,274.287656807411,53.1102567159208,2733.26793667067,146.372892547443,66.2237383946958,3.31118691973479,86.9719338821258,276.465470168782,1.72333192262705,344.666384525409,1.3743344328,83.2954157792401,NA,296.966681860211,217.676435822933,1.08796207236556,268.607929679724
"India",200,0.08,FALSE,TRUE,250,"BECCS",-8103.17978863855,396.742634479688,193.959217646819,7256.96799238929,124.063848103915,66.2237383946958,3.31118691973479,73.5865343473527,584.452706301664,2.37314274953296,474.628549906591,1.3743344328,52.8054735456937,NA,480.762756889688,141.20781770238,1.4981961802607,268.607929679724
"US",0,0.15,FALSE,TRUE,250,"BECCS",-836.430379707319,-189.72867019704,-330.369309646036,2198.71059136775,252.959922917359,113.544747359785,5.67723736798925,138.003988437604,230.565854929027,2.06271044818913,0,1.3743344328,72.7907453258409,NA,292.278725579678,193.852381006321,1.30221619203859,268.607929679724
"China",0,0.15,FALSE,TRUE,250,"BECCS",-9790.57761325879,-132.160897568233,-522.437738462962,5650.36533148175,144.019737252917,113.544747359785,5.67723736798925,61.602960587937,480.718103546003,2.10181194270004,0,1.3743344328,44.1978909507134,NA,489.741901625944,268.60633180047,1.32690147897729,268.607929679724
"Europe",0,0.15,FALSE,TRUE,250,"BECCS",-3264.40930331251,-113.446921987097,-343.166227152784,2733.26793667067,146.372892547443,113.544747359785,5.67723736798925,86.9719338821258,277.28911400066,1.72333192262705,0,1.3743344328,83.2954157792401,NA,333.924154306298,247.957662093869,1.08796207236556,268.607929679724
"India",0,0.15,FALSE,TRUE,250,"BECCS",-8626.69456540643,-128.684532142729,-331.771367430461,7256.96799238929,124.063848103915,113.544747359785,5.67723736798925,73.5865343473527,585.017630677798,2.37314274953296,0,1.3743344328,52.8054735456937,NA,517.453836707192,162.741144308792,1.4981961802607,268.607929679724
"US",50,0.15,FALSE,TRUE,250,"BECCS",-747.466444108052,-94.1795162149174,-227.318704465679,2198.71059136775,252.959922917359,113.544747359785,5.67723736798925,138.003988437604,230.565854929027,2.06271044818913,103.135522409456,1.3743344328,72.7907453258409,NA,292.278725579678,193.852381006321,1.30221619203859,268.607929679724
"China",50,0.15,FALSE,TRUE,250,"BECCS",-9685.91328052316,-26.539566599764,-417.347141327963,5650.36533148175,144.019737252917,113.544747359785,5.67723736798925,61.602960587937,480.718103546003,2.10181194270004,105.090597135003,1.3743344328,44.1978909507134,NA,489.741901625944,268.60633180047,1.32690147897729,268.607929679724
"Europe",50,0.15,FALSE,TRUE,250,"BECCS",-3183.14425844007,-31.9265822230267,-256.999631021429,2733.26793667067,146.372892547443,113.544747359785,5.67723736798925,86.9719338821258,277.28911400066,1.72333192262705,86.1665961313523,1.3743344328,83.2954157792401,NA,333.924154306298,247.957662093869,1.08796207236556,268.607929679724
"India",50,0.15,FALSE,TRUE,250,"BECCS",-8508.2376360678,-9.89771157541941,-213.114229953815,7256.96799238929,124.063848103915,113.544747359785,5.67723736798925,73.5865343473527,585.017630677798,2.37314274953296,118.657137476648,1.3743344328,52.8054735456937,NA,517.453836707192,162.741144308792,1.4981961802607,268.607929679724
"US",100,0.15,FALSE,TRUE,250,"BECCS",-658.502508508784,34.4718057623404,-124.268099285322,2198.71059136775,252.959922917359,113.544747359785,5.67723736798925,138.003988437604,230.565854929027,2.06271044818913,206.271044818912,1.3743344328,72.7907453258409,NA,292.278725579678,193.852381006321,1.30221619203859,268.607929679724
"China",100,0.15,FALSE,TRUE,250,"BECCS",-9581.24894778753,79.0817643687053,-312.256544192959,5650.36533148175,144.019737252917,113.544747359785,5.67723736798925,61.602960587937,480.718103546003,2.10181194270004,210.181194270006,1.3743344328,44.1978909507134,NA,489.741901625944,268.60633180047,1.32690147897729,268.607929679724
"Europe",100,0.15,FALSE,TRUE,250,"BECCS",-3101.87921356763,49.593757541043,-170.833034890076,2733.26793667067,146.372892547443,113.544747359785,5.67723736798925,86.9719338821258,277.28911400066,1.72333192262705,172.333192262705,1.3743344328,83.2954157792401,NA,333.924154306298,247.957662093869,1.08796207236556,268.607929679724
"India",100,0.15,FALSE,TRUE,250,"BECCS",-8389.78070672917,108.88910899189,-94.457092477166,7256.96799238929,124.063848103915,113.544747359785,5.67723736798925,73.5865343473527,585.017630677798,2.37314274953296,237.314274953295,1.3743344328,52.8054735456937,NA,517.453836707192,162.741144308792,1.4981961802607,268.607929679724
"US",150,0.15,FALSE,TRUE,250,"BECCS",-569.538572909517,163.123127739598,-21.217494104965,2198.71059136775,252.959922917359,113.544747359785,5.67723736798925,138.003988437604,230.565854929027,2.06271044818913,309.406567228368,1.3743344328,72.7907453258409,NA,292.278725579678,193.852381006321,1.30221619203859,268.607929679724
"China",150,0.15,FALSE,TRUE,250,"BECCS",-9476.5846150519,184.703095337175,-207.165947057954,5650.36533148175,144.019737252917,113.544747359785,5.67723736798925,61.602960587937,480.718103546003,2.10181194270004,315.271791405006,1.3743344328,44.1978909507134,NA,489.741901625944,268.60633180047,1.32690147897729,268.607929679724
"Europe",150,0.15,FALSE,TRUE,250,"BECCS",-3020.61416869519,131.114097305113,-84.6664387587241,2733.26793667067,146.372892547443,113.544747359785,5.67723736798925,86.9719338821258,277.28911400066,1.72333192262705,258.499788394059,1.3743344328,83.2954157792401,NA,333.924154306298,247.957662093869,1.08796207236556,268.607929679724
"India",150,0.15,FALSE,TRUE,250,"BECCS",-8271.32377739053,227.6759295592,24.2000449994812,7256.96799238929,124.063848103915,113.544747359785,5.67723736798925,73.5865343473527,585.017630677798,2.37314274953296,355.971412429946,1.3743344328,52.8054735456937,NA,517.453836707192,162.741144308792,1.4981961802607,268.607929679724
"US",200,0.15,FALSE,TRUE,250,"BECCS",-480.574637310249,291.774449716856,81.8331110753917,2198.71059136775,252.959922917359,113.544747359785,5.67723736798925,138.003988437604,230.565854929027,2.06271044818913,412.542089637825,1.3743344328,72.7907453258409,NA,292.278725579678,193.852381006321,1.30221619203859,268.607929679724
"China",200,0.15,FALSE,TRUE,250,"BECCS",-9371.92028231628,290.324426305644,-102.07534992295,5650.36533148175,144.019737252917,113.544747359785,5.67723736798925,61.602960587937,480.718103546003,2.10181194270004,420.362388540012,1.3743344328,44.1978909507134,NA,489.741901625944,268.60633180047,1.32690147897729,268.607929679724
"Europe",200,0.15,FALSE,TRUE,250,"BECCS",-2939.34912382275,224.600597394068,1.50015737262856,2733.26793667067,146.372892547443,113.544747359785,5.67723736798925,86.9719338821258,277.28911400066,1.72333192262705,344.666384525409,1.3743344328,83.2954157792401,NA,333.924154306298,247.957662093869,1.08796207236556,268.607929679724
"India",200,0.15,FALSE,TRUE,250,"BECCS",-8152.8668480519,346.46275012651,142.857182476128,7256.96799238929,124.063848103915,113.544747359785,5.67723736798925,73.5865343473527,585.017630677798,2.37314274953296,474.628549906591,1.3743344328,52.8054735456937,NA,517.453836707192,162.741144308792,1.4981961802607,268.607929679724
"US",0,0.02,TRUE,FALSE,250,"BECCS",-650.717946203359,-103.486144180265,-172.764980116129,1964.46151292609,252.959922917359,33.2879681484244,1.66439840742122,138.003988437604,185.083557249536,2.06271044818913,0,1.3743344328,72.7907453258409,NA,179.514903950911,117.34464260273,1.30221619203859,268.607929679724
"China",0,0.02,TRUE,FALSE,250,"BECCS",-9481.84962633686,-46.951026266872,-286.964691737719,4093.59770174552,144.019737252917,33.2879681484244,1.66439840742122,61.602960587937,354.67319706486,2.10181194270004,0,1.3743344328,44.1978909507134,NA,338.040570218338,156.412720564578,1.32690147897729,268.607929679724
"Europe",0,0.02,TRUE,FALSE,250,"BECCS",-3137.82689178121,-28.242829414486,-217.606044068488,2508.39519720034,146.372892547443,33.2879681484244,1.66439840742122,86.9719338821258,249.822313550119,1.72333192262705,0,1.3743344328,83.2954157792401,NA,245.799353214841,174.39745955176,1.08796207236556,268.607929679724
"India",0,0.02,TRUE,FALSE,250,"BECCS",-8536.44890504701,-42.2038782701237,-170.83103783589,6858.22050563633,124.063848103915,33.2879681484244,1.66439840742122,73.5865343473527,537.991801020032,2.37314274953296,0,1.3743344328,52.8054735456937,NA,413.214716994307,94.9206729954401,1.4981961802607,268.607929679724
"US",50,0.02,TRUE,FALSE,250,"BECCS",-561.754010604092,8.06208213891992,-69.7143749357726,1964.46151292609,252.959922917359,33.2879681484244,1.66439840742122,138.003988437604,185.083557249536,2.06271044818913,103.135522409456,1.3743344328,72.7907453258409,NA,179.514903950911,117.34464260273,1.30221619203859,268.607929679724
"China",50,0.02,TRUE,FALSE,250,"BECCS",-9377.18529360123,58.6738535745451,-181.874094602715,4093.59770174552,144.019737252917,33.2879681484244,1.66439840742122,61.602960587937,354.67319706486,2.10181194270004,105.090597135003,1.3743344328,44.1978909507134,NA,338.040570218338,156.412720564578,1.32690147897729,268.607929679724
"Europe",50,0.02,TRUE,FALSE,250,"BECCS",-3056.56184690877,53.2775103495838,-131.439447937137,2508.39519720034,146.372892547443,33.2879681484244,1.66439840742122,86.9719338821258,249.822313550119,1.72333192262705,86.1665961313523,1.3743344328,83.2954157792401,NA,245.799353214841,174.39745955176,1.08796207236556,268.607929679724
"India",50,0.02,TRUE,FALSE,250,"BECCS",-8417.99197570837,76.4594871894973,-52.1739003592419,6858.22050563633,124.063848103915,33.2879681484244,1.66439840742122,73.5865343473527,537.991801020032,2.37314274953296,118.657137476648,1.3743344328,52.8054735456937,NA,413.214716994307,94.9206729954401,1.4981961802607,268.607929679724
"US",100,0.02,TRUE,FALSE,250,"BECCS",-472.790075004825,128.811134706301,33.3362302445848,1964.46151292609,252.959922917359,33.2879681484244,1.66439840742122,138.003988437604,185.083557249536,2.06271044818913,206.271044818912,1.3743344328,72.7907453258409,NA,179.514903950911,117.34464260273,1.30221619203859,268.607929679724
"China",100,0.02,TRUE,FALSE,250,"BECCS",-9272.52096086561,164.298733415962,-76.7834974677136,4093.59770174552,144.019737252917,33.2879681484244,1.66439840742122,61.602960587937,354.67319706486,2.10181194270004,210.181194270006,1.3743344328,44.1978909507134,NA,338.040570218338,156.412720564578,1.32690147897729,268.607929679724
"Europe",100,0.02,TRUE,FALSE,250,"BECCS",-2975.29680203633,169.204478610178,-45.2728518057839,2508.39519720034,146.372892547443,33.2879681484244,1.66439840742122,86.9719338821258,249.822313550119,1.72333192262705,172.333192262705,1.3743344328,83.2954157792401,NA,245.799353214841,174.39745955176,1.08796207236556,268.607929679724
"India",100,0.02,TRUE,FALSE,250,"BECCS",-8299.53504636974,195.122852649118,66.4832371174048,6858.22050563633,124.063848103915,33.2879681484244,1.66439840742122,73.5865343473527,537.991801020032,2.37314274953296,237.314274953295,1.3743344328,52.8054735456937,NA,413.214716994307,94.9206729954401,1.4981961802607,268.607929679724
"US",150,0.02,TRUE,FALSE,250,"BECCS",-383.826139405557,257.59886404745,136.386835424942,1964.46151292609,252.959922917359,33.2879681484244,1.66439840742122,138.003988437604,185.083557249536,2.06271044818913,309.406567228368,1.3743344328,72.7907453258409,NA,179.514903950911,117.34464260273,1.30221619203859,268.607929679724
"China",150,0.02,TRUE,FALSE,250,"BECCS",-9167.85662812998,269.923613257379,28.3070996672886,4093.59770174552,144.019737252917,33.2879681484244,1.66439840742122,61.602960587937,354.67319706486,2.10181194270004,315.271791405006,1.3743344328,44.1978909507134,NA,338.040570218338,156.412720564578,1.32690147897729,268.607929679724
"Europe",150,0.02,TRUE,FALSE,250,"BECCS",-2894.03175716388,309.99175516965,40.8937443255696,2508.39519720034,146.372892547443,33.2879681484244,1.66439840742122,86.9719338821258,249.822313550119,1.72333192262705,258.499788394059,1.3743344328,83.2954157792401,NA,245.799353214841,174.39745955176,1.08796207236556,268.607929679724
"India",150,0.02,TRUE,FALSE,250,"BECCS",-8181.0781170311,313.786218108739,185.140374594051,6858.22050563633,124.063848103915,33.2879681484244,1.66439840742122,73.5865343473527,537.991801020032,2.37314274953296,355.971412429946,1.3743344328,52.8054735456937,NA,413.214716994307,94.9206729954401,1.4981961802607,268.607929679724
"US",200,0.02,TRUE,FALSE,250,"BECCS",-294.86220380629,386.3865933886,239.437440605299,1964.46151292609,252.959922917359,33.2879681484244,1.66439840742122,138.003988437604,185.083557249536,2.06271044818913,412.542089637825,1.3743344328,72.7907453258409,NA,179.514903950911,117.34464260273,1.30221619203859,268.607929679724
"China",200,0.02,TRUE,FALSE,250,"BECCS",-9063.19229539435,375.548493098796,133.39769680229,4093.59770174552,144.019737252917,33.2879681484244,1.66439840742122,61.602960587937,354.67319706486,2.10181194270004,420.362388540012,1.3743344328,44.1978909507134,NA,338.040570218338,156.412720564578,1.32690147897729,268.607929679724
"Europe",200,0.02,TRUE,FALSE,250,"BECCS",-2812.76671229144,450.779031729122,127.060340456922,2508.39519720034,146.372892547443,33.2879681484244,1.66439840742122,86.9719338821258,249.822313550119,1.72333192262705,344.666384525409,1.3743344328,83.2954157792401,NA,245.799353214841,174.39745955176,1.08796207236556,268.607929679724
"India",200,0.02,TRUE,FALSE,250,"BECCS",-8062.62118769247,432.44958356836,303.7975120707,6858.22050563633,124.063848103915,33.2879681484244,1.66439840742122,73.5865343473527,537.991801020032,2.37314274953296,474.628549906591,1.3743344328,52.8054735456937,NA,413.214716994307,94.9206729954401,1.4981961802607,268.607929679724
"US",0,0.08,TRUE,FALSE,250,"BECCS",-685.300504961945,-138.892803248665,-226.600446051711,1964.46151292609,252.959922917359,66.2237383946958,3.31118691973479,138.003988437604,198.639427055461,2.06271044818913,0,1.3743344328,72.7907453258409,NA,218.802831292533,143.584569539579,1.30221619203859,268.607929679724
"China",0,0.08,TRUE,FALSE,250,"BECCS",-9516.43218509545,-81.9312781496972,-336.058323473894,4093.59770174552,144.019737252917,66.2237383946958,3.31118691973479,61.602960587937,365.774824789871,2.10181194270004,0,1.3743344328,44.1978909507134,NA,371.732988948268,179.774212307333,1.32690147897729,268.607929679724
"Europe",0,0.08,TRUE,FALSE,250,"BECCS",-3172.40945053979,-63.2088776983711,-266.080110672378,2508.39519720034,146.372892547443,66.2237383946958,3.31118691973479,86.9719338821258,257.184135233239,1.72333192262705,0,1.3743344328,83.2954157792401,NA,278.146863520449,202.763579744958,1.08796207236556,268.607929679724
"India",0,0.08,TRUE,FALSE,250,"BECCS",-8571.03146380559,-78.4046477895518,-223.346367364103,6858.22050563633,124.063848103915,66.2237383946958,3.31118691973479,73.5865343473527,547.685772328523,2.37314274953296,0,1.3743344328,52.8054735456937,NA,447.601851153532,117.047654749951,1.4981961802607,268.607929679724
"US",50,0.08,TRUE,FALSE,250,"BECCS",-596.336569362677,-31.5777634269005,-123.549840871355,1964.46151292609,252.959922917359,66.2237383946958,3.31118691973479,138.003988437604,198.639427055461,2.06271044818913,103.135522409456,1.3743344328,72.7907453258409,NA,218.802831292533,143.584569539579,1.30221619203859,268.607929679724
"China",50,0.08,TRUE,FALSE,250,"BECCS",-9411.76785235982,23.6900528187721,-230.967726338889,4093.59770174552,144.019737252917,66.2237383946958,3.31118691973479,61.602960587937,365.774824789871,2.10181194270004,105.090597135003,1.3743344328,44.1978909507134,NA,371.732988948268,179.774212307333,1.32690147897729,268.607929679724
"Europe",50,0.08,TRUE,FALSE,250,"BECCS",-3091.14440566735,18.3114620656987,-179.913514541026,2508.39519720034,146.372892547443,66.2237383946958,3.31118691973479,86.9719338821258,257.184135233239,1.72333192262705,86.1665961313523,1.3743344328,83.2954157792401,NA,278.146863520449,202.763579744958,1.08796207236556,268.607929679724
"India",50,0.08,TRUE,FALSE,250,"BECCS",-8452.57453446696,40.3821727777581,-104.689229887455,6858.22050563633,124.063848103915,66.2237383946958,3.31118691973479,73.5865343473527,547.685772328523,2.37314274953296,118.657137476648,1.3743344328,52.8054735456937,NA,447.601851153532,117.047654749951,1.4981961802607,268.607929679724
"US",100,0.08,TRUE,FALSE,250,"BECCS",-507.37263376341,90.0735524658814,-20.4992356909975,1964.46151292609,252.959922917359,66.2237383946958,3.31118691973479,138.003988437604,198.639427055461,2.06271044818913,206.271044818912,1.3743344328,72.7907453258409,NA,218.802831292533,143.584569539579,1.30221619203859,268.607929679724
"China",100,0.08,TRUE,FALSE,250,"BECCS",-9307.10351962419,129.311383787241,-125.877129203886,4093.59770174552,144.019737252917,66.2237383946958,3.31118691973479,61.602960587937,365.774824789871,2.10181194270004,210.181194270006,1.3743344328,44.1978909507134,NA,371.732988948268,179.774212307333,1.32690147897729,268.607929679724
"Europe",100,0.08,TRUE,FALSE,250,"BECCS",-3009.87936079491,99.8318018297684,-93.7469184096719,2508.39519720034,146.372892547443,66.2237383946958,3.31118691973479,86.9719338821258,257.184135233239,1.72333192262705,172.333192262705,1.3743344328,83.2954157792401,NA,278.146863520449,202.763579744958,1.08796207236556,268.607929679724
"India",100,0.08,TRUE,FALSE,250,"BECCS",-8334.11760512832,159.168993345068,13.9679075891918,6858.22050563633,124.063848103915,66.2237383946958,3.31118691973479,73.5865343473527,547.685772328523,2.37314274953296,237.314274953295,1.3743344328,52.8054735456937,NA,447.601851153532,117.047654749951,1.4981961802607,268.607929679724
"US",150,0.08,TRUE,FALSE,250,"BECCS",-418.408698164142,218.813676806663,82.55136948936,1964.46151292609,252.959922917359,66.2237383946958,3.31118691973479,138.003988437604,198.639427055461,2.06271044818913,309.406567228368,1.3743344328,72.7907453258409,NA,218.802831292533,143.584569539579,1.30221619203859,268.607929679724
"China",150,0.08,TRUE,FALSE,250,"BECCS",-9202.43918688856,234.932714755711,-20.7865320688862,4093.59770174552,144.019737252917,66.2237383946958,3.31118691973479,61.602960587937,365.774824789871,2.10181194270004,315.271791405006,1.3743344328,44.1978909507134,NA,371.732988948268,179.774212307333,1.32690147897729,268.607929679724
"Europe",150,0.08,TRUE,FALSE,250,"BECCS",-2928.61431592247,240.479603472243,-7.58032227831988,2508.39519720034,146.372892547443,66.2237383946958,3.31118691973479,86.9719338821258,257.184135233239,1.72333192262705,258.499788394059,1.3743344328,83.2954157792401,NA,278.146863520449,202.763579744958,1.08796207236556,268.607929679724
"India",150,0.08,TRUE,FALSE,250,"BECCS",-8215.66067578969,277.955813912378,132.625045065839,6858.22050563633,124.063848103915,66.2237383946958,3.31118691973479,73.5865343473527,547.685772328523,2.37314274953296,355.971412429946,1.3743344328,52.8054735456937,NA,447.601851153532,117.047654749951,1.4981961802607,268.607929679724
"US",200,0.08,TRUE,FALSE,250,"BECCS",-329.444762564875,347.601406147813,185.601974669717,1964.46151292609,252.959922917359,66.2237383946958,3.31118691973479,138.003988437604,198.639427055461,2.06271044818913,412.542089637825,1.3743344328,72.7907453258409,NA,218.802831292533,143.584569539579,1.30221619203859,268.607929679724
"China",200,0.08,TRUE,FALSE,250,"BECCS",-9097.77485415293,340.55404572418,84.3040650661184,4093.59770174552,144.019737252917,66.2237383946958,3.31118691973479,61.602960587937,365.774824789871,2.10181194270004,420.362388540012,1.3743344328,44.1978909507134,NA,371.732988948268,179.774212307333,1.32690147897729,268.607929679724
"Europe",200,0.08,TRUE,FALSE,250,"BECCS",-2847.34927105003,381.266880031715,78.586273853034,2508.39519720034,146.372892547443,66.2237383946958,3.31118691973479,86.9719338821258,257.184135233239,1.72333192262705,344.666384525409,1.3743344328,83.2954157792401,NA,278.146863520449,202.763579744958,1.08796207236556,268.607929679724
"India",200,0.08,TRUE,FALSE,250,"BECCS",-8097.20374645105,396.742634479688,251.282182542487,6858.22050563633,124.063848103915,66.2237383946958,3.31118691973479,73.5865343473527,547.685772328523,2.37314274953296,474.628549906591,1.3743344328,52.8054735456937,NA,447.601851153532,117.047654749951,1.4981961802607,268.607929679724
"US",0,0.15,TRUE,FALSE,250,"BECCS",-734.987564375288,-189.72867019704,-292.736296605395,1964.46151292609,252.959922917359,113.544747359785,5.67723736798925,138.003988437604,207.09331118003,2.06271044818913,0,1.3743344328,72.7907453258409,NA,266.514702096016,175.811300590772,1.30221619203859,268.607929679724
"China",0,0.15,TRUE,FALSE,250,"BECCS",-9566.11924450879,-132.160897568233,-393.987941966868,4093.59770174552,144.019737252917,113.544747359785,5.67723736798925,61.602960587937,369.680156037551,2.10181194270004,0,1.3743344328,44.1978909507134,NA,411.398128711043,207.33355706535,1.32690147897729,268.607929679724
"Europe",0,0.15,TRUE,FALSE,250,"BECCS",-3222.09650995313,-113.446921987097,-320.836321140676,2508.39519720034,146.372892547443,113.544747359785,5.67723736798925,86.9719338821258,259.730717218463,1.72333192262705,0,1.3743344328,83.2954157792401,NA,316.786034000679,234.912923833852,1.08796207236556,268.607929679724
"India",0,0.15,TRUE,FALSE,250,"BECCS",-8620.71852321893,-128.684532142729,-285.725833147232,6858.22050563633,124.063848103915,113.544747359785,5.67723736798925,73.5865343473527,553.127945139835,2.37314274953296,0,1.3743344328,52.8054735456937,NA,488.933727669962,143.332338194877,1.4981961802607,268.607929679724
"US",50,0.15,TRUE,FALSE,250,"BECCS",-646.023628776021,-88.5309627408683,-189.685691425038,1964.46151292609,252.959922917359,113.544747359785,5.67723736798925,138.003988437604,207.09331118003,2.06271044818913,103.135522409456,1.3743344328,72.7907453258409,NA,266.514702096016,175.811300590772,1.30221619203859,268.607929679724
"China",50,0.15,TRUE,FALSE,250,"BECCS",-9461.45491177316,-26.539566599764,-288.897344831863,4093.59770174552,144.019737252917,113.544747359785,5.67723736798925,61.602960587937,369.680156037551,2.10181194270004,105.090597135003,1.3743344328,44.1978909507134,NA,411.398128711043,207.33355706535,1.32690147897729,268.607929679724
"Europe",50,0.15,TRUE,FALSE,250,"BECCS",-3140.83146508069,-31.9265822230267,-234.669725009326,2508.39519720034,146.372892547443,113.544747359785,5.67723736798925,86.9719338821258,259.730717218463,1.72333192262705,86.1665961313523,1.3743344328,83.2954157792401,NA,316.786034000679,234.912923833852,1.08796207236556,268.607929679724
"India",50,0.15,TRUE,FALSE,250,"BECCS",-8502.2615938803,-9.89771157541941,-167.068695670585,6858.22050563633,124.063848103915,113.544747359785,5.67723736798925,73.5865343473527,553.127945139835,2.37314274953296,118.657137476648,1.3743344328,52.8054735456937,NA,488.933727669962,143.332338194877,1.4981961802607,268.607929679724
"US",100,0.15,TRUE,FALSE,250,"BECCS",-557.059693176753,36.5223880620093,-86.6350862446811,1964.46151292609,252.959922917359,113.544747359785,5.67723736798925,138.003988437604,207.09331118003,2.06271044818913,206.271044818912,1.3743344328,72.7907453258409,NA,266.514702096016,175.811300590772,1.30221619203859,268.607929679724
"China",100,0.15,TRUE,FALSE,250,"BECCS",-9356.79057903753,79.0817643687053,-183.806747696864,4093.59770174552,144.019737252917,113.544747359785,5.67723736798925,61.602960587937,369.680156037551,2.10181194270004,210.181194270006,1.3743344328,44.1978909507134,NA,411.398128711043,207.33355706535,1.32690147897729,268.607929679724
"Europe",100,0.15,TRUE,FALSE,250,"BECCS",-3059.56642020825,49.593757541043,-148.503128877971,2508.39519720034,146.372892547443,113.544747359785,5.67723736798925,86.9719338821258,259.730717218463,1.72333192262705,172.333192262705,1.3743344328,83.2954157792401,NA,316.786034000679,234.912923833852,1.08796207236556,268.607929679724
"India",100,0.15,TRUE,FALSE,250,"BECCS",-8383.80466454167,108.88910899189,-48.4115581939382,6858.22050563633,124.063848103915,113.544747359785,5.67723736798925,73.5865343473527,553.127945139835,2.37314274953296,237.314274953295,1.3743344328,52.8054735456937,NA,488.933727669962,143.332338194877,1.4981961802607,268.607929679724
"US",150,0.15,TRUE,FALSE,250,"BECCS",-468.095757577486,165.173710039267,16.4155189356759,1964.46151292609,252.959922917359,113.544747359785,5.67723736798925,138.003988437604,207.09331118003,2.06271044818913,309.406567228368,1.3743344328,72.7907453258409,NA,266.514702096016,175.811300590772,1.30221619203859,268.607929679724
"China",150,0.15,TRUE,FALSE,250,"BECCS",-9252.1262463019,184.703095337175,-78.7161505618622,4093.59770174552,144.019737252917,113.544747359785,5.67723736798925,61.602960587937,369.680156037551,2.10181194270004,315.271791405006,1.3743344328,44.1978909507134,NA,411.398128711043,207.33355706535,1.32690147897729,268.607929679724
"Europe",150,0.15,TRUE,FALSE,250,"BECCS",-2978.30137533581,176.169042544801,-62.3365327466187,2508.39519720034,146.372892547443,113.544747359785,5.67723736798925,86.9719338821258,259.730717218463,1.72333192262705,258.499788394059,1.3743344328,83.2954157792401,NA,316.786034000679,234.912923833852,1.08796207236556,268.607929679724
"India",150,0.15,TRUE,FALSE,250,"BECCS",-8265.34773520303,227.6759295592,70.2455792827098,6858.22050563633,124.063848103915,113.544747359785,5.67723736798925,73.5865343473527,553.127945139835,2.37314274953296,355.971412429946,1.3743344328,52.8054735456937,NA,488.933727669962,143.332338194877,1.4981961802607,268.607929679724
"US",200,0.15,TRUE,FALSE,250,"BECCS",-379.131821978218,293.825032016525,119.466124116033,1964.46151292609,252.959922917359,113.544747359785,5.67723736798925,138.003988437604,207.09331118003,2.06271044818913,412.542089637825,1.3743344328,72.7907453258409,NA,266.514702096016,175.811300590772,1.30221619203859,268.607929679724
"China",200,0.15,TRUE,FALSE,250,"BECCS",-9147.46191356628,290.324426305644,26.3744465731386,4093.59770174552,144.019737252917,113.544747359785,5.67723736798925,61.602960587937,369.680156037551,2.10181194270004,420.362388540012,1.3743344328,44.1978909507134,NA,411.398128711043,207.33355706535,1.32690147897729,268.607929679724
"Europe",200,0.15,TRUE,FALSE,250,"BECCS",-2897.03633046337,316.956319104273,23.8300633847341,2508.39519720034,146.372892547443,113.544747359785,5.67723736798925,86.9719338821258,259.730717218463,1.72333192262705,344.666384525409,1.3743344328,83.2954157792401,NA,316.786034000679,234.912923833852,1.08796207236556,268.607929679724
"India",200,0.15,TRUE,FALSE,250,"BECCS",-8146.8908058644,346.46275012651,188.902716759356,6858.22050563633,124.063848103915,113.544747359785,5.67723736798925,73.5865343473527,553.127945139835,2.37314274953296,474.628549906591,1.3743344328,52.8054735456937,NA,488.933727669962,143.332338194877,1.4981961802607,268.607929679724
"US",0,0.02,FALSE,FALSE,250,"BECCS",-752.160761535391,-103.486144180265,-203.819050034023,2198.71059136775,252.959922917359,33.2879681484244,1.66439840742122,138.003988437604,206.705353373102,2.06271044818913,0,1.3743344328,72.7907453258409,NA,200.637096226291,132.108409498903,1.30221619203859,268.607929679724
"China",0,0.02,FALSE,FALSE,250,"BECCS",-9706.30799508686,-46.951026266872,-430.917322394491,5650.36533148175,144.019737252917,33.2879681484244,1.66439840742122,61.602960587937,477.229661368023,2.10181194270004,0,1.3743344328,44.1978909507134,NA,425.279265285752,225.07674135242,1.32690147897729,268.607929679724
"Europe",0,0.02,FALSE,FALSE,250,"BECCS",-3180.13968514058,-28.242829414486,-240.097624678012,2733.26793667067,146.372892547443,33.2879681484244,1.66439840742122,86.9719338821258,267.465527265333,1.72333192262705,0,1.3743344328,83.2954157792401,NA,263.020260281697,187.376453739527,1.08796207236556,268.607929679724
"India",0,0.02,FALSE,FALSE,250,"BECCS",-8542.42494723451,-43.4094785131092,-220.916308957765,7256.96799238929,124.063848103915,33.2879681484244,1.66439840742122,73.5865343473527,573.083682526919,2.37314274953296,0,1.3743344328,52.8054735456937,NA,444.781777746098,116.031233777145,1.4981961802607,268.607929679724
"US",50,0.02,FALSE,FALSE,250,"BECCS",-663.196825936123,8.06208213891992,-100.768444853668,2198.71059136775,252.959922917359,33.2879681484244,1.66439840742122,138.003988437604,206.705353373102,2.06271044818913,103.135522409456,1.3743344328,72.7907453258409,NA,200.637096226291,132.108409498903,1.30221619203859,268.607929679724
"China",50,0.02,FALSE,FALSE,250,"BECCS",-9601.64366235123,58.6738535745451,-325.826725259485,5650.36533148175,144.019737252917,33.2879681484244,1.66439840742122,61.602960587937,477.229661368023,2.10181194270004,105.090597135003,1.3743344328,44.1978909507134,NA,425.279265285752,225.07674135242,1.32690147897729,268.607929679724
"Europe",50,0.02,FALSE,FALSE,250,"BECCS",-3098.87464026814,53.2775103495838,-153.931028546663,2733.26793667067,146.372892547443,33.2879681484244,1.66439840742122,86.9719338821258,267.465527265333,1.72333192262705,86.1665961313523,1.3743344328,83.2954157792401,NA,263.020260281697,187.376453739527,1.08796207236556,268.607929679724
"India",50,0.02,FALSE,FALSE,250,"BECCS",-8423.96801789587,75.3773420542007,-102.259171481117,7256.96799238929,124.063848103915,33.2879681484244,1.66439840742122,73.5865343473527,573.083682526919,2.37314274953296,118.657137476648,1.3743344328,52.8054735456937,NA,444.781777746098,116.031233777145,1.4981961802607,268.607929679724
"US",100,0.02,FALSE,FALSE,250,"BECCS",-574.232890336856,128.811134706301,2.28216032668952,2198.71059136775,252.959922917359,33.2879681484244,1.66439840742122,138.003988437604,206.705353373102,2.06271044818913,206.271044818912,1.3743344328,72.7907453258409,NA,200.637096226291,132.108409498903,1.30221619203859,268.607929679724
"China",100,0.02,FALSE,FALSE,250,"BECCS",-9496.97932961561,164.298733415962,-220.736128124484,5650.36533148175,144.019737252917,33.2879681484244,1.66439840742122,61.602960587937,477.229661368023,2.10181194270004,210.181194270006,1.3743344328,44.1978909507134,NA,425.279265285752,225.07674135242,1.32690147897729,268.607929679724
"Europe",100,0.02,FALSE,FALSE,250,"BECCS",-3017.6095953957,134.797850113654,-67.7644324153096,2733.26793667067,146.372892547443,33.2879681484244,1.66439840742122,86.9719338821258,267.465527265333,1.72333192262705,172.333192262705,1.3743344328,83.2954157792401,NA,263.020260281697,187.376453739527,1.08796207236556,268.607929679724
"India",100,0.02,FALSE,FALSE,250,"BECCS",-8305.51108855724,194.164162621511,16.3979659955292,7256.96799238929,124.063848103915,33.2879681484244,1.66439840742122,73.5865343473527,573.083682526919,2.37314274953296,237.314274953295,1.3743344328,52.8054735456937,NA,444.781777746098,116.031233777145,1.4981961802607,268.607929679724
"US",150,0.02,FALSE,FALSE,250,"BECCS",-485.268954737589,257.59886404745,105.332765507046,2198.71059136775,252.959922917359,33.2879681484244,1.66439840742122,138.003988437604,206.705353373102,2.06271044818913,309.406567228368,1.3743344328,72.7907453258409,NA,200.637096226291,132.108409498903,1.30221619203859,268.607929679724
"China",150,0.02,FALSE,FALSE,250,"BECCS",-9392.31499687998,269.923613257379,-115.645530989482,5650.36533148175,144.019737252917,33.2879681484244,1.66439840742122,61.602960587937,477.229661368023,2.10181194270004,315.271791405006,1.3743344328,44.1978909507134,NA,425.279265285752,225.07674135242,1.32690147897729,268.607929679724
"Europe",150,0.02,FALSE,FALSE,250,"BECCS",-2936.34455052326,216.318189877723,18.4021637160431,2733.26793667067,146.372892547443,33.2879681484244,1.66439840742122,86.9719338821258,267.465527265333,1.72333192262705,258.499788394059,1.3743344328,83.2954157792401,NA,263.020260281697,187.376453739527,1.08796207236556,268.607929679724
"India",150,0.02,FALSE,FALSE,250,"BECCS",-8187.0541592186,312.95098318882,135.055103472177,7256.96799238929,124.063848103915,33.2879681484244,1.66439840742122,73.5865343473527,573.083682526919,2.37314274953296,355.971412429946,1.3743344328,52.8054735456937,NA,444.781777746098,116.031233777145,1.4981961802607,268.607929679724
"US",200,0.02,FALSE,FALSE,250,"BECCS",-396.305019138321,386.3865933886,208.383370687403,2198.71059136775,252.959922917359,33.2879681484244,1.66439840742122,138.003988437604,206.705353373102,2.06271044818913,412.542089637825,1.3743344328,72.7907453258409,NA,200.637096226291,132.108409498903,1.30221619203859,268.607929679724
"China",200,0.02,FALSE,FALSE,250,"BECCS",-9287.65066414435,375.548493098796,-10.5549338544788,5650.36533148175,144.019737252917,33.2879681484244,1.66439840742122,61.602960587937,477.229661368023,2.10181194270004,420.362388540012,1.3743344328,44.1978909507134,NA,425.279265285752,225.07674135242,1.32690147897729,268.607929679724
"Europe",200,0.02,FALSE,FALSE,250,"BECCS",-2855.07950565082,308.870215565996,104.568759847396,2733.26793667067,146.372892547443,33.2879681484244,1.66439840742122,86.9719338821258,267.465527265333,1.72333192262705,344.666384525409,1.3743344328,83.2954157792401,NA,263.020260281697,187.376453739527,1.08796207236556,268.607929679724
"India",200,0.02,FALSE,FALSE,250,"BECCS",-8068.59722987997,431.73780375613,253.712240948824,7256.96799238929,124.063848103915,33.2879681484244,1.66439840742122,73.5865343473527,573.083682526919,2.37314274953296,474.628549906591,1.3743344328,52.8054735456937,NA,444.781777746098,116.031233777145,1.4981961802607,268.607929679724
"US",0,0.08,FALSE,FALSE,250,"BECCS",-786.743320293976,-138.892803248665,-262.403285286997,2198.71059136775,252.959922917359,66.2237383946958,3.31118691973479,138.003988437604,221.04738453286,2.06271044818913,0,1.3743344328,72.7907453258409,NA,242.684254131382,160.658226430316,1.30221619203859,268.607929679724
"China",0,0.08,FALSE,FALSE,250,"BECCS",-9740.89055384545,-81.9312781496972,-470.084502667205,5650.36533148175,144.019737252917,66.2237383946958,3.31118691973479,61.602960587937,479.508312608962,2.10181194270004,0,1.3743344328,44.1978909507134,NA,452.497339776945,243.70308553485,1.32690147897729,268.607929679724
"Europe",0,0.08,FALSE,FALSE,250,"BECCS",-3214.72224389917,-63.2088776983711,-286.452065259116,2733.26793667067,146.372892547443,66.2237383946958,3.31118691973479,86.9719338821258,273.91591521647,1.72333192262705,0,1.3743344328,83.2954157792401,NA,294.478152865195,214.568474404237,1.08796207236556,268.607929679724
"India",0,0.08,FALSE,FALSE,250,"BECCS",-8577.00750599309,-78.4046477895518,-274.366623531989,7256.96799238929,124.063848103915,66.2237383946958,3.31118691973479,73.5865343473527,581.540063911546,2.37314274953296,0,1.3743344328,52.8054735456937,NA,477.991321034238,138.552614597364,1.4981961802607,268.607929679724
"US",50,0.08,FALSE,FALSE,250,"BECCS",-697.779384694708,-31.5777634269005,-159.352680106641,2198.71059136775,252.959922917359,66.2237383946958,3.31118691973479,138.003988437604,221.04738453286,2.06271044818913,103.135522409456,1.3743344328,72.7907453258409,NA,242.684254131382,160.658226430316,1.30221619203859,268.607929679724
"China",50,0.08,FALSE,FALSE,250,"BECCS",-9636.22622110982,23.6900528187721,-364.993905532197,5650.36533148175,144.019737252917,66.2237383946958,3.31118691973479,61.602960587937,479.508312608962,2.10181194270004,105.090597135003,1.3743344328,44.1978909507134,NA,452.497339776945,243.70308553485,1.32690147897729,268.607929679724
"Europe",50,0.08,FALSE,FALSE,250,"BECCS",-3133.45719902673,18.3114620656987,-200.285469127767,2733.26793667067,146.372892547443,66.2237383946958,3.31118691973479,86.9719338821258,273.91591521647,1.72333192262705,86.1665961313523,1.3743344328,83.2954157792401,NA,294.478152865195,214.568474404237,1.08796207236556,268.607929679724
"India",50,0.08,FALSE,FALSE,250,"BECCS",-8458.55057665446,40.3821727777581,-155.709486055343,7256.96799238929,124.063848103915,66.2237383946958,3.31118691973479,73.5865343473527,581.540063911546,2.37314274953296,118.657137476648,1.3743344328,52.8054735456937,NA,477.991321034238,138.552614597364,1.4981961802607,268.607929679724
"US",100,0.08,FALSE,FALSE,250,"BECCS",-608.815449095441,90.0735524658814,-56.3020749262831,2198.71059136775,252.959922917359,66.2237383946958,3.31118691973479,138.003988437604,221.04738453286,2.06271044818913,206.271044818912,1.3743344328,72.7907453258409,NA,242.684254131382,160.658226430316,1.30221619203859,268.607929679724
"China",100,0.08,FALSE,FALSE,250,"BECCS",-9531.56188837419,129.311383787241,-259.903308397198,5650.36533148175,144.019737252917,66.2237383946958,3.31118691973479,61.602960587937,479.508312608962,2.10181194270004,210.181194270006,1.3743344328,44.1978909507134,NA,452.497339776945,243.70308553485,1.32690147897729,268.607929679724
"Europe",100,0.08,FALSE,FALSE,250,"BECCS",-3052.19215415429,99.8318018297684,-114.118872996413,2733.26793667067,146.372892547443,66.2237383946958,3.31118691973479,86.9719338821258,273.91591521647,1.72333192262705,172.333192262705,1.3743344328,83.2954157792401,NA,294.478152865195,214.568474404237,1.08796207236556,268.607929679724
"India",100,0.08,FALSE,FALSE,250,"BECCS",-8340.09364731582,159.168993345068,-37.0523485786949,7256.96799238929,124.063848103915,66.2237383946958,3.31118691973479,73.5865343473527,581.540063911546,2.37314274953296,237.314274953295,1.3743344328,52.8054735456937,NA,477.991321034238,138.552614597364,1.4981961802607,268.607929679724
"US",150,0.08,FALSE,FALSE,250,"BECCS",-519.851513496173,218.813676806663,46.7485302540736,2198.71059136775,252.959922917359,66.2237383946958,3.31118691973479,138.003988437604,221.04738453286,2.06271044818913,309.406567228368,1.3743344328,72.7907453258409,NA,242.684254131382,160.658226430316,1.30221619203859,268.607929679724
"China",150,0.08,FALSE,FALSE,250,"BECCS",-9426.89755563856,234.932714755711,-154.812711262196,5650.36533148175,144.019737252917,66.2237383946958,3.31118691973479,61.602960587937,479.508312608962,2.10181194270004,315.271791405006,1.3743344328,44.1978909507134,NA,452.497339776945,243.70308553485,1.32690147897729,268.607929679724
"Europe",150,0.08,FALSE,FALSE,250,"BECCS",-2970.92710928184,181.352141593838,-27.9522768650606,2733.26793667067,146.372892547443,66.2237383946958,3.31118691973479,86.9719338821258,273.91591521647,1.72333192262705,258.499788394059,1.3743344328,83.2954157792401,NA,294.478152865195,214.568474404237,1.08796207236556,268.607929679724
"India",150,0.08,FALSE,FALSE,250,"BECCS",-8221.63671797719,277.955813912378,81.6047888979525,7256.96799238929,124.063848103915,66.2237383946958,3.31118691973479,73.5865343473527,581.540063911546,2.37314274953296,355.971412429946,1.3743344328,52.8054735456937,NA,477.991321034238,138.552614597364,1.4981961802607,268.607929679724
"US",200,0.08,FALSE,FALSE,250,"BECCS",-430.887577896906,347.601406147813,149.79913543443,2198.71059136775,252.959922917359,66.2237383946958,3.31118691973479,138.003988437604,221.04738453286,2.06271044818913,412.542089637825,1.3743344328,72.7907453258409,NA,242.684254131382,160.658226430316,1.30221619203859,268.607929679724
"China",200,0.08,FALSE,FALSE,250,"BECCS",-9322.23322290293,340.55404572418,-49.7221141271933,5650.36533148175,144.019737252917,66.2237383946958,3.31118691973479,61.602960587937,479.508312608962,2.10181194270004,420.362388540012,1.3743344328,44.1978909507134,NA,452.497339776945,243.70308553485,1.32690147897729,268.607929679724
"Europe",200,0.08,FALSE,FALSE,250,"BECCS",-2889.6620644094,274.287656807411,58.2143192662917,2733.26793667067,146.372892547443,66.2237383946958,3.31118691973479,86.9719338821258,273.91591521647,1.72333192262705,344.666384525409,1.3743344328,83.2954157792401,NA,294.478152865195,214.568474404237,1.08796207236556,268.607929679724
"India",200,0.08,FALSE,FALSE,250,"BECCS",-8103.17978863855,396.742634479688,200.261926374601,7256.96799238929,124.063848103915,66.2237383946958,3.31118691973479,73.5865343473527,581.540063911546,2.37314274953296,474.628549906591,1.3743344328,52.8054735456937,NA,477.991321034238,138.552614597364,1.4981961802607,268.607929679724
"US",0,0.15,FALSE,FALSE,250,"BECCS",-836.430379707319,-189.72867019704,-323.084168501864,2198.71059136775,252.959922917359,113.544747359785,5.67723736798925,138.003988437604,226.883706969107,2.06271044818913,0,1.3743344328,72.7907453258409,NA,286.734936594302,190.256294238716,1.30221619203859,268.607929679724
"China",0,0.15,FALSE,FALSE,250,"BECCS",-9790.57761325879,-132.160897568233,-521.326956953519,5650.36533148175,144.019737252917,113.544747359785,5.67723736798925,61.602960587937,480.22249154885,2.10181194270004,0,1.3743344328,44.1978909507134,NA,489.294946809526,268.080348740129,1.32690147897729,268.607929679724
"Europe",0,0.15,FALSE,FALSE,250,"BECCS",-3264.40930331251,-113.446921987097,-340.098670910382,2733.26793667067,146.372892547443,113.544747359785,5.67723736798925,86.9719338821258,275.930342977897,1.72333192262705,0,1.3743344328,83.2954157792401,NA,332.597906725451,246.077939463054,1.08796207236556,268.607929679724
"India",0,0.15,FALSE,FALSE,250,"BECCS",-8626.69456540643,-128.684532142729,-329.229152251413,7256.96799238929,124.063848103915,113.544747359785,5.67723736798925,73.5865343473527,583.957949982273,2.37314274953296,0,1.3743344328,52.8054735456937,NA,516.445529925395,161.670187834013,1.4981961802607,268.607929679724
"US",50,0.15,FALSE,FALSE,250,"BECCS",-747.466444108052,-88.5309627408683,-220.033563321509,2198.71059136775,252.959922917359,113.544747359785,5.67723736798925,138.003988437604,226.883706969107,2.06271044818913,103.135522409456,1.3743344328,72.7907453258409,NA,286.734936594302,190.256294238716,1.30221619203859,268.607929679724
"China",50,0.15,FALSE,FALSE,250,"BECCS",-9685.91328052316,-26.539566599764,-416.236359818519,5650.36533148175,144.019737252917,113.544747359785,5.67723736798925,61.602960587937,480.22249154885,2.10181194270004,105.090597135003,1.3743344328,44.1978909507134,NA,489.294946809526,268.080348740129,1.32690147897729,268.607929679724
"Europe",50,0.15,FALSE,FALSE,250,"BECCS",-3183.14425844007,-31.9265822230267,-253.93207477903,2733.26793667067,146.372892547443,113.544747359785,5.67723736798925,86.9719338821258,275.930342977897,1.72333192262705,86.1665961313523,1.3743344328,83.2954157792401,NA,332.597906725451,246.077939463054,1.08796207236556,268.607929679724
"India",50,0.15,FALSE,FALSE,250,"BECCS",-8508.2376360678,-9.89771157541941,-210.572014774766,7256.96799238929,124.063848103915,113.544747359785,5.67723736798925,73.5865343473527,583.957949982273,2.37314274953296,118.657137476648,1.3743344328,52.8054735456937,NA,516.445529925395,161.670187834013,1.4981961802607,268.607929679724
"US",100,0.15,FALSE,FALSE,250,"BECCS",-658.502508508784,36.5223880620093,-116.982958141151,2198.71059136775,252.959922917359,113.544747359785,5.67723736798925,138.003988437604,226.883706969107,2.06271044818913,206.271044818912,1.3743344328,72.7907453258409,NA,286.734936594302,190.256294238716,1.30221619203859,268.607929679724
"China",100,0.15,FALSE,FALSE,250,"BECCS",-9581.24894778753,79.0817643687053,-311.145762683516,5650.36533148175,144.019737252917,113.544747359785,5.67723736798925,61.602960587937,480.22249154885,2.10181194270004,210.181194270006,1.3743344328,44.1978909507134,NA,489.294946809526,268.080348740129,1.32690147897729,268.607929679724
"Europe",100,0.15,FALSE,FALSE,250,"BECCS",-3101.87921356763,49.593757541043,-167.765478647676,2733.26793667067,146.372892547443,113.544747359785,5.67723736798925,86.9719338821258,275.930342977897,1.72333192262705,172.333192262705,1.3743344328,83.2954157792401,NA,332.597906725451,246.077939463054,1.08796207236556,268.607929679724
"India",100,0.15,FALSE,FALSE,250,"BECCS",-8389.78070672917,108.88910899189,-91.9148772981176,7256.96799238929,124.063848103915,113.544747359785,5.67723736798925,73.5865343473527,583.957949982273,2.37314274953296,237.314274953295,1.3743344328,52.8054735456937,NA,516.445529925395,161.670187834013,1.4981961802607,268.607929679724
"US",150,0.15,FALSE,FALSE,250,"BECCS",-569.538572909517,165.173710039267,-13.9323529607937,2198.71059136775,252.959922917359,113.544747359785,5.67723736798925,138.003988437604,226.883706969107,2.06271044818913,309.406567228368,1.3743344328,72.7907453258409,NA,286.734936594302,190.256294238716,1.30221619203859,268.607929679724
"China",150,0.15,FALSE,FALSE,250,"BECCS",-9476.5846150519,184.703095337175,-206.055165548512,5650.36533148175,144.019737252917,113.544747359785,5.67723736798925,61.602960587937,480.22249154885,2.10181194270004,315.271791405006,1.3743344328,44.1978909507134,NA,489.294946809526,268.080348740129,1.32690147897729,268.607929679724
"Europe",150,0.15,FALSE,FALSE,250,"BECCS",-3020.61416869519,131.114097305113,-81.5988825163243,2733.26793667067,146.372892547443,113.544747359785,5.67723736798925,86.9719338821258,275.930342977897,1.72333192262705,258.499788394059,1.3743344328,83.2954157792401,NA,332.597906725451,246.077939463054,1.08796207236556,268.607929679724
"India",150,0.15,FALSE,FALSE,250,"BECCS",-8271.32377739053,227.6759295592,26.7422601785302,7256.96799238929,124.063848103915,113.544747359785,5.67723736798925,73.5865343473527,583.957949982273,2.37314274953296,355.971412429946,1.3743344328,52.8054735456937,NA,516.445529925395,161.670187834013,1.4981961802607,268.607929679724
"US",200,0.15,FALSE,FALSE,250,"BECCS",-480.574637310249,293.825032016525,89.1182522195629,2198.71059136775,252.959922917359,113.544747359785,5.67723736798925,138.003988437604,226.883706969107,2.06271044818913,412.542089637825,1.3743344328,72.7907453258409,NA,286.734936594302,190.256294238716,1.30221619203859,268.607929679724
"China",200,0.15,FALSE,FALSE,250,"BECCS",-9371.92028231628,290.324426305644,-100.964568413507,5650.36533148175,144.019737252917,113.544747359785,5.67723736798925,61.602960587937,480.22249154885,2.10181194270004,420.362388540012,1.3743344328,44.1978909507134,NA,489.294946809526,268.080348740129,1.32690147897729,268.607929679724
"Europe",200,0.15,FALSE,FALSE,250,"BECCS",-2939.34912382275,224.600597394068,4.56771361502893,2733.26793667067,146.372892547443,113.544747359785,5.67723736798925,86.9719338821258,275.930342977897,1.72333192262705,344.666384525409,1.3743344328,83.2954157792401,NA,332.597906725451,246.077939463054,1.08796207236556,268.607929679724
"India",200,0.15,FALSE,FALSE,250,"BECCS",-8152.8668480519,346.46275012651,145.399397655177,7256.96799238929,124.063848103915,113.544747359785,5.67723736798925,73.5865343473527,583.957949982273,2.37314274953296,474.628549906591,1.3743344328,52.8054735456937,NA,516.445529925395,161.670187834013,1.4981961802607,268.607929679724
"US",0,0.02,TRUE,TRUE,50,"BEBCS",-230.935998660364,-52.9823778173088,-142.003809930831,NA,199.98946647775,73.2650919233,29.8761331729751,130.058419971662,0,0.950260521288951,0,0.75264329023612,39.8632710883662,41.6348592289012,244.054661067645,243.649449668842,1.55206954186722,116.279758519933
"China",0,0.02,TRUE,TRUE,50,"BEBCS",-184.053737725626,-25.058710081983,-84.1110435997212,NA,117.182354530696,73.2650919233,29.8761331729751,57.577353179606,0,1.02032355428861,0,0.75264329023612,24.2046224506701,36.3863763228618,150.491017774422,154.117436523399,1.60169147738429,116.279758519933
"Europe",0,0.02,TRUE,TRUE,50,"BEBCS",-207.056478282272,-37.5188982490977,-116.678082771851,NA,105.932243283908,73.2650919233,29.8761331729751,80.9058364925947,0,0.813792018718585,0,0.75264329023612,45.6160700755379,13.2293980369599,216.041014989407,222.450412130005,1.2705542023348,116.279758519933
"India",0,0.02,TRUE,TRUE,50,"BEBCS",-160.612585437065,-15.3858586119737,-83.8744518925967,NA,98.6717286943114,73.2650919233,29.8761331729751,66.1403158005203,0,1.06481307393424,0,0.75264329023612,28.9184964033034,37.3800520364314,147.310308430344,136.635225653596,2.00237063269184,116.279758519933
"US",50,0.02,TRUE,TRUE,50,"BEBCS",-182.795553682831,-8.06912656709724,-94.312787119668,NA,199.98946647775,73.2650919233,29.8761331729751,130.058419971662,0,0.950260521288951,47.5130260644476,0.75264329023612,39.8632710883662,41.6348592289012,244.054661067645,243.649449668842,1.55206954186722,116.279758519933
"China",50,0.02,TRUE,TRUE,50,"BEBCS",-131.278757115646,21.1981805518253,-34.0201138179562,NA,117.182354530696,73.2650919233,29.8761331729751,57.577353179606,0,1.02032355428861,51.0161777144316,0.75264329023612,24.2046224506701,36.3863763228618,150.491017774422,154.117436523399,1.60169147738429,116.279758519933
"Europe",50,0.02,TRUE,TRUE,50,"BEBCS",-168.792209203413,18.5921531101355,-75.7891688240225,NA,105.932243283908,73.2650919233,29.8761331729751,80.9058364925947,0,0.813792018718585,40.6896009359291,0.75264329023612,45.6160700755379,13.2293980369599,216.041014989407,222.450412130005,1.2705542023348,116.279758519933
"India",50,0.02,TRUE,TRUE,50,"BEBCS",-99.3380970649489,37.0068517502536,-30.6626513488856,NA,98.6717286943114,73.2650919233,29.8761331729751,66.1403158005203,0,1.06481307393424,53.2406536967121,0.75264329023612,28.9184964033034,37.3800520364314,147.310308430344,136.635225653596,2.00237063269184,116.279758519933
"US",100,0.02,TRUE,TRUE,50,"BEBCS",-142.152956340409,36.8441246831143,-46.6217643085063,NA,199.98946647775,73.2650919233,29.8761331729751,130.058419971662,0,0.950260521288951,95.0260521288951,0.75264329023612,39.8632710883662,41.6348592289012,244.054661067645,243.649449668842,1.55206954186722,116.279758519933
"China",100,0.02,TRUE,TRUE,50,"BEBCS",-78.5037765056667,67.4550711856336,16.0708159638093,NA,117.182354530696,73.2650919233,29.8761331729751,57.577353179606,0,1.02032355428861,102.032355428863,0.75264329023612,24.2046224506701,36.3863763228618,150.491017774422,154.117436523399,1.60169147738429,116.279758519933
"Europe",100,0.02,TRUE,TRUE,50,"BEBCS",-131.555125199632,74.7032044693687,-34.9002548761947,NA,105.932243283908,73.2650919233,29.8761331729751,80.9058364925947,0,0.813792018718585,81.3792018718583,0.75264329023612,45.6160700755379,13.2293980369599,216.041014989407,222.450412130005,1.2705542023348,116.279758519933
"India",100,0.02,TRUE,TRUE,50,"BEBCS",-47.0477499986617,89.3995621124809,22.5491491948252,NA,98.6717286943114,73.2650919233,29.8761331729751,66.1403158005203,0,1.06481307393424,106.481307393424,0.75264329023612,28.9184964033034,37.3800520364314,147.310308430344,136.635225653596,2.00237063269184,116.279758519933
"US",150,0.02,TRUE,TRUE,50,"BEBCS",-101.510358997986,82.3482853237378,1.06925850265616,NA,199.98946647775,73.2650919233,29.8761331729751,130.058419971662,0,0.950260521288951,142.539078193343,0.75264329023612,39.8632710883662,41.6348592289012,244.054661067645,243.649449668842,1.55206954186722,116.279758519933
"China",150,0.02,TRUE,TRUE,50,"BEBCS",-25.7287958956871,113.711961819442,66.1617457455746,NA,117.182354530696,73.2650919233,29.8761331729751,57.577353179606,0,1.02032355428861,153.048533143294,0.75264329023612,24.2046224506701,36.3863763228618,150.491017774422,154.117436523399,1.60169147738429,116.279758519933
"Europe",150,0.02,TRUE,TRUE,50,"BEBCS",-94.3628599131944,130.814255828602,5.98865907163273,NA,105.932243283908,73.2650919233,29.8761331729751,80.9058364925947,0,0.813792018718585,122.068802807787,0.75264329023612,45.6160700755379,13.2293980369599,216.041014989407,222.450412130005,1.2705542023348,116.279758519933
"India",150,0.02,TRUE,TRUE,50,"BEBCS",4.54832619921453,141.792272474708,75.7609497385359,NA,98.6717286943114,73.2650919233,29.8761331729751,66.1403158005203,0,1.06481307393424,159.721961090136,0.75264329023612,28.9184964033034,37.3800520364314,147.310308430344,136.635225653596,2.00237063269184,116.279758519933
"US",200,0.02,TRUE,TRUE,50,"BEBCS",-60.8677616555639,141.880431836588,48.7602813138185,NA,199.98946647775,73.2650919233,29.8761331729751,130.058419971662,0,0.950260521288951,190.05210425779,0.75264329023612,39.8632710883662,41.6348592289012,244.054661067645,243.649449668842,1.55206954186722,116.279758519933
"China",200,0.02,TRUE,TRUE,50,"BEBCS",27.0461847142924,165.248568415843,116.252675527339,NA,117.182354530696,73.2650919233,29.8761331729751,57.577353179606,0,1.02032355428861,204.064710857726,0.75264329023612,24.2046224506701,36.3863763228618,150.491017774422,154.117436523399,1.60169147738429,116.279758519933
"Europe",200,0.02,TRUE,TRUE,50,"BEBCS",-57.170594626757,188.604027383115,46.8775730194601,NA,105.932243283908,73.2650919233,29.8761331729751,80.9058364925947,0,0.813792018718585,162.758403743717,0.75264329023612,45.6160700755379,13.2293980369599,216.041014989407,222.450412130005,1.2705542023348,116.279758519933
"India",200,0.02,TRUE,TRUE,50,"BEBCS",56.1444023970908,194.226750754242,128.972750282247,NA,98.6717286943114,73.2650919233,29.8761331729751,66.1403158005203,0,1.06481307393424,212.962614786848,0.75264329023612,28.9184964033034,37.3800520364314,147.310308430344,136.635225653596,2.00237063269184,116.279758519933
"US",0,0.08,TRUE,TRUE,50,"BEBCS",-290.371794225365,-133.470288389423,-211.801369436418,NA,199.98946647775,131.537964686904,31.0390559743725,130.058419971662,0,0.950260521288951,0,0.75264329023612,39.8632710883662,31.7097358904016,336.170327600407,306.890827940538,1.55206954186722,116.279758519933
"China",0,0.08,TRUE,TRUE,50,"BEBCS",-243.996661774773,-107.962318830746,-153.106949776117,NA,117.182354530696,131.537964686904,31.0390559743725,57.577353179606,0,1.02032355428861,0,0.75264329023612,24.2046224506701,27.7281002395882,240.976201607759,212.501696067308,1.60169147738429,116.279758519933
"Europe",0,0.08,TRUE,TRUE,50,"BEBCS",-266.492273847273,-120.021681743622,-178.870868192008,NA,105.932243283908,131.537964686904,31.0390559743725,80.9058364925947,0,0.813792018718585,0,0.75264329023612,45.6160700755379,10.5321630131486,298.61469753882,296.305564350203,1.2705542023348,116.279758519933
"India",0,0.08,TRUE,TRUE,50,"BEBCS",-220.048381002066,-101.127025601518,-150.848845876837,NA,98.6717286943114,131.537964686904,31.0390559743725,66.1403158005203,0,1.06481307393424,0,0.75264329023612,28.9184964033034,28.3911836597616,238.22630115521,192.478900697114,2.00237063269184,116.279758519933
"US",50,0.08,TRUE,TRUE,50,"BEBCS",-242.231349247832,-91.0072780792819,-164.110346625256,NA,199.98946647775,131.537964686904,31.0390559743725,130.058419971662,0,0.950260521288951,47.5130260644476,0.75264329023612,39.8632710883662,31.7097358904016,336.170327600407,306.890827940538,1.55206954186722,116.279758519933
"China",50,0.08,TRUE,TRUE,50,"BEBCS",-191.221681164794,-61.7054281969378,-103.016019994352,NA,117.182354530696,131.537964686904,31.0390559743725,57.577353179606,0,1.02032355428861,51.0161777144316,0.75264329023612,24.2046224506701,27.7281002395882,240.976201607759,212.501696067308,1.60169147738429,116.279758519933
"Europe",50,0.08,TRUE,TRUE,50,"BEBCS",-228.228004768413,-63.9106303843891,-137.981954244179,NA,105.932243283908,131.537964686904,31.0390559743725,80.9058364925947,0,0.813792018718585,40.6896009359291,0.75264329023612,45.6160700755379,10.5321630131486,298.61469753882,296.305564350203,1.2705542023348,116.279758519933
"India",50,0.08,TRUE,TRUE,50,"BEBCS",-167.520346238908,-47.9671298016534,-97.6370453331267,NA,98.6717286943114,131.537964686904,31.0390559743725,66.1403158005203,0,1.06481307393424,53.2406536967121,0.75264329023612,28.9184964033034,28.3911836597616,238.22630115521,192.478900697114,2.00237063269184,116.279758519933
"US",100,0.08,TRUE,TRUE,50,"BEBCS",-201.588751905409,-46.0940268290703,-116.419323814093,NA,199.98946647775,131.537964686904,31.0390559743725,130.058419971662,0,0.950260521288951,95.0260521288951,0.75264329023612,39.8632710883662,31.7097358904016,336.170327600407,306.890827940538,1.55206954186722,116.279758519933
"China",100,0.08,TRUE,TRUE,50,"BEBCS",-138.446700554814,-15.4485375631295,-52.9250902125869,NA,117.182354530696,131.537964686904,31.0390559743725,57.577353179606,0,1.02032355428861,102.032355428863,0.75264329023612,24.2046224506701,27.7281002395882,240.976201607759,212.501696067308,1.60169147738429,116.279758519933
"Europe",100,0.08,TRUE,TRUE,50,"BEBCS",-190.990920764633,-7.79957902515594,-97.0930402963524,NA,105.932243283908,131.537964686904,31.0390559743725,80.9058364925947,0,0.813792018718585,81.3792018718583,0.75264329023612,45.6160700755379,10.5321630131486,298.61469753882,296.305564350203,1.2705542023348,116.279758519933
"India",100,0.08,TRUE,TRUE,50,"BEBCS",-115.924270041032,5.23250152370497,-44.4252447894165,NA,98.6717286943114,131.537964686904,31.0390559743725,66.1403158005203,0,1.06481307393424,106.481307393424,0.75264329023612,28.9184964033034,28.3911836597616,238.22630115521,192.478900697114,2.00237063269184,116.279758519933
"US",150,0.08,TRUE,TRUE,50,"BEBCS",-160.946154562987,3.5614985036247,-68.7283010029306,NA,199.98946647775,131.537964686904,31.0390559743725,130.058419971662,0,0.950260521288951,142.539078193343,0.75264329023612,39.8632710883662,31.7097358904016,336.170327600407,306.890827940538,1.55206954186722,116.279758519933
"China",150,0.08,TRUE,TRUE,50,"BEBCS",-85.6717199448346,30.8083530706788,-2.83416043082213,NA,117.182354530696,131.537964686904,31.0390559743725,57.577353179606,0,1.02032355428861,153.048533143294,0.75264329023612,24.2046224506701,27.7281002395882,240.976201607759,212.501696067308,1.60169147738429,116.279758519933
"Europe",150,0.08,TRUE,TRUE,50,"BEBCS",-153.798655478195,50.9106992244564,-56.204126348525,NA,105.932243283908,131.537964686904,31.0390559743725,80.9058364925947,0,0.813792018718585,122.068802807787,0.75264329023612,45.6160700755379,10.5321630131486,298.61469753882,296.305564350203,1.2705542023348,116.279758519933
"India",150,0.08,TRUE,TRUE,50,"BEBCS",-64.3281938431559,58.4321328490633,8.78655575429428,NA,98.6717286943114,131.537964686904,31.0390559743725,66.1403158005203,0,1.06481307393424,159.721961090136,0.75264329023612,28.9184964033034,28.3911836597616,238.22630115521,192.478900697114,2.00237063269184,116.279758519933
"US",200,0.08,TRUE,TRUE,50,"BEBCS",-120.303557220565,63.0936450164745,-21.0372781917686,NA,199.98946647775,131.537964686904,31.0390559743725,130.058419971662,0,0.950260521288951,190.05210425779,0.75264329023612,39.8632710883662,31.7097358904016,336.170327600407,306.890827940538,1.55206954186722,116.279758519933
"China",200,0.08,TRUE,TRUE,50,"BEBCS",-32.896739334855,83.623256093089,47.256769350943,NA,117.182354530696,131.537964686904,31.0390559743725,57.577353179606,0,1.02032355428861,204.064710857726,0.75264329023612,24.2046224506701,27.7281002395882,240.976201607759,212.501696067308,1.60169147738429,116.279758519933
"Europe",200,0.08,TRUE,TRUE,50,"BEBCS",-116.606390191758,119.779064700883,-15.3152124006969,NA,105.932243283908,131.537964686904,31.0390559743725,80.9058364925947,0,0.813792018718585,162.758403743717,0.75264329023612,45.6160700755379,10.5321630131486,298.61469753882,296.305564350203,1.2705542023348,116.279758519933
"India",200,0.08,TRUE,TRUE,50,"BEBCS",-12.7321176452796,111.631764174422,61.9983562980051,NA,98.6717286943114,131.537964686904,31.0390559743725,66.1403158005203,0,1.06481307393424,212.962614786848,0.75264329023612,28.9184964033034,28.3911836597616,238.22630115521,192.478900697114,2.00237063269184,116.279758519933
"US",0,0.15,TRUE,TRUE,50,"BEBCS",-375.364870364194,-232.176049862997,-304.506197340184,NA,199.98946647775,214.860192386508,32.7099044135967,130.058419971662,0,0.950260521288951,0,0.75264329023612,39.8632710883662,24.3229542708079,458.880547596766,397.325880209537,1.55206954186722,116.279758519933
"China",0,0.15,TRUE,TRUE,50,"BEBCS",-329.367168726068,-210.421335206856,-245.215146497037,NA,117.182354530696,214.860192386508,32.7099044135967,57.577353179606,0,1.02032355428861,0,0.75264329023612,24.2046224506701,21.2841707841932,362.472933446397,295.991077668967,1.60169147738429,116.279758519933
"Europe",0,0.15,TRUE,TRUE,50,"BEBCS",-351.485349986102,-222.182383577969,-265.915836412467,NA,105.932243283908,214.860192386508,32.7099044135967,80.9058364925947,0,0.813792018718585,0,0.75264329023612,45.6160700755379,8.52474351637191,414.223287711673,401.91829345099,1.2705542023348,116.279758519933
"India",0,0.15,TRUE,TRUE,50,"BEBCS",-311.13576592431,-202.431073313928,-241.452530402238,NA,98.6717286943114,214.860192386508,32.7099044135967,66.1403158005203,0,1.06481307393424,0,0.75264329023612,28.9184964033034,21.7012106043977,360.043662883573,272.3352512301,2.00237063269184,116.279758519933
"US",50,0.15,TRUE,TRUE,50,"BEBCS",-327.224425386661,-192.234399755397,-256.815174529021,NA,199.98946647775,214.860192386508,32.7099044135967,130.058419971662,0,0.950260521288951,47.5130260644476,0.75264329023612,39.8632710883662,24.3229542708079,458.880547596766,397.325880209537,1.55206954186722,116.279758519933
"China",50,0.15,TRUE,TRUE,50,"BEBCS",-276.592188116088,-164.164444573048,-195.124216715271,NA,117.182354530696,214.860192386508,32.7099044135967,57.577353179606,0,1.02032355428861,51.0161777144316,0.75264329023612,24.2046224506701,21.2841707841932,362.472933446397,295.991077668967,1.60169147738429,116.279758519933
"Europe",50,0.15,TRUE,TRUE,50,"BEBCS",-313.221080907243,-166.071332218735,-225.02692246464,NA,105.932243283908,214.860192386508,32.7099044135967,80.9058364925947,0,0.813792018718585,40.6896009359291,0.75264329023612,45.6160700755379,8.52474351637191,414.223287711673,401.91829345099,1.2705542023348,116.279758519933
"India",50,0.15,TRUE,TRUE,50,"BEBCS",-259.539689726434,-149.301822852019,-188.240729858528,NA,98.6717286943114,214.860192386508,32.7099044135967,66.1403158005203,0,1.06481307393424,53.2406536967121,0.75264329023612,28.9184964033034,21.7012106043977,360.043662883573,272.3352512301,2.00237063269184,116.279758519933
"US",100,0.15,TRUE,TRUE,50,"BEBCS",-286.581828044238,-148.578751686701,-209.12415171786,NA,199.98946647775,214.860192386508,32.7099044135967,130.058419971662,0,0.950260521288951,95.0260521288951,0.75264329023612,39.8632710883662,24.3229542708079,458.880547596766,397.325880209537,1.55206954186722,116.279758519933
"China",100,0.15,TRUE,TRUE,50,"BEBCS",-223.817207506108,-117.90755393924,-145.033286933508,NA,117.182354530696,214.860192386508,32.7099044135967,57.577353179606,0,1.02032355428861,102.032355428863,0.75264329023612,24.2046224506701,21.2841707841932,362.472933446397,295.991077668967,1.60169147738429,116.279758519933
"Europe",100,0.15,TRUE,TRUE,50,"BEBCS",-275.983996903462,-109.93863812967,-184.138008516812,NA,105.932243283908,214.860192386508,32.7099044135967,80.9058364925947,0,0.813792018718585,81.3792018718583,0.75264329023612,45.6160700755379,8.52474351637191,414.223287711673,401.91829345099,1.2705542023348,116.279758519933
"India",100,0.15,TRUE,TRUE,50,"BEBCS",-207.943613528558,-96.1725723901097,-135.028929314818,NA,98.6717286943114,214.860192386508,32.7099044135967,66.1403158005203,0,1.06481307393424,106.481307393424,0.75264329023612,28.9184964033034,21.7012106043977,360.043662883573,272.3352512301,2.00237063269184,116.279758519933
"US",150,0.15,TRUE,TRUE,50,"BEBCS",-245.939230701816,-95.833569595316,-161.433128906697,NA,199.98946647775,214.860192386508,32.7099044135967,130.058419971662,0,0.950260521288951,142.539078193343,0.75264329023612,39.8632710883662,24.3229542708079,458.880547596766,397.325880209537,1.55206954186722,116.279758519933
"China",150,0.15,TRUE,TRUE,50,"BEBCS",-171.042226896129,-68.2832391746055,-94.9423571517405,NA,117.182354530696,214.860192386508,32.7099044135967,57.577353179606,0,1.02032355428861,153.048533143294,0.75264329023612,24.2046224506701,21.2841707841932,362.472933446397,295.991077668967,1.60169147738429,116.279758519933
"Europe",150,0.15,TRUE,TRUE,50,"BEBCS",-238.791731617024,-41.0702726532426,-143.249094568985,NA,105.932243283908,214.860192386508,32.7099044135967,80.9058364925947,0,0.813792018718585,122.068802807787,0.75264329023612,45.6160700755379,8.52474351637191,414.223287711673,401.91829345099,1.2705542023348,116.279758519933
"India",150,0.15,TRUE,TRUE,50,"BEBCS",-156.347537330681,-43.0433219282007,-81.8171287711073,NA,98.6717286943114,214.860192386508,32.7099044135967,66.1403158005203,0,1.06481307393424,159.721961090136,0.75264329023612,28.9184964033034,21.7012106043977,360.043662883573,272.3352512301,2.00237063269184,116.279758519933
"US",200,0.15,TRUE,TRUE,50,"BEBCS",-205.296633359394,-36.3014230824662,-113.742106095535,NA,199.98946647775,214.860192386508,32.7099044135967,130.058419971662,0,0.950260521288951,190.05210425779,0.75264329023612,39.8632710883662,24.3229542708079,458.880547596766,397.325880209537,1.55206954186722,116.279758519933
"China",200,0.15,TRUE,TRUE,50,"BEBCS",-118.267246286149,-15.6602319554818,-44.8514273699763,NA,117.182354530696,214.860192386508,32.7099044135967,57.577353179606,0,1.02032355428861,204.064710857726,0.75264329023612,24.2046224506701,21.2841707841932,362.472933446397,295.991077668967,1.60169147738429,116.279758519933
"Europe",200,0.15,TRUE,TRUE,50,"BEBCS",-201.599466330587,28.6392908658298,-102.360180621159,NA,105.932243283908,214.860192386508,32.7099044135967,80.9058364925947,0,0.813792018718585,162.758403743717,0.75264329023612,45.6160700755379,8.52474351637191,414.223287711673,401.91829345099,1.2705542023348,116.279758519933
"India",200,0.15,TRUE,TRUE,50,"BEBCS",-104.751461132805,10.0859285337083,-28.6053282273964,NA,98.6717286943114,214.860192386508,32.7099044135967,66.1403158005203,0,1.06481307393424,212.962614786848,0.75264329023612,28.9184964033034,21.7012106043977,360.043662883573,272.3352512301,2.00237063269184,116.279758519933
"US",0,0.02,FALSE,TRUE,50,"BEBCS",-230.935998660364,-52.9823778173088,-142.003809930831,NA,199.98946647775,73.2650919233,29.8761331729751,130.058419971662,0,0.950260521288951,0,0.75264329023612,39.8632710883662,41.6348592289012,244.054661067645,243.649449668842,1.55206954186722,116.279758519933
"China",0,0.02,FALSE,TRUE,50,"BEBCS",-184.053737725626,-25.058710081983,-84.1110435997212,NA,117.182354530696,73.2650919233,29.8761331729751,57.577353179606,0,1.02032355428861,0,0.75264329023612,24.2046224506701,36.3863763228618,150.491017774422,154.117436523399,1.60169147738429,116.279758519933
"Europe",0,0.02,FALSE,TRUE,50,"BEBCS",-207.056478282272,-37.5188982490977,-116.678082771851,NA,105.932243283908,73.2650919233,29.8761331729751,80.9058364925947,0,0.813792018718585,0,0.75264329023612,45.6160700755379,13.2293980369599,216.041014989407,222.450412130005,1.2705542023348,116.279758519933
"India",0,0.02,FALSE,TRUE,50,"BEBCS",-160.612585437065,-15.3858586119737,-83.8744518925967,NA,98.6717286943114,73.2650919233,29.8761331729751,66.1403158005203,0,1.06481307393424,0,0.75264329023612,28.9184964033034,37.3800520364314,147.310308430344,136.635225653596,2.00237063269184,116.279758519933
"US",50,0.02,FALSE,TRUE,50,"BEBCS",-182.795553682831,-8.06912656709724,-94.312787119668,NA,199.98946647775,73.2650919233,29.8761331729751,130.058419971662,0,0.950260521288951,47.5130260644476,0.75264329023612,39.8632710883662,41.6348592289012,244.054661067645,243.649449668842,1.55206954186722,116.279758519933
"China",50,0.02,FALSE,TRUE,50,"BEBCS",-131.278757115646,21.1981805518253,-34.0201138179562,NA,117.182354530696,73.2650919233,29.8761331729751,57.577353179606,0,1.02032355428861,51.0161777144316,0.75264329023612,24.2046224506701,36.3863763228618,150.491017774422,154.117436523399,1.60169147738429,116.279758519933
"Europe",50,0.02,FALSE,TRUE,50,"BEBCS",-168.792209203413,18.5921531101355,-75.7891688240225,NA,105.932243283908,73.2650919233,29.8761331729751,80.9058364925947,0,0.813792018718585,40.6896009359291,0.75264329023612,45.6160700755379,13.2293980369599,216.041014989407,222.450412130005,1.2705542023348,116.279758519933
"India",50,0.02,FALSE,TRUE,50,"BEBCS",-99.3380970649489,37.0068517502536,-30.6626513488856,NA,98.6717286943114,73.2650919233,29.8761331729751,66.1403158005203,0,1.06481307393424,53.2406536967121,0.75264329023612,28.9184964033034,37.3800520364314,147.310308430344,136.635225653596,2.00237063269184,116.279758519933
"US",100,0.02,FALSE,TRUE,50,"BEBCS",-142.152956340409,36.8441246831143,-46.6217643085063,NA,199.98946647775,73.2650919233,29.8761331729751,130.058419971662,0,0.950260521288951,95.0260521288951,0.75264329023612,39.8632710883662,41.6348592289012,244.054661067645,243.649449668842,1.55206954186722,116.279758519933
"China",100,0.02,FALSE,TRUE,50,"BEBCS",-78.5037765056667,67.4550711856336,16.0708159638093,NA,117.182354530696,73.2650919233,29.8761331729751,57.577353179606,0,1.02032355428861,102.032355428863,0.75264329023612,24.2046224506701,36.3863763228618,150.491017774422,154.117436523399,1.60169147738429,116.279758519933
"Europe",100,0.02,FALSE,TRUE,50,"BEBCS",-131.555125199632,74.7032044693687,-34.9002548761947,NA,105.932243283908,73.2650919233,29.8761331729751,80.9058364925947,0,0.813792018718585,81.3792018718583,0.75264329023612,45.6160700755379,13.2293980369599,216.041014989407,222.450412130005,1.2705542023348,116.279758519933
"India",100,0.02,FALSE,TRUE,50,"BEBCS",-47.0477499986617,89.3995621124809,22.5491491948252,NA,98.6717286943114,73.2650919233,29.8761331729751,66.1403158005203,0,1.06481307393424,106.481307393424,0.75264329023612,28.9184964033034,37.3800520364314,147.310308430344,136.635225653596,2.00237063269184,116.279758519933
"US",150,0.02,FALSE,TRUE,50,"BEBCS",-101.510358997986,82.3482853237378,1.06925850265616,NA,199.98946647775,73.2650919233,29.8761331729751,130.058419971662,0,0.950260521288951,142.539078193343,0.75264329023612,39.8632710883662,41.6348592289012,244.054661067645,243.649449668842,1.55206954186722,116.279758519933
"China",150,0.02,FALSE,TRUE,50,"BEBCS",-25.7287958956871,113.711961819442,66.1617457455746,NA,117.182354530696,73.2650919233,29.8761331729751,57.577353179606,0,1.02032355428861,153.048533143294,0.75264329023612,24.2046224506701,36.3863763228618,150.491017774422,154.117436523399,1.60169147738429,116.279758519933
"Europe",150,0.02,FALSE,TRUE,50,"BEBCS",-94.3628599131944,130.814255828602,5.98865907163273,NA,105.932243283908,73.2650919233,29.8761331729751,80.9058364925947,0,0.813792018718585,122.068802807787,0.75264329023612,45.6160700755379,13.2293980369599,216.041014989407,222.450412130005,1.2705542023348,116.279758519933
"India",150,0.02,FALSE,TRUE,50,"BEBCS",4.54832619921453,141.792272474708,75.7609497385359,NA,98.6717286943114,73.2650919233,29.8761331729751,66.1403158005203,0,1.06481307393424,159.721961090136,0.75264329023612,28.9184964033034,37.3800520364314,147.310308430344,136.635225653596,2.00237063269184,116.279758519933
"US",200,0.02,FALSE,TRUE,50,"BEBCS",-60.8677616555639,141.880431836588,48.7602813138185,NA,199.98946647775,73.2650919233,29.8761331729751,130.058419971662,0,0.950260521288951,190.05210425779,0.75264329023612,39.8632710883662,41.6348592289012,244.054661067645,243.649449668842,1.55206954186722,116.279758519933
"China",200,0.02,FALSE,TRUE,50,"BEBCS",27.0461847142924,165.248568415843,116.252675527339,NA,117.182354530696,73.2650919233,29.8761331729751,57.577353179606,0,1.02032355428861,204.064710857726,0.75264329023612,24.2046224506701,36.3863763228618,150.491017774422,154.117436523399,1.60169147738429,116.279758519933
"Europe",200,0.02,FALSE,TRUE,50,"BEBCS",-57.170594626757,188.604027383115,46.8775730194601,NA,105.932243283908,73.2650919233,29.8761331729751,80.9058364925947,0,0.813792018718585,162.758403743717,0.75264329023612,45.6160700755379,13.2293980369599,216.041014989407,222.450412130005,1.2705542023348,116.279758519933
"India",200,0.02,FALSE,TRUE,50,"BEBCS",56.1444023970908,194.226750754242,128.972750282247,NA,98.6717286943114,73.2650919233,29.8761331729751,66.1403158005203,0,1.06481307393424,212.962614786848,0.75264329023612,28.9184964033034,37.3800520364314,147.310308430344,136.635225653596,2.00237063269184,116.279758519933
"US",0,0.08,FALSE,TRUE,50,"BEBCS",-290.371794225365,-133.470288389423,-211.801369436418,NA,199.98946647775,131.537964686904,31.0390559743725,130.058419971662,0,0.950260521288951,0,0.75264329023612,39.8632710883662,31.7097358904016,336.170327600407,306.890827940538,1.55206954186722,116.279758519933
"China",0,0.08,FALSE,TRUE,50,"BEBCS",-243.996661774773,-107.962318830746,-153.106949776117,NA,117.182354530696,131.537964686904,31.0390559743725,57.577353179606,0,1.02032355428861,0,0.75264329023612,24.2046224506701,27.7281002395882,240.976201607759,212.501696067308,1.60169147738429,116.279758519933
"Europe",0,0.08,FALSE,TRUE,50,"BEBCS",-266.492273847273,-120.021681743622,-178.870868192008,NA,105.932243283908,131.537964686904,31.0390559743725,80.9058364925947,0,0.813792018718585,0,0.75264329023612,45.6160700755379,10.5321630131486,298.61469753882,296.305564350203,1.2705542023348,116.279758519933
"India",0,0.08,FALSE,TRUE,50,"BEBCS",-220.048381002066,-101.127025601518,-150.848845876837,NA,98.6717286943114,131.537964686904,31.0390559743725,66.1403158005203,0,1.06481307393424,0,0.75264329023612,28.9184964033034,28.3911836597616,238.22630115521,192.478900697114,2.00237063269184,116.279758519933
"US",50,0.08,FALSE,TRUE,50,"BEBCS",-242.231349247832,-91.0072780792819,-164.110346625256,NA,199.98946647775,131.537964686904,31.0390559743725,130.058419971662,0,0.950260521288951,47.5130260644476,0.75264329023612,39.8632710883662,31.7097358904016,336.170327600407,306.890827940538,1.55206954186722,116.279758519933
"China",50,0.08,FALSE,TRUE,50,"BEBCS",-191.221681164794,-61.7054281969378,-103.016019994352,NA,117.182354530696,131.537964686904,31.0390559743725,57.577353179606,0,1.02032355428861,51.0161777144316,0.75264329023612,24.2046224506701,27.7281002395882,240.976201607759,212.501696067308,1.60169147738429,116.279758519933
"Europe",50,0.08,FALSE,TRUE,50,"BEBCS",-228.228004768413,-63.9106303843891,-137.981954244179,NA,105.932243283908,131.537964686904,31.0390559743725,80.9058364925947,0,0.813792018718585,40.6896009359291,0.75264329023612,45.6160700755379,10.5321630131486,298.61469753882,296.305564350203,1.2705542023348,116.279758519933
"India",50,0.08,FALSE,TRUE,50,"BEBCS",-167.520346238908,-47.9671298016534,-97.6370453331267,NA,98.6717286943114,131.537964686904,31.0390559743725,66.1403158005203,0,1.06481307393424,53.2406536967121,0.75264329023612,28.9184964033034,28.3911836597616,238.22630115521,192.478900697114,2.00237063269184,116.279758519933
"US",100,0.08,FALSE,TRUE,50,"BEBCS",-201.588751905409,-46.0940268290703,-116.419323814093,NA,199.98946647775,131.537964686904,31.0390559743725,130.058419971662,0,0.950260521288951,95.0260521288951,0.75264329023612,39.8632710883662,31.7097358904016,336.170327600407,306.890827940538,1.55206954186722,116.279758519933
"China",100,0.08,FALSE,TRUE,50,"BEBCS",-138.446700554814,-15.4485375631295,-52.9250902125869,NA,117.182354530696,131.537964686904,31.0390559743725,57.577353179606,0,1.02032355428861,102.032355428863,0.75264329023612,24.2046224506701,27.7281002395882,240.976201607759,212.501696067308,1.60169147738429,116.279758519933
"Europe",100,0.08,FALSE,TRUE,50,"BEBCS",-190.990920764633,-7.79957902515594,-97.0930402963524,NA,105.932243283908,131.537964686904,31.0390559743725,80.9058364925947,0,0.813792018718585,81.3792018718583,0.75264329023612,45.6160700755379,10.5321630131486,298.61469753882,296.305564350203,1.2705542023348,116.279758519933
"India",100,0.08,FALSE,TRUE,50,"BEBCS",-115.924270041032,5.23250152370497,-44.4252447894165,NA,98.6717286943114,131.537964686904,31.0390559743725,66.1403158005203,0,1.06481307393424,106.481307393424,0.75264329023612,28.9184964033034,28.3911836597616,238.22630115521,192.478900697114,2.00237063269184,116.279758519933
"US",150,0.08,FALSE,TRUE,50,"BEBCS",-160.946154562987,3.5614985036247,-68.7283010029306,NA,199.98946647775,131.537964686904,31.0390559743725,130.058419971662,0,0.950260521288951,142.539078193343,0.75264329023612,39.8632710883662,31.7097358904016,336.170327600407,306.890827940538,1.55206954186722,116.279758519933
"China",150,0.08,FALSE,TRUE,50,"BEBCS",-85.6717199448346,30.8083530706788,-2.83416043082213,NA,117.182354530696,131.537964686904,31.0390559743725,57.577353179606,0,1.02032355428861,153.048533143294,0.75264329023612,24.2046224506701,27.7281002395882,240.976201607759,212.501696067308,1.60169147738429,116.279758519933
"Europe",150,0.08,FALSE,TRUE,50,"BEBCS",-153.798655478195,50.9106992244564,-56.204126348525,NA,105.932243283908,131.537964686904,31.0390559743725,80.9058364925947,0,0.813792018718585,122.068802807787,0.75264329023612,45.6160700755379,10.5321630131486,298.61469753882,296.305564350203,1.2705542023348,116.279758519933
"India",150,0.08,FALSE,TRUE,50,"BEBCS",-64.3281938431559,58.4321328490633,8.78655575429428,NA,98.6717286943114,131.537964686904,31.0390559743725,66.1403158005203,0,1.06481307393424,159.721961090136,0.75264329023612,28.9184964033034,28.3911836597616,238.22630115521,192.478900697114,2.00237063269184,116.279758519933
"US",200,0.08,FALSE,TRUE,50,"BEBCS",-120.303557220565,63.0936450164745,-21.0372781917686,NA,199.98946647775,131.537964686904,31.0390559743725,130.058419971662,0,0.950260521288951,190.05210425779,0.75264329023612,39.8632710883662,31.7097358904016,336.170327600407,306.890827940538,1.55206954186722,116.279758519933
"China",200,0.08,FALSE,TRUE,50,"BEBCS",-32.896739334855,83.623256093089,47.256769350943,NA,117.182354530696,131.537964686904,31.0390559743725,57.577353179606,0,1.02032355428861,204.064710857726,0.75264329023612,24.2046224506701,27.7281002395882,240.976201607759,212.501696067308,1.60169147738429,116.279758519933
"Europe",200,0.08,FALSE,TRUE,50,"BEBCS",-116.606390191758,119.779064700883,-15.3152124006969,NA,105.932243283908,131.537964686904,31.0390559743725,80.9058364925947,0,0.813792018718585,162.758403743717,0.75264329023612,45.6160700755379,10.5321630131486,298.61469753882,296.305564350203,1.2705542023348,116.279758519933
"India",200,0.08,FALSE,TRUE,50,"BEBCS",-12.7321176452796,111.631764174422,61.9983562980051,NA,98.6717286943114,131.537964686904,31.0390559743725,66.1403158005203,0,1.06481307393424,212.962614786848,0.75264329023612,28.9184964033034,28.3911836597616,238.22630115521,192.478900697114,2.00237063269184,116.279758519933
"US",0,0.15,FALSE,TRUE,50,"BEBCS",-375.364870364194,-232.176049862997,-304.506197340184,NA,199.98946647775,214.860192386508,32.7099044135967,130.058419971662,0,0.950260521288951,0,0.75264329023612,39.8632710883662,24.3229542708079,458.880547596766,397.325880209537,1.55206954186722,116.279758519933
"China",0,0.15,FALSE,TRUE,50,"BEBCS",-329.367168726068,-210.421335206856,-245.215146497037,NA,117.182354530696,214.860192386508,32.7099044135967,57.577353179606,0,1.02032355428861,0,0.75264329023612,24.2046224506701,21.2841707841932,362.472933446397,295.991077668967,1.60169147738429,116.279758519933
"Europe",0,0.15,FALSE,TRUE,50,"BEBCS",-351.485349986102,-222.182383577969,-265.915836412467,NA,105.932243283908,214.860192386508,32.7099044135967,80.9058364925947,0,0.813792018718585,0,0.75264329023612,45.6160700755379,8.52474351637191,414.223287711673,401.91829345099,1.2705542023348,116.279758519933
"India",0,0.15,FALSE,TRUE,50,"BEBCS",-311.13576592431,-202.431073313928,-241.452530402238,NA,98.6717286943114,214.860192386508,32.7099044135967,66.1403158005203,0,1.06481307393424,0,0.75264329023612,28.9184964033034,21.7012106043977,360.043662883573,272.3352512301,2.00237063269184,116.279758519933
"US",50,0.15,FALSE,TRUE,50,"BEBCS",-327.224425386661,-192.234399755397,-256.815174529021,NA,199.98946647775,214.860192386508,32.7099044135967,130.058419971662,0,0.950260521288951,47.5130260644476,0.75264329023612,39.8632710883662,24.3229542708079,458.880547596766,397.325880209537,1.55206954186722,116.279758519933
"China",50,0.15,FALSE,TRUE,50,"BEBCS",-276.592188116088,-164.164444573048,-195.124216715271,NA,117.182354530696,214.860192386508,32.7099044135967,57.577353179606,0,1.02032355428861,51.0161777144316,0.75264329023612,24.2046224506701,21.2841707841932,362.472933446397,295.991077668967,1.60169147738429,116.279758519933
"Europe",50,0.15,FALSE,TRUE,50,"BEBCS",-313.221080907243,-166.071332218735,-225.02692246464,NA,105.932243283908,214.860192386508,32.7099044135967,80.9058364925947,0,0.813792018718585,40.6896009359291,0.75264329023612,45.6160700755379,8.52474351637191,414.223287711673,401.91829345099,1.2705542023348,116.279758519933
"India",50,0.15,FALSE,TRUE,50,"BEBCS",-259.539689726434,-149.301822852019,-188.240729858528,NA,98.6717286943114,214.860192386508,32.7099044135967,66.1403158005203,0,1.06481307393424,53.2406536967121,0.75264329023612,28.9184964033034,21.7012106043977,360.043662883573,272.3352512301,2.00237063269184,116.279758519933
"US",100,0.15,FALSE,TRUE,50,"BEBCS",-286.581828044238,-148.578751686701,-209.12415171786,NA,199.98946647775,214.860192386508,32.7099044135967,130.058419971662,0,0.950260521288951,95.0260521288951,0.75264329023612,39.8632710883662,24.3229542708079,458.880547596766,397.325880209537,1.55206954186722,116.279758519933
"China",100,0.15,FALSE,TRUE,50,"BEBCS",-223.817207506108,-117.90755393924,-145.033286933508,NA,117.182354530696,214.860192386508,32.7099044135967,57.577353179606,0,1.02032355428861,102.032355428863,0.75264329023612,24.2046224506701,21.2841707841932,362.472933446397,295.991077668967,1.60169147738429,116.279758519933
"Europe",100,0.15,FALSE,TRUE,50,"BEBCS",-275.983996903462,-109.93863812967,-184.138008516812,NA,105.932243283908,214.860192386508,32.7099044135967,80.9058364925947,0,0.813792018718585,81.3792018718583,0.75264329023612,45.6160700755379,8.52474351637191,414.223287711673,401.91829345099,1.2705542023348,116.279758519933
"India",100,0.15,FALSE,TRUE,50,"BEBCS",-207.943613528558,-96.1725723901097,-135.028929314818,NA,98.6717286943114,214.860192386508,32.7099044135967,66.1403158005203,0,1.06481307393424,106.481307393424,0.75264329023612,28.9184964033034,21.7012106043977,360.043662883573,272.3352512301,2.00237063269184,116.279758519933
"US",150,0.15,FALSE,TRUE,50,"BEBCS",-245.939230701816,-95.833569595316,-161.433128906697,NA,199.98946647775,214.860192386508,32.7099044135967,130.058419971662,0,0.950260521288951,142.539078193343,0.75264329023612,39.8632710883662,24.3229542708079,458.880547596766,397.325880209537,1.55206954186722,116.279758519933
"China",150,0.15,FALSE,TRUE,50,"BEBCS",-171.042226896129,-68.2832391746055,-94.9423571517405,NA,117.182354530696,214.860192386508,32.7099044135967,57.577353179606,0,1.02032355428861,153.048533143294,0.75264329023612,24.2046224506701,21.2841707841932,362.472933446397,295.991077668967,1.60169147738429,116.279758519933
"Europe",150,0.15,FALSE,TRUE,50,"BEBCS",-238.791731617024,-41.0702726532426,-143.249094568985,NA,105.932243283908,214.860192386508,32.7099044135967,80.9058364925947,0,0.813792018718585,122.068802807787,0.75264329023612,45.6160700755379,8.52474351637191,414.223287711673,401.91829345099,1.2705542023348,116.279758519933
"India",150,0.15,FALSE,TRUE,50,"BEBCS",-156.347537330681,-43.0433219282007,-81.8171287711073,NA,98.6717286943114,214.860192386508,32.7099044135967,66.1403158005203,0,1.06481307393424,159.721961090136,0.75264329023612,28.9184964033034,21.7012106043977,360.043662883573,272.3352512301,2.00237063269184,116.279758519933
"US",200,0.15,FALSE,TRUE,50,"BEBCS",-205.296633359394,-36.3014230824662,-113.742106095535,NA,199.98946647775,214.860192386508,32.7099044135967,130.058419971662,0,0.950260521288951,190.05210425779,0.75264329023612,39.8632710883662,24.3229542708079,458.880547596766,397.325880209537,1.55206954186722,116.279758519933
"China",200,0.15,FALSE,TRUE,50,"BEBCS",-118.267246286149,-15.6602319554818,-44.8514273699763,NA,117.182354530696,214.860192386508,32.7099044135967,57.577353179606,0,1.02032355428861,204.064710857726,0.75264329023612,24.2046224506701,21.2841707841932,362.472933446397,295.991077668967,1.60169147738429,116.279758519933
"Europe",200,0.15,FALSE,TRUE,50,"BEBCS",-201.599466330587,28.6392908658298,-102.360180621159,NA,105.932243283908,214.860192386508,32.7099044135967,80.9058364925947,0,0.813792018718585,162.758403743717,0.75264329023612,45.6160700755379,8.52474351637191,414.223287711673,401.91829345099,1.2705542023348,116.279758519933
"India",200,0.15,FALSE,TRUE,50,"BEBCS",-104.751461132805,10.0859285337083,-28.6053282273964,NA,98.6717286943114,214.860192386508,32.7099044135967,66.1403158005203,0,1.06481307393424,212.962614786848,0.75264329023612,28.9184964033034,21.7012106043977,360.043662883573,272.3352512301,2.00237063269184,116.279758519933
"US",0,0.02,TRUE,FALSE,50,"BEBCS",-230.935998660364,-52.9823778173088,-142.003809930831,NA,199.98946647775,73.2650919233,29.8761331729751,130.058419971662,0,0.950260521288951,0,0.75264329023612,39.8632710883662,41.6348592289012,244.054661067645,243.649449668842,1.55206954186722,116.279758519933
"China",0,0.02,TRUE,FALSE,50,"BEBCS",-184.053737725626,-25.058710081983,-84.1110435997212,NA,117.182354530696,73.2650919233,29.8761331729751,57.577353179606,0,1.02032355428861,0,0.75264329023612,24.2046224506701,36.3863763228618,150.491017774422,154.117436523399,1.60169147738429,116.279758519933
"Europe",0,0.02,TRUE,FALSE,50,"BEBCS",-207.056478282272,-37.5188982490977,-116.678082771851,NA,105.932243283908,73.2650919233,29.8761331729751,80.9058364925947,0,0.813792018718585,0,0.75264329023612,45.6160700755379,13.2293980369599,216.041014989407,222.450412130005,1.2705542023348,116.279758519933
"India",0,0.02,TRUE,FALSE,50,"BEBCS",-160.612585437065,-15.3858586119737,-83.8744518925967,NA,98.6717286943114,73.2650919233,29.8761331729751,66.1403158005203,0,1.06481307393424,0,0.75264329023612,28.9184964033034,37.3800520364314,147.310308430344,136.635225653596,2.00237063269184,116.279758519933
"US",50,0.02,TRUE,FALSE,50,"BEBCS",-182.795553682831,-8.06912656709724,-94.312787119668,NA,199.98946647775,73.2650919233,29.8761331729751,130.058419971662,0,0.950260521288951,47.5130260644476,0.75264329023612,39.8632710883662,41.6348592289012,244.054661067645,243.649449668842,1.55206954186722,116.279758519933
"China",50,0.02,TRUE,FALSE,50,"BEBCS",-131.278757115646,21.1981805518253,-34.0201138179562,NA,117.182354530696,73.2650919233,29.8761331729751,57.577353179606,0,1.02032355428861,51.0161777144316,0.75264329023612,24.2046224506701,36.3863763228618,150.491017774422,154.117436523399,1.60169147738429,116.279758519933
"Europe",50,0.02,TRUE,FALSE,50,"BEBCS",-168.792209203413,18.5921531101355,-75.7891688240225,NA,105.932243283908,73.2650919233,29.8761331729751,80.9058364925947,0,0.813792018718585,40.6896009359291,0.75264329023612,45.6160700755379,13.2293980369599,216.041014989407,222.450412130005,1.2705542023348,116.279758519933
"India",50,0.02,TRUE,FALSE,50,"BEBCS",-99.3380970649489,37.0068517502536,-30.6626513488856,NA,98.6717286943114,73.2650919233,29.8761331729751,66.1403158005203,0,1.06481307393424,53.2406536967121,0.75264329023612,28.9184964033034,37.3800520364314,147.310308430344,136.635225653596,2.00237063269184,116.279758519933
"US",100,0.02,TRUE,FALSE,50,"BEBCS",-142.152956340409,36.8441246831143,-46.6217643085063,NA,199.98946647775,73.2650919233,29.8761331729751,130.058419971662,0,0.950260521288951,95.0260521288951,0.75264329023612,39.8632710883662,41.6348592289012,244.054661067645,243.649449668842,1.55206954186722,116.279758519933
"China",100,0.02,TRUE,FALSE,50,"BEBCS",-78.5037765056667,67.4550711856336,16.0708159638093,NA,117.182354530696,73.2650919233,29.8761331729751,57.577353179606,0,1.02032355428861,102.032355428863,0.75264329023612,24.2046224506701,36.3863763228618,150.491017774422,154.117436523399,1.60169147738429,116.279758519933
"Europe",100,0.02,TRUE,FALSE,50,"BEBCS",-131.555125199632,74.7032044693687,-34.9002548761947,NA,105.932243283908,73.2650919233,29.8761331729751,80.9058364925947,0,0.813792018718585,81.3792018718583,0.75264329023612,45.6160700755379,13.2293980369599,216.041014989407,222.450412130005,1.2705542023348,116.279758519933
"India",100,0.02,TRUE,FALSE,50,"BEBCS",-47.0477499986617,89.3995621124809,22.5491491948252,NA,98.6717286943114,73.2650919233,29.8761331729751,66.1403158005203,0,1.06481307393424,106.481307393424,0.75264329023612,28.9184964033034,37.3800520364314,147.310308430344,136.635225653596,2.00237063269184,116.279758519933
"US",150,0.02,TRUE,FALSE,50,"BEBCS",-101.510358997986,82.3482853237378,1.06925850265616,NA,199.98946647775,73.2650919233,29.8761331729751,130.058419971662,0,0.950260521288951,142.539078193343,0.75264329023612,39.8632710883662,41.6348592289012,244.054661067645,243.649449668842,1.55206954186722,116.279758519933
"China",150,0.02,TRUE,FALSE,50,"BEBCS",-25.7287958956871,113.711961819442,66.1617457455746,NA,117.182354530696,73.2650919233,29.8761331729751,57.577353179606,0,1.02032355428861,153.048533143294,0.75264329023612,24.2046224506701,36.3863763228618,150.491017774422,154.117436523399,1.60169147738429,116.279758519933
"Europe",150,0.02,TRUE,FALSE,50,"BEBCS",-94.3628599131944,130.814255828602,5.98865907163273,NA,105.932243283908,73.2650919233,29.8761331729751,80.9058364925947,0,0.813792018718585,122.068802807787,0.75264329023612,45.6160700755379,13.2293980369599,216.041014989407,222.450412130005,1.2705542023348,116.279758519933
"India",150,0.02,TRUE,FALSE,50,"BEBCS",4.54832619921453,141.792272474708,75.7609497385359,NA,98.6717286943114,73.2650919233,29.8761331729751,66.1403158005203,0,1.06481307393424,159.721961090136,0.75264329023612,28.9184964033034,37.3800520364314,147.310308430344,136.635225653596,2.00237063269184,116.279758519933
"US",200,0.02,TRUE,FALSE,50,"BEBCS",-60.8677616555639,141.880431836588,48.7602813138185,NA,199.98946647775,73.2650919233,29.8761331729751,130.058419971662,0,0.950260521288951,190.05210425779,0.75264329023612,39.8632710883662,41.6348592289012,244.054661067645,243.649449668842,1.55206954186722,116.279758519933
"China",200,0.02,TRUE,FALSE,50,"BEBCS",27.0461847142924,165.248568415843,116.252675527339,NA,117.182354530696,73.2650919233,29.8761331729751,57.577353179606,0,1.02032355428861,204.064710857726,0.75264329023612,24.2046224506701,36.3863763228618,150.491017774422,154.117436523399,1.60169147738429,116.279758519933
"Europe",200,0.02,TRUE,FALSE,50,"BEBCS",-57.170594626757,188.604027383115,46.8775730194601,NA,105.932243283908,73.2650919233,29.8761331729751,80.9058364925947,0,0.813792018718585,162.758403743717,0.75264329023612,45.6160700755379,13.2293980369599,216.041014989407,222.450412130005,1.2705542023348,116.279758519933
"India",200,0.02,TRUE,FALSE,50,"BEBCS",56.1444023970908,194.226750754242,128.972750282247,NA,98.6717286943114,73.2650919233,29.8761331729751,66.1403158005203,0,1.06481307393424,212.962614786848,0.75264329023612,28.9184964033034,37.3800520364314,147.310308430344,136.635225653596,2.00237063269184,116.279758519933
"US",0,0.08,TRUE,FALSE,50,"BEBCS",-290.371794225365,-133.470288389423,-211.801369436418,NA,199.98946647775,131.537964686904,31.0390559743725,130.058419971662,0,0.950260521288951,0,0.75264329023612,39.8632710883662,31.7097358904016,336.170327600407,306.890827940538,1.55206954186722,116.279758519933
"China",0,0.08,TRUE,FALSE,50,"BEBCS",-243.996661774773,-107.962318830746,-153.106949776117,NA,117.182354530696,131.537964686904,31.0390559743725,57.577353179606,0,1.02032355428861,0,0.75264329023612,24.2046224506701,27.7281002395882,240.976201607759,212.501696067308,1.60169147738429,116.279758519933
"Europe",0,0.08,TRUE,FALSE,50,"BEBCS",-266.492273847273,-120.021681743622,-178.870868192008,NA,105.932243283908,131.537964686904,31.0390559743725,80.9058364925947,0,0.813792018718585,0,0.75264329023612,45.6160700755379,10.5321630131486,298.61469753882,296.305564350203,1.2705542023348,116.279758519933
"India",0,0.08,TRUE,FALSE,50,"BEBCS",-220.048381002066,-101.127025601518,-150.848845876837,NA,98.6717286943114,131.537964686904,31.0390559743725,66.1403158005203,0,1.06481307393424,0,0.75264329023612,28.9184964033034,28.3911836597616,238.22630115521,192.478900697114,2.00237063269184,116.279758519933
"US",50,0.08,TRUE,FALSE,50,"BEBCS",-242.231349247832,-91.0072780792819,-164.110346625256,NA,199.98946647775,131.537964686904,31.0390559743725,130.058419971662,0,0.950260521288951,47.5130260644476,0.75264329023612,39.8632710883662,31.7097358904016,336.170327600407,306.890827940538,1.55206954186722,116.279758519933
"China",50,0.08,TRUE,FALSE,50,"BEBCS",-191.221681164794,-61.7054281969378,-103.016019994352,NA,117.182354530696,131.537964686904,31.0390559743725,57.577353179606,0,1.02032355428861,51.0161777144316,0.75264329023612,24.2046224506701,27.7281002395882,240.976201607759,212.501696067308,1.60169147738429,116.279758519933
"Europe",50,0.08,TRUE,FALSE,50,"BEBCS",-228.228004768413,-63.9106303843891,-137.981954244179,NA,105.932243283908,131.537964686904,31.0390559743725,80.9058364925947,0,0.813792018718585,40.6896009359291,0.75264329023612,45.6160700755379,10.5321630131486,298.61469753882,296.305564350203,1.2705542023348,116.279758519933
"India",50,0.08,TRUE,FALSE,50,"BEBCS",-167.520346238908,-47.9671298016534,-97.6370453331267,NA,98.6717286943114,131.537964686904,31.0390559743725,66.1403158005203,0,1.06481307393424,53.2406536967121,0.75264329023612,28.9184964033034,28.3911836597616,238.22630115521,192.478900697114,2.00237063269184,116.279758519933
"US",100,0.08,TRUE,FALSE,50,"BEBCS",-201.588751905409,-46.0940268290703,-116.419323814093,NA,199.98946647775,131.537964686904,31.0390559743725,130.058419971662,0,0.950260521288951,95.0260521288951,0.75264329023612,39.8632710883662,31.7097358904016,336.170327600407,306.890827940538,1.55206954186722,116.279758519933
"China",100,0.08,TRUE,FALSE,50,"BEBCS",-138.446700554814,-15.4485375631295,-52.9250902125869,NA,117.182354530696,131.537964686904,31.0390559743725,57.577353179606,0,1.02032355428861,102.032355428863,0.75264329023612,24.2046224506701,27.7281002395882,240.976201607759,212.501696067308,1.60169147738429,116.279758519933
"Europe",100,0.08,TRUE,FALSE,50,"BEBCS",-190.990920764633,-7.79957902515594,-97.0930402963524,NA,105.932243283908,131.537964686904,31.0390559743725,80.9058364925947,0,0.813792018718585,81.3792018718583,0.75264329023612,45.6160700755379,10.5321630131486,298.61469753882,296.305564350203,1.2705542023348,116.279758519933
"India",100,0.08,TRUE,FALSE,50,"BEBCS",-115.924270041032,5.23250152370497,-44.4252447894165,NA,98.6717286943114,131.537964686904,31.0390559743725,66.1403158005203,0,1.06481307393424,106.481307393424,0.75264329023612,28.9184964033034,28.3911836597616,238.22630115521,192.478900697114,2.00237063269184,116.279758519933
"US",150,0.08,TRUE,FALSE,50,"BEBCS",-160.946154562987,3.5614985036247,-68.7283010029306,NA,199.98946647775,131.537964686904,31.0390559743725,130.058419971662,0,0.950260521288951,142.539078193343,0.75264329023612,39.8632710883662,31.7097358904016,336.170327600407,306.890827940538,1.55206954186722,116.279758519933
"China",150,0.08,TRUE,FALSE,50,"BEBCS",-85.6717199448346,30.8083530706788,-2.83416043082213,NA,117.182354530696,131.537964686904,31.0390559743725,57.577353179606,0,1.02032355428861,153.048533143294,0.75264329023612,24.2046224506701,27.7281002395882,240.976201607759,212.501696067308,1.60169147738429,116.279758519933
"Europe",150,0.08,TRUE,FALSE,50,"BEBCS",-153.798655478195,50.9106992244564,-56.204126348525,NA,105.932243283908,131.537964686904,31.0390559743725,80.9058364925947,0,0.813792018718585,122.068802807787,0.75264329023612,45.6160700755379,10.5321630131486,298.61469753882,296.305564350203,1.2705542023348,116.279758519933
"India",150,0.08,TRUE,FALSE,50,"BEBCS",-64.3281938431559,58.4321328490633,8.78655575429428,NA,98.6717286943114,131.537964686904,31.0390559743725,66.1403158005203,0,1.06481307393424,159.721961090136,0.75264329023612,28.9184964033034,28.3911836597616,238.22630115521,192.478900697114,2.00237063269184,116.279758519933
"US",200,0.08,TRUE,FALSE,50,"BEBCS",-120.303557220565,63.0936450164745,-21.0372781917686,NA,199.98946647775,131.537964686904,31.0390559743725,130.058419971662,0,0.950260521288951,190.05210425779,0.75264329023612,39.8632710883662,31.7097358904016,336.170327600407,306.890827940538,1.55206954186722,116.279758519933
"China",200,0.08,TRUE,FALSE,50,"BEBCS",-32.896739334855,83.623256093089,47.256769350943,NA,117.182354530696,131.537964686904,31.0390559743725,57.577353179606,0,1.02032355428861,204.064710857726,0.75264329023612,24.2046224506701,27.7281002395882,240.976201607759,212.501696067308,1.60169147738429,116.279758519933
"Europe",200,0.08,TRUE,FALSE,50,"BEBCS",-116.606390191758,119.779064700883,-15.3152124006969,NA,105.932243283908,131.537964686904,31.0390559743725,80.9058364925947,0,0.813792018718585,162.758403743717,0.75264329023612,45.6160700755379,10.5321630131486,298.61469753882,296.305564350203,1.2705542023348,116.279758519933
"India",200,0.08,TRUE,FALSE,50,"BEBCS",-12.7321176452796,111.631764174422,61.9983562980051,NA,98.6717286943114,131.537964686904,31.0390559743725,66.1403158005203,0,1.06481307393424,212.962614786848,0.75264329023612,28.9184964033034,28.3911836597616,238.22630115521,192.478900697114,2.00237063269184,116.279758519933
"US",0,0.15,TRUE,FALSE,50,"BEBCS",-375.364870364194,-232.176049862997,-304.506197340184,NA,199.98946647775,214.860192386508,32.7099044135967,130.058419971662,0,0.950260521288951,0,0.75264329023612,39.8632710883662,24.3229542708079,458.880547596766,397.325880209537,1.55206954186722,116.279758519933
"China",0,0.15,TRUE,FALSE,50,"BEBCS",-329.367168726068,-210.421335206856,-245.215146497037,NA,117.182354530696,214.860192386508,32.7099044135967,57.577353179606,0,1.02032355428861,0,0.75264329023612,24.2046224506701,21.2841707841932,362.472933446397,295.991077668967,1.60169147738429,116.279758519933
"Europe",0,0.15,TRUE,FALSE,50,"BEBCS",-351.485349986102,-222.182383577969,-265.915836412467,NA,105.932243283908,214.860192386508,32.7099044135967,80.9058364925947,0,0.813792018718585,0,0.75264329023612,45.6160700755379,8.52474351637191,414.223287711673,401.91829345099,1.2705542023348,116.279758519933
"India",0,0.15,TRUE,FALSE,50,"BEBCS",-311.13576592431,-202.431073313928,-241.452530402238,NA,98.6717286943114,214.860192386508,32.7099044135967,66.1403158005203,0,1.06481307393424,0,0.75264329023612,28.9184964033034,21.7012106043977,360.043662883573,272.3352512301,2.00237063269184,116.279758519933
"US",50,0.15,TRUE,FALSE,50,"BEBCS",-327.224425386661,-192.234399755397,-256.815174529021,NA,199.98946647775,214.860192386508,32.7099044135967,130.058419971662,0,0.950260521288951,47.5130260644476,0.75264329023612,39.8632710883662,24.3229542708079,458.880547596766,397.325880209537,1.55206954186722,116.279758519933
"China",50,0.15,TRUE,FALSE,50,"BEBCS",-276.592188116088,-164.164444573048,-195.124216715271,NA,117.182354530696,214.860192386508,32.7099044135967,57.577353179606,0,1.02032355428861,51.0161777144316,0.75264329023612,24.2046224506701,21.2841707841932,362.472933446397,295.991077668967,1.60169147738429,116.279758519933
"Europe",50,0.15,TRUE,FALSE,50,"BEBCS",-313.221080907243,-166.071332218735,-225.02692246464,NA,105.932243283908,214.860192386508,32.7099044135967,80.9058364925947,0,0.813792018718585,40.6896009359291,0.75264329023612,45.6160700755379,8.52474351637191,414.223287711673,401.91829345099,1.2705542023348,116.279758519933
"India",50,0.15,TRUE,FALSE,50,"BEBCS",-259.539689726434,-149.301822852019,-188.240729858528,NA,98.6717286943114,214.860192386508,32.7099044135967,66.1403158005203,0,1.06481307393424,53.2406536967121,0.75264329023612,28.9184964033034,21.7012106043977,360.043662883573,272.3352512301,2.00237063269184,116.279758519933
"US",100,0.15,TRUE,FALSE,50,"BEBCS",-286.581828044238,-148.578751686701,-209.12415171786,NA,199.98946647775,214.860192386508,32.7099044135967,130.058419971662,0,0.950260521288951,95.0260521288951,0.75264329023612,39.8632710883662,24.3229542708079,458.880547596766,397.325880209537,1.55206954186722,116.279758519933
"China",100,0.15,TRUE,FALSE,50,"BEBCS",-223.817207506108,-117.90755393924,-145.033286933508,NA,117.182354530696,214.860192386508,32.7099044135967,57.577353179606,0,1.02032355428861,102.032355428863,0.75264329023612,24.2046224506701,21.2841707841932,362.472933446397,295.991077668967,1.60169147738429,116.279758519933
"Europe",100,0.15,TRUE,FALSE,50,"BEBCS",-275.983996903462,-109.93863812967,-184.138008516812,NA,105.932243283908,214.860192386508,32.7099044135967,80.9058364925947,0,0.813792018718585,81.3792018718583,0.75264329023612,45.6160700755379,8.52474351637191,414.223287711673,401.91829345099,1.2705542023348,116.279758519933
"India",100,0.15,TRUE,FALSE,50,"BEBCS",-207.943613528558,-96.1725723901097,-135.028929314818,NA,98.6717286943114,214.860192386508,32.7099044135967,66.1403158005203,0,1.06481307393424,106.481307393424,0.75264329023612,28.9184964033034,21.7012106043977,360.043662883573,272.3352512301,2.00237063269184,116.279758519933
"US",150,0.15,TRUE,FALSE,50,"BEBCS",-245.939230701816,-95.833569595316,-161.433128906697,NA,199.98946647775,214.860192386508,32.7099044135967,130.058419971662,0,0.950260521288951,142.539078193343,0.75264329023612,39.8632710883662,24.3229542708079,458.880547596766,397.325880209537,1.55206954186722,116.279758519933
"China",150,0.15,TRUE,FALSE,50,"BEBCS",-171.042226896129,-68.2832391746055,-94.9423571517405,NA,117.182354530696,214.860192386508,32.7099044135967,57.577353179606,0,1.02032355428861,153.048533143294,0.75264329023612,24.2046224506701,21.2841707841932,362.472933446397,295.991077668967,1.60169147738429,116.279758519933
"Europe",150,0.15,TRUE,FALSE,50,"BEBCS",-238.791731617024,-41.0702726532426,-143.249094568985,NA,105.932243283908,214.860192386508,32.7099044135967,80.9058364925947,0,0.813792018718585,122.068802807787,0.75264329023612,45.6160700755379,8.52474351637191,414.223287711673,401.91829345099,1.2705542023348,116.279758519933
"India",150,0.15,TRUE,FALSE,50,"BEBCS",-156.347537330681,-43.0433219282007,-81.8171287711073,NA,98.6717286943114,214.860192386508,32.7099044135967,66.1403158005203,0,1.06481307393424,159.721961090136,0.75264329023612,28.9184964033034,21.7012106043977,360.043662883573,272.3352512301,2.00237063269184,116.279758519933
"US",200,0.15,TRUE,FALSE,50,"BEBCS",-205.296633359394,-36.3014230824662,-113.742106095535,NA,199.98946647775,214.860192386508,32.7099044135967,130.058419971662,0,0.950260521288951,190.05210425779,0.75264329023612,39.8632710883662,24.3229542708079,458.880547596766,397.325880209537,1.55206954186722,116.279758519933
"China",200,0.15,TRUE,FALSE,50,"BEBCS",-118.267246286149,-15.6602319554818,-44.8514273699763,NA,117.182354530696,214.860192386508,32.7099044135967,57.577353179606,0,1.02032355428861,204.064710857726,0.75264329023612,24.2046224506701,21.2841707841932,362.472933446397,295.991077668967,1.60169147738429,116.279758519933
"Europe",200,0.15,TRUE,FALSE,50,"BEBCS",-201.599466330587,28.6392908658298,-102.360180621159,NA,105.932243283908,214.860192386508,32.7099044135967,80.9058364925947,0,0.813792018718585,162.758403743717,0.75264329023612,45.6160700755379,8.52474351637191,414.223287711673,401.91829345099,1.2705542023348,116.279758519933
"India",200,0.15,TRUE,FALSE,50,"BEBCS",-104.751461132805,10.0859285337083,-28.6053282273964,NA,98.6717286943114,214.860192386508,32.7099044135967,66.1403158005203,0,1.06481307393424,212.962614786848,0.75264329023612,28.9184964033034,21.7012106043977,360.043662883573,272.3352512301,2.00237063269184,116.279758519933
"US",0,0.02,FALSE,FALSE,50,"BEBCS",-230.935998660364,-52.9823778173088,-142.003809930831,NA,199.98946647775,73.2650919233,29.8761331729751,130.058419971662,0,0.950260521288951,0,0.75264329023612,39.8632710883662,41.6348592289012,244.054661067645,243.649449668842,1.55206954186722,116.279758519933
"China",0,0.02,FALSE,FALSE,50,"BEBCS",-184.053737725626,-25.058710081983,-84.1110435997212,NA,117.182354530696,73.2650919233,29.8761331729751,57.577353179606,0,1.02032355428861,0,0.75264329023612,24.2046224506701,36.3863763228618,150.491017774422,154.117436523399,1.60169147738429,116.279758519933
"Europe",0,0.02,FALSE,FALSE,50,"BEBCS",-207.056478282272,-37.5188982490977,-116.678082771851,NA,105.932243283908,73.2650919233,29.8761331729751,80.9058364925947,0,0.813792018718585,0,0.75264329023612,45.6160700755379,13.2293980369599,216.041014989407,222.450412130005,1.2705542023348,116.279758519933
"India",0,0.02,FALSE,FALSE,50,"BEBCS",-160.612585437065,-15.3858586119737,-83.8744518925967,NA,98.6717286943114,73.2650919233,29.8761331729751,66.1403158005203,0,1.06481307393424,0,0.75264329023612,28.9184964033034,37.3800520364314,147.310308430344,136.635225653596,2.00237063269184,116.279758519933
"US",50,0.02,FALSE,FALSE,50,"BEBCS",-182.795553682831,-8.06912656709724,-94.312787119668,NA,199.98946647775,73.2650919233,29.8761331729751,130.058419971662,0,0.950260521288951,47.5130260644476,0.75264329023612,39.8632710883662,41.6348592289012,244.054661067645,243.649449668842,1.55206954186722,116.279758519933
"China",50,0.02,FALSE,FALSE,50,"BEBCS",-131.278757115646,21.1981805518253,-34.0201138179562,NA,117.182354530696,73.2650919233,29.8761331729751,57.577353179606,0,1.02032355428861,51.0161777144316,0.75264329023612,24.2046224506701,36.3863763228618,150.491017774422,154.117436523399,1.60169147738429,116.279758519933
"Europe",50,0.02,FALSE,FALSE,50,"BEBCS",-168.792209203413,18.5921531101355,-75.7891688240225,NA,105.932243283908,73.2650919233,29.8761331729751,80.9058364925947,0,0.813792018718585,40.6896009359291,0.75264329023612,45.6160700755379,13.2293980369599,216.041014989407,222.450412130005,1.2705542023348,116.279758519933
"India",50,0.02,FALSE,FALSE,50,"BEBCS",-99.3380970649489,37.0068517502536,-30.6626513488856,NA,98.6717286943114,73.2650919233,29.8761331729751,66.1403158005203,0,1.06481307393424,53.2406536967121,0.75264329023612,28.9184964033034,37.3800520364314,147.310308430344,136.635225653596,2.00237063269184,116.279758519933
"US",100,0.02,FALSE,FALSE,50,"BEBCS",-142.152956340409,36.8441246831143,-46.6217643085063,NA,199.98946647775,73.2650919233,29.8761331729751,130.058419971662,0,0.950260521288951,95.0260521288951,0.75264329023612,39.8632710883662,41.6348592289012,244.054661067645,243.649449668842,1.55206954186722,116.279758519933
"China",100,0.02,FALSE,FALSE,50,"BEBCS",-78.5037765056667,67.4550711856336,16.0708159638093,NA,117.182354530696,73.2650919233,29.8761331729751,57.577353179606,0,1.02032355428861,102.032355428863,0.75264329023612,24.2046224506701,36.3863763228618,150.491017774422,154.117436523399,1.60169147738429,116.279758519933
"Europe",100,0.02,FALSE,FALSE,50,"BEBCS",-131.555125199632,74.7032044693687,-34.9002548761947,NA,105.932243283908,73.2650919233,29.8761331729751,80.9058364925947,0,0.813792018718585,81.3792018718583,0.75264329023612,45.6160700755379,13.2293980369599,216.041014989407,222.450412130005,1.2705542023348,116.279758519933
"India",100,0.02,FALSE,FALSE,50,"BEBCS",-47.0477499986617,89.3995621124809,22.5491491948252,NA,98.6717286943114,73.2650919233,29.8761331729751,66.1403158005203,0,1.06481307393424,106.481307393424,0.75264329023612,28.9184964033034,37.3800520364314,147.310308430344,136.635225653596,2.00237063269184,116.279758519933
"US",150,0.02,FALSE,FALSE,50,"BEBCS",-101.510358997986,82.3482853237378,1.06925850265616,NA,199.98946647775,73.2650919233,29.8761331729751,130.058419971662,0,0.950260521288951,142.539078193343,0.75264329023612,39.8632710883662,41.6348592289012,244.054661067645,243.649449668842,1.55206954186722,116.279758519933
"China",150,0.02,FALSE,FALSE,50,"BEBCS",-25.7287958956871,113.711961819442,66.1617457455746,NA,117.182354530696,73.2650919233,29.8761331729751,57.577353179606,0,1.02032355428861,153.048533143294,0.75264329023612,24.2046224506701,36.3863763228618,150.491017774422,154.117436523399,1.60169147738429,116.279758519933
"Europe",150,0.02,FALSE,FALSE,50,"BEBCS",-94.3628599131944,130.814255828602,5.98865907163273,NA,105.932243283908,73.2650919233,29.8761331729751,80.9058364925947,0,0.813792018718585,122.068802807787,0.75264329023612,45.6160700755379,13.2293980369599,216.041014989407,222.450412130005,1.2705542023348,116.279758519933
"India",150,0.02,FALSE,FALSE,50,"BEBCS",4.54832619921453,141.792272474708,75.7609497385359,NA,98.6717286943114,73.2650919233,29.8761331729751,66.1403158005203,0,1.06481307393424,159.721961090136,0.75264329023612,28.9184964033034,37.3800520364314,147.310308430344,136.635225653596,2.00237063269184,116.279758519933
"US",200,0.02,FALSE,FALSE,50,"BEBCS",-60.8677616555639,141.880431836588,48.7602813138185,NA,199.98946647775,73.2650919233,29.8761331729751,130.058419971662,0,0.950260521288951,190.05210425779,0.75264329023612,39.8632710883662,41.6348592289012,244.054661067645,243.649449668842,1.55206954186722,116.279758519933
"China",200,0.02,FALSE,FALSE,50,"BEBCS",27.0461847142924,165.248568415843,116.252675527339,NA,117.182354530696,73.2650919233,29.8761331729751,57.577353179606,0,1.02032355428861,204.064710857726,0.75264329023612,24.2046224506701,36.3863763228618,150.491017774422,154.117436523399,1.60169147738429,116.279758519933
"Europe",200,0.02,FALSE,FALSE,50,"BEBCS",-57.170594626757,188.604027383115,46.8775730194601,NA,105.932243283908,73.2650919233,29.8761331729751,80.9058364925947,0,0.813792018718585,162.758403743717,0.75264329023612,45.6160700755379,13.2293980369599,216.041014989407,222.450412130005,1.2705542023348,116.279758519933
"India",200,0.02,FALSE,FALSE,50,"BEBCS",56.1444023970908,194.226750754242,128.972750282247,NA,98.6717286943114,73.2650919233,29.8761331729751,66.1403158005203,0,1.06481307393424,212.962614786848,0.75264329023612,28.9184964033034,37.3800520364314,147.310308430344,136.635225653596,2.00237063269184,116.279758519933
"US",0,0.08,FALSE,FALSE,50,"BEBCS",-290.371794225365,-133.470288389423,-211.801369436418,NA,199.98946647775,131.537964686904,31.0390559743725,130.058419971662,0,0.950260521288951,0,0.75264329023612,39.8632710883662,31.7097358904016,336.170327600407,306.890827940538,1.55206954186722,116.279758519933
"China",0,0.08,FALSE,FALSE,50,"BEBCS",-243.996661774773,-107.962318830746,-153.106949776117,NA,117.182354530696,131.537964686904,31.0390559743725,57.577353179606,0,1.02032355428861,0,0.75264329023612,24.2046224506701,27.7281002395882,240.976201607759,212.501696067308,1.60169147738429,116.279758519933
"Europe",0,0.08,FALSE,FALSE,50,"BEBCS",-266.492273847273,-120.021681743622,-178.870868192008,NA,105.932243283908,131.537964686904,31.0390559743725,80.9058364925947,0,0.813792018718585,0,0.75264329023612,45.6160700755379,10.5321630131486,298.61469753882,296.305564350203,1.2705542023348,116.279758519933
"India",0,0.08,FALSE,FALSE,50,"BEBCS",-220.048381002066,-101.127025601518,-150.848845876837,NA,98.6717286943114,131.537964686904,31.0390559743725,66.1403158005203,0,1.06481307393424,0,0.75264329023612,28.9184964033034,28.3911836597616,238.22630115521,192.478900697114,2.00237063269184,116.279758519933
"US",50,0.08,FALSE,FALSE,50,"BEBCS",-242.231349247832,-91.0072780792819,-164.110346625256,NA,199.98946647775,131.537964686904,31.0390559743725,130.058419971662,0,0.950260521288951,47.5130260644476,0.75264329023612,39.8632710883662,31.7097358904016,336.170327600407,306.890827940538,1.55206954186722,116.279758519933
"China",50,0.08,FALSE,FALSE,50,"BEBCS",-191.221681164794,-61.7054281969378,-103.016019994352,NA,117.182354530696,131.537964686904,31.0390559743725,57.577353179606,0,1.02032355428861,51.0161777144316,0.75264329023612,24.2046224506701,27.7281002395882,240.976201607759,212.501696067308,1.60169147738429,116.279758519933
"Europe",50,0.08,FALSE,FALSE,50,"BEBCS",-228.228004768413,-63.9106303843891,-137.981954244179,NA,105.932243283908,131.537964686904,31.0390559743725,80.9058364925947,0,0.813792018718585,40.6896009359291,0.75264329023612,45.6160700755379,10.5321630131486,298.61469753882,296.305564350203,1.2705542023348,116.279758519933
"India",50,0.08,FALSE,FALSE,50,"BEBCS",-167.520346238908,-47.9671298016534,-97.6370453331267,NA,98.6717286943114,131.537964686904,31.0390559743725,66.1403158005203,0,1.06481307393424,53.2406536967121,0.75264329023612,28.9184964033034,28.3911836597616,238.22630115521,192.478900697114,2.00237063269184,116.279758519933
"US",100,0.08,FALSE,FALSE,50,"BEBCS",-201.588751905409,-46.0940268290703,-116.419323814093,NA,199.98946647775,131.537964686904,31.0390559743725,130.058419971662,0,0.950260521288951,95.0260521288951,0.75264329023612,39.8632710883662,31.7097358904016,336.170327600407,306.890827940538,1.55206954186722,116.279758519933
"China",100,0.08,FALSE,FALSE,50,"BEBCS",-138.446700554814,-15.4485375631295,-52.9250902125869,NA,117.182354530696,131.537964686904,31.0390559743725,57.577353179606,0,1.02032355428861,102.032355428863,0.75264329023612,24.2046224506701,27.7281002395882,240.976201607759,212.501696067308,1.60169147738429,116.279758519933
"Europe",100,0.08,FALSE,FALSE,50,"BEBCS",-190.990920764633,-7.79957902515594,-97.0930402963524,NA,105.932243283908,131.537964686904,31.0390559743725,80.9058364925947,0,0.813792018718585,81.3792018718583,0.75264329023612,45.6160700755379,10.5321630131486,298.61469753882,296.305564350203,1.2705542023348,116.279758519933
"India",100,0.08,FALSE,FALSE,50,"BEBCS",-115.924270041032,5.23250152370497,-44.4252447894165,NA,98.6717286943114,131.537964686904,31.0390559743725,66.1403158005203,0,1.06481307393424,106.481307393424,0.75264329023612,28.9184964033034,28.3911836597616,238.22630115521,192.478900697114,2.00237063269184,116.279758519933
"US",150,0.08,FALSE,FALSE,50,"BEBCS",-160.946154562987,3.5614985036247,-68.7283010029306,NA,199.98946647775,131.537964686904,31.0390559743725,130.058419971662,0,0.950260521288951,142.539078193343,0.75264329023612,39.8632710883662,31.7097358904016,336.170327600407,306.890827940538,1.55206954186722,116.279758519933
"China",150,0.08,FALSE,FALSE,50,"BEBCS",-85.6717199448346,30.8083530706788,-2.83416043082213,NA,117.182354530696,131.537964686904,31.0390559743725,57.577353179606,0,1.02032355428861,153.048533143294,0.75264329023612,24.2046224506701,27.7281002395882,240.976201607759,212.501696067308,1.60169147738429,116.279758519933
"Europe",150,0.08,FALSE,FALSE,50,"BEBCS",-153.798655478195,50.9106992244564,-56.204126348525,NA,105.932243283908,131.537964686904,31.0390559743725,80.9058364925947,0,0.813792018718585,122.068802807787,0.75264329023612,45.6160700755379,10.5321630131486,298.61469753882,296.305564350203,1.2705542023348,116.279758519933
"India",150,0.08,FALSE,FALSE,50,"BEBCS",-64.3281938431559,58.4321328490633,8.78655575429428,NA,98.6717286943114,131.537964686904,31.0390559743725,66.1403158005203,0,1.06481307393424,159.721961090136,0.75264329023612,28.9184964033034,28.3911836597616,238.22630115521,192.478900697114,2.00237063269184,116.279758519933
"US",200,0.08,FALSE,FALSE,50,"BEBCS",-120.303557220565,63.0936450164745,-21.0372781917686,NA,199.98946647775,131.537964686904,31.0390559743725,130.058419971662,0,0.950260521288951,190.05210425779,0.75264329023612,39.8632710883662,31.7097358904016,336.170327600407,306.890827940538,1.55206954186722,116.279758519933
"China",200,0.08,FALSE,FALSE,50,"BEBCS",-32.896739334855,83.623256093089,47.256769350943,NA,117.182354530696,131.537964686904,31.0390559743725,57.577353179606,0,1.02032355428861,204.064710857726,0.75264329023612,24.2046224506701,27.7281002395882,240.976201607759,212.501696067308,1.60169147738429,116.279758519933
"Europe",200,0.08,FALSE,FALSE,50,"BEBCS",-116.606390191758,119.779064700883,-15.3152124006969,NA,105.932243283908,131.537964686904,31.0390559743725,80.9058364925947,0,0.813792018718585,162.758403743717,0.75264329023612,45.6160700755379,10.5321630131486,298.61469753882,296.305564350203,1.2705542023348,116.279758519933
"India",200,0.08,FALSE,FALSE,50,"BEBCS",-12.7321176452796,111.631764174422,61.9983562980051,NA,98.6717286943114,131.537964686904,31.0390559743725,66.1403158005203,0,1.06481307393424,212.962614786848,0.75264329023612,28.9184964033034,28.3911836597616,238.22630115521,192.478900697114,2.00237063269184,116.279758519933
"US",0,0.15,FALSE,FALSE,50,"BEBCS",-375.364870364194,-232.176049862997,-304.506197340184,NA,199.98946647775,214.860192386508,32.7099044135967,130.058419971662,0,0.950260521288951,0,0.75264329023612,39.8632710883662,24.3229542708079,458.880547596766,397.325880209537,1.55206954186722,116.279758519933
"China",0,0.15,FALSE,FALSE,50,"BEBCS",-329.367168726068,-210.421335206856,-245.215146497037,NA,117.182354530696,214.860192386508,32.7099044135967,57.577353179606,0,1.02032355428861,0,0.75264329023612,24.2046224506701,21.2841707841932,362.472933446397,295.991077668967,1.60169147738429,116.279758519933
"Europe",0,0.15,FALSE,FALSE,50,"BEBCS",-351.485349986102,-222.182383577969,-265.915836412467,NA,105.932243283908,214.860192386508,32.7099044135967,80.9058364925947,0,0.813792018718585,0,0.75264329023612,45.6160700755379,8.52474351637191,414.223287711673,401.91829345099,1.2705542023348,116.279758519933
"India",0,0.15,FALSE,FALSE,50,"BEBCS",-311.13576592431,-202.431073313928,-241.452530402238,NA,98.6717286943114,214.860192386508,32.7099044135967,66.1403158005203,0,1.06481307393424,0,0.75264329023612,28.9184964033034,21.7012106043977,360.043662883573,272.3352512301,2.00237063269184,116.279758519933
"US",50,0.15,FALSE,FALSE,50,"BEBCS",-327.224425386661,-192.234399755397,-256.815174529021,NA,199.98946647775,214.860192386508,32.7099044135967,130.058419971662,0,0.950260521288951,47.5130260644476,0.75264329023612,39.8632710883662,24.3229542708079,458.880547596766,397.325880209537,1.55206954186722,116.279758519933
"China",50,0.15,FALSE,FALSE,50,"BEBCS",-276.592188116088,-164.164444573048,-195.124216715271,NA,117.182354530696,214.860192386508,32.7099044135967,57.577353179606,0,1.02032355428861,51.0161777144316,0.75264329023612,24.2046224506701,21.2841707841932,362.472933446397,295.991077668967,1.60169147738429,116.279758519933
"Europe",50,0.15,FALSE,FALSE,50,"BEBCS",-313.221080907243,-166.071332218735,-225.02692246464,NA,105.932243283908,214.860192386508,32.7099044135967,80.9058364925947,0,0.813792018718585,40.6896009359291,0.75264329023612,45.6160700755379,8.52474351637191,414.223287711673,401.91829345099,1.2705542023348,116.279758519933
"India",50,0.15,FALSE,FALSE,50,"BEBCS",-259.539689726434,-149.301822852019,-188.240729858528,NA,98.6717286943114,214.860192386508,32.7099044135967,66.1403158005203,0,1.06481307393424,53.2406536967121,0.75264329023612,28.9184964033034,21.7012106043977,360.043662883573,272.3352512301,2.00237063269184,116.279758519933
"US",100,0.15,FALSE,FALSE,50,"BEBCS",-286.581828044238,-148.578751686701,-209.12415171786,NA,199.98946647775,214.860192386508,32.7099044135967,130.058419971662,0,0.950260521288951,95.0260521288951,0.75264329023612,39.8632710883662,24.3229542708079,458.880547596766,397.325880209537,1.55206954186722,116.279758519933
"China",100,0.15,FALSE,FALSE,50,"BEBCS",-223.817207506108,-117.90755393924,-145.033286933508,NA,117.182354530696,214.860192386508,32.7099044135967,57.577353179606,0,1.02032355428861,102.032355428863,0.75264329023612,24.2046224506701,21.2841707841932,362.472933446397,295.991077668967,1.60169147738429,116.279758519933
"Europe",100,0.15,FALSE,FALSE,50,"BEBCS",-275.983996903462,-109.93863812967,-184.138008516812,NA,105.932243283908,214.860192386508,32.7099044135967,80.9058364925947,0,0.813792018718585,81.3792018718583,0.75264329023612,45.6160700755379,8.52474351637191,414.223287711673,401.91829345099,1.2705542023348,116.279758519933
"India",100,0.15,FALSE,FALSE,50,"BEBCS",-207.943613528558,-96.1725723901097,-135.028929314818,NA,98.6717286943114,214.860192386508,32.7099044135967,66.1403158005203,0,1.06481307393424,106.481307393424,0.75264329023612,28.9184964033034,21.7012106043977,360.043662883573,272.3352512301,2.00237063269184,116.279758519933
"US",150,0.15,FALSE,FALSE,50,"BEBCS",-245.939230701816,-95.833569595316,-161.433128906697,NA,199.98946647775,214.860192386508,32.7099044135967,130.058419971662,0,0.950260521288951,142.539078193343,0.75264329023612,39.8632710883662,24.3229542708079,458.880547596766,397.325880209537,1.55206954186722,116.279758519933
"China",150,0.15,FALSE,FALSE,50,"BEBCS",-171.042226896129,-68.2832391746055,-94.9423571517405,NA,117.182354530696,214.860192386508,32.7099044135967,57.577353179606,0,1.02032355428861,153.048533143294,0.75264329023612,24.2046224506701,21.2841707841932,362.472933446397,295.991077668967,1.60169147738429,116.279758519933
"Europe",150,0.15,FALSE,FALSE,50,"BEBCS",-238.791731617024,-41.0702726532426,-143.249094568985,NA,105.932243283908,214.860192386508,32.7099044135967,80.9058364925947,0,0.813792018718585,122.068802807787,0.75264329023612,45.6160700755379,8.52474351637191,414.223287711673,401.91829345099,1.2705542023348,116.279758519933
"India",150,0.15,FALSE,FALSE,50,"BEBCS",-156.347537330681,-43.0433219282007,-81.8171287711073,NA,98.6717286943114,214.860192386508,32.7099044135967,66.1403158005203,0,1.06481307393424,159.721961090136,0.75264329023612,28.9184964033034,21.7012106043977,360.043662883573,272.3352512301,2.00237063269184,116.279758519933
"US",200,0.15,FALSE,FALSE,50,"BEBCS",-205.296633359394,-36.3014230824662,-113.742106095535,NA,199.98946647775,214.860192386508,32.7099044135967,130.058419971662,0,0.950260521288951,190.05210425779,0.75264329023612,39.8632710883662,24.3229542708079,458.880547596766,397.325880209537,1.55206954186722,116.279758519933
"China",200,0.15,FALSE,FALSE,50,"BEBCS",-118.267246286149,-15.6602319554818,-44.8514273699763,NA,117.182354530696,214.860192386508,32.7099044135967,57.577353179606,0,1.02032355428861,204.064710857726,0.75264329023612,24.2046224506701,21.2841707841932,362.472933446397,295.991077668967,1.60169147738429,116.279758519933
"Europe",200,0.15,FALSE,FALSE,50,"BEBCS",-201.599466330587,28.6392908658298,-102.360180621159,NA,105.932243283908,214.860192386508,32.7099044135967,80.9058364925947,0,0.813792018718585,162.758403743717,0.75264329023612,45.6160700755379,8.52474351637191,414.223287711673,401.91829345099,1.2705542023348,116.279758519933
"India",200,0.15,FALSE,FALSE,50,"BEBCS",-104.751461132805,10.0859285337083,-28.6053282273964,NA,98.6717286943114,214.860192386508,32.7099044135967,66.1403158005203,0,1.06481307393424,212.962614786848,0.75264329023612,28.9184964033034,21.7012106043977,360.043662883573,272.3352512301,2.00237063269184,116.279758519933
"US",0,0.02,TRUE,TRUE,150,"BEBCS",-152.33385581909,5.761587091471,-98.1396404416637,NA,43.3333333333333,52.6939460458064,21.4876049172528,106.56,0,0.964264480854013,0,0.75264329023612,39.8632710883662,41.6348592289012,184.824196985154,189.410737889376,1.57540820398694,250.893262841323
"China",0,0.02,TRUE,TRUE,150,"BEBCS",-104.555409008019,5.20546504441408,-56.5330094325335,NA,43.3333333333333,52.6939460458064,21.4876049172528,46.5,0,1.02811545765476,0,0.75264329023612,24.2046224506701,36.3863763228618,111.99883893709,117.702215555385,1.6063557543347,250.893262841323
"Europe",0,0.02,TRUE,TRUE,150,"BEBCS",-119.654014384652,-4.56681106298788,-87.3709989376338,NA,43.3333333333333,52.6939460458064,21.4876049172528,71.516,0,0.816113796663346,0,0.75264329023612,45.6160700755379,13.2293980369599,176.003898054463,180.386589309619,1.26811889306356,250.893262841323
"India",0,0.02,TRUE,TRUE,150,"BEBCS",-95.0289761056576,19.0260916092751,-57.3851934304154,NA,43.3333333333333,52.6939460458064,21.4876049172528,44.5,0,1.0628301353895,0,0.75264329023612,28.9184964033034,37.3800520364314,108.021289741509,111.719377712941,1.99859877108034,250.893262841323
"US",50,0.02,TRUE,TRUE,150,"BEBCS",-107.17979034344,45.1269958902586,-49.915058631909,NA,43.3333333333333,52.6939460458064,21.4876049172528,106.56,0,0.964264480854013,48.2132240427003,0.75264329023612,39.8632710883662,41.6348592289012,184.824196985154,189.410737889376,1.57540820398694,250.893262841323
"China",50,0.02,TRUE,TRUE,150,"BEBCS",-52.864756996123,58.118478103549,-6.48749161585572,NA,43.3333333333333,52.6939460458064,21.4876049172528,46.5,0,1.02811545765476,51.4057728827384,0.75264329023612,24.2046224506701,36.3863763228618,111.99883893709,117.702215555385,1.6063557543347,250.893262841323
"Europe",50,0.02,TRUE,TRUE,150,"BEBCS",-81.3183332205783,51.5990489614866,-46.469034142592,NA,43.3333333333333,52.6939460458064,21.4876049172528,71.516,0,0.816113796663346,40.8056898331674,0.75264329023612,45.6160700755379,13.2293980369599,176.003898054463,180.386589309619,1.26811889306356,250.893262841323
"India",50,0.02,TRUE,TRUE,150,"BEBCS",-42.2533496094332,71.4488328164718,-4.27726941987408,NA,43.3333333333333,52.6939460458064,21.4876049172528,44.5,0,1.0628301353895,53.141506769475,0.75264329023612,28.9184964033034,37.3800520364314,108.021289741509,111.719377712941,1.99859877108034,250.893262841323
"US",100,0.02,TRUE,TRUE,150,"BEBCS",-66.1517954060092,89.7339698775282,-1.69047682215371,NA,43.3333333333333,52.6939460458064,21.4876049172528,106.56,0,0.964264480854013,96.4264480854006,0.75264329023612,39.8632710883662,41.6348592289012,184.824196985154,189.410737889376,1.57540820398694,250.893262841323
"China",100,0.02,TRUE,TRUE,150,"BEBCS",-5.68996472564407,111.123728793654,43.5580262008223,NA,43.3333333333333,52.6939460458064,21.4876049172528,46.5,0,1.02811545765476,102.811545765477,0.75264329023612,24.2046224506701,36.3863763228618,111.99883893709,117.702215555385,1.6063557543347,250.893262841323
"Europe",100,0.02,TRUE,TRUE,150,"BEBCS",-43.6022634964434,107.764908985961,-5.56706934753965,NA,43.3333333333333,52.6939460458064,21.4876049172528,71.516,0,0.816113796663346,81.6113796663348,0.75264329023612,45.6160700755379,13.2293980369599,176.003898054463,180.386589309619,1.26811889306356,250.893262841323
"India",100,0.02,TRUE,TRUE,150,"BEBCS",10.5222768867911,123.871574023669,48.830654590665,NA,43.3333333333333,52.6939460458064,21.4876049172528,44.5,0,1.0628301353895,106.28301353895,0.75264329023612,28.9184964033034,37.3800520364314,108.021289741509,111.719377712941,1.99859877108034,250.893262841323
"US",150,0.02,TRUE,TRUE,150,"BEBCS",-25.1238004685781,135.395038973402,46.5341049876015,NA,43.3333333333333,52.6939460458064,21.4876049172528,106.56,0,0.964264480854013,144.639672128102,0.75264329023612,39.8632710883662,41.6348592289012,184.824196985154,189.410737889376,1.57540820398694,250.893262841323
"China",150,0.02,TRUE,TRUE,150,"BEBCS",41.4848275448349,164.128979483758,93.6035440174993,NA,43.3333333333333,52.6939460458064,21.4876049172528,46.5,0,1.02811545765476,154.217318648213,0.75264329023612,24.2046224506701,36.3863763228618,111.99883893709,117.702215555385,1.6063557543347,250.893262841323
"Europe",150,0.02,TRUE,TRUE,150,"BEBCS",-6.08135781708779,163.930769010436,35.3348954475128,NA,43.3333333333333,52.6939460458064,21.4876049172528,71.516,0,0.816113796663346,122.417069499502,0.75264329023612,45.6160700755379,13.2293980369599,176.003898054463,180.386589309619,1.26811889306356,250.893262841323
"India",150,0.02,TRUE,TRUE,150,"BEBCS",63.2979033830155,176.294315230865,101.938578601205,NA,43.3333333333333,52.6939460458064,21.4876049172528,44.5,0,1.0628301353895,159.424520308427,0.75264329023612,28.9184964033034,37.3800520364314,108.021289741509,111.719377712941,1.99859877108034,250.893262841323
"US",200,0.02,TRUE,TRUE,150,"BEBCS",15.9041944688529,188.021556454655,94.7586867973569,NA,43.3333333333333,52.6939460458064,21.4876049172528,106.56,0,0.964264480854013,192.852896170801,0.75264329023612,39.8632710883662,41.6348592289012,184.824196985154,189.410737889376,1.57540820398694,250.893262841323
"China",200,0.02,TRUE,TRUE,150,"BEBCS",88.6596198153139,217.134230173863,143.649061834179,NA,43.3333333333333,52.6939460458064,21.4876049172528,46.5,0,1.02811545765476,205.623091530954,0.75264329023612,24.2046224506701,36.3863763228618,111.99883893709,117.702215555385,1.6063557543347,250.893262841323
"Europe",200,0.02,TRUE,TRUE,150,"BEBCS",27.9860741743037,220.09662903491,76.2368602425652,NA,43.3333333333333,52.6939460458064,21.4876049172528,71.516,0,0.816113796663346,163.22275933267,0.75264329023612,45.6160700755379,13.2293980369599,176.003898054463,180.386589309619,1.26811889306356,250.893262841323
"India",200,0.02,TRUE,TRUE,150,"BEBCS",116.07352987924,228.717056438062,155.046502611743,NA,43.3333333333333,52.6939460458064,21.4876049172528,44.5,0,1.0628301353895,212.5660270779,0.75264329023612,28.9184964033034,37.3800520364314,108.021289741509,111.719377712941,1.99859877108034,250.893262841323
"US",0,0.08,TRUE,TRUE,150,"BEBCS",-195.598969896698,-62.9526690002539,-151.300992369481,NA,43.3333333333333,94.6051418517715,22.3240058517718,106.56,0,0.964264480854013,0,0.75264329023612,39.8632710883662,31.7097358904016,254.807840979988,234.208703816246,1.57540820398694,250.893262841323
"China",0,0.08,TRUE,TRUE,150,"BEBCS",-147.303005748503,-62.6447717244063,-108.840903717794,NA,43.3333333333333,94.6051418517715,22.3240058517718,46.5,0,1.02811545765476,0,0.75264329023612,24.2046224506701,27.7281002395882,180.299285497379,159.394477594369,1.6063557543347,250.893262841323
"Europe",0,0.08,TRUE,TRUE,150,"BEBCS",-162.401611125136,-70.5612212277785,-132.858806962477,NA,43.3333333333333,94.6051418517715,22.3240058517718,71.516,0,0.816113796663346,0,0.75264329023612,45.6160700755379,10.5321630131486,236.384203511053,233.311934493729,1.26811889306356,250.893262841323
"India",0,0.08,TRUE,TRUE,150,"BEBCS",-137.776572846142,-50.824506594248,-107.674516462861,NA,43.3333333333333,94.6051418517715,22.3240058517718,44.5,0,1.0628301353895,0,0.75264329023612,28.9184964033034,28.3911836597616,176.760977968799,151.959287520466,1.99859877108034,250.893262841323
"US",50,0.08,TRUE,TRUE,150,"BEBCS",-149.927387083924,-22.1770519060137,-103.076410559727,NA,43.3333333333333,94.6051418517715,22.3240058517718,106.56,0,0.964264480854013,48.2132240427003,0.75264329023612,39.8632710883662,31.7097358904016,254.807840979988,234.208703816246,1.57540820398694,250.893262841323
"China",50,0.08,TRUE,TRUE,150,"BEBCS",-95.6123537366072,-9.70842347290062,-58.7953859011176,NA,43.3333333333333,94.6051418517715,22.3240058517718,46.5,0,1.02811545765476,51.4057728827384,0.75264329023612,24.2046224506701,27.7281002395882,180.299285497379,159.394477594369,1.6063557543347,250.893262841323
"Europe",50,0.08,TRUE,TRUE,150,"BEBCS",-124.065929961062,-14.395361203304,-91.9568421674139,NA,43.3333333333333,94.6051418517715,22.3240058517718,71.516,0,0.816113796663346,40.8056898331674,0.75264329023612,45.6160700755379,10.5321630131486,236.384203511053,233.311934493729,1.26811889306356,250.893262841323
"India",50,0.08,TRUE,TRUE,150,"BEBCS",-85.0009463499174,1.59823461294872,-54.566592452324,NA,43.3333333333333,94.6051418517715,22.3240058517718,44.5,0,1.0628301353895,53.141506769475,0.75264329023612,28.9184964033034,28.3911836597616,176.760977968799,151.959287520466,1.99859877108034,250.893262841323
"US",100,0.08,TRUE,TRUE,150,"BEBCS",-108.899392146493,23.4840171898603,-54.8518287499716,NA,43.3333333333333,94.6051418517715,22.3240058517718,106.56,0,0.964264480854013,96.4264480854006,0.75264329023612,39.8632710883662,31.7097358904016,254.807840979988,234.208703816246,1.57540820398694,250.893262841323
"China",100,0.08,TRUE,TRUE,150,"BEBCS",-48.4375614661282,43.2968272172039,-8.74986808443931,NA,43.3333333333333,94.6051418517715,22.3240058517718,46.5,0,1.02811545765476,102.811545765477,0.75264329023612,24.2046224506701,27.7281002395882,180.299285497379,159.394477594369,1.6063557543347,250.893262841323
"Europe",100,0.08,TRUE,TRUE,150,"BEBCS",-86.3498602369276,41.7704988211705,-51.0548773723617,NA,43.3333333333333,94.6051418517715,22.3240058517718,71.516,0,0.816113796663346,81.6113796663348,0.75264329023612,45.6160700755379,10.5321630131486,236.384203511053,233.311934493729,1.26811889306356,250.893262841323
"India",100,0.08,TRUE,TRUE,150,"BEBCS",-32.225319853693,54.0209758201455,-1.45866844178508,NA,43.3333333333333,94.6051418517715,22.3240058517718,44.5,0,1.0628301353895,106.28301353895,0.75264329023612,28.9184964033034,28.3911836597616,176.760977968799,151.959287520466,1.99859877108034,250.893262841323
"US",150,0.08,TRUE,TRUE,150,"BEBCS",-67.8713972090623,69.1450862857342,-6.62724694021648,NA,43.3333333333333,94.6051418517715,22.3240058517718,106.56,0,0.964264480854013,144.639672128102,0.75264329023612,39.8632710883662,31.7097358904016,254.807840979988,234.208703816246,1.57540820398694,250.893262841323
"China",150,0.08,TRUE,TRUE,150,"BEBCS",-1.26276919564924,96.3020779073084,41.2956497322383,NA,43.3333333333333,94.6051418517715,22.3240058517718,46.5,0,1.02811545765476,154.217318648213,0.75264329023612,24.2046224506701,27.7281002395882,180.299285497379,159.394477594369,1.6063557543347,250.893262841323
"Europe",150,0.08,TRUE,TRUE,150,"BEBCS",-49.6446741201019,97.936358845645,-10.1529125773093,NA,43.3333333333333,94.6051418517715,22.3240058517718,71.516,0,0.816113796663346,122.417069499502,0.75264329023612,45.6160700755379,10.5321630131486,236.384203511053,233.311934493729,1.26811889306356,250.893262841323
"India",150,0.08,TRUE,TRUE,150,"BEBCS",20.5503066425314,106.443717027342,51.6492555687539,NA,43.3333333333333,94.6051418517715,22.3240058517718,44.5,0,1.0628301353895,159.424520308427,0.75264329023612,28.9184964033034,28.3911836597616,176.760977968799,151.959287520466,1.99859877108034,250.893262841323
"US",200,0.08,TRUE,TRUE,150,"BEBCS",-26.8434022716312,116.392338719062,41.5973348695385,NA,43.3333333333333,94.6051418517715,22.3240058517718,106.56,0,0.964264480854013,192.852896170801,0.75264329023612,39.8632710883662,31.7097358904016,254.807840979988,234.208703816246,1.57540820398694,250.893262841323
"China",200,0.08,TRUE,TRUE,150,"BEBCS",45.9120230748298,149.307328597413,91.3411675489176,NA,43.3333333333333,94.6051418517715,22.3240058517718,46.5,0,1.02811545765476,205.623091530954,0.75264329023612,24.2046224506701,27.7281002395882,180.299285497379,159.394477594369,1.6063557543347,250.893262841323
"Europe",200,0.08,TRUE,TRUE,150,"BEBCS",-15.5772421287103,163.803397884039,30.7490522177431,NA,43.3333333333333,94.6051418517715,22.3240058517718,71.516,0,0.816113796663346,163.22275933267,0.75264329023612,45.6160700755379,10.5321630131486,236.384203511053,233.311934493729,1.26811889306356,250.893262841323
"India",200,0.08,TRUE,TRUE,150,"BEBCS",73.3259331387557,158.866458234539,104.757179579292,NA,43.3333333333333,94.6051418517715,22.3240058517718,44.5,0,1.0628301353895,212.5660270779,0.75264329023612,28.9184964033034,28.3911836597616,176.760977968799,151.959287520466,1.99859877108034,250.893262841323
"US",0,0.15,TRUE,TRUE,150,"BEBCS",-257.113115753731,-143.40736078835,-220.180421796494,NA,43.3333333333333,154.5324122006,23.5257186347077,106.56,0,0.964264480854013,0,0.75264329023612,39.8632710883662,24.3229542708079,345.841356644317,298.269711037442,1.57540820398694,250.893262841323
"China",0,0.15,TRUE,TRUE,150,"BEBCS",-208.431988880267,-142.456416384952,-177.085146556981,NA,43.3333333333333,154.5324122006,23.5257186347077,46.5,0,1.02811545765476,0,0.75264329023612,24.2046224506701,21.2841707841932,270.080080016758,219.014334083114,1.6063557543347,250.893262841323
"Europe",0,0.15,TRUE,TRUE,150,"BEBCS",-223.530594256901,-148.991665334914,-196.027194710027,NA,43.3333333333333,154.5324122006,23.5257186347077,71.516,0,0.816113796663346,0,0.75264329023612,45.6160700755379,8.52474351637191,320.270426171377,308.995078803407,1.26811889306356,250.893262841323
"India",0,0.15,TRUE,TRUE,150,"BEBCS",-198.905555977906,-132.124921980805,-174.416435903194,NA,43.3333333333333,154.5324122006,23.5257186347077,44.5,0,1.0628301353895,0,0.75264329023612,28.9184964033034,21.7012106043977,266.868678478289,209.502283043261,1.99859877108034,250.893262841323
"US",50,0.15,TRUE,TRUE,150,"BEBCS",-211.074521645278,-100.797683756579,-171.955839986739,NA,43.3333333333333,154.5324122006,23.5257186347077,106.56,0,0.964264480854013,48.2132240427003,0.75264329023612,39.8632710883662,24.3229542708079,345.841356644317,298.269711037442,1.57540820398694,250.893262841323
"China",50,0.15,TRUE,TRUE,150,"BEBCS",-156.741336868372,-89.5027008963638,-127.039628740302,NA,43.3333333333333,154.5324122006,23.5257186347077,46.5,0,1.02811545765476,51.4057728827384,0.75264329023612,24.2046224506701,21.2841707841932,270.080080016758,219.014334083114,1.6063557543347,250.893262841323
"Europe",50,0.15,TRUE,TRUE,150,"BEBCS",-185.194913092827,-92.8258053104395,-155.12522991498,NA,43.3333333333333,154.5324122006,23.5257186347077,71.516,0,0.816113796663346,40.8056898331674,0.75264329023612,45.6160700755379,8.52474351637191,320.270426171377,308.995078803407,1.26811889306356,250.893262841323
"India",50,0.15,TRUE,TRUE,150,"BEBCS",-146.129929481682,-79.7021807736081,-121.308511892638,NA,43.3333333333333,154.5324122006,23.5257186347077,44.5,0,1.0628301353895,53.141506769475,0.75264329023612,28.9184964033034,21.7012106043977,266.868678478289,209.502283043261,1.99859877108034,250.893262841323
"US",100,0.15,TRUE,TRUE,150,"BEBCS",-170.028375278258,-55.1366146607055,-123.731258176984,NA,43.3333333333333,154.5324122006,23.5257186347077,106.56,0,0.964264480854013,96.4264480854006,0.75264329023612,39.8632710883662,24.3229542708079,345.841356644317,298.269711037442,1.57540820398694,250.893262841323
"China",100,0.15,TRUE,TRUE,150,"BEBCS",-109.566544597893,-36.4974502062593,-76.9941109236252,NA,43.3333333333333,154.5324122006,23.5257186347077,46.5,0,1.02811545765476,102.811545765477,0.75264329023612,24.2046224506701,21.2841707841932,270.080080016758,219.014334083114,1.6063557543347,250.893262841323
"Europe",100,0.15,TRUE,TRUE,150,"BEBCS",-147.478843368692,-36.659945285965,-114.223265119929,NA,43.3333333333333,154.5324122006,23.5257186347077,71.516,0,0.816113796663346,81.6113796663348,0.75264329023612,45.6160700755379,8.52474351637191,320.270426171377,308.995078803407,1.26811889306356,250.893262841323
"India",100,0.15,TRUE,TRUE,150,"BEBCS",-93.3543029854574,-27.2794395664113,-68.2005878820994,NA,43.3333333333333,154.5324122006,23.5257186347077,44.5,0,1.0628301353895,106.28301353895,0.75264329023612,28.9184964033034,21.7012106043977,266.868678478289,209.502283043261,1.99859877108034,250.893262841323
"US",150,0.15,TRUE,TRUE,150,"BEBCS",-129.000380340827,-9.47554556483158,-75.5066763672285,NA,43.3333333333333,154.5324122006,23.5257186347077,106.56,0,0.964264480854013,144.639672128102,0.75264329023612,39.8632710883662,24.3229542708079,345.841356644317,298.269711037442,1.57540820398694,250.893262841323
"China",150,0.15,TRUE,TRUE,150,"BEBCS",-62.3917523274136,16.5078004838452,-26.9485931069469,NA,43.3333333333333,154.5324122006,23.5257186347077,46.5,0,1.02811545765476,154.217318648213,0.75264329023612,24.2046224506701,21.2841707841932,270.080080016758,219.014334083114,1.6063557543347,250.893262841323
"Europe",150,0.15,TRUE,TRUE,150,"BEBCS",-111.380757241029,26.8659047068185,-73.3213003248764,NA,43.3333333333333,154.5324122006,23.5257186347077,71.516,0,0.816113796663346,122.417069499502,0.75264329023612,45.6160700755379,8.52474351637191,320.270426171377,308.995078803407,1.26811889306356,250.893262841323
"India",150,0.15,TRUE,TRUE,150,"BEBCS",-40.578676489233,25.1433016407854,-15.0926638715605,NA,43.3333333333333,154.5324122006,23.5257186347077,44.5,0,1.0628301353895,159.424520308427,0.75264329023612,28.9184964033034,21.7012106043977,266.868678478289,209.502283043261,1.99859877108034,250.893262841323
"US",200,0.15,TRUE,TRUE,150,"BEBCS",-87.9723854033956,36.9696680597136,-27.2820945574733,NA,43.3333333333333,154.5324122006,23.5257186347077,106.56,0,0.964264480854013,192.852896170801,0.75264329023612,39.8632710883662,24.3229542708079,345.841356644317,298.269711037442,1.57540820398694,250.893262841323
"China",200,0.15,TRUE,TRUE,150,"BEBCS",-15.2169600569346,69.5130511739498,23.0969247097308,NA,43.3333333333333,154.5324122006,23.5257186347077,46.5,0,1.02811545765476,205.623091530954,0.75264329023612,24.2046224506701,21.2841707841932,270.080080016758,219.014334083114,1.6063557543347,250.893262841323
"Europe",200,0.15,TRUE,TRUE,150,"BEBCS",-77.3133252496372,97.3681091287281,-32.4193355298243,NA,43.3333333333333,154.5324122006,23.5257186347077,71.516,0,0.816113796663346,163.22275933267,0.75264329023612,45.6160700755379,8.52474351637191,320.270426171377,308.995078803407,1.26811889306356,250.893262841323
"India",200,0.15,TRUE,TRUE,150,"BEBCS",12.1969500069913,77.5660428479822,38.0152601389786,NA,43.3333333333333,154.5324122006,23.5257186347077,44.5,0,1.0628301353895,212.5660270779,0.75264329023612,28.9184964033034,21.7012106043977,266.868678478289,209.502283043261,1.99859877108034,250.893262841323
"US",0,0.02,FALSE,TRUE,150,"BEBCS",-152.33385581909,5.761587091471,-98.1396404416637,NA,43.3333333333333,52.6939460458064,21.4876049172528,106.56,0,0.964264480854013,0,0.75264329023612,39.8632710883662,41.6348592289012,184.824196985154,189.410737889376,1.57540820398694,250.893262841323
"China",0,0.02,FALSE,TRUE,150,"BEBCS",-104.555409008019,5.20546504441408,-56.5330094325335,NA,43.3333333333333,52.6939460458064,21.4876049172528,46.5,0,1.02811545765476,0,0.75264329023612,24.2046224506701,36.3863763228618,111.99883893709,117.702215555385,1.6063557543347,250.893262841323
"Europe",0,0.02,FALSE,TRUE,150,"BEBCS",-119.654014384652,-4.56681106298788,-87.3709989376338,NA,43.3333333333333,52.6939460458064,21.4876049172528,71.516,0,0.816113796663346,0,0.75264329023612,45.6160700755379,13.2293980369599,176.003898054463,180.386589309619,1.26811889306356,250.893262841323
"India",0,0.02,FALSE,TRUE,150,"BEBCS",-95.0289761056576,19.0260916092751,-57.3851934304154,NA,43.3333333333333,52.6939460458064,21.4876049172528,44.5,0,1.0628301353895,0,0.75264329023612,28.9184964033034,37.3800520364314,108.021289741509,111.719377712941,1.99859877108034,250.893262841323
"US",50,0.02,FALSE,TRUE,150,"BEBCS",-107.17979034344,45.1269958902586,-49.915058631909,NA,43.3333333333333,52.6939460458064,21.4876049172528,106.56,0,0.964264480854013,48.2132240427003,0.75264329023612,39.8632710883662,41.6348592289012,184.824196985154,189.410737889376,1.57540820398694,250.893262841323
"China",50,0.02,FALSE,TRUE,150,"BEBCS",-52.864756996123,58.118478103549,-6.48749161585572,NA,43.3333333333333,52.6939460458064,21.4876049172528,46.5,0,1.02811545765476,51.4057728827384,0.75264329023612,24.2046224506701,36.3863763228618,111.99883893709,117.702215555385,1.6063557543347,250.893262841323
"Europe",50,0.02,FALSE,TRUE,150,"BEBCS",-81.3183332205783,51.5990489614866,-46.469034142592,NA,43.3333333333333,52.6939460458064,21.4876049172528,71.516,0,0.816113796663346,40.8056898331674,0.75264329023612,45.6160700755379,13.2293980369599,176.003898054463,180.386589309619,1.26811889306356,250.893262841323
"India",50,0.02,FALSE,TRUE,150,"BEBCS",-42.2533496094332,71.4488328164718,-4.27726941987408,NA,43.3333333333333,52.6939460458064,21.4876049172528,44.5,0,1.0628301353895,53.141506769475,0.75264329023612,28.9184964033034,37.3800520364314,108.021289741509,111.719377712941,1.99859877108034,250.893262841323
"US",100,0.02,FALSE,TRUE,150,"BEBCS",-66.1517954060092,89.7339698775282,-1.69047682215371,NA,43.3333333333333,52.6939460458064,21.4876049172528,106.56,0,0.964264480854013,96.4264480854006,0.75264329023612,39.8632710883662,41.6348592289012,184.824196985154,189.410737889376,1.57540820398694,250.893262841323
"China",100,0.02,FALSE,TRUE,150,"BEBCS",-5.68996472564407,111.123728793654,43.5580262008223,NA,43.3333333333333,52.6939460458064,21.4876049172528,46.5,0,1.02811545765476,102.811545765477,0.75264329023612,24.2046224506701,36.3863763228618,111.99883893709,117.702215555385,1.6063557543347,250.893262841323
"Europe",100,0.02,FALSE,TRUE,150,"BEBCS",-43.6022634964434,107.764908985961,-5.56706934753965,NA,43.3333333333333,52.6939460458064,21.4876049172528,71.516,0,0.816113796663346,81.6113796663348,0.75264329023612,45.6160700755379,13.2293980369599,176.003898054463,180.386589309619,1.26811889306356,250.893262841323
"India",100,0.02,FALSE,TRUE,150,"BEBCS",10.5222768867911,123.871574023669,48.830654590665,NA,43.3333333333333,52.6939460458064,21.4876049172528,44.5,0,1.0628301353895,106.28301353895,0.75264329023612,28.9184964033034,37.3800520364314,108.021289741509,111.719377712941,1.99859877108034,250.893262841323
"US",150,0.02,FALSE,TRUE,150,"BEBCS",-25.1238004685781,135.395038973402,46.5341049876015,NA,43.3333333333333,52.6939460458064,21.4876049172528,106.56,0,0.964264480854013,144.639672128102,0.75264329023612,39.8632710883662,41.6348592289012,184.824196985154,189.410737889376,1.57540820398694,250.893262841323
"China",150,0.02,FALSE,TRUE,150,"BEBCS",41.4848275448349,164.128979483758,93.6035440174993,NA,43.3333333333333,52.6939460458064,21.4876049172528,46.5,0,1.02811545765476,154.217318648213,0.75264329023612,24.2046224506701,36.3863763228618,111.99883893709,117.702215555385,1.6063557543347,250.893262841323
"Europe",150,0.02,FALSE,TRUE,150,"BEBCS",-6.08135781708779,163.930769010436,35.3348954475128,NA,43.3333333333333,52.6939460458064,21.4876049172528,71.516,0,0.816113796663346,122.417069499502,0.75264329023612,45.6160700755379,13.2293980369599,176.003898054463,180.386589309619,1.26811889306356,250.893262841323
"India",150,0.02,FALSE,TRUE,150,"BEBCS",63.2979033830155,176.294315230865,101.938578601205,NA,43.3333333333333,52.6939460458064,21.4876049172528,44.5,0,1.0628301353895,159.424520308427,0.75264329023612,28.9184964033034,37.3800520364314,108.021289741509,111.719377712941,1.99859877108034,250.893262841323
"US",200,0.02,FALSE,TRUE,150,"BEBCS",15.9041944688529,188.021556454655,94.7586867973569,NA,43.3333333333333,52.6939460458064,21.4876049172528,106.56,0,0.964264480854013,192.852896170801,0.75264329023612,39.8632710883662,41.6348592289012,184.824196985154,189.410737889376,1.57540820398694,250.893262841323
"China",200,0.02,FALSE,TRUE,150,"BEBCS",88.6596198153139,217.134230173863,143.649061834179,NA,43.3333333333333,52.6939460458064,21.4876049172528,46.5,0,1.02811545765476,205.623091530954,0.75264329023612,24.2046224506701,36.3863763228618,111.99883893709,117.702215555385,1.6063557543347,250.893262841323
"Europe",200,0.02,FALSE,TRUE,150,"BEBCS",27.9860741743037,220.09662903491,76.2368602425652,NA,43.3333333333333,52.6939460458064,21.4876049172528,71.516,0,0.816113796663346,163.22275933267,0.75264329023612,45.6160700755379,13.2293980369599,176.003898054463,180.386589309619,1.26811889306356,250.893262841323
"India",200,0.02,FALSE,TRUE,150,"BEBCS",116.07352987924,228.717056438062,155.046502611743,NA,43.3333333333333,52.6939460458064,21.4876049172528,44.5,0,1.0628301353895,212.5660270779,0.75264329023612,28.9184964033034,37.3800520364314,108.021289741509,111.719377712941,1.99859877108034,250.893262841323
"US",0,0.08,FALSE,TRUE,150,"BEBCS",-195.598969896698,-62.9526690002539,-151.300992369481,NA,43.3333333333333,94.6051418517715,22.3240058517718,106.56,0,0.964264480854013,0,0.75264329023612,39.8632710883662,31.7097358904016,254.807840979988,234.208703816246,1.57540820398694,250.893262841323
"China",0,0.08,FALSE,TRUE,150,"BEBCS",-147.303005748503,-62.6447717244063,-108.840903717794,NA,43.3333333333333,94.6051418517715,22.3240058517718,46.5,0,1.02811545765476,0,0.75264329023612,24.2046224506701,27.7281002395882,180.299285497379,159.394477594369,1.6063557543347,250.893262841323
"Europe",0,0.08,FALSE,TRUE,150,"BEBCS",-162.401611125136,-70.5612212277785,-132.858806962477,NA,43.3333333333333,94.6051418517715,22.3240058517718,71.516,0,0.816113796663346,0,0.75264329023612,45.6160700755379,10.5321630131486,236.384203511053,233.311934493729,1.26811889306356,250.893262841323
"India",0,0.08,FALSE,TRUE,150,"BEBCS",-137.776572846142,-50.824506594248,-107.674516462861,NA,43.3333333333333,94.6051418517715,22.3240058517718,44.5,0,1.0628301353895,0,0.75264329023612,28.9184964033034,28.3911836597616,176.760977968799,151.959287520466,1.99859877108034,250.893262841323
"US",50,0.08,FALSE,TRUE,150,"BEBCS",-149.927387083924,-22.1770519060137,-103.076410559727,NA,43.3333333333333,94.6051418517715,22.3240058517718,106.56,0,0.964264480854013,48.2132240427003,0.75264329023612,39.8632710883662,31.7097358904016,254.807840979988,234.208703816246,1.57540820398694,250.893262841323
"China",50,0.08,FALSE,TRUE,150,"BEBCS",-95.6123537366072,-9.70842347290062,-58.7953859011176,NA,43.3333333333333,94.6051418517715,22.3240058517718,46.5,0,1.02811545765476,51.4057728827384,0.75264329023612,24.2046224506701,27.7281002395882,180.299285497379,159.394477594369,1.6063557543347,250.893262841323
"Europe",50,0.08,FALSE,TRUE,150,"BEBCS",-124.065929961062,-14.395361203304,-91.9568421674139,NA,43.3333333333333,94.6051418517715,22.3240058517718,71.516,0,0.816113796663346,40.8056898331674,0.75264329023612,45.6160700755379,10.5321630131486,236.384203511053,233.311934493729,1.26811889306356,250.893262841323
"India",50,0.08,FALSE,TRUE,150,"BEBCS",-85.0009463499174,1.59823461294872,-54.566592452324,NA,43.3333333333333,94.6051418517715,22.3240058517718,44.5,0,1.0628301353895,53.141506769475,0.75264329023612,28.9184964033034,28.3911836597616,176.760977968799,151.959287520466,1.99859877108034,250.893262841323
"US",100,0.08,FALSE,TRUE,150,"BEBCS",-108.899392146493,23.4840171898603,-54.8518287499716,NA,43.3333333333333,94.6051418517715,22.3240058517718,106.56,0,0.964264480854013,96.4264480854006,0.75264329023612,39.8632710883662,31.7097358904016,254.807840979988,234.208703816246,1.57540820398694,250.893262841323
"China",100,0.08,FALSE,TRUE,150,"BEBCS",-48.4375614661282,43.2968272172039,-8.74986808443931,NA,43.3333333333333,94.6051418517715,22.3240058517718,46.5,0,1.02811545765476,102.811545765477,0.75264329023612,24.2046224506701,27.7281002395882,180.299285497379,159.394477594369,1.6063557543347,250.893262841323
"Europe",100,0.08,FALSE,TRUE,150,"BEBCS",-86.3498602369276,41.7704988211705,-51.0548773723617,NA,43.3333333333333,94.6051418517715,22.3240058517718,71.516,0,0.816113796663346,81.6113796663348,0.75264329023612,45.6160700755379,10.5321630131486,236.384203511053,233.311934493729,1.26811889306356,250.893262841323
"India",100,0.08,FALSE,TRUE,150,"BEBCS",-32.225319853693,54.0209758201455,-1.45866844178508,NA,43.3333333333333,94.6051418517715,22.3240058517718,44.5,0,1.0628301353895,106.28301353895,0.75264329023612,28.9184964033034,28.3911836597616,176.760977968799,151.959287520466,1.99859877108034,250.893262841323
"US",150,0.08,FALSE,TRUE,150,"BEBCS",-67.8713972090623,69.1450862857342,-6.62724694021648,NA,43.3333333333333,94.6051418517715,22.3240058517718,106.56,0,0.964264480854013,144.639672128102,0.75264329023612,39.8632710883662,31.7097358904016,254.807840979988,234.208703816246,1.57540820398694,250.893262841323
"China",150,0.08,FALSE,TRUE,150,"BEBCS",-1.26276919564924,96.3020779073084,41.2956497322383,NA,43.3333333333333,94.6051418517715,22.3240058517718,46.5,0,1.02811545765476,154.217318648213,0.75264329023612,24.2046224506701,27.7281002395882,180.299285497379,159.394477594369,1.6063557543347,250.893262841323
"Europe",150,0.08,FALSE,TRUE,150,"BEBCS",-49.6446741201019,97.936358845645,-10.1529125773093,NA,43.3333333333333,94.6051418517715,22.3240058517718,71.516,0,0.816113796663346,122.417069499502,0.75264329023612,45.6160700755379,10.5321630131486,236.384203511053,233.311934493729,1.26811889306356,250.893262841323
"India",150,0.08,FALSE,TRUE,150,"BEBCS",20.5503066425314,106.443717027342,51.6492555687539,NA,43.3333333333333,94.6051418517715,22.3240058517718,44.5,0,1.0628301353895,159.424520308427,0.75264329023612,28.9184964033034,28.3911836597616,176.760977968799,151.959287520466,1.99859877108034,250.893262841323
"US",200,0.08,FALSE,TRUE,150,"BEBCS",-26.8434022716312,116.392338719062,41.5973348695385,NA,43.3333333333333,94.6051418517715,22.3240058517718,106.56,0,0.964264480854013,192.852896170801,0.75264329023612,39.8632710883662,31.7097358904016,254.807840979988,234.208703816246,1.57540820398694,250.893262841323
"China",200,0.08,FALSE,TRUE,150,"BEBCS",45.9120230748298,149.307328597413,91.3411675489176,NA,43.3333333333333,94.6051418517715,22.3240058517718,46.5,0,1.02811545765476,205.623091530954,0.75264329023612,24.2046224506701,27.7281002395882,180.299285497379,159.394477594369,1.6063557543347,250.893262841323
"Europe",200,0.08,FALSE,TRUE,150,"BEBCS",-15.5772421287103,163.803397884039,30.7490522177431,NA,43.3333333333333,94.6051418517715,22.3240058517718,71.516,0,0.816113796663346,163.22275933267,0.75264329023612,45.6160700755379,10.5321630131486,236.384203511053,233.311934493729,1.26811889306356,250.893262841323
"India",200,0.08,FALSE,TRUE,150,"BEBCS",73.3259331387557,158.866458234539,104.757179579292,NA,43.3333333333333,94.6051418517715,22.3240058517718,44.5,0,1.0628301353895,212.5660270779,0.75264329023612,28.9184964033034,28.3911836597616,176.760977968799,151.959287520466,1.99859877108034,250.893262841323
"US",0,0.15,FALSE,TRUE,150,"BEBCS",-257.113115753731,-143.40736078835,-220.180421796494,NA,43.3333333333333,154.5324122006,23.5257186347077,106.56,0,0.964264480854013,0,0.75264329023612,39.8632710883662,24.3229542708079,345.841356644317,298.269711037442,1.57540820398694,250.893262841323
"China",0,0.15,FALSE,TRUE,150,"BEBCS",-208.431988880267,-142.456416384952,-177.085146556981,NA,43.3333333333333,154.5324122006,23.5257186347077,46.5,0,1.02811545765476,0,0.75264329023612,24.2046224506701,21.2841707841932,270.080080016758,219.014334083114,1.6063557543347,250.893262841323
"Europe",0,0.15,FALSE,TRUE,150,"BEBCS",-223.530594256901,-148.991665334914,-196.027194710027,NA,43.3333333333333,154.5324122006,23.5257186347077,71.516,0,0.816113796663346,0,0.75264329023612,45.6160700755379,8.52474351637191,320.270426171377,308.995078803407,1.26811889306356,250.893262841323
"India",0,0.15,FALSE,TRUE,150,"BEBCS",-198.905555977906,-132.124921980805,-174.416435903194,NA,43.3333333333333,154.5324122006,23.5257186347077,44.5,0,1.0628301353895,0,0.75264329023612,28.9184964033034,21.7012106043977,266.868678478289,209.502283043261,1.99859877108034,250.893262841323
"US",50,0.15,FALSE,TRUE,150,"BEBCS",-211.074521645278,-100.797683756579,-171.955839986739,NA,43.3333333333333,154.5324122006,23.5257186347077,106.56,0,0.964264480854013,48.2132240427003,0.75264329023612,39.8632710883662,24.3229542708079,345.841356644317,298.269711037442,1.57540820398694,250.893262841323
"China",50,0.15,FALSE,TRUE,150,"BEBCS",-156.741336868372,-89.5027008963638,-127.039628740302,NA,43.3333333333333,154.5324122006,23.5257186347077,46.5,0,1.02811545765476,51.4057728827384,0.75264329023612,24.2046224506701,21.2841707841932,270.080080016758,219.014334083114,1.6063557543347,250.893262841323
"Europe",50,0.15,FALSE,TRUE,150,"BEBCS",-185.194913092827,-92.8258053104395,-155.12522991498,NA,43.3333333333333,154.5324122006,23.5257186347077,71.516,0,0.816113796663346,40.8056898331674,0.75264329023612,45.6160700755379,8.52474351637191,320.270426171377,308.995078803407,1.26811889306356,250.893262841323
"India",50,0.15,FALSE,TRUE,150,"BEBCS",-146.129929481682,-79.7021807736081,-121.308511892638,NA,43.3333333333333,154.5324122006,23.5257186347077,44.5,0,1.0628301353895,53.141506769475,0.75264329023612,28.9184964033034,21.7012106043977,266.868678478289,209.502283043261,1.99859877108034,250.893262841323
"US",100,0.15,FALSE,TRUE,150,"BEBCS",-170.028375278258,-55.1366146607055,-123.731258176984,NA,43.3333333333333,154.5324122006,23.5257186347077,106.56,0,0.964264480854013,96.4264480854006,0.75264329023612,39.8632710883662,24.3229542708079,345.841356644317,298.269711037442,1.57540820398694,250.893262841323
"China",100,0.15,FALSE,TRUE,150,"BEBCS",-109.566544597893,-36.4974502062593,-76.9941109236252,NA,43.3333333333333,154.5324122006,23.5257186347077,46.5,0,1.02811545765476,102.811545765477,0.75264329023612,24.2046224506701,21.2841707841932,270.080080016758,219.014334083114,1.6063557543347,250.893262841323
"Europe",100,0.15,FALSE,TRUE,150,"BEBCS",-147.478843368692,-36.659945285965,-114.223265119929,NA,43.3333333333333,154.5324122006,23.5257186347077,71.516,0,0.816113796663346,81.6113796663348,0.75264329023612,45.6160700755379,8.52474351637191,320.270426171377,308.995078803407,1.26811889306356,250.893262841323
"India",100,0.15,FALSE,TRUE,150,"BEBCS",-93.3543029854574,-27.2794395664113,-68.2005878820994,NA,43.3333333333333,154.5324122006,23.5257186347077,44.5,0,1.0628301353895,106.28301353895,0.75264329023612,28.9184964033034,21.7012106043977,266.868678478289,209.502283043261,1.99859877108034,250.893262841323
"US",150,0.15,FALSE,TRUE,150,"BEBCS",-129.000380340827,-9.47554556483158,-75.5066763672285,NA,43.3333333333333,154.5324122006,23.5257186347077,106.56,0,0.964264480854013,144.639672128102,0.75264329023612,39.8632710883662,24.3229542708079,345.841356644317,298.269711037442,1.57540820398694,250.893262841323
"China",150,0.15,FALSE,TRUE,150,"BEBCS",-62.3917523274136,16.5078004838452,-26.9485931069469,NA,43.3333333333333,154.5324122006,23.5257186347077,46.5,0,1.02811545765476,154.217318648213,0.75264329023612,24.2046224506701,21.2841707841932,270.080080016758,219.014334083114,1.6063557543347,250.893262841323
"Europe",150,0.15,FALSE,TRUE,150,"BEBCS",-111.380757241029,26.8659047068185,-73.3213003248764,NA,43.3333333333333,154.5324122006,23.5257186347077,71.516,0,0.816113796663346,122.417069499502,0.75264329023612,45.6160700755379,8.52474351637191,320.270426171377,308.995078803407,1.26811889306356,250.893262841323
"India",150,0.15,FALSE,TRUE,150,"BEBCS",-40.578676489233,25.1433016407854,-15.0926638715605,NA,43.3333333333333,154.5324122006,23.5257186347077,44.5,0,1.0628301353895,159.424520308427,0.75264329023612,28.9184964033034,21.7012106043977,266.868678478289,209.502283043261,1.99859877108034,250.893262841323
"US",200,0.15,FALSE,TRUE,150,"BEBCS",-87.9723854033956,36.9696680597136,-27.2820945574733,NA,43.3333333333333,154.5324122006,23.5257186347077,106.56,0,0.964264480854013,192.852896170801,0.75264329023612,39.8632710883662,24.3229542708079,345.841356644317,298.269711037442,1.57540820398694,250.893262841323
"China",200,0.15,FALSE,TRUE,150,"BEBCS",-15.2169600569346,69.5130511739498,23.0969247097308,NA,43.3333333333333,154.5324122006,23.5257186347077,46.5,0,1.02811545765476,205.623091530954,0.75264329023612,24.2046224506701,21.2841707841932,270.080080016758,219.014334083114,1.6063557543347,250.893262841323
"Europe",200,0.15,FALSE,TRUE,150,"BEBCS",-77.3133252496372,97.3681091287281,-32.4193355298243,NA,43.3333333333333,154.5324122006,23.5257186347077,71.516,0,0.816113796663346,163.22275933267,0.75264329023612,45.6160700755379,8.52474351637191,320.270426171377,308.995078803407,1.26811889306356,250.893262841323
"India",200,0.15,FALSE,TRUE,150,"BEBCS",12.1969500069913,77.5660428479822,38.0152601389786,NA,43.3333333333333,154.5324122006,23.5257186347077,44.5,0,1.0628301353895,212.5660270779,0.75264329023612,28.9184964033034,21.7012106043977,266.868678478289,209.502283043261,1.99859877108034,250.893262841323
"US",0,0.02,TRUE,FALSE,150,"BEBCS",-152.33385581909,5.761587091471,-98.1396404416637,NA,43.3333333333333,52.6939460458064,21.4876049172528,106.56,0,0.964264480854013,0,0.75264329023612,39.8632710883662,41.6348592289012,184.824196985154,189.410737889376,1.57540820398694,250.893262841323
"China",0,0.02,TRUE,FALSE,150,"BEBCS",-104.555409008019,5.20546504441408,-56.5330094325335,NA,43.3333333333333,52.6939460458064,21.4876049172528,46.5,0,1.02811545765476,0,0.75264329023612,24.2046224506701,36.3863763228618,111.99883893709,117.702215555385,1.6063557543347,250.893262841323
"Europe",0,0.02,TRUE,FALSE,150,"BEBCS",-119.654014384652,-4.56681106298788,-87.3709989376338,NA,43.3333333333333,52.6939460458064,21.4876049172528,71.516,0,0.816113796663346,0,0.75264329023612,45.6160700755379,13.2293980369599,176.003898054463,180.386589309619,1.26811889306356,250.893262841323
"India",0,0.02,TRUE,FALSE,150,"BEBCS",-95.0289761056576,19.0260916092751,-57.3851934304154,NA,43.3333333333333,52.6939460458064,21.4876049172528,44.5,0,1.0628301353895,0,0.75264329023612,28.9184964033034,37.3800520364314,108.021289741509,111.719377712941,1.99859877108034,250.893262841323
"US",50,0.02,TRUE,FALSE,150,"BEBCS",-107.17979034344,45.1269958902586,-49.915058631909,NA,43.3333333333333,52.6939460458064,21.4876049172528,106.56,0,0.964264480854013,48.2132240427003,0.75264329023612,39.8632710883662,41.6348592289012,184.824196985154,189.410737889376,1.57540820398694,250.893262841323
"China",50,0.02,TRUE,FALSE,150,"BEBCS",-52.864756996123,58.118478103549,-6.48749161585572,NA,43.3333333333333,52.6939460458064,21.4876049172528,46.5,0,1.02811545765476,51.4057728827384,0.75264329023612,24.2046224506701,36.3863763228618,111.99883893709,117.702215555385,1.6063557543347,250.893262841323
"Europe",50,0.02,TRUE,FALSE,150,"BEBCS",-81.3183332205783,51.5990489614866,-46.469034142592,NA,43.3333333333333,52.6939460458064,21.4876049172528,71.516,0,0.816113796663346,40.8056898331674,0.75264329023612,45.6160700755379,13.2293980369599,176.003898054463,180.386589309619,1.26811889306356,250.893262841323
"India",50,0.02,TRUE,FALSE,150,"BEBCS",-42.2533496094332,71.4488328164718,-4.27726941987408,NA,43.3333333333333,52.6939460458064,21.4876049172528,44.5,0,1.0628301353895,53.141506769475,0.75264329023612,28.9184964033034,37.3800520364314,108.021289741509,111.719377712941,1.99859877108034,250.893262841323
"US",100,0.02,TRUE,FALSE,150,"BEBCS",-66.1517954060092,89.7339698775282,-1.69047682215371,NA,43.3333333333333,52.6939460458064,21.4876049172528,106.56,0,0.964264480854013,96.4264480854006,0.75264329023612,39.8632710883662,41.6348592289012,184.824196985154,189.410737889376,1.57540820398694,250.893262841323
"China",100,0.02,TRUE,FALSE,150,"BEBCS",-5.68996472564407,111.123728793654,43.5580262008223,NA,43.3333333333333,52.6939460458064,21.4876049172528,46.5,0,1.02811545765476,102.811545765477,0.75264329023612,24.2046224506701,36.3863763228618,111.99883893709,117.702215555385,1.6063557543347,250.893262841323
"Europe",100,0.02,TRUE,FALSE,150,"BEBCS",-43.6022634964434,107.764908985961,-5.56706934753965,NA,43.3333333333333,52.6939460458064,21.4876049172528,71.516,0,0.816113796663346,81.6113796663348,0.75264329023612,45.6160700755379,13.2293980369599,176.003898054463,180.386589309619,1.26811889306356,250.893262841323
"India",100,0.02,TRUE,FALSE,150,"BEBCS",10.5222768867911,123.871574023669,48.830654590665,NA,43.3333333333333,52.6939460458064,21.4876049172528,44.5,0,1.0628301353895,106.28301353895,0.75264329023612,28.9184964033034,37.3800520364314,108.021289741509,111.719377712941,1.99859877108034,250.893262841323
"US",150,0.02,TRUE,FALSE,150,"BEBCS",-25.1238004685781,135.395038973402,46.5341049876015,NA,43.3333333333333,52.6939460458064,21.4876049172528,106.56,0,0.964264480854013,144.639672128102,0.75264329023612,39.8632710883662,41.6348592289012,184.824196985154,189.410737889376,1.57540820398694,250.893262841323
"China",150,0.02,TRUE,FALSE,150,"BEBCS",41.4848275448349,164.128979483758,93.6035440174993,NA,43.3333333333333,52.6939460458064,21.4876049172528,46.5,0,1.02811545765476,154.217318648213,0.75264329023612,24.2046224506701,36.3863763228618,111.99883893709,117.702215555385,1.6063557543347,250.893262841323
"Europe",150,0.02,TRUE,FALSE,150,"BEBCS",-6.08135781708779,163.930769010436,35.3348954475128,NA,43.3333333333333,52.6939460458064,21.4876049172528,71.516,0,0.816113796663346,122.417069499502,0.75264329023612,45.6160700755379,13.2293980369599,176.003898054463,180.386589309619,1.26811889306356,250.893262841323
"India",150,0.02,TRUE,FALSE,150,"BEBCS",63.2979033830155,176.294315230865,101.938578601205,NA,43.3333333333333,52.6939460458064,21.4876049172528,44.5,0,1.0628301353895,159.424520308427,0.75264329023612,28.9184964033034,37.3800520364314,108.021289741509,111.719377712941,1.99859877108034,250.893262841323
"US",200,0.02,TRUE,FALSE,150,"BEBCS",15.9041944688529,188.021556454655,94.7586867973569,NA,43.3333333333333,52.6939460458064,21.4876049172528,106.56,0,0.964264480854013,192.852896170801,0.75264329023612,39.8632710883662,41.6348592289012,184.824196985154,189.410737889376,1.57540820398694,250.893262841323
"China",200,0.02,TRUE,FALSE,150,"BEBCS",88.6596198153139,217.134230173863,143.649061834179,NA,43.3333333333333,52.6939460458064,21.4876049172528,46.5,0,1.02811545765476,205.623091530954,0.75264329023612,24.2046224506701,36.3863763228618,111.99883893709,117.702215555385,1.6063557543347,250.893262841323
"Europe",200,0.02,TRUE,FALSE,150,"BEBCS",27.9860741743037,220.09662903491,76.2368602425652,NA,43.3333333333333,52.6939460458064,21.4876049172528,71.516,0,0.816113796663346,163.22275933267,0.75264329023612,45.6160700755379,13.2293980369599,176.003898054463,180.386589309619,1.26811889306356,250.893262841323
"India",200,0.02,TRUE,FALSE,150,"BEBCS",116.07352987924,228.717056438062,155.046502611743,NA,43.3333333333333,52.6939460458064,21.4876049172528,44.5,0,1.0628301353895,212.5660270779,0.75264329023612,28.9184964033034,37.3800520364314,108.021289741509,111.719377712941,1.99859877108034,250.893262841323
"US",0,0.08,TRUE,FALSE,150,"BEBCS",-195.598969896698,-62.9526690002539,-151.300992369481,NA,43.3333333333333,94.6051418517715,22.3240058517718,106.56,0,0.964264480854013,0,0.75264329023612,39.8632710883662,31.7097358904016,254.807840979988,234.208703816246,1.57540820398694,250.893262841323
"China",0,0.08,TRUE,FALSE,150,"BEBCS",-147.303005748503,-62.6447717244063,-108.840903717794,NA,43.3333333333333,94.6051418517715,22.3240058517718,46.5,0,1.02811545765476,0,0.75264329023612,24.2046224506701,27.7281002395882,180.299285497379,159.394477594369,1.6063557543347,250.893262841323
"Europe",0,0.08,TRUE,FALSE,150,"BEBCS",-162.401611125136,-70.5612212277785,-132.858806962477,NA,43.3333333333333,94.6051418517715,22.3240058517718,71.516,0,0.816113796663346,0,0.75264329023612,45.6160700755379,10.5321630131486,236.384203511053,233.311934493729,1.26811889306356,250.893262841323
"India",0,0.08,TRUE,FALSE,150,"BEBCS",-137.776572846142,-50.824506594248,-107.674516462861,NA,43.3333333333333,94.6051418517715,22.3240058517718,44.5,0,1.0628301353895,0,0.75264329023612,28.9184964033034,28.3911836597616,176.760977968799,151.959287520466,1.99859877108034,250.893262841323
"US",50,0.08,TRUE,FALSE,150,"BEBCS",-149.927387083924,-22.1770519060137,-103.076410559727,NA,43.3333333333333,94.6051418517715,22.3240058517718,106.56,0,0.964264480854013,48.2132240427003,0.75264329023612,39.8632710883662,31.7097358904016,254.807840979988,234.208703816246,1.57540820398694,250.893262841323
"China",50,0.08,TRUE,FALSE,150,"BEBCS",-95.6123537366072,-9.70842347290062,-58.7953859011176,NA,43.3333333333333,94.6051418517715,22.3240058517718,46.5,0,1.02811545765476,51.4057728827384,0.75264329023612,24.2046224506701,27.7281002395882,180.299285497379,159.394477594369,1.6063557543347,250.893262841323
"Europe",50,0.08,TRUE,FALSE,150,"BEBCS",-124.065929961062,-14.395361203304,-91.9568421674139,NA,43.3333333333333,94.6051418517715,22.3240058517718,71.516,0,0.816113796663346,40.8056898331674,0.75264329023612,45.6160700755379,10.5321630131486,236.384203511053,233.311934493729,1.26811889306356,250.893262841323
"India",50,0.08,TRUE,FALSE,150,"BEBCS",-85.0009463499174,1.59823461294872,-54.566592452324,NA,43.3333333333333,94.6051418517715,22.3240058517718,44.5,0,1.0628301353895,53.141506769475,0.75264329023612,28.9184964033034,28.3911836597616,176.760977968799,151.959287520466,1.99859877108034,250.893262841323
"US",100,0.08,TRUE,FALSE,150,"BEBCS",-108.899392146493,23.4840171898603,-54.8518287499716,NA,43.3333333333333,94.6051418517715,22.3240058517718,106.56,0,0.964264480854013,96.4264480854006,0.75264329023612,39.8632710883662,31.7097358904016,254.807840979988,234.208703816246,1.57540820398694,250.893262841323
"China",100,0.08,TRUE,FALSE,150,"BEBCS",-48.4375614661282,43.2968272172039,-8.74986808443931,NA,43.3333333333333,94.6051418517715,22.3240058517718,46.5,0,1.02811545765476,102.811545765477,0.75264329023612,24.2046224506701,27.7281002395882,180.299285497379,159.394477594369,1.6063557543347,250.893262841323
"Europe",100,0.08,TRUE,FALSE,150,"BEBCS",-86.3498602369276,41.7704988211705,-51.0548773723617,NA,43.3333333333333,94.6051418517715,22.3240058517718,71.516,0,0.816113796663346,81.6113796663348,0.75264329023612,45.6160700755379,10.5321630131486,236.384203511053,233.311934493729,1.26811889306356,250.893262841323
"India",100,0.08,TRUE,FALSE,150,"BEBCS",-32.225319853693,54.0209758201455,-1.45866844178508,NA,43.3333333333333,94.6051418517715,22.3240058517718,44.5,0,1.0628301353895,106.28301353895,0.75264329023612,28.9184964033034,28.3911836597616,176.760977968799,151.959287520466,1.99859877108034,250.893262841323
"US",150,0.08,TRUE,FALSE,150,"BEBCS",-67.8713972090623,69.1450862857342,-6.62724694021648,NA,43.3333333333333,94.6051418517715,22.3240058517718,106.56,0,0.964264480854013,144.639672128102,0.75264329023612,39.8632710883662,31.7097358904016,254.807840979988,234.208703816246,1.57540820398694,250.893262841323
"China",150,0.08,TRUE,FALSE,150,"BEBCS",-1.26276919564924,96.3020779073084,41.2956497322383,NA,43.3333333333333,94.6051418517715,22.3240058517718,46.5,0,1.02811545765476,154.217318648213,0.75264329023612,24.2046224506701,27.7281002395882,180.299285497379,159.394477594369,1.6063557543347,250.893262841323
"Europe",150,0.08,TRUE,FALSE,150,"BEBCS",-49.6446741201019,97.936358845645,-10.1529125773093,NA,43.3333333333333,94.6051418517715,22.3240058517718,71.516,0,0.816113796663346,122.417069499502,0.75264329023612,45.6160700755379,10.5321630131486,236.384203511053,233.311934493729,1.26811889306356,250.893262841323
"India",150,0.08,TRUE,FALSE,150,"BEBCS",20.5503066425314,106.443717027342,51.6492555687539,NA,43.3333333333333,94.6051418517715,22.3240058517718,44.5,0,1.0628301353895,159.424520308427,0.75264329023612,28.9184964033034,28.3911836597616,176.760977968799,151.959287520466,1.99859877108034,250.893262841323
"US",200,0.08,TRUE,FALSE,150,"BEBCS",-26.8434022716312,116.392338719062,41.5973348695385,NA,43.3333333333333,94.6051418517715,22.3240058517718,106.56,0,0.964264480854013,192.852896170801,0.75264329023612,39.8632710883662,31.7097358904016,254.807840979988,234.208703816246,1.57540820398694,250.893262841323
"China",200,0.08,TRUE,FALSE,150,"BEBCS",45.9120230748298,149.307328597413,91.3411675489176,NA,43.3333333333333,94.6051418517715,22.3240058517718,46.5,0,1.02811545765476,205.623091530954,0.75264329023612,24.2046224506701,27.7281002395882,180.299285497379,159.394477594369,1.6063557543347,250.893262841323
"Europe",200,0.08,TRUE,FALSE,150,"BEBCS",-15.5772421287103,163.803397884039,30.7490522177431,NA,43.3333333333333,94.6051418517715,22.3240058517718,71.516,0,0.816113796663346,163.22275933267,0.75264329023612,45.6160700755379,10.5321630131486,236.384203511053,233.311934493729,1.26811889306356,250.893262841323
"India",200,0.08,TRUE,FALSE,150,"BEBCS",73.3259331387557,158.866458234539,104.757179579292,NA,43.3333333333333,94.6051418517715,22.3240058517718,44.5,0,1.0628301353895,212.5660270779,0.75264329023612,28.9184964033034,28.3911836597616,176.760977968799,151.959287520466,1.99859877108034,250.893262841323
"US",0,0.15,TRUE,FALSE,150,"BEBCS",-257.113115753731,-143.40736078835,-220.180421796494,NA,43.3333333333333,154.5324122006,23.5257186347077,106.56,0,0.964264480854013,0,0.75264329023612,39.8632710883662,24.3229542708079,345.841356644317,298.269711037442,1.57540820398694,250.893262841323
"China",0,0.15,TRUE,FALSE,150,"BEBCS",-208.431988880267,-142.456416384952,-177.085146556981,NA,43.3333333333333,154.5324122006,23.5257186347077,46.5,0,1.02811545765476,0,0.75264329023612,24.2046224506701,21.2841707841932,270.080080016758,219.014334083114,1.6063557543347,250.893262841323
"Europe",0,0.15,TRUE,FALSE,150,"BEBCS",-223.530594256901,-148.991665334914,-196.027194710027,NA,43.3333333333333,154.5324122006,23.5257186347077,71.516,0,0.816113796663346,0,0.75264329023612,45.6160700755379,8.52474351637191,320.270426171377,308.995078803407,1.26811889306356,250.893262841323
"India",0,0.15,TRUE,FALSE,150,"BEBCS",-198.905555977906,-132.124921980805,-174.416435903194,NA,43.3333333333333,154.5324122006,23.5257186347077,44.5,0,1.0628301353895,0,0.75264329023612,28.9184964033034,21.7012106043977,266.868678478289,209.502283043261,1.99859877108034,250.893262841323
"US",50,0.15,TRUE,FALSE,150,"BEBCS",-211.074521645278,-100.797683756579,-171.955839986739,NA,43.3333333333333,154.5324122006,23.5257186347077,106.56,0,0.964264480854013,48.2132240427003,0.75264329023612,39.8632710883662,24.3229542708079,345.841356644317,298.269711037442,1.57540820398694,250.893262841323
"China",50,0.15,TRUE,FALSE,150,"BEBCS",-156.741336868372,-89.5027008963638,-127.039628740302,NA,43.3333333333333,154.5324122006,23.5257186347077,46.5,0,1.02811545765476,51.4057728827384,0.75264329023612,24.2046224506701,21.2841707841932,270.080080016758,219.014334083114,1.6063557543347,250.893262841323
"Europe",50,0.15,TRUE,FALSE,150,"BEBCS",-185.194913092827,-92.8258053104395,-155.12522991498,NA,43.3333333333333,154.5324122006,23.5257186347077,71.516,0,0.816113796663346,40.8056898331674,0.75264329023612,45.6160700755379,8.52474351637191,320.270426171377,308.995078803407,1.26811889306356,250.893262841323
"India",50,0.15,TRUE,FALSE,150,"BEBCS",-146.129929481682,-79.7021807736081,-121.308511892638,NA,43.3333333333333,154.5324122006,23.5257186347077,44.5,0,1.0628301353895,53.141506769475,0.75264329023612,28.9184964033034,21.7012106043977,266.868678478289,209.502283043261,1.99859877108034,250.893262841323
"US",100,0.15,TRUE,FALSE,150,"BEBCS",-170.028375278258,-55.1366146607055,-123.731258176984,NA,43.3333333333333,154.5324122006,23.5257186347077,106.56,0,0.964264480854013,96.4264480854006,0.75264329023612,39.8632710883662,24.3229542708079,345.841356644317,298.269711037442,1.57540820398694,250.893262841323
"China",100,0.15,TRUE,FALSE,150,"BEBCS",-109.566544597893,-36.4974502062593,-76.9941109236252,NA,43.3333333333333,154.5324122006,23.5257186347077,46.5,0,1.02811545765476,102.811545765477,0.75264329023612,24.2046224506701,21.2841707841932,270.080080016758,219.014334083114,1.6063557543347,250.893262841323
"Europe",100,0.15,TRUE,FALSE,150,"BEBCS",-147.478843368692,-36.659945285965,-114.223265119929,NA,43.3333333333333,154.5324122006,23.5257186347077,71.516,0,0.816113796663346,81.6113796663348,0.75264329023612,45.6160700755379,8.52474351637191,320.270426171377,308.995078803407,1.26811889306356,250.893262841323
"India",100,0.15,TRUE,FALSE,150,"BEBCS",-93.3543029854574,-27.2794395664113,-68.2005878820994,NA,43.3333333333333,154.5324122006,23.5257186347077,44.5,0,1.0628301353895,106.28301353895,0.75264329023612,28.9184964033034,21.7012106043977,266.868678478289,209.502283043261,1.99859877108034,250.893262841323
"US",150,0.15,TRUE,FALSE,150,"BEBCS",-129.000380340827,-9.47554556483158,-75.5066763672285,NA,43.3333333333333,154.5324122006,23.5257186347077,106.56,0,0.964264480854013,144.639672128102,0.75264329023612,39.8632710883662,24.3229542708079,345.841356644317,298.269711037442,1.57540820398694,250.893262841323
"China",150,0.15,TRUE,FALSE,150,"BEBCS",-62.3917523274136,16.5078004838452,-26.9485931069469,NA,43.3333333333333,154.5324122006,23.5257186347077,46.5,0,1.02811545765476,154.217318648213,0.75264329023612,24.2046224506701,21.2841707841932,270.080080016758,219.014334083114,1.6063557543347,250.893262841323
"Europe",150,0.15,TRUE,FALSE,150,"BEBCS",-111.380757241029,26.8659047068185,-73.3213003248764,NA,43.3333333333333,154.5324122006,23.5257186347077,71.516,0,0.816113796663346,122.417069499502,0.75264329023612,45.6160700755379,8.52474351637191,320.270426171377,308.995078803407,1.26811889306356,250.893262841323
"India",150,0.15,TRUE,FALSE,150,"BEBCS",-40.578676489233,25.1433016407854,-15.0926638715605,NA,43.3333333333333,154.5324122006,23.5257186347077,44.5,0,1.0628301353895,159.424520308427,0.75264329023612,28.9184964033034,21.7012106043977,266.868678478289,209.502283043261,1.99859877108034,250.893262841323
"US",200,0.15,TRUE,FALSE,150,"BEBCS",-87.9723854033956,36.9696680597136,-27.2820945574733,NA,43.3333333333333,154.5324122006,23.5257186347077,106.56,0,0.964264480854013,192.852896170801,0.75264329023612,39.8632710883662,24.3229542708079,345.841356644317,298.269711037442,1.57540820398694,250.893262841323
"China",200,0.15,TRUE,FALSE,150,"BEBCS",-15.2169600569346,69.5130511739498,23.0969247097308,NA,43.3333333333333,154.5324122006,23.5257186347077,46.5,0,1.02811545765476,205.623091530954,0.75264329023612,24.2046224506701,21.2841707841932,270.080080016758,219.014334083114,1.6063557543347,250.893262841323
"Europe",200,0.15,TRUE,FALSE,150,"BEBCS",-77.3133252496372,97.3681091287281,-32.4193355298243,NA,43.3333333333333,154.5324122006,23.5257186347077,71.516,0,0.816113796663346,163.22275933267,0.75264329023612,45.6160700755379,8.52474351637191,320.270426171377,308.995078803407,1.26811889306356,250.893262841323
"India",200,0.15,TRUE,FALSE,150,"BEBCS",12.1969500069913,77.5660428479822,38.0152601389786,NA,43.3333333333333,154.5324122006,23.5257186347077,44.5,0,1.0628301353895,212.5660270779,0.75264329023612,28.9184964033034,21.7012106043977,266.868678478289,209.502283043261,1.99859877108034,250.893262841323
"US",0,0.02,FALSE,FALSE,150,"BEBCS",-152.33385581909,5.761587091471,-98.1396404416637,NA,43.3333333333333,52.6939460458064,21.4876049172528,106.56,0,0.964264480854013,0,0.75264329023612,39.8632710883662,41.6348592289012,184.824196985154,189.410737889376,1.57540820398694,250.893262841323
"China",0,0.02,FALSE,FALSE,150,"BEBCS",-104.555409008019,5.20546504441408,-56.5330094325335,NA,43.3333333333333,52.6939460458064,21.4876049172528,46.5,0,1.02811545765476,0,0.75264329023612,24.2046224506701,36.3863763228618,111.99883893709,117.702215555385,1.6063557543347,250.893262841323
"Europe",0,0.02,FALSE,FALSE,150,"BEBCS",-119.654014384652,-4.56681106298788,-87.3709989376338,NA,43.3333333333333,52.6939460458064,21.4876049172528,71.516,0,0.816113796663346,0,0.75264329023612,45.6160700755379,13.2293980369599,176.003898054463,180.386589309619,1.26811889306356,250.893262841323
"India",0,0.02,FALSE,FALSE,150,"BEBCS",-95.0289761056576,19.0260916092751,-57.3851934304154,NA,43.3333333333333,52.6939460458064,21.4876049172528,44.5,0,1.0628301353895,0,0.75264329023612,28.9184964033034,37.3800520364314,108.021289741509,111.719377712941,1.99859877108034,250.893262841323
"US",50,0.02,FALSE,FALSE,150,"BEBCS",-107.17979034344,45.1269958902586,-49.915058631909,NA,43.3333333333333,52.6939460458064,21.4876049172528,106.56,0,0.964264480854013,48.2132240427003,0.75264329023612,39.8632710883662,41.6348592289012,184.824196985154,189.410737889376,1.57540820398694,250.893262841323
"China",50,0.02,FALSE,FALSE,150,"BEBCS",-52.864756996123,58.118478103549,-6.48749161585572,NA,43.3333333333333,52.6939460458064,21.4876049172528,46.5,0,1.02811545765476,51.4057728827384,0.75264329023612,24.2046224506701,36.3863763228618,111.99883893709,117.702215555385,1.6063557543347,250.893262841323
"Europe",50,0.02,FALSE,FALSE,150,"BEBCS",-81.3183332205783,51.5990489614866,-46.469034142592,NA,43.3333333333333,52.6939460458064,21.4876049172528,71.516,0,0.816113796663346,40.8056898331674,0.75264329023612,45.6160700755379,13.2293980369599,176.003898054463,180.386589309619,1.26811889306356,250.893262841323
"India",50,0.02,FALSE,FALSE,150,"BEBCS",-42.2533496094332,71.4488328164718,-4.27726941987408,NA,43.3333333333333,52.6939460458064,21.4876049172528,44.5,0,1.0628301353895,53.141506769475,0.75264329023612,28.9184964033034,37.3800520364314,108.021289741509,111.719377712941,1.99859877108034,250.893262841323
"US",100,0.02,FALSE,FALSE,150,"BEBCS",-66.1517954060092,89.7339698775282,-1.69047682215371,NA,43.3333333333333,52.6939460458064,21.4876049172528,106.56,0,0.964264480854013,96.4264480854006,0.75264329023612,39.8632710883662,41.6348592289012,184.824196985154,189.410737889376,1.57540820398694,250.893262841323
"China",100,0.02,FALSE,FALSE,150,"BEBCS",-5.68996472564407,111.123728793654,43.5580262008223,NA,43.3333333333333,52.6939460458064,21.4876049172528,46.5,0,1.02811545765476,102.811545765477,0.75264329023612,24.2046224506701,36.3863763228618,111.99883893709,117.702215555385,1.6063557543347,250.893262841323
"Europe",100,0.02,FALSE,FALSE,150,"BEBCS",-43.6022634964434,107.764908985961,-5.56706934753965,NA,43.3333333333333,52.6939460458064,21.4876049172528,71.516,0,0.816113796663346,81.6113796663348,0.75264329023612,45.6160700755379,13.2293980369599,176.003898054463,180.386589309619,1.26811889306356,250.893262841323
"India",100,0.02,FALSE,FALSE,150,"BEBCS",10.5222768867911,123.871574023669,48.830654590665,NA,43.3333333333333,52.6939460458064,21.4876049172528,44.5,0,1.0628301353895,106.28301353895,0.75264329023612,28.9184964033034,37.3800520364314,108.021289741509,111.719377712941,1.99859877108034,250.893262841323
"US",150,0.02,FALSE,FALSE,150,"BEBCS",-25.1238004685781,135.395038973402,46.5341049876015,NA,43.3333333333333,52.6939460458064,21.4876049172528,106.56,0,0.964264480854013,144.639672128102,0.75264329023612,39.8632710883662,41.6348592289012,184.824196985154,189.410737889376,1.57540820398694,250.893262841323
"China",150,0.02,FALSE,FALSE,150,"BEBCS",41.4848275448349,164.128979483758,93.6035440174993,NA,43.3333333333333,52.6939460458064,21.4876049172528,46.5,0,1.02811545765476,154.217318648213,0.75264329023612,24.2046224506701,36.3863763228618,111.99883893709,117.702215555385,1.6063557543347,250.893262841323
"Europe",150,0.02,FALSE,FALSE,150,"BEBCS",-6.08135781708779,163.930769010436,35.3348954475128,NA,43.3333333333333,52.6939460458064,21.4876049172528,71.516,0,0.816113796663346,122.417069499502,0.75264329023612,45.6160700755379,13.2293980369599,176.003898054463,180.386589309619,1.26811889306356,250.893262841323
"India",150,0.02,FALSE,FALSE,150,"BEBCS",63.2979033830155,176.294315230865,101.938578601205,NA,43.3333333333333,52.6939460458064,21.4876049172528,44.5,0,1.0628301353895,159.424520308427,0.75264329023612,28.9184964033034,37.3800520364314,108.021289741509,111.719377712941,1.99859877108034,250.893262841323
"US",200,0.02,FALSE,FALSE,150,"BEBCS",15.9041944688529,188.021556454655,94.7586867973569,NA,43.3333333333333,52.6939460458064,21.4876049172528,106.56,0,0.964264480854013,192.852896170801,0.75264329023612,39.8632710883662,41.6348592289012,184.824196985154,189.410737889376,1.57540820398694,250.893262841323
"China",200,0.02,FALSE,FALSE,150,"BEBCS",88.6596198153139,217.134230173863,143.649061834179,NA,43.3333333333333,52.6939460458064,21.4876049172528,46.5,0,1.02811545765476,205.623091530954,0.75264329023612,24.2046224506701,36.3863763228618,111.99883893709,117.702215555385,1.6063557543347,250.893262841323
"Europe",200,0.02,FALSE,FALSE,150,"BEBCS",27.9860741743037,220.09662903491,76.2368602425652,NA,43.3333333333333,52.6939460458064,21.4876049172528,71.516,0,0.816113796663346,163.22275933267,0.75264329023612,45.6160700755379,13.2293980369599,176.003898054463,180.386589309619,1.26811889306356,250.893262841323
"India",200,0.02,FALSE,FALSE,150,"BEBCS",116.07352987924,228.717056438062,155.046502611743,NA,43.3333333333333,52.6939460458064,21.4876049172528,44.5,0,1.0628301353895,212.5660270779,0.75264329023612,28.9184964033034,37.3800520364314,108.021289741509,111.719377712941,1.99859877108034,250.893262841323
"US",0,0.08,FALSE,FALSE,150,"BEBCS",-195.598969896698,-62.9526690002539,-151.300992369481,NA,43.3333333333333,94.6051418517715,22.3240058517718,106.56,0,0.964264480854013,0,0.75264329023612,39.8632710883662,31.7097358904016,254.807840979988,234.208703816246,1.57540820398694,250.893262841323
"China",0,0.08,FALSE,FALSE,150,"BEBCS",-147.303005748503,-62.6447717244063,-108.840903717794,NA,43.3333333333333,94.6051418517715,22.3240058517718,46.5,0,1.02811545765476,0,0.75264329023612,24.2046224506701,27.7281002395882,180.299285497379,159.394477594369,1.6063557543347,250.893262841323
"Europe",0,0.08,FALSE,FALSE,150,"BEBCS",-162.401611125136,-70.5612212277785,-132.858806962477,NA,43.3333333333333,94.6051418517715,22.3240058517718,71.516,0,0.816113796663346,0,0.75264329023612,45.6160700755379,10.5321630131486,236.384203511053,233.311934493729,1.26811889306356,250.893262841323
"India",0,0.08,FALSE,FALSE,150,"BEBCS",-137.776572846142,-50.824506594248,-107.674516462861,NA,43.3333333333333,94.6051418517715,22.3240058517718,44.5,0,1.0628301353895,0,0.75264329023612,28.9184964033034,28.3911836597616,176.760977968799,151.959287520466,1.99859877108034,250.893262841323
"US",50,0.08,FALSE,FALSE,150,"BEBCS",-149.927387083924,-22.1770519060137,-103.076410559727,NA,43.3333333333333,94.6051418517715,22.3240058517718,106.56,0,0.964264480854013,48.2132240427003,0.75264329023612,39.8632710883662,31.7097358904016,254.807840979988,234.208703816246,1.57540820398694,250.893262841323
"China",50,0.08,FALSE,FALSE,150,"BEBCS",-95.6123537366072,-9.70842347290062,-58.7953859011176,NA,43.3333333333333,94.6051418517715,22.3240058517718,46.5,0,1.02811545765476,51.4057728827384,0.75264329023612,24.2046224506701,27.7281002395882,180.299285497379,159.394477594369,1.6063557543347,250.893262841323
"Europe",50,0.08,FALSE,FALSE,150,"BEBCS",-124.065929961062,-14.395361203304,-91.9568421674139,NA,43.3333333333333,94.6051418517715,22.3240058517718,71.516,0,0.816113796663346,40.8056898331674,0.75264329023612,45.6160700755379,10.5321630131486,236.384203511053,233.311934493729,1.26811889306356,250.893262841323
"India",50,0.08,FALSE,FALSE,150,"BEBCS",-85.0009463499174,1.59823461294872,-54.566592452324,NA,43.3333333333333,94.6051418517715,22.3240058517718,44.5,0,1.0628301353895,53.141506769475,0.75264329023612,28.9184964033034,28.3911836597616,176.760977968799,151.959287520466,1.99859877108034,250.893262841323
"US",100,0.08,FALSE,FALSE,150,"BEBCS",-108.899392146493,23.4840171898603,-54.8518287499716,NA,43.3333333333333,94.6051418517715,22.3240058517718,106.56,0,0.964264480854013,96.4264480854006,0.75264329023612,39.8632710883662,31.7097358904016,254.807840979988,234.208703816246,1.57540820398694,250.893262841323
"China",100,0.08,FALSE,FALSE,150,"BEBCS",-48.4375614661282,43.2968272172039,-8.74986808443931,NA,43.3333333333333,94.6051418517715,22.3240058517718,46.5,0,1.02811545765476,102.811545765477,0.75264329023612,24.2046224506701,27.7281002395882,180.299285497379,159.394477594369,1.6063557543347,250.893262841323
"Europe",100,0.08,FALSE,FALSE,150,"BEBCS",-86.3498602369276,41.7704988211705,-51.0548773723617,NA,43.3333333333333,94.6051418517715,22.3240058517718,71.516,0,0.816113796663346,81.6113796663348,0.75264329023612,45.6160700755379,10.5321630131486,236.384203511053,233.311934493729,1.26811889306356,250.893262841323
"India",100,0.08,FALSE,FALSE,150,"BEBCS",-32.225319853693,54.0209758201455,-1.45866844178508,NA,43.3333333333333,94.6051418517715,22.3240058517718,44.5,0,1.0628301353895,106.28301353895,0.75264329023612,28.9184964033034,28.3911836597616,176.760977968799,151.959287520466,1.99859877108034,250.893262841323
"US",150,0.08,FALSE,FALSE,150,"BEBCS",-67.8713972090623,69.1450862857342,-6.62724694021648,NA,43.3333333333333,94.6051418517715,22.3240058517718,106.56,0,0.964264480854013,144.639672128102,0.75264329023612,39.8632710883662,31.7097358904016,254.807840979988,234.208703816246,1.57540820398694,250.893262841323
"China",150,0.08,FALSE,FALSE,150,"BEBCS",-1.26276919564924,96.3020779073084,41.2956497322383,NA,43.3333333333333,94.6051418517715,22.3240058517718,46.5,0,1.02811545765476,154.217318648213,0.75264329023612,24.2046224506701,27.7281002395882,180.299285497379,159.394477594369,1.6063557543347,250.893262841323
"Europe",150,0.08,FALSE,FALSE,150,"BEBCS",-49.6446741201019,97.936358845645,-10.1529125773093,NA,43.3333333333333,94.6051418517715,22.3240058517718,71.516,0,0.816113796663346,122.417069499502,0.75264329023612,45.6160700755379,10.5321630131486,236.384203511053,233.311934493729,1.26811889306356,250.893262841323
"India",150,0.08,FALSE,FALSE,150,"BEBCS",20.5503066425314,106.443717027342,51.6492555687539,NA,43.3333333333333,94.6051418517715,22.3240058517718,44.5,0,1.0628301353895,159.424520308427,0.75264329023612,28.9184964033034,28.3911836597616,176.760977968799,151.959287520466,1.99859877108034,250.893262841323
"US",200,0.08,FALSE,FALSE,150,"BEBCS",-26.8434022716312,116.392338719062,41.5973348695385,NA,43.3333333333333,94.6051418517715,22.3240058517718,106.56,0,0.964264480854013,192.852896170801,0.75264329023612,39.8632710883662,31.7097358904016,254.807840979988,234.208703816246,1.57540820398694,250.893262841323
"China",200,0.08,FALSE,FALSE,150,"BEBCS",45.9120230748298,149.307328597413,91.3411675489176,NA,43.3333333333333,94.6051418517715,22.3240058517718,46.5,0,1.02811545765476,205.623091530954,0.75264329023612,24.2046224506701,27.7281002395882,180.299285497379,159.394477594369,1.6063557543347,250.893262841323
"Europe",200,0.08,FALSE,FALSE,150,"BEBCS",-15.5772421287103,163.803397884039,30.7490522177431,NA,43.3333333333333,94.6051418517715,22.3240058517718,71.516,0,0.816113796663346,163.22275933267,0.75264329023612,45.6160700755379,10.5321630131486,236.384203511053,233.311934493729,1.26811889306356,250.893262841323
"India",200,0.08,FALSE,FALSE,150,"BEBCS",73.3259331387557,158.866458234539,104.757179579292,NA,43.3333333333333,94.6051418517715,22.3240058517718,44.5,0,1.0628301353895,212.5660270779,0.75264329023612,28.9184964033034,28.3911836597616,176.760977968799,151.959287520466,1.99859877108034,250.893262841323
"US",0,0.15,FALSE,FALSE,150,"BEBCS",-257.113115753731,-143.40736078835,-220.180421796494,NA,43.3333333333333,154.5324122006,23.5257186347077,106.56,0,0.964264480854013,0,0.75264329023612,39.8632710883662,24.3229542708079,345.841356644317,298.269711037442,1.57540820398694,250.893262841323
"China",0,0.15,FALSE,FALSE,150,"BEBCS",-208.431988880267,-142.456416384952,-177.085146556981,NA,43.3333333333333,154.5324122006,23.5257186347077,46.5,0,1.02811545765476,0,0.75264329023612,24.2046224506701,21.2841707841932,270.080080016758,219.014334083114,1.6063557543347,250.893262841323
"Europe",0,0.15,FALSE,FALSE,150,"BEBCS",-223.530594256901,-148.991665334914,-196.027194710027,NA,43.3333333333333,154.5324122006,23.5257186347077,71.516,0,0.816113796663346,0,0.75264329023612,45.6160700755379,8.52474351637191,320.270426171377,308.995078803407,1.26811889306356,250.893262841323
"India",0,0.15,FALSE,FALSE,150,"BEBCS",-198.905555977906,-132.124921980805,-174.416435903194,NA,43.3333333333333,154.5324122006,23.5257186347077,44.5,0,1.0628301353895,0,0.75264329023612,28.9184964033034,21.7012106043977,266.868678478289,209.502283043261,1.99859877108034,250.893262841323
"US",50,0.15,FALSE,FALSE,150,"BEBCS",-211.074521645278,-100.797683756579,-171.955839986739,NA,43.3333333333333,154.5324122006,23.5257186347077,106.56,0,0.964264480854013,48.2132240427003,0.75264329023612,39.8632710883662,24.3229542708079,345.841356644317,298.269711037442,1.57540820398694,250.893262841323
"China",50,0.15,FALSE,FALSE,150,"BEBCS",-156.741336868372,-89.5027008963638,-127.039628740302,NA,43.3333333333333,154.5324122006,23.5257186347077,46.5,0,1.02811545765476,51.4057728827384,0.75264329023612,24.2046224506701,21.2841707841932,270.080080016758,219.014334083114,1.6063557543347,250.893262841323
"Europe",50,0.15,FALSE,FALSE,150,"BEBCS",-185.194913092827,-92.8258053104395,-155.12522991498,NA,43.3333333333333,154.5324122006,23.5257186347077,71.516,0,0.816113796663346,40.8056898331674,0.75264329023612,45.6160700755379,8.52474351637191,320.270426171377,308.995078803407,1.26811889306356,250.893262841323
"India",50,0.15,FALSE,FALSE,150,"BEBCS",-146.129929481682,-79.7021807736081,-121.308511892638,NA,43.3333333333333,154.5324122006,23.5257186347077,44.5,0,1.0628301353895,53.141506769475,0.75264329023612,28.9184964033034,21.7012106043977,266.868678478289,209.502283043261,1.99859877108034,250.893262841323
"US",100,0.15,FALSE,FALSE,150,"BEBCS",-170.028375278258,-55.1366146607055,-123.731258176984,NA,43.3333333333333,154.5324122006,23.5257186347077,106.56,0,0.964264480854013,96.4264480854006,0.75264329023612,39.8632710883662,24.3229542708079,345.841356644317,298.269711037442,1.57540820398694,250.893262841323
"China",100,0.15,FALSE,FALSE,150,"BEBCS",-109.566544597893,-36.4974502062593,-76.9941109236252,NA,43.3333333333333,154.5324122006,23.5257186347077,46.5,0,1.02811545765476,102.811545765477,0.75264329023612,24.2046224506701,21.2841707841932,270.080080016758,219.014334083114,1.6063557543347,250.893262841323
"Europe",100,0.15,FALSE,FALSE,150,"BEBCS",-147.478843368692,-36.659945285965,-114.223265119929,NA,43.3333333333333,154.5324122006,23.5257186347077,71.516,0,0.816113796663346,81.6113796663348,0.75264329023612,45.6160700755379,8.52474351637191,320.270426171377,308.995078803407,1.26811889306356,250.893262841323
"India",100,0.15,FALSE,FALSE,150,"BEBCS",-93.3543029854574,-27.2794395664113,-68.2005878820994,NA,43.3333333333333,154.5324122006,23.5257186347077,44.5,0,1.0628301353895,106.28301353895,0.75264329023612,28.9184964033034,21.7012106043977,266.868678478289,209.502283043261,1.99859877108034,250.893262841323
"US",150,0.15,FALSE,FALSE,150,"BEBCS",-129.000380340827,-9.47554556483158,-75.5066763672285,NA,43.3333333333333,154.5324122006,23.5257186347077,106.56,0,0.964264480854013,144.639672128102,0.75264329023612,39.8632710883662,24.3229542708079,345.841356644317,298.269711037442,1.57540820398694,250.893262841323
"China",150,0.15,FALSE,FALSE,150,"BEBCS",-62.3917523274136,16.5078004838452,-26.9485931069469,NA,43.3333333333333,154.5324122006,23.5257186347077,46.5,0,1.02811545765476,154.217318648213,0.75264329023612,24.2046224506701,21.2841707841932,270.080080016758,219.014334083114,1.6063557543347,250.893262841323
"Europe",150,0.15,FALSE,FALSE,150,"BEBCS",-111.380757241029,26.8659047068185,-73.3213003248764,NA,43.3333333333333,154.5324122006,23.5257186347077,71.516,0,0.816113796663346,122.417069499502,0.75264329023612,45.6160700755379,8.52474351637191,320.270426171377,308.995078803407,1.26811889306356,250.893262841323
"India",150,0.15,FALSE,FALSE,150,"BEBCS",-40.578676489233,25.1433016407854,-15.0926638715605,NA,43.3333333333333,154.5324122006,23.5257186347077,44.5,0,1.0628301353895,159.424520308427,0.75264329023612,28.9184964033034,21.7012106043977,266.868678478289,209.502283043261,1.99859877108034,250.893262841323
"US",200,0.15,FALSE,FALSE,150,"BEBCS",-87.9723854033956,36.9696680597136,-27.2820945574733,NA,43.3333333333333,154.5324122006,23.5257186347077,106.56,0,0.964264480854013,192.852896170801,0.75264329023612,39.8632710883662,24.3229542708079,345.841356644317,298.269711037442,1.57540820398694,250.893262841323
"China",200,0.15,FALSE,FALSE,150,"BEBCS",-15.2169600569346,69.5130511739498,23.0969247097308,NA,43.3333333333333,154.5324122006,23.5257186347077,46.5,0,1.02811545765476,205.623091530954,0.75264329023612,24.2046224506701,21.2841707841932,270.080080016758,219.014334083114,1.6063557543347,250.893262841323
"Europe",200,0.15,FALSE,FALSE,150,"BEBCS",-77.3133252496372,97.3681091287281,-32.4193355298243,NA,43.3333333333333,154.5324122006,23.5257186347077,71.516,0,0.816113796663346,163.22275933267,0.75264329023612,45.6160700755379,8.52474351637191,320.270426171377,308.995078803407,1.26811889306356,250.893262841323
"India",200,0.15,FALSE,FALSE,150,"BEBCS",12.1969500069913,77.5660428479822,38.0152601389786,NA,43.3333333333333,154.5324122006,23.5257186347077,44.5,0,1.0628301353895,212.5660270779,0.75264329023612,28.9184964033034,21.7012106043977,266.868678478289,209.502283043261,1.99859877108034,250.893262841323
"US",0,0.02,TRUE,TRUE,250,"BEBCS",-189.961050279967,-57.3668660847716,-116.311491105743,NA,252.959922917359,45.2070426719704,18.4345858548583,138.003988437604,0,0.964687074638943,0,0.75264329023612,39.8632710883662,41.6348592289012,206.870853042807,208.86490240307,1.57333646273982,358.74274277852
"China",0,0.02,TRUE,TRUE,250,"BEBCS",-145.79173345879,8.31674733112193,-49.4612136444935,NA,144.019737252917,45.2070426719704,18.4345858548583,61.602960587937,0,1.0131872210818,0,0.75264329023612,24.2046224506701,36.3863763228618,103.434418538564,121.648314917699,1.59900975742609,358.74274277852
"Europe",0,0.02,TRUE,TRUE,250,"BEBCS",-167.405085448177,-11.5692569141788,-83.833246573543,NA,146.372892547443,45.2070426719704,18.4345858548583,86.9719338821258,0,0.810855288936463,0,0.75264329023612,45.6160700755379,13.2293980369599,172.767527619335,181.282397979159,1.272902922989,358.74274277852
"India",0,0.02,TRUE,TRUE,250,"BEBCS",-125.929961371281,17.1927510236268,-51.2103339885615,NA,124.063848103915,45.2070426719704,18.4345858548583,73.5865343473527,0,1.06224974662599,0,0.75264329023612,28.9184964033034,37.3800520364314,107.121872238711,106.561925634374,1.99755239057263,358.74274277852
"US",50,0.02,TRUE,TRUE,250,"BEBCS",-148.617038680617,-7.89543522706987,-68.1892456266335,NA,252.959922917359,45.2070426719704,18.4345858548583,138.003988437604,0,0.964687074638943,48.2343537319468,0.75264329023612,39.8632710883662,41.6348592289012,206.870853042807,208.86490240307,1.57333646273982,358.74274277852
"China",50,0.02,TRUE,TRUE,250,"BEBCS",-93.1540771952119,54.3694999930522,0.448365567254783,NA,144.019737252917,45.2070426719704,18.4345858548583,61.602960587937,0,1.0131872210818,50.6593610540892,0.75264329023612,24.2046224506701,36.3863763228618,103.434418538564,121.648314917699,1.59900975742609,358.74274277852
"Europe",50,0.02,TRUE,TRUE,250,"BEBCS",-128.961980125238,44.0901292705702,-43.167076839249,NA,146.372892547443,45.2070426719704,18.4345858548583,86.9719338821258,0,0.810855288936463,40.5427644468226,0.75264329023612,45.6160700755379,13.2293980369599,172.767527619335,181.282397979159,1.272902922989,358.74274277852
"India",50,0.02,TRUE,TRUE,250,"BEBCS",-70.0547097438361,70.2533730282279,1.87437697702969,NA,124.063848103915,45.2070426719704,18.4345858548583,73.5865343473527,0,1.06224974662599,53.1124873312995,0.75264329023612,28.9184964033034,37.3800520364314,107.121872238711,106.561925634374,1.99755239057263,358.74274277852
"US",100,0.02,TRUE,TRUE,250,"BEBCS",-107.273027081267,48.6403661786744,-20.0670001475233,NA,252.959922917359,45.2070426719704,18.4345858548583,138.003988437604,0,0.964687074638943,96.4687074638937,0.75264329023612,39.8632710883662,41.6348592289012,206.870853042807,208.86490240307,1.57333646273982,358.74274277852
"China",100,0.02,TRUE,TRUE,250,"BEBCS",-40.5164209316344,100.422252654982,50.3579447790019,NA,144.019737252917,45.2070426719704,18.4345858548583,61.602960587937,0,1.0131872210818,101.318722108178,0.75264329023612,24.2046224506701,36.3863763228618,103.434418538564,121.648314917699,1.59900975742609,358.74274277852
"Europe",100,0.02,TRUE,TRUE,250,"BEBCS",-91.0665794721589,99.7495154553191,-2.50090710495428,NA,146.372892547443,45.2070426719704,18.4345858548583,86.9719338821258,0,0.810855288936463,81.0855288936452,0.75264329023612,45.6160700755379,13.2293980369599,172.767527619335,181.282397979159,1.272902922989,358.74274277852
"India",100,0.02,TRUE,TRUE,250,"BEBCS",-18.6892110036739,123.313995032829,54.9590879426209,NA,124.063848103915,45.2070426719704,18.4345858548583,73.5865343473527,0,1.06224974662599,106.224974662599,0.75264329023612,28.9184964033034,37.3800520364314,107.121872238711,106.561925634374,1.99755239057263,358.74274277852
"US",150,0.02,TRUE,TRUE,250,"BEBCS",-65.9290154819165,107.745157403972,28.0552453315869,NA,252.959922917359,45.2070426719704,18.4345858548583,138.003988437604,0,0.964687074638943,144.703061195841,0.75264329023612,39.8632710883662,41.6348592289012,206.870853042807,208.86490240307,1.57333646273982,358.74274277852
"China",150,0.02,TRUE,TRUE,250,"BEBCS",12.1212353319432,146.475005316913,100.267523990751,NA,144.019737252917,45.2070426719704,18.4345858548583,61.602960587937,0,1.0131872210818,151.978083162269,0.75264329023612,24.2046224506701,36.3863763228618,103.434418538564,121.648314917699,1.59900975742609,358.74274277852
"Europe",150,0.02,TRUE,TRUE,250,"BEBCS",-53.687579932636,155.679686632071,38.1652626293403,NA,146.372892547443,45.2070426719704,18.4345858548583,86.9719338821258,0,0.810855288936463,121.628293340469,0.75264329023612,45.6160700755379,13.2293980369599,172.767527619335,181.282397979159,1.272902922989,358.74274277852
"India",150,0.02,TRUE,TRUE,250,"BEBCS",32.6762877364883,176.37461703743,108.043798908212,NA,124.063848103915,45.2070426719704,18.4345858548583,73.5865343473527,0,1.06224974662599,159.3374619939,0.75264329023612,28.9184964033034,37.3800520364314,107.121872238711,106.561925634374,1.99755239057263,358.74274277852
"US",200,0.02,TRUE,TRUE,250,"BEBCS",-24.5850038825662,166.84994862927,76.1774908106971,NA,252.959922917359,45.2070426719704,18.4345858548583,138.003988437604,0,0.964687074638943,192.937414927787,0.75264329023612,39.8632710883662,41.6348592289012,206.870853042807,208.86490240307,1.57333646273982,358.74274277852
"China",200,0.02,TRUE,TRUE,250,"BEBCS",64.7588915955207,196.745035798977,150.177103202498,NA,144.019737252917,45.2070426719704,18.4345858548583,61.602960587937,0,1.0131872210818,202.637444216357,0.75264329023612,24.2046224506701,36.3863763228618,103.434418538564,121.648314917699,1.59900975742609,358.74274277852
"Europe",200,0.02,TRUE,TRUE,250,"BEBCS",-16.3085803931131,218.563533208543,78.8314323636352,NA,146.372892547443,45.2070426719704,18.4345858548583,86.9719338821258,0,0.810855288936463,162.17105778729,0.75264329023612,45.6160700755379,13.2293980369599,172.767527619335,181.282397979159,1.272902922989,358.74274277852
"India",200,0.02,TRUE,TRUE,250,"BEBCS",84.0417864766505,229.435239042031,161.128509873802,NA,124.063848103915,45.2070426719704,18.4345858548583,73.5865343473527,0,1.06224974662599,212.449949325198,0.75264329023612,28.9184964033034,37.3800520364314,107.121872238711,106.561925634374,1.99755239057263,358.74274277852
"US",0,0.08,TRUE,TRUE,250,"BEBCS",-227.557919280037,-117.044127432261,-163.528960872829,NA,252.959922917359,81.1633784450883,19.1521486030496,138.003988437604,0,0.964687074638943,0,0.75264329023612,39.8632710883662,31.7097358904016,269.026158201797,247.272920231478,1.57333646273982,358.74274277852
"China",0,0.08,TRUE,TRUE,250,"BEBCS",-182.465631980099,-51.8249643739496,-95.7182275725139,NA,144.019737252917,81.1633784450883,19.1521486030496,61.602960587937,0,1.0131872210818,0,0.75264329023612,24.2046224506701,27.7281002395882,163.976400102634,157.927497271703,1.59900975742609,358.74274277852
"Europe",0,0.08,TRUE,TRUE,250,"BEBCS",-204.078983969487,-71.3101433650119,-123.303371424931,NA,146.372892547443,81.1633784450883,19.1521486030496,86.9719338821258,0,0.810855288936463,0,0.75264329023612,45.6160700755379,10.5321630131486,225.173985379832,227.061973432541,1.272902922989,358.74274277852
"India",0,0.08,TRUE,TRUE,250,"BEBCS",-166.500655852847,-41.1260900707854,-95.4226930339896,NA,124.063848103915,81.1633784450883,19.1521486030496,73.5865343473527,0,1.06224974662599,0,0.75264329023612,28.9184964033034,28.3911836597616,167.814575472074,141.102519452348,1.99755239057263,358.74274277852
"US",50,0.08,TRUE,TRUE,250,"BEBCS",-186.213907680687,-65.2763869800344,-115.406715393718,NA,252.959922917359,81.1633784450883,19.1521486030496,138.003988437604,0,0.964687074638943,48.2343537319468,0.75264329023612,39.8632710883662,31.7097358904016,269.026158201797,247.272920231478,1.57333646273982,358.74274277852
"China",50,0.08,TRUE,TRUE,250,"BEBCS",-129.827975716521,-5.77221171201933,-45.8086483607659,NA,144.019737252917,81.1633784450883,19.1521486030496,61.602960587937,0,1.0131872210818,50.6593610540892,0.75264329023612,24.2046224506701,27.7281002395882,163.976400102634,157.927497271703,1.59900975742609,358.74274277852
"Europe",50,0.08,TRUE,TRUE,250,"BEBCS",-165.635878646547,-15.6507571802629,-82.6372016906393,NA,146.372892547443,81.1633784450883,19.1521486030496,86.9719338821258,0,0.810855288936463,40.5427644468226,0.75264329023612,45.6160700755379,10.5321630131486,225.173985379832,227.061973432541,1.272902922989,358.74274277852
"India",50,0.08,TRUE,TRUE,250,"BEBCS",-115.207058395209,11.9345319338158,-42.3379820683992,NA,124.063848103915,81.1633784450883,19.1521486030496,73.5865343473527,0,1.06224974662599,53.1124873312995,0.75264329023612,28.9184964033034,28.3911836597616,167.814575472074,141.102519452348,1.99755239057263,358.74274277852
"US",100,0.08,TRUE,TRUE,250,"BEBCS",-144.869896081337,-6.83077129004218,-67.2844699146079,NA,252.959922917359,81.1633784450883,19.1521486030496,138.003988437604,0,0.964687074638943,96.4687074638937,0.75264329023612,39.8632710883662,31.7097358904016,269.026158201797,247.272920231478,1.57333646273982,358.74274277852
"China",100,0.08,TRUE,TRUE,250,"BEBCS",-77.1903194529436,40.3263371086127,4.10093085098182,NA,144.019737252917,81.1633784450883,19.1521486030496,61.602960587937,0,1.0131872210818,101.318722108178,0.75264329023612,24.2046224506701,27.7281002395882,163.976400102634,157.927497271703,1.59900975742609,358.74274277852
"Europe",100,0.08,TRUE,TRUE,250,"BEBCS",-127.740477993468,40.1702199937359,-41.9710319563437,NA,146.372892547443,81.1633784450883,19.1521486030496,86.9719338821258,0,0.810855288936463,81.0855288936452,0.75264329023612,45.6160700755379,10.5321630131486,225.173985379832,227.061973432541,1.272902922989,358.74274277852
"India",100,0.08,TRUE,TRUE,250,"BEBCS",-63.9134609375713,64.9951539384169,10.7467288971918,NA,124.063848103915,81.1633784450883,19.1521486030496,73.5865343473527,0,1.06224974662599,106.224974662599,0.75264329023612,28.9184964033034,28.3911836597616,167.814575472074,141.102519452348,1.99755239057263,358.74274277852
"US",150,0.08,TRUE,TRUE,250,"BEBCS",-103.525884481986,52.3720571910825,-19.1622244354978,NA,252.959922917359,81.1633784450883,19.1521486030496,138.003988437604,0,0.964687074638943,144.703061195841,0.75264329023612,39.8632710883662,31.7097358904016,269.026158201797,247.272920231478,1.57333646273982,358.74274277852
"China",150,0.08,TRUE,TRUE,250,"BEBCS",-24.5526631893661,86.9216535002551,54.01051006273,NA,144.019737252917,81.1633784450883,19.1521486030496,61.602960587937,0,1.0131872210818,151.978083162269,0.75264329023612,24.2046224506701,27.7281002395882,163.976400102634,157.927497271703,1.59900975742609,358.74274277852
"Europe",150,0.08,TRUE,TRUE,250,"BEBCS",-90.3614784539453,103.912692997812,-1.3048622220484,NA,146.372892547443,81.1633784450883,19.1521486030496,86.9719338821258,0,0.810855288936463,121.628293340469,0.75264329023612,45.6160700755379,10.5321630131486,225.173985379832,227.061973432541,1.272902922989,358.74274277852
"India",150,0.08,TRUE,TRUE,250,"BEBCS",-12.6198634799335,118.055775943018,63.8314398627826,NA,124.063848103915,81.1633784450883,19.1521486030496,73.5865343473527,0,1.06224974662599,159.3374619939,0.75264329023612,28.9184964033034,28.3911836597616,167.814575472074,141.102519452348,1.99755239057263,358.74274277852
"US",200,0.08,TRUE,TRUE,250,"BEBCS",-62.1818728826359,111.574885672207,28.9600210436123,NA,252.959922917359,81.1633784450883,19.1521486030496,138.003988437604,0,0.964687074638943,192.937414927787,0.75264329023612,39.8632710883662,31.7097358904016,269.026158201797,247.272920231478,1.57333646273982,358.74274277852
"China",200,0.08,TRUE,TRUE,250,"BEBCS",28.0849930742115,137.245393805093,103.920089274477,NA,144.019737252917,81.1633784450883,19.1521486030496,61.602960587937,0,1.0131872210818,202.637444216357,0.75264329023612,24.2046224506701,27.7281002395882,163.976400102634,157.927497271703,1.59900975742609,358.74274277852
"Europe",200,0.08,TRUE,TRUE,250,"BEBCS",-52.9824789144224,172.500467570003,39.3613075122465,NA,146.372892547443,81.1633784450883,19.1521486030496,86.9719338821258,0,0.810855288936463,162.17105778729,0.75264329023612,45.6160700755379,10.5321630131486,225.173985379832,227.061973432541,1.272902922989,358.74274277852
"India",200,0.08,TRUE,TRUE,250,"BEBCS",38.6737339777044,171.116397947619,116.916150828374,NA,124.063848103915,81.1633784450883,19.1521486030496,73.5865343473527,0,1.06224974662599,212.449949325198,0.75264329023612,28.9184964033034,28.3911836597616,167.814575472074,141.102519452348,1.99755239057263,358.74274277852
"US",0,0.15,TRUE,TRUE,250,"BEBCS",-280.688446930662,-186.608006164043,-223.819628956124,NA,252.959922917359,132.576014453012,20.1831186695239,138.003988437604,0,0.964687074638943,0,0.75264329023612,39.8632710883662,24.3229542708079,348.699566838005,302.196313661306,1.57333646273982,358.74274277852
"China",0,0.15,TRUE,TRUE,250,"BEBCS",-234.909238054496,-120.400295588877,-155.29407556779,NA,144.019737252917,132.576014453012,20.1831186695239,61.602960587937,0,1.0131872210818,0,0.75264329023612,24.2046224506701,21.2841707841932,242.449091259483,209.806659967453,1.59900975742609,358.74274277852
"Europe",0,0.15,TRUE,TRUE,250,"BEBCS",-256.522590043884,-140.921375134926,-177.828071361318,NA,146.372892547443,132.576014453012,20.1831186695239,86.9719338821258,0,0.810855288936463,0,0.75264329023612,45.6160700755379,8.52474351637191,297.591805917098,292.526680434863,1.272902922989,358.74274277852
"India",0,0.15,TRUE,TRUE,250,"BEBCS",-226.180051943419,-109.678963355593,-153.476804866397,NA,124.063848103915,132.576014453012,20.1831186695239,73.5865343473527,0,1.06224974662599,0,0.75264329023612,28.9184964033034,21.7012106043977,246.399441361508,190.495503803686,1.99755239057263,358.74274277852
"US",50,0.15,TRUE,TRUE,250,"BEBCS",-239.344435331312,-132.300325040189,-175.697383477014,NA,252.959922917359,132.576014453012,20.1831186695239,138.003988437604,0,0.964687074638943,48.2343537319468,0.75264329023612,39.8632710883662,24.3229542708079,348.699566838005,302.196313661306,1.57333646273982,358.74274277852
"China",50,0.15,TRUE,TRUE,250,"BEBCS",-182.271581790919,-73.804979197235,-105.384496356044,NA,144.019737252917,132.576014453012,20.1831186695239,61.602960587937,0,1.0131872210818,50.6593610540892,0.75264329023612,24.2046224506701,21.2841707841932,242.449091259483,209.806659967453,1.59900975742609,358.74274277852
"Europe",50,0.15,TRUE,TRUE,250,"BEBCS",-218.079484720945,-85.2619889501775,-137.161901627027,NA,146.372892547443,132.576014453012,20.1831186695239,86.9719338821258,0,0.810855288936463,40.5427644468226,0.75264329023612,45.6160700755379,8.52474351637191,297.591805917098,292.526680434863,1.272902922989,358.74274277852
"India",50,0.15,TRUE,TRUE,250,"BEBCS",-174.886454485781,-56.6183413509914,-100.392093900806,NA,124.063848103915,132.576014453012,20.1831186695239,73.5865343473527,0,1.06224974662599,53.1124873312995,0.75264329023612,28.9184964033034,21.7012106043977,246.399441361508,190.495503803686,1.99755239057263,358.74274277852
"US",100,0.15,TRUE,TRUE,250,"BEBCS",-198.000423731962,-73.0974965590647,-127.575137997905,NA,252.959922917359,132.576014453012,20.1831186695239,138.003988437604,0,0.964687074638943,96.4687074638937,0.75264329023612,39.8632710883662,24.3229542708079,348.699566838005,302.196313661306,1.57333646273982,358.74274277852
"China",100,0.15,TRUE,TRUE,250,"BEBCS",-129.633925527341,-27.2096628055926,-55.4749171442948,NA,144.019737252917,132.576014453012,20.1831186695239,61.602960587937,0,1.0131872210818,101.318722108178,0.75264329023612,24.2046224506701,21.2841707841932,242.449091259483,209.806659967453,1.59900975742609,358.74274277852
"Europe",100,0.15,TRUE,TRUE,250,"BEBCS",-180.184084067866,-24.1065833876469,-96.4957318927309,NA,146.372892547443,132.576014453012,20.1831186695239,86.9719338821258,0,0.810855288936463,81.0855288936452,0.75264329023612,45.6160700755379,8.52474351637191,297.591805917098,292.526680434863,1.272902922989,358.74274277852
"India",100,0.15,TRUE,TRUE,250,"BEBCS",-123.592857028143,-3.5577193463902,-47.307382935215,NA,124.063848103915,132.576014453012,20.1831186695239,73.5865343473527,0,1.06224974662599,106.224974662599,0.75264329023612,28.9184964033034,21.7012106043977,246.399441361508,190.495503803686,1.99755239057263,358.74274277852
"US",150,0.15,TRUE,TRUE,250,"BEBCS",-156.656412132611,-13.89466807794,-79.4528925187939,NA,252.959922917359,132.576014453012,20.1831186695239,138.003988437604,0,0.964687074638943,144.703061195841,0.75264329023612,39.8632710883662,24.3229542708079,348.699566838005,302.196313661306,1.57333646273982,358.74274277852
"China",150,0.15,TRUE,TRUE,250,"BEBCS",-76.9962692637637,19.5168355796363,-5.56533793254716,NA,144.019737252917,132.576014453012,20.1831186695239,61.602960587937,0,1.0131872210818,151.978083162269,0.75264329023612,24.2046224506701,21.2841707841932,242.449091259483,209.806659967453,1.59900975742609,358.74274277852
"Europe",150,0.15,TRUE,TRUE,250,"BEBCS",-142.805084528343,44.4811911845443,-55.8295621584364,NA,146.372892547443,132.576014453012,20.1831186695239,86.9719338821258,0,0.810855288936463,121.628293340469,0.75264329023612,45.6160700755379,8.52474351637191,297.591805917098,292.526680434863,1.272902922989,358.74274277852
"India",150,0.15,TRUE,TRUE,250,"BEBCS",-72.299259570505,49.502902658211,5.77732803037618,NA,124.063848103915,132.576014453012,20.1831186695239,73.5865343473527,0,1.06224974662599,159.3374619939,0.75264329023612,28.9184964033034,21.7012106043977,246.399441361508,190.495503803686,1.99755239057263,358.74274277852
"US",200,0.15,TRUE,TRUE,250,"BEBCS",-115.312400533261,45.3081604031847,-31.3306470396838,NA,252.959922917359,132.576014453012,20.1831186695239,138.003988437604,0,0.964687074638943,192.937414927787,0.75264329023612,39.8632710883662,24.3229542708079,348.699566838005,302.196313661306,1.57333646273982,358.74274277852
"China",200,0.15,TRUE,TRUE,250,"BEBCS",-26.6223057630052,73.5974192889619,44.3442412792007,NA,144.019737252917,132.576014453012,20.1831186695239,61.602960587937,0,1.0131872210818,202.637444216357,0.75264329023612,24.2046224506701,21.2841707841932,242.449091259483,209.806659967453,1.59900975742609,358.74274277852
"Europe",200,0.15,TRUE,TRUE,250,"BEBCS",-105.42608498882,114.900164873218,-15.1633924241424,NA,146.372892547443,132.576014453012,20.1831186695239,86.9719338821258,0,0.810855288936463,162.17105778729,0.75264329023612,45.6160700755379,8.52474351637191,297.591805917098,292.526680434863,1.272902922989,358.74274277852
"India",200,0.15,TRUE,TRUE,250,"BEBCS",-21.0056621128672,102.563524662812,58.8620389959667,NA,124.063848103915,132.576014453012,20.1831186695239,73.5865343473527,0,1.06224974662599,212.449949325198,0.75264329023612,28.9184964033034,21.7012106043977,246.399441361508,190.495503803686,1.99755239057263,358.74274277852
"US",0,0.02,FALSE,TRUE,250,"BEBCS",-189.961050279967,-57.3668660847716,-116.311491105743,NA,252.959922917359,45.2070426719704,18.4345858548583,138.003988437604,0,0.964687074638943,0,0.75264329023612,39.8632710883662,41.6348592289012,206.870853042807,208.86490240307,1.57333646273982,358.74274277852
"China",0,0.02,FALSE,TRUE,250,"BEBCS",-145.79173345879,8.31674733112193,-49.4612136444935,NA,144.019737252917,45.2070426719704,18.4345858548583,61.602960587937,0,1.0131872210818,0,0.75264329023612,24.2046224506701,36.3863763228618,103.434418538564,121.648314917699,1.59900975742609,358.74274277852
"Europe",0,0.02,FALSE,TRUE,250,"BEBCS",-167.405085448177,-11.5692569141788,-83.833246573543,NA,146.372892547443,45.2070426719704,18.4345858548583,86.9719338821258,0,0.810855288936463,0,0.75264329023612,45.6160700755379,13.2293980369599,172.767527619335,181.282397979159,1.272902922989,358.74274277852
"India",0,0.02,FALSE,TRUE,250,"BEBCS",-125.929961371281,17.1927510236268,-51.2103339885615,NA,124.063848103915,45.2070426719704,18.4345858548583,73.5865343473527,0,1.06224974662599,0,0.75264329023612,28.9184964033034,37.3800520364314,107.121872238711,106.561925634374,1.99755239057263,358.74274277852
"US",50,0.02,FALSE,TRUE,250,"BEBCS",-148.617038680617,-7.89543522706987,-68.1892456266335,NA,252.959922917359,45.2070426719704,18.4345858548583,138.003988437604,0,0.964687074638943,48.2343537319468,0.75264329023612,39.8632710883662,41.6348592289012,206.870853042807,208.86490240307,1.57333646273982,358.74274277852
"China",50,0.02,FALSE,TRUE,250,"BEBCS",-93.1540771952119,54.3694999930522,0.448365567254783,NA,144.019737252917,45.2070426719704,18.4345858548583,61.602960587937,0,1.0131872210818,50.6593610540892,0.75264329023612,24.2046224506701,36.3863763228618,103.434418538564,121.648314917699,1.59900975742609,358.74274277852
"Europe",50,0.02,FALSE,TRUE,250,"BEBCS",-128.961980125238,44.0901292705702,-43.167076839249,NA,146.372892547443,45.2070426719704,18.4345858548583,86.9719338821258,0,0.810855288936463,40.5427644468226,0.75264329023612,45.6160700755379,13.2293980369599,172.767527619335,181.282397979159,1.272902922989,358.74274277852
"India",50,0.02,FALSE,TRUE,250,"BEBCS",-70.0547097438361,70.2533730282279,1.87437697702969,NA,124.063848103915,45.2070426719704,18.4345858548583,73.5865343473527,0,1.06224974662599,53.1124873312995,0.75264329023612,28.9184964033034,37.3800520364314,107.121872238711,106.561925634374,1.99755239057263,358.74274277852
"US",100,0.02,FALSE,TRUE,250,"BEBCS",-107.273027081267,48.6403661786744,-20.0670001475233,NA,252.959922917359,45.2070426719704,18.4345858548583,138.003988437604,0,0.964687074638943,96.4687074638937,0.75264329023612,39.8632710883662,41.6348592289012,206.870853042807,208.86490240307,1.57333646273982,358.74274277852
"China",100,0.02,FALSE,TRUE,250,"BEBCS",-40.5164209316344,100.422252654982,50.3579447790019,NA,144.019737252917,45.2070426719704,18.4345858548583,61.602960587937,0,1.0131872210818,101.318722108178,0.75264329023612,24.2046224506701,36.3863763228618,103.434418538564,121.648314917699,1.59900975742609,358.74274277852
"Europe",100,0.02,FALSE,TRUE,250,"BEBCS",-91.0665794721589,99.7495154553191,-2.50090710495428,NA,146.372892547443,45.2070426719704,18.4345858548583,86.9719338821258,0,0.810855288936463,81.0855288936452,0.75264329023612,45.6160700755379,13.2293980369599,172.767527619335,181.282397979159,1.272902922989,358.74274277852
"India",100,0.02,FALSE,TRUE,250,"BEBCS",-18.6892110036739,123.313995032829,54.9590879426209,NA,124.063848103915,45.2070426719704,18.4345858548583,73.5865343473527,0,1.06224974662599,106.224974662599,0.75264329023612,28.9184964033034,37.3800520364314,107.121872238711,106.561925634374,1.99755239057263,358.74274277852
"US",150,0.02,FALSE,TRUE,250,"BEBCS",-65.9290154819165,107.745157403972,28.0552453315869,NA,252.959922917359,45.2070426719704,18.4345858548583,138.003988437604,0,0.964687074638943,144.703061195841,0.75264329023612,39.8632710883662,41.6348592289012,206.870853042807,208.86490240307,1.57333646273982,358.74274277852
"China",150,0.02,FALSE,TRUE,250,"BEBCS",12.1212353319432,146.475005316913,100.267523990751,NA,144.019737252917,45.2070426719704,18.4345858548583,61.602960587937,0,1.0131872210818,151.978083162269,0.75264329023612,24.2046224506701,36.3863763228618,103.434418538564,121.648314917699,1.59900975742609,358.74274277852
"Europe",150,0.02,FALSE,TRUE,250,"BEBCS",-53.687579932636,155.679686632071,38.1652626293403,NA,146.372892547443,45.2070426719704,18.4345858548583,86.9719338821258,0,0.810855288936463,121.628293340469,0.75264329023612,45.6160700755379,13.2293980369599,172.767527619335,181.282397979159,1.272902922989,358.74274277852
"India",150,0.02,FALSE,TRUE,250,"BEBCS",32.6762877364883,176.37461703743,108.043798908212,NA,124.063848103915,45.2070426719704,18.4345858548583,73.5865343473527,0,1.06224974662599,159.3374619939,0.75264329023612,28.9184964033034,37.3800520364314,107.121872238711,106.561925634374,1.99755239057263,358.74274277852
"US",200,0.02,FALSE,TRUE,250,"BEBCS",-24.5850038825662,166.84994862927,76.1774908106971,NA,252.959922917359,45.2070426719704,18.4345858548583,138.003988437604,0,0.964687074638943,192.937414927787,0.75264329023612,39.8632710883662,41.6348592289012,206.870853042807,208.86490240307,1.57333646273982,358.74274277852
"China",200,0.02,FALSE,TRUE,250,"BEBCS",64.7588915955207,196.745035798977,150.177103202498,NA,144.019737252917,45.2070426719704,18.4345858548583,61.602960587937,0,1.0131872210818,202.637444216357,0.75264329023612,24.2046224506701,36.3863763228618,103.434418538564,121.648314917699,1.59900975742609,358.74274277852
"Europe",200,0.02,FALSE,TRUE,250,"BEBCS",-16.3085803931131,218.563533208543,78.8314323636352,NA,146.372892547443,45.2070426719704,18.4345858548583,86.9719338821258,0,0.810855288936463,162.17105778729,0.75264329023612,45.6160700755379,13.2293980369599,172.767527619335,181.282397979159,1.272902922989,358.74274277852
"India",200,0.02,FALSE,TRUE,250,"BEBCS",84.0417864766505,229.435239042031,161.128509873802,NA,124.063848103915,45.2070426719704,18.4345858548583,73.5865343473527,0,1.06224974662599,212.449949325198,0.75264329023612,28.9184964033034,37.3800520364314,107.121872238711,106.561925634374,1.99755239057263,358.74274277852
"US",0,0.08,FALSE,TRUE,250,"BEBCS",-227.557919280037,-117.044127432261,-163.528960872829,NA,252.959922917359,81.1633784450883,19.1521486030496,138.003988437604,0,0.964687074638943,0,0.75264329023612,39.8632710883662,31.7097358904016,269.026158201797,247.272920231478,1.57333646273982,358.74274277852
"China",0,0.08,FALSE,TRUE,250,"BEBCS",-182.465631980099,-51.8249643739496,-95.7182275725139,NA,144.019737252917,81.1633784450883,19.1521486030496,61.602960587937,0,1.0131872210818,0,0.75264329023612,24.2046224506701,27.7281002395882,163.976400102634,157.927497271703,1.59900975742609,358.74274277852
"Europe",0,0.08,FALSE,TRUE,250,"BEBCS",-204.078983969487,-71.3101433650119,-123.303371424931,NA,146.372892547443,81.1633784450883,19.1521486030496,86.9719338821258,0,0.810855288936463,0,0.75264329023612,45.6160700755379,10.5321630131486,225.173985379832,227.061973432541,1.272902922989,358.74274277852
"India",0,0.08,FALSE,TRUE,250,"BEBCS",-166.500655852847,-41.1260900707854,-95.4226930339896,NA,124.063848103915,81.1633784450883,19.1521486030496,73.5865343473527,0,1.06224974662599,0,0.75264329023612,28.9184964033034,28.3911836597616,167.814575472074,141.102519452348,1.99755239057263,358.74274277852
"US",50,0.08,FALSE,TRUE,250,"BEBCS",-186.213907680687,-65.2763869800344,-115.406715393718,NA,252.959922917359,81.1633784450883,19.1521486030496,138.003988437604,0,0.964687074638943,48.2343537319468,0.75264329023612,39.8632710883662,31.7097358904016,269.026158201797,247.272920231478,1.57333646273982,358.74274277852
"China",50,0.08,FALSE,TRUE,250,"BEBCS",-129.827975716521,-5.77221171201933,-45.8086483607659,NA,144.019737252917,81.1633784450883,19.1521486030496,61.602960587937,0,1.0131872210818,50.6593610540892,0.75264329023612,24.2046224506701,27.7281002395882,163.976400102634,157.927497271703,1.59900975742609,358.74274277852
"Europe",50,0.08,FALSE,TRUE,250,"BEBCS",-165.635878646547,-15.6507571802629,-82.6372016906393,NA,146.372892547443,81.1633784450883,19.1521486030496,86.9719338821258,0,0.810855288936463,40.5427644468226,0.75264329023612,45.6160700755379,10.5321630131486,225.173985379832,227.061973432541,1.272902922989,358.74274277852
"India",50,0.08,FALSE,TRUE,250,"BEBCS",-115.207058395209,11.9345319338158,-42.3379820683992,NA,124.063848103915,81.1633784450883,19.1521486030496,73.5865343473527,0,1.06224974662599,53.1124873312995,0.75264329023612,28.9184964033034,28.3911836597616,167.814575472074,141.102519452348,1.99755239057263,358.74274277852
"US",100,0.08,FALSE,TRUE,250,"BEBCS",-144.869896081337,-6.83077129004218,-67.2844699146079,NA,252.959922917359,81.1633784450883,19.1521486030496,138.003988437604,0,0.964687074638943,96.4687074638937,0.75264329023612,39.8632710883662,31.7097358904016,269.026158201797,247.272920231478,1.57333646273982,358.74274277852
"China",100,0.08,FALSE,TRUE,250,"BEBCS",-77.1903194529436,40.3263371086127,4.10093085098182,NA,144.019737252917,81.1633784450883,19.1521486030496,61.602960587937,0,1.0131872210818,101.318722108178,0.75264329023612,24.2046224506701,27.7281002395882,163.976400102634,157.927497271703,1.59900975742609,358.74274277852
"Europe",100,0.08,FALSE,TRUE,250,"BEBCS",-127.740477993468,40.1702199937359,-41.9710319563437,NA,146.372892547443,81.1633784450883,19.1521486030496,86.9719338821258,0,0.810855288936463,81.0855288936452,0.75264329023612,45.6160700755379,10.5321630131486,225.173985379832,227.061973432541,1.272902922989,358.74274277852
"India",100,0.08,FALSE,TRUE,250,"BEBCS",-63.9134609375713,64.9951539384169,10.7467288971918,NA,124.063848103915,81.1633784450883,19.1521486030496,73.5865343473527,0,1.06224974662599,106.224974662599,0.75264329023612,28.9184964033034,28.3911836597616,167.814575472074,141.102519452348,1.99755239057263,358.74274277852
"US",150,0.08,FALSE,TRUE,250,"BEBCS",-103.525884481986,52.3720571910825,-19.1622244354978,NA,252.959922917359,81.1633784450883,19.1521486030496,138.003988437604,0,0.964687074638943,144.703061195841,0.75264329023612,39.8632710883662,31.7097358904016,269.026158201797,247.272920231478,1.57333646273982,358.74274277852
"China",150,0.08,FALSE,TRUE,250,"BEBCS",-24.5526631893661,86.9216535002551,54.01051006273,NA,144.019737252917,81.1633784450883,19.1521486030496,61.602960587937,0,1.0131872210818,151.978083162269,0.75264329023612,24.2046224506701,27.7281002395882,163.976400102634,157.927497271703,1.59900975742609,358.74274277852
"Europe",150,0.08,FALSE,TRUE,250,"BEBCS",-90.3614784539453,103.912692997812,-1.3048622220484,NA,146.372892547443,81.1633784450883,19.1521486030496,86.9719338821258,0,0.810855288936463,121.628293340469,0.75264329023612,45.6160700755379,10.5321630131486,225.173985379832,227.061973432541,1.272902922989,358.74274277852
"India",150,0.08,FALSE,TRUE,250,"BEBCS",-12.6198634799335,118.055775943018,63.8314398627826,NA,124.063848103915,81.1633784450883,19.1521486030496,73.5865343473527,0,1.06224974662599,159.3374619939,0.75264329023612,28.9184964033034,28.3911836597616,167.814575472074,141.102519452348,1.99755239057263,358.74274277852
"US",200,0.08,FALSE,TRUE,250,"BEBCS",-62.1818728826359,111.574885672207,28.9600210436123,NA,252.959922917359,81.1633784450883,19.1521486030496,138.003988437604,0,0.964687074638943,192.937414927787,0.75264329023612,39.8632710883662,31.7097358904016,269.026158201797,247.272920231478,1.57333646273982,358.74274277852
"China",200,0.08,FALSE,TRUE,250,"BEBCS",28.0849930742115,137.245393805093,103.920089274477,NA,144.019737252917,81.1633784450883,19.1521486030496,61.602960587937,0,1.0131872210818,202.637444216357,0.75264329023612,24.2046224506701,27.7281002395882,163.976400102634,157.927497271703,1.59900975742609,358.74274277852
"Europe",200,0.08,FALSE,TRUE,250,"BEBCS",-52.9824789144224,172.500467570003,39.3613075122465,NA,146.372892547443,81.1633784450883,19.1521486030496,86.9719338821258,0,0.810855288936463,162.17105778729,0.75264329023612,45.6160700755379,10.5321630131486,225.173985379832,227.061973432541,1.272902922989,358.74274277852
"India",200,0.08,FALSE,TRUE,250,"BEBCS",38.6737339777044,171.116397947619,116.916150828374,NA,124.063848103915,81.1633784450883,19.1521486030496,73.5865343473527,0,1.06224974662599,212.449949325198,0.75264329023612,28.9184964033034,28.3911836597616,167.814575472074,141.102519452348,1.99755239057263,358.74274277852
"US",0,0.15,FALSE,TRUE,250,"BEBCS",-280.688446930662,-186.608006164043,-223.819628956124,NA,252.959922917359,132.576014453012,20.1831186695239,138.003988437604,0,0.964687074638943,0,0.75264329023612,39.8632710883662,24.3229542708079,348.699566838005,302.196313661306,1.57333646273982,358.74274277852
"China",0,0.15,FALSE,TRUE,250,"BEBCS",-234.909238054496,-120.400295588877,-155.29407556779,NA,144.019737252917,132.576014453012,20.1831186695239,61.602960587937,0,1.0131872210818,0,0.75264329023612,24.2046224506701,21.2841707841932,242.449091259483,209.806659967453,1.59900975742609,358.74274277852
"Europe",0,0.15,FALSE,TRUE,250,"BEBCS",-256.522590043884,-140.921375134926,-177.828071361318,NA,146.372892547443,132.576014453012,20.1831186695239,86.9719338821258,0,0.810855288936463,0,0.75264329023612,45.6160700755379,8.52474351637191,297.591805917098,292.526680434863,1.272902922989,358.74274277852
"India",0,0.15,FALSE,TRUE,250,"BEBCS",-226.180051943419,-109.678963355593,-153.476804866397,NA,124.063848103915,132.576014453012,20.1831186695239,73.5865343473527,0,1.06224974662599,0,0.75264329023612,28.9184964033034,21.7012106043977,246.399441361508,190.495503803686,1.99755239057263,358.74274277852
"US",50,0.15,FALSE,TRUE,250,"BEBCS",-239.344435331312,-132.300325040189,-175.697383477014,NA,252.959922917359,132.576014453012,20.1831186695239,138.003988437604,0,0.964687074638943,48.2343537319468,0.75264329023612,39.8632710883662,24.3229542708079,348.699566838005,302.196313661306,1.57333646273982,358.74274277852
"China",50,0.15,FALSE,TRUE,250,"BEBCS",-182.271581790919,-73.804979197235,-105.384496356044,NA,144.019737252917,132.576014453012,20.1831186695239,61.602960587937,0,1.0131872210818,50.6593610540892,0.75264329023612,24.2046224506701,21.2841707841932,242.449091259483,209.806659967453,1.59900975742609,358.74274277852
"Europe",50,0.15,FALSE,TRUE,250,"BEBCS",-218.079484720945,-85.2619889501775,-137.161901627027,NA,146.372892547443,132.576014453012,20.1831186695239,86.9719338821258,0,0.810855288936463,40.5427644468226,0.75264329023612,45.6160700755379,8.52474351637191,297.591805917098,292.526680434863,1.272902922989,358.74274277852
"India",50,0.15,FALSE,TRUE,250,"BEBCS",-174.886454485781,-56.6183413509914,-100.392093900806,NA,124.063848103915,132.576014453012,20.1831186695239,73.5865343473527,0,1.06224974662599,53.1124873312995,0.75264329023612,28.9184964033034,21.7012106043977,246.399441361508,190.495503803686,1.99755239057263,358.74274277852
"US",100,0.15,FALSE,TRUE,250,"BEBCS",-198.000423731962,-73.0974965590647,-127.575137997905,NA,252.959922917359,132.576014453012,20.1831186695239,138.003988437604,0,0.964687074638943,96.4687074638937,0.75264329023612,39.8632710883662,24.3229542708079,348.699566838005,302.196313661306,1.57333646273982,358.74274277852
"China",100,0.15,FALSE,TRUE,250,"BEBCS",-129.633925527341,-27.2096628055926,-55.4749171442948,NA,144.019737252917,132.576014453012,20.1831186695239,61.602960587937,0,1.0131872210818,101.318722108178,0.75264329023612,24.2046224506701,21.2841707841932,242.449091259483,209.806659967453,1.59900975742609,358.74274277852
"Europe",100,0.15,FALSE,TRUE,250,"BEBCS",-180.184084067866,-24.1065833876469,-96.4957318927309,NA,146.372892547443,132.576014453012,20.1831186695239,86.9719338821258,0,0.810855288936463,81.0855288936452,0.75264329023612,45.6160700755379,8.52474351637191,297.591805917098,292.526680434863,1.272902922989,358.74274277852
"India",100,0.15,FALSE,TRUE,250,"BEBCS",-123.592857028143,-3.5577193463902,-47.307382935215,NA,124.063848103915,132.576014453012,20.1831186695239,73.5865343473527,0,1.06224974662599,106.224974662599,0.75264329023612,28.9184964033034,21.7012106043977,246.399441361508,190.495503803686,1.99755239057263,358.74274277852
"US",150,0.15,FALSE,TRUE,250,"BEBCS",-156.656412132611,-13.89466807794,-79.4528925187939,NA,252.959922917359,132.576014453012,20.1831186695239,138.003988437604,0,0.964687074638943,144.703061195841,0.75264329023612,39.8632710883662,24.3229542708079,348.699566838005,302.196313661306,1.57333646273982,358.74274277852
"China",150,0.15,FALSE,TRUE,250,"BEBCS",-76.9962692637637,19.5168355796363,-5.56533793254716,NA,144.019737252917,132.576014453012,20.1831186695239,61.602960587937,0,1.0131872210818,151.978083162269,0.75264329023612,24.2046224506701,21.2841707841932,242.449091259483,209.806659967453,1.59900975742609,358.74274277852
"Europe",150,0.15,FALSE,TRUE,250,"BEBCS",-142.805084528343,44.4811911845443,-55.8295621584364,NA,146.372892547443,132.576014453012,20.1831186695239,86.9719338821258,0,0.810855288936463,121.628293340469,0.75264329023612,45.6160700755379,8.52474351637191,297.591805917098,292.526680434863,1.272902922989,358.74274277852
"India",150,0.15,FALSE,TRUE,250,"BEBCS",-72.299259570505,49.502902658211,5.77732803037618,NA,124.063848103915,132.576014453012,20.1831186695239,73.5865343473527,0,1.06224974662599,159.3374619939,0.75264329023612,28.9184964033034,21.7012106043977,246.399441361508,190.495503803686,1.99755239057263,358.74274277852
"US",200,0.15,FALSE,TRUE,250,"BEBCS",-115.312400533261,45.3081604031847,-31.3306470396838,NA,252.959922917359,132.576014453012,20.1831186695239,138.003988437604,0,0.964687074638943,192.937414927787,0.75264329023612,39.8632710883662,24.3229542708079,348.699566838005,302.196313661306,1.57333646273982,358.74274277852
"China",200,0.15,FALSE,TRUE,250,"BEBCS",-26.6223057630052,73.5974192889619,44.3442412792007,NA,144.019737252917,132.576014453012,20.1831186695239,61.602960587937,0,1.0131872210818,202.637444216357,0.75264329023612,24.2046224506701,21.2841707841932,242.449091259483,209.806659967453,1.59900975742609,358.74274277852
"Europe",200,0.15,FALSE,TRUE,250,"BEBCS",-105.42608498882,114.900164873218,-15.1633924241424,NA,146.372892547443,132.576014453012,20.1831186695239,86.9719338821258,0,0.810855288936463,162.17105778729,0.75264329023612,45.6160700755379,8.52474351637191,297.591805917098,292.526680434863,1.272902922989,358.74274277852
"India",200,0.15,FALSE,TRUE,250,"BEBCS",-21.0056621128672,102.563524662812,58.8620389959667,NA,124.063848103915,132.576014453012,20.1831186695239,73.5865343473527,0,1.06224974662599,212.449949325198,0.75264329023612,28.9184964033034,21.7012106043977,246.399441361508,190.495503803686,1.99755239057263,358.74274277852
"US",0,0.02,TRUE,FALSE,250,"BEBCS",-189.961050279967,-57.3668660847716,-116.311491105743,NA,252.959922917359,45.2070426719704,18.4345858548583,138.003988437604,0,0.964687074638943,0,0.75264329023612,39.8632710883662,41.6348592289012,206.870853042807,208.86490240307,1.57333646273982,358.74274277852
"China",0,0.02,TRUE,FALSE,250,"BEBCS",-145.79173345879,8.31674733112193,-49.4612136444935,NA,144.019737252917,45.2070426719704,18.4345858548583,61.602960587937,0,1.0131872210818,0,0.75264329023612,24.2046224506701,36.3863763228618,103.434418538564,121.648314917699,1.59900975742609,358.74274277852
"Europe",0,0.02,TRUE,FALSE,250,"BEBCS",-167.405085448177,-11.5692569141788,-83.833246573543,NA,146.372892547443,45.2070426719704,18.4345858548583,86.9719338821258,0,0.810855288936463,0,0.75264329023612,45.6160700755379,13.2293980369599,172.767527619335,181.282397979159,1.272902922989,358.74274277852
"India",0,0.02,TRUE,FALSE,250,"BEBCS",-125.929961371281,17.1927510236268,-51.2103339885615,NA,124.063848103915,45.2070426719704,18.4345858548583,73.5865343473527,0,1.06224974662599,0,0.75264329023612,28.9184964033034,37.3800520364314,107.121872238711,106.561925634374,1.99755239057263,358.74274277852
"US",50,0.02,TRUE,FALSE,250,"BEBCS",-148.617038680617,-7.89543522706987,-68.1892456266335,NA,252.959922917359,45.2070426719704,18.4345858548583,138.003988437604,0,0.964687074638943,48.2343537319468,0.75264329023612,39.8632710883662,41.6348592289012,206.870853042807,208.86490240307,1.57333646273982,358.74274277852
"China",50,0.02,TRUE,FALSE,250,"BEBCS",-93.1540771952119,54.3694999930522,0.448365567254783,NA,144.019737252917,45.2070426719704,18.4345858548583,61.602960587937,0,1.0131872210818,50.6593610540892,0.75264329023612,24.2046224506701,36.3863763228618,103.434418538564,121.648314917699,1.59900975742609,358.74274277852
"Europe",50,0.02,TRUE,FALSE,250,"BEBCS",-128.961980125238,44.0901292705702,-43.167076839249,NA,146.372892547443,45.2070426719704,18.4345858548583,86.9719338821258,0,0.810855288936463,40.5427644468226,0.75264329023612,45.6160700755379,13.2293980369599,172.767527619335,181.282397979159,1.272902922989,358.74274277852
"India",50,0.02,TRUE,FALSE,250,"BEBCS",-70.0547097438361,70.2533730282279,1.87437697702969,NA,124.063848103915,45.2070426719704,18.4345858548583,73.5865343473527,0,1.06224974662599,53.1124873312995,0.75264329023612,28.9184964033034,37.3800520364314,107.121872238711,106.561925634374,1.99755239057263,358.74274277852
"US",100,0.02,TRUE,FALSE,250,"BEBCS",-107.273027081267,48.6403661786744,-20.0670001475233,NA,252.959922917359,45.2070426719704,18.4345858548583,138.003988437604,0,0.964687074638943,96.4687074638937,0.75264329023612,39.8632710883662,41.6348592289012,206.870853042807,208.86490240307,1.57333646273982,358.74274277852
"China",100,0.02,TRUE,FALSE,250,"BEBCS",-40.5164209316344,100.422252654982,50.3579447790019,NA,144.019737252917,45.2070426719704,18.4345858548583,61.602960587937,0,1.0131872210818,101.318722108178,0.75264329023612,24.2046224506701,36.3863763228618,103.434418538564,121.648314917699,1.59900975742609,358.74274277852
"Europe",100,0.02,TRUE,FALSE,250,"BEBCS",-91.0665794721589,99.7495154553191,-2.50090710495428,NA,146.372892547443,45.2070426719704,18.4345858548583,86.9719338821258,0,0.810855288936463,81.0855288936452,0.75264329023612,45.6160700755379,13.2293980369599,172.767527619335,181.282397979159,1.272902922989,358.74274277852
"India",100,0.02,TRUE,FALSE,250,"BEBCS",-18.6892110036739,123.313995032829,54.9590879426209,NA,124.063848103915,45.2070426719704,18.4345858548583,73.5865343473527,0,1.06224974662599,106.224974662599,0.75264329023612,28.9184964033034,37.3800520364314,107.121872238711,106.561925634374,1.99755239057263,358.74274277852
"US",150,0.02,TRUE,FALSE,250,"BEBCS",-65.9290154819165,107.745157403972,28.0552453315869,NA,252.959922917359,45.2070426719704,18.4345858548583,138.003988437604,0,0.964687074638943,144.703061195841,0.75264329023612,39.8632710883662,41.6348592289012,206.870853042807,208.86490240307,1.57333646273982,358.74274277852
"China",150,0.02,TRUE,FALSE,250,"BEBCS",12.1212353319432,146.475005316913,100.267523990751,NA,144.019737252917,45.2070426719704,18.4345858548583,61.602960587937,0,1.0131872210818,151.978083162269,0.75264329023612,24.2046224506701,36.3863763228618,103.434418538564,121.648314917699,1.59900975742609,358.74274277852
"Europe",150,0.02,TRUE,FALSE,250,"BEBCS",-53.687579932636,155.679686632071,38.1652626293403,NA,146.372892547443,45.2070426719704,18.4345858548583,86.9719338821258,0,0.810855288936463,121.628293340469,0.75264329023612,45.6160700755379,13.2293980369599,172.767527619335,181.282397979159,1.272902922989,358.74274277852
"India",150,0.02,TRUE,FALSE,250,"BEBCS",32.6762877364883,176.37461703743,108.043798908212,NA,124.063848103915,45.2070426719704,18.4345858548583,73.5865343473527,0,1.06224974662599,159.3374619939,0.75264329023612,28.9184964033034,37.3800520364314,107.121872238711,106.561925634374,1.99755239057263,358.74274277852
"US",200,0.02,TRUE,FALSE,250,"BEBCS",-24.5850038825662,166.84994862927,76.1774908106971,NA,252.959922917359,45.2070426719704,18.4345858548583,138.003988437604,0,0.964687074638943,192.937414927787,0.75264329023612,39.8632710883662,41.6348592289012,206.870853042807,208.86490240307,1.57333646273982,358.74274277852
"China",200,0.02,TRUE,FALSE,250,"BEBCS",64.7588915955207,196.745035798977,150.177103202498,NA,144.019737252917,45.2070426719704,18.4345858548583,61.602960587937,0,1.0131872210818,202.637444216357,0.75264329023612,24.2046224506701,36.3863763228618,103.434418538564,121.648314917699,1.59900975742609,358.74274277852
"Europe",200,0.02,TRUE,FALSE,250,"BEBCS",-16.3085803931131,218.563533208543,78.8314323636352,NA,146.372892547443,45.2070426719704,18.4345858548583,86.9719338821258,0,0.810855288936463,162.17105778729,0.75264329023612,45.6160700755379,13.2293980369599,172.767527619335,181.282397979159,1.272902922989,358.74274277852
"India",200,0.02,TRUE,FALSE,250,"BEBCS",84.0417864766505,229.435239042031,161.128509873802,NA,124.063848103915,45.2070426719704,18.4345858548583,73.5865343473527,0,1.06224974662599,212.449949325198,0.75264329023612,28.9184964033034,37.3800520364314,107.121872238711,106.561925634374,1.99755239057263,358.74274277852
"US",0,0.08,TRUE,FALSE,250,"BEBCS",-227.557919280037,-117.044127432261,-163.528960872829,NA,252.959922917359,81.1633784450883,19.1521486030496,138.003988437604,0,0.964687074638943,0,0.75264329023612,39.8632710883662,31.7097358904016,269.026158201797,247.272920231478,1.57333646273982,358.74274277852
"China",0,0.08,TRUE,FALSE,250,"BEBCS",-182.465631980099,-51.8249643739496,-95.7182275725139,NA,144.019737252917,81.1633784450883,19.1521486030496,61.602960587937,0,1.0131872210818,0,0.75264329023612,24.2046224506701,27.7281002395882,163.976400102634,157.927497271703,1.59900975742609,358.74274277852
"Europe",0,0.08,TRUE,FALSE,250,"BEBCS",-204.078983969487,-71.3101433650119,-123.303371424931,NA,146.372892547443,81.1633784450883,19.1521486030496,86.9719338821258,0,0.810855288936463,0,0.75264329023612,45.6160700755379,10.5321630131486,225.173985379832,227.061973432541,1.272902922989,358.74274277852
"India",0,0.08,TRUE,FALSE,250,"BEBCS",-166.500655852847,-41.1260900707854,-95.4226930339896,NA,124.063848103915,81.1633784450883,19.1521486030496,73.5865343473527,0,1.06224974662599,0,0.75264329023612,28.9184964033034,28.3911836597616,167.814575472074,141.102519452348,1.99755239057263,358.74274277852
"US",50,0.08,TRUE,FALSE,250,"BEBCS",-186.213907680687,-65.2763869800344,-115.406715393718,NA,252.959922917359,81.1633784450883,19.1521486030496,138.003988437604,0,0.964687074638943,48.2343537319468,0.75264329023612,39.8632710883662,31.7097358904016,269.026158201797,247.272920231478,1.57333646273982,358.74274277852
"China",50,0.08,TRUE,FALSE,250,"BEBCS",-129.827975716521,-5.77221171201933,-45.8086483607659,NA,144.019737252917,81.1633784450883,19.1521486030496,61.602960587937,0,1.0131872210818,50.6593610540892,0.75264329023612,24.2046224506701,27.7281002395882,163.976400102634,157.927497271703,1.59900975742609,358.74274277852
"Europe",50,0.08,TRUE,FALSE,250,"BEBCS",-165.635878646547,-15.6507571802629,-82.6372016906393,NA,146.372892547443,81.1633784450883,19.1521486030496,86.9719338821258,0,0.810855288936463,40.5427644468226,0.75264329023612,45.6160700755379,10.5321630131486,225.173985379832,227.061973432541,1.272902922989,358.74274277852
"India",50,0.08,TRUE,FALSE,250,"BEBCS",-115.207058395209,11.9345319338158,-42.3379820683992,NA,124.063848103915,81.1633784450883,19.1521486030496,73.5865343473527,0,1.06224974662599,53.1124873312995,0.75264329023612,28.9184964033034,28.3911836597616,167.814575472074,141.102519452348,1.99755239057263,358.74274277852
"US",100,0.08,TRUE,FALSE,250,"BEBCS",-144.869896081337,-6.83077129004218,-67.2844699146079,NA,252.959922917359,81.1633784450883,19.1521486030496,138.003988437604,0,0.964687074638943,96.4687074638937,0.75264329023612,39.8632710883662,31.7097358904016,269.026158201797,247.272920231478,1.57333646273982,358.74274277852
"China",100,0.08,TRUE,FALSE,250,"BEBCS",-77.1903194529436,40.3263371086127,4.10093085098182,NA,144.019737252917,81.1633784450883,19.1521486030496,61.602960587937,0,1.0131872210818,101.318722108178,0.75264329023612,24.2046224506701,27.7281002395882,163.976400102634,157.927497271703,1.59900975742609,358.74274277852
"Europe",100,0.08,TRUE,FALSE,250,"BEBCS",-127.740477993468,40.1702199937359,-41.9710319563437,NA,146.372892547443,81.1633784450883,19.1521486030496,86.9719338821258,0,0.810855288936463,81.0855288936452,0.75264329023612,45.6160700755379,10.5321630131486,225.173985379832,227.061973432541,1.272902922989,358.74274277852
"India",100,0.08,TRUE,FALSE,250,"BEBCS",-63.9134609375713,64.9951539384169,10.7467288971918,NA,124.063848103915,81.1633784450883,19.1521486030496,73.5865343473527,0,1.06224974662599,106.224974662599,0.75264329023612,28.9184964033034,28.3911836597616,167.814575472074,141.102519452348,1.99755239057263,358.74274277852
"US",150,0.08,TRUE,FALSE,250,"BEBCS",-103.525884481986,52.3720571910825,-19.1622244354978,NA,252.959922917359,81.1633784450883,19.1521486030496,138.003988437604,0,0.964687074638943,144.703061195841,0.75264329023612,39.8632710883662,31.7097358904016,269.026158201797,247.272920231478,1.57333646273982,358.74274277852
"China",150,0.08,TRUE,FALSE,250,"BEBCS",-24.5526631893661,86.9216535002551,54.01051006273,NA,144.019737252917,81.1633784450883,19.1521486030496,61.602960587937,0,1.0131872210818,151.978083162269,0.75264329023612,24.2046224506701,27.7281002395882,163.976400102634,157.927497271703,1.59900975742609,358.74274277852
"Europe",150,0.08,TRUE,FALSE,250,"BEBCS",-90.3614784539453,103.912692997812,-1.3048622220484,NA,146.372892547443,81.1633784450883,19.1521486030496,86.9719338821258,0,0.810855288936463,121.628293340469,0.75264329023612,45.6160700755379,10.5321630131486,225.173985379832,227.061973432541,1.272902922989,358.74274277852
"India",150,0.08,TRUE,FALSE,250,"BEBCS",-12.6198634799335,118.055775943018,63.8314398627826,NA,124.063848103915,81.1633784450883,19.1521486030496,73.5865343473527,0,1.06224974662599,159.3374619939,0.75264329023612,28.9184964033034,28.3911836597616,167.814575472074,141.102519452348,1.99755239057263,358.74274277852
"US",200,0.08,TRUE,FALSE,250,"BEBCS",-62.1818728826359,111.574885672207,28.9600210436123,NA,252.959922917359,81.1633784450883,19.1521486030496,138.003988437604,0,0.964687074638943,192.937414927787,0.75264329023612,39.8632710883662,31.7097358904016,269.026158201797,247.272920231478,1.57333646273982,358.74274277852
"China",200,0.08,TRUE,FALSE,250,"BEBCS",28.0849930742115,137.245393805093,103.920089274477,NA,144.019737252917,81.1633784450883,19.1521486030496,61.602960587937,0,1.0131872210818,202.637444216357,0.75264329023612,24.2046224506701,27.7281002395882,163.976400102634,157.927497271703,1.59900975742609,358.74274277852
"Europe",200,0.08,TRUE,FALSE,250,"BEBCS",-52.9824789144224,172.500467570003,39.3613075122465,NA,146.372892547443,81.1633784450883,19.1521486030496,86.9719338821258,0,0.810855288936463,162.17105778729,0.75264329023612,45.6160700755379,10.5321630131486,225.173985379832,227.061973432541,1.272902922989,358.74274277852
"India",200,0.08,TRUE,FALSE,250,"BEBCS",38.6737339777044,171.116397947619,116.916150828374,NA,124.063848103915,81.1633784450883,19.1521486030496,73.5865343473527,0,1.06224974662599,212.449949325198,0.75264329023612,28.9184964033034,28.3911836597616,167.814575472074,141.102519452348,1.99755239057263,358.74274277852
"US",0,0.15,TRUE,FALSE,250,"BEBCS",-280.688446930662,-186.608006164043,-223.819628956124,NA,252.959922917359,132.576014453012,20.1831186695239,138.003988437604,0,0.964687074638943,0,0.75264329023612,39.8632710883662,24.3229542708079,348.699566838005,302.196313661306,1.57333646273982,358.74274277852
"China",0,0.15,TRUE,FALSE,250,"BEBCS",-234.909238054496,-120.400295588877,-155.29407556779,NA,144.019737252917,132.576014453012,20.1831186695239,61.602960587937,0,1.0131872210818,0,0.75264329023612,24.2046224506701,21.2841707841932,242.449091259483,209.806659967453,1.59900975742609,358.74274277852
"Europe",0,0.15,TRUE,FALSE,250,"BEBCS",-256.522590043884,-140.921375134926,-177.828071361318,NA,146.372892547443,132.576014453012,20.1831186695239,86.9719338821258,0,0.810855288936463,0,0.75264329023612,45.6160700755379,8.52474351637191,297.591805917098,292.526680434863,1.272902922989,358.74274277852
"India",0,0.15,TRUE,FALSE,250,"BEBCS",-226.180051943419,-109.678963355593,-153.476804866397,NA,124.063848103915,132.576014453012,20.1831186695239,73.5865343473527,0,1.06224974662599,0,0.75264329023612,28.9184964033034,21.7012106043977,246.399441361508,190.495503803686,1.99755239057263,358.74274277852
"US",50,0.15,TRUE,FALSE,250,"BEBCS",-239.344435331312,-132.300325040189,-175.697383477014,NA,252.959922917359,132.576014453012,20.1831186695239,138.003988437604,0,0.964687074638943,48.2343537319468,0.75264329023612,39.8632710883662,24.3229542708079,348.699566838005,302.196313661306,1.57333646273982,358.74274277852
"China",50,0.15,TRUE,FALSE,250,"BEBCS",-182.271581790919,-73.804979197235,-105.384496356044,NA,144.019737252917,132.576014453012,20.1831186695239,61.602960587937,0,1.0131872210818,50.6593610540892,0.75264329023612,24.2046224506701,21.2841707841932,242.449091259483,209.806659967453,1.59900975742609,358.74274277852
"Europe",50,0.15,TRUE,FALSE,250,"BEBCS",-218.079484720945,-85.2619889501775,-137.161901627027,NA,146.372892547443,132.576014453012,20.1831186695239,86.9719338821258,0,0.810855288936463,40.5427644468226,0.75264329023612,45.6160700755379,8.52474351637191,297.591805917098,292.526680434863,1.272902922989,358.74274277852
"India",50,0.15,TRUE,FALSE,250,"BEBCS",-174.886454485781,-56.6183413509914,-100.392093900806,NA,124.063848103915,132.576014453012,20.1831186695239,73.5865343473527,0,1.06224974662599,53.1124873312995,0.75264329023612,28.9184964033034,21.7012106043977,246.399441361508,190.495503803686,1.99755239057263,358.74274277852
"US",100,0.15,TRUE,FALSE,250,"BEBCS",-198.000423731962,-73.0974965590647,-127.575137997905,NA,252.959922917359,132.576014453012,20.1831186695239,138.003988437604,0,0.964687074638943,96.4687074638937,0.75264329023612,39.8632710883662,24.3229542708079,348.699566838005,302.196313661306,1.57333646273982,358.74274277852
"China",100,0.15,TRUE,FALSE,250,"BEBCS",-129.633925527341,-27.2096628055926,-55.4749171442948,NA,144.019737252917,132.576014453012,20.1831186695239,61.602960587937,0,1.0131872210818,101.318722108178,0.75264329023612,24.2046224506701,21.2841707841932,242.449091259483,209.806659967453,1.59900975742609,358.74274277852
"Europe",100,0.15,TRUE,FALSE,250,"BEBCS",-180.184084067866,-24.1065833876469,-96.4957318927309,NA,146.372892547443,132.576014453012,20.1831186695239,86.9719338821258,0,0.810855288936463,81.0855288936452,0.75264329023612,45.6160700755379,8.52474351637191,297.591805917098,292.526680434863,1.272902922989,358.74274277852
"India",100,0.15,TRUE,FALSE,250,"BEBCS",-123.592857028143,-3.5577193463902,-47.307382935215,NA,124.063848103915,132.576014453012,20.1831186695239,73.5865343473527,0,1.06224974662599,106.224974662599,0.75264329023612,28.9184964033034,21.7012106043977,246.399441361508,190.495503803686,1.99755239057263,358.74274277852
"US",150,0.15,TRUE,FALSE,250,"BEBCS",-156.656412132611,-13.89466807794,-79.4528925187939,NA,252.959922917359,132.576014453012,20.1831186695239,138.003988437604,0,0.964687074638943,144.703061195841,0.75264329023612,39.8632710883662,24.3229542708079,348.699566838005,302.196313661306,1.57333646273982,358.74274277852
"China",150,0.15,TRUE,FALSE,250,"BEBCS",-76.9962692637637,19.5168355796363,-5.56533793254716,NA,144.019737252917,132.576014453012,20.1831186695239,61.602960587937,0,1.0131872210818,151.978083162269,0.75264329023612,24.2046224506701,21.2841707841932,242.449091259483,209.806659967453,1.59900975742609,358.74274277852
"Europe",150,0.15,TRUE,FALSE,250,"BEBCS",-142.805084528343,44.4811911845443,-55.8295621584364,NA,146.372892547443,132.576014453012,20.1831186695239,86.9719338821258,0,0.810855288936463,121.628293340469,0.75264329023612,45.6160700755379,8.52474351637191,297.591805917098,292.526680434863,1.272902922989,358.74274277852
"India",150,0.15,TRUE,FALSE,250,"BEBCS",-72.299259570505,49.502902658211,5.77732803037618,NA,124.063848103915,132.576014453012,20.1831186695239,73.5865343473527,0,1.06224974662599,159.3374619939,0.75264329023612,28.9184964033034,21.7012106043977,246.399441361508,190.495503803686,1.99755239057263,358.74274277852
"US",200,0.15,TRUE,FALSE,250,"BEBCS",-115.312400533261,45.3081604031847,-31.3306470396838,NA,252.959922917359,132.576014453012,20.1831186695239,138.003988437604,0,0.964687074638943,192.937414927787,0.75264329023612,39.8632710883662,24.3229542708079,348.699566838005,302.196313661306,1.57333646273982,358.74274277852
"China",200,0.15,TRUE,FALSE,250,"BEBCS",-26.6223057630052,73.5974192889619,44.3442412792007,NA,144.019737252917,132.576014453012,20.1831186695239,61.602960587937,0,1.0131872210818,202.637444216357,0.75264329023612,24.2046224506701,21.2841707841932,242.449091259483,209.806659967453,1.59900975742609,358.74274277852
"Europe",200,0.15,TRUE,FALSE,250,"BEBCS",-105.42608498882,114.900164873218,-15.1633924241424,NA,146.372892547443,132.576014453012,20.1831186695239,86.9719338821258,0,0.810855288936463,162.17105778729,0.75264329023612,45.6160700755379,8.52474351637191,297.591805917098,292.526680434863,1.272902922989,358.74274277852
"India",200,0.15,TRUE,FALSE,250,"BEBCS",-21.0056621128672,102.563524662812,58.8620389959667,NA,124.063848103915,132.576014453012,20.1831186695239,73.5865343473527,0,1.06224974662599,212.449949325198,0.75264329023612,28.9184964033034,21.7012106043977,246.399441361508,190.495503803686,1.99755239057263,358.74274277852
"US",0,0.02,FALSE,FALSE,250,"BEBCS",-189.961050279967,-57.3668660847716,-116.311491105743,NA,252.959922917359,45.2070426719704,18.4345858548583,138.003988437604,0,0.964687074638943,0,0.75264329023612,39.8632710883662,41.6348592289012,206.870853042807,208.86490240307,1.57333646273982,358.74274277852
"China",0,0.02,FALSE,FALSE,250,"BEBCS",-145.79173345879,8.31674733112193,-49.4612136444935,NA,144.019737252917,45.2070426719704,18.4345858548583,61.602960587937,0,1.0131872210818,0,0.75264329023612,24.2046224506701,36.3863763228618,103.434418538564,121.648314917699,1.59900975742609,358.74274277852
"Europe",0,0.02,FALSE,FALSE,250,"BEBCS",-167.405085448177,-11.5692569141788,-83.833246573543,NA,146.372892547443,45.2070426719704,18.4345858548583,86.9719338821258,0,0.810855288936463,0,0.75264329023612,45.6160700755379,13.2293980369599,172.767527619335,181.282397979159,1.272902922989,358.74274277852
"India",0,0.02,FALSE,FALSE,250,"BEBCS",-125.929961371281,17.1927510236268,-51.2103339885615,NA,124.063848103915,45.2070426719704,18.4345858548583,73.5865343473527,0,1.06224974662599,0,0.75264329023612,28.9184964033034,37.3800520364314,107.121872238711,106.561925634374,1.99755239057263,358.74274277852
"US",50,0.02,FALSE,FALSE,250,"BEBCS",-148.617038680617,-7.89543522706987,-68.1892456266335,NA,252.959922917359,45.2070426719704,18.4345858548583,138.003988437604,0,0.964687074638943,48.2343537319468,0.75264329023612,39.8632710883662,41.6348592289012,206.870853042807,208.86490240307,1.57333646273982,358.74274277852
"China",50,0.02,FALSE,FALSE,250,"BEBCS",-93.1540771952119,54.3694999930522,0.448365567254783,NA,144.019737252917,45.2070426719704,18.4345858548583,61.602960587937,0,1.0131872210818,50.6593610540892,0.75264329023612,24.2046224506701,36.3863763228618,103.434418538564,121.648314917699,1.59900975742609,358.74274277852
"Europe",50,0.02,FALSE,FALSE,250,"BEBCS",-128.961980125238,44.0901292705702,-43.167076839249,NA,146.372892547443,45.2070426719704,18.4345858548583,86.9719338821258,0,0.810855288936463,40.5427644468226,0.75264329023612,45.6160700755379,13.2293980369599,172.767527619335,181.282397979159,1.272902922989,358.74274277852
"India",50,0.02,FALSE,FALSE,250,"BEBCS",-70.0547097438361,70.2533730282279,1.87437697702969,NA,124.063848103915,45.2070426719704,18.4345858548583,73.5865343473527,0,1.06224974662599,53.1124873312995,0.75264329023612,28.9184964033034,37.3800520364314,107.121872238711,106.561925634374,1.99755239057263,358.74274277852
"US",100,0.02,FALSE,FALSE,250,"BEBCS",-107.273027081267,48.6403661786744,-20.0670001475233,NA,252.959922917359,45.2070426719704,18.4345858548583,138.003988437604,0,0.964687074638943,96.4687074638937,0.75264329023612,39.8632710883662,41.6348592289012,206.870853042807,208.86490240307,1.57333646273982,358.74274277852
"China",100,0.02,FALSE,FALSE,250,"BEBCS",-40.5164209316344,100.422252654982,50.3579447790019,NA,144.019737252917,45.2070426719704,18.4345858548583,61.602960587937,0,1.0131872210818,101.318722108178,0.75264329023612,24.2046224506701,36.3863763228618,103.434418538564,121.648314917699,1.59900975742609,358.74274277852
"Europe",100,0.02,FALSE,FALSE,250,"BEBCS",-91.0665794721589,99.7495154553191,-2.50090710495428,NA,146.372892547443,45.2070426719704,18.4345858548583,86.9719338821258,0,0.810855288936463,81.0855288936452,0.75264329023612,45.6160700755379,13.2293980369599,172.767527619335,181.282397979159,1.272902922989,358.74274277852
"India",100,0.02,FALSE,FALSE,250,"BEBCS",-18.6892110036739,123.313995032829,54.9590879426209,NA,124.063848103915,45.2070426719704,18.4345858548583,73.5865343473527,0,1.06224974662599,106.224974662599,0.75264329023612,28.9184964033034,37.3800520364314,107.121872238711,106.561925634374,1.99755239057263,358.74274277852
"US",150,0.02,FALSE,FALSE,250,"BEBCS",-65.9290154819165,107.745157403972,28.0552453315869,NA,252.959922917359,45.2070426719704,18.4345858548583,138.003988437604,0,0.964687074638943,144.703061195841,0.75264329023612,39.8632710883662,41.6348592289012,206.870853042807,208.86490240307,1.57333646273982,358.74274277852
"China",150,0.02,FALSE,FALSE,250,"BEBCS",12.1212353319432,146.475005316913,100.267523990751,NA,144.019737252917,45.2070426719704,18.4345858548583,61.602960587937,0,1.0131872210818,151.978083162269,0.75264329023612,24.2046224506701,36.3863763228618,103.434418538564,121.648314917699,1.59900975742609,358.74274277852
"Europe",150,0.02,FALSE,FALSE,250,"BEBCS",-53.687579932636,155.679686632071,38.1652626293403,NA,146.372892547443,45.2070426719704,18.4345858548583,86.9719338821258,0,0.810855288936463,121.628293340469,0.75264329023612,45.6160700755379,13.2293980369599,172.767527619335,181.282397979159,1.272902922989,358.74274277852
"India",150,0.02,FALSE,FALSE,250,"BEBCS",32.6762877364883,176.37461703743,108.043798908212,NA,124.063848103915,45.2070426719704,18.4345858548583,73.5865343473527,0,1.06224974662599,159.3374619939,0.75264329023612,28.9184964033034,37.3800520364314,107.121872238711,106.561925634374,1.99755239057263,358.74274277852
"US",200,0.02,FALSE,FALSE,250,"BEBCS",-24.5850038825662,166.84994862927,76.1774908106971,NA,252.959922917359,45.2070426719704,18.4345858548583,138.003988437604,0,0.964687074638943,192.937414927787,0.75264329023612,39.8632710883662,41.6348592289012,206.870853042807,208.86490240307,1.57333646273982,358.74274277852
"China",200,0.02,FALSE,FALSE,250,"BEBCS",64.7588915955207,196.745035798977,150.177103202498,NA,144.019737252917,45.2070426719704,18.4345858548583,61.602960587937,0,1.0131872210818,202.637444216357,0.75264329023612,24.2046224506701,36.3863763228618,103.434418538564,121.648314917699,1.59900975742609,358.74274277852
"Europe",200,0.02,FALSE,FALSE,250,"BEBCS",-16.3085803931131,218.563533208543,78.8314323636352,NA,146.372892547443,45.2070426719704,18.4345858548583,86.9719338821258,0,0.810855288936463,162.17105778729,0.75264329023612,45.6160700755379,13.2293980369599,172.767527619335,181.282397979159,1.272902922989,358.74274277852
"India",200,0.02,FALSE,FALSE,250,"BEBCS",84.0417864766505,229.435239042031,161.128509873802,NA,124.063848103915,45.2070426719704,18.4345858548583,73.5865343473527,0,1.06224974662599,212.449949325198,0.75264329023612,28.9184964033034,37.3800520364314,107.121872238711,106.561925634374,1.99755239057263,358.74274277852
"US",0,0.08,FALSE,FALSE,250,"BEBCS",-227.557919280037,-117.044127432261,-163.528960872829,NA,252.959922917359,81.1633784450883,19.1521486030496,138.003988437604,0,0.964687074638943,0,0.75264329023612,39.8632710883662,31.7097358904016,269.026158201797,247.272920231478,1.57333646273982,358.74274277852
"China",0,0.08,FALSE,FALSE,250,"BEBCS",-182.465631980099,-51.8249643739496,-95.7182275725139,NA,144.019737252917,81.1633784450883,19.1521486030496,61.602960587937,0,1.0131872210818,0,0.75264329023612,24.2046224506701,27.7281002395882,163.976400102634,157.927497271703,1.59900975742609,358.74274277852
"Europe",0,0.08,FALSE,FALSE,250,"BEBCS",-204.078983969487,-71.3101433650119,-123.303371424931,NA,146.372892547443,81.1633784450883,19.1521486030496,86.9719338821258,0,0.810855288936463,0,0.75264329023612,45.6160700755379,10.5321630131486,225.173985379832,227.061973432541,1.272902922989,358.74274277852
"India",0,0.08,FALSE,FALSE,250,"BEBCS",-166.500655852847,-41.1260900707854,-95.4226930339896,NA,124.063848103915,81.1633784450883,19.1521486030496,73.5865343473527,0,1.06224974662599,0,0.75264329023612,28.9184964033034,28.3911836597616,167.814575472074,141.102519452348,1.99755239057263,358.74274277852
"US",50,0.08,FALSE,FALSE,250,"BEBCS",-186.213907680687,-65.2763869800344,-115.406715393718,NA,252.959922917359,81.1633784450883,19.1521486030496,138.003988437604,0,0.964687074638943,48.2343537319468,0.75264329023612,39.8632710883662,31.7097358904016,269.026158201797,247.272920231478,1.57333646273982,358.74274277852
"China",50,0.08,FALSE,FALSE,250,"BEBCS",-129.827975716521,-5.77221171201933,-45.8086483607659,NA,144.019737252917,81.1633784450883,19.1521486030496,61.602960587937,0,1.0131872210818,50.6593610540892,0.75264329023612,24.2046224506701,27.7281002395882,163.976400102634,157.927497271703,1.59900975742609,358.74274277852
"Europe",50,0.08,FALSE,FALSE,250,"BEBCS",-165.635878646547,-15.6507571802629,-82.6372016906393,NA,146.372892547443,81.1633784450883,19.1521486030496,86.9719338821258,0,0.810855288936463,40.5427644468226,0.75264329023612,45.6160700755379,10.5321630131486,225.173985379832,227.061973432541,1.272902922989,358.74274277852
"India",50,0.08,FALSE,FALSE,250,"BEBCS",-115.207058395209,11.9345319338158,-42.3379820683992,NA,124.063848103915,81.1633784450883,19.1521486030496,73.5865343473527,0,1.06224974662599,53.1124873312995,0.75264329023612,28.9184964033034,28.3911836597616,167.814575472074,141.102519452348,1.99755239057263,358.74274277852
"US",100,0.08,FALSE,FALSE,250,"BEBCS",-144.869896081337,-6.83077129004218,-67.2844699146079,NA,252.959922917359,81.1633784450883,19.1521486030496,138.003988437604,0,0.964687074638943,96.4687074638937,0.75264329023612,39.8632710883662,31.7097358904016,269.026158201797,247.272920231478,1.57333646273982,358.74274277852
"China",100,0.08,FALSE,FALSE,250,"BEBCS",-77.1903194529436,40.3263371086127,4.10093085098182,NA,144.019737252917,81.1633784450883,19.1521486030496,61.602960587937,0,1.0131872210818,101.318722108178,0.75264329023612,24.2046224506701,27.7281002395882,163.976400102634,157.927497271703,1.59900975742609,358.74274277852
"Europe",100,0.08,FALSE,FALSE,250,"BEBCS",-127.740477993468,40.1702199937359,-41.9710319563437,NA,146.372892547443,81.1633784450883,19.1521486030496,86.9719338821258,0,0.810855288936463,81.0855288936452,0.75264329023612,45.6160700755379,10.5321630131486,225.173985379832,227.061973432541,1.272902922989,358.74274277852
"India",100,0.08,FALSE,FALSE,250,"BEBCS",-63.9134609375713,64.9951539384169,10.7467288971918,NA,124.063848103915,81.1633784450883,19.1521486030496,73.5865343473527,0,1.06224974662599,106.224974662599,0.75264329023612,28.9184964033034,28.3911836597616,167.814575472074,141.102519452348,1.99755239057263,358.74274277852
"US",150,0.08,FALSE,FALSE,250,"BEBCS",-103.525884481986,52.3720571910825,-19.1622244354978,NA,252.959922917359,81.1633784450883,19.1521486030496,138.003988437604,0,0.964687074638943,144.703061195841,0.75264329023612,39.8632710883662,31.7097358904016,269.026158201797,247.272920231478,1.57333646273982,358.74274277852
"China",150,0.08,FALSE,FALSE,250,"BEBCS",-24.5526631893661,86.9216535002551,54.01051006273,NA,144.019737252917,81.1633784450883,19.1521486030496,61.602960587937,0,1.0131872210818,151.978083162269,0.75264329023612,24.2046224506701,27.7281002395882,163.976400102634,157.927497271703,1.59900975742609,358.74274277852
"Europe",150,0.08,FALSE,FALSE,250,"BEBCS",-90.3614784539453,103.912692997812,-1.3048622220484,NA,146.372892547443,81.1633784450883,19.1521486030496,86.9719338821258,0,0.810855288936463,121.628293340469,0.75264329023612,45.6160700755379,10.5321630131486,225.173985379832,227.061973432541,1.272902922989,358.74274277852
"India",150,0.08,FALSE,FALSE,250,"BEBCS",-12.6198634799335,118.055775943018,63.8314398627826,NA,124.063848103915,81.1633784450883,19.1521486030496,73.5865343473527,0,1.06224974662599,159.3374619939,0.75264329023612,28.9184964033034,28.3911836597616,167.814575472074,141.102519452348,1.99755239057263,358.74274277852
"US",200,0.08,FALSE,FALSE,250,"BEBCS",-62.1818728826359,111.574885672207,28.9600210436123,NA,252.959922917359,81.1633784450883,19.1521486030496,138.003988437604,0,0.964687074638943,192.937414927787,0.75264329023612,39.8632710883662,31.7097358904016,269.026158201797,247.272920231478,1.57333646273982,358.74274277852
"China",200,0.08,FALSE,FALSE,250,"BEBCS",28.0849930742115,137.245393805093,103.920089274477,NA,144.019737252917,81.1633784450883,19.1521486030496,61.602960587937,0,1.0131872210818,202.637444216357,0.75264329023612,24.2046224506701,27.7281002395882,163.976400102634,157.927497271703,1.59900975742609,358.74274277852
"Europe",200,0.08,FALSE,FALSE,250,"BEBCS",-52.9824789144224,172.500467570003,39.3613075122465,NA,146.372892547443,81.1633784450883,19.1521486030496,86.9719338821258,0,0.810855288936463,162.17105778729,0.75264329023612,45.6160700755379,10.5321630131486,225.173985379832,227.061973432541,1.272902922989,358.74274277852
"India",200,0.08,FALSE,FALSE,250,"BEBCS",38.6737339777044,171.116397947619,116.916150828374,NA,124.063848103915,81.1633784450883,19.1521486030496,73.5865343473527,0,1.06224974662599,212.449949325198,0.75264329023612,28.9184964033034,28.3911836597616,167.814575472074,141.102519452348,1.99755239057263,358.74274277852
"US",0,0.15,FALSE,FALSE,250,"BEBCS",-280.688446930662,-186.608006164043,-223.819628956124,NA,252.959922917359,132.576014453012,20.1831186695239,138.003988437604,0,0.964687074638943,0,0.75264329023612,39.8632710883662,24.3229542708079,348.699566838005,302.196313661306,1.57333646273982,358.74274277852
"China",0,0.15,FALSE,FALSE,250,"BEBCS",-234.909238054496,-120.400295588877,-155.29407556779,NA,144.019737252917,132.576014453012,20.1831186695239,61.602960587937,0,1.0131872210818,0,0.75264329023612,24.2046224506701,21.2841707841932,242.449091259483,209.806659967453,1.59900975742609,358.74274277852
"Europe",0,0.15,FALSE,FALSE,250,"BEBCS",-256.522590043884,-140.921375134926,-177.828071361318,NA,146.372892547443,132.576014453012,20.1831186695239,86.9719338821258,0,0.810855288936463,0,0.75264329023612,45.6160700755379,8.52474351637191,297.591805917098,292.526680434863,1.272902922989,358.74274277852
"India",0,0.15,FALSE,FALSE,250,"BEBCS",-226.180051943419,-109.678963355593,-153.476804866397,NA,124.063848103915,132.576014453012,20.1831186695239,73.5865343473527,0,1.06224974662599,0,0.75264329023612,28.9184964033034,21.7012106043977,246.399441361508,190.495503803686,1.99755239057263,358.74274277852
"US",50,0.15,FALSE,FALSE,250,"BEBCS",-239.344435331312,-132.300325040189,-175.697383477014,NA,252.959922917359,132.576014453012,20.1831186695239,138.003988437604,0,0.964687074638943,48.2343537319468,0.75264329023612,39.8632710883662,24.3229542708079,348.699566838005,302.196313661306,1.57333646273982,358.74274277852
"China",50,0.15,FALSE,FALSE,250,"BEBCS",-182.271581790919,-73.804979197235,-105.384496356044,NA,144.019737252917,132.576014453012,20.1831186695239,61.602960587937,0,1.0131872210818,50.6593610540892,0.75264329023612,24.2046224506701,21.2841707841932,242.449091259483,209.806659967453,1.59900975742609,358.74274277852
"Europe",50,0.15,FALSE,FALSE,250,"BEBCS",-218.079484720945,-85.2619889501775,-137.161901627027,NA,146.372892547443,132.576014453012,20.1831186695239,86.9719338821258,0,0.810855288936463,40.5427644468226,0.75264329023612,45.6160700755379,8.52474351637191,297.591805917098,292.526680434863,1.272902922989,358.74274277852
"India",50,0.15,FALSE,FALSE,250,"BEBCS",-174.886454485781,-56.6183413509914,-100.392093900806,NA,124.063848103915,132.576014453012,20.1831186695239,73.5865343473527,0,1.06224974662599,53.1124873312995,0.75264329023612,28.9184964033034,21.7012106043977,246.399441361508,190.495503803686,1.99755239057263,358.74274277852
"US",100,0.15,FALSE,FALSE,250,"BEBCS",-198.000423731962,-73.0974965590647,-127.575137997905,NA,252.959922917359,132.576014453012,20.1831186695239,138.003988437604,0,0.964687074638943,96.4687074638937,0.75264329023612,39.8632710883662,24.3229542708079,348.699566838005,302.196313661306,1.57333646273982,358.74274277852
"China",100,0.15,FALSE,FALSE,250,"BEBCS",-129.633925527341,-27.2096628055926,-55.4749171442948,NA,144.019737252917,132.576014453012,20.1831186695239,61.602960587937,0,1.0131872210818,101.318722108178,0.75264329023612,24.2046224506701,21.2841707841932,242.449091259483,209.806659967453,1.59900975742609,358.74274277852
"Europe",100,0.15,FALSE,FALSE,250,"BEBCS",-180.184084067866,-24.1065833876469,-96.4957318927309,NA,146.372892547443,132.576014453012,20.1831186695239,86.9719338821258,0,0.810855288936463,81.0855288936452,0.75264329023612,45.6160700755379,8.52474351637191,297.591805917098,292.526680434863,1.272902922989,358.74274277852
"India",100,0.15,FALSE,FALSE,250,"BEBCS",-123.592857028143,-3.5577193463902,-47.307382935215,NA,124.063848103915,132.576014453012,20.1831186695239,73.5865343473527,0,1.06224974662599,106.224974662599,0.75264329023612,28.9184964033034,21.7012106043977,246.399441361508,190.495503803686,1.99755239057263,358.74274277852
"US",150,0.15,FALSE,FALSE,250,"BEBCS",-156.656412132611,-13.89466807794,-79.4528925187939,NA,252.959922917359,132.576014453012,20.1831186695239,138.003988437604,0,0.964687074638943,144.703061195841,0.75264329023612,39.8632710883662,24.3229542708079,348.699566838005,302.196313661306,1.57333646273982,358.74274277852
"China",150,0.15,FALSE,FALSE,250,"BEBCS",-76.9962692637637,19.5168355796363,-5.56533793254716,NA,144.019737252917,132.576014453012,20.1831186695239,61.602960587937,0,1.0131872210818,151.978083162269,0.75264329023612,24.2046224506701,21.2841707841932,242.449091259483,209.806659967453,1.59900975742609,358.74274277852
"Europe",150,0.15,FALSE,FALSE,250,"BEBCS",-142.805084528343,44.4811911845443,-55.8295621584364,NA,146.372892547443,132.576014453012,20.1831186695239,86.9719338821258,0,0.810855288936463,121.628293340469,0.75264329023612,45.6160700755379,8.52474351637191,297.591805917098,292.526680434863,1.272902922989,358.74274277852
"India",150,0.15,FALSE,FALSE,250,"BEBCS",-72.299259570505,49.502902658211,5.77732803037618,NA,124.063848103915,132.576014453012,20.1831186695239,73.5865343473527,0,1.06224974662599,159.3374619939,0.75264329023612,28.9184964033034,21.7012106043977,246.399441361508,190.495503803686,1.99755239057263,358.74274277852
"US",200,0.15,FALSE,FALSE,250,"BEBCS",-115.312400533261,45.3081604031847,-31.3306470396838,NA,252.959922917359,132.576014453012,20.1831186695239,138.003988437604,0,0.964687074638943,192.937414927787,0.75264329023612,39.8632710883662,24.3229542708079,348.699566838005,302.196313661306,1.57333646273982,358.74274277852
"China",200,0.15,FALSE,FALSE,250,"BEBCS",-26.6223057630052,73.5974192889619,44.3442412792007,NA,144.019737252917,132.576014453012,20.1831186695239,61.602960587937,0,1.0131872210818,202.637444216357,0.75264329023612,24.2046224506701,21.2841707841932,242.449091259483,209.806659967453,1.59900975742609,358.74274277852
"Europe",200,0.15,FALSE,FALSE,250,"BEBCS",-105.42608498882,114.900164873218,-15.1633924241424,NA,146.372892547443,132.576014453012,20.1831186695239,86.9719338821258,0,0.810855288936463,162.17105778729,0.75264329023612,45.6160700755379,8.52474351637191,297.591805917098,292.526680434863,1.272902922989,358.74274277852
"India",200,0.15,FALSE,FALSE,250,"BEBCS",-21.0056621128672,102.563524662812,58.8620389959667,NA,124.063848103915,132.576014453012,20.1831186695239,73.5865343473527,0,1.06224974662599,212.449949325198,0.75264329023612,28.9184964033034,21.7012106043977,246.399441361508,190.495503803686,1.99755239057263,358.74274277852
